training_seed,domain,pair_index,baseline_success,final_success,baseline_fell,final_fell,baseline_intervention_per_riser,final_intervention_per_riser
42,DQHMED,0,0,0,1,1,0.5,1.3333333730697632
42,DQHMED,1,0,0,1,1,1.0,1.875
42,DQHMED,2,0,0,1,1,0.3333333432674408,1.1666667461395264
42,DQHMED,3,0,0,1,1,5.75,2.0
42,DQHMED,4,0,0,1,1,1.6666666269302368,1.1428571939468384
42,DQHMED,5,0,0,1,1,1.2727272510528564,1.6666666269302368
42,DQHMED,6,0,0,1,1,1.1818182468414307,0.7272727489471436
42,DQHMED,7,0,0,1,1,3.1666667461395264,1.0909091234207153
42,DQHMED,8,0,0,1,1,1.2222222089767456,1.75
42,DQHMED,9,0,0,1,1,3.875,0.9090909361839294
42,DQHMED,10,0,1,1,0,0.9000000357627869,1.1818182468414307
42,DQHMED,11,0,0,1,1,2.5,2.3333332538604736
42,DQHMED,12,1,0,0,1,0.9090909361839294,4.5
42,DQHMED,13,1,1,0,0,0.7272727489471436,0.8181818723678589
42,DQHMED,14,0,1,1,0,2.0,0.8181818723678589
42,DQHMED,15,1,1,0,0,1.0909091234207153,1.0909091234207153
42,DQHMED,16,1,1,0,0,1.0,0.8181818723678589
42,DQHMED,17,0,1,1,0,3.125,1.2727272510528564
42,DQHMED,18,1,0,0,1,1.454545497894287,0.5454545617103577
42,DQHMED,19,1,1,0,0,0.8181818723678589,1.0909091234207153
42,DQHMED,20,0,1,1,0,0.6363636255264282,0.7272727489471436
42,DQHMED,21,1,1,0,0,0.7272727489471436,0.8181818723678589
42,DQHMED,22,0,0,1,1,4.285714626312256,3.545454740524292
42,DQHMED,23,1,0,0,1,1.1818182468414307,1.5454546213150024
42,DQHMED,24,1,1,0,0,1.0,1.2727272510528564
42,DQHMED,25,1,1,0,0,1.0,0.8181818723678589
42,DQHMED,26,0,0,1,1,2.1818182468414307,3.299999952316284
42,DQHMED,27,1,1,0,0,1.0,1.0
42,DQHMED,28,1,1,0,0,1.3636363744735718,0.9090909361839294
42,DQHMED,29,1,1,0,0,0.9090909361839294,1.3636363744735718
42,DQHMED,30,1,1,0,0,0.8181818723678589,1.0
42,DQHMED,31,1,1,0,0,1.0,1.1818182468414307
42,DQHMED,32,1,1,0,0,0.6363636255264282,0.6363636255264282
42,DQHMED,33,1,1,0,0,0.9090909361839294,0.9090909361839294
42,DQHMED,34,1,1,0,0,0.7272727489471436,1.0
42,DQHMED,35,1,1,0,0,0.8181818723678589,1.454545497894287
42,DQHMED,36,1,1,0,0,1.5454546213150024,1.0
42,DQHMED,37,1,1,0,0,0.7272727489471436,0.7272727489471436
42,DQHMED,38,1,1,0,0,0.8181818723678589,1.1818182468414307
42,DQHMED,39,1,1,0,0,1.0909091234207153,0.7272727489471436
42,DQHMED,40,0,0,1,1,1.1818182468414307,1.2727272510528564
42,DQHMED,41,1,1,0,0,0.9090909361839294,1.6363637447357178
42,DQHMED,42,1,1,0,0,0.8181818723678589,0.8181818723678589
42,DQHMED,43,1,1,0,0,1.1818182468414307,0.9090909361839294
42,DQHMED,44,1,1,0,0,0.27272728085517883,1.0
42,DQHMED,45,1,1,0,0,0.6363636255264282,1.0
42,DQHMED,46,1,1,0,0,0.5454545617103577,0.4545454680919647
42,DQHMED,47,1,1,0,0,1.454545497894287,1.0909091234207153
42,DQHMED,48,1,1,0,0,0.9090909361839294,1.0
42,DQHMED,49,1,1,0,0,0.6363636255264282,1.2727272510528564
42,DQHMED,50,1,1,0,0,0.5454545617103577,0.3636363744735718
42,DQHMED,51,1,1,0,0,1.1818182468414307,1.454545497894287
42,DQHMED,52,1,1,0,0,1.5454546213150024,0.8181818723678589
42,DQHMED,53,1,1,0,0,1.3636363744735718,1.0
42,DQHMED,54,1,1,0,0,1.1818182468414307,1.2727272510528564
42,DQHMED,55,1,1,0,0,0.7272727489471436,0.6363636255264282
42,DQHMED,56,1,1,0,0,1.2727272510528564,1.0
42,DQHMED,57,1,1,0,0,0.6363636255264282,0.27272728085517883
42,DQHMED,58,1,1,0,0,1.1818182468414307,1.0909091234207153
42,DQHMED,59,1,1,0,0,0.9090909361839294,1.0
42,DQHMED,60,1,1,0,0,1.1818182468414307,0.7272727489471436
42,DQHMED,61,1,1,0,0,0.8181818723678589,1.0909091234207153
42,DQHMED,62,1,1,0,0,0.7272727489471436,2.090909242630005
42,DQHMED,63,1,0,0,1,0.8181818723678589,1.0
42,DQHMED,64,1,1,0,0,1.0909091234207153,1.6363637447357178
42,DQHMED,65,1,1,0,0,1.5454546213150024,1.5454546213150024
42,DQHMED,66,0,1,1,0,3.125,1.2727272510528564
42,DQHMED,67,1,1,0,0,0.4545454680919647,2.1818182468414307
42,DQHMED,68,1,1,0,0,1.7272727489471436,0.9090909361839294
42,DQHMED,69,1,1,0,0,1.1818182468414307,0.7272727489471436
42,DQHMED,70,1,0,0,1,1.454545497894287,3.2727274894714355
42,DQHMED,71,1,1,0,0,0.9090909361839294,1.3636363744735718
42,DQHMED,72,1,1,0,0,0.7272727489471436,1.6363637447357178
42,DQHMED,73,0,1,1,0,3.857142925262451,1.6363637447357178
42,DQHMED,74,1,1,0,0,1.0,1.9090909957885742
42,DQHMED,75,1,0,0,1,0.7272727489471436,3.9000000953674316
42,DQHMED,76,1,1,0,0,0.9090909361839294,1.0909091234207153
42,DQHMED,77,1,0,0,1,0.7272727489471436,2.2727272510528564
42,DQHMED,78,0,1,1,0,3.3636364936828613,1.0
42,DQHMED,79,1,0,0,1,0.4545454680919647,0.7272727489471436
42,DQHMED,80,1,1,0,0,1.0,0.9090909361839294
42,DQHMED,81,1,1,0,0,1.0,1.0909091234207153
42,DQHMED,82,1,1,0,0,1.2727272510528564,1.0
42,DQHMED,83,1,1,0,0,1.1818182468414307,0.5454545617103577
42,DQHMED,84,1,1,0,0,1.1818182468414307,1.0909091234207153
42,DQHMED,85,1,1,0,0,0.7272727489471436,0.8181818723678589
42,DQHMED,86,1,1,0,0,0.6363636255264282,0.6363636255264282
42,DQHMED,87,1,1,0,0,1.2727272510528564,0.7272727489471436
42,DQHMED,88,0,1,1,0,2.2727272510528564,1.0
42,DQHMED,89,1,1,0,0,1.1818182468414307,1.8181818723678589
42,DQHMED,90,1,1,0,0,1.5454546213150024,1.1818182468414307
42,DQHMED,91,1,1,0,0,1.0909091234207153,1.3636363744735718
42,DQHMED,92,1,1,0,0,0.9090909361839294,1.1818182468414307
42,DQHMED,93,1,1,0,0,0.7272727489471436,1.6363637447357178
42,DQHMED,94,1,1,0,0,0.8181818723678589,1.454545497894287
42,DQHMED,95,1,1,0,0,1.0,2.3636364936828613
42,DQHMED,96,1,1,0,0,0.8181818723678589,1.2727272510528564
42,DQHMED,97,1,1,0,0,1.1818182468414307,1.5454546213150024
42,DQHMED,98,1,1,0,0,1.3636363744735718,0.6363636255264282
42,DQHMED,99,0,1,1,0,4.2727274894714355,1.8181818723678589
42,DQHMED,100,1,1,0,0,0.8181818723678589,1.8181818723678589
42,DQHMED,101,1,1,0,0,1.3636363744735718,0.6363636255264282
42,DQHMED,102,1,1,0,0,1.0,0.5454545617103577
42,DQHMED,103,1,1,0,0,1.0909091234207153,1.0909091234207153
42,DQHMED,104,1,1,0,0,0.8181818723678589,2.3636364936828613
42,DQHMED,105,1,1,0,0,1.2727272510528564,1.0909091234207153
42,DQHMED,106,1,1,0,0,1.1818182468414307,1.0
42,DQHMED,107,1,1,0,0,1.454545497894287,0.8181818723678589
42,DQHMED,108,1,1,0,0,1.0,1.1818182468414307
42,DQHMED,109,1,1,0,0,3.2727274894714355,0.3636363744735718
42,DQHMED,110,1,1,0,0,1.454545497894287,1.454545497894287
42,DQHMED,111,1,1,0,0,1.454545497894287,1.0
42,DQHMED,112,1,1,0,0,1.1818182468414307,1.1818182468414307
42,DQHMED,113,1,1,0,0,1.2727272510528564,1.454545497894287
42,DQHMED,114,1,1,0,0,0.4545454680919647,1.5454546213150024
42,DQHMED,115,1,1,0,0,1.5454546213150024,1.9090909957885742
42,DQHMED,116,1,1,0,0,1.6363637447357178,1.3636363744735718
42,DQHMED,117,1,1,0,0,1.6363637447357178,1.1818182468414307
42,DQHMED,118,1,1,0,0,2.545454502105713,1.3636363744735718
42,DQHMED,119,1,1,0,0,2.2727272510528564,1.7272727489471436
42,DQHMED,120,1,1,0,0,1.3636363744735718,0.7272727489471436
42,DQHMED,121,1,1,0,0,2.0,1.6363637447357178
42,DQHMED,122,1,1,0,0,1.0909091234207153,1.6363637447357178
42,DQHMED,123,1,1,0,0,1.2727272510528564,1.7272727489471436
42,DQHMED,124,1,1,0,0,2.1818182468414307,2.090909242630005
42,DQHMED,125,1,1,0,0,2.454545497894287,1.7272727489471436
42,DQHMED,126,1,1,0,0,1.9090909957885742,1.3636363744735718
42,DQHMED,127,0,1,1,0,1.6363637447357178,1.2727272510528564
42,DQHMED,128,0,0,1,1,4.5,1.5
42,DQHMED,129,0,0,1,1,1.125,2.6000001430511475
42,DQHMED,130,0,0,1,1,1.875,1.5
42,DQHMED,131,0,0,1,1,0.4285714626312256,1.1111111640930176
42,DQHMED,132,0,0,1,1,1.3636363744735718,1.600000023841858
42,DQHMED,133,0,0,1,1,1.7000000476837158,1.2222222089767456
42,DQHMED,134,0,0,1,1,1.1818182468414307,1.375
42,DQHMED,135,0,0,1,1,1.3000000715255737,1.9090909957885742
42,DQHMED,136,0,0,1,1,4.5,1.5555555820465088
42,DQHMED,137,0,0,1,1,6.0,1.2222222089767456
42,DQHMED,138,0,0,1,1,1.0,3.125
42,DQHMED,139,0,0,1,1,0.4000000059604645,2.0
42,DQHMED,140,0,1,1,0,0.8181818723678589,1.6363637447357178
42,DQHMED,141,0,1,1,0,0.5454545617103577,0.9090909361839294
42,DQHMED,142,0,1,1,0,2.299999952316284,1.1818182468414307
42,DQHMED,143,0,1,1,0,4.75,1.0909091234207153
42,DQHMED,144,0,1,1,0,3.8888888359069824,1.454545497894287
42,DQHMED,145,1,0,0,1,1.1818182468414307,1.7272727489471436
42,DQHMED,146,1,1,0,0,0.9090909361839294,0.8181818723678589
42,DQHMED,147,1,1,0,0,1.0,0.7272727489471436
42,DQHMED,148,1,1,0,0,1.5454546213150024,1.1818182468414307
42,DQHMED,149,1,0,0,1,1.1818182468414307,2.142857313156128
42,DQHMED,150,1,1,0,0,1.6363637447357178,1.1818182468414307
42,DQHMED,151,0,1,1,0,0.7272727489471436,0.27272728085517883
42,DQHMED,152,1,1,0,0,0.7272727489471436,0.7272727489471436
42,DQHMED,153,1,1,0,0,0.6363636255264282,0.7272727489471436
42,DQHMED,154,1,0,0,1,1.0,3.2727274894714355
42,DQHMED,155,0,1,1,0,4.375,0.27272728085517883
42,DQHMED,156,0,1,1,0,1.0,0.8181818723678589
42,DQHMED,157,0,1,1,0,0.9090909361839294,1.0
42,DQHMED,158,1,1,0,0,1.0,0.9090909361839294
42,DQHMED,159,1,1,0,0,0.8181818723678589,0.7272727489471436
42,DQHMED,160,1,1,0,0,1.0909091234207153,0.9090909361839294
42,DQHMED,161,1,1,0,0,0.8181818723678589,0.5454545617103577
42,DQHMED,162,1,1,0,0,0.6363636255264282,0.7272727489471436
42,DQHMED,163,1,1,0,0,0.6363636255264282,1.1818182468414307
42,DQHMED,164,0,1,1,0,3.0,1.0
42,DQHMED,165,1,1,0,0,0.9090909361839294,1.0
42,DQHMED,166,1,1,0,0,0.9090909361839294,0.27272728085517883
42,DQHMED,167,1,1,0,0,0.6363636255264282,0.8181818723678589
42,DQHMED,168,1,1,0,0,0.7272727489471436,1.0
42,DQHMED,169,0,1,1,0,2.0,0.8181818723678589
42,DQHMED,170,1,1,0,0,1.3636363744735718,0.4545454680919647
42,DQHMED,171,1,1,0,0,0.6363636255264282,1.3636363744735718
42,DQHMED,172,1,1,0,0,0.6363636255264282,0.8181818723678589
42,DQHMED,173,1,1,0,0,1.0909091234207153,1.3636363744735718
42,DQHMED,174,1,1,0,0,1.0909091234207153,1.0
42,DQHMED,175,1,1,0,0,0.7272727489471436,1.0909091234207153
42,DQHMED,176,1,1,0,0,0.9090909361839294,0.7272727489471436
42,DQHMED,177,1,1,0,0,1.2727272510528564,1.1818182468414307
42,DQHMED,178,1,1,0,0,0.5454545617103577,0.4545454680919647
42,DQHMED,179,1,1,0,0,0.1818181872367859,0.3636363744735718
42,DQHMED,180,1,1,0,0,0.5454545617103577,1.3636363744735718
42,DQHMED,181,1,1,0,0,0.8181818723678589,0.5454545617103577
42,DQHMED,182,1,1,0,0,0.8181818723678589,1.9090909957885742
42,DQHMED,183,1,1,0,0,1.0,1.3636363744735718
42,DQHMED,184,1,1,0,0,0.6363636255264282,0.7272727489471436
42,DQHMED,185,1,1,0,0,0.9090909361839294,1.0909091234207153
42,DQHMED,186,1,1,0,0,0.9090909361839294,0.1818181872367859
42,DQHMED,187,1,1,0,0,0.7272727489471436,1.0
42,DQHMED,188,1,1,0,0,0.9090909361839294,1.6363637447357178
42,DQHMED,189,1,1,0,0,0.7272727489471436,1.3636363744735718
42,DQHMED,190,0,1,1,0,2.090909242630005,1.0909091234207153
42,DQHMED,191,1,0,0,1,0.6363636255264282,2.375
42,DQHMED,192,1,1,0,0,1.7272727489471436,1.0
42,DQHMED,193,1,1,0,0,0.9090909361839294,0.9090909361839294
42,DQHMED,194,1,1,0,0,0.5454545617103577,0.4545454680919647
42,DQHMED,195,1,1,0,0,0.8181818723678589,1.3636363744735718
42,DQHMED,196,1,1,0,0,0.8181818723678589,0.6363636255264282
42,DQHMED,197,1,0,0,1,1.0909091234207153,0.9090909361839294
42,DQHMED,198,1,1,0,0,0.9090909361839294,1.6363637447357178
42,DQHMED,199,1,1,0,0,0.9090909361839294,0.1818181872367859
42,DQHMED,200,1,1,0,0,1.2727272510528564,1.2727272510528564
42,DQHMED,201,1,1,0,0,0.8181818723678589,0.27272728085517883
42,DQHMED,202,1,1,0,0,0.4545454680919647,1.2727272510528564
42,DQHMED,203,1,1,0,0,1.3636363744735718,0.6363636255264282
42,DQHMED,204,1,1,0,0,1.2727272510528564,1.0909091234207153
42,DQHMED,205,1,1,0,0,0.9090909361839294,0.7272727489471436
42,DQHMED,206,1,1,0,0,1.454545497894287,0.7272727489471436
42,DQHMED,207,0,1,1,0,2.444444417953491,0.4545454680919647
42,DQHMED,208,1,1,0,0,0.9090909361839294,1.1818182468414307
42,DQHMED,209,1,1,0,0,1.0909091234207153,1.0
42,DQHMED,210,1,1,0,0,1.0909091234207153,0.6363636255264282
42,DQHMED,211,1,1,0,0,1.1818182468414307,1.3636363744735718
42,DQHMED,212,1,1,0,0,1.2727272510528564,1.1818182468414307
42,DQHMED,213,1,1,0,0,1.0909091234207153,1.0
42,DQHMED,214,1,1,0,0,0.7272727489471436,1.0
42,DQHMED,215,1,1,0,0,1.2727272510528564,0.7272727489471436
42,DQHMED,216,1,1,0,0,0.6363636255264282,1.5454546213150024
42,DQHMED,217,1,1,0,0,1.9090909957885742,1.5454546213150024
42,DQHMED,218,1,1,0,0,0.9090909361839294,0.5454545617103577
42,DQHMED,219,1,1,0,0,1.0909091234207153,1.2727272510528564
42,DQHMED,220,1,1,0,0,1.0,0.9090909361839294
42,DQHMED,221,1,1,0,0,0.8181818723678589,1.3636363744735718
42,DQHMED,222,1,1,0,0,0.7272727489471436,2.2727272510528564
42,DQHMED,223,0,1,1,0,2.0,0.3636363744735718
42,DQHMED,224,1,1,0,0,1.7272727489471436,1.2727272510528564
42,DQHMED,225,1,1,0,0,1.0909091234207153,1.0909091234207153
42,DQHMED,226,1,1,0,0,1.2727272510528564,1.0
42,DQHMED,227,0,1,1,0,1.8181818723678589,0.5454545617103577
42,DQHMED,228,1,1,0,0,1.6363637447357178,1.3636363744735718
42,DQHMED,229,1,1,0,0,1.1818182468414307,0.8181818723678589
42,DQHMED,230,1,1,0,0,1.454545497894287,1.3636363744735718
42,DQHMED,231,1,1,0,0,1.2727272510528564,1.0
42,DQHMED,232,1,1,0,0,1.0909091234207153,1.0909091234207153
42,DQHMED,233,1,0,0,1,0.9090909361839294,0.5454545617103577
42,DQHMED,234,1,1,0,0,0.7272727489471436,1.3636363744735718
42,DQHMED,235,1,1,0,0,1.8181818723678589,1.0
42,DQHMED,236,1,1,0,0,1.3636363744735718,0.5454545617103577
42,DQHMED,237,0,1,1,0,2.0,1.2727272510528564
42,DQHMED,238,1,1,0,0,1.0,1.8181818723678589
42,DQHMED,239,1,1,0,0,1.2727272510528564,1.8181818723678589
42,DQHMED,240,1,1,0,0,0.3636363744735718,2.090909242630005
42,DQHMED,241,1,1,0,0,0.6363636255264282,0.9090909361839294
42,DQHMED,242,1,1,0,0,1.454545497894287,1.7272727489471436
42,DQHMED,243,1,1,0,0,0.8181818723678589,1.0
42,DQHMED,244,1,1,0,0,1.7272727489471436,1.5454546213150024
42,DQHMED,245,1,1,0,0,1.5454546213150024,1.6363637447357178
42,DQHMED,246,1,1,0,0,1.6363637447357178,1.2727272510528564
42,DQHMED,247,1,1,0,0,1.7272727489471436,2.1818182468414307
42,DQHMED,248,1,1,0,0,1.0,1.6363637447357178
42,DQHMED,249,1,1,0,0,1.1818182468414307,1.8181818723678589
42,DQHMED,250,1,0,0,1,1.0,2.1818182468414307
42,DQHMED,251,1,1,0,0,0.7272727489471436,1.454545497894287
42,DQHMED,252,1,1,0,0,1.2727272510528564,2.3636364936828613
42,DQHMED,253,1,1,0,0,1.9090909957885742,1.7272727489471436
42,DQHMED,254,1,1,0,0,1.5454546213150024,2.1818182468414307
42,DQHMED,255,0,1,1,0,0.8181818723678589,2.090909242630005
42,DQHMED,256,0,0,1,1,1.5,1.5
42,DQHMED,257,0,0,1,1,1.6363637447357178,4.5
42,DQHMED,258,0,0,1,1,1.6666666269302368,1.0
42,DQHMED,259,0,0,1,1,1.899999976158142,1.2857143878936768
42,DQHMED,260,0,0,1,1,1.8000000715255737,1.125
42,DQHMED,261,0,0,1,1,1.3636363744735718,2.125
42,DQHMED,262,0,0,1,1,4.5,1.7777777910232544
42,DQHMED,263,1,0,0,1,0.8181818723678589,1.5
42,DQHMED,264,1,0,0,1,1.2727272510528564,3.625
42,DQHMED,265,1,0,0,1,0.6363636255264282,4.857142925262451
42,DQHMED,266,1,0,0,1,1.0909091234207153,1.6363637447357178
42,DQHMED,267,1,1,0,0,1.0,1.0
42,DQHMED,268,1,1,0,0,1.0,0.4545454680919647
42,DQHMED,269,0,1,1,0,1.454545497894287,0.3636363744735718
42,DQHMED,270,1,1,0,0,1.2727272510528564,1.0
42,DQHMED,271,1,1,0,0,0.8181818723678589,1.1818182468414307
42,DQHMED,272,0,1,1,0,0.4545454680919647,0.9090909361839294
42,DQHMED,273,1,1,0,0,0.6363636255264282,0.3636363744735718
42,DQHMED,274,1,1,0,0,0.6363636255264282,1.3636363744735718
42,DQHMED,275,1,1,0,0,0.6363636255264282,0.7272727489471436
42,DQHMED,276,1,0,0,1,0.4545454680919647,4.0
42,DQHMED,277,1,1,0,0,1.2727272510528564,1.0
42,DQHMED,278,0,1,1,0,1.7272727489471436,1.0
42,DQHMED,279,1,1,0,0,0.8181818723678589,1.1818182468414307
42,DQHMED,280,1,1,0,0,0.8181818723678589,0.9090909361839294
42,DQHMED,281,1,1,0,0,0.9090909361839294,1.0
42,DQHMED,282,1,1,0,0,1.454545497894287,0.9090909361839294
42,DQHMED,283,1,1,0,0,0.4545454680919647,1.0909091234207153
42,DQHMED,284,1,1,0,0,0.8181818723678589,1.1818182468414307
42,DQHMED,285,1,1,0,0,0.7272727489471436,1.0909091234207153
42,DQHMED,286,1,0,0,1,0.7272727489471436,1.3636363744735718
42,DQHMED,287,1,1,0,0,1.0,0.8181818723678589
42,DQHMED,288,1,1,0,0,1.0909091234207153,1.5454546213150024
42,DQHMED,289,1,1,0,0,1.0,1.1818182468414307
42,DQHMED,290,1,1,0,0,0.6363636255264282,0.6363636255264282
42,DQHMED,291,1,1,0,0,0.8181818723678589,0.9090909361839294
42,DQHMED,292,0,1,1,0,1.2727272510528564,0.9090909361839294
42,DQHMED,293,1,1,0,0,1.0,0.4545454680919647
42,DQHMED,294,1,1,0,0,0.9090909361839294,1.5454546213150024
42,DQHMED,295,1,1,0,0,1.1818182468414307,0.9090909361839294
42,DQHMED,296,1,1,0,0,1.1818182468414307,1.0909091234207153
42,DQHMED,297,1,1,0,0,0.3636363744735718,1.454545497894287
42,DQHMED,298,1,1,0,0,1.1818182468414307,0.8181818723678589
42,DQHMED,299,1,1,0,0,0.9090909361839294,1.0909091234207153
42,DQHMED,300,1,1,0,0,1.2727272510528564,0.7272727489471436
42,DQHMED,301,1,1,0,0,0.5454545617103577,0.9090909361839294
42,DQHMED,302,1,1,0,0,0.5454545617103577,1.3636363744735718
42,DQHMED,303,1,1,0,0,1.0909091234207153,1.8181818723678589
42,DQHMED,304,1,1,0,0,0.27272728085517883,1.0
42,DQHMED,305,1,1,0,0,1.0,0.8181818723678589
42,DQHMED,306,1,1,0,0,0.9090909361839294,1.0909091234207153
42,DQHMED,307,1,1,0,0,1.2727272510528564,1.1818182468414307
42,DQHMED,308,1,1,0,0,0.6363636255264282,1.2727272510528564
42,DQHMED,309,1,1,0,0,1.5454546213150024,1.1818182468414307
42,DQHMED,310,1,1,0,0,1.5454546213150024,0.9090909361839294
42,DQHMED,311,1,1,0,0,1.0909091234207153,1.0
42,DQHMED,312,1,1,0,0,0.9090909361839294,0.5454545617103577
42,DQHMED,313,1,1,0,0,0.9090909361839294,0.4545454680919647
42,DQHMED,314,1,1,0,0,0.7272727489471436,1.3636363744735718
42,DQHMED,315,1,0,0,1,1.5454546213150024,1.3636363744735718
42,DQHMED,316,1,1,0,0,1.454545497894287,0.8181818723678589
42,DQHMED,317,1,1,0,0,0.7272727489471436,0.1818181872367859
42,DQHMED,318,1,1,0,0,1.1818182468414307,0.1818181872367859
42,DQHMED,319,1,1,0,0,0.9090909361839294,1.0909091234207153
42,DQHMED,320,1,1,0,0,0.8181818723678589,0.9090909361839294
42,DQHMED,321,1,1,0,0,0.5454545617103577,1.454545497894287
42,DQHMED,322,1,1,0,0,1.5454546213150024,1.0909091234207153
42,DQHMED,323,1,1,0,0,1.454545497894287,0.7272727489471436
42,DQHMED,324,0,0,1,1,3.799999952316284,3.090909242630005
42,DQHMED,325,1,1,0,0,0.3636363744735718,1.6363637447357178
42,DQHMED,326,1,1,0,0,0.9090909361839294,1.0909091234207153
42,DQHMED,327,1,1,0,0,0.8181818723678589,1.0
42,DQHMED,328,1,1,0,0,0.9090909361839294,1.1818182468414307
42,DQHMED,329,1,1,0,0,1.1818182468414307,1.454545497894287
42,DQHMED,330,0,1,1,0,2.5,1.0
42,DQHMED,331,1,1,0,0,0.7272727489471436,1.0909091234207153
42,DQHMED,332,1,1,0,0,1.1818182468414307,0.8181818723678589
42,DQHMED,333,0,1,1,0,1.0909091234207153,1.0
42,DQHMED,334,1,1,0,0,1.2727272510528564,0.8181818723678589
42,DQHMED,335,1,1,0,0,0.5454545617103577,0.9090909361839294
42,DQHMED,336,1,1,0,0,1.1818182468414307,0.9090909361839294
42,DQHMED,337,1,1,0,0,0.1818181872367859,0.8181818723678589
42,DQHMED,338,1,1,0,0,0.6363636255264282,1.0
42,DQHMED,339,0,1,1,0,3.777777910232544,0.8181818723678589
42,DQHMED,340,1,1,0,0,1.0,0.8181818723678589
42,DQHMED,341,1,1,0,0,1.8181818723678589,0.6363636255264282
42,DQHMED,342,1,1,0,0,1.1818182468414307,1.0909091234207153
42,DQHMED,343,1,1,0,0,0.6363636255264282,1.1818182468414307
42,DQHMED,344,1,1,0,0,0.9090909361839294,1.2727272510528564
42,DQHMED,345,1,1,0,0,0.9090909361839294,1.0
42,DQHMED,346,1,1,0,0,1.3636363744735718,1.3636363744735718
42,DQHMED,347,1,1,0,0,1.6363637447357178,0.6363636255264282
42,DQHMED,348,1,1,0,0,0.9090909361839294,1.1818182468414307
42,DQHMED,349,1,1,0,0,0.6363636255264282,1.9090909957885742
42,DQHMED,350,1,1,0,0,1.6363637447357178,1.5454546213150024
42,DQHMED,351,1,1,0,0,1.0909091234207153,1.3636363744735718
42,DQHMED,352,1,1,0,0,1.0909091234207153,0.8181818723678589
42,DQHMED,353,1,1,0,0,1.0909091234207153,1.2727272510528564
42,DQHMED,354,1,1,0,0,0.9090909361839294,0.3636363744735718
42,DQHMED,355,1,1,0,0,1.1818182468414307,0.5454545617103577
42,DQHMED,356,1,1,0,0,1.0,0.8181818723678589
42,DQHMED,357,1,1,0,0,1.8181818723678589,1.0909091234207153
42,DQHMED,358,1,1,0,0,1.7272727489471436,0.9090909361839294
42,DQHMED,359,1,0,0,1,0.5454545617103577,1.1818182468414307
42,DQHMED,360,1,1,0,0,1.6363637447357178,0.7272727489471436
42,DQHMED,361,1,1,0,0,1.454545497894287,0.7272727489471436
42,DQHMED,362,1,1,0,0,0.8181818723678589,1.2727272510528564
42,DQHMED,363,1,1,0,0,1.2727272510528564,2.1818182468414307
42,DQHMED,364,1,1,0,0,0.8181818723678589,1.3636363744735718
42,DQHMED,365,1,0,0,1,1.3636363744735718,2.1818182468414307
42,DQHMED,366,1,1,0,0,1.454545497894287,2.0
42,DQHMED,367,1,1,0,0,0.7272727489471436,1.0909091234207153
42,DQHMED,368,1,1,0,0,1.8181818723678589,1.3636363744735718
42,DQHMED,369,1,1,0,0,0.9090909361839294,1.0
42,DQHMED,370,1,1,0,0,1.3636363744735718,1.3636363744735718
42,DQHMED,371,1,1,0,0,0.8181818723678589,1.7272727489471436
42,DQHMED,372,1,1,0,0,2.0,1.1818182468414307
42,DQHMED,373,1,1,0,0,2.8181819915771484,1.8181818723678589
42,DQHMED,374,1,0,0,1,1.6363637447357178,2.0
42,DQHMED,375,1,1,0,0,1.3636363744735718,2.1818182468414307
42,DQHMED,376,1,0,0,1,1.2727272510528564,2.090909242630005
42,DQHMED,377,1,1,0,0,1.1818182468414307,1.454545497894287
42,DQHMED,378,1,1,0,0,1.5454546213150024,1.3636363744735718
42,DQHMED,379,1,1,0,0,0.9090909361839294,1.9090909957885742
42,DQHMED,380,1,0,0,1,1.5454546213150024,1.1818182468414307
42,DQHMED,381,1,1,0,0,2.090909242630005,2.090909242630005
42,DQHMED,382,1,1,0,0,1.2727272510528564,2.3636364936828613
42,DQHMED,383,0,1,1,0,1.6363637447357178,1.9090909957885742
42,DQHMED,384,0,0,1,1,1.0,4.0
42,DQHMED,385,0,0,1,1,0.6666666865348816,4.5
42,DQHMED,386,0,0,1,1,1.5555555820465088,1.1666667461395264
42,DQHMED,387,0,0,1,1,2.25,2.1666667461395264
42,DQHMED,388,0,0,1,1,1.600000023841858,2.200000047683716
42,DQHMED,389,0,0,1,1,1.5454546213150024,3.5
42,DQHMED,390,0,0,1,1,4.285714626312256,3.2857143878936768
42,DQHMED,391,0,0,1,1,4.0,2.7142858505249023
42,DQHMED,392,0,0,1,1,1.454545497894287,3.0
42,DQHMED,393,1,0,0,1,0.8181818723678589,2.25
42,DQHMED,394,0,1,1,0,1.3000000715255737,0.9090909361839294
42,DQHMED,395,0,0,1,1,3.6666667461395264,5.0
42,DQHMED,396,1,1,0,0,1.2727272510528564,0.5454545617103577
42,DQHMED,397,0,1,1,0,1.5,0.9090909361839294
42,DQHMED,398,1,0,0,1,0.4545454680919647,1.7000000476837158
42,DQHMED,399,1,0,0,1,0.5454545617103577,1.2727272510528564
42,DQHMED,400,1,1,0,0,1.6363637447357178,0.8181818723678589
42,DQHMED,401,1,1,0,0,1.0909091234207153,1.1818182468414307
42,DQHMED,402,1,1,0,0,0.7272727489471436,0.7272727489471436
42,DQHMED,403,1,0,0,1,0.5454545617103577,1.1818182468414307
42,DQHMED,404,0,1,1,0,2.090909242630005,1.0909091234207153
42,DQHMED,405,1,1,0,0,1.0,1.0
42,DQHMED,406,0,0,1,1,1.0909091234207153,4.25
42,DQHMED,407,1,1,0,0,0.9090909361839294,1.0909091234207153
42,DQHMED,408,1,1,0,0,0.9090909361839294,0.4545454680919647
42,DQHMED,409,1,1,0,0,0.4545454680919647,1.5454546213150024
42,DQHMED,410,1,1,0,0,0.5454545617103577,0.5454545617103577
42,DQHMED,411,1,1,0,0,0.9090909361839294,1.0
42,DQHMED,412,1,1,0,0,0.8181818723678589,0.6363636255264282
42,DQHMED,413,1,1,0,0,0.7272727489471436,0.6363636255264282
42,DQHMED,414,1,1,0,0,1.1818182468414307,1.2727272510528564
42,DQHMED,415,0,1,1,0,5.833333492279053,1.8181818723678589
42,DQHMED,416,1,1,0,0,0.5454545617103577,1.1818182468414307
42,DQHMED,417,1,1,0,0,1.0,0.8181818723678589
42,DQHMED,418,1,1,0,0,1.454545497894287,1.2727272510528564
42,DQHMED,419,1,1,0,0,0.8181818723678589,0.5454545617103577
42,DQHMED,420,1,1,0,0,0.6363636255264282,1.454545497894287
42,DQHMED,421,1,1,0,0,0.9090909361839294,1.3636363744735718
42,DQHMED,422,1,1,0,0,1.0,0.7272727489471436
42,DQHMED,423,1,1,0,0,0.5454545617103577,1.0909091234207153
42,DQHMED,424,1,0,0,1,0.9090909361839294,1.2727272510528564
42,DQHMED,425,1,1,0,0,1.0,1.3636363744735718
42,DQHMED,426,1,1,0,0,1.0909091234207153,0.7272727489471436
42,DQHMED,427,1,1,0,0,0.4545454680919647,1.0
42,DQHMED,428,1,1,0,0,1.1818182468414307,0.8181818723678589
42,DQHMED,429,1,1,0,0,0.5454545617103577,1.0909091234207153
42,DQHMED,430,1,1,0,0,1.1818182468414307,1.0
42,DQHMED,431,1,1,0,0,0.4545454680919647,1.6363637447357178
42,DQHMED,432,1,1,0,0,0.8181818723678589,1.0909091234207153
42,DQHMED,433,1,1,0,0,0.5454545617103577,1.0909091234207153
42,DQHMED,434,1,1,0,0,0.6363636255264282,1.0909091234207153
42,DQHMED,435,1,1,0,0,1.454545497894287,1.7272727489471436
42,DQHMED,436,1,1,0,0,1.3636363744735718,1.0909091234207153
42,DQHMED,437,1,1,0,0,1.454545497894287,0.0
42,DQHMED,438,1,1,0,0,1.0,1.2727272510528564
42,DQHMED,439,0,1,1,0,2.9000000953674316,1.0
42,DQHMED,440,0,1,1,0,1.454545497894287,0.8181818723678589
42,DQHMED,441,1,1,0,0,1.1818182468414307,0.6363636255264282
42,DQHMED,442,1,1,0,0,1.3636363744735718,0.4545454680919647
42,DQHMED,443,1,1,0,0,1.3636363744735718,0.5454545617103577
42,DQHMED,444,1,1,0,0,0.8181818723678589,1.3636363744735718
42,DQHMED,445,1,1,0,0,0.7272727489471436,0.4545454680919647
42,DQHMED,446,1,1,0,0,0.9090909361839294,0.7272727489471436
42,DQHMED,447,1,0,0,1,0.7272727489471436,1.454545497894287
42,DQHMED,448,1,1,0,0,1.454545497894287,1.2727272510528564
42,DQHMED,449,1,1,0,0,1.1818182468414307,0.8181818723678589
42,DQHMED,450,1,1,0,0,1.0909091234207153,1.1818182468414307
42,DQHMED,451,1,1,0,0,1.8181818723678589,0.5454545617103577
42,DQHMED,452,1,1,0,0,1.0,1.454545497894287
42,DQHMED,453,1,1,0,0,0.9090909361839294,0.8181818723678589
42,DQHMED,454,1,1,0,0,1.6363637447357178,0.1818181872367859
42,DQHMED,455,1,1,0,0,1.0,1.9090909957885742
42,DQHMED,456,1,1,0,0,1.2727272510528564,0.9090909361839294
42,DQHMED,457,1,1,0,0,1.5454546213150024,1.2727272510528564
42,DQHMED,458,1,1,0,0,1.0,0.6363636255264282
42,DQHMED,459,1,1,0,0,1.5454546213150024,1.9090909957885742
42,DQHMED,460,1,1,0,0,1.1818182468414307,1.6363637447357178
42,DQHMED,461,1,1,0,0,1.2727272510528564,1.0909091234207153
42,DQHMED,462,1,1,0,0,1.5454546213150024,0.7272727489471436
42,DQHMED,463,1,1,0,0,0.7272727489471436,1.0909091234207153
42,DQHMED,464,1,1,0,0,1.0,0.5454545617103577
42,DQHMED,465,1,1,0,0,0.6363636255264282,1.1818182468414307
42,DQHMED,466,1,1,0,0,1.2727272510528564,1.6363637447357178
42,DQHMED,467,1,1,0,0,1.6363637447357178,1.0
42,DQHMED,468,1,1,0,0,1.9090909957885742,1.8181818723678589
42,DQHMED,469,1,1,0,0,0.4545454680919647,1.454545497894287
42,DQHMED,470,1,1,0,0,0.3636363744735718,1.5454546213150024
42,DQHMED,471,1,1,0,0,1.2727272510528564,0.9090909361839294
42,DQHMED,472,1,1,0,0,0.8181818723678589,1.0909091234207153
42,DQHMED,473,1,1,0,0,1.1818182468414307,1.1818182468414307
42,DQHMED,474,1,1,0,0,0.8181818723678589,1.0
42,DQHMED,475,1,1,0,0,1.0909091234207153,1.3636363744735718
42,DQHMED,476,1,1,0,0,1.6363637447357178,0.8181818723678589
42,DQHMED,477,1,1,0,0,1.6363637447357178,1.0909091234207153
42,DQHMED,478,0,1,1,0,1.1818182468414307,1.1818182468414307
42,DQHMED,479,1,1,0,0,1.5454546213150024,1.2727272510528564
42,DQHMED,480,1,1,0,0,1.1818182468414307,1.2727272510528564
42,DQHMED,481,1,1,0,0,1.5454546213150024,0.9090909361839294
42,DQHMED,482,1,1,0,0,1.1818182468414307,1.0909091234207153
42,DQHMED,483,1,1,0,0,1.6363637447357178,1.5454546213150024
42,DQHMED,484,1,1,0,0,0.7272727489471436,0.8181818723678589
42,DQHMED,485,1,0,0,1,1.3636363744735718,1.9090909957885742
42,DQHMED,486,1,1,0,0,1.6363637447357178,1.5454546213150024
42,DQHMED,487,1,1,0,0,1.3636363744735718,1.1818182468414307
42,DQHMED,488,1,1,0,0,1.0909091234207153,0.8181818723678589
42,DQHMED,489,1,1,0,0,1.454545497894287,0.7272727489471436
42,DQHMED,490,1,1,0,0,1.9090909957885742,0.7272727489471436
42,DQHMED,491,1,1,0,0,0.9090909361839294,1.6363637447357178
42,DQHMED,492,1,1,0,0,1.2727272510528564,1.454545497894287
42,DQHMED,493,1,1,0,0,1.8181818723678589,1.1818182468414307
42,DQHMED,494,0,1,1,0,3.2727274894714355,1.7272727489471436
42,DQHMED,495,1,1,0,0,1.6363637447357178,1.7272727489471436
42,DQHMED,496,1,1,0,0,1.454545497894287,1.6363637447357178
42,DQHMED,497,1,1,0,0,1.0,1.0
42,DQHMED,498,1,1,0,0,1.3636363744735718,0.6363636255264282
42,DQHMED,499,0,1,1,0,4.800000190734863,0.9090909361839294
42,DQHMED,500,1,0,0,1,0.5454545617103577,1.5454546213150024
42,DQHMED,501,1,1,0,0,1.454545497894287,1.3636363744735718
42,DQHMED,502,1,1,0,0,0.6363636255264282,1.3636363744735718
42,DQHMED,503,1,1,0,0,0.4545454680919647,1.6363637447357178
42,DQHMED,504,0,1,1,0,1.454545497894287,2.7272727489471436
42,DQHMED,505,1,1,0,0,1.6363637447357178,2.2727272510528564
42,DQHMED,506,1,1,0,0,1.2727272510528564,2.1818182468414307
42,DQHMED,507,0,1,1,0,1.8000000715255737,3.0
42,DQHMED,508,0,1,1,0,1.3636363744735718,2.454545497894287
42,DQHMED,509,1,1,0,0,2.0,1.1818182468414307
42,DQHMED,510,1,1,0,0,1.9090909957885742,2.454545497894287
42,DQHMED,511,0,0,1,1,2.090909242630005,0.9090909361839294
142,DQHMED,0,0,0,1,1,2.142857313156128,0.875
142,DQHMED,1,0,0,1,1,1.2222222089767456,1.5
142,DQHMED,2,0,0,1,1,3.7142858505249023,1.4285714626312256
142,DQHMED,3,0,0,1,1,1.454545497894287,4.6666669845581055
142,DQHMED,4,0,0,1,1,6.6666669845581055,1.4444444179534912
142,DQHMED,5,1,0,0,1,0.8181818723678589,1.0
142,DQHMED,6,0,0,1,1,1.600000023841858,1.5
142,DQHMED,7,0,0,1,1,1.8000000715255737,1.454545497894287
142,DQHMED,8,0,0,1,1,0.3636363744735718,3.4285717010498047
142,DQHMED,9,1,0,0,1,1.3636363744735718,2.0
142,DQHMED,10,1,0,0,1,1.1818182468414307,3.700000047683716
142,DQHMED,11,1,1,0,0,0.6363636255264282,1.8181818723678589
142,DQHMED,12,1,1,0,0,1.0,0.9090909361839294
142,DQHMED,13,0,1,1,0,1.1818182468414307,0.8181818723678589
142,DQHMED,14,0,1,1,0,2.4000000953674316,0.5454545617103577
142,DQHMED,15,1,1,0,0,0.9090909361839294,1.2727272510528564
142,DQHMED,16,1,1,0,0,1.1818182468414307,1.1818182468414307
142,DQHMED,17,1,0,0,1,1.0,2.75
142,DQHMED,18,1,1,0,0,0.8181818723678589,1.3636363744735718
142,DQHMED,19,1,1,0,0,1.1818182468414307,1.2727272510528564
142,DQHMED,20,1,1,0,0,0.7272727489471436,0.4545454680919647
142,DQHMED,21,1,0,0,1,1.0,3.7142858505249023
142,DQHMED,22,1,1,0,0,0.7272727489471436,0.8181818723678589
142,DQHMED,23,1,1,0,0,0.3636363744735718,1.0909091234207153
142,DQHMED,24,1,1,0,0,1.2727272510528564,0.3636363744735718
142,DQHMED,25,1,1,0,0,0.7272727489471436,1.1818182468414307
142,DQHMED,26,1,1,0,0,1.2727272510528564,1.0
142,DQHMED,27,1,1,0,0,0.3636363744735718,1.0909091234207153
142,DQHMED,28,1,0,0,1,0.6363636255264282,1.0
142,DQHMED,29,1,0,0,1,0.1818181872367859,2.0
142,DQHMED,30,1,1,0,0,0.6363636255264282,0.3636363744735718
142,DQHMED,31,1,1,0,0,0.4545454680919647,0.7272727489471436
142,DQHMED,32,1,1,0,0,1.0909091234207153,1.3636363744735718
142,DQHMED,33,1,1,0,0,1.0,1.8181818723678589
142,DQHMED,34,1,1,0,0,1.0,0.6363636255264282
142,DQHMED,35,1,1,0,0,0.9090909361839294,0.9090909361839294
142,DQHMED,36,1,1,0,0,0.7272727489471436,0.5454545617103577
142,DQHMED,37,1,1,0,0,1.0909091234207153,0.4545454680919647
142,DQHMED,38,1,1,0,0,1.454545497894287,0.7272727489471436
142,DQHMED,39,1,1,0,0,0.8181818723678589,1.1818182468414307
142,DQHMED,40,0,1,1,0,1.7272727489471436,0.6363636255264282
142,DQHMED,41,1,1,0,0,0.3636363744735718,1.0909091234207153
142,DQHMED,42,1,1,0,0,0.7272727489471436,1.2727272510528564
142,DQHMED,43,1,1,0,0,1.7272727489471436,0.6363636255264282
142,DQHMED,44,1,1,0,0,1.5454546213150024,1.2727272510528564
142,DQHMED,45,1,1,0,0,1.0909091234207153,0.7272727489471436
142,DQHMED,46,0,1,1,0,1.8000000715255737,1.0
142,DQHMED,47,1,1,0,0,0.6363636255264282,0.6363636255264282
142,DQHMED,48,1,1,0,0,0.5454545617103577,0.8181818723678589
142,DQHMED,49,1,1,0,0,1.0909091234207153,1.0909091234207153
142,DQHMED,50,1,1,0,0,0.8181818723678589,0.9090909361839294
142,DQHMED,51,1,1,0,0,0.9090909361839294,1.454545497894287
142,DQHMED,52,1,1,0,0,0.8181818723678589,0.8181818723678589
142,DQHMED,53,1,1,0,0,1.7272727489471436,1.0
142,DQHMED,54,1,0,0,1,0.9090909361839294,0.6363636255264282
142,DQHMED,55,1,1,0,0,1.2727272510528564,0.9090909361839294
142,DQHMED,56,1,1,0,0,1.2727272510528564,0.8181818723678589
142,DQHMED,57,1,1,0,0,1.2727272510528564,0.8181818723678589
142,DQHMED,58,1,1,0,0,1.3636363744735718,0.27272728085517883
142,DQHMED,59,0,1,1,0,0.5454545617103577,1.2727272510528564
142,DQHMED,60,1,1,0,0,0.7272727489471436,0.6363636255264282
142,DQHMED,61,1,1,0,0,0.9090909361839294,1.0909091234207153
142,DQHMED,62,1,1,0,0,1.454545497894287,0.27272728085517883
142,DQHMED,63,1,1,0,0,1.7272727489471436,1.3636363744735718
142,DQHMED,64,1,1,0,0,1.5454546213150024,0.5454545617103577
142,DQHMED,65,1,1,0,0,1.0,1.0909091234207153
142,DQHMED,66,1,1,0,0,1.0,1.3636363744735718
142,DQHMED,67,1,1,0,0,0.3636363744735718,0.7272727489471436
142,DQHMED,68,1,1,0,0,0.9090909361839294,1.0
142,DQHMED,69,1,1,0,0,1.0,1.1818182468414307
142,DQHMED,70,1,1,0,0,0.7272727489471436,1.0909091234207153
142,DQHMED,71,1,1,0,0,1.2727272510528564,0.9090909361839294
142,DQHMED,72,1,1,0,0,2.1818182468414307,0.8181818723678589
142,DQHMED,73,1,1,0,0,0.7272727489471436,1.2727272510528564
142,DQHMED,74,1,1,0,0,1.1818182468414307,0.8181818723678589
142,DQHMED,75,1,1,0,0,1.2727272510528564,0.8181818723678589
142,DQHMED,76,1,1,0,0,1.1818182468414307,0.5454545617103577
142,DQHMED,77,1,1,0,0,0.5454545617103577,1.3636363744735718
142,DQHMED,78,1,1,0,0,1.8181818723678589,1.454545497894287
142,DQHMED,79,1,1,0,0,1.0,0.9090909361839294
142,DQHMED,80,1,1,0,0,0.7272727489471436,1.0909091234207153
142,DQHMED,81,1,1,0,0,1.2727272510528564,1.0909091234207153
142,DQHMED,82,1,1,0,0,0.3636363744735718,0.9090909361839294
142,DQHMED,83,1,1,0,0,0.8181818723678589,0.4545454680919647
142,DQHMED,84,1,1,0,0,1.1818182468414307,1.0909091234207153
142,DQHMED,85,1,1,0,0,0.8181818723678589,1.0
142,DQHMED,86,1,1,0,0,0.9090909361839294,0.27272728085517883
142,DQHMED,87,1,1,0,0,2.1818182468414307,1.0909091234207153
142,DQHMED,88,1,1,0,0,0.9090909361839294,2.2727272510528564
142,DQHMED,89,0,0,1,1,2.545454502105713,1.2727272510528564
142,DQHMED,90,1,1,0,0,1.5454546213150024,1.3636363744735718
142,DQHMED,91,1,1,0,0,0.5454545617103577,1.1818182468414307
142,DQHMED,92,1,1,0,0,0.5454545617103577,1.8181818723678589
142,DQHMED,93,1,1,0,0,1.1818182468414307,0.6363636255264282
142,DQHMED,94,1,1,0,0,1.0909091234207153,1.454545497894287
142,DQHMED,95,1,1,0,0,1.2727272510528564,1.1818182468414307
142,DQHMED,96,1,1,0,0,1.0,1.0909091234207153
142,DQHMED,97,1,1,0,0,1.0,1.5454546213150024
142,DQHMED,98,1,1,0,0,0.9090909361839294,1.2727272510528564
142,DQHMED,99,0,1,1,0,1.0909091234207153,1.0
142,DQHMED,100,0,1,1,0,3.454545497894287,0.4545454680919647
142,DQHMED,101,1,1,0,0,1.0909091234207153,0.8181818723678589
142,DQHMED,102,1,1,0,0,1.2727272510528564,1.1818182468414307
142,DQHMED,103,1,1,0,0,1.6363637447357178,0.9090909361839294
142,DQHMED,104,1,0,0,1,0.3636363744735718,1.7272727489471436
142,DQHMED,105,1,1,0,0,0.4545454680919647,1.1818182468414307
142,DQHMED,106,1,1,0,0,0.6363636255264282,0.7272727489471436
142,DQHMED,107,1,1,0,0,1.454545497894287,2.0
142,DQHMED,108,1,1,0,0,0.9090909361839294,1.6363637447357178
142,DQHMED,109,1,1,0,0,1.7272727489471436,1.8181818723678589
142,DQHMED,110,1,1,0,0,1.0909091234207153,2.545454502105713
142,DQHMED,111,1,1,0,0,1.7272727489471436,1.454545497894287
142,DQHMED,112,1,1,0,0,0.7272727489471436,1.3636363744735718
142,DQHMED,113,1,1,0,0,1.6363637447357178,0.9090909361839294
142,DQHMED,114,0,1,1,0,3.545454740524292,1.3636363744735718
142,DQHMED,115,1,1,0,0,1.6363637447357178,1.454545497894287
142,DQHMED,116,1,1,0,0,0.9090909361839294,1.1818182468414307
142,DQHMED,117,1,1,0,0,0.7272727489471436,1.9090909957885742
142,DQHMED,118,1,0,0,1,1.1818182468414307,1.2727272510528564
142,DQHMED,119,1,1,0,0,1.2727272510528564,1.0909091234207153
142,DQHMED,120,1,1,0,0,1.5454546213150024,0.9090909361839294
142,DQHMED,121,1,1,0,0,0.6363636255264282,1.454545497894287
142,DQHMED,122,1,0,0,1,1.6363637447357178,1.3636363744735718
142,DQHMED,123,1,1,0,0,1.8181818723678589,2.090909242630005
142,DQHMED,124,1,1,0,0,0.8181818723678589,1.5454546213150024
142,DQHMED,125,1,1,0,0,1.2727272510528564,2.3636364936828613
142,DQHMED,126,1,1,0,0,2.2727272510528564,2.090909242630005
142,DQHMED,127,1,1,0,0,1.5454546213150024,0.9090909361839294
142,DQHMED,128,0,0,1,1,2.6000001430511475,1.3333333730697632
142,DQHMED,129,0,0,1,1,3.5,0.8571429252624512
142,DQHMED,130,0,0,1,1,1.6666666269302368,2.1111111640930176
142,DQHMED,131,0,0,1,1,4.0,1.25
142,DQHMED,132,0,0,1,1,2.090909242630005,1.1428571939468384
142,DQHMED,133,0,0,1,1,11.0,1.5
142,DQHMED,134,0,0,1,1,1.600000023841858,1.375
142,DQHMED,135,0,0,1,1,1.8181818723678589,1.625
142,DQHMED,136,1,0,0,1,1.0,1.2000000476837158
142,DQHMED,137,0,0,1,1,1.3636363744735718,2.6666667461395264
142,DQHMED,138,0,0,1,1,1.3636363744735718,3.3333334922790527
142,DQHMED,139,0,0,1,1,1.1818182468414307,2.8888888359069824
142,DQHMED,140,1,0,0,1,1.1818182468414307,2.1111111640930176
142,DQHMED,141,1,1,0,0,1.0,1.0
142,DQHMED,142,1,0,0,1,1.5454546213150024,1.0909091234207153
142,DQHMED,143,1,1,0,0,1.454545497894287,1.6363637447357178
142,DQHMED,144,1,1,0,0,1.0,0.8181818723678589
142,DQHMED,145,1,1,0,0,1.3636363744735718,1.2727272510528564
142,DQHMED,146,0,1,1,0,1.454545497894287,0.8181818723678589
142,DQHMED,147,1,1,0,0,1.0,1.1818182468414307
142,DQHMED,148,0,1,1,0,4.0,0.5454545617103577
142,DQHMED,149,1,1,0,0,0.6363636255264282,0.4545454680919647
142,DQHMED,150,0,1,1,0,3.875,0.5454545617103577
142,DQHMED,151,1,0,0,1,1.0,1.7272727489471436
142,DQHMED,152,1,1,0,0,0.5454545617103577,0.6363636255264282
142,DQHMED,153,1,1,0,0,0.6363636255264282,0.9090909361839294
142,DQHMED,154,1,1,0,0,0.6363636255264282,0.6363636255264282
142,DQHMED,155,1,1,0,0,0.9090909361839294,1.6363637447357178
142,DQHMED,156,1,1,0,0,0.6363636255264282,0.7272727489471436
142,DQHMED,157,1,1,0,0,0.5454545617103577,1.0
142,DQHMED,158,1,1,0,0,0.7272727489471436,0.8181818723678589
142,DQHMED,159,1,1,0,0,0.5454545617103577,0.8181818723678589
142,DQHMED,160,1,1,0,0,0.6363636255264282,0.9090909361839294
142,DQHMED,161,1,1,0,0,0.3636363744735718,0.8181818723678589
142,DQHMED,162,1,1,0,0,0.6363636255264282,1.454545497894287
142,DQHMED,163,1,1,0,0,0.6363636255264282,1.1818182468414307
142,DQHMED,164,1,1,0,0,1.0909091234207153,1.1818182468414307
142,DQHMED,165,1,0,0,1,0.6363636255264282,1.2727272510528564
142,DQHMED,166,1,1,0,0,1.0,1.2727272510528564
142,DQHMED,167,1,1,0,0,0.9090909361839294,0.8181818723678589
142,DQHMED,168,1,1,0,0,0.7272727489471436,0.3636363744735718
142,DQHMED,169,1,1,0,0,1.454545497894287,2.0
142,DQHMED,170,1,1,0,0,0.3636363744735718,0.4545454680919647
142,DQHMED,171,1,1,0,0,0.7272727489471436,0.9090909361839294
142,DQHMED,172,1,1,0,0,0.27272728085517883,1.0
142,DQHMED,173,0,1,1,0,2.0,1.0909091234207153
142,DQHMED,174,1,1,0,0,0.8181818723678589,0.8181818723678589
142,DQHMED,175,1,1,0,0,0.7272727489471436,0.8181818723678589
142,DQHMED,176,1,1,0,0,1.454545497894287,0.4545454680919647
142,DQHMED,177,1,1,0,0,0.9090909361839294,0.9090909361839294
142,DQHMED,178,1,1,0,0,0.4545454680919647,1.2727272510528564
142,DQHMED,179,1,1,0,0,1.2727272510528564,0.3636363744735718
142,DQHMED,180,1,1,0,0,0.7272727489471436,1.0909091234207153
142,DQHMED,181,1,1,0,0,0.7272727489471436,0.7272727489471436
142,DQHMED,182,1,1,0,0,1.0909091234207153,1.1818182468414307
142,DQHMED,183,1,1,0,0,1.1818182468414307,1.1818182468414307
142,DQHMED,184,1,0,0,1,0.9090909361839294,1.454545497894287
142,DQHMED,185,1,0,0,1,0.9090909361839294,1.3636363744735718
142,DQHMED,186,1,1,0,0,1.3636363744735718,0.6363636255264282
142,DQHMED,187,1,0,0,1,1.6363637447357178,1.2727272510528564
142,DQHMED,188,0,1,1,0,3.222222328186035,1.3636363744735718
142,DQHMED,189,1,1,0,0,1.0909091234207153,1.1818182468414307
142,DQHMED,190,0,1,1,0,0.3636363744735718,0.5454545617103577
142,DQHMED,191,1,0,0,1,0.5454545617103577,3.555555582046509
142,DQHMED,192,1,1,0,0,0.7272727489471436,1.3636363744735718
142,DQHMED,193,1,1,0,0,0.8181818723678589,0.8181818723678589
142,DQHMED,194,1,1,0,0,0.5454545617103577,1.0909091234207153
142,DQHMED,195,0,0,1,1,2.7272727489471436,1.1818182468414307
142,DQHMED,196,1,1,0,0,1.7272727489471436,1.0
142,DQHMED,197,1,1,0,0,1.2727272510528564,1.1818182468414307
142,DQHMED,198,1,1,0,0,0.8181818723678589,1.0909091234207153
142,DQHMED,199,1,1,0,0,1.2727272510528564,1.2727272510528564
142,DQHMED,200,1,1,0,0,1.0,0.6363636255264282
142,DQHMED,201,1,1,0,0,1.0909091234207153,1.7272727489471436
142,DQHMED,202,1,1,0,0,1.0909091234207153,1.0909091234207153
142,DQHMED,203,1,1,0,0,1.0,1.0909091234207153
142,DQHMED,204,1,1,0,0,0.8181818723678589,1.0909091234207153
142,DQHMED,205,1,1,0,0,1.0,0.8181818723678589
142,DQHMED,206,1,1,0,0,0.6363636255264282,2.090909242630005
142,DQHMED,207,1,1,0,0,1.454545497894287,1.1818182468414307
142,DQHMED,208,1,1,0,0,1.1818182468414307,1.3636363744735718
142,DQHMED,209,1,1,0,0,1.3636363744735718,0.9090909361839294
142,DQHMED,210,1,1,0,0,1.0909091234207153,1.454545497894287
142,DQHMED,211,1,1,0,0,0.4545454680919647,0.3636363744735718
142,DQHMED,212,1,1,0,0,1.3636363744735718,1.8181818723678589
142,DQHMED,213,1,1,0,0,1.1818182468414307,1.2727272510528564
142,DQHMED,214,1,1,0,0,0.7272727489471436,2.454545497894287
142,DQHMED,215,1,1,0,0,1.0,1.2727272510528564
142,DQHMED,216,1,1,0,0,0.4545454680919647,0.6363636255264282
142,DQHMED,217,0,1,1,0,3.545454740524292,0.8181818723678589
142,DQHMED,218,1,1,0,0,1.0909091234207153,1.0
142,DQHMED,219,1,1,0,0,1.2727272510528564,0.9090909361839294
142,DQHMED,220,1,1,0,0,1.1818182468414307,0.9090909361839294
142,DQHMED,221,1,1,0,0,1.9090909957885742,0.9090909361839294
142,DQHMED,222,1,1,0,0,0.9090909361839294,1.1818182468414307
142,DQHMED,223,1,1,0,0,2.090909242630005,1.0
142,DQHMED,224,1,0,0,1,0.7272727489471436,1.1818182468414307
142,DQHMED,225,1,1,0,0,0.6363636255264282,1.2727272510528564
142,DQHMED,226,1,1,0,0,2.090909242630005,1.0909091234207153
142,DQHMED,227,1,1,0,0,1.0909091234207153,0.9090909361839294
142,DQHMED,228,1,1,0,0,0.9090909361839294,1.3636363744735718
142,DQHMED,229,1,0,0,1,1.0,1.5454546213150024
142,DQHMED,230,0,1,1,0,0.8181818723678589,1.9090909957885742
142,DQHMED,231,1,1,0,0,1.0,0.7272727489471436
142,DQHMED,232,1,1,0,0,1.2727272510528564,1.454545497894287
142,DQHMED,233,1,1,0,0,1.1818182468414307,0.8181818723678589
142,DQHMED,234,1,1,0,0,0.6363636255264282,0.8181818723678589
142,DQHMED,235,1,1,0,0,1.8181818723678589,1.0
142,DQHMED,236,1,1,0,0,2.545454502105713,1.3636363744735718
142,DQHMED,237,1,1,0,0,2.090909242630005,1.1818182468414307
142,DQHMED,238,1,1,0,0,1.0909091234207153,1.0909091234207153
142,DQHMED,239,1,1,0,0,1.1818182468414307,2.1818182468414307
142,DQHMED,240,1,0,0,1,1.0,1.8000000715255737
142,DQHMED,241,1,1,0,0,1.5454546213150024,2.0
142,DQHMED,242,1,1,0,0,0.7272727489471436,1.3636363744735718
142,DQHMED,243,1,1,0,0,2.090909242630005,1.1818182468414307
142,DQHMED,244,0,1,1,0,2.545454502105713,1.454545497894287
142,DQHMED,245,1,1,0,0,1.6363637447357178,1.7272727489471436
142,DQHMED,246,1,1,0,0,1.2727272510528564,0.6363636255264282
142,DQHMED,247,1,1,0,0,1.0909091234207153,1.5454546213150024
142,DQHMED,248,1,0,0,1,1.5454546213150024,1.3636363744735718
142,DQHMED,249,0,0,1,1,2.545454502105713,3.6000001430511475
142,DQHMED,250,1,1,0,0,2.454545497894287,2.2727272510528564
142,DQHMED,251,0,1,1,0,1.9090909957885742,1.9090909957885742
142,DQHMED,252,1,1,0,0,1.2727272510528564,3.0
142,DQHMED,253,1,0,0,1,1.7272727489471436,1.8181818723678589
142,DQHMED,254,1,1,0,0,1.8181818723678589,1.454545497894287
142,DQHMED,255,1,1,0,0,1.5454546213150024,1.454545497894287
142,DQHMED,256,0,0,1,1,3.0,1.625
142,DQHMED,257,0,0,1,1,2.8333334922790527,4.6666669845581055
142,DQHMED,258,0,0,1,1,4.428571701049805,1.399999976158142
142,DQHMED,259,0,0,1,1,5.6666669845581055,5.5
142,DQHMED,260,0,0,1,1,1.4444444179534912,1.5
142,DQHMED,261,0,0,1,1,1.5,1.3333333730697632
142,DQHMED,262,0,0,1,1,2.5714287757873535,1.3333333730697632
142,DQHMED,263,0,0,1,1,2.4000000953674316,1.4285714626312256
142,DQHMED,264,0,0,1,1,8.75,1.3636363744735718
142,DQHMED,265,0,0,1,1,1.3636363744735718,1.7272727489471436
142,DQHMED,266,0,1,1,0,1.100000023841858,1.0909091234207153
142,DQHMED,267,0,1,1,0,2.2857143878936768,0.9090909361839294
142,DQHMED,268,0,1,1,0,1.899999976158142,0.7272727489471436
142,DQHMED,269,0,1,1,0,2.1818182468414307,0.9090909361839294
142,DQHMED,270,1,0,0,1,1.0,2.444444417953491
142,DQHMED,271,0,1,1,0,1.2727272510528564,1.0909091234207153
142,DQHMED,272,1,1,0,0,1.0909091234207153,1.1818182468414307
142,DQHMED,273,1,1,0,0,0.9090909361839294,0.4545454680919647
142,DQHMED,274,1,1,0,0,0.9090909361839294,0.3636363744735718
142,DQHMED,275,1,1,0,0,0.8181818723678589,1.0
142,DQHMED,276,0,1,1,0,3.857142925262451,1.0909091234207153
142,DQHMED,277,0,1,1,0,2.0,1.0
142,DQHMED,278,1,1,0,0,0.9090909361839294,0.9090909361839294
142,DQHMED,279,1,1,0,0,0.8181818723678589,1.454545497894287
142,DQHMED,280,1,1,0,0,0.3636363744735718,0.9090909361839294
142,DQHMED,281,1,1,0,0,0.8181818723678589,1.0
142,DQHMED,282,1,1,0,0,0.8181818723678589,0.9090909361839294
142,DQHMED,283,1,1,0,0,0.6363636255264282,0.8181818723678589
142,DQHMED,284,1,1,0,0,1.3636363744735718,0.9090909361839294
142,DQHMED,285,1,1,0,0,0.6363636255264282,1.2727272510528564
142,DQHMED,286,1,0,0,1,1.454545497894287,1.5454546213150024
142,DQHMED,287,1,1,0,0,0.5454545617103577,1.3636363744735718
142,DQHMED,288,0,1,1,0,1.454545497894287,0.4545454680919647
142,DQHMED,289,1,1,0,0,1.0909091234207153,0.3636363744735718
142,DQHMED,290,1,1,0,0,0.9090909361839294,0.7272727489471436
142,DQHMED,291,1,1,0,0,0.8181818723678589,1.0909091234207153
142,DQHMED,292,1,1,0,0,1.454545497894287,1.3636363744735718
142,DQHMED,293,1,1,0,0,1.0909091234207153,0.7272727489471436
142,DQHMED,294,1,1,0,0,1.0909091234207153,1.0909091234207153
142,DQHMED,295,1,1,0,0,1.0909091234207153,0.09090909361839294
142,DQHMED,296,1,1,0,0,1.8181818723678589,1.1818182468414307
142,DQHMED,297,1,1,0,0,0.6363636255264282,1.0
142,DQHMED,298,1,1,0,0,0.7272727489471436,0.6363636255264282
142,DQHMED,299,1,1,0,0,0.9090909361839294,0.8181818723678589
142,DQHMED,300,1,1,0,0,1.2727272510528564,1.0909091234207153
142,DQHMED,301,1,1,0,0,1.1818182468414307,1.454545497894287
142,DQHMED,302,1,1,0,0,0.8181818723678589,1.0
142,DQHMED,303,1,1,0,0,0.6363636255264282,1.0909091234207153
142,DQHMED,304,1,1,0,0,0.6363636255264282,0.3636363744735718
142,DQHMED,305,1,1,0,0,0.5454545617103577,1.0
142,DQHMED,306,1,1,0,0,0.9090909361839294,0.6363636255264282
142,DQHMED,307,1,1,0,0,0.4545454680919647,0.7272727489471436
142,DQHMED,308,1,1,0,0,1.5454546213150024,1.0909091234207153
142,DQHMED,309,1,1,0,0,0.6363636255264282,0.3636363744735718
142,DQHMED,310,1,1,0,0,1.0,0.5454545617103577
142,DQHMED,311,1,1,0,0,1.3636363744735718,1.3636363744735718
142,DQHMED,312,1,1,0,0,0.7272727489471436,0.27272728085517883
142,DQHMED,313,1,1,0,0,1.0,1.2727272510528564
142,DQHMED,314,1,1,0,0,0.8181818723678589,1.0909091234207153
142,DQHMED,315,1,1,0,0,1.2727272510528564,0.4545454680919647
142,DQHMED,316,1,1,0,0,1.2727272510528564,0.5454545617103577
142,DQHMED,317,1,0,0,1,0.3636363744735718,2.1818182468414307
142,DQHMED,318,1,1,0,0,0.4545454680919647,1.7272727489471436
142,DQHMED,319,1,1,0,0,1.2727272510528564,0.9090909361839294
142,DQHMED,320,1,1,0,0,1.454545497894287,1.0
142,DQHMED,321,1,1,0,0,0.3636363744735718,1.0909091234207153
142,DQHMED,322,0,1,1,0,0.6363636255264282,0.9090909361839294
142,DQHMED,323,0,1,1,0,2.6363637447357178,0.9090909361839294
142,DQHMED,324,1,0,0,1,1.5454546213150024,3.857142925262451
142,DQHMED,325,0,1,1,0,1.1818182468414307,1.2727272510528564
142,DQHMED,326,1,1,0,0,0.6363636255264282,1.0
142,DQHMED,327,1,1,0,0,0.8181818723678589,1.2727272510528564
142,DQHMED,328,1,1,0,0,1.0909091234207153,0.6363636255264282
142,DQHMED,329,1,1,0,0,1.0,1.2727272510528564
142,DQHMED,330,1,1,0,0,0.8181818723678589,1.454545497894287
142,DQHMED,331,1,1,0,0,1.3636363744735718,1.0
142,DQHMED,332,1,1,0,0,2.0,1.2727272510528564
142,DQHMED,333,1,1,0,0,0.7272727489471436,0.7272727489471436
142,DQHMED,334,1,1,0,0,1.3636363744735718,1.6363637447357178
142,DQHMED,335,1,1,0,0,1.6363637447357178,0.1818181872367859
142,DQHMED,336,1,1,0,0,0.27272728085517883,0.8181818723678589
142,DQHMED,337,1,1,0,0,1.1818182468414307,1.1818182468414307
142,DQHMED,338,1,1,0,0,0.6363636255264282,1.2727272510528564
142,DQHMED,339,1,1,0,0,0.7272727489471436,1.0
142,DQHMED,340,1,1,0,0,0.8181818723678589,0.9090909361839294
142,DQHMED,341,1,1,0,0,1.3636363744735718,0.8181818723678589
142,DQHMED,342,1,1,0,0,1.2727272510528564,0.7272727489471436
142,DQHMED,343,1,1,0,0,1.7272727489471436,1.9090909957885742
142,DQHMED,344,1,1,0,0,1.0909091234207153,1.2727272510528564
142,DQHMED,345,1,1,0,0,0.9090909361839294,1.0909091234207153
142,DQHMED,346,1,1,0,0,1.454545497894287,1.2727272510528564
142,DQHMED,347,1,1,0,0,1.1818182468414307,0.4545454680919647
142,DQHMED,348,1,1,0,0,1.1818182468414307,1.5454546213150024
142,DQHMED,349,1,1,0,0,1.0909091234207153,0.9090909361839294
142,DQHMED,350,1,1,0,0,1.454545497894287,0.5454545617103577
142,DQHMED,351,1,1,0,0,0.5454545617103577,1.7272727489471436
142,DQHMED,352,1,1,0,0,1.2727272510528564,1.0
142,DQHMED,353,1,1,0,0,1.0909091234207153,0.8181818723678589
142,DQHMED,354,1,0,0,1,1.1818182468414307,3.4000000953674316
142,DQHMED,355,1,1,0,0,2.090909242630005,1.1818182468414307
142,DQHMED,356,0,1,1,0,1.2727272510528564,1.9090909957885742
142,DQHMED,357,0,1,1,0,0.8181818723678589,0.9090909361839294
142,DQHMED,358,1,1,0,0,0.8181818723678589,1.6363637447357178
142,DQHMED,359,1,1,0,0,0.9090909361839294,1.9090909957885742
142,DQHMED,360,1,1,0,0,1.3636363744735718,0.8181818723678589
142,DQHMED,361,1,1,0,0,1.3636363744735718,0.8181818723678589
142,DQHMED,362,1,1,0,0,1.454545497894287,1.6363637447357178
142,DQHMED,363,0,1,1,0,3.0,1.0909091234207153
142,DQHMED,364,0,1,1,0,1.6363637447357178,1.1818182468414307
142,DQHMED,365,1,1,0,0,1.0,0.7272727489471436
142,DQHMED,366,1,1,0,0,1.5454546213150024,1.0909091234207153
142,DQHMED,367,1,0,0,1,1.2727272510528564,2.454545497894287
142,DQHMED,368,1,1,0,0,1.2727272510528564,1.0
142,DQHMED,369,1,1,0,0,1.3636363744735718,1.7272727489471436
142,DQHMED,370,1,1,0,0,2.0,2.0
142,DQHMED,371,1,1,0,0,1.0909091234207153,2.0
142,DQHMED,372,1,1,0,0,1.5454546213150024,2.090909242630005
142,DQHMED,373,0,1,1,0,2.1818182468414307,2.0
142,DQHMED,374,1,0,0,1,1.6363637447357178,1.2727272510528564
142,DQHMED,375,1,1,0,0,1.1818182468414307,1.3636363744735718
142,DQHMED,376,1,1,0,0,2.090909242630005,1.6363637447357178
142,DQHMED,377,1,1,0,0,1.7272727489471436,1.9090909957885742
142,DQHMED,378,1,1,0,0,0.6363636255264282,1.454545497894287
142,DQHMED,379,1,1,0,0,1.8181818723678589,1.454545497894287
142,DQHMED,380,1,1,0,0,3.090909242630005,1.8181818723678589
142,DQHMED,381,1,1,0,0,0.5454545617103577,2.6363637447357178
142,DQHMED,382,1,1,0,0,1.454545497894287,3.0
142,DQHMED,383,1,0,0,1,2.2727272510528564,8.666666984558105
142,DQHMED,384,0,0,1,1,4.6666669845581055,1.0
142,DQHMED,385,0,0,1,1,7.25,0.7142857313156128
142,DQHMED,386,0,0,1,1,2.857142925262451,4.0
142,DQHMED,387,0,0,1,1,1.0,0.8181818723678589
142,DQHMED,388,0,0,1,1,0.625,1.7777777910232544
142,DQHMED,389,0,0,1,1,4.428571701049805,3.75
142,DQHMED,390,0,0,1,1,0.699999988079071,1.8000000715255737
142,DQHMED,391,0,1,1,0,3.0,1.0
142,DQHMED,392,1,1,0,0,0.8181818723678589,1.5454546213150024
142,DQHMED,393,1,1,0,0,0.5454545617103577,0.9090909361839294
142,DQHMED,394,0,1,1,0,1.8000000715255737,1.0
142,DQHMED,395,1,1,0,0,0.5454545617103577,1.2727272510528564
142,DQHMED,396,0,1,1,0,2.5,0.3636363744735718
142,DQHMED,397,0,1,1,0,2.2727272510528564,0.9090909361839294
142,DQHMED,398,1,1,0,0,0.6363636255264282,0.9090909361839294
142,DQHMED,399,1,1,0,0,1.0,1.6363637447357178
142,DQHMED,400,1,1,0,0,0.9090909361839294,1.6363637447357178
142,DQHMED,401,1,1,0,0,1.1818182468414307,0.8181818723678589
142,DQHMED,402,1,1,0,0,1.0,0.6363636255264282
142,DQHMED,403,1,1,0,0,0.6363636255264282,1.1818182468414307
142,DQHMED,404,1,0,0,1,1.5454546213150024,7.5714287757873535
142,DQHMED,405,1,1,0,0,0.4545454680919647,0.27272728085517883
142,DQHMED,406,1,1,0,0,0.7272727489471436,0.9090909361839294
142,DQHMED,407,1,1,0,0,1.0909091234207153,1.1818182468414307
142,DQHMED,408,1,1,0,0,1.1818182468414307,0.7272727489471436
142,DQHMED,409,1,1,0,0,0.9090909361839294,0.8181818723678589
142,DQHMED,410,1,1,0,0,0.9090909361839294,1.0909091234207153
142,DQHMED,411,1,1,0,0,0.9090909361839294,0.4545454680919647
142,DQHMED,412,1,1,0,0,1.0909091234207153,0.9090909361839294
142,DQHMED,413,1,1,0,0,1.0,0.6363636255264282
142,DQHMED,414,1,1,0,0,0.7272727489471436,0.8181818723678589
142,DQHMED,415,1,0,0,1,0.7272727489471436,1.7272727489471436
142,DQHMED,416,1,1,0,0,0.8181818723678589,0.9090909361839294
142,DQHMED,417,1,1,0,0,1.2727272510528564,1.0
142,DQHMED,418,1,1,0,0,1.0,1.0909091234207153
142,DQHMED,419,1,1,0,0,1.5454546213150024,0.8181818723678589
142,DQHMED,420,1,1,0,0,0.6363636255264282,1.1818182468414307
142,DQHMED,421,1,0,0,1,0.6363636255264282,2.0
142,DQHMED,422,1,1,0,0,1.0,1.2727272510528564
142,DQHMED,423,1,1,0,0,1.0909091234207153,0.9090909361839294
142,DQHMED,424,1,1,0,0,0.3636363744735718,0.7272727489471436
142,DQHMED,425,1,1,0,0,1.7272727489471436,1.0909091234207153
142,DQHMED,426,1,1,0,0,0.8181818723678589,0.6363636255264282
142,DQHMED,427,1,1,0,0,0.7272727489471436,0.4545454680919647
142,DQHMED,428,1,1,0,0,0.9090909361839294,0.9090909361839294
142,DQHMED,429,1,1,0,0,0.3636363744735718,0.7272727489471436
142,DQHMED,430,1,1,0,0,0.27272728085517883,0.7272727489471436
142,DQHMED,431,1,1,0,0,2.0,0.4545454680919647
142,DQHMED,432,1,1,0,0,0.8181818723678589,1.1818182468414307
142,DQHMED,433,1,1,0,0,1.0909091234207153,0.7272727489471436
142,DQHMED,434,1,1,0,0,1.8181818723678589,1.2727272510528564
142,DQHMED,435,1,0,0,1,1.0909091234207153,3.799999952316284
142,DQHMED,436,1,1,0,0,0.8181818723678589,1.8181818723678589
142,DQHMED,437,1,1,0,0,1.454545497894287,0.9090909361839294
142,DQHMED,438,1,1,0,0,0.7272727489471436,1.0
142,DQHMED,439,1,1,0,0,1.1818182468414307,1.2727272510528564
142,DQHMED,440,1,1,0,0,0.8181818723678589,1.0909091234207153
142,DQHMED,441,1,1,0,0,1.454545497894287,0.8181818723678589
142,DQHMED,442,1,0,0,1,0.8181818723678589,1.0
142,DQHMED,443,1,0,0,1,0.9090909361839294,1.0
142,DQHMED,444,1,0,0,1,0.5454545617103577,4.099999904632568
142,DQHMED,445,1,1,0,0,0.8181818723678589,0.8181818723678589
142,DQHMED,446,1,1,0,0,1.2727272510528564,1.0909091234207153
142,DQHMED,447,1,0,0,1,0.9090909361839294,1.1818182468414307
142,DQHMED,448,1,1,0,0,0.9090909361839294,0.9090909361839294
142,DQHMED,449,1,1,0,0,0.7272727489471436,0.7272727489471436
142,DQHMED,450,1,1,0,0,1.0909091234207153,1.2727272510528564
142,DQHMED,451,1,1,0,0,0.6363636255264282,1.1818182468414307
142,DQHMED,452,0,1,1,0,4.099999904632568,0.7272727489471436
142,DQHMED,453,1,1,0,0,1.0,1.0909091234207153
142,DQHMED,454,1,1,0,0,1.2727272510528564,0.5454545617103577
142,DQHMED,455,1,1,0,0,1.0,0.5454545617103577
142,DQHMED,456,1,1,0,0,1.0,1.0
142,DQHMED,457,1,1,0,0,1.6363637447357178,0.7272727489471436
142,DQHMED,458,1,1,0,0,1.3636363744735718,1.0909091234207153
142,DQHMED,459,1,1,0,0,1.6363637447357178,1.1818182468414307
142,DQHMED,460,1,1,0,0,0.9090909361839294,1.0
142,DQHMED,461,1,1,0,0,1.5454546213150024,0.6363636255264282
142,DQHMED,462,1,1,0,0,1.5454546213150024,1.1818182468414307
142,DQHMED,463,1,1,0,0,0.9090909361839294,1.8181818723678589
142,DQHMED,464,1,1,0,0,0.6363636255264282,0.5454545617103577
142,DQHMED,465,1,1,0,0,1.0,0.9090909361839294
142,DQHMED,466,1,1,0,0,0.6363636255264282,0.8181818723678589
142,DQHMED,467,1,1,0,0,1.0,1.0909091234207153
142,DQHMED,468,1,1,0,0,0.6363636255264282,0.3636363744735718
142,DQHMED,469,1,1,0,0,1.0,0.1818181872367859
142,DQHMED,470,1,1,0,0,1.2727272510528564,0.9090909361839294
142,DQHMED,471,1,1,0,0,1.0909091234207153,0.8181818723678589
142,DQHMED,472,1,1,0,0,1.1818182468414307,1.5454546213150024
142,DQHMED,473,1,1,0,0,1.0909091234207153,1.454545497894287
142,DQHMED,474,1,1,0,0,0.8181818723678589,1.2727272510528564
142,DQHMED,475,1,1,0,0,0.9090909361839294,1.454545497894287
142,DQHMED,476,1,1,0,0,1.1818182468414307,1.7272727489471436
142,DQHMED,477,1,1,0,0,1.2727272510528564,0.6363636255264282
142,DQHMED,478,1,1,0,0,1.0909091234207153,0.3636363744735718
142,DQHMED,479,1,1,0,0,0.5454545617103577,0.9090909361839294
142,DQHMED,480,1,1,0,0,0.7272727489471436,1.0909091234207153
142,DQHMED,481,1,1,0,0,0.7272727489471436,1.1818182468414307
142,DQHMED,482,1,1,0,0,1.0,1.3636363744735718
142,DQHMED,483,1,0,0,1,1.3636363744735718,0.6363636255264282
142,DQHMED,484,1,1,0,0,1.0,0.9090909361839294
142,DQHMED,485,1,0,0,1,1.0,1.2727272510528564
142,DQHMED,486,1,1,0,0,1.1818182468414307,1.0
142,DQHMED,487,1,1,0,0,1.0,1.3636363744735718
142,DQHMED,488,1,0,0,1,1.8181818723678589,1.0
142,DQHMED,489,1,1,0,0,1.0909091234207153,1.1818182468414307
142,DQHMED,490,1,1,0,0,0.5454545617103577,0.5454545617103577
142,DQHMED,491,1,1,0,0,0.6363636255264282,1.5454546213150024
142,DQHMED,492,1,1,0,0,1.7272727489471436,0.9090909361839294
142,DQHMED,493,1,1,0,0,1.0,1.6363637447357178
142,DQHMED,494,1,1,0,0,0.9090909361839294,1.5454546213150024
142,DQHMED,495,1,1,0,0,0.8181818723678589,1.7272727489471436
142,DQHMED,496,0,1,1,0,1.0909091234207153,1.1818182468414307
142,DQHMED,497,1,1,0,0,0.9090909361839294,1.1818182468414307
142,DQHMED,498,0,1,1,0,1.454545497894287,2.0
142,DQHMED,499,0,1,1,0,1.454545497894287,0.5454545617103577
142,DQHMED,500,1,1,0,0,1.3636363744735718,1.7272727489471436
142,DQHMED,501,0,1,1,0,2.090909242630005,1.0
142,DQHMED,502,1,0,0,1,0.7272727489471436,1.6363637447357178
142,DQHMED,503,0,1,1,0,1.454545497894287,1.1818182468414307
142,DQHMED,504,1,1,0,0,1.7272727489471436,0.9090909361839294
142,DQHMED,505,1,1,0,0,1.7272727489471436,0.6363636255264282
142,DQHMED,506,1,1,0,0,2.2727272510528564,1.5454546213150024
142,DQHMED,507,1,1,0,0,2.090909242630005,2.7272727489471436
142,DQHMED,508,1,0,0,1,2.909090995788574,1.3636363744735718
142,DQHMED,509,1,1,0,0,1.3636363744735718,1.2727272510528564
142,DQHMED,510,1,1,0,0,2.6363637447357178,2.0
142,DQHMED,511,1,1,0,0,1.5454546213150024,1.6363637447357178
242,DQHMED,0,0,0,1,1,3.0,0.6000000238418579
242,DQHMED,1,0,0,1,1,0.8571429252624512,5.0
242,DQHMED,2,0,0,1,1,0.75,1.6363637447357178
242,DQHMED,3,0,0,1,1,4.0,0.8571429252624512
242,DQHMED,4,0,0,1,1,2.0,2.1666667461395264
242,DQHMED,5,0,0,1,1,1.2000000476837158,1.3000000715255737
242,DQHMED,6,0,0,1,1,1.100000023841858,2.8888888359069824
242,DQHMED,7,0,0,1,1,1.5,3.0
242,DQHMED,8,0,0,1,1,1.399999976158142,1.0
242,DQHMED,9,0,0,1,1,3.3333334922790527,2.0
242,DQHMED,10,1,1,0,0,1.0909091234207153,1.2727272510528564
242,DQHMED,11,0,0,1,1,3.0,1.9090909957885742
242,DQHMED,12,1,0,0,1,1.2727272510528564,1.2000000476837158
242,DQHMED,13,0,1,1,0,1.899999976158142,1.0909091234207153
242,DQHMED,14,1,1,0,0,1.0909091234207153,0.6363636255264282
242,DQHMED,15,1,0,0,1,1.1818182468414307,2.0
242,DQHMED,16,1,1,0,0,0.8181818723678589,0.4545454680919647
242,DQHMED,17,0,1,1,0,1.899999976158142,0.9090909361839294
242,DQHMED,18,1,1,0,0,1.0,1.0
242,DQHMED,19,1,1,0,0,0.6363636255264282,1.3636363744735718
242,DQHMED,20,1,1,0,0,1.0909091234207153,1.3636363744735718
242,DQHMED,21,1,1,0,0,0.6363636255264282,1.3636363744735718
242,DQHMED,22,0,1,1,0,1.5454546213150024,1.0
242,DQHMED,23,1,1,0,0,1.2727272510528564,1.0
242,DQHMED,24,1,1,0,0,1.0,1.1818182468414307
242,DQHMED,25,0,1,1,0,2.0,0.9090909361839294
242,DQHMED,26,1,1,0,0,0.3636363744735718,0.7272727489471436
242,DQHMED,27,1,1,0,0,0.5454545617103577,1.0909091234207153
242,DQHMED,28,1,1,0,0,1.0,0.9090909361839294
242,DQHMED,29,1,0,0,1,0.4545454680919647,3.8888888359069824
242,DQHMED,30,1,1,0,0,1.454545497894287,1.1818182468414307
242,DQHMED,31,1,1,0,0,1.0909091234207153,1.5454546213150024
242,DQHMED,32,1,1,0,0,0.6363636255264282,1.1818182468414307
242,DQHMED,33,1,1,0,0,0.4545454680919647,0.27272728085517883
242,DQHMED,34,1,1,0,0,0.8181818723678589,1.1818182468414307
242,DQHMED,35,1,1,0,0,1.8181818723678589,1.3636363744735718
242,DQHMED,36,0,1,1,0,1.399999976158142,0.3636363744735718
242,DQHMED,37,1,1,0,0,0.7272727489471436,0.9090909361839294
242,DQHMED,38,1,1,0,0,0.9090909361839294,1.5454546213150024
242,DQHMED,39,1,1,0,0,0.7272727489471436,0.5454545617103577
242,DQHMED,40,1,1,0,0,0.8181818723678589,0.9090909361839294
242,DQHMED,41,1,1,0,0,0.1818181872367859,0.7272727489471436
242,DQHMED,42,1,1,0,0,0.9090909361839294,0.7272727489471436
242,DQHMED,43,1,1,0,0,1.0909091234207153,1.1818182468414307
242,DQHMED,44,1,1,0,0,1.2727272510528564,1.2727272510528564
242,DQHMED,45,1,1,0,0,0.6363636255264282,0.4545454680919647
242,DQHMED,46,1,1,0,0,1.0,0.6363636255264282
242,DQHMED,47,1,1,0,0,0.7272727489471436,1.2727272510528564
242,DQHMED,48,1,1,0,0,1.0,1.0
242,DQHMED,49,1,0,0,1,0.8181818723678589,2.7272727489471436
242,DQHMED,50,1,1,0,0,1.9090909957885742,1.9090909957885742
242,DQHMED,51,1,0,0,1,1.454545497894287,1.1818182468414307
242,DQHMED,52,1,1,0,0,0.27272728085517883,1.2727272510528564
242,DQHMED,53,1,1,0,0,1.0,1.454545497894287
242,DQHMED,54,1,1,0,0,0.8181818723678589,0.7272727489471436
242,DQHMED,55,1,1,0,0,1.0,1.454545497894287
242,DQHMED,56,1,1,0,0,0.6363636255264282,0.8181818723678589
242,DQHMED,57,1,1,0,0,0.4545454680919647,0.8181818723678589
242,DQHMED,58,1,0,0,1,1.1818182468414307,1.0909091234207153
242,DQHMED,59,1,1,0,0,1.454545497894287,1.0
242,DQHMED,60,1,1,0,0,1.0909091234207153,0.9090909361839294
242,DQHMED,61,1,1,0,0,0.7272727489471436,1.2727272510528564
242,DQHMED,62,1,1,0,0,0.9090909361839294,0.6363636255264282
242,DQHMED,63,1,0,0,1,1.2727272510528564,0.8181818723678589
242,DQHMED,64,1,0,0,1,1.1818182468414307,2.200000047683716
242,DQHMED,65,1,1,0,0,1.1818182468414307,1.454545497894287
242,DQHMED,66,1,1,0,0,0.9090909361839294,0.8181818723678589
242,DQHMED,67,1,0,0,1,0.8181818723678589,0.9090909361839294
242,DQHMED,68,0,1,1,0,2.545454502105713,0.3636363744735718
242,DQHMED,69,1,1,0,0,1.0909091234207153,1.0
242,DQHMED,70,1,1,0,0,1.0909091234207153,1.8181818723678589
242,DQHMED,71,1,0,0,1,1.6363637447357178,2.7272727489471436
242,DQHMED,72,1,1,0,0,0.8181818723678589,0.7272727489471436
242,DQHMED,73,1,1,0,0,0.4545454680919647,0.4545454680919647
242,DQHMED,74,1,1,0,0,1.2727272510528564,0.6363636255264282
242,DQHMED,75,1,1,0,0,1.7272727489471436,1.0
242,DQHMED,76,1,1,0,0,1.8181818723678589,1.3636363744735718
242,DQHMED,77,1,1,0,0,0.7272727489471436,1.1818182468414307
242,DQHMED,78,1,1,0,0,1.0909091234207153,0.8181818723678589
242,DQHMED,79,1,1,0,0,0.8181818723678589,1.5454546213150024
242,DQHMED,80,1,1,0,0,0.8181818723678589,1.0
242,DQHMED,81,1,1,0,0,1.1818182468414307,0.8181818723678589
242,DQHMED,82,1,1,0,0,0.8181818723678589,1.1818182468414307
242,DQHMED,83,1,1,0,0,1.3636363744735718,1.454545497894287
242,DQHMED,84,1,1,0,0,0.5454545617103577,1.0
242,DQHMED,85,1,1,0,0,1.3636363744735718,0.9090909361839294
242,DQHMED,86,1,1,0,0,1.454545497894287,0.7272727489471436
242,DQHMED,87,1,1,0,0,0.9090909361839294,1.2727272510528564
242,DQHMED,88,1,1,0,0,1.1818182468414307,0.8181818723678589
242,DQHMED,89,1,1,0,0,1.6363637447357178,1.5454546213150024
242,DQHMED,90,1,1,0,0,1.0,0.8181818723678589
242,DQHMED,91,1,1,0,0,1.8181818723678589,0.9090909361839294
242,DQHMED,92,1,1,0,0,1.1818182468414307,1.0909091234207153
242,DQHMED,93,1,1,0,0,0.7272727489471436,0.9090909361839294
242,DQHMED,94,1,1,0,0,0.8181818723678589,1.454545497894287
242,DQHMED,95,1,1,0,0,2.0,1.3636363744735718
242,DQHMED,96,1,1,0,0,1.454545497894287,0.9090909361839294
242,DQHMED,97,1,1,0,0,1.2727272510528564,1.454545497894287
242,DQHMED,98,1,1,0,0,0.8181818723678589,1.8181818723678589
242,DQHMED,99,1,1,0,0,0.3636363744735718,1.2727272510528564
242,DQHMED,100,0,1,1,0,1.5454546213150024,1.1818182468414307
242,DQHMED,101,1,1,0,0,1.1818182468414307,1.454545497894287
242,DQHMED,102,1,1,0,0,1.0,1.0
242,DQHMED,103,0,1,1,0,2.3636364936828613,0.5454545617103577
242,DQHMED,104,1,1,0,0,0.3636363744735718,1.7272727489471436
242,DQHMED,105,1,1,0,0,1.0,1.1818182468414307
242,DQHMED,106,0,1,1,0,0.9090909361839294,1.0909091234207153
242,DQHMED,107,1,1,0,0,1.2727272510528564,1.8181818723678589
242,DQHMED,108,1,1,0,0,1.5454546213150024,0.8181818723678589
242,DQHMED,109,1,0,0,1,0.8181818723678589,1.2727272510528564
242,DQHMED,110,1,1,0,0,1.0,1.1818182468414307
242,DQHMED,111,1,1,0,0,2.3636364936828613,1.7272727489471436
242,DQHMED,112,1,1,0,0,1.6363637447357178,1.2727272510528564
242,DQHMED,113,1,1,0,0,0.9090909361839294,1.1818182468414307
242,DQHMED,114,1,1,0,0,1.6363637447357178,1.454545497894287
242,DQHMED,115,1,1,0,0,1.3636363744735718,1.5454546213150024
242,DQHMED,116,1,1,0,0,1.8181818723678589,0.7272727489471436
242,DQHMED,117,1,1,0,0,1.0909091234207153,1.3636363744735718
242,DQHMED,118,1,1,0,0,1.1818182468414307,1.3636363744735718
242,DQHMED,119,1,1,0,0,1.0909091234207153,2.090909242630005
242,DQHMED,120,1,1,0,0,1.2727272510528564,1.0
242,DQHMED,121,1,1,0,0,1.454545497894287,0.9090909361839294
242,DQHMED,122,1,1,0,0,1.0909091234207153,1.6363637447357178
242,DQHMED,123,1,0,0,1,1.454545497894287,3.1818182468414307
242,DQHMED,124,1,1,0,0,1.9090909957885742,1.1818182468414307
242,DQHMED,125,0,1,1,0,3.6363637447357178,2.545454502105713
242,DQHMED,126,1,1,0,0,3.454545497894287,1.3636363744735718
242,DQHMED,127,0,1,1,0,15.333333015441895,1.1818182468414307
242,DQHMED,128,0,0,1,1,6.0,12.0
242,DQHMED,129,0,0,1,1,2.200000047683716,1.4285714626312256
242,DQHMED,130,0,0,1,1,1.3333333730697632,1.8333333730697632
242,DQHMED,131,0,0,1,1,5.599999904632568,0.5555555820465088
242,DQHMED,132,0,0,1,1,1.625,1.25
242,DQHMED,133,0,0,1,1,1.2222222089767456,1.2222222089767456
242,DQHMED,134,0,0,1,1,1.6666666269302368,1.875
242,DQHMED,135,0,0,1,1,1.600000023841858,1.3333333730697632
242,DQHMED,136,0,0,1,1,1.5454546213150024,0.9000000357627869
242,DQHMED,137,0,0,1,1,1.454545497894287,3.000000238418579
242,DQHMED,138,0,0,1,1,2.444444417953491,1.2727272510528564
242,DQHMED,139,0,0,1,1,4.5,5.75
242,DQHMED,140,1,1,0,0,1.3636363744735718,0.8181818723678589
242,DQHMED,141,0,1,1,0,4.0,1.0909091234207153
242,DQHMED,142,1,1,0,0,1.0909091234207153,1.0
242,DQHMED,143,0,1,1,0,1.600000023841858,0.7272727489471436
242,DQHMED,144,1,1,0,0,1.0909091234207153,0.3636363744735718
242,DQHMED,145,0,1,1,0,1.5454546213150024,0.8181818723678589
242,DQHMED,146,1,1,0,0,0.6363636255264282,1.0
242,DQHMED,147,0,1,1,0,2.9000000953674316,1.3636363744735718
242,DQHMED,148,1,0,0,1,0.9090909361839294,0.9090909361839294
242,DQHMED,149,1,0,0,1,0.8181818723678589,1.5454546213150024
242,DQHMED,150,0,1,1,0,3.0,1.1818182468414307
242,DQHMED,151,0,1,1,0,1.9090909957885742,1.0
242,DQHMED,152,1,1,0,0,1.0,1.1818182468414307
242,DQHMED,153,0,1,1,0,2.700000047683716,0.5454545617103577
242,DQHMED,154,1,1,0,0,1.0909091234207153,1.0
242,DQHMED,155,1,1,0,0,0.9090909361839294,0.6363636255264282
242,DQHMED,156,1,1,0,0,1.6363637447357178,0.6363636255264282
242,DQHMED,157,1,1,0,0,0.8181818723678589,0.6363636255264282
242,DQHMED,158,1,1,0,0,0.9090909361839294,1.0909091234207153
242,DQHMED,159,1,1,0,0,0.6363636255264282,1.2727272510528564
242,DQHMED,160,1,1,0,0,0.6363636255264282,0.8181818723678589
242,DQHMED,161,1,1,0,0,0.8181818723678589,0.8181818723678589
242,DQHMED,162,1,1,0,0,0.4545454680919647,1.0
242,DQHMED,163,1,1,0,0,1.2727272510528564,0.5454545617103577
242,DQHMED,164,1,1,0,0,0.6363636255264282,0.9090909361839294
242,DQHMED,165,1,1,0,0,1.0909091234207153,0.9090909361839294
242,DQHMED,166,1,1,0,0,0.6363636255264282,0.8181818723678589
242,DQHMED,167,1,1,0,0,1.2727272510528564,1.7272727489471436
242,DQHMED,168,1,1,0,0,0.6363636255264282,0.3636363744735718
242,DQHMED,169,1,1,0,0,0.4545454680919647,1.1818182468414307
242,DQHMED,170,1,1,0,0,0.9090909361839294,1.0
242,DQHMED,171,1,1,0,0,0.8181818723678589,0.6363636255264282
242,DQHMED,172,1,1,0,0,0.8181818723678589,1.8181818723678589
242,DQHMED,173,1,1,0,0,1.1818182468414307,1.0
242,DQHMED,174,1,0,0,1,1.8181818723678589,2.454545497894287
242,DQHMED,175,1,1,0,0,1.2727272510528564,1.454545497894287
242,DQHMED,176,1,1,0,0,0.7272727489471436,0.9090909361839294
242,DQHMED,177,1,1,0,0,0.5454545617103577,0.5454545617103577
242,DQHMED,178,1,1,0,0,0.7272727489471436,0.9090909361839294
242,DQHMED,179,1,1,0,0,1.1818182468414307,0.8181818723678589
242,DQHMED,180,1,1,0,0,1.0909091234207153,0.7272727489471436
242,DQHMED,181,1,0,0,1,0.6363636255264282,1.5454546213150024
242,DQHMED,182,1,1,0,0,1.5454546213150024,1.6363637447357178
242,DQHMED,183,1,1,0,0,0.1818181872367859,1.0909091234207153
242,DQHMED,184,0,1,1,0,0.8181818723678589,0.5454545617103577
242,DQHMED,185,1,1,0,0,0.27272728085517883,0.6363636255264282
242,DQHMED,186,1,1,0,0,0.9090909361839294,1.0909091234207153
242,DQHMED,187,1,1,0,0,0.27272728085517883,0.4545454680919647
242,DQHMED,188,1,1,0,0,0.8181818723678589,0.9090909361839294
242,DQHMED,189,1,1,0,0,0.5454545617103577,1.3636363744735718
242,DQHMED,190,1,1,0,0,0.9090909361839294,1.454545497894287
242,DQHMED,191,1,0,0,1,1.0,4.800000190734863
242,DQHMED,192,1,1,0,0,1.0,0.9090909361839294
242,DQHMED,193,1,0,0,1,0.9090909361839294,1.0
242,DQHMED,194,1,1,0,0,0.5454545617103577,0.3636363744735718
242,DQHMED,195,1,1,0,0,1.2727272510528564,0.6363636255264282
242,DQHMED,196,0,1,1,0,0.3636363744735718,0.8181818723678589
242,DQHMED,197,1,1,0,0,0.8181818723678589,1.5454546213150024
242,DQHMED,198,1,1,0,0,1.1818182468414307,0.9090909361839294
242,DQHMED,199,1,1,0,0,1.2727272510528564,0.7272727489471436
242,DQHMED,200,1,1,0,0,1.1818182468414307,0.4545454680919647
242,DQHMED,201,1,1,0,0,1.8181818723678589,0.7272727489471436
242,DQHMED,202,1,1,0,0,1.2727272510528564,1.5454546213150024
242,DQHMED,203,1,1,0,0,1.0,1.454545497894287
242,DQHMED,204,1,1,0,0,1.3636363744735718,1.0
242,DQHMED,205,1,1,0,0,0.9090909361839294,0.4545454680919647
242,DQHMED,206,1,1,0,0,0.7272727489471436,1.3636363744735718
242,DQHMED,207,1,1,0,0,1.2727272510528564,0.9090909361839294
242,DQHMED,208,0,1,1,0,3.0,1.7272727489471436
242,DQHMED,209,1,1,0,0,1.2727272510528564,0.6363636255264282
242,DQHMED,210,1,1,0,0,1.0,0.8181818723678589
242,DQHMED,211,1,1,0,0,0.7272727489471436,1.6363637447357178
242,DQHMED,212,1,1,0,0,0.9090909361839294,0.8181818723678589
242,DQHMED,213,1,1,0,0,0.6363636255264282,1.454545497894287
242,DQHMED,214,1,1,0,0,1.3636363744735718,0.9090909361839294
242,DQHMED,215,1,1,0,0,0.9090909361839294,1.1818182468414307
242,DQHMED,216,1,0,0,1,1.5454546213150024,2.6000001430511475
242,DQHMED,217,1,1,0,0,0.9090909361839294,1.1818182468414307
242,DQHMED,218,1,1,0,0,0.3636363744735718,1.1818182468414307
242,DQHMED,219,1,1,0,0,1.1818182468414307,0.7272727489471436
242,DQHMED,220,1,1,0,0,1.1818182468414307,0.8181818723678589
242,DQHMED,221,1,1,0,0,1.454545497894287,1.0909091234207153
242,DQHMED,222,1,1,0,0,0.5454545617103577,0.6363636255264282
242,DQHMED,223,1,1,0,0,0.8181818723678589,0.5454545617103577
242,DQHMED,224,1,1,0,0,1.1818182468414307,1.0909091234207153
242,DQHMED,225,1,1,0,0,1.8181818723678589,1.1818182468414307
242,DQHMED,226,1,1,0,0,1.1818182468414307,1.8181818723678589
242,DQHMED,227,1,1,0,0,1.0909091234207153,1.0
242,DQHMED,228,1,1,0,0,1.1818182468414307,1.0
242,DQHMED,229,1,1,0,0,1.6363637447357178,0.8181818723678589
242,DQHMED,230,1,1,0,0,1.5454546213150024,1.454545497894287
242,DQHMED,231,1,1,0,0,1.1818182468414307,0.5454545617103577
242,DQHMED,232,1,1,0,0,1.0,0.8181818723678589
242,DQHMED,233,1,1,0,0,0.9090909361839294,1.1818182468414307
242,DQHMED,234,1,1,0,0,1.5454546213150024,1.3636363744735718
242,DQHMED,235,1,0,0,1,1.2727272510528564,2.545454502105713
242,DQHMED,236,1,1,0,0,2.3636364936828613,2.090909242630005
242,DQHMED,237,1,1,0,0,2.454545497894287,0.5454545617103577
242,DQHMED,238,1,1,0,0,1.1818182468414307,0.8181818723678589
242,DQHMED,239,1,1,0,0,1.0909091234207153,1.7272727489471436
242,DQHMED,240,1,1,0,0,1.454545497894287,0.8181818723678589
242,DQHMED,241,0,1,1,0,2.2727272510528564,1.454545497894287
242,DQHMED,242,1,1,0,0,1.1818182468414307,0.7272727489471436
242,DQHMED,243,1,1,0,0,1.6363637447357178,1.454545497894287
242,DQHMED,244,1,1,0,0,1.454545497894287,1.5454546213150024
242,DQHMED,245,1,1,0,0,1.454545497894287,0.7272727489471436
242,DQHMED,246,1,1,0,0,1.0,1.6363637447357178
242,DQHMED,247,1,1,0,0,2.7272727489471436,1.2727272510528564
242,DQHMED,248,1,1,0,0,1.9090909957885742,1.0
242,DQHMED,249,1,0,0,1,1.8181818723678589,1.2727272510528564
242,DQHMED,250,1,1,0,0,1.3636363744735718,1.8181818723678589
242,DQHMED,251,1,1,0,0,1.1818182468414307,1.3636363744735718
242,DQHMED,252,1,1,0,0,1.5454546213150024,1.7272727489471436
242,DQHMED,253,1,1,0,0,1.8181818723678589,1.8181818723678589
242,DQHMED,254,1,1,0,0,2.1818182468414307,2.3636364936828613
242,DQHMED,255,1,1,0,0,1.9090909957885742,2.2727272510528564
242,DQHMED,256,0,0,1,1,1.0,2.200000047683716
242,DQHMED,257,0,0,1,1,1.0,0.4285714626312256
242,DQHMED,258,0,0,1,1,3.4000000953674316,1.5555555820465088
242,DQHMED,259,0,0,1,1,0.8888888955116272,1.6666666269302368
242,DQHMED,260,0,0,1,1,1.0,1.6666666269302368
242,DQHMED,261,0,0,1,1,1.4444444179534912,2.125
242,DQHMED,262,0,0,1,1,1.399999976158142,0.699999988079071
242,DQHMED,263,0,0,1,1,1.0,2.625
242,DQHMED,264,0,0,1,1,4.428571701049805,3.5
242,DQHMED,265,0,0,1,1,1.5454546213150024,1.75
242,DQHMED,266,0,0,1,1,3.1111111640930176,9.5
242,DQHMED,267,1,0,0,1,1.1818182468414307,0.875
242,DQHMED,268,1,1,0,0,1.0909091234207153,1.2727272510528564
242,DQHMED,269,1,0,0,1,0.8181818723678589,4.800000190734863
242,DQHMED,270,1,1,0,0,0.8181818723678589,0.7272727489471436
242,DQHMED,271,1,1,0,0,0.7272727489471436,0.9090909361839294
242,DQHMED,272,1,1,0,0,0.8181818723678589,0.5454545617103577
242,DQHMED,273,0,1,1,0,0.4545454680919647,1.1818182468414307
242,DQHMED,274,1,1,0,0,0.8181818723678589,0.3636363744735718
242,DQHMED,275,0,0,1,1,1.0,2.75
242,DQHMED,276,1,1,0,0,0.6363636255264282,1.3636363744735718
242,DQHMED,277,1,0,0,1,1.0909091234207153,1.6363637447357178
242,DQHMED,278,0,1,1,0,2.299999952316284,0.7272727489471436
242,DQHMED,279,1,1,0,0,0.3636363744735718,1.0
242,DQHMED,280,1,0,0,1,1.0909091234207153,1.7272727489471436
242,DQHMED,281,1,1,0,0,1.6363637447357178,1.1818182468414307
242,DQHMED,282,1,1,0,0,1.1818182468414307,0.4545454680919647
242,DQHMED,283,1,1,0,0,0.8181818723678589,0.6363636255264282
242,DQHMED,284,1,1,0,0,1.0,1.3636363744735718
242,DQHMED,285,1,0,0,1,0.9090909361839294,3.75
242,DQHMED,286,1,1,0,0,1.2727272510528564,2.454545497894287
242,DQHMED,287,1,1,0,0,1.2727272510528564,1.0909091234207153
242,DQHMED,288,1,1,0,0,0.4545454680919647,1.0909091234207153
242,DQHMED,289,1,1,0,0,0.4545454680919647,0.9090909361839294
242,DQHMED,290,1,1,0,0,0.1818181872367859,1.0
242,DQHMED,291,1,1,0,0,1.1818182468414307,1.1818182468414307
242,DQHMED,292,1,1,0,0,1.0909091234207153,0.8181818723678589
242,DQHMED,293,1,1,0,0,1.454545497894287,1.0909091234207153
242,DQHMED,294,1,0,0,1,0.6363636255264282,0.7272727489471436
242,DQHMED,295,1,1,0,0,0.8181818723678589,1.8181818723678589
242,DQHMED,296,1,1,0,0,1.5454546213150024,1.3636363744735718
242,DQHMED,297,1,1,0,0,0.8181818723678589,0.9090909361839294
242,DQHMED,298,1,1,0,0,1.0,1.1818182468414307
242,DQHMED,299,1,1,0,0,1.1818182468414307,0.9090909361839294
242,DQHMED,300,1,1,0,0,0.8181818723678589,2.1818182468414307
242,DQHMED,301,1,1,0,0,0.7272727489471436,0.9090909361839294
242,DQHMED,302,1,1,0,0,0.9090909361839294,0.8181818723678589
242,DQHMED,303,1,1,0,0,0.9090909361839294,0.9090909361839294
242,DQHMED,304,1,1,0,0,1.1818182468414307,0.9090909361839294
242,DQHMED,305,1,1,0,0,1.1818182468414307,0.8181818723678589
242,DQHMED,306,1,1,0,0,1.0,0.7272727489471436
242,DQHMED,307,1,1,0,0,1.5454546213150024,1.454545497894287
242,DQHMED,308,0,1,1,0,1.5454546213150024,1.1818182468414307
242,DQHMED,309,1,1,0,0,0.8181818723678589,0.6363636255264282
242,DQHMED,310,1,1,0,0,1.1818182468414307,0.6363636255264282
242,DQHMED,311,1,1,0,0,0.9090909361839294,1.3636363744735718
242,DQHMED,312,1,1,0,0,1.0,0.1818181872367859
242,DQHMED,313,1,1,0,0,1.8181818723678589,1.0909091234207153
242,DQHMED,314,1,1,0,0,1.5454546213150024,0.9090909361839294
242,DQHMED,315,1,1,0,0,1.7272727489471436,0.9090909361839294
242,DQHMED,316,1,1,0,0,1.0,0.5454545617103577
242,DQHMED,317,1,1,0,0,0.8181818723678589,1.454545497894287
242,DQHMED,318,1,1,0,0,1.2727272510528564,0.9090909361839294
242,DQHMED,319,1,1,0,0,0.9090909361839294,1.1818182468414307
242,DQHMED,320,1,1,0,0,0.4545454680919647,0.9090909361839294
242,DQHMED,321,1,1,0,0,1.0909091234207153,0.5454545617103577
242,DQHMED,322,1,1,0,0,1.2727272510528564,0.8181818723678589
242,DQHMED,323,1,1,0,0,1.3636363744735718,1.8181818723678589
242,DQHMED,324,1,1,0,0,1.2727272510528564,0.5454545617103577
242,DQHMED,325,0,1,1,0,5.0,1.5454546213150024
242,DQHMED,326,1,1,0,0,1.2727272510528564,0.6363636255264282
242,DQHMED,327,1,1,0,0,0.9090909361839294,0.5454545617103577
242,DQHMED,328,1,1,0,0,1.1818182468414307,1.0909091234207153
242,DQHMED,329,1,1,0,0,0.7272727489471436,0.4545454680919647
242,DQHMED,330,0,1,1,0,1.0,2.090909242630005
242,DQHMED,331,1,1,0,0,1.0909091234207153,1.0909091234207153
242,DQHMED,332,1,1,0,0,1.0909091234207153,0.8181818723678589
242,DQHMED,333,1,1,0,0,0.5454545617103577,0.5454545617103577
242,DQHMED,334,1,1,0,0,1.8181818723678589,1.0909091234207153
242,DQHMED,335,1,1,0,0,1.3636363744735718,0.8181818723678589
242,DQHMED,336,1,1,0,0,1.2727272510528564,1.2727272510528564
242,DQHMED,337,1,1,0,0,0.9090909361839294,0.9090909361839294
242,DQHMED,338,1,1,0,0,0.9090909361839294,0.8181818723678589
242,DQHMED,339,1,1,0,0,0.8181818723678589,1.1818182468414307
242,DQHMED,340,1,1,0,0,1.0,1.0909091234207153
242,DQHMED,341,1,1,0,0,1.7272727489471436,0.3636363744735718
242,DQHMED,342,1,1,0,0,1.5454546213150024,1.3636363744735718
242,DQHMED,343,1,1,0,0,0.8181818723678589,1.454545497894287
242,DQHMED,344,1,1,0,0,2.2727272510528564,1.3636363744735718
242,DQHMED,345,1,1,0,0,1.2727272510528564,0.8181818723678589
242,DQHMED,346,1,1,0,0,1.3636363744735718,1.6363637447357178
242,DQHMED,347,1,1,0,0,1.454545497894287,1.454545497894287
242,DQHMED,348,1,1,0,0,1.3636363744735718,1.3636363744735718
242,DQHMED,349,1,1,0,0,2.454545497894287,0.7272727489471436
242,DQHMED,350,1,1,0,0,1.1818182468414307,2.0
242,DQHMED,351,1,1,0,0,2.1818182468414307,0.9090909361839294
242,DQHMED,352,1,1,0,0,1.2727272510528564,1.3636363744735718
242,DQHMED,353,0,0,1,1,1.3636363744735718,0.8181818723678589
242,DQHMED,354,1,1,0,0,1.5454546213150024,0.7272727489471436
242,DQHMED,355,1,1,0,0,1.5454546213150024,1.3636363744735718
242,DQHMED,356,1,1,0,0,0.9090909361839294,1.1818182468414307
242,DQHMED,357,1,0,0,1,1.8181818723678589,2.9000000953674316
242,DQHMED,358,1,1,0,0,1.0909091234207153,2.0
242,DQHMED,359,1,1,0,0,1.1818182468414307,0.9090909361839294
242,DQHMED,360,1,1,0,0,1.5454546213150024,1.6363637447357178
242,DQHMED,361,0,1,1,0,2.909090995788574,1.1818182468414307
242,DQHMED,362,1,1,0,0,1.454545497894287,1.0909091234207153
242,DQHMED,363,1,1,0,0,0.4545454680919647,1.5454546213150024
242,DQHMED,364,1,1,0,0,1.0,0.9090909361839294
242,DQHMED,365,1,1,0,0,1.7272727489471436,1.7272727489471436
242,DQHMED,366,1,1,0,0,2.0,2.454545497894287
242,DQHMED,367,1,1,0,0,1.3636363744735718,1.7272727489471436
242,DQHMED,368,1,1,0,0,1.0909091234207153,2.1818182468414307
242,DQHMED,369,1,1,0,0,0.7272727489471436,1.1818182468414307
242,DQHMED,370,1,1,0,0,1.3636363744735718,1.5454546213150024
242,DQHMED,371,1,1,0,0,1.2727272510528564,1.5454546213150024
242,DQHMED,372,1,1,0,0,1.0,1.0
242,DQHMED,373,1,1,0,0,2.1818182468414307,2.3636364936828613
242,DQHMED,374,1,1,0,0,0.4545454680919647,1.0909091234207153
242,DQHMED,375,0,1,1,0,1.2727272510528564,1.9090909957885742
242,DQHMED,376,0,1,1,0,0.6363636255264282,1.454545497894287
242,DQHMED,377,0,1,1,0,2.0,1.0909091234207153
242,DQHMED,378,1,1,0,0,1.8181818723678589,1.6363637447357178
242,DQHMED,379,1,1,0,0,1.454545497894287,0.7272727489471436
242,DQHMED,380,1,0,0,1,1.2727272510528564,11.000000953674316
242,DQHMED,381,1,0,0,1,2.454545497894287,1.8181818723678589
242,DQHMED,382,1,1,0,0,1.7272727489471436,2.8181819915771484
242,DQHMED,383,0,1,1,0,2.3636364936828613,1.454545497894287
242,DQHMED,384,0,0,1,1,3.6666667461395264,4.0
242,DQHMED,385,0,0,1,1,1.6666667461395264,1.1111111640930176
242,DQHMED,386,0,0,1,1,1.0,2.0
242,DQHMED,387,0,0,1,1,1.0,1.6666666269302368
242,DQHMED,388,0,0,1,1,8.25,1.3333333730697632
242,DQHMED,389,0,0,1,1,1.0,1.75
242,DQHMED,390,0,0,1,1,0.8571429252624512,3.444444417953491
242,DQHMED,391,0,0,1,1,1.2222222089767456,1.5454546213150024
242,DQHMED,392,0,0,1,1,1.7142858505249023,0.8181818723678589
242,DQHMED,393,0,0,1,1,1.7142858505249023,1.8000000715255737
242,DQHMED,394,0,1,1,0,1.3636363744735718,1.1818182468414307
242,DQHMED,395,0,1,1,0,2.6666667461395264,1.0909091234207153
242,DQHMED,396,0,1,1,0,2.8333334922790527,0.9090909361839294
242,DQHMED,397,0,1,1,0,1.0,1.0
242,DQHMED,398,1,1,0,0,1.0909091234207153,1.0909091234207153
242,DQHMED,399,1,1,0,0,1.0,0.9090909361839294
242,DQHMED,400,1,0,0,1,1.0909091234207153,3.222222328186035
242,DQHMED,401,1,0,0,1,0.3636363744735718,1.9090909957885742
242,DQHMED,402,1,1,0,0,0.5454545617103577,0.4545454680919647
242,DQHMED,403,0,1,1,0,2.0,1.0
242,DQHMED,404,1,1,0,0,0.5454545617103577,0.7272727489471436
242,DQHMED,405,1,1,0,0,0.8181818723678589,1.1818182468414307
242,DQHMED,406,1,1,0,0,1.0909091234207153,1.0909091234207153
242,DQHMED,407,1,1,0,0,1.0909091234207153,0.8181818723678589
242,DQHMED,408,1,1,0,0,0.27272728085517883,1.1818182468414307
242,DQHMED,409,1,1,0,0,0.9090909361839294,1.0
242,DQHMED,410,1,1,0,0,1.9090909957885742,1.1818182468414307
242,DQHMED,411,1,1,0,0,0.5454545617103577,1.0909091234207153
242,DQHMED,412,1,1,0,0,1.2727272510528564,0.9090909361839294
242,DQHMED,413,1,1,0,0,0.5454545617103577,0.8181818723678589
242,DQHMED,414,1,1,0,0,0.6363636255264282,1.0909091234207153
242,DQHMED,415,1,1,0,0,0.3636363744735718,1.2727272510528564
242,DQHMED,416,1,1,0,0,1.5454546213150024,1.0909091234207153
242,DQHMED,417,1,1,0,0,0.9090909361839294,0.5454545617103577
242,DQHMED,418,1,1,0,0,0.3636363744735718,0.8181818723678589
242,DQHMED,419,1,1,0,0,0.4545454680919647,1.0
242,DQHMED,420,1,0,0,1,0.27272728085517883,1.0909091234207153
242,DQHMED,421,1,1,0,0,0.4545454680919647,1.1818182468414307
242,DQHMED,422,1,1,0,0,0.6363636255264282,0.7272727489471436
242,DQHMED,423,1,1,0,0,0.8181818723678589,0.3636363744735718
242,DQHMED,424,1,1,0,0,0.7272727489471436,0.5454545617103577
242,DQHMED,425,1,1,0,0,1.2727272510528564,0.4545454680919647
242,DQHMED,426,1,1,0,0,0.6363636255264282,1.0909091234207153
242,DQHMED,427,0,1,1,0,4.5,0.9090909361839294
242,DQHMED,428,1,1,0,0,0.6363636255264282,0.4545454680919647
242,DQHMED,429,1,0,0,1,0.5454545617103577,1.1818182468414307
242,DQHMED,430,1,1,0,0,0.6363636255264282,1.6363637447357178
242,DQHMED,431,1,1,0,0,1.3636363744735718,1.1818182468414307
242,DQHMED,432,1,1,0,0,0.9090909361839294,0.7272727489471436
242,DQHMED,433,1,1,0,0,0.4545454680919647,0.5454545617103577
242,DQHMED,434,1,0,0,1,0.5454545617103577,2.299999952316284
242,DQHMED,435,1,1,0,0,1.5454546213150024,0.27272728085517883
242,DQHMED,436,1,1,0,0,0.1818181872367859,0.5454545617103577
242,DQHMED,437,1,1,0,0,1.1818182468414307,0.3636363744735718
242,DQHMED,438,1,1,0,0,1.2727272510528564,0.9090909361839294
242,DQHMED,439,1,1,0,0,1.5454546213150024,1.3636363744735718
242,DQHMED,440,1,1,0,0,1.3636363744735718,1.6363637447357178
242,DQHMED,441,1,0,0,1,1.5454546213150024,1.7272727489471436
242,DQHMED,442,1,0,0,1,1.0,2.2727272510528564
242,DQHMED,443,1,1,0,0,1.0,0.7272727489471436
242,DQHMED,444,1,1,0,0,0.8181818723678589,0.6363636255264282
242,DQHMED,445,1,1,0,0,1.7272727489471436,0.7272727489471436
242,DQHMED,446,1,1,0,0,1.3636363744735718,1.2727272510528564
242,DQHMED,447,1,0,0,1,0.3636363744735718,0.6363636255264282
242,DQHMED,448,1,1,0,0,1.3636363744735718,1.7272727489471436
242,DQHMED,449,1,1,0,0,1.3636363744735718,0.8181818723678589
242,DQHMED,450,1,1,0,0,1.454545497894287,0.9090909361839294
242,DQHMED,451,1,1,0,0,0.1818181872367859,1.0909091234207153
242,DQHMED,452,1,1,0,0,1.2727272510528564,1.1818182468414307
242,DQHMED,453,1,0,0,1,1.0,1.7272727489471436
242,DQHMED,454,1,1,0,0,1.0,1.0
242,DQHMED,455,1,1,0,0,1.8181818723678589,0.6363636255264282
242,DQHMED,456,1,1,0,0,1.1818182468414307,1.0909091234207153
242,DQHMED,457,1,1,0,0,1.2727272510528564,0.6363636255264282
242,DQHMED,458,1,1,0,0,2.3636364936828613,1.0909091234207153
242,DQHMED,459,1,1,0,0,0.8181818723678589,1.0909091234207153
242,DQHMED,460,1,1,0,0,1.6363637447357178,0.8181818723678589
242,DQHMED,461,1,1,0,0,1.9090909957885742,1.1818182468414307
242,DQHMED,462,1,1,0,0,2.090909242630005,1.0
242,DQHMED,463,1,1,0,0,0.5454545617103577,0.8181818723678589
242,DQHMED,464,1,1,0,0,0.7272727489471436,1.0
242,DQHMED,465,1,1,0,0,1.3636363744735718,1.0909091234207153
242,DQHMED,466,1,1,0,0,1.6363637447357178,0.9090909361839294
242,DQHMED,467,1,1,0,0,1.1818182468414307,1.3636363744735718
242,DQHMED,468,1,1,0,0,1.3636363744735718,0.7272727489471436
242,DQHMED,469,1,1,0,0,0.27272728085517883,1.454545497894287
242,DQHMED,470,1,1,0,0,0.9090909361839294,1.3636363744735718
242,DQHMED,471,1,1,0,0,0.6363636255264282,1.5454546213150024
242,DQHMED,472,1,1,0,0,1.0909091234207153,1.454545497894287
242,DQHMED,473,1,1,0,0,2.2727272510528564,1.0909091234207153
242,DQHMED,474,1,1,0,0,0.7272727489471436,1.2727272510528564
242,DQHMED,475,1,1,0,0,0.8181818723678589,0.4545454680919647
242,DQHMED,476,1,1,0,0,1.454545497894287,1.5454546213150024
242,DQHMED,477,1,1,0,0,0.6363636255264282,1.3636363744735718
242,DQHMED,478,1,1,0,0,1.0909091234207153,0.7272727489471436
242,DQHMED,479,1,1,0,0,1.3636363744735718,0.6363636255264282
242,DQHMED,480,1,0,0,1,1.2727272510528564,2.090909242630005
242,DQHMED,481,1,1,0,0,1.3636363744735718,1.3636363744735718
242,DQHMED,482,1,0,0,1,0.5454545617103577,2.7272727489471436
242,DQHMED,483,1,1,0,0,1.2727272510528564,1.5454546213150024
242,DQHMED,484,1,1,0,0,0.5454545617103577,1.0909091234207153
242,DQHMED,485,1,1,0,0,1.8181818723678589,1.0909091234207153
242,DQHMED,486,1,1,0,0,1.1818182468414307,0.9090909361839294
242,DQHMED,487,0,1,1,0,1.1818182468414307,1.3636363744735718
242,DQHMED,488,1,1,0,0,0.9090909361839294,1.0
242,DQHMED,489,1,1,0,0,1.6363637447357178,0.6363636255264282
242,DQHMED,490,1,1,0,0,1.2727272510528564,1.454545497894287
242,DQHMED,491,0,1,1,0,0.7272727489471436,1.1818182468414307
242,DQHMED,492,1,1,0,0,0.8181818723678589,1.454545497894287
242,DQHMED,493,1,1,0,0,2.1818182468414307,1.6363637447357178
242,DQHMED,494,1,1,0,0,1.3636363744735718,1.9090909957885742
242,DQHMED,495,0,1,1,0,1.2727272510528564,1.3636363744735718
242,DQHMED,496,1,1,0,0,0.8181818723678589,0.8181818723678589
242,DQHMED,497,1,1,0,0,1.5454546213150024,1.1818182468414307
242,DQHMED,498,1,1,0,0,1.6363637447357178,1.1818182468414307
242,DQHMED,499,1,1,0,0,2.0,1.8181818723678589
242,DQHMED,500,1,1,0,0,0.5454545617103577,1.1818182468414307
242,DQHMED,501,0,1,1,0,1.8181818723678589,1.0909091234207153
242,DQHMED,502,1,1,0,0,1.3636363744735718,1.7272727489471436
242,DQHMED,503,1,1,0,0,1.5454546213150024,1.454545497894287
242,DQHMED,504,1,1,0,0,1.1818182468414307,1.7272727489471436
242,DQHMED,505,1,1,0,0,1.9090909957885742,0.7272727489471436
242,DQHMED,506,1,1,0,0,1.8181818723678589,1.7272727489471436
242,DQHMED,507,1,1,0,0,0.7272727489471436,1.5454546213150024
242,DQHMED,508,1,1,0,0,1.454545497894287,1.8181818723678589
242,DQHMED,509,1,1,0,0,1.3636363744735718,2.1818182468414307
242,DQHMED,510,1,1,0,0,1.8181818723678589,1.3636363744735718
242,DQHMED,511,0,1,1,0,1.8181818723678589,1.8181818723678589
42,D0,0,1,0,0,1,0.0,3.5
42,D0,1,0,1,1,0,1.25,0.0
42,D0,2,1,1,0,0,0.3333333432674408,0.1666666716337204
42,D0,3,1,1,0,0,0.1666666716337204,0.0
42,D0,4,1,1,0,0,0.0,0.1666666716337204
42,D0,5,1,1,0,0,0.3333333432674408,0.0
42,D0,6,1,1,0,0,0.1666666716337204,0.0
42,D0,7,1,1,0,0,0.0,0.0
42,D0,8,1,1,0,0,0.0,0.0
42,D0,9,1,1,0,0,0.0,0.0
42,D0,10,1,1,0,0,0.0,0.1666666716337204
42,D0,11,1,1,0,0,0.0,0.0
42,D0,12,1,1,0,0,0.3333333432674408,0.0
42,D0,13,1,1,0,0,0.0,0.0
42,D0,14,1,1,0,0,0.0,0.0
42,D0,15,1,1,0,0,0.0,0.0
42,D0,16,1,1,0,0,0.0,0.1666666716337204
42,D0,17,1,1,0,0,0.0,0.0
42,D0,18,1,1,0,0,0.0,0.0
42,D0,19,1,1,0,0,0.0,0.0
42,D0,20,1,1,0,0,0.0,0.1666666716337204
42,D0,21,1,1,0,0,0.1666666716337204,0.0
42,D0,22,1,1,0,0,0.0,0.0
42,D0,23,1,1,0,0,0.0,0.0
42,D0,24,1,1,0,0,0.0,0.5
42,D0,25,1,1,0,0,0.0,0.0
42,D0,26,1,1,0,0,0.0,0.1666666716337204
42,D0,27,1,1,0,0,0.6666666865348816,0.0
42,D0,28,1,1,0,0,0.3333333432674408,0.5
42,D0,29,1,1,0,0,0.1666666716337204,0.3333333432674408
42,D0,30,1,1,0,0,0.3333333432674408,0.1666666716337204
42,D0,31,1,1,0,0,0.0,0.5
42,D0,32,1,1,0,0,1.1666667461395264,0.5
42,D0,33,1,1,0,0,0.5,0.0
42,D0,34,1,1,0,0,0.1666666716337204,0.8333333730697632
42,D0,35,1,1,0,0,0.1666666716337204,0.0
42,D0,36,1,1,0,0,0.0,0.0
42,D0,37,1,1,0,0,0.0,0.1666666716337204
42,D0,38,1,1,0,0,0.0,0.1666666716337204
42,D0,39,1,1,0,0,0.0,0.3333333432674408
42,D0,40,1,1,0,0,0.3333333432674408,0.0
42,D0,41,1,1,0,0,0.1666666716337204,0.0
42,D0,42,1,1,0,0,0.5,0.3333333432674408
42,D0,43,1,1,0,0,0.0,0.1666666716337204
42,D0,44,1,1,0,0,0.3333333432674408,0.1666666716337204
42,D0,45,1,1,0,0,0.1666666716337204,0.1666666716337204
42,D0,46,1,1,0,0,0.5,0.3333333432674408
42,D0,47,1,1,0,0,0.5,0.1666666716337204
42,D0,48,1,1,0,0,0.1666666716337204,0.1666666716337204
42,D0,49,1,1,0,0,0.1666666716337204,0.0
42,D0,50,1,1,0,0,0.0,0.1666666716337204
42,D0,51,1,1,0,0,0.1666666716337204,0.1666666716337204
42,D0,52,1,1,0,0,0.1666666716337204,0.0
42,D0,53,1,1,0,0,0.0,0.6666666865348816
42,D0,54,1,1,0,0,0.1666666716337204,0.3333333432674408
42,D0,55,1,1,0,0,0.1666666716337204,0.3333333432674408
42,D0,56,1,1,0,0,0.8333333730697632,0.3333333432674408
42,D0,57,1,1,0,0,0.0,0.1666666716337204
42,D0,58,1,1,0,0,0.6666666865348816,0.0
42,D0,59,1,1,0,0,0.3333333432674408,0.3333333432674408
42,D0,60,1,1,0,0,0.0,0.6666666865348816
42,D0,61,1,1,0,0,0.0,1.3333333730697632
42,D0,62,1,1,0,0,0.0,0.1666666716337204
42,D0,63,1,1,0,0,0.1666666716337204,0.0
42,D0,64,1,1,0,0,0.5,0.1666666716337204
42,D0,65,1,1,0,0,0.1666666716337204,0.1666666716337204
42,D0,66,1,1,0,0,0.8333333730697632,2.0
42,D0,67,1,1,0,0,0.0,0.0
42,D0,68,1,1,0,0,0.1666666716337204,0.0
42,D0,69,1,1,0,0,1.0,0.3333333432674408
42,D0,70,1,1,0,0,0.6666666865348816,0.0
42,D0,71,1,1,0,0,0.1666666716337204,1.6666667461395264
42,D0,72,1,1,0,0,0.1666666716337204,2.3333334922790527
42,D0,73,1,1,0,0,0.1666666716337204,0.0
42,D0,74,1,1,0,0,0.6666666865348816,4.5
42,D0,75,1,1,0,0,1.3333333730697632,0.3333333432674408
42,D0,76,1,1,0,0,0.1666666716337204,0.1666666716337204
42,D0,77,1,1,0,0,1.1666667461395264,1.0
42,D0,78,1,1,0,0,0.3333333432674408,0.0
42,D0,79,1,1,0,0,1.0,0.0
42,D0,80,1,1,0,0,0.3333333432674408,0.6666666865348816
42,D0,81,1,1,0,0,1.8333333730697632,0.5
42,D0,82,1,1,0,0,0.1666666716337204,1.6666667461395264
42,D0,83,1,1,0,0,2.5,0.0
42,D0,84,1,1,0,0,2.1666667461395264,1.1666667461395264
42,D0,85,1,1,0,0,0.0,1.6666667461395264
42,D0,86,1,1,0,0,0.0,1.5
42,D0,87,1,1,0,0,0.0,3.8333334922790527
42,D0,88,1,1,0,0,1.0,0.0
42,D0,89,1,1,0,0,1.1666667461395264,2.8333334922790527
42,D0,90,1,1,0,0,0.1666666716337204,0.0
42,D0,91,1,1,0,0,0.1666666716337204,0.0
42,D0,92,1,1,0,0,2.5,1.1666667461395264
42,D0,93,1,1,0,0,0.5,0.6666666865348816
42,D0,94,1,1,0,0,2.5,0.0
42,D0,95,1,1,0,0,0.5,0.6666666865348816
42,D0,96,1,1,0,0,0.1666666716337204,0.0
42,D0,97,1,1,0,0,0.0,8.666666984558105
42,D0,98,1,1,0,0,0.1666666716337204,0.3333333432674408
42,D0,99,1,1,0,0,0.5,0.1666666716337204
42,D0,100,1,1,0,0,0.5,3.1666667461395264
42,D0,101,1,1,0,0,2.6666667461395264,0.0
42,D0,102,1,1,0,0,0.8333333730697632,0.3333333432674408
42,D0,103,1,1,0,0,0.0,0.0
42,D0,104,1,1,0,0,1.1666667461395264,0.0
42,D0,105,1,1,0,0,0.5,0.0
42,D0,106,1,1,0,0,0.0,1.8333333730697632
42,D0,107,1,1,0,0,1.0,0.8333333730697632
42,D0,108,1,1,0,0,1.5,1.1666667461395264
42,D0,109,1,1,0,0,1.3333333730697632,0.0
42,D0,110,1,1,0,0,0.0,0.0
42,D0,111,1,1,0,0,0.5,2.6666667461395264
42,D0,112,1,1,0,0,1.5,1.0
42,D0,113,1,1,0,0,0.5,0.0
42,D0,114,1,1,0,0,0.0,0.5
42,D0,115,1,1,0,0,0.0,0.8333333730697632
42,D0,116,1,1,0,0,1.3333333730697632,0.0
42,D0,117,1,0,0,0,1.6666667461395264,1.1666667461395264
42,D0,118,0,0,0,0,0.0,1.75
42,D0,119,0,0,0,0,0.0,0.0
42,D0,120,0,0,0,0,3.3333334922790527,0.1666666716337204
42,D0,121,0,0,0,0,5.833333492279053,0.0
42,D0,122,0,0,0,0,1.3333333730697632,1.399999976158142
42,D0,123,0,0,0,0,0.0,1.5
42,D0,124,0,0,0,0,0.0,0.0
42,D0,125,0,0,0,0,0.6666666865348816,3.6666667461395264
42,D0,126,0,0,0,0,1.5,0.8333333730697632
42,D0,127,0,0,0,0,0.0,0.0
42,D0,128,1,0,0,1,0.1666666716337204,0.0
42,D0,129,0,0,1,1,1.8000000715255737,3.0
42,D0,130,1,1,0,0,0.0,0.0
42,D0,131,1,1,0,0,0.1666666716337204,0.1666666716337204
42,D0,132,1,1,0,0,0.1666666716337204,0.0
42,D0,133,1,1,0,0,0.1666666716337204,0.0
42,D0,134,1,1,0,0,0.1666666716337204,0.0
42,D0,135,1,1,0,0,0.1666666716337204,0.0
42,D0,136,1,1,0,0,0.1666666716337204,0.0
42,D0,137,1,1,0,0,0.0,0.0
42,D0,138,1,1,0,0,0.1666666716337204,0.1666666716337204
42,D0,139,1,1,0,0,0.0,0.1666666716337204
42,D0,140,1,1,0,0,0.0,0.0
42,D0,141,1,1,0,0,0.0,0.0
42,D0,142,1,0,0,1,0.0,11.5
42,D0,143,1,1,0,0,0.0,0.0
42,D0,144,1,1,0,0,0.1666666716337204,0.1666666716337204
42,D0,145,1,1,0,0,0.0,0.0
42,D0,146,1,1,0,0,0.3333333432674408,0.0
42,D0,147,1,1,0,0,0.0,0.0
42,D0,148,1,1,0,0,0.0,0.3333333432674408
42,D0,149,1,1,0,0,0.0,0.1666666716337204
42,D0,150,1,1,0,0,0.1666666716337204,0.3333333432674408
42,D0,151,1,1,0,0,0.0,0.1666666716337204
42,D0,152,1,1,0,0,0.0,0.1666666716337204
42,D0,153,1,1,0,0,0.1666666716337204,0.1666666716337204
42,D0,154,1,1,0,0,0.0,0.6666666865348816
42,D0,155,1,1,0,0,0.6666666865348816,0.3333333432674408
42,D0,156,1,1,0,0,0.5,0.1666666716337204
42,D0,157,1,1,0,0,0.8333333730697632,0.0
42,D0,158,1,1,0,0,0.6666666865348816,0.0
42,D0,159,1,1,0,0,0.0,0.1666666716337204
42,D0,160,1,1,0,0,0.0,0.3333333432674408
42,D0,161,1,1,0,0,0.0,0.0
42,D0,162,1,1,0,0,0.6666666865348816,0.8333333730697632
42,D0,163,1,1,0,0,0.3333333432674408,0.0
42,D0,164,1,1,0,0,0.0,0.0
42,D0,165,1,1,0,0,0.3333333432674408,0.3333333432674408
42,D0,166,1,1,0,0,0.6666666865348816,0.1666666716337204
42,D0,167,1,1,0,0,0.1666666716337204,0.0
42,D0,168,1,1,0,0,0.1666666716337204,0.1666666716337204
42,D0,169,1,1,0,0,0.5,0.1666666716337204
42,D0,170,1,1,0,0,0.1666666716337204,0.0
42,D0,171,1,1,0,0,0.1666666716337204,0.0
42,D0,172,1,1,0,0,0.0,0.5
42,D0,173,1,1,0,0,0.1666666716337204,0.3333333432674408
42,D0,174,1,1,0,0,0.0,0.1666666716337204
42,D0,175,1,1,0,0,0.6666666865348816,1.3333333730697632
42,D0,176,1,1,0,0,0.0,0.0
42,D0,177,1,1,0,0,0.5,0.1666666716337204
42,D0,178,1,1,0,0,0.1666666716337204,0.8333333730697632
42,D0,179,1,1,0,0,0.0,0.1666666716337204
42,D0,180,1,1,0,0,0.3333333432674408,0.0
42,D0,181,1,1,0,0,0.0,0.8333333730697632
42,D0,182,1,1,0,0,0.0,0.3333333432674408
42,D0,183,1,1,0,0,0.1666666716337204,0.0
42,D0,184,1,1,0,0,0.0,0.3333333432674408
42,D0,185,1,1,0,0,0.1666666716337204,0.3333333432674408
42,D0,186,1,1,0,0,0.0,0.0
42,D0,187,1,1,0,0,0.0,0.1666666716337204
42,D0,188,1,1,0,0,0.0,0.0
42,D0,189,1,1,0,0,0.1666666716337204,0.0
42,D0,190,1,1,0,0,0.3333333432674408,0.3333333432674408
42,D0,191,1,1,0,0,1.0,0.0
42,D0,192,1,1,0,0,0.1666666716337204,0.5
42,D0,193,1,1,0,0,0.6666666865348816,0.6666666865348816
42,D0,194,1,1,0,0,0.1666666716337204,0.0
42,D0,195,1,1,0,0,0.5,0.5
42,D0,196,1,1,0,0,0.3333333432674408,0.1666666716337204
42,D0,197,1,1,0,0,0.8333333730697632,2.3333334922790527
42,D0,198,1,1,0,0,0.5,1.5
42,D0,199,1,1,0,0,0.3333333432674408,2.8333334922790527
42,D0,200,1,1,0,0,0.1666666716337204,0.1666666716337204
42,D0,201,1,1,0,0,1.0,0.1666666716337204
42,D0,202,1,1,0,0,0.0,0.1666666716337204
42,D0,203,1,1,0,0,0.6666666865348816,0.1666666716337204
42,D0,204,1,1,0,0,0.6666666865348816,0.8333333730697632
42,D0,205,1,1,0,0,0.6666666865348816,2.5
42,D0,206,1,1,0,0,0.6666666865348816,0.0
42,D0,207,1,1,0,0,2.0,0.1666666716337204
42,D0,208,1,1,0,0,1.8333333730697632,0.0
42,D0,209,1,1,0,0,0.0,1.8333333730697632
42,D0,210,1,1,0,0,0.0,2.1666667461395264
42,D0,211,1,1,0,0,0.5,0.0
42,D0,212,1,1,0,0,0.8333333730697632,0.1666666716337204
42,D0,213,1,1,0,0,0.0,0.8333333730697632
42,D0,214,1,1,0,0,0.1666666716337204,0.1666666716337204
42,D0,215,1,1,0,0,3.1666667461395264,1.8333333730697632
42,D0,216,1,1,0,0,0.1666666716337204,0.1666666716337204
42,D0,217,1,1,0,0,0.5,0.1666666716337204
42,D0,218,1,1,0,0,4.6666669845581055,0.6666666865348816
42,D0,219,1,1,0,0,1.5,3.3333334922790527
42,D0,220,1,1,0,0,3.0,0.3333333432674408
42,D0,221,1,1,0,0,0.1666666716337204,0.0
42,D0,222,1,1,0,0,0.0,0.0
42,D0,223,1,1,0,0,0.0,0.0
42,D0,224,1,1,0,0,5.6666669845581055,0.8333333730697632
42,D0,225,1,1,0,0,0.1666666716337204,0.1666666716337204
42,D0,226,1,1,0,0,0.5,1.3333333730697632
42,D0,227,1,1,0,0,1.6666667461395264,2.1666667461395264
42,D0,228,1,1,0,0,0.5,0.0
42,D0,229,1,1,0,0,0.5,0.0
42,D0,230,1,1,0,0,0.0,0.0
42,D0,231,1,1,0,0,0.1666666716337204,0.0
42,D0,232,1,1,0,0,0.1666666716337204,0.5
42,D0,233,1,1,0,0,0.5,0.6666666865348816
42,D0,234,1,1,0,0,6.1666669845581055,3.0
42,D0,235,1,1,0,0,0.5,0.0
42,D0,236,1,1,0,0,0.1666666716337204,0.0
42,D0,237,1,1,0,0,1.5,1.5
42,D0,238,1,1,0,0,1.6666667461395264,1.3333333730697632
42,D0,239,1,1,0,0,1.3333333730697632,2.6666667461395264
42,D0,240,0,1,1,0,5.6666669845581055,0.5
42,D0,241,1,1,0,0,3.1666667461395264,0.5
42,D0,242,1,1,0,0,0.1666666716337204,0.1666666716337204
42,D0,243,1,1,0,0,2.5,0.1666666716337204
42,D0,244,1,1,0,0,0.3333333432674408,5.0
42,D0,245,0,1,0,0,1.0,0.3333333432674408
42,D0,246,0,1,0,0,0.0,0.0
42,D0,247,0,0,0,0,1.0,0.0
42,D0,248,0,0,0,0,0.0,0.3333333432674408
42,D0,249,0,0,0,0,0.1666666716337204,0.0
42,D0,250,0,0,0,0,0.0,1.8333333730697632
42,D0,251,0,0,0,0,2.1666667461395264,0.0
42,D0,252,0,0,0,0,0.5,0.0
42,D0,253,0,0,0,0,0.8333333730697632,2.3333334922790527
42,D0,254,0,0,0,0,0.0,5.25
42,D0,255,0,0,0,0,0.1666666716337204,1.5
142,D0,0,0,1,1,0,7.0,0.1666666716337204
142,D0,1,0,0,1,1,2.25,0.1666666716337204
142,D0,2,1,1,0,0,0.1666666716337204,0.0
142,D0,3,1,1,0,0,0.1666666716337204,0.1666666716337204
142,D0,4,1,1,0,0,0.0,0.0
142,D0,5,1,1,0,0,0.0,0.0
142,D0,6,1,1,0,0,0.1666666716337204,0.1666666716337204
142,D0,7,1,1,0,0,0.0,0.0
142,D0,8,1,1,0,0,0.0,0.3333333432674408
142,D0,9,1,1,0,0,0.1666666716337204,0.0
142,D0,10,1,1,0,0,0.0,0.0
142,D0,11,1,1,0,0,0.0,0.1666666716337204
142,D0,12,1,1,0,0,0.1666666716337204,0.0
142,D0,13,1,1,0,0,0.0,0.0
142,D0,14,1,1,0,0,0.0,0.0
142,D0,15,1,1,0,0,0.0,0.1666666716337204
142,D0,16,1,1,0,0,0.0,0.0
142,D0,17,1,1,0,0,0.0,0.0
142,D0,18,1,1,0,0,0.0,0.0
142,D0,19,1,1,0,0,0.0,0.3333333432674408
142,D0,20,1,1,0,0,0.0,0.3333333432674408
142,D0,21,1,1,0,0,0.1666666716337204,0.5
142,D0,22,1,1,0,0,0.3333333432674408,0.0
142,D0,23,1,1,0,0,0.1666666716337204,0.1666666716337204
142,D0,24,1,1,0,0,0.6666666865348816,0.3333333432674408
142,D0,25,1,1,0,0,0.3333333432674408,0.3333333432674408
142,D0,26,1,1,0,0,0.5,0.0
142,D0,27,1,1,0,0,0.3333333432674408,0.0
142,D0,28,1,1,0,0,0.3333333432674408,0.1666666716337204
142,D0,29,1,1,0,0,0.3333333432674408,0.3333333432674408
142,D0,30,1,1,0,0,0.1666666716337204,0.3333333432674408
142,D0,31,1,1,0,0,0.1666666716337204,0.0
142,D0,32,1,1,0,0,0.6666666865348816,0.0
142,D0,33,1,1,0,0,0.1666666716337204,0.1666666716337204
142,D0,34,1,1,0,0,0.3333333432674408,0.0
142,D0,35,1,1,0,0,0.0,0.5
142,D0,36,1,1,0,0,0.0,0.0
142,D0,37,1,1,0,0,0.5,0.0
142,D0,38,1,1,0,0,0.5,0.6666666865348816
142,D0,39,1,1,0,0,0.1666666716337204,0.1666666716337204
142,D0,40,1,1,0,0,0.0,0.6666666865348816
142,D0,41,1,1,0,0,0.3333333432674408,0.0
142,D0,42,1,1,0,0,0.0,0.1666666716337204
142,D0,43,1,1,0,0,0.1666666716337204,0.5
142,D0,44,1,1,0,0,0.3333333432674408,0.1666666716337204
142,D0,45,1,1,0,0,0.0,0.0
142,D0,46,1,1,0,0,0.0,0.1666666716337204
142,D0,47,1,1,0,0,0.0,0.1666666716337204
142,D0,48,1,1,0,0,0.3333333432674408,0.5
142,D0,49,1,1,0,0,0.0,0.0
142,D0,50,1,1,0,0,0.0,0.3333333432674408
142,D0,51,1,1,0,0,0.8333333730697632,0.0
142,D0,52,1,1,0,0,0.5,0.0
142,D0,53,1,1,0,0,0.0,0.0
142,D0,54,1,1,0,0,0.5,0.0
142,D0,55,1,1,0,0,0.3333333432674408,0.0
142,D0,56,1,1,0,0,0.6666666865348816,0.5
142,D0,57,1,1,0,0,0.1666666716337204,0.1666666716337204
142,D0,58,1,1,0,0,0.1666666716337204,0.1666666716337204
142,D0,59,1,1,0,0,0.0,0.0
142,D0,60,1,1,0,0,0.6666666865348816,0.0
142,D0,61,1,1,0,0,0.0,0.1666666716337204
142,D0,62,1,1,0,0,0.6666666865348816,0.0
142,D0,63,1,1,0,0,0.1666666716337204,0.0
142,D0,64,1,1,0,0,0.3333333432674408,1.1666667461395264
142,D0,65,1,1,0,0,0.0,0.5
142,D0,66,1,1,0,0,0.1666666716337204,0.5
142,D0,67,1,1,0,0,0.0,0.0
142,D0,68,1,1,0,0,0.1666666716337204,0.0
142,D0,69,1,1,0,0,0.3333333432674408,0.6666666865348816
142,D0,70,0,1,1,0,21.5,0.3333333432674408
142,D0,71,1,1,0,0,0.5,0.5
142,D0,72,1,1,0,0,0.1666666716337204,0.1666666716337204
142,D0,73,1,1,0,0,0.0,0.6666666865348816
142,D0,74,1,1,0,0,0.5,0.5
142,D0,75,1,1,0,0,0.1666666716337204,0.8333333730697632
142,D0,76,1,1,0,0,1.0,1.1666667461395264
142,D0,77,1,1,0,0,0.1666666716337204,0.3333333432674408
142,D0,78,1,1,0,0,0.6666666865348816,1.0
142,D0,79,1,1,0,0,0.0,2.0
142,D0,80,1,1,0,0,0.0,1.5
142,D0,81,1,1,0,0,0.0,0.5
142,D0,82,1,1,0,0,0.0,0.3333333432674408
142,D0,83,1,1,0,0,0.6666666865348816,2.1666667461395264
142,D0,84,1,1,0,0,1.1666667461395264,2.0
142,D0,85,1,1,0,0,0.5,0.8333333730697632
142,D0,86,1,1,0,0,1.6666667461395264,0.3333333432674408
142,D0,87,1,1,0,0,0.0,0.0
142,D0,88,1,1,0,0,3.5,0.0
142,D0,89,1,1,0,0,0.8333333730697632,0.0
142,D0,90,1,1,0,0,7.0,0.1666666716337204
142,D0,91,1,1,0,0,3.1666667461395264,0.1666666716337204
142,D0,92,1,1,0,0,0.1666666716337204,2.5
142,D0,93,1,1,0,0,1.3333333730697632,1.8333333730697632
142,D0,94,1,1,0,0,0.0,0.1666666716337204
142,D0,95,1,1,0,0,0.1666666716337204,0.3333333432674408
142,D0,96,1,1,0,0,0.5,0.0
142,D0,97,1,1,0,0,1.0,0.1666666716337204
142,D0,98,1,1,0,0,0.1666666716337204,0.0
142,D0,99,1,1,0,0,0.0,0.3333333432674408
142,D0,100,1,1,0,0,0.0,0.1666666716337204
142,D0,101,1,1,0,0,1.3333333730697632,1.0
142,D0,102,1,1,0,0,2.8333334922790527,0.6666666865348816
142,D0,103,1,1,0,0,1.0,0.1666666716337204
142,D0,104,1,1,0,0,0.1666666716337204,0.0
142,D0,105,1,1,0,0,0.3333333432674408,1.5
142,D0,106,1,1,0,0,0.6666666865348816,0.0
142,D0,107,1,1,0,0,0.0,1.3333333730697632
142,D0,108,1,1,0,0,1.0,0.0
142,D0,109,1,1,0,0,0.0,0.6666666865348816
142,D0,110,1,1,0,0,0.0,1.8333333730697632
142,D0,111,1,1,0,0,0.0,0.0
142,D0,112,1,1,0,0,1.0,1.1666667461395264
142,D0,113,1,1,0,0,0.5,0.5
142,D0,114,1,1,0,0,1.3333333730697632,2.0
142,D0,115,1,1,0,0,0.8333333730697632,0.5
142,D0,116,1,1,0,0,1.1666667461395264,0.5
142,D0,117,1,1,0,0,0.0,0.1666666716337204
142,D0,118,1,1,0,0,4.0,6.333333492279053
142,D0,119,0,0,0,0,0.3333333432674408,1.3333333730697632
142,D0,120,0,0,0,0,0.0,0.1666666716337204
142,D0,121,0,0,0,0,0.0,0.8333333730697632
142,D0,122,0,0,0,0,0.1666666716337204,0.1666666716337204
142,D0,123,0,0,0,0,0.1666666716337204,0.0
142,D0,124,0,0,0,0,0.0,3.8333334922790527
142,D0,125,0,0,0,0,0.6666666865348816,0.0
142,D0,126,0,0,0,0,0.3333333432674408,1.8333333730697632
142,D0,127,0,0,0,0,1.8000000715255737,0.0
142,D0,128,0,0,1,1,4.0,2.0
142,D0,129,0,1,1,0,3.5,0.1666666716337204
142,D0,130,1,1,0,0,0.1666666716337204,0.0
142,D0,131,1,1,0,0,0.1666666716337204,0.0
142,D0,132,1,1,0,0,0.1666666716337204,0.3333333432674408
142,D0,133,1,1,0,0,0.0,0.0
142,D0,134,1,1,0,0,0.0,0.0
142,D0,135,1,1,0,0,0.0,0.1666666716337204
142,D0,136,1,1,0,0,0.0,0.0
142,D0,137,1,1,0,0,0.0,0.3333333432674408
142,D0,138,1,1,0,0,0.0,0.0
142,D0,139,1,1,0,0,0.0,0.1666666716337204
142,D0,140,1,1,0,0,0.0,0.1666666716337204
142,D0,141,1,1,0,0,0.1666666716337204,0.1666666716337204
142,D0,142,1,1,0,0,0.3333333432674408,0.0
142,D0,143,1,1,0,0,0.0,0.1666666716337204
142,D0,144,1,1,0,0,0.0,0.0
142,D0,145,1,1,0,0,0.0,0.0
142,D0,146,1,1,0,0,0.0,0.0
142,D0,147,1,1,0,0,0.1666666716337204,0.1666666716337204
142,D0,148,1,1,0,0,0.1666666716337204,0.1666666716337204
142,D0,149,1,1,0,0,0.0,0.1666666716337204
142,D0,150,1,1,0,0,0.0,0.0
142,D0,151,1,1,0,0,0.0,0.0
142,D0,152,1,1,0,0,0.1666666716337204,0.1666666716337204
142,D0,153,1,1,0,0,0.0,0.1666666716337204
142,D0,154,1,1,0,0,0.1666666716337204,0.0
142,D0,155,1,1,0,0,0.3333333432674408,0.3333333432674408
142,D0,156,1,1,0,0,0.1666666716337204,0.0
142,D0,157,1,1,0,0,0.0,0.5
142,D0,158,1,1,0,0,0.1666666716337204,0.1666666716337204
142,D0,159,1,1,0,0,0.0,0.1666666716337204
142,D0,160,1,1,0,0,0.3333333432674408,0.6666666865348816
142,D0,161,1,1,0,0,0.3333333432674408,0.1666666716337204
142,D0,162,1,1,0,0,0.5,0.6666666865348816
142,D0,163,1,1,0,0,0.0,0.3333333432674408
142,D0,164,1,1,0,0,0.0,0.5
142,D0,165,1,1,0,0,0.0,0.0
142,D0,166,1,1,0,0,0.6666666865348816,0.5
142,D0,167,1,1,0,0,0.0,0.5
142,D0,168,1,1,0,0,0.1666666716337204,0.3333333432674408
142,D0,169,1,1,0,0,0.1666666716337204,0.0
142,D0,170,1,1,0,0,0.3333333432674408,0.5
142,D0,171,1,1,0,0,0.0,0.5
142,D0,172,1,1,0,0,0.1666666716337204,0.5
142,D0,173,1,1,0,0,0.0,0.3333333432674408
142,D0,174,1,1,0,0,0.5,0.0
142,D0,175,1,1,0,0,0.0,0.1666666716337204
142,D0,176,1,1,0,0,0.0,0.3333333432674408
142,D0,177,1,1,0,0,0.1666666716337204,0.1666666716337204
142,D0,178,1,1,0,0,0.0,1.0
142,D0,179,1,1,0,0,0.0,0.0
142,D0,180,1,1,0,0,0.1666666716337204,0.0
142,D0,181,1,1,0,0,0.0,0.0
142,D0,182,1,1,0,0,0.5,0.3333333432674408
142,D0,183,1,1,0,0,0.0,0.1666666716337204
142,D0,184,1,1,0,0,0.5,0.5
142,D0,185,1,1,0,0,0.0,0.0
142,D0,186,1,1,0,0,0.1666666716337204,0.1666666716337204
142,D0,187,1,1,0,0,0.8333333730697632,0.8333333730697632
142,D0,188,1,1,0,0,0.0,2.0
142,D0,189,1,1,0,0,1.0,0.1666666716337204
142,D0,190,1,1,0,0,0.0,0.1666666716337204
142,D0,191,1,1,0,0,0.0,0.1666666716337204
142,D0,192,1,1,0,0,0.1666666716337204,0.0
142,D0,193,1,1,0,0,0.0,0.1666666716337204
142,D0,194,1,1,0,0,0.0,0.1666666716337204
142,D0,195,1,1,0,0,0.0,0.0
142,D0,196,1,1,0,0,0.1666666716337204,0.3333333432674408
142,D0,197,1,1,0,0,0.0,0.0
142,D0,198,1,1,0,0,1.1666667461395264,0.0
142,D0,199,1,1,0,0,0.1666666716337204,0.3333333432674408
142,D0,200,1,1,0,0,0.0,0.3333333432674408
142,D0,201,1,1,0,0,0.3333333432674408,0.0
142,D0,202,1,1,0,0,0.1666666716337204,0.1666666716337204
142,D0,203,1,1,0,0,0.1666666716337204,1.3333333730697632
142,D0,204,1,1,0,0,0.1666666716337204,1.1666667461395264
142,D0,205,1,1,0,0,0.0,1.0
142,D0,206,1,1,0,0,0.3333333432674408,0.1666666716337204
142,D0,207,1,1,0,0,1.3333333730697632,2.0
142,D0,208,1,1,0,0,0.6666666865348816,0.1666666716337204
142,D0,209,1,1,0,0,1.1666667461395264,3.3333334922790527
142,D0,210,1,1,0,0,2.5,2.0
142,D0,211,1,1,0,0,1.3333333730697632,0.0
142,D0,212,1,1,0,0,0.0,1.8333333730697632
142,D0,213,1,1,0,0,0.1666666716337204,1.1666667461395264
142,D0,214,1,1,0,0,1.8333333730697632,0.1666666716337204
142,D0,215,1,1,0,0,0.6666666865348816,0.8333333730697632
142,D0,216,1,1,0,0,0.1666666716337204,0.0
142,D0,217,1,1,0,0,0.3333333432674408,5.1666669845581055
142,D0,218,1,1,0,0,1.8333333730697632,0.1666666716337204
142,D0,219,1,1,0,0,0.1666666716337204,0.1666666716337204
142,D0,220,1,1,0,0,2.5,0.0
142,D0,221,1,1,0,0,3.0,0.1666666716337204
142,D0,222,1,1,0,0,0.1666666716337204,0.5
142,D0,223,1,1,0,0,0.1666666716337204,0.0
142,D0,224,1,1,0,0,0.0,0.0
142,D0,225,1,1,0,0,0.3333333432674408,0.1666666716337204
142,D0,226,1,1,0,0,0.1666666716337204,0.0
142,D0,227,1,1,0,0,3.1666667461395264,0.0
142,D0,228,1,1,0,0,0.3333333432674408,2.6666667461395264
142,D0,229,1,1,0,0,0.1666666716337204,0.1666666716337204
142,D0,230,0,1,1,0,3.8333334922790527,0.0
142,D0,231,1,1,0,0,0.1666666716337204,0.1666666716337204
142,D0,232,1,1,0,0,1.6666667461395264,0.3333333432674408
142,D0,233,1,1,0,0,0.0,0.1666666716337204
142,D0,234,1,1,0,0,0.0,0.0
142,D0,235,1,1,0,0,0.1666666716337204,0.6666666865348816
142,D0,236,1,1,0,0,0.1666666716337204,1.6666667461395264
142,D0,237,1,1,0,0,0.0,0.1666666716337204
142,D0,238,1,1,0,0,1.8333333730697632,1.6666667461395264
142,D0,239,1,1,0,0,1.0,1.3333333730697632
142,D0,240,1,1,0,0,0.0,0.0
142,D0,241,1,1,0,0,0.8333333730697632,0.6666666865348816
142,D0,242,1,1,0,0,5.333333492279053,1.0
142,D0,243,1,1,0,0,0.0,0.1666666716337204
142,D0,244,1,1,0,0,0.3333333432674408,0.5
142,D0,245,1,1,0,0,0.3333333432674408,1.6666667461395264
142,D0,246,1,1,0,0,1.1666667461395264,0.5
142,D0,247,1,1,0,0,0.0,0.0
142,D0,248,0,1,0,0,1.8333333730697632,2.6666667461395264
142,D0,249,0,1,0,0,4.800000190734863,2.8333334922790527
142,D0,250,0,0,0,0,3.1666667461395264,0.0
142,D0,251,0,0,0,0,0.3333333432674408,1.6666667461395264
142,D0,252,0,0,0,0,0.5,0.0
142,D0,253,0,0,0,0,1.3333333730697632,6.5
142,D0,254,0,0,0,0,0.6666666865348816,1.8333333730697632
142,D0,255,0,0,0,0,0.0,0.1666666716337204
242,D0,0,1,1,0,0,0.1666666716337204,0.5
242,D0,1,1,0,0,1,0.0,2.4000000953674316
242,D0,2,1,1,0,0,0.1666666716337204,0.0
242,D0,3,1,1,0,0,0.1666666716337204,0.0
242,D0,4,1,1,0,0,0.0,0.0
242,D0,5,1,1,0,0,0.3333333432674408,0.0
242,D0,6,1,1,0,0,0.0,0.0
242,D0,7,1,1,0,0,0.0,0.1666666716337204
242,D0,8,1,1,0,0,0.0,0.0
242,D0,9,1,1,0,0,0.0,0.0
242,D0,10,1,1,0,0,0.0,0.0
242,D0,11,1,1,0,0,0.0,0.0
242,D0,12,1,1,0,0,0.0,0.0
242,D0,13,1,1,0,0,0.0,0.0
242,D0,14,1,1,0,0,0.0,0.0
242,D0,15,1,1,0,0,0.0,0.1666666716337204
242,D0,16,1,1,0,0,0.1666666716337204,0.0
242,D0,17,1,1,0,0,0.3333333432674408,0.3333333432674408
242,D0,18,1,1,0,0,0.0,0.0
242,D0,19,1,1,0,0,0.0,0.1666666716337204
242,D0,20,1,1,0,0,0.0,0.3333333432674408
242,D0,21,1,1,0,0,0.1666666716337204,0.0
242,D0,22,1,1,0,0,0.1666666716337204,0.1666666716337204
242,D0,23,1,1,0,0,0.1666666716337204,0.1666666716337204
242,D0,24,1,1,0,0,0.1666666716337204,0.1666666716337204
242,D0,25,1,0,0,1,0.0,1.25
242,D0,26,1,1,0,0,0.0,0.0
242,D0,27,1,1,0,0,0.1666666716337204,0.1666666716337204
242,D0,28,1,1,0,0,0.0,0.0
242,D0,29,1,1,0,0,0.0,0.0
242,D0,30,1,1,0,0,0.3333333432674408,0.0
242,D0,31,1,1,0,0,0.1666666716337204,0.0
242,D0,32,1,1,0,0,0.0,0.0
242,D0,33,1,1,0,0,0.0,0.1666666716337204
242,D0,34,1,1,0,0,0.3333333432674408,0.3333333432674408
242,D0,35,1,1,0,0,0.3333333432674408,0.1666666716337204
242,D0,36,1,1,0,0,0.1666666716337204,0.6666666865348816
242,D0,37,1,1,0,0,0.0,0.0
242,D0,38,1,1,0,0,0.1666666716337204,0.8333333730697632
242,D0,39,1,1,0,0,0.6666666865348816,0.6666666865348816
242,D0,40,1,1,0,0,0.0,0.1666666716337204
242,D0,41,1,1,0,0,0.0,0.0
242,D0,42,1,1,0,0,0.5,0.1666666716337204
242,D0,43,1,1,0,0,0.0,0.0
242,D0,44,1,1,0,0,0.1666666716337204,0.1666666716337204
242,D0,45,1,1,0,0,0.0,0.1666666716337204
242,D0,46,1,1,0,0,0.0,0.5
242,D0,47,1,1,0,0,0.0,0.1666666716337204
242,D0,48,1,1,0,0,0.1666666716337204,0.1666666716337204
242,D0,49,1,1,0,0,0.3333333432674408,0.0
242,D0,50,1,1,0,0,0.0,0.5
242,D0,51,1,1,0,0,0.3333333432674408,0.0
242,D0,52,1,1,0,0,0.3333333432674408,0.1666666716337204
242,D0,53,1,1,0,0,0.1666666716337204,0.1666666716337204
242,D0,54,1,1,0,0,0.1666666716337204,0.3333333432674408
242,D0,55,1,1,0,0,0.1666666716337204,0.1666666716337204
242,D0,56,1,1,0,0,0.0,0.3333333432674408
242,D0,57,1,1,0,0,0.0,0.0
242,D0,58,1,1,0,0,0.1666666716337204,0.3333333432674408
242,D0,59,1,1,0,0,0.0,0.3333333432674408
242,D0,60,1,1,0,0,0.6666666865348816,0.0
242,D0,61,1,1,0,0,0.5,0.6666666865348816
242,D0,62,1,1,0,0,0.0,0.5
242,D0,63,1,1,0,0,0.3333333432674408,0.3333333432674408
242,D0,64,1,1,0,0,0.0,0.1666666716337204
242,D0,65,1,1,0,0,0.0,0.5
242,D0,66,1,1,0,0,0.1666666716337204,0.0
242,D0,67,1,1,0,0,0.0,0.0
242,D0,68,1,1,0,0,0.3333333432674408,0.0
242,D0,69,1,1,0,0,0.5,0.1666666716337204
242,D0,70,1,1,0,0,0.8333333730697632,0.0
242,D0,71,1,1,0,0,0.5,0.1666666716337204
242,D0,72,1,1,0,0,0.5,0.8333333730697632
242,D0,73,1,1,0,0,0.1666666716337204,0.1666666716337204
242,D0,74,1,1,0,0,1.0,0.6666666865348816
242,D0,75,1,1,0,0,0.5,0.0
242,D0,76,1,1,0,0,0.0,1.3333333730697632
242,D0,77,1,1,0,0,0.0,0.1666666716337204
242,D0,78,1,1,0,0,0.5,0.0
242,D0,79,1,1,0,0,1.5,0.1666666716337204
242,D0,80,1,1,0,0,0.0,0.3333333432674408
242,D0,81,1,1,0,0,0.1666666716337204,0.5
242,D0,82,1,1,0,0,0.1666666716337204,1.6666667461395264
242,D0,83,1,1,0,0,1.0,1.6666667461395264
242,D0,84,1,1,0,0,1.1666667461395264,0.1666666716337204
242,D0,85,1,1,0,0,0.0,2.8333334922790527
242,D0,86,1,1,0,0,1.3333333730697632,2.6666667461395264
242,D0,87,1,1,0,0,0.6666666865348816,0.1666666716337204
242,D0,88,1,1,0,0,0.8333333730697632,0.1666666716337204
242,D0,89,1,1,0,0,0.8333333730697632,0.8333333730697632
242,D0,90,1,1,0,0,0.3333333432674408,1.0
242,D0,91,1,1,0,0,0.0,0.0
242,D0,92,1,1,0,0,1.5,0.1666666716337204
242,D0,93,1,1,0,0,0.0,1.8333333730697632
242,D0,94,1,1,0,0,0.0,0.0
242,D0,95,1,1,0,0,0.0,0.0
242,D0,96,1,1,0,0,0.5,0.1666666716337204
242,D0,97,1,1,0,0,0.0,0.0
242,D0,98,1,1,0,0,0.0,0.0
242,D0,99,1,1,0,0,4.6666669845581055,0.5
242,D0,100,1,1,0,0,0.6666666865348816,0.1666666716337204
242,D0,101,1,1,0,0,1.6666667461395264,1.3333333730697632
242,D0,102,1,1,0,0,0.0,0.0
242,D0,103,1,1,0,0,4.833333492279053,4.1666669845581055
242,D0,104,1,1,0,0,4.333333492279053,0.3333333432674408
242,D0,105,1,1,0,0,0.0,0.0
242,D0,106,1,1,0,0,0.0,0.3333333432674408
242,D0,107,1,1,0,0,0.0,0.5
242,D0,108,1,1,0,0,1.0,0.0
242,D0,109,1,1,0,0,2.0,3.1666667461395264
242,D0,110,1,1,0,0,1.5,0.1666666716337204
242,D0,111,1,1,0,0,1.6666667461395264,0.1666666716337204
242,D0,112,1,1,0,0,0.0,1.1666667461395264
242,D0,113,1,1,0,0,0.0,0.3333333432674408
242,D0,114,1,1,0,0,0.8333333730697632,0.0
242,D0,115,1,1,0,0,1.5,0.6666666865348816
242,D0,116,1,1,0,0,1.0,0.1666666716337204
242,D0,117,1,1,0,0,2.5,4.5
242,D0,118,1,1,0,0,0.0,3.6666667461395264
242,D0,119,1,1,0,0,7.1666669845581055,0.0
242,D0,120,0,1,0,0,2.75,4.1666669845581055
242,D0,121,0,1,0,0,0.0,1.1666667461395264
242,D0,122,0,0,0,0,1.6666667461395264,0.1666666716337204
242,D0,123,0,0,0,0,0.8333333730697632,2.5
242,D0,124,0,0,0,0,0.5,2.1666667461395264
242,D0,125,0,0,0,0,1.6666667461395264,7.5
242,D0,126,0,0,0,0,0.0,5.1666669845581055
242,D0,127,0,0,0,0,0.1666666716337204,0.0
242,D0,128,0,0,1,1,0.5,6.0
242,D0,129,1,0,0,1,0.0,4.0
242,D0,130,1,1,0,0,0.1666666716337204,0.1666666716337204
242,D0,131,1,0,0,1,0.1666666716337204,0.8333333730697632
242,D0,132,1,1,0,0,0.0,0.0
242,D0,133,1,1,0,0,0.0,0.1666666716337204
242,D0,134,1,1,0,0,0.0,0.0
242,D0,135,1,1,0,0,0.0,0.0
242,D0,136,1,1,0,0,0.0,0.0
242,D0,137,1,1,0,0,0.3333333432674408,0.0
242,D0,138,1,1,0,0,0.0,0.0
242,D0,139,1,1,0,0,0.0,0.0
242,D0,140,1,1,0,0,0.0,0.0
242,D0,141,1,1,0,0,0.0,0.1666666716337204
242,D0,142,1,1,0,0,0.1666666716337204,0.0
242,D0,143,1,1,0,0,0.0,0.0
242,D0,144,1,1,0,0,0.1666666716337204,0.3333333432674408
242,D0,145,1,1,0,0,0.0,0.1666666716337204
242,D0,146,1,1,0,0,0.0,0.0
242,D0,147,1,1,0,0,0.0,0.1666666716337204
242,D0,148,1,1,0,0,0.0,0.0
242,D0,149,1,1,0,0,0.1666666716337204,0.0
242,D0,150,1,1,0,0,0.0,0.0
242,D0,151,1,1,0,0,0.0,0.0
242,D0,152,1,1,0,0,0.1666666716337204,0.0
242,D0,153,1,1,0,0,0.0,0.0
242,D0,154,1,1,0,0,0.0,0.1666666716337204
242,D0,155,1,1,0,0,0.6666666865348816,0.1666666716337204
242,D0,156,1,1,0,0,0.1666666716337204,0.0
242,D0,157,1,1,0,0,0.1666666716337204,0.0
242,D0,158,1,1,0,0,0.3333333432674408,0.0
242,D0,159,1,1,0,0,0.5,0.0
242,D0,160,1,1,0,0,0.0,0.5
242,D0,161,1,1,0,0,0.0,0.6666666865348816
242,D0,162,1,1,0,0,0.5,0.0
242,D0,163,1,1,0,0,0.5,0.3333333432674408
242,D0,164,1,1,0,0,0.6666666865348816,0.3333333432674408
242,D0,165,1,1,0,0,0.0,0.0
242,D0,166,1,1,0,0,0.0,0.0
242,D0,167,1,1,0,0,0.1666666716337204,0.6666666865348816
242,D0,168,1,1,0,0,0.0,0.0
242,D0,169,1,1,0,0,0.1666666716337204,0.3333333432674408
242,D0,170,1,1,0,0,0.1666666716337204,0.3333333432674408
242,D0,171,1,1,0,0,0.0,0.0
242,D0,172,1,1,0,0,0.3333333432674408,0.1666666716337204
242,D0,173,1,1,0,0,0.1666666716337204,0.1666666716337204
242,D0,174,1,1,0,0,0.0,0.3333333432674408
242,D0,175,1,1,0,0,0.0,0.1666666716337204
242,D0,176,1,1,0,0,0.0,0.1666666716337204
242,D0,177,1,1,0,0,0.0,0.1666666716337204
242,D0,178,1,1,0,0,0.3333333432674408,0.1666666716337204
242,D0,179,1,1,0,0,0.1666666716337204,0.3333333432674408
242,D0,180,1,1,0,0,0.0,0.5
242,D0,181,1,1,0,0,0.0,0.1666666716337204
242,D0,182,1,1,0,0,0.0,0.1666666716337204
242,D0,183,1,1,0,0,0.0,0.6666666865348816
242,D0,184,1,1,0,0,0.6666666865348816,0.0
242,D0,185,1,1,0,0,0.1666666716337204,0.1666666716337204
242,D0,186,1,1,0,0,0.3333333432674408,0.0
242,D0,187,1,1,0,0,0.0,0.0
242,D0,188,1,1,0,0,0.0,0.0
242,D0,189,1,1,0,0,0.0,0.1666666716337204
242,D0,190,1,1,0,0,0.0,0.0
242,D0,191,1,1,0,0,0.0,0.5
242,D0,192,1,1,0,0,0.0,0.1666666716337204
242,D0,193,1,1,0,0,0.1666666716337204,0.1666666716337204
242,D0,194,1,1,0,0,0.1666666716337204,1.1666667461395264
242,D0,195,1,1,0,0,0.0,0.0
242,D0,196,1,1,0,0,0.5,0.0
242,D0,197,1,1,0,0,0.3333333432674408,0.3333333432674408
242,D0,198,1,1,0,0,1.3333333730697632,1.0
242,D0,199,1,1,0,0,0.6666666865348816,0.3333333432674408
242,D0,200,1,1,0,0,0.0,0.5
242,D0,201,1,1,0,0,0.0,0.0
242,D0,202,1,1,0,0,0.0,0.5
242,D0,203,1,1,0,0,0.1666666716337204,0.0
242,D0,204,1,1,0,0,1.6666667461395264,0.1666666716337204
242,D0,205,1,1,0,0,0.3333333432674408,0.0
242,D0,206,1,1,0,0,0.1666666716337204,0.6666666865348816
242,D0,207,1,1,0,0,0.3333333432674408,0.1666666716337204
242,D0,208,1,1,0,0,0.6666666865348816,0.0
242,D0,209,1,1,0,0,0.0,0.0
242,D0,210,1,1,0,0,0.8333333730697632,1.6666667461395264
242,D0,211,1,1,0,0,1.3333333730697632,0.0
242,D0,212,1,1,0,0,0.0,1.5
242,D0,213,1,1,0,0,0.0,0.1666666716337204
242,D0,214,1,1,0,0,0.6666666865348816,1.3333333730697632
242,D0,215,1,1,0,0,0.3333333432674408,0.3333333432674408
242,D0,216,1,1,0,0,0.1666666716337204,0.0
242,D0,217,1,1,0,0,0.5,0.1666666716337204
242,D0,218,1,1,0,0,1.0,0.6666666865348816
242,D0,219,1,1,0,0,0.0,0.5
242,D0,220,1,1,0,0,2.0,0.5
242,D0,221,1,1,0,0,0.1666666716337204,0.0
242,D0,222,1,1,0,0,0.8333333730697632,0.0
242,D0,223,1,1,0,0,0.1666666716337204,1.5
242,D0,224,1,1,0,0,1.6666667461395264,0.0
242,D0,225,1,1,0,0,0.6666666865348816,0.5
242,D0,226,1,1,0,0,0.0,7.0
242,D0,227,1,1,0,0,0.0,2.3333334922790527
242,D0,228,1,1,0,0,0.0,0.0
242,D0,229,1,1,0,0,4.0,0.0
242,D0,230,1,1,0,0,3.0,0.8333333730697632
242,D0,231,1,1,0,0,3.5,0.5
242,D0,232,1,1,0,0,0.0,0.1666666716337204
242,D0,233,1,1,0,0,2.0,0.3333333432674408
242,D0,234,1,1,0,0,0.1666666716337204,2.3333334922790527
242,D0,235,1,1,0,0,0.6666666865348816,0.1666666716337204
242,D0,236,1,1,0,0,0.6666666865348816,3.5
242,D0,237,1,1,0,0,0.0,1.5
242,D0,238,1,1,0,0,0.0,0.0
242,D0,239,1,1,0,0,1.0,4.1666669845581055
242,D0,240,1,1,0,0,0.5,3.6666667461395264
242,D0,241,1,1,0,0,1.0,2.8333334922790527
242,D0,242,1,1,0,0,0.5,0.0
242,D0,243,1,1,0,0,0.0,3.5
242,D0,244,1,1,0,0,0.5,0.0
242,D0,245,1,1,0,0,3.0,0.8333333730697632
242,D0,246,1,1,0,0,0.0,0.1666666716337204
242,D0,247,1,0,0,0,0.0,1.8000000715255737
242,D0,248,1,0,0,0,0.1666666716337204,1.3333333730697632
242,D0,249,0,0,0,0,1.6666667461395264,0.3333333432674408
242,D0,250,0,0,0,0,4.400000095367432,0.6666666865348816
242,D0,251,0,0,0,0,0.0,7.200000286102295
242,D0,252,0,0,0,0,1.5,0.3333333432674408
242,D0,253,0,0,0,0,0.0,0.1666666716337204
242,D0,254,0,0,0,0,0.3333333432674408,0.3333333432674408
242,D0,255,0,0,0,0,0.1666666716337204,1.1666667461395264
42,DQNHMED,0,0,0,1,1,1.2000000476837158,6.0
42,DQNHMED,1,0,0,1,1,5.142857551574707,11.5
42,DQNHMED,2,0,0,1,1,1.3636363744735718,1.5
42,DQNHMED,3,0,0,1,1,1.454545497894287,1.571428656578064
42,DQNHMED,4,0,0,1,1,5.333333492279053,2.2857143878936768
42,DQNHMED,5,0,0,1,1,2.142857313156128,1.3333333730697632
42,DQNHMED,6,0,0,1,1,2.4000000953674316,2.3333332538604736
42,DQNHMED,7,0,0,1,1,1.375,1.8000000715255737
42,DQNHMED,8,0,1,1,0,1.7272727489471436,1.3636363744735718
42,DQNHMED,9,0,0,1,1,3.6000001430511475,4.5
42,DQNHMED,10,0,0,1,1,1.6363637447357178,3.6666667461395264
42,DQNHMED,11,1,1,0,0,1.0909091234207153,1.6363637447357178
42,DQNHMED,12,1,1,0,0,1.0909091234207153,1.2727272510528564
42,DQNHMED,13,1,0,0,1,1.0909091234207153,1.1818182468414307
42,DQNHMED,14,1,0,0,1,1.5454546213150024,1.6363637447357178
42,DQNHMED,15,1,1,0,0,1.0,0.6363636255264282
42,DQNHMED,16,1,1,0,0,1.2727272510528564,0.9090909361839294
42,DQNHMED,17,0,1,1,0,3.1111111640930176,1.6363637447357178
42,DQNHMED,18,1,0,0,1,0.9090909361839294,2.3333332538604736
42,DQNHMED,19,1,0,0,1,0.4545454680919647,4.125
42,DQNHMED,20,1,1,0,0,0.5454545617103577,1.2727272510528564
42,DQNHMED,21,1,1,0,0,1.0,0.6363636255264282
42,DQNHMED,22,1,1,0,0,1.0,0.9090909361839294
42,DQNHMED,23,1,0,0,1,0.6363636255264282,2.545454502105713
42,DQNHMED,24,1,1,0,0,0.6363636255264282,1.0
42,DQNHMED,25,1,1,0,0,1.1818182468414307,1.3636363744735718
42,DQNHMED,26,1,1,0,0,1.3636363744735718,0.9090909361839294
42,DQNHMED,27,1,1,0,0,0.3636363744735718,0.6363636255264282
42,DQNHMED,28,1,1,0,0,1.1818182468414307,1.0
42,DQNHMED,29,1,1,0,0,1.0909091234207153,1.0
42,DQNHMED,30,1,1,0,0,0.6363636255264282,0.8181818723678589
42,DQNHMED,31,1,1,0,0,1.0,1.3636363744735718
42,DQNHMED,32,1,1,0,0,0.9090909361839294,0.5454545617103577
42,DQNHMED,33,1,1,0,0,1.2727272510528564,1.0
42,DQNHMED,34,1,1,0,0,0.6363636255264282,0.9090909361839294
42,DQNHMED,35,1,1,0,0,1.1818182468414307,0.6363636255264282
42,DQNHMED,36,1,1,0,0,1.0909091234207153,1.0
42,DQNHMED,37,1,1,0,0,1.3636363744735718,0.6363636255264282
42,DQNHMED,38,1,1,0,0,1.0,1.0
42,DQNHMED,39,1,1,0,0,0.6363636255264282,1.6363637447357178
42,DQNHMED,40,1,0,0,1,1.0,4.5
42,DQNHMED,41,1,1,0,0,1.454545497894287,1.3636363744735718
42,DQNHMED,42,1,1,0,0,0.9090909361839294,0.8181818723678589
42,DQNHMED,43,1,1,0,0,1.454545497894287,1.0
42,DQNHMED,44,1,1,0,0,0.6363636255264282,0.5454545617103577
42,DQNHMED,45,1,1,0,0,0.9090909361839294,0.5454545617103577
42,DQNHMED,46,1,1,0,0,1.5454546213150024,0.9090909361839294
42,DQNHMED,47,1,1,0,0,0.6363636255264282,0.5454545617103577
42,DQNHMED,48,1,1,0,0,1.6363637447357178,0.8181818723678589
42,DQNHMED,49,1,1,0,0,1.7272727489471436,2.454545497894287
42,DQNHMED,50,1,1,0,0,0.9090909361839294,1.0909091234207153
42,DQNHMED,51,1,1,0,0,1.7272727489471436,0.6363636255264282
42,DQNHMED,52,1,1,0,0,1.2727272510528564,0.4545454680919647
42,DQNHMED,53,1,1,0,0,1.3636363744735718,1.1818182468414307
42,DQNHMED,54,1,1,0,0,1.5454546213150024,1.0909091234207153
42,DQNHMED,55,1,1,0,0,1.2727272510528564,1.0
42,DQNHMED,56,1,1,0,0,1.0909091234207153,1.3636363744735718
42,DQNHMED,57,1,1,0,0,1.0909091234207153,0.27272728085517883
42,DQNHMED,58,1,1,0,0,1.454545497894287,0.7272727489471436
42,DQNHMED,59,1,1,0,0,1.7272727489471436,1.2727272510528564
42,DQNHMED,60,1,1,0,0,1.1818182468414307,0.7272727489471436
42,DQNHMED,61,1,1,0,0,1.5454546213150024,0.9090909361839294
42,DQNHMED,62,1,1,0,0,0.9090909361839294,0.7272727489471436
42,DQNHMED,63,1,1,0,0,0.5454545617103577,0.8181818723678589
42,DQNHMED,64,1,1,0,0,1.5454546213150024,1.7272727489471436
42,DQNHMED,65,0,1,1,0,1.0909091234207153,1.6363637447357178
42,DQNHMED,66,1,1,0,0,0.8181818723678589,0.8181818723678589
42,DQNHMED,67,1,1,0,0,1.3636363744735718,1.6363637447357178
42,DQNHMED,68,1,1,0,0,1.3636363744735718,1.2727272510528564
42,DQNHMED,69,1,1,0,0,1.454545497894287,1.3636363744735718
42,DQNHMED,70,1,0,0,1,0.7272727489471436,2.6363637447357178
42,DQNHMED,71,1,1,0,0,2.090909242630005,0.8181818723678589
42,DQNHMED,72,1,1,0,0,1.454545497894287,1.8181818723678589
42,DQNHMED,73,1,1,0,0,0.7272727489471436,1.9090909957885742
42,DQNHMED,74,1,1,0,0,1.1818182468414307,2.6363637447357178
42,DQNHMED,75,1,1,0,0,0.8181818723678589,1.3636363744735718
42,DQNHMED,76,1,0,0,1,1.2727272510528564,1.8181818723678589
42,DQNHMED,77,1,1,0,0,1.2727272510528564,2.090909242630005
42,DQNHMED,78,1,1,0,0,1.454545497894287,0.9090909361839294
42,DQNHMED,79,1,1,0,0,1.0,1.454545497894287
42,DQNHMED,80,1,1,0,0,0.7272727489471436,1.6363637447357178
42,DQNHMED,81,1,1,0,0,1.2727272510528564,0.9090909361839294
42,DQNHMED,82,1,1,0,0,1.5454546213150024,1.5454546213150024
42,DQNHMED,83,1,1,0,0,0.9090909361839294,0.8181818723678589
42,DQNHMED,84,1,1,0,0,1.2727272510528564,0.5454545617103577
42,DQNHMED,85,1,1,0,0,1.3636363744735718,2.0
42,DQNHMED,86,1,1,0,0,1.0909091234207153,0.9090909361839294
42,DQNHMED,87,1,1,0,0,1.3636363744735718,1.3636363744735718
42,DQNHMED,88,1,1,0,0,1.454545497894287,1.8181818723678589
42,DQNHMED,89,1,1,0,0,0.8181818723678589,1.454545497894287
42,DQNHMED,90,1,1,0,0,1.3636363744735718,1.1818182468414307
42,DQNHMED,91,1,1,0,0,1.0909091234207153,0.7272727489471436
42,DQNHMED,92,1,1,0,0,1.2727272510528564,0.7272727489471436
42,DQNHMED,93,1,1,0,0,1.1818182468414307,0.5454545617103577
42,DQNHMED,94,1,1,0,0,1.6363637447357178,1.454545497894287
42,DQNHMED,95,1,1,0,0,2.0,0.9090909361839294
42,DQNHMED,96,1,1,0,0,1.3636363744735718,1.3636363744735718
42,DQNHMED,97,1,1,0,0,1.8181818723678589,1.7272727489471436
42,DQNHMED,98,1,1,0,0,1.0909091234207153,1.2727272510528564
42,DQNHMED,99,1,1,0,0,1.1818182468414307,1.8181818723678589
42,DQNHMED,100,1,1,0,0,1.0,2.090909242630005
42,DQNHMED,101,1,1,0,0,0.9090909361839294,1.2727272510528564
42,DQNHMED,102,1,1,0,0,2.090909242630005,1.0
42,DQNHMED,103,1,1,0,0,1.9090909957885742,1.6363637447357178
42,DQNHMED,104,1,0,0,1,1.0909091234207153,1.0
42,DQNHMED,105,1,1,0,0,1.5454546213150024,1.0
42,DQNHMED,106,1,1,0,0,0.09090909361839294,1.454545497894287
42,DQNHMED,107,1,1,0,0,1.8181818723678589,1.9090909957885742
42,DQNHMED,108,1,1,0,0,1.7272727489471436,1.0909091234207153
42,DQNHMED,109,1,1,0,0,1.454545497894287,3.545454740524292
42,DQNHMED,110,1,1,0,0,1.2727272510528564,1.1818182468414307
42,DQNHMED,111,1,1,0,0,1.2727272510528564,1.1818182468414307
42,DQNHMED,112,1,1,0,0,2.1818182468414307,2.090909242630005
42,DQNHMED,113,1,1,0,0,2.090909242630005,1.7272727489471436
42,DQNHMED,114,1,1,0,0,2.6363637447357178,1.1818182468414307
42,DQNHMED,115,1,1,0,0,0.7272727489471436,0.9090909361839294
42,DQNHMED,116,1,1,0,0,0.7272727489471436,1.5454546213150024
42,DQNHMED,117,1,1,0,0,1.1818182468414307,1.3636363744735718
42,DQNHMED,118,0,0,1,1,2.6363637447357178,3.545454740524292
42,DQNHMED,119,1,1,0,0,1.5454546213150024,2.1818182468414307
42,DQNHMED,120,1,1,0,0,1.3636363744735718,1.8181818723678589
42,DQNHMED,121,1,1,0,0,1.0909091234207153,1.454545497894287
42,DQNHMED,122,1,1,0,0,2.7272727489471436,1.6363637447357178
42,DQNHMED,123,1,0,0,1,2.7272727489471436,2.0
42,DQNHMED,124,0,1,1,0,1.7272727489471436,1.454545497894287
42,DQNHMED,125,1,1,0,0,2.0,1.2727272510528564
42,DQNHMED,126,1,1,0,0,2.0,1.5454546213150024
42,DQNHMED,127,1,1,0,0,2.3636364936828613,1.454545497894287
42,DQNHMED,128,0,0,1,1,3.25,1.5
42,DQNHMED,129,0,0,1,1,0.8888888955116272,1.0
42,DQNHMED,130,0,0,1,1,0.8571429252624512,1.2857143878936768
42,DQNHMED,131,0,0,1,1,1.1111111640930176,1.399999976158142
42,DQNHMED,132,0,0,1,1,5.5,1.4285714626312256
42,DQNHMED,133,0,0,1,1,1.7142858505249023,1.5555555820465088
42,DQNHMED,134,0,0,1,1,1.571428656578064,1.625
42,DQNHMED,135,0,0,1,1,1.2727272510528564,1.0
42,DQNHMED,136,1,0,0,1,1.0909091234207153,2.0
42,DQNHMED,137,1,0,0,1,1.1818182468414307,1.5555555820465088
42,DQNHMED,138,1,0,0,1,0.9090909361839294,1.625
42,DQNHMED,139,1,0,0,1,1.454545497894287,2.0
42,DQNHMED,140,1,0,0,1,0.3636363744735718,1.3333333730697632
42,DQNHMED,141,1,0,0,1,1.0909091234207153,2.1000001430511475
42,DQNHMED,142,0,0,1,1,6.5,2.1111111640930176
42,DQNHMED,143,1,1,0,0,1.1818182468414307,1.7272727489471436
42,DQNHMED,144,1,1,0,0,0.7272727489471436,1.2727272510528564
42,DQNHMED,145,1,1,0,0,1.1818182468414307,1.0909091234207153
42,DQNHMED,146,1,1,0,0,0.8181818723678589,1.0909091234207153
42,DQNHMED,147,1,1,0,0,0.5454545617103577,1.0909091234207153
42,DQNHMED,148,0,1,1,0,3.299999952316284,1.9090909957885742
42,DQNHMED,149,1,1,0,0,1.5454546213150024,1.3636363744735718
42,DQNHMED,150,1,1,0,0,1.454545497894287,1.0909091234207153
42,DQNHMED,151,1,1,0,0,0.4545454680919647,1.0
42,DQNHMED,152,1,0,0,1,1.3636363744735718,4.666666507720947
42,DQNHMED,153,1,1,0,0,0.7272727489471436,1.0909091234207153
42,DQNHMED,154,1,1,0,0,0.8181818723678589,0.8181818723678589
42,DQNHMED,155,1,0,0,1,1.1818182468414307,1.9090909957885742
42,DQNHMED,156,0,1,1,0,3.2727274894714355,0.4545454680919647
42,DQNHMED,157,1,1,0,0,1.0909091234207153,1.1818182468414307
42,DQNHMED,158,1,1,0,0,0.6363636255264282,0.6363636255264282
42,DQNHMED,159,1,1,0,0,0.7272727489471436,0.7272727489471436
42,DQNHMED,160,1,0,0,1,1.0909091234207153,2.1818182468414307
42,DQNHMED,161,1,0,0,1,0.4545454680919647,1.2727272510528564
42,DQNHMED,162,1,1,0,0,0.7272727489471436,0.7272727489471436
42,DQNHMED,163,1,1,0,0,1.3636363744735718,0.8181818723678589
42,DQNHMED,164,1,0,0,1,1.7272727489471436,2.7272727489471436
42,DQNHMED,165,1,1,0,0,0.9090909361839294,0.8181818723678589
42,DQNHMED,166,1,1,0,0,1.7272727489471436,1.3636363744735718
42,DQNHMED,167,1,1,0,0,0.4545454680919647,0.9090909361839294
42,DQNHMED,168,1,0,0,1,1.454545497894287,5.888888835906982
42,DQNHMED,169,1,1,0,0,1.0,1.2727272510528564
42,DQNHMED,170,1,1,0,0,0.6363636255264282,0.6363636255264282
42,DQNHMED,171,1,1,0,0,1.1818182468414307,1.0
42,DQNHMED,172,1,1,0,0,1.1818182468414307,0.8181818723678589
42,DQNHMED,173,1,1,0,0,0.7272727489471436,0.9090909361839294
42,DQNHMED,174,1,1,0,0,0.7272727489471436,1.454545497894287
42,DQNHMED,175,1,1,0,0,0.5454545617103577,1.0
42,DQNHMED,176,1,1,0,0,1.1818182468414307,1.454545497894287
42,DQNHMED,177,1,1,0,0,1.1818182468414307,2.0
42,DQNHMED,178,1,1,0,0,1.0909091234207153,1.5454546213150024
42,DQNHMED,179,1,1,0,0,1.454545497894287,0.3636363744735718
42,DQNHMED,180,1,0,0,1,1.6363637447357178,3.299999952316284
42,DQNHMED,181,1,1,0,0,1.3636363744735718,0.8181818723678589
42,DQNHMED,182,1,1,0,0,0.5454545617103577,0.4545454680919647
42,DQNHMED,183,1,1,0,0,0.7272727489471436,0.9090909361839294
42,DQNHMED,184,1,1,0,0,1.454545497894287,1.1818182468414307
42,DQNHMED,185,1,1,0,0,0.6363636255264282,1.0909091234207153
42,DQNHMED,186,1,1,0,0,1.6363637447357178,0.4545454680919647
42,DQNHMED,187,1,1,0,0,1.454545497894287,0.6363636255264282
42,DQNHMED,188,1,1,0,0,0.7272727489471436,1.5454546213150024
42,DQNHMED,189,1,1,0,0,0.9090909361839294,1.0
42,DQNHMED,190,1,1,0,0,1.1818182468414307,0.8181818723678589
42,DQNHMED,191,1,1,0,0,0.8181818723678589,0.8181818723678589
42,DQNHMED,192,1,1,0,0,0.6363636255264282,0.09090909361839294
42,DQNHMED,193,0,1,1,0,1.5454546213150024,1.0909091234207153
42,DQNHMED,194,1,1,0,0,1.0,1.5454546213150024
42,DQNHMED,195,1,1,0,0,1.454545497894287,0.9090909361839294
42,DQNHMED,196,1,1,0,0,1.7272727489471436,1.0909091234207153
42,DQNHMED,197,0,1,1,0,1.8181818723678589,0.8181818723678589
42,DQNHMED,198,1,1,0,0,1.1818182468414307,1.7272727489471436
42,DQNHMED,199,0,1,1,0,2.909090995788574,1.2727272510528564
42,DQNHMED,200,1,1,0,0,0.9090909361839294,1.0909091234207153
42,DQNHMED,201,1,0,0,1,1.0,1.8181818723678589
42,DQNHMED,202,1,0,0,1,1.3636363744735718,0.6363636255264282
42,DQNHMED,203,1,1,0,0,0.3636363744735718,1.0
42,DQNHMED,204,1,1,0,0,0.8181818723678589,2.090909242630005
42,DQNHMED,205,1,1,0,0,1.3636363744735718,1.2727272510528564
42,DQNHMED,206,1,0,0,1,0.8181818723678589,0.8181818723678589
42,DQNHMED,207,1,1,0,0,0.6363636255264282,1.2727272510528564
42,DQNHMED,208,1,0,0,1,0.3636363744735718,1.0
42,DQNHMED,209,1,1,0,0,1.8181818723678589,1.1818182468414307
42,DQNHMED,210,1,1,0,0,1.5454546213150024,1.0909091234207153
42,DQNHMED,211,1,1,0,0,1.7272727489471436,1.1818182468414307
42,DQNHMED,212,1,1,0,0,0.8181818723678589,1.6363637447357178
42,DQNHMED,213,1,1,0,0,1.1818182468414307,1.7272727489471436
42,DQNHMED,214,1,1,0,0,1.3636363744735718,1.2727272510528564
42,DQNHMED,215,1,1,0,0,1.0,1.454545497894287
42,DQNHMED,216,1,1,0,0,1.6363637447357178,1.9090909957885742
42,DQNHMED,217,1,1,0,0,1.7272727489471436,1.6363637447357178
42,DQNHMED,218,1,1,0,0,1.0,0.6363636255264282
42,DQNHMED,219,1,1,0,0,1.3636363744735718,1.1818182468414307
42,DQNHMED,220,1,1,0,0,0.9090909361839294,0.7272727489471436
42,DQNHMED,221,1,1,0,0,1.1818182468414307,0.5454545617103577
42,DQNHMED,222,1,1,0,0,1.2727272510528564,1.0909091234207153
42,DQNHMED,223,1,1,0,0,1.7272727489471436,0.9090909361839294
42,DQNHMED,224,1,1,0,0,1.3636363744735718,0.7272727489471436
42,DQNHMED,225,1,1,0,0,1.0909091234207153,1.2727272510528564
42,DQNHMED,226,1,1,0,0,1.1818182468414307,0.8181818723678589
42,DQNHMED,227,1,1,0,0,0.9090909361839294,1.5454546213150024
42,DQNHMED,228,0,1,1,0,1.0909091234207153,1.0
42,DQNHMED,229,1,1,0,0,0.9090909361839294,1.3636363744735718
42,DQNHMED,230,0,1,1,0,1.7272727489471436,1.0
42,DQNHMED,231,1,1,0,0,0.9090909361839294,0.8181818723678589
42,DQNHMED,232,1,1,0,0,2.090909242630005,1.2727272510528564
42,DQNHMED,233,1,1,0,0,1.0909091234207153,0.9090909361839294
42,DQNHMED,234,1,1,0,0,1.6363637447357178,2.090909242630005
42,DQNHMED,235,1,1,0,0,1.0,1.2727272510528564
42,DQNHMED,236,1,1,0,0,1.8181818723678589,0.6363636255264282
42,DQNHMED,237,1,1,0,0,2.909090995788574,0.6363636255264282
42,DQNHMED,238,1,1,0,0,1.3636363744735718,1.6363637447357178
42,DQNHMED,239,1,0,0,1,0.8181818723678589,1.6363637447357178
42,DQNHMED,240,1,1,0,0,1.454545497894287,1.2727272510528564
42,DQNHMED,241,1,0,0,1,1.0909091234207153,1.3636363744735718
42,DQNHMED,242,1,1,0,0,2.0,1.0909091234207153
42,DQNHMED,243,1,1,0,0,0.27272728085517883,1.5454546213150024
42,DQNHMED,244,0,1,1,0,1.0,1.0
42,DQNHMED,245,1,1,0,0,1.3636363744735718,0.8181818723678589
42,DQNHMED,246,1,1,0,0,0.9090909361839294,1.2727272510528564
42,DQNHMED,247,1,1,0,0,0.8181818723678589,1.6363637447357178
42,DQNHMED,248,1,1,0,0,2.454545497894287,0.6363636255264282
42,DQNHMED,249,1,1,0,0,2.8181819915771484,1.0
42,DQNHMED,250,1,1,0,0,2.090909242630005,1.8181818723678589
42,DQNHMED,251,1,1,0,0,2.454545497894287,1.8181818723678589
42,DQNHMED,252,1,1,0,0,1.7272727489471436,1.5454546213150024
42,DQNHMED,253,1,1,0,0,1.7272727489471436,1.5454546213150024
42,DQNHMED,254,1,1,0,0,1.454545497894287,2.1818182468414307
42,DQNHMED,255,0,1,1,0,2.2727272510528564,1.454545497894287
142,DQNHMED,0,0,0,1,1,1.8000000715255737,5.5
142,DQNHMED,1,0,0,1,1,0.8333333730697632,1.1428571939468384
142,DQNHMED,2,0,0,1,1,2.1666667461395264,1.125
142,DQNHMED,3,0,0,1,1,1.625,1.625
142,DQNHMED,4,0,0,1,1,4.333333492279053,1.6666667461395264
142,DQNHMED,5,0,0,1,1,3.7142858505249023,1.2000000476837158
142,DQNHMED,6,0,0,1,1,1.3000000715255737,1.2000000476837158
142,DQNHMED,7,0,0,1,1,3.4285717010498047,1.4285714626312256
142,DQNHMED,8,0,0,1,1,1.399999976158142,3.000000238418579
142,DQNHMED,9,0,0,1,1,1.2727272510528564,1.7777777910232544
142,DQNHMED,10,0,0,1,1,3.25,1.3000000715255737
142,DQNHMED,11,0,1,1,0,1.3333333730697632,1.1818182468414307
142,DQNHMED,12,0,0,1,1,1.2000000476837158,3.625
142,DQNHMED,13,0,1,1,0,7.285714626312256,1.454545497894287
142,DQNHMED,14,0,0,1,1,1.7272727489471436,0.9090909361839294
142,DQNHMED,15,0,1,1,0,1.1818182468414307,1.0
142,DQNHMED,16,0,1,1,0,2.777777910232544,1.1818182468414307
142,DQNHMED,17,0,0,1,1,1.3636363744735718,2.0
142,DQNHMED,18,0,1,1,0,1.2000000476837158,0.3636363744735718
142,DQNHMED,19,1,1,0,0,0.3636363744735718,1.0909091234207153
142,DQNHMED,20,1,1,0,0,1.1818182468414307,1.0909091234207153
142,DQNHMED,21,0,1,1,0,2.6000001430511475,1.0
142,DQNHMED,22,1,1,0,0,1.0,0.6363636255264282
142,DQNHMED,23,1,1,0,0,1.1818182468414307,0.7272727489471436
142,DQNHMED,24,1,1,0,0,1.0,0.3636363744735718
142,DQNHMED,25,0,0,1,1,2.0,2.200000047683716
142,DQNHMED,26,1,1,0,0,1.1818182468414307,1.0909091234207153
142,DQNHMED,27,1,1,0,0,1.3636363744735718,0.5454545617103577
142,DQNHMED,28,0,1,1,0,1.5454546213150024,0.5454545617103577
142,DQNHMED,29,1,1,0,0,0.7272727489471436,1.3636363744735718
142,DQNHMED,30,0,1,1,0,2.1818182468414307,1.3636363744735718
142,DQNHMED,31,1,1,0,0,1.0,1.2727272510528564
142,DQNHMED,32,1,1,0,0,1.7272727489471436,0.9090909361839294
142,DQNHMED,33,1,1,0,0,1.2727272510528564,1.0
142,DQNHMED,34,1,1,0,0,1.2727272510528564,0.7272727489471436
142,DQNHMED,35,1,1,0,0,0.8181818723678589,1.454545497894287
142,DQNHMED,36,1,1,0,0,0.7272727489471436,1.0
142,DQNHMED,37,1,1,0,0,0.6363636255264282,1.2727272510528564
142,DQNHMED,38,1,1,0,0,0.3636363744735718,0.3636363744735718
142,DQNHMED,39,1,1,0,0,1.8181818723678589,1.1818182468414307
142,DQNHMED,40,1,0,0,1,1.1818182468414307,1.6363637447357178
142,DQNHMED,41,1,1,0,0,1.2727272510528564,0.8181818723678589
142,DQNHMED,42,1,1,0,0,1.0909091234207153,0.8181818723678589
142,DQNHMED,43,1,1,0,0,0.7272727489471436,1.0909091234207153
142,DQNHMED,44,1,1,0,0,1.454545497894287,1.7272727489471436
142,DQNHMED,45,1,1,0,0,1.0,1.5454546213150024
142,DQNHMED,46,1,1,0,0,0.7272727489471436,1.1818182468414307
142,DQNHMED,47,1,1,0,0,1.7272727489471436,1.0909091234207153
142,DQNHMED,48,1,1,0,0,1.0,1.454545497894287
142,DQNHMED,49,1,1,0,0,1.7272727489471436,1.0909091234207153
142,DQNHMED,50,1,1,0,0,1.1818182468414307,0.5454545617103577
142,DQNHMED,51,1,1,0,0,0.6363636255264282,1.1818182468414307
142,DQNHMED,52,1,1,0,0,1.2727272510528564,1.6363637447357178
142,DQNHMED,53,1,1,0,0,1.0909091234207153,0.7272727489471436
142,DQNHMED,54,1,1,0,0,0.8181818723678589,1.2727272510528564
142,DQNHMED,55,1,1,0,0,0.7272727489471436,1.1818182468414307
142,DQNHMED,56,1,1,0,0,1.5454546213150024,0.6363636255264282
142,DQNHMED,57,1,1,0,0,1.6363637447357178,0.5454545617103577
142,DQNHMED,58,1,0,0,1,1.3636363744735718,1.8181818723678589
142,DQNHMED,59,1,1,0,0,1.454545497894287,1.0
142,DQNHMED,60,1,1,0,0,0.9090909361839294,1.0
142,DQNHMED,61,1,1,0,0,1.0,1.9090909957885742
142,DQNHMED,62,1,1,0,0,1.6363637447357178,0.5454545617103577
142,DQNHMED,63,1,1,0,0,1.0909091234207153,1.3636363744735718
142,DQNHMED,64,1,1,0,0,1.5454546213150024,2.0
142,DQNHMED,65,1,1,0,0,1.7272727489471436,1.0909091234207153
142,DQNHMED,66,1,1,0,0,1.1818182468414307,1.0
142,DQNHMED,67,1,1,0,0,1.1818182468414307,0.3636363744735718
142,DQNHMED,68,0,1,1,0,3.625,1.0909091234207153
142,DQNHMED,69,1,1,0,0,0.9090909361839294,1.0
142,DQNHMED,70,1,1,0,0,1.454545497894287,1.0909091234207153
142,DQNHMED,71,0,1,1,0,1.2727272510528564,0.8181818723678589
142,DQNHMED,72,0,1,1,0,1.7272727489471436,0.6363636255264282
142,DQNHMED,73,1,1,0,0,1.0,1.0
142,DQNHMED,74,1,1,0,0,0.9090909361839294,1.0909091234207153
142,DQNHMED,75,1,1,0,0,0.6363636255264282,1.6363637447357178
142,DQNHMED,76,1,1,0,0,1.8181818723678589,1.8181818723678589
142,DQNHMED,77,1,0,0,1,1.3636363744735718,1.9090909957885742
142,DQNHMED,78,1,1,0,0,1.8181818723678589,1.1818182468414307
142,DQNHMED,79,1,1,0,0,0.27272728085517883,1.9090909957885742
142,DQNHMED,80,1,1,0,0,1.2727272510528564,1.0
142,DQNHMED,81,1,1,0,0,2.545454502105713,0.6363636255264282
142,DQNHMED,82,1,1,0,0,1.0909091234207153,1.0
142,DQNHMED,83,1,1,0,0,1.454545497894287,0.6363636255264282
142,DQNHMED,84,1,1,0,0,0.7272727489471436,1.1818182468414307
142,DQNHMED,85,1,1,0,0,0.4545454680919647,1.454545497894287
142,DQNHMED,86,1,1,0,0,0.9090909361839294,1.1818182468414307
142,DQNHMED,87,1,1,0,0,2.3636364936828613,1.0909091234207153
142,DQNHMED,88,1,1,0,0,2.0,1.5454546213150024
142,DQNHMED,89,1,1,0,0,1.5454546213150024,0.7272727489471436
142,DQNHMED,90,1,1,0,0,2.1818182468414307,1.454545497894287
142,DQNHMED,91,1,1,0,0,1.2727272510528564,2.0
142,DQNHMED,92,1,1,0,0,1.1818182468414307,2.454545497894287
142,DQNHMED,93,1,1,0,0,1.6363637447357178,1.0909091234207153
142,DQNHMED,94,1,1,0,0,0.5454545617103577,1.2727272510528564
142,DQNHMED,95,1,1,0,0,1.2727272510528564,2.090909242630005
142,DQNHMED,96,0,1,1,0,2.454545497894287,1.454545497894287
142,DQNHMED,97,1,1,0,0,0.27272728085517883,1.5454546213150024
142,DQNHMED,98,1,1,0,0,1.0909091234207153,1.454545497894287
142,DQNHMED,99,1,1,0,0,1.1818182468414307,0.5454545617103577
142,DQNHMED,100,1,1,0,0,1.0909091234207153,1.0909091234207153
142,DQNHMED,101,1,1,0,0,0.7272727489471436,0.9090909361839294
142,DQNHMED,102,1,1,0,0,2.1818182468414307,2.2727272510528564
142,DQNHMED,103,1,1,0,0,0.9090909361839294,0.7272727489471436
142,DQNHMED,104,1,1,0,0,0.8181818723678589,1.0909091234207153
142,DQNHMED,105,1,1,0,0,1.3636363744735718,1.8181818723678589
142,DQNHMED,106,1,1,0,0,1.0909091234207153,2.0
142,DQNHMED,107,0,1,1,0,3.7272727489471436,1.3636363744735718
142,DQNHMED,108,1,1,0,0,1.0,1.3636363744735718
142,DQNHMED,109,1,1,0,0,1.0,1.454545497894287
142,DQNHMED,110,1,1,0,0,1.1818182468414307,0.9090909361839294
142,DQNHMED,111,1,1,0,0,2.0,2.2727272510528564
142,DQNHMED,112,1,1,0,0,1.0909091234207153,1.7272727489471436
142,DQNHMED,113,1,1,0,0,0.7272727489471436,2.1818182468414307
142,DQNHMED,114,1,1,0,0,1.0,1.2727272510528564
142,DQNHMED,115,1,1,0,0,1.5454546213150024,1.9090909957885742
142,DQNHMED,116,1,1,0,0,1.2727272510528564,0.8181818723678589
142,DQNHMED,117,1,1,0,0,0.8181818723678589,2.090909242630005
142,DQNHMED,118,1,1,0,0,1.2727272510528564,1.9090909957885742
142,DQNHMED,119,1,1,0,0,1.7272727489471436,2.3636364936828613
142,DQNHMED,120,1,1,0,0,0.8181818723678589,2.909090995788574
142,DQNHMED,121,1,1,0,0,1.454545497894287,1.2727272510528564
142,DQNHMED,122,1,1,0,0,1.7272727489471436,2.545454502105713
142,DQNHMED,123,1,1,0,0,1.6363637447357178,1.8181818723678589
142,DQNHMED,124,1,1,0,0,2.1818182468414307,0.8181818723678589
142,DQNHMED,125,1,1,0,0,2.1818182468414307,1.3636363744735718
142,DQNHMED,126,0,1,1,0,2.090909242630005,2.2727272510528564
142,DQNHMED,127,1,0,0,1,1.8181818723678589,1.0909091234207153
142,DQNHMED,128,0,0,1,1,9.0,4.5
142,DQNHMED,129,0,0,1,1,3.5,2.0
142,DQNHMED,130,0,0,1,1,2.5,1.8571429252624512
142,DQNHMED,131,0,0,1,1,6.5,7.5
142,DQNHMED,132,0,0,1,1,1.5,2.0
142,DQNHMED,133,0,0,1,1,1.4285714626312256,1.375
142,DQNHMED,134,0,0,1,1,1.125,2.25
142,DQNHMED,135,0,0,1,1,2.1111111640930176,1.9090909957885742
142,DQNHMED,136,0,0,1,1,2.555555582046509,2.0
142,DQNHMED,137,0,0,1,1,4.0,1.100000023841858
142,DQNHMED,138,0,1,1,0,1.454545497894287,1.3636363744735718
142,DQNHMED,139,0,0,1,1,1.5454546213150024,2.875
142,DQNHMED,140,0,0,1,1,1.888888955116272,3.555555582046509
142,DQNHMED,141,0,1,1,0,1.3636363744735718,0.1818181872367859
142,DQNHMED,142,0,1,1,0,1.0909091234207153,1.0
142,DQNHMED,143,0,1,1,0,2.25,0.8181818723678589
142,DQNHMED,144,0,0,1,1,1.5454546213150024,1.0909091234207153
142,DQNHMED,145,0,0,1,1,3.0,3.875
142,DQNHMED,146,0,0,1,1,3.857142925262451,2.545454502105713
142,DQNHMED,147,0,0,1,1,2.125,3.909090995788574
142,DQNHMED,148,0,1,1,0,3.0,1.2727272510528564
142,DQNHMED,149,0,0,1,1,2.3333332538604736,1.8000000715255737
142,DQNHMED,150,1,1,0,0,1.3636363744735718,1.454545497894287
142,DQNHMED,151,1,1,0,0,0.9090909361839294,1.0
142,DQNHMED,152,1,1,0,0,0.7272727489471436,1.2727272510528564
142,DQNHMED,153,1,1,0,0,1.0,1.0909091234207153
142,DQNHMED,154,1,1,0,0,1.0909091234207153,1.3636363744735718
142,DQNHMED,155,0,1,1,0,1.888888955116272,0.7272727489471436
142,DQNHMED,156,1,1,0,0,0.7272727489471436,1.3636363744735718
142,DQNHMED,157,1,1,0,0,0.7272727489471436,1.0909091234207153
142,DQNHMED,158,0,0,1,1,2.8181819915771484,1.5454546213150024
142,DQNHMED,159,1,1,0,0,1.2727272510528564,1.0
142,DQNHMED,160,1,1,0,0,0.9090909361839294,1.454545497894287
142,DQNHMED,161,1,1,0,0,0.5454545617103577,1.0
142,DQNHMED,162,1,1,0,0,0.9090909361839294,1.2727272510528564
142,DQNHMED,163,1,1,0,0,1.0909091234207153,0.8181818723678589
142,DQNHMED,164,1,1,0,0,1.1818182468414307,1.0
142,DQNHMED,165,1,1,0,0,1.1818182468414307,1.5454546213150024
142,DQNHMED,166,0,1,1,0,4.18181848526001,0.7272727489471436
142,DQNHMED,167,1,1,0,0,1.0,1.2727272510528564
142,DQNHMED,168,1,1,0,0,1.3636363744735718,1.6363637447357178
142,DQNHMED,169,1,1,0,0,0.8181818723678589,1.454545497894287
142,DQNHMED,170,1,1,0,0,0.4545454680919647,1.3636363744735718
142,DQNHMED,171,1,1,0,0,1.2727272510528564,1.8181818723678589
142,DQNHMED,172,1,1,0,0,1.0,1.1818182468414307
142,DQNHMED,173,1,1,0,0,0.9090909361839294,1.1818182468414307
142,DQNHMED,174,1,1,0,0,1.1818182468414307,0.8181818723678589
142,DQNHMED,175,1,1,0,0,1.1818182468414307,1.0
142,DQNHMED,176,1,1,0,0,1.1818182468414307,0.5454545617103577
142,DQNHMED,177,1,1,0,0,1.1818182468414307,1.6363637447357178
142,DQNHMED,178,1,1,0,0,1.0909091234207153,2.0
142,DQNHMED,179,1,1,0,0,0.8181818723678589,1.2727272510528564
142,DQNHMED,180,1,1,0,0,0.4545454680919647,2.2727272510528564
142,DQNHMED,181,1,1,0,0,1.0,1.0
142,DQNHMED,182,1,1,0,0,0.8181818723678589,1.1818182468414307
142,DQNHMED,183,1,1,0,0,1.2727272510528564,1.2727272510528564
142,DQNHMED,184,1,1,0,0,1.0909091234207153,1.3636363744735718
142,DQNHMED,185,1,1,0,0,1.9090909957885742,1.0
142,DQNHMED,186,0,0,1,1,1.0,11.666666984558105
142,DQNHMED,187,1,1,0,0,0.27272728085517883,0.9090909361839294
142,DQNHMED,188,1,1,0,0,0.9090909361839294,1.0
142,DQNHMED,189,1,1,0,0,1.5454546213150024,0.9090909361839294
142,DQNHMED,190,1,1,0,0,1.0909091234207153,1.0909091234207153
142,DQNHMED,191,1,1,0,0,0.6363636255264282,0.9090909361839294
142,DQNHMED,192,1,1,0,0,1.3636363744735718,1.9090909957885742
142,DQNHMED,193,0,1,1,0,2.909090995788574,1.3636363744735718
142,DQNHMED,194,1,1,0,0,1.6363637447357178,1.2727272510528564
142,DQNHMED,195,1,0,0,1,0.9090909361839294,0.8181818723678589
142,DQNHMED,196,1,1,0,0,0.7272727489471436,1.3636363744735718
142,DQNHMED,197,1,0,0,1,1.7272727489471436,3.4000000953674316
142,DQNHMED,198,1,0,0,1,0.9090909361839294,1.1818182468414307
142,DQNHMED,199,1,1,0,0,1.454545497894287,1.5454546213150024
142,DQNHMED,200,1,1,0,0,1.3636363744735718,1.454545497894287
142,DQNHMED,201,1,1,0,0,1.7272727489471436,1.454545497894287
142,DQNHMED,202,1,1,0,0,0.8181818723678589,0.7272727489471436
142,DQNHMED,203,1,1,0,0,1.1818182468414307,1.9090909957885742
142,DQNHMED,204,1,1,0,0,1.0909091234207153,1.1818182468414307
142,DQNHMED,205,1,1,0,0,2.0,1.454545497894287
142,DQNHMED,206,1,1,0,0,1.6363637447357178,1.0909091234207153
142,DQNHMED,207,1,1,0,0,2.1818182468414307,1.454545497894287
142,DQNHMED,208,1,1,0,0,0.7272727489471436,1.3636363744735718
142,DQNHMED,209,1,1,0,0,1.454545497894287,1.2727272510528564
142,DQNHMED,210,1,1,0,0,1.6363637447357178,1.9090909957885742
142,DQNHMED,211,1,1,0,0,0.9090909361839294,1.1818182468414307
142,DQNHMED,212,1,1,0,0,1.9090909957885742,1.3636363744735718
142,DQNHMED,213,1,1,0,0,1.6363637447357178,1.0
142,DQNHMED,214,1,1,0,0,1.0909091234207153,1.9090909957885742
142,DQNHMED,215,1,1,0,0,0.9090909361839294,1.2727272510528564
142,DQNHMED,216,1,1,0,0,2.1818182468414307,1.0909091234207153
142,DQNHMED,217,1,1,0,0,1.3636363744735718,0.8181818723678589
142,DQNHMED,218,0,1,1,0,1.1818182468414307,1.3636363744735718
142,DQNHMED,219,1,1,0,0,1.1818182468414307,1.6363637447357178
142,DQNHMED,220,1,1,0,0,0.9090909361839294,1.6363637447357178
142,DQNHMED,221,1,1,0,0,2.0,1.2727272510528564
142,DQNHMED,222,1,1,0,0,1.1818182468414307,1.6363637447357178
142,DQNHMED,223,1,1,0,0,1.3636363744735718,1.3636363744735718
142,DQNHMED,224,1,1,0,0,3.0,1.0909091234207153
142,DQNHMED,225,1,1,0,0,0.7272727489471436,1.0
142,DQNHMED,226,1,1,0,0,0.9090909361839294,1.3636363744735718
142,DQNHMED,227,1,1,0,0,1.0909091234207153,0.7272727489471436
142,DQNHMED,228,0,0,1,1,1.5454546213150024,2.454545497894287
142,DQNHMED,229,1,1,0,0,1.1818182468414307,1.8181818723678589
142,DQNHMED,230,1,1,0,0,2.090909242630005,1.0909091234207153
142,DQNHMED,231,1,1,0,0,1.2727272510528564,1.3636363744735718
142,DQNHMED,232,1,1,0,0,1.5454546213150024,1.6363637447357178
142,DQNHMED,233,1,1,0,0,1.0,1.6363637447357178
142,DQNHMED,234,1,1,0,0,1.8181818723678589,0.9090909361839294
142,DQNHMED,235,1,1,0,0,1.0909091234207153,1.1818182468414307
142,DQNHMED,236,1,1,0,0,1.3636363744735718,1.0
142,DQNHMED,237,1,1,0,0,0.8181818723678589,0.7272727489471436
142,DQNHMED,238,1,1,0,0,2.0,0.8181818723678589
142,DQNHMED,239,1,1,0,0,1.0909091234207153,2.2727272510528564
142,DQNHMED,240,1,1,0,0,2.1818182468414307,2.090909242630005
142,DQNHMED,241,1,1,0,0,1.454545497894287,1.8181818723678589
142,DQNHMED,242,1,1,0,0,1.6363637447357178,0.7272727489471436
142,DQNHMED,243,1,1,0,0,1.1818182468414307,2.2727272510528564
142,DQNHMED,244,1,1,0,0,3.090909242630005,1.2727272510528564
142,DQNHMED,245,1,1,0,0,2.090909242630005,1.8181818723678589
142,DQNHMED,246,1,1,0,0,2.0,2.2727272510528564
142,DQNHMED,247,1,1,0,0,0.6363636255264282,1.9090909957885742
142,DQNHMED,248,1,1,0,0,1.9090909957885742,1.1818182468414307
142,DQNHMED,249,1,1,0,0,1.9090909957885742,1.8181818723678589
142,DQNHMED,250,1,1,0,0,1.0,2.454545497894287
142,DQNHMED,251,1,1,0,0,1.2727272510528564,2.3636364936828613
142,DQNHMED,252,1,1,0,0,1.8181818723678589,2.0
142,DQNHMED,253,1,1,0,0,2.2727272510528564,2.2727272510528564
142,DQNHMED,254,1,1,0,0,1.6363637447357178,2.0
142,DQNHMED,255,1,0,0,0,1.7272727489471436,0.6363636255264282
242,DQNHMED,0,0,0,1,1,3.5,3.5
242,DQNHMED,1,0,0,1,1,2.25,1.0
242,DQNHMED,2,0,0,1,1,1.5,3.0
242,DQNHMED,3,0,0,1,1,3.6000001430511475,1.5555555820465088
242,DQNHMED,4,0,0,1,1,3.6666667461395264,2.625
242,DQNHMED,5,0,0,1,1,1.375,0.8571429252624512
242,DQNHMED,6,0,0,1,1,5.0,3.4285717010498047
242,DQNHMED,7,0,0,1,1,1.7142858505249023,1.3333333730697632
242,DQNHMED,8,0,0,1,1,1.2222222089767456,3.6666667461395264
242,DQNHMED,9,0,0,1,1,3.000000238418579,4.428571701049805
242,DQNHMED,10,0,0,1,1,0.9090909361839294,1.571428656578064
242,DQNHMED,11,0,0,1,1,1.888888955116272,1.888888955116272
242,DQNHMED,12,0,0,1,1,3.375,1.0
242,DQNHMED,13,0,0,1,1,0.9090909361839294,1.9090909957885742
242,DQNHMED,14,0,0,1,1,1.6363637447357178,1.6666666269302368
242,DQNHMED,15,0,0,1,1,9.25,3.1000001430511475
242,DQNHMED,16,0,0,1,1,2.25,1.75
242,DQNHMED,17,0,1,1,0,4.666666507720947,1.454545497894287
242,DQNHMED,18,0,0,1,1,3.375,0.8181818723678589
242,DQNHMED,19,1,0,0,1,0.9090909361839294,2.0
242,DQNHMED,20,1,1,0,0,1.0,1.1818182468414307
242,DQNHMED,21,1,1,0,0,0.9090909361839294,0.9090909361839294
242,DQNHMED,22,1,1,0,0,0.27272728085517883,0.9090909361839294
242,DQNHMED,23,1,0,0,1,0.6363636255264282,2.7272727489471436
242,DQNHMED,24,1,1,0,0,1.2727272510528564,0.8181818723678589
242,DQNHMED,25,0,0,1,1,1.0,2.4000000953674316
242,DQNHMED,26,1,1,0,0,1.0,1.2727272510528564
242,DQNHMED,27,1,1,0,0,0.8181818723678589,0.6363636255264282
242,DQNHMED,28,1,1,0,0,0.9090909361839294,0.5454545617103577
242,DQNHMED,29,0,1,1,0,2.7272727489471436,1.1818182468414307
242,DQNHMED,30,1,1,0,0,1.8181818723678589,1.0
242,DQNHMED,31,0,1,1,0,2.2727272510528564,1.0
242,DQNHMED,32,1,1,0,0,1.0,0.9090909361839294
242,DQNHMED,33,1,1,0,0,1.0909091234207153,0.9090909361839294
242,DQNHMED,34,1,1,0,0,0.7272727489471436,1.2727272510528564
242,DQNHMED,35,1,1,0,0,1.0909091234207153,1.454545497894287
242,DQNHMED,36,1,1,0,0,0.27272728085517883,1.1818182468414307
242,DQNHMED,37,1,1,0,0,0.7272727489471436,1.5454546213150024
242,DQNHMED,38,1,1,0,0,1.0909091234207153,0.7272727489471436
242,DQNHMED,39,1,1,0,0,1.5454546213150024,1.0909091234207153
242,DQNHMED,40,1,1,0,0,0.8181818723678589,1.5454546213150024
242,DQNHMED,41,1,1,0,0,0.9090909361839294,0.3636363744735718
242,DQNHMED,42,1,1,0,0,1.7272727489471436,0.9090909361839294
242,DQNHMED,43,1,1,0,0,0.9090909361839294,0.6363636255264282
242,DQNHMED,44,1,1,0,0,0.7272727489471436,0.7272727489471436
242,DQNHMED,45,1,1,0,0,1.0909091234207153,1.0909091234207153
242,DQNHMED,46,1,1,0,0,1.2727272510528564,1.5454546213150024
242,DQNHMED,47,1,1,0,0,1.1818182468414307,1.1818182468414307
242,DQNHMED,48,1,1,0,0,0.7272727489471436,1.2727272510528564
242,DQNHMED,49,1,1,0,0,0.6363636255264282,2.090909242630005
242,DQNHMED,50,1,1,0,0,0.6363636255264282,0.5454545617103577
242,DQNHMED,51,1,1,0,0,1.1818182468414307,1.454545497894287
242,DQNHMED,52,0,1,1,0,1.0909091234207153,0.7272727489471436
242,DQNHMED,53,1,1,0,0,1.0909091234207153,1.3636363744735718
242,DQNHMED,54,1,1,0,0,1.1818182468414307,0.9090909361839294
242,DQNHMED,55,1,1,0,0,1.0,1.7272727489471436
242,DQNHMED,56,1,1,0,0,0.9090909361839294,1.454545497894287
242,DQNHMED,57,1,1,0,0,0.8181818723678589,1.3636363744735718
242,DQNHMED,58,1,1,0,0,1.0909091234207153,1.1818182468414307
242,DQNHMED,59,1,1,0,0,0.5454545617103577,1.454545497894287
242,DQNHMED,60,1,1,0,0,1.0,1.0909091234207153
242,DQNHMED,61,1,1,0,0,1.0909091234207153,0.9090909361839294
242,DQNHMED,62,0,1,1,0,2.6000001430511475,0.9090909361839294
242,DQNHMED,63,1,1,0,0,1.3636363744735718,1.0909091234207153
242,DQNHMED,64,1,0,0,1,1.0909091234207153,2.6363637447357178
242,DQNHMED,65,1,1,0,0,1.454545497894287,2.0
242,DQNHMED,66,1,1,0,0,1.7272727489471436,1.0
242,DQNHMED,67,1,1,0,0,0.7272727489471436,1.8181818723678589
242,DQNHMED,68,1,1,0,0,1.6363637447357178,0.9090909361839294
242,DQNHMED,69,1,1,0,0,1.8181818723678589,1.5454546213150024
242,DQNHMED,70,1,1,0,0,1.8181818723678589,1.7272727489471436
242,DQNHMED,71,1,0,0,1,1.2727272510528564,1.5454546213150024
242,DQNHMED,72,1,1,0,0,1.0909091234207153,1.0909091234207153
242,DQNHMED,73,1,1,0,0,1.3636363744735718,1.0
242,DQNHMED,74,1,1,0,0,1.8181818723678589,1.454545497894287
242,DQNHMED,75,1,1,0,0,1.0909091234207153,1.0909091234207153
242,DQNHMED,76,1,1,0,0,1.0,0.9090909361839294
242,DQNHMED,77,0,1,1,0,2.1818182468414307,1.3636363744735718
242,DQNHMED,78,1,1,0,0,1.2727272510528564,1.7272727489471436
242,DQNHMED,79,1,1,0,0,1.1818182468414307,0.9090909361839294
242,DQNHMED,80,1,0,0,1,1.2727272510528564,3.0
242,DQNHMED,81,1,1,0,0,2.909090995788574,1.3636363744735718
242,DQNHMED,82,1,1,0,0,1.3636363744735718,0.8181818723678589
242,DQNHMED,83,0,1,1,0,2.909090995788574,1.2727272510528564
242,DQNHMED,84,1,1,0,0,1.454545497894287,2.090909242630005
242,DQNHMED,85,1,1,0,0,1.1818182468414307,0.9090909361839294
242,DQNHMED,86,1,1,0,0,1.6363637447357178,1.6363637447357178
242,DQNHMED,87,1,1,0,0,1.5454546213150024,0.5454545617103577
242,DQNHMED,88,1,1,0,0,0.8181818723678589,1.0909091234207153
242,DQNHMED,89,1,1,0,0,0.8181818723678589,1.0
242,DQNHMED,90,1,1,0,0,1.0909091234207153,1.8181818723678589
242,DQNHMED,91,0,1,1,0,1.3636363744735718,0.8181818723678589
242,DQNHMED,92,1,1,0,0,1.454545497894287,1.2727272510528564
242,DQNHMED,93,1,1,0,0,1.1818182468414307,1.2727272510528564
242,DQNHMED,94,1,1,0,0,1.454545497894287,0.9090909361839294
242,DQNHMED,95,0,1,1,0,1.454545497894287,1.2727272510528564
242,DQNHMED,96,1,0,0,1,1.7272727489471436,3.0
242,DQNHMED,97,1,1,0,0,0.8181818723678589,0.5454545617103577
242,DQNHMED,98,1,1,0,0,0.5454545617103577,1.9090909957885742
242,DQNHMED,99,0,1,1,0,4.700000286102295,1.8181818723678589
242,DQNHMED,100,1,1,0,0,1.5454546213150024,1.6363637447357178
242,DQNHMED,101,1,1,0,0,1.0909091234207153,0.5454545617103577
242,DQNHMED,102,1,1,0,0,1.0,0.6363636255264282
242,DQNHMED,103,1,1,0,0,2.090909242630005,1.6363637447357178
242,DQNHMED,104,1,1,0,0,1.9090909957885742,1.1818182468414307
242,DQNHMED,105,1,1,0,0,1.6363637447357178,0.9090909361839294
242,DQNHMED,106,1,1,0,0,1.3636363744735718,1.454545497894287
242,DQNHMED,107,1,1,0,0,1.5454546213150024,1.6363637447357178
242,DQNHMED,108,0,1,1,0,2.3636364936828613,2.6363637447357178
242,DQNHMED,109,1,1,0,0,1.6363637447357178,1.5454546213150024
242,DQNHMED,110,1,1,0,0,1.0909091234207153,1.3636363744735718
242,DQNHMED,111,1,0,0,1,1.8181818723678589,2.0
242,DQNHMED,112,1,1,0,0,2.0,0.8181818723678589
242,DQNHMED,113,1,0,0,1,1.2727272510528564,2.0
242,DQNHMED,114,1,1,0,0,1.0,1.0
242,DQNHMED,115,1,1,0,0,1.3636363744735718,1.0909091234207153
242,DQNHMED,116,1,1,0,0,1.454545497894287,1.8181818723678589
242,DQNHMED,117,1,1,0,0,3.0,1.454545497894287
242,DQNHMED,118,1,1,0,0,0.7272727489471436,2.0
242,DQNHMED,119,1,1,0,0,1.9090909957885742,1.8181818723678589
242,DQNHMED,120,1,1,0,0,1.3636363744735718,2.090909242630005
242,DQNHMED,121,1,1,0,0,1.2727272510528564,1.6363637447357178
242,DQNHMED,122,1,1,0,0,1.5454546213150024,1.454545497894287
242,DQNHMED,123,1,1,0,0,1.454545497894287,1.1818182468414307
242,DQNHMED,124,1,1,0,0,2.6363637447357178,1.1818182468414307
242,DQNHMED,125,1,1,0,0,1.7272727489471436,0.4545454680919647
242,DQNHMED,126,0,1,1,0,3.8333334922790527,1.7272727489471436
242,DQNHMED,127,1,1,0,0,2.454545497894287,1.8181818723678589
242,DQNHMED,128,0,0,1,1,1.0,1.2857143878936768
242,DQNHMED,129,0,0,1,1,4.0,2.5
242,DQNHMED,130,0,0,1,1,4.833333492279053,1.2857143878936768
242,DQNHMED,131,0,0,1,1,1.100000023841858,1.3333333730697632
242,DQNHMED,132,0,0,1,1,2.1000001430511475,1.3333333730697632
242,DQNHMED,133,0,0,1,1,3.1666667461395264,1.75
242,DQNHMED,134,0,0,1,1,1.5555555820465088,2.5
242,DQNHMED,135,0,0,1,1,7.0,5.200000286102295
242,DQNHMED,136,0,0,1,1,4.5,9.40000057220459
242,DQNHMED,137,0,0,1,1,3.6666667461395264,5.625
242,DQNHMED,138,1,0,0,1,1.2727272510528564,1.7272727489471436
242,DQNHMED,139,0,0,1,1,2.3333332538604736,1.1818182468414307
242,DQNHMED,140,0,0,1,1,7.6666669845581055,4.375
242,DQNHMED,141,0,0,1,1,2.1000001430511475,0.7272727489471436
242,DQNHMED,142,1,0,0,1,0.7272727489471436,2.6363637447357178
242,DQNHMED,143,1,1,0,0,1.1818182468414307,1.0
242,DQNHMED,144,1,1,0,0,1.5454546213150024,0.6363636255264282
242,DQNHMED,145,1,1,0,0,0.8181818723678589,1.454545497894287
242,DQNHMED,146,1,0,0,1,0.8181818723678589,6.6666669845581055
242,DQNHMED,147,1,1,0,0,1.0,1.1818182468414307
242,DQNHMED,148,1,1,0,0,1.2727272510528564,1.8181818723678589
242,DQNHMED,149,1,1,0,0,1.6363637447357178,1.2727272510528564
242,DQNHMED,150,1,0,0,1,0.9090909361839294,3.777777910232544
242,DQNHMED,151,1,1,0,0,0.8181818723678589,1.0
242,DQNHMED,152,1,0,0,1,1.0909091234207153,1.0909091234207153
242,DQNHMED,153,1,0,0,1,1.0,2.1000001430511475
242,DQNHMED,154,1,1,0,0,0.5454545617103577,0.5454545617103577
242,DQNHMED,155,1,1,0,0,1.0,1.1818182468414307
242,DQNHMED,156,1,1,0,0,0.8181818723678589,1.5454546213150024
242,DQNHMED,157,1,1,0,0,1.1818182468414307,1.5454546213150024
242,DQNHMED,158,1,1,0,0,0.9090909361839294,0.5454545617103577
242,DQNHMED,159,1,1,0,0,0.7272727489471436,0.7272727489471436
242,DQNHMED,160,1,1,0,0,0.9090909361839294,2.0
242,DQNHMED,161,1,1,0,0,1.3636363744735718,1.0
242,DQNHMED,162,1,1,0,0,0.9090909361839294,0.9090909361839294
242,DQNHMED,163,1,1,0,0,0.5454545617103577,0.8181818723678589
242,DQNHMED,164,1,1,0,0,0.6363636255264282,2.0
242,DQNHMED,165,1,1,0,0,1.5454546213150024,1.1818182468414307
242,DQNHMED,166,1,1,0,0,0.6363636255264282,1.454545497894287
242,DQNHMED,167,1,1,0,0,0.6363636255264282,1.3636363744735718
242,DQNHMED,168,1,1,0,0,0.6363636255264282,1.454545497894287
242,DQNHMED,169,1,1,0,0,1.0,1.454545497894287
242,DQNHMED,170,1,1,0,0,0.7272727489471436,0.4545454680919647
242,DQNHMED,171,1,1,0,0,0.8181818723678589,1.0
242,DQNHMED,172,1,1,0,0,0.9090909361839294,0.9090909361839294
242,DQNHMED,173,1,1,0,0,1.3636363744735718,2.0
242,DQNHMED,174,1,1,0,0,1.6363637447357178,0.5454545617103577
242,DQNHMED,175,1,1,0,0,1.5454546213150024,1.1818182468414307
242,DQNHMED,176,1,1,0,0,0.3636363744735718,1.454545497894287
242,DQNHMED,177,1,1,0,0,1.2727272510528564,1.1818182468414307
242,DQNHMED,178,1,1,0,0,0.8181818723678589,1.5454546213150024
242,DQNHMED,179,1,1,0,0,2.090909242630005,1.454545497894287
242,DQNHMED,180,0,1,1,0,3.454545497894287,1.3636363744735718
242,DQNHMED,181,1,1,0,0,1.0909091234207153,0.5454545617103577
242,DQNHMED,182,1,0,0,1,1.5454546213150024,2.8181819915771484
242,DQNHMED,183,1,1,0,0,1.5454546213150024,0.8181818723678589
242,DQNHMED,184,1,1,0,0,0.7272727489471436,0.6363636255264282
242,DQNHMED,185,1,1,0,0,1.3636363744735718,1.0
242,DQNHMED,186,1,1,0,0,1.8181818723678589,0.5454545617103577
242,DQNHMED,187,1,1,0,0,1.1818182468414307,0.8181818723678589
242,DQNHMED,188,1,1,0,0,1.6363637447357178,1.2727272510528564
242,DQNHMED,189,1,1,0,0,0.6363636255264282,1.0
242,DQNHMED,190,1,1,0,0,0.9090909361839294,1.1818182468414307
242,DQNHMED,191,1,1,0,0,0.6363636255264282,0.9090909361839294
242,DQNHMED,192,1,1,0,0,0.8181818723678589,1.2727272510528564
242,DQNHMED,193,0,1,1,0,1.454545497894287,1.7272727489471436
242,DQNHMED,194,1,1,0,0,1.0,1.2727272510528564
242,DQNHMED,195,1,1,0,0,1.0909091234207153,0.9090909361839294
242,DQNHMED,196,1,0,0,1,1.7272727489471436,0.7272727489471436
242,DQNHMED,197,0,1,1,0,1.899999976158142,1.0
242,DQNHMED,198,1,1,0,0,1.0909091234207153,0.8181818723678589
242,DQNHMED,199,1,1,0,0,0.6363636255264282,1.6363637447357178
242,DQNHMED,200,1,1,0,0,1.0,1.5454546213150024
242,DQNHMED,201,1,1,0,0,0.9090909361839294,1.3636363744735718
242,DQNHMED,202,1,0,0,1,0.9090909361839294,0.7272727489471436
242,DQNHMED,203,1,1,0,0,0.5454545617103577,1.3636363744735718
242,DQNHMED,204,1,1,0,0,1.0909091234207153,0.7272727489471436
242,DQNHMED,205,1,1,0,0,0.8181818723678589,1.3636363744735718
242,DQNHMED,206,1,1,0,0,1.8181818723678589,1.0
242,DQNHMED,207,1,1,0,0,1.0909091234207153,0.7272727489471436
242,DQNHMED,208,1,1,0,0,1.5454546213150024,0.3636363744735718
242,DQNHMED,209,1,1,0,0,0.6363636255264282,0.1818181872367859
242,DQNHMED,210,1,0,0,1,1.1818182468414307,0.9090909361839294
242,DQNHMED,211,1,1,0,0,1.5454546213150024,0.8181818723678589
242,DQNHMED,212,1,1,0,0,1.0,0.9090909361839294
242,DQNHMED,213,1,1,0,0,1.9090909957885742,0.9090909361839294
242,DQNHMED,214,1,1,0,0,1.2727272510528564,1.2727272510528564
242,DQNHMED,215,1,1,0,0,1.5454546213150024,1.0909091234207153
242,DQNHMED,216,1,1,0,0,2.0,1.1818182468414307
242,DQNHMED,217,1,1,0,0,1.1818182468414307,1.0
242,DQNHMED,218,1,1,0,0,1.3636363744735718,1.7272727489471436
242,DQNHMED,219,1,1,0,0,1.2727272510528564,0.9090909361839294
242,DQNHMED,220,1,1,0,0,1.8181818723678589,1.7272727489471436
242,DQNHMED,221,1,1,0,0,1.5454546213150024,0.7272727489471436
242,DQNHMED,222,1,1,0,0,2.0,1.454545497894287
242,DQNHMED,223,1,1,0,0,0.9090909361839294,1.1818182468414307
242,DQNHMED,224,0,1,1,0,1.7272727489471436,2.3636364936828613
242,DQNHMED,225,1,1,0,0,0.9090909361839294,1.0
242,DQNHMED,226,1,1,0,0,1.1818182468414307,1.454545497894287
242,DQNHMED,227,1,1,0,0,1.2727272510528564,0.6363636255264282
242,DQNHMED,228,1,1,0,0,0.7272727489471436,2.1818182468414307
242,DQNHMED,229,1,1,0,0,1.6363637447357178,1.3636363744735718
242,DQNHMED,230,1,1,0,0,2.0,1.2727272510528564
242,DQNHMED,231,1,1,0,0,1.0,1.0909091234207153
242,DQNHMED,232,0,1,1,0,1.454545497894287,1.2727272510528564
242,DQNHMED,233,1,1,0,0,1.0909091234207153,1.0
242,DQNHMED,234,1,1,0,0,1.0909091234207153,1.5454546213150024
242,DQNHMED,235,1,1,0,0,1.0,1.0
242,DQNHMED,236,1,1,0,0,1.3636363744735718,1.9090909957885742
242,DQNHMED,237,1,1,0,0,1.1818182468414307,2.2727272510528564
242,DQNHMED,238,1,1,0,0,0.7272727489471436,1.8181818723678589
242,DQNHMED,239,1,1,0,0,1.8181818723678589,1.1818182468414307
242,DQNHMED,240,1,1,0,0,0.5454545617103577,1.1818182468414307
242,DQNHMED,241,1,1,0,0,1.9090909957885742,1.6363637447357178
242,DQNHMED,242,1,1,0,0,1.1818182468414307,0.8181818723678589
242,DQNHMED,243,1,1,0,0,1.9090909957885742,1.5454546213150024
242,DQNHMED,244,1,1,0,0,1.0909091234207153,2.0
242,DQNHMED,245,1,1,0,0,1.454545497894287,1.3636363744735718
242,DQNHMED,246,1,1,0,0,1.2727272510528564,1.454545497894287
242,DQNHMED,247,1,1,0,0,1.9090909957885742,1.2727272510528564
242,DQNHMED,248,1,1,0,0,0.4545454680919647,2.1818182468414307
242,DQNHMED,249,1,1,0,0,1.5454546213150024,2.3636364936828613
242,DQNHMED,250,1,1,0,0,1.2727272510528564,1.0909091234207153
242,DQNHMED,251,1,1,0,0,4.0,0.9090909361839294
242,DQNHMED,252,1,1,0,0,1.7272727489471436,1.8181818723678589
242,DQNHMED,253,1,1,0,0,2.0,1.3636363744735718
242,DQNHMED,254,1,1,0,0,1.0909091234207153,0.9090909361839294
242,DQNHMED,255,1,1,0,0,2.090909242630005,1.8181818723678589
