specialist_mode,evaluation_mode,evaluation_role,adaptation_seed,pair_index,baseline_success,final_success,baseline_fell,final_fell,baseline_failure_type,final_failure_type
lateral,lateral,target_diagonal_primary,42,0,0,0,1,1,lateral_heading_drift,lateral_heading_drift
lateral,lateral,target_diagonal_primary,42,1,0,0,1,1,non_lateral_high_cbf_demand,non_lateral_balance_or_phase
lateral,lateral,target_diagonal_primary,42,2,0,0,1,1,lateral_heading_drift,non_lateral_high_cbf_demand
lateral,lateral,target_diagonal_primary,42,3,0,0,1,1,lateral_heading_drift,lateral_heading_drift
lateral,lateral,target_diagonal_primary,42,4,0,0,1,1,non_lateral_high_cbf_demand,non_lateral_high_cbf_demand
lateral,lateral,target_diagonal_primary,42,5,0,0,1,1,non_lateral_high_cbf_demand,non_lateral_high_cbf_demand
lateral,lateral,target_diagonal_primary,42,6,0,0,1,1,lateral_heading_drift,non_lateral_high_cbf_demand
lateral,lateral,target_diagonal_primary,42,7,0,0,1,1,non_lateral_high_cbf_demand,lateral_heading_drift
lateral,lateral,target_diagonal_primary,42,8,0,0,1,1,lateral_heading_drift,lateral_heading_drift
lateral,lateral,target_diagonal_primary,42,9,0,0,1,1,lateral_heading_drift,lateral_heading_drift
lateral,lateral,target_diagonal_primary,42,10,1,0,0,1,success,lateral_heading_drift
lateral,lateral,target_diagonal_primary,42,11,0,1,1,0,lateral_heading_drift,success
lateral,lateral,target_diagonal_primary,42,12,0,0,1,1,lateral_heading_drift,lateral_heading_drift
lateral,lateral,target_diagonal_primary,42,13,0,1,1,0,lateral_heading_drift,success
lateral,lateral,target_diagonal_primary,42,14,1,1,0,0,success,success
lateral,lateral,target_diagonal_primary,42,15,1,1,0,0,success,success
lateral,lateral,target_diagonal_primary,42,16,1,1,0,0,success,success
lateral,lateral,target_diagonal_primary,42,17,1,1,0,0,success,success
lateral,lateral,target_diagonal_primary,42,18,1,1,0,0,success,success
lateral,lateral,target_diagonal_primary,42,19,1,0,0,1,success,lateral_heading_drift
lateral,lateral,target_diagonal_primary,42,20,0,1,1,0,lateral_heading_drift,success
lateral,lateral,target_diagonal_primary,42,21,0,1,1,0,lateral_heading_drift,success
lateral,lateral,target_diagonal_primary,42,22,0,0,1,1,lateral_heading_drift,lateral_heading_drift
lateral,lateral,target_diagonal_primary,42,23,1,0,0,1,success,lateral_heading_drift
lateral,lateral,target_diagonal_primary,42,24,0,1,1,0,lateral_heading_drift,success
lateral,lateral,target_diagonal_primary,42,25,1,0,0,1,success,lateral_heading_drift
lateral,lateral,target_diagonal_primary,42,26,1,1,0,0,success,success
lateral,lateral,target_diagonal_primary,42,27,1,1,0,0,success,success
lateral,lateral,target_diagonal_primary,42,28,1,1,0,0,success,success
lateral,lateral,target_diagonal_primary,42,29,1,1,0,0,success,success
lateral,lateral,target_diagonal_primary,42,30,1,1,0,0,success,success
lateral,lateral,target_diagonal_primary,42,31,1,1,0,0,success,success
lateral,lateral,target_diagonal_primary,42,32,1,1,0,0,success,success
lateral,lateral,target_diagonal_primary,42,33,1,1,0,0,success,success
lateral,lateral,target_diagonal_primary,42,34,1,1,0,0,success,success
lateral,lateral,target_diagonal_primary,42,35,1,1,0,0,success,success
lateral,lateral,target_diagonal_primary,42,36,1,1,0,0,success,success
lateral,lateral,target_diagonal_primary,42,37,1,1,0,0,success,success
lateral,lateral,target_diagonal_primary,42,38,0,1,1,0,non_lateral_balance_or_phase,success
lateral,lateral,target_diagonal_primary,42,39,1,1,0,0,success,success
lateral,lateral,target_diagonal_primary,42,40,1,1,0,0,success,success
lateral,lateral,target_diagonal_primary,42,41,1,1,0,0,success,success
lateral,lateral,target_diagonal_primary,42,42,1,1,0,0,success,success
lateral,lateral,target_diagonal_primary,42,43,1,1,0,0,success,success
lateral,lateral,target_diagonal_primary,42,44,1,1,0,0,success,success
lateral,lateral,target_diagonal_primary,42,45,1,1,0,0,success,success
lateral,lateral,target_diagonal_primary,42,46,1,1,0,0,success,success
lateral,lateral,target_diagonal_primary,42,47,1,1,0,0,success,success
lateral,lateral,target_diagonal_primary,42,48,1,1,0,0,success,success
lateral,lateral,target_diagonal_primary,42,49,1,1,0,0,success,success
lateral,lateral,target_diagonal_primary,42,50,0,1,1,0,lateral_heading_drift,success
lateral,lateral,target_diagonal_primary,42,51,1,1,0,0,success,success
lateral,lateral,target_diagonal_primary,42,52,1,1,0,0,success,success
lateral,lateral,target_diagonal_primary,42,53,1,1,0,0,success,success
lateral,lateral,target_diagonal_primary,42,54,1,1,0,0,success,success
lateral,lateral,target_diagonal_primary,42,55,1,1,0,0,success,success
lateral,lateral,target_diagonal_primary,42,56,1,0,0,1,success,lateral_heading_drift
lateral,lateral,target_diagonal_primary,42,57,1,1,0,0,success,success
lateral,lateral,target_diagonal_primary,42,58,1,0,0,1,success,lateral_heading_drift
lateral,lateral,target_diagonal_primary,42,59,0,1,1,0,lateral_heading_drift,success
lateral,lateral,target_diagonal_primary,42,60,1,1,0,0,success,success
lateral,lateral,target_diagonal_primary,42,61,1,1,0,0,success,success
lateral,lateral,target_diagonal_primary,42,62,1,0,0,1,success,lateral_heading_drift
lateral,lateral,target_diagonal_primary,42,63,1,1,0,0,success,success
lateral,lateral,target_diagonal_primary,42,64,0,1,1,0,lateral_heading_drift,success
lateral,lateral,target_diagonal_primary,42,65,1,0,0,1,success,lateral_heading_drift
lateral,lateral,target_diagonal_primary,42,66,0,1,1,0,lateral_heading_drift,success
lateral,lateral,target_diagonal_primary,42,67,1,1,0,0,success,success
lateral,lateral,target_diagonal_primary,42,68,1,0,0,1,success,lateral_heading_drift
lateral,lateral,target_diagonal_primary,42,69,1,1,0,0,success,success
lateral,lateral,target_diagonal_primary,42,70,1,1,0,0,success,success
lateral,lateral,target_diagonal_primary,42,71,1,1,0,0,success,success
lateral,lateral,target_diagonal_primary,42,72,1,1,0,0,success,success
lateral,lateral,target_diagonal_primary,42,73,0,1,1,0,lateral_heading_drift,success
lateral,lateral,target_diagonal_primary,42,74,0,1,1,0,lateral_heading_drift,success
lateral,lateral,target_diagonal_primary,42,75,0,1,1,0,lateral_heading_drift,success
lateral,lateral,target_diagonal_primary,42,76,1,1,0,0,success,success
lateral,lateral,target_diagonal_primary,42,77,1,1,0,0,success,success
lateral,lateral,target_diagonal_primary,42,78,1,1,0,0,success,success
lateral,lateral,target_diagonal_primary,42,79,1,1,0,0,success,success
lateral,lateral,target_diagonal_primary,42,80,1,1,0,0,success,success
lateral,lateral,target_diagonal_primary,42,81,0,1,1,0,lateral_heading_drift,success
lateral,lateral,target_diagonal_primary,42,82,1,0,0,1,success,lateral_heading_drift
lateral,lateral,target_diagonal_primary,42,83,1,1,0,0,success,success
lateral,lateral,target_diagonal_primary,42,84,1,1,0,0,success,success
lateral,lateral,target_diagonal_primary,42,85,1,1,0,0,success,success
lateral,lateral,target_diagonal_primary,42,86,1,1,0,0,success,success
lateral,lateral,target_diagonal_primary,42,87,1,1,0,0,success,success
lateral,lateral,target_diagonal_primary,42,88,1,1,0,0,success,success
lateral,lateral,target_diagonal_primary,42,89,1,1,0,0,success,success
lateral,lateral,target_diagonal_primary,42,90,1,1,0,0,success,success
lateral,lateral,target_diagonal_primary,42,91,1,1,0,0,success,success
lateral,lateral,target_diagonal_primary,42,92,1,1,0,0,success,success
lateral,lateral,target_diagonal_primary,42,93,1,1,0,0,success,success
lateral,lateral,target_diagonal_primary,42,94,1,0,0,1,success,lateral_heading_drift
lateral,lateral,target_diagonal_primary,42,95,0,1,1,0,lateral_heading_drift,success
lateral,lateral,target_diagonal_primary,42,96,1,1,0,0,success,success
lateral,lateral,target_diagonal_primary,42,97,0,1,1,0,lateral_heading_drift,success
lateral,lateral,target_diagonal_primary,42,98,0,1,1,0,lateral_heading_drift,success
lateral,lateral,target_diagonal_primary,42,99,1,1,0,0,success,success
lateral,lateral,target_diagonal_primary,42,100,1,1,0,0,success,success
lateral,lateral,target_diagonal_primary,42,101,1,1,0,0,success,success
lateral,lateral,target_diagonal_primary,42,102,1,1,0,0,success,success
lateral,lateral,target_diagonal_primary,42,103,1,1,0,0,success,success
lateral,lateral,target_diagonal_primary,42,104,1,1,0,0,success,success
lateral,lateral,target_diagonal_primary,42,105,1,0,0,1,success,lateral_heading_drift
lateral,lateral,target_diagonal_primary,42,106,1,1,0,0,success,success
lateral,lateral,target_diagonal_primary,42,107,1,1,0,0,success,success
lateral,lateral,target_diagonal_primary,42,108,1,1,0,0,success,success
lateral,lateral,target_diagonal_primary,42,109,1,1,0,0,success,success
lateral,lateral,target_diagonal_primary,42,110,1,1,0,0,success,success
lateral,lateral,target_diagonal_primary,42,111,1,1,0,0,success,success
lateral,lateral,target_diagonal_primary,42,112,1,1,0,0,success,success
lateral,lateral,target_diagonal_primary,42,113,1,1,0,0,success,success
lateral,lateral,target_diagonal_primary,42,114,1,1,0,0,success,success
lateral,lateral,target_diagonal_primary,42,115,1,1,0,0,success,success
lateral,lateral,target_diagonal_primary,42,116,1,0,0,1,success,lateral_heading_drift
lateral,lateral,target_diagonal_primary,42,117,1,1,0,0,success,success
lateral,lateral,target_diagonal_primary,42,118,1,1,0,0,success,success
lateral,lateral,target_diagonal_primary,42,119,1,1,0,0,success,success
lateral,lateral,target_diagonal_primary,42,120,1,1,0,0,success,success
lateral,lateral,target_diagonal_primary,42,121,1,1,0,0,success,success
lateral,lateral,target_diagonal_primary,42,122,1,1,0,0,success,success
lateral,lateral,target_diagonal_primary,42,123,1,1,0,0,success,success
lateral,lateral,target_diagonal_primary,42,124,1,1,0,0,success,success
lateral,lateral,target_diagonal_primary,42,125,1,1,0,0,success,success
lateral,lateral,target_diagonal_primary,42,126,0,1,1,0,lateral_heading_drift,success
lateral,lateral,target_diagonal_primary,42,127,0,1,1,0,lateral_heading_drift,success
lateral,lateral,target_diagonal_primary,42,128,0,0,1,1,non_lateral_balance_or_phase,lateral_heading_drift
lateral,lateral,target_diagonal_primary,42,129,0,0,1,1,lateral_heading_drift,non_lateral_balance_or_phase
lateral,lateral,target_diagonal_primary,42,130,0,0,1,1,non_lateral_balance_or_phase,lateral_heading_drift
lateral,lateral,target_diagonal_primary,42,131,0,0,1,1,lateral_heading_drift,non_lateral_high_cbf_demand
lateral,lateral,target_diagonal_primary,42,132,0,0,1,1,non_lateral_high_cbf_demand,lateral_heading_drift
lateral,lateral,target_diagonal_primary,42,133,0,0,1,1,lateral_heading_drift,lateral_heading_drift
lateral,lateral,target_diagonal_primary,42,134,0,0,1,1,lateral_heading_drift,lateral_heading_drift
lateral,lateral,target_diagonal_primary,42,135,0,0,1,1,non_lateral_balance_or_phase,lateral_heading_drift
lateral,lateral,target_diagonal_primary,42,136,0,0,1,1,lateral_heading_drift,lateral_heading_drift
lateral,lateral,target_diagonal_primary,42,137,0,0,1,1,lateral_heading_drift,non_lateral_high_cbf_demand
lateral,lateral,target_diagonal_primary,42,138,0,1,1,0,lateral_heading_drift,success
lateral,lateral,target_diagonal_primary,42,139,0,0,1,1,lateral_heading_drift,lateral_heading_drift
lateral,lateral,target_diagonal_primary,42,140,0,0,1,1,lateral_heading_drift,lateral_heading_drift
lateral,lateral,target_diagonal_primary,42,141,0,0,1,1,lateral_heading_drift,lateral_heading_drift
lateral,lateral,target_diagonal_primary,42,142,0,0,1,1,lateral_heading_drift,lateral_heading_drift
lateral,lateral,target_diagonal_primary,42,143,0,0,1,1,lateral_heading_drift,lateral_heading_drift
lateral,lateral,target_diagonal_primary,42,144,0,1,1,0,lateral_heading_drift,success
lateral,lateral,target_diagonal_primary,42,145,1,0,0,1,success,lateral_heading_drift
lateral,lateral,target_diagonal_primary,42,146,0,1,1,0,lateral_heading_drift,success
lateral,lateral,target_diagonal_primary,42,147,0,1,1,0,non_lateral_balance_or_phase,success
lateral,lateral,target_diagonal_primary,42,148,1,0,0,1,success,lateral_heading_drift
lateral,lateral,target_diagonal_primary,42,149,1,1,0,0,success,success
lateral,lateral,target_diagonal_primary,42,150,1,0,0,1,success,lateral_heading_drift
lateral,lateral,target_diagonal_primary,42,151,1,0,0,1,success,lateral_heading_drift
lateral,lateral,target_diagonal_primary,42,152,0,1,1,0,non_lateral_high_cbf_demand,success
lateral,lateral,target_diagonal_primary,42,153,0,0,1,1,lateral_heading_drift,lateral_heading_drift
lateral,lateral,target_diagonal_primary,42,154,0,1,1,0,lateral_heading_drift,success
lateral,lateral,target_diagonal_primary,42,155,1,1,0,0,success,success
lateral,lateral,target_diagonal_primary,42,156,0,0,1,1,lateral_heading_drift,lateral_heading_drift
lateral,lateral,target_diagonal_primary,42,157,0,1,1,0,lateral_heading_drift,success
lateral,lateral,target_diagonal_primary,42,158,1,1,0,0,success,success
lateral,lateral,target_diagonal_primary,42,159,0,0,1,1,lateral_heading_drift,lateral_heading_drift
lateral,lateral,target_diagonal_primary,42,160,1,1,0,0,success,success
lateral,lateral,target_diagonal_primary,42,161,1,1,0,0,success,success
lateral,lateral,target_diagonal_primary,42,162,1,1,0,0,success,success
lateral,lateral,target_diagonal_primary,42,163,0,1,1,0,lateral_heading_drift,success
lateral,lateral,target_diagonal_primary,42,164,1,1,0,0,success,success
lateral,lateral,target_diagonal_primary,42,165,1,1,0,0,success,success
lateral,lateral,target_diagonal_primary,42,166,0,1,1,0,lateral_heading_drift,success
lateral,lateral,target_diagonal_primary,42,167,1,1,0,0,success,success
lateral,lateral,target_diagonal_primary,42,168,1,1,0,0,success,success
lateral,lateral,target_diagonal_primary,42,169,1,1,0,0,success,success
lateral,lateral,target_diagonal_primary,42,170,1,1,0,0,success,success
lateral,lateral,target_diagonal_primary,42,171,1,1,0,0,success,success
lateral,lateral,target_diagonal_primary,42,172,1,1,0,0,success,success
lateral,lateral,target_diagonal_primary,42,173,1,1,0,0,success,success
lateral,lateral,target_diagonal_primary,42,174,1,1,0,0,success,success
lateral,lateral,target_diagonal_primary,42,175,1,1,0,0,success,success
lateral,lateral,target_diagonal_primary,42,176,1,1,0,0,success,success
lateral,lateral,target_diagonal_primary,42,177,1,1,0,0,success,success
lateral,lateral,target_diagonal_primary,42,178,1,1,0,0,success,success
lateral,lateral,target_diagonal_primary,42,179,1,0,0,1,success,lateral_heading_drift
lateral,lateral,target_diagonal_primary,42,180,1,1,0,0,success,success
lateral,lateral,target_diagonal_primary,42,181,1,0,0,1,success,lateral_heading_drift
lateral,lateral,target_diagonal_primary,42,182,1,1,0,0,success,success
lateral,lateral,target_diagonal_primary,42,183,1,0,0,1,success,lateral_heading_drift
lateral,lateral,target_diagonal_primary,42,184,1,1,0,0,success,success
lateral,lateral,target_diagonal_primary,42,185,1,1,0,0,success,success
lateral,lateral,target_diagonal_primary,42,186,1,1,0,0,success,success
lateral,lateral,target_diagonal_primary,42,187,1,0,0,1,success,lateral_heading_drift
lateral,lateral,target_diagonal_primary,42,188,1,1,0,0,success,success
lateral,lateral,target_diagonal_primary,42,189,1,1,0,0,success,success
lateral,lateral,target_diagonal_primary,42,190,1,0,0,1,success,lateral_heading_drift
lateral,lateral,target_diagonal_primary,42,191,1,1,0,0,success,success
lateral,lateral,target_diagonal_primary,42,192,1,1,0,0,success,success
lateral,lateral,target_diagonal_primary,42,193,1,1,0,0,success,success
lateral,lateral,target_diagonal_primary,42,194,1,1,0,0,success,success
lateral,lateral,target_diagonal_primary,42,195,1,1,0,0,success,success
lateral,lateral,target_diagonal_primary,42,196,1,1,0,0,success,success
lateral,lateral,target_diagonal_primary,42,197,1,1,0,0,success,success
lateral,lateral,target_diagonal_primary,42,198,1,1,0,0,success,success
lateral,lateral,target_diagonal_primary,42,199,1,1,0,0,success,success
lateral,lateral,target_diagonal_primary,42,200,1,1,0,0,success,success
lateral,lateral,target_diagonal_primary,42,201,0,1,1,0,lateral_heading_drift,success
lateral,lateral,target_diagonal_primary,42,202,1,1,0,0,success,success
lateral,lateral,target_diagonal_primary,42,203,1,1,0,0,success,success
lateral,lateral,target_diagonal_primary,42,204,1,1,0,0,success,success
lateral,lateral,target_diagonal_primary,42,205,1,1,0,0,success,success
lateral,lateral,target_diagonal_primary,42,206,1,1,0,0,success,success
lateral,lateral,target_diagonal_primary,42,207,1,1,0,0,success,success
lateral,lateral,target_diagonal_primary,42,208,1,1,0,0,success,success
lateral,lateral,target_diagonal_primary,42,209,1,1,0,0,success,success
lateral,lateral,target_diagonal_primary,42,210,1,0,0,1,success,lateral_heading_drift
lateral,lateral,target_diagonal_primary,42,211,1,1,0,0,success,success
lateral,lateral,target_diagonal_primary,42,212,1,1,0,0,success,success
lateral,lateral,target_diagonal_primary,42,213,1,1,0,0,success,success
lateral,lateral,target_diagonal_primary,42,214,1,1,0,0,success,success
lateral,lateral,target_diagonal_primary,42,215,1,1,0,0,success,success
lateral,lateral,target_diagonal_primary,42,216,1,1,0,0,success,success
lateral,lateral,target_diagonal_primary,42,217,1,1,0,0,success,success
lateral,lateral,target_diagonal_primary,42,218,1,1,0,0,success,success
lateral,lateral,target_diagonal_primary,42,219,1,1,0,0,success,success
lateral,lateral,target_diagonal_primary,42,220,1,1,0,0,success,success
lateral,lateral,target_diagonal_primary,42,221,1,0,0,1,success,lateral_heading_drift
lateral,lateral,target_diagonal_primary,42,222,1,1,0,0,success,success
lateral,lateral,target_diagonal_primary,42,223,1,1,0,0,success,success
lateral,lateral,target_diagonal_primary,42,224,1,1,0,0,success,success
lateral,lateral,target_diagonal_primary,42,225,1,1,0,0,success,success
lateral,lateral,target_diagonal_primary,42,226,1,1,0,0,success,success
lateral,lateral,target_diagonal_primary,42,227,0,1,1,0,lateral_heading_drift,success
lateral,lateral,target_diagonal_primary,42,228,0,1,1,0,lateral_heading_drift,success
lateral,lateral,target_diagonal_primary,42,229,1,1,0,0,success,success
lateral,lateral,target_diagonal_primary,42,230,1,1,0,0,success,success
lateral,lateral,target_diagonal_primary,42,231,1,1,0,0,success,success
lateral,lateral,target_diagonal_primary,42,232,1,1,0,0,success,success
lateral,lateral,target_diagonal_primary,42,233,1,1,0,0,success,success
lateral,lateral,target_diagonal_primary,42,234,1,1,0,0,success,success
lateral,lateral,target_diagonal_primary,42,235,1,1,0,0,success,success
lateral,lateral,target_diagonal_primary,42,236,1,1,0,0,success,success
lateral,lateral,target_diagonal_primary,42,237,1,1,0,0,success,success
lateral,lateral,target_diagonal_primary,42,238,1,1,0,0,success,success
lateral,lateral,target_diagonal_primary,42,239,1,1,0,0,success,success
lateral,lateral,target_diagonal_primary,42,240,1,1,0,0,success,success
lateral,lateral,target_diagonal_primary,42,241,1,1,0,0,success,success
lateral,lateral,target_diagonal_primary,42,242,1,1,0,0,success,success
lateral,lateral,target_diagonal_primary,42,243,1,1,0,0,success,success
lateral,lateral,target_diagonal_primary,42,244,1,1,0,0,success,success
lateral,lateral,target_diagonal_primary,42,245,1,1,0,0,success,success
lateral,lateral,target_diagonal_primary,42,246,1,1,0,0,success,success
lateral,lateral,target_diagonal_primary,42,247,1,1,0,0,success,success
lateral,lateral,target_diagonal_primary,42,248,1,1,0,0,success,success
lateral,lateral,target_diagonal_primary,42,249,1,1,0,0,success,success
lateral,lateral,target_diagonal_primary,42,250,1,1,0,0,success,success
lateral,lateral,target_diagonal_primary,42,251,1,1,0,0,success,success
lateral,lateral,target_diagonal_primary,42,252,1,1,0,0,success,success
lateral,lateral,target_diagonal_primary,42,253,1,1,0,0,success,success
lateral,lateral,target_diagonal_primary,42,254,1,1,0,0,success,success
lateral,lateral,target_diagonal_primary,42,255,0,1,1,0,lateral_heading_drift,success
lateral,lateral,target_diagonal_primary,42,256,0,0,1,1,lateral_heading_drift,non_lateral_high_cbf_demand
lateral,lateral,target_diagonal_primary,42,257,0,0,1,1,non_lateral_high_cbf_demand,non_lateral_balance_or_phase
lateral,lateral,target_diagonal_primary,42,258,0,0,1,1,lateral_heading_drift,lateral_heading_drift
lateral,lateral,target_diagonal_primary,42,259,0,0,1,1,non_lateral_high_cbf_demand,non_lateral_balance_or_phase
lateral,lateral,target_diagonal_primary,42,260,0,0,1,1,lateral_heading_drift,non_lateral_high_cbf_demand
lateral,lateral,target_diagonal_primary,42,261,0,0,1,1,non_lateral_high_cbf_demand,lateral_heading_drift
lateral,lateral,target_diagonal_primary,42,262,0,0,1,1,lateral_heading_drift,lateral_heading_drift
lateral,lateral,target_diagonal_primary,42,263,0,0,1,1,lateral_heading_drift,lateral_heading_drift
lateral,lateral,target_diagonal_primary,42,264,0,0,1,1,lateral_heading_drift,lateral_heading_drift
lateral,lateral,target_diagonal_primary,42,265,0,0,1,1,lateral_heading_drift,lateral_heading_drift
lateral,lateral,target_diagonal_primary,42,266,1,1,0,0,success,success
lateral,lateral,target_diagonal_primary,42,267,0,0,1,1,lateral_heading_drift,lateral_heading_drift
lateral,lateral,target_diagonal_primary,42,268,0,0,1,1,lateral_heading_drift,lateral_heading_drift
lateral,lateral,target_diagonal_primary,42,269,0,0,1,1,lateral_heading_drift,lateral_heading_drift
lateral,lateral,target_diagonal_primary,42,270,1,0,0,1,success,lateral_heading_drift
lateral,lateral,target_diagonal_primary,42,271,0,1,1,0,lateral_heading_drift,success
lateral,lateral,target_diagonal_primary,42,272,0,0,1,1,lateral_heading_drift,lateral_heading_drift
lateral,lateral,target_diagonal_primary,42,273,0,0,1,1,lateral_heading_drift,lateral_heading_drift
lateral,lateral,target_diagonal_primary,42,274,0,0,1,1,lateral_heading_drift,non_lateral_high_cbf_demand
lateral,lateral,target_diagonal_primary,42,275,1,1,0,0,success,success
lateral,lateral,target_diagonal_primary,42,276,0,1,1,0,lateral_heading_drift,success
lateral,lateral,target_diagonal_primary,42,277,1,1,0,0,success,success
lateral,lateral,target_diagonal_primary,42,278,0,1,1,0,lateral_heading_drift,success
lateral,lateral,target_diagonal_primary,42,279,1,0,0,1,success,lateral_heading_drift
lateral,lateral,target_diagonal_primary,42,280,1,1,0,0,success,success
lateral,lateral,target_diagonal_primary,42,281,1,0,0,1,success,lateral_heading_drift
lateral,lateral,target_diagonal_primary,42,282,1,0,0,1,success,lateral_heading_drift
lateral,lateral,target_diagonal_primary,42,283,0,1,1,0,lateral_heading_drift,success
lateral,lateral,target_diagonal_primary,42,284,1,1,0,0,success,success
lateral,lateral,target_diagonal_primary,42,285,1,1,0,0,success,success
lateral,lateral,target_diagonal_primary,42,286,1,0,0,1,success,lateral_heading_drift
lateral,lateral,target_diagonal_primary,42,287,1,1,0,0,success,success
lateral,lateral,target_diagonal_primary,42,288,1,1,0,0,success,success
lateral,lateral,target_diagonal_primary,42,289,1,1,0,0,success,success
lateral,lateral,target_diagonal_primary,42,290,0,0,1,1,lateral_heading_drift,lateral_heading_drift
lateral,lateral,target_diagonal_primary,42,291,1,0,0,1,success,lateral_heading_drift
lateral,lateral,target_diagonal_primary,42,292,1,1,0,0,success,success
lateral,lateral,target_diagonal_primary,42,293,1,1,0,0,success,success
lateral,lateral,target_diagonal_primary,42,294,0,0,1,1,lateral_heading_drift,lateral_heading_drift
lateral,lateral,target_diagonal_primary,42,295,1,1,0,0,success,success
lateral,lateral,target_diagonal_primary,42,296,1,0,0,1,success,lateral_heading_drift
lateral,lateral,target_diagonal_primary,42,297,0,1,1,0,lateral_heading_drift,success
lateral,lateral,target_diagonal_primary,42,298,1,1,0,0,success,success
lateral,lateral,target_diagonal_primary,42,299,1,1,0,0,success,success
lateral,lateral,target_diagonal_primary,42,300,1,1,0,0,success,success
lateral,lateral,target_diagonal_primary,42,301,1,1,0,0,success,success
lateral,lateral,target_diagonal_primary,42,302,1,1,0,0,success,success
lateral,lateral,target_diagonal_primary,42,303,1,1,0,0,success,success
lateral,lateral,target_diagonal_primary,42,304,1,1,0,0,success,success
lateral,lateral,target_diagonal_primary,42,305,1,0,0,1,success,lateral_heading_drift
lateral,lateral,target_diagonal_primary,42,306,1,0,0,1,success,lateral_heading_drift
lateral,lateral,target_diagonal_primary,42,307,1,0,0,1,success,lateral_heading_drift
lateral,lateral,target_diagonal_primary,42,308,1,1,0,0,success,success
lateral,lateral,target_diagonal_primary,42,309,1,0,0,1,success,lateral_heading_drift
lateral,lateral,target_diagonal_primary,42,310,1,1,0,0,success,success
lateral,lateral,target_diagonal_primary,42,311,1,0,0,1,success,lateral_heading_drift
lateral,lateral,target_diagonal_primary,42,312,1,0,0,1,success,lateral_heading_drift
lateral,lateral,target_diagonal_primary,42,313,1,1,0,0,success,success
lateral,lateral,target_diagonal_primary,42,314,1,1,0,0,success,success
lateral,lateral,target_diagonal_primary,42,315,1,0,0,1,success,lateral_heading_drift
lateral,lateral,target_diagonal_primary,42,316,1,1,0,0,success,success
lateral,lateral,target_diagonal_primary,42,317,0,1,1,0,lateral_heading_drift,success
lateral,lateral,target_diagonal_primary,42,318,1,1,0,0,success,success
lateral,lateral,target_diagonal_primary,42,319,0,1,1,0,lateral_heading_drift,success
lateral,lateral,target_diagonal_primary,42,320,1,1,0,0,success,success
lateral,lateral,target_diagonal_primary,42,321,1,1,0,0,success,success
lateral,lateral,target_diagonal_primary,42,322,1,1,0,0,success,success
lateral,lateral,target_diagonal_primary,42,323,1,1,0,0,success,success
lateral,lateral,target_diagonal_primary,42,324,1,0,0,1,success,lateral_heading_drift
lateral,lateral,target_diagonal_primary,42,325,1,1,0,0,success,success
lateral,lateral,target_diagonal_primary,42,326,1,0,0,1,success,lateral_heading_drift
lateral,lateral,target_diagonal_primary,42,327,0,1,1,0,lateral_heading_drift,success
lateral,lateral,target_diagonal_primary,42,328,1,0,0,1,success,lateral_heading_drift
lateral,lateral,target_diagonal_primary,42,329,1,1,0,0,success,success
lateral,lateral,target_diagonal_primary,42,330,1,1,0,0,success,success
lateral,lateral,target_diagonal_primary,42,331,1,1,0,0,success,success
lateral,lateral,target_diagonal_primary,42,332,0,0,1,1,lateral_heading_drift,lateral_heading_drift
lateral,lateral,target_diagonal_primary,42,333,1,1,0,0,success,success
lateral,lateral,target_diagonal_primary,42,334,1,0,0,1,success,lateral_heading_drift
lateral,lateral,target_diagonal_primary,42,335,1,1,0,0,success,success
lateral,lateral,target_diagonal_primary,42,336,0,1,1,0,lateral_heading_drift,success
lateral,lateral,target_diagonal_primary,42,337,1,1,0,0,success,success
lateral,lateral,target_diagonal_primary,42,338,1,1,0,0,success,success
lateral,lateral,target_diagonal_primary,42,339,1,1,0,0,success,success
lateral,lateral,target_diagonal_primary,42,340,1,1,0,0,success,success
lateral,lateral,target_diagonal_primary,42,341,1,1,0,0,success,success
lateral,lateral,target_diagonal_primary,42,342,1,0,0,1,success,lateral_heading_drift
lateral,lateral,target_diagonal_primary,42,343,1,1,0,0,success,success
lateral,lateral,target_diagonal_primary,42,344,1,1,0,0,success,success
lateral,lateral,target_diagonal_primary,42,345,1,1,0,0,success,success
lateral,lateral,target_diagonal_primary,42,346,1,1,0,0,success,success
lateral,lateral,target_diagonal_primary,42,347,1,1,0,0,success,success
lateral,lateral,target_diagonal_primary,42,348,1,1,0,0,success,success
lateral,lateral,target_diagonal_primary,42,349,1,1,0,0,success,success
lateral,lateral,target_diagonal_primary,42,350,0,1,1,0,lateral_heading_drift,success
lateral,lateral,target_diagonal_primary,42,351,1,1,0,0,success,success
lateral,lateral,target_diagonal_primary,42,352,1,0,0,1,success,lateral_heading_drift
lateral,lateral,target_diagonal_primary,42,353,1,1,0,0,success,success
lateral,lateral,target_diagonal_primary,42,354,1,1,0,0,success,success
lateral,lateral,target_diagonal_primary,42,355,1,1,0,0,success,success
lateral,lateral,target_diagonal_primary,42,356,0,1,1,0,lateral_heading_drift,success
lateral,lateral,target_diagonal_primary,42,357,1,1,0,0,success,success
lateral,lateral,target_diagonal_primary,42,358,1,1,0,0,success,success
lateral,lateral,target_diagonal_primary,42,359,1,1,0,0,success,success
lateral,lateral,target_diagonal_primary,42,360,1,1,0,0,success,success
lateral,lateral,target_diagonal_primary,42,361,1,1,0,0,success,success
lateral,lateral,target_diagonal_primary,42,362,1,1,0,0,success,success
lateral,lateral,target_diagonal_primary,42,363,1,1,0,0,success,success
lateral,lateral,target_diagonal_primary,42,364,1,1,0,0,success,success
lateral,lateral,target_diagonal_primary,42,365,1,1,0,0,success,success
lateral,lateral,target_diagonal_primary,42,366,0,0,1,1,lateral_heading_drift,lateral_heading_drift
lateral,lateral,target_diagonal_primary,42,367,1,1,0,0,success,success
lateral,lateral,target_diagonal_primary,42,368,1,1,0,0,success,success
lateral,lateral,target_diagonal_primary,42,369,1,1,0,0,success,success
lateral,lateral,target_diagonal_primary,42,370,1,1,0,0,success,success
lateral,lateral,target_diagonal_primary,42,371,1,1,0,0,success,success
lateral,lateral,target_diagonal_primary,42,372,1,1,0,0,success,success
lateral,lateral,target_diagonal_primary,42,373,1,1,0,0,success,success
lateral,lateral,target_diagonal_primary,42,374,1,0,0,1,success,lateral_heading_drift
lateral,lateral,target_diagonal_primary,42,375,1,1,0,0,success,success
lateral,lateral,target_diagonal_primary,42,376,1,1,0,0,success,success
lateral,lateral,target_diagonal_primary,42,377,1,1,0,0,success,success
lateral,lateral,target_diagonal_primary,42,378,1,1,0,0,success,success
lateral,lateral,target_diagonal_primary,42,379,1,1,0,0,success,success
lateral,lateral,target_diagonal_primary,42,380,0,1,1,0,lateral_heading_drift,success
lateral,lateral,target_diagonal_primary,42,381,1,1,0,0,success,success
lateral,lateral,target_diagonal_primary,42,382,1,1,0,0,success,success
lateral,lateral,target_diagonal_primary,42,383,0,0,1,1,lateral_heading_drift,lateral_heading_drift
lateral,lateral,target_diagonal_primary,42,384,0,0,1,1,non_lateral_balance_or_phase,lateral_heading_drift
lateral,lateral,target_diagonal_primary,42,385,0,0,1,1,non_lateral_balance_or_phase,lateral_heading_drift
lateral,lateral,target_diagonal_primary,42,386,0,0,1,1,non_lateral_high_cbf_demand,lateral_heading_drift
lateral,lateral,target_diagonal_primary,42,387,0,0,1,1,non_lateral_balance_or_phase,lateral_heading_drift
lateral,lateral,target_diagonal_primary,42,388,0,0,1,1,lateral_heading_drift,non_lateral_high_cbf_demand
lateral,lateral,target_diagonal_primary,42,389,0,0,1,1,lateral_heading_drift,lateral_heading_drift
lateral,lateral,target_diagonal_primary,42,390,0,0,1,1,lateral_heading_drift,lateral_heading_drift
lateral,lateral,target_diagonal_primary,42,391,1,0,0,1,success,lateral_heading_drift
lateral,lateral,target_diagonal_primary,42,392,1,1,0,0,success,success
lateral,lateral,target_diagonal_primary,42,393,1,1,0,0,success,success
lateral,lateral,target_diagonal_primary,42,394,1,1,0,0,success,success
lateral,lateral,target_diagonal_primary,42,395,0,1,1,0,non_lateral_high_cbf_demand,success
lateral,lateral,target_diagonal_primary,42,396,0,1,1,0,lateral_heading_drift,success
lateral,lateral,target_diagonal_primary,42,397,1,1,0,0,success,success
lateral,lateral,target_diagonal_primary,42,398,1,1,0,0,success,success
lateral,lateral,target_diagonal_primary,42,399,0,0,1,1,lateral_heading_drift,lateral_heading_drift
lateral,lateral,target_diagonal_primary,42,400,0,1,1,0,lateral_heading_drift,success
lateral,lateral,target_diagonal_primary,42,401,0,0,1,1,lateral_heading_drift,lateral_heading_drift
lateral,lateral,target_diagonal_primary,42,402,1,1,0,0,success,success
lateral,lateral,target_diagonal_primary,42,403,1,0,0,1,success,lateral_heading_drift
lateral,lateral,target_diagonal_primary,42,404,0,1,1,0,lateral_heading_drift,success
lateral,lateral,target_diagonal_primary,42,405,0,1,1,0,lateral_heading_drift,success
lateral,lateral,target_diagonal_primary,42,406,1,1,0,0,success,success
lateral,lateral,target_diagonal_primary,42,407,1,0,0,1,success,lateral_heading_drift
lateral,lateral,target_diagonal_primary,42,408,1,1,0,0,success,success
lateral,lateral,target_diagonal_primary,42,409,1,1,0,0,success,success
lateral,lateral,target_diagonal_primary,42,410,1,0,0,1,success,lateral_heading_drift
lateral,lateral,target_diagonal_primary,42,411,1,1,0,0,success,success
lateral,lateral,target_diagonal_primary,42,412,1,1,0,0,success,success
lateral,lateral,target_diagonal_primary,42,413,1,1,0,0,success,success
lateral,lateral,target_diagonal_primary,42,414,1,1,0,0,success,success
lateral,lateral,target_diagonal_primary,42,415,1,1,0,0,success,success
lateral,lateral,target_diagonal_primary,42,416,1,1,0,0,success,success
lateral,lateral,target_diagonal_primary,42,417,1,1,0,0,success,success
lateral,lateral,target_diagonal_primary,42,418,1,1,0,0,success,success
lateral,lateral,target_diagonal_primary,42,419,1,1,0,0,success,success
lateral,lateral,target_diagonal_primary,42,420,1,1,0,0,success,success
lateral,lateral,target_diagonal_primary,42,421,1,1,0,0,success,success
lateral,lateral,target_diagonal_primary,42,422,1,1,0,0,success,success
lateral,lateral,target_diagonal_primary,42,423,1,1,0,0,success,success
lateral,lateral,target_diagonal_primary,42,424,1,1,0,0,success,success
lateral,lateral,target_diagonal_primary,42,425,1,1,0,0,success,success
lateral,lateral,target_diagonal_primary,42,426,0,1,1,0,lateral_heading_drift,success
lateral,lateral,target_diagonal_primary,42,427,1,1,0,0,success,success
lateral,lateral,target_diagonal_primary,42,428,1,1,0,0,success,success
lateral,lateral,target_diagonal_primary,42,429,1,0,0,1,success,lateral_heading_drift
lateral,lateral,target_diagonal_primary,42,430,0,1,1,0,lateral_heading_drift,success
lateral,lateral,target_diagonal_primary,42,431,1,1,0,0,success,success
lateral,lateral,target_diagonal_primary,42,432,1,1,0,0,success,success
lateral,lateral,target_diagonal_primary,42,433,1,0,0,1,success,lateral_heading_drift
lateral,lateral,target_diagonal_primary,42,434,1,1,0,0,success,success
lateral,lateral,target_diagonal_primary,42,435,1,1,0,0,success,success
lateral,lateral,target_diagonal_primary,42,436,0,0,1,1,lateral_heading_drift,lateral_heading_drift
lateral,lateral,target_diagonal_primary,42,437,1,0,0,1,success,lateral_heading_drift
lateral,lateral,target_diagonal_primary,42,438,1,0,0,1,success,lateral_heading_drift
lateral,lateral,target_diagonal_primary,42,439,1,1,0,0,success,success
lateral,lateral,target_diagonal_primary,42,440,0,0,1,1,lateral_heading_drift,lateral_heading_drift
lateral,lateral,target_diagonal_primary,42,441,1,0,0,1,success,lateral_heading_drift
lateral,lateral,target_diagonal_primary,42,442,1,1,0,0,success,success
lateral,lateral,target_diagonal_primary,42,443,1,1,0,0,success,success
lateral,lateral,target_diagonal_primary,42,444,1,1,0,0,success,success
lateral,lateral,target_diagonal_primary,42,445,1,0,0,1,success,lateral_heading_drift
lateral,lateral,target_diagonal_primary,42,446,0,1,1,0,lateral_heading_drift,success
lateral,lateral,target_diagonal_primary,42,447,1,1,0,0,success,success
lateral,lateral,target_diagonal_primary,42,448,1,1,0,0,success,success
lateral,lateral,target_diagonal_primary,42,449,1,1,0,0,success,success
lateral,lateral,target_diagonal_primary,42,450,1,0,0,1,success,lateral_heading_drift
lateral,lateral,target_diagonal_primary,42,451,1,1,0,0,success,success
lateral,lateral,target_diagonal_primary,42,452,1,1,0,0,success,success
lateral,lateral,target_diagonal_primary,42,453,1,1,0,0,success,success
lateral,lateral,target_diagonal_primary,42,454,1,1,0,0,success,success
lateral,lateral,target_diagonal_primary,42,455,1,1,0,0,success,success
lateral,lateral,target_diagonal_primary,42,456,0,1,1,0,lateral_heading_drift,success
lateral,lateral,target_diagonal_primary,42,457,1,1,0,0,success,success
lateral,lateral,target_diagonal_primary,42,458,1,1,0,0,success,success
lateral,lateral,target_diagonal_primary,42,459,1,1,0,0,success,success
lateral,lateral,target_diagonal_primary,42,460,1,1,0,0,success,success
lateral,lateral,target_diagonal_primary,42,461,1,1,0,0,success,success
lateral,lateral,target_diagonal_primary,42,462,1,1,0,0,success,success
lateral,lateral,target_diagonal_primary,42,463,1,1,0,0,success,success
lateral,lateral,target_diagonal_primary,42,464,0,1,1,0,lateral_heading_drift,success
lateral,lateral,target_diagonal_primary,42,465,1,1,0,0,success,success
lateral,lateral,target_diagonal_primary,42,466,1,1,0,0,success,success
lateral,lateral,target_diagonal_primary,42,467,1,1,0,0,success,success
lateral,lateral,target_diagonal_primary,42,468,1,1,0,0,success,success
lateral,lateral,target_diagonal_primary,42,469,1,1,0,0,success,success
lateral,lateral,target_diagonal_primary,42,470,0,1,1,0,lateral_heading_drift,success
lateral,lateral,target_diagonal_primary,42,471,1,1,0,0,success,success
lateral,lateral,target_diagonal_primary,42,472,1,1,0,0,success,success
lateral,lateral,target_diagonal_primary,42,473,1,1,0,0,success,success
lateral,lateral,target_diagonal_primary,42,474,1,1,0,0,success,success
lateral,lateral,target_diagonal_primary,42,475,0,1,1,0,lateral_heading_drift,success
lateral,lateral,target_diagonal_primary,42,476,0,0,1,1,lateral_heading_drift,lateral_heading_drift
lateral,lateral,target_diagonal_primary,42,477,1,1,0,0,success,success
lateral,lateral,target_diagonal_primary,42,478,1,1,0,0,success,success
lateral,lateral,target_diagonal_primary,42,479,0,1,1,0,lateral_heading_drift,success
lateral,lateral,target_diagonal_primary,42,480,1,1,0,0,success,success
lateral,lateral,target_diagonal_primary,42,481,1,1,0,0,success,success
lateral,lateral,target_diagonal_primary,42,482,0,1,1,0,lateral_heading_drift,success
lateral,lateral,target_diagonal_primary,42,483,1,1,0,0,success,success
lateral,lateral,target_diagonal_primary,42,484,1,1,0,0,success,success
lateral,lateral,target_diagonal_primary,42,485,1,1,0,0,success,success
lateral,lateral,target_diagonal_primary,42,486,1,1,0,0,success,success
lateral,lateral,target_diagonal_primary,42,487,1,0,0,1,success,lateral_heading_drift
lateral,lateral,target_diagonal_primary,42,488,1,1,0,0,success,success
lateral,lateral,target_diagonal_primary,42,489,1,1,0,0,success,success
lateral,lateral,target_diagonal_primary,42,490,1,1,0,0,success,success
lateral,lateral,target_diagonal_primary,42,491,1,1,0,0,success,success
lateral,lateral,target_diagonal_primary,42,492,1,1,0,0,success,success
lateral,lateral,target_diagonal_primary,42,493,0,1,1,0,lateral_heading_drift,success
lateral,lateral,target_diagonal_primary,42,494,1,1,0,0,success,success
lateral,lateral,target_diagonal_primary,42,495,1,1,0,0,success,success
lateral,lateral,target_diagonal_primary,42,496,1,1,0,0,success,success
lateral,lateral,target_diagonal_primary,42,497,1,1,0,0,success,success
lateral,lateral,target_diagonal_primary,42,498,1,1,0,0,success,success
lateral,lateral,target_diagonal_primary,42,499,1,1,0,0,success,success
lateral,lateral,target_diagonal_primary,42,500,1,0,0,1,success,lateral_heading_drift
lateral,lateral,target_diagonal_primary,42,501,1,1,0,0,success,success
lateral,lateral,target_diagonal_primary,42,502,1,1,0,0,success,success
lateral,lateral,target_diagonal_primary,42,503,1,0,0,1,success,lateral_heading_drift
lateral,lateral,target_diagonal_primary,42,504,1,1,0,0,success,success
lateral,lateral,target_diagonal_primary,42,505,0,1,1,0,lateral_heading_drift,success
lateral,lateral,target_diagonal_primary,42,506,1,1,0,0,success,success
lateral,lateral,target_diagonal_primary,42,507,1,1,0,0,success,success
lateral,lateral,target_diagonal_primary,42,508,1,1,0,0,success,success
lateral,lateral,target_diagonal_primary,42,509,1,1,0,0,success,success
lateral,lateral,target_diagonal_primary,42,510,1,1,0,0,success,success
lateral,lateral,target_diagonal_primary,42,511,0,1,1,0,lateral_heading_drift,success
lateral,D0,d0_sanity,42,0,0,0,1,1,non_lateral_balance_or_phase,non_lateral_balance_or_phase
lateral,D0,d0_sanity,42,1,1,0,0,1,success,non_lateral_high_cbf_demand
lateral,D0,d0_sanity,42,2,1,0,0,1,success,non_lateral_high_cbf_demand
lateral,D0,d0_sanity,42,3,0,1,1,0,non_lateral_high_cbf_demand,success
lateral,D0,d0_sanity,42,4,1,1,0,0,success,success
lateral,D0,d0_sanity,42,5,1,1,0,0,success,success
lateral,D0,d0_sanity,42,6,1,1,0,0,success,success
lateral,D0,d0_sanity,42,7,1,0,0,1,success,non_lateral_high_cbf_demand
lateral,D0,d0_sanity,42,8,1,1,0,0,success,success
lateral,D0,d0_sanity,42,9,1,1,0,0,success,success
lateral,D0,d0_sanity,42,10,1,1,0,0,success,success
lateral,D0,d0_sanity,42,11,1,1,0,0,success,success
lateral,D0,d0_sanity,42,12,1,1,0,0,success,success
lateral,D0,d0_sanity,42,13,1,1,0,0,success,success
lateral,D0,d0_sanity,42,14,1,1,0,0,success,success
lateral,D0,d0_sanity,42,15,1,1,0,0,success,success
lateral,D0,d0_sanity,42,16,1,1,0,0,success,success
lateral,D0,d0_sanity,42,17,1,1,0,0,success,success
lateral,D0,d0_sanity,42,18,1,1,0,0,success,success
lateral,D0,d0_sanity,42,19,1,1,0,0,success,success
lateral,D0,d0_sanity,42,20,1,1,0,0,success,success
lateral,D0,d0_sanity,42,21,1,1,0,0,success,success
lateral,D0,d0_sanity,42,22,1,1,0,0,success,success
lateral,D0,d0_sanity,42,23,1,1,0,0,success,success
lateral,D0,d0_sanity,42,24,1,1,0,0,success,success
lateral,D0,d0_sanity,42,25,1,1,0,0,success,success
lateral,D0,d0_sanity,42,26,1,1,0,0,success,success
lateral,D0,d0_sanity,42,27,1,1,0,0,success,success
lateral,D0,d0_sanity,42,28,1,1,0,0,success,success
lateral,D0,d0_sanity,42,29,1,1,0,0,success,success
lateral,D0,d0_sanity,42,30,1,1,0,0,success,success
lateral,D0,d0_sanity,42,31,1,1,0,0,success,success
lateral,D0,d0_sanity,42,32,1,1,0,0,success,success
lateral,D0,d0_sanity,42,33,1,1,0,0,success,success
lateral,D0,d0_sanity,42,34,1,1,0,0,success,success
lateral,D0,d0_sanity,42,35,1,1,0,0,success,success
lateral,D0,d0_sanity,42,36,1,1,0,0,success,success
lateral,D0,d0_sanity,42,37,1,1,0,0,success,success
lateral,D0,d0_sanity,42,38,1,1,0,0,success,success
lateral,D0,d0_sanity,42,39,1,1,0,0,success,success
lateral,D0,d0_sanity,42,40,1,1,0,0,success,success
lateral,D0,d0_sanity,42,41,1,1,0,0,success,success
lateral,D0,d0_sanity,42,42,1,1,0,0,success,success
lateral,D0,d0_sanity,42,43,1,1,0,0,success,success
lateral,D0,d0_sanity,42,44,1,1,0,0,success,success
lateral,D0,d0_sanity,42,45,1,1,0,0,success,success
lateral,D0,d0_sanity,42,46,1,1,0,0,success,success
lateral,D0,d0_sanity,42,47,1,1,0,0,success,success
lateral,D0,d0_sanity,42,48,1,1,0,0,success,success
lateral,D0,d0_sanity,42,49,1,1,0,0,success,success
lateral,D0,d0_sanity,42,50,1,1,0,0,success,success
lateral,D0,d0_sanity,42,51,1,1,0,0,success,success
lateral,D0,d0_sanity,42,52,1,1,0,0,success,success
lateral,D0,d0_sanity,42,53,1,1,0,0,success,success
lateral,D0,d0_sanity,42,54,1,1,0,0,success,success
lateral,D0,d0_sanity,42,55,1,1,0,0,success,success
lateral,D0,d0_sanity,42,56,1,1,0,0,success,success
lateral,D0,d0_sanity,42,57,1,1,0,0,success,success
lateral,D0,d0_sanity,42,58,1,1,0,0,success,success
lateral,D0,d0_sanity,42,59,1,1,0,0,success,success
lateral,D0,d0_sanity,42,60,1,1,0,0,success,success
lateral,D0,d0_sanity,42,61,1,1,0,0,success,success
lateral,D0,d0_sanity,42,62,1,1,0,0,success,success
lateral,D0,d0_sanity,42,63,1,1,0,0,success,success
lateral,D0,d0_sanity,42,64,1,1,0,0,success,success
lateral,D0,d0_sanity,42,65,1,1,0,0,success,success
lateral,D0,d0_sanity,42,66,1,1,0,0,success,success
lateral,D0,d0_sanity,42,67,1,1,0,0,success,success
lateral,D0,d0_sanity,42,68,1,1,0,0,success,success
lateral,D0,d0_sanity,42,69,1,1,0,0,success,success
lateral,D0,d0_sanity,42,70,1,1,0,0,success,success
lateral,D0,d0_sanity,42,71,1,1,0,0,success,success
lateral,D0,d0_sanity,42,72,1,1,0,0,success,success
lateral,D0,d0_sanity,42,73,1,1,0,0,success,success
lateral,D0,d0_sanity,42,74,1,1,0,0,success,success
lateral,D0,d0_sanity,42,75,1,1,0,0,success,success
lateral,D0,d0_sanity,42,76,1,1,0,0,success,success
lateral,D0,d0_sanity,42,77,1,1,0,0,success,success
lateral,D0,d0_sanity,42,78,1,1,0,0,success,success
lateral,D0,d0_sanity,42,79,1,1,0,0,success,success
lateral,D0,d0_sanity,42,80,1,1,0,0,success,success
lateral,D0,d0_sanity,42,81,1,1,0,0,success,success
lateral,D0,d0_sanity,42,82,1,1,0,0,success,success
lateral,D0,d0_sanity,42,83,1,1,0,0,success,success
lateral,D0,d0_sanity,42,84,1,1,0,0,success,success
lateral,D0,d0_sanity,42,85,1,1,0,0,success,success
lateral,D0,d0_sanity,42,86,1,1,0,0,success,success
lateral,D0,d0_sanity,42,87,1,1,0,0,success,success
lateral,D0,d0_sanity,42,88,1,1,0,0,success,success
lateral,D0,d0_sanity,42,89,1,1,0,0,success,success
lateral,D0,d0_sanity,42,90,1,1,0,0,success,success
lateral,D0,d0_sanity,42,91,1,1,0,0,success,success
lateral,D0,d0_sanity,42,92,1,1,0,0,success,success
lateral,D0,d0_sanity,42,93,1,1,0,0,success,success
lateral,D0,d0_sanity,42,94,1,1,0,0,success,success
lateral,D0,d0_sanity,42,95,1,1,0,0,success,success
lateral,D0,d0_sanity,42,96,1,1,0,0,success,success
lateral,D0,d0_sanity,42,97,1,1,0,0,success,success
lateral,D0,d0_sanity,42,98,1,1,0,0,success,success
lateral,D0,d0_sanity,42,99,1,1,0,0,success,success
lateral,D0,d0_sanity,42,100,1,1,0,0,success,success
lateral,D0,d0_sanity,42,101,1,1,0,0,success,success
lateral,D0,d0_sanity,42,102,1,1,0,0,success,success
lateral,D0,d0_sanity,42,103,1,1,0,0,success,success
lateral,D0,d0_sanity,42,104,1,1,0,0,success,success
lateral,D0,d0_sanity,42,105,1,1,0,0,success,success
lateral,D0,d0_sanity,42,106,1,1,0,0,success,success
lateral,D0,d0_sanity,42,107,1,1,0,0,success,success
lateral,D0,d0_sanity,42,108,1,1,0,0,success,success
lateral,D0,d0_sanity,42,109,1,1,0,0,success,success
lateral,D0,d0_sanity,42,110,1,1,0,0,success,success
lateral,D0,d0_sanity,42,111,1,1,0,0,success,success
lateral,D0,d0_sanity,42,112,1,1,0,0,success,success
lateral,D0,d0_sanity,42,113,1,1,0,0,success,success
lateral,D0,d0_sanity,42,114,1,1,0,0,success,success
lateral,D0,d0_sanity,42,115,1,1,0,0,success,success
lateral,D0,d0_sanity,42,116,1,1,0,0,success,success
lateral,D0,d0_sanity,42,117,1,0,0,0,success,timeout_or_other_nonfall
lateral,D0,d0_sanity,42,118,1,0,0,0,success,timeout_or_other_nonfall
lateral,D0,d0_sanity,42,119,1,0,0,0,success,timeout_or_other_nonfall
lateral,D0,d0_sanity,42,120,0,0,0,0,timeout_or_other_nonfall,timeout_or_other_nonfall
lateral,D0,d0_sanity,42,121,0,0,0,0,timeout_or_other_nonfall,timeout_or_other_nonfall
lateral,D0,d0_sanity,42,122,0,0,0,0,timeout_or_other_nonfall,timeout_or_other_nonfall
lateral,D0,d0_sanity,42,123,0,0,0,0,timeout_or_other_nonfall,timeout_or_other_nonfall
lateral,D0,d0_sanity,42,124,0,0,0,0,timeout_or_other_nonfall,timeout_or_other_nonfall
lateral,D0,d0_sanity,42,125,0,0,0,0,timeout_or_other_nonfall,timeout_or_other_nonfall
lateral,D0,d0_sanity,42,126,0,0,0,0,timeout_or_other_nonfall,timeout_or_other_nonfall
lateral,D0,d0_sanity,42,127,0,0,0,0,timeout_or_other_nonfall,timeout_or_other_nonfall
lateral,D0,d0_sanity,42,128,0,0,1,1,non_lateral_high_cbf_demand,non_lateral_balance_or_phase
lateral,D0,d0_sanity,42,129,1,0,0,1,success,non_lateral_balance_or_phase
lateral,D0,d0_sanity,42,130,1,1,0,0,success,success
lateral,D0,d0_sanity,42,131,1,1,0,0,success,success
lateral,D0,d0_sanity,42,132,1,1,0,0,success,success
lateral,D0,d0_sanity,42,133,1,1,0,0,success,success
lateral,D0,d0_sanity,42,134,1,1,0,0,success,success
lateral,D0,d0_sanity,42,135,1,1,0,0,success,success
lateral,D0,d0_sanity,42,136,1,1,0,0,success,success
lateral,D0,d0_sanity,42,137,1,1,0,0,success,success
lateral,D0,d0_sanity,42,138,1,1,0,0,success,success
lateral,D0,d0_sanity,42,139,1,1,0,0,success,success
lateral,D0,d0_sanity,42,140,1,1,0,0,success,success
lateral,D0,d0_sanity,42,141,1,1,0,0,success,success
lateral,D0,d0_sanity,42,142,1,1,0,0,success,success
lateral,D0,d0_sanity,42,143,1,1,0,0,success,success
lateral,D0,d0_sanity,42,144,1,1,0,0,success,success
lateral,D0,d0_sanity,42,145,1,1,0,0,success,success
lateral,D0,d0_sanity,42,146,1,1,0,0,success,success
lateral,D0,d0_sanity,42,147,1,1,0,0,success,success
lateral,D0,d0_sanity,42,148,1,1,0,0,success,success
lateral,D0,d0_sanity,42,149,1,1,0,0,success,success
lateral,D0,d0_sanity,42,150,1,1,0,0,success,success
lateral,D0,d0_sanity,42,151,1,1,0,0,success,success
lateral,D0,d0_sanity,42,152,1,1,0,0,success,success
lateral,D0,d0_sanity,42,153,1,1,0,0,success,success
lateral,D0,d0_sanity,42,154,1,1,0,0,success,success
lateral,D0,d0_sanity,42,155,1,1,0,0,success,success
lateral,D0,d0_sanity,42,156,1,1,0,0,success,success
lateral,D0,d0_sanity,42,157,1,1,0,0,success,success
lateral,D0,d0_sanity,42,158,1,1,0,0,success,success
lateral,D0,d0_sanity,42,159,1,1,0,0,success,success
lateral,D0,d0_sanity,42,160,1,1,0,0,success,success
lateral,D0,d0_sanity,42,161,1,1,0,0,success,success
lateral,D0,d0_sanity,42,162,1,1,0,0,success,success
lateral,D0,d0_sanity,42,163,1,1,0,0,success,success
lateral,D0,d0_sanity,42,164,1,1,0,0,success,success
lateral,D0,d0_sanity,42,165,1,1,0,0,success,success
lateral,D0,d0_sanity,42,166,1,1,0,0,success,success
lateral,D0,d0_sanity,42,167,1,1,0,0,success,success
lateral,D0,d0_sanity,42,168,1,1,0,0,success,success
lateral,D0,d0_sanity,42,169,1,1,0,0,success,success
lateral,D0,d0_sanity,42,170,1,1,0,0,success,success
lateral,D0,d0_sanity,42,171,1,1,0,0,success,success
lateral,D0,d0_sanity,42,172,1,1,0,0,success,success
lateral,D0,d0_sanity,42,173,1,1,0,0,success,success
lateral,D0,d0_sanity,42,174,1,1,0,0,success,success
lateral,D0,d0_sanity,42,175,1,1,0,0,success,success
lateral,D0,d0_sanity,42,176,1,1,0,0,success,success
lateral,D0,d0_sanity,42,177,1,1,0,0,success,success
lateral,D0,d0_sanity,42,178,1,1,0,0,success,success
lateral,D0,d0_sanity,42,179,1,1,0,0,success,success
lateral,D0,d0_sanity,42,180,1,1,0,0,success,success
lateral,D0,d0_sanity,42,181,0,1,1,0,non_lateral_high_cbf_demand,success
lateral,D0,d0_sanity,42,182,1,1,0,0,success,success
lateral,D0,d0_sanity,42,183,1,1,0,0,success,success
lateral,D0,d0_sanity,42,184,1,1,0,0,success,success
lateral,D0,d0_sanity,42,185,1,1,0,0,success,success
lateral,D0,d0_sanity,42,186,1,1,0,0,success,success
lateral,D0,d0_sanity,42,187,1,1,0,0,success,success
lateral,D0,d0_sanity,42,188,1,1,0,0,success,success
lateral,D0,d0_sanity,42,189,1,1,0,0,success,success
lateral,D0,d0_sanity,42,190,1,1,0,0,success,success
lateral,D0,d0_sanity,42,191,1,1,0,0,success,success
lateral,D0,d0_sanity,42,192,1,1,0,0,success,success
lateral,D0,d0_sanity,42,193,1,1,0,0,success,success
lateral,D0,d0_sanity,42,194,1,1,0,0,success,success
lateral,D0,d0_sanity,42,195,1,1,0,0,success,success
lateral,D0,d0_sanity,42,196,1,1,0,0,success,success
lateral,D0,d0_sanity,42,197,1,1,0,0,success,success
lateral,D0,d0_sanity,42,198,1,1,0,0,success,success
lateral,D0,d0_sanity,42,199,1,1,0,0,success,success
lateral,D0,d0_sanity,42,200,1,1,0,0,success,success
lateral,D0,d0_sanity,42,201,1,1,0,0,success,success
lateral,D0,d0_sanity,42,202,1,1,0,0,success,success
lateral,D0,d0_sanity,42,203,1,1,0,0,success,success
lateral,D0,d0_sanity,42,204,1,1,0,0,success,success
lateral,D0,d0_sanity,42,205,1,1,0,0,success,success
lateral,D0,d0_sanity,42,206,1,1,0,0,success,success
lateral,D0,d0_sanity,42,207,1,1,0,0,success,success
lateral,D0,d0_sanity,42,208,1,1,0,0,success,success
lateral,D0,d0_sanity,42,209,1,1,0,0,success,success
lateral,D0,d0_sanity,42,210,1,1,0,0,success,success
lateral,D0,d0_sanity,42,211,1,1,0,0,success,success
lateral,D0,d0_sanity,42,212,1,1,0,0,success,success
lateral,D0,d0_sanity,42,213,1,1,0,0,success,success
lateral,D0,d0_sanity,42,214,1,1,0,0,success,success
lateral,D0,d0_sanity,42,215,1,1,0,0,success,success
lateral,D0,d0_sanity,42,216,1,1,0,0,success,success
lateral,D0,d0_sanity,42,217,1,1,0,0,success,success
lateral,D0,d0_sanity,42,218,1,1,0,0,success,success
lateral,D0,d0_sanity,42,219,1,1,0,0,success,success
lateral,D0,d0_sanity,42,220,1,1,0,0,success,success
lateral,D0,d0_sanity,42,221,1,1,0,0,success,success
lateral,D0,d0_sanity,42,222,1,1,0,0,success,success
lateral,D0,d0_sanity,42,223,1,1,0,0,success,success
lateral,D0,d0_sanity,42,224,1,1,0,0,success,success
lateral,D0,d0_sanity,42,225,1,1,0,0,success,success
lateral,D0,d0_sanity,42,226,1,1,0,0,success,success
lateral,D0,d0_sanity,42,227,1,1,0,0,success,success
lateral,D0,d0_sanity,42,228,1,1,0,0,success,success
lateral,D0,d0_sanity,42,229,1,1,0,0,success,success
lateral,D0,d0_sanity,42,230,1,1,0,0,success,success
lateral,D0,d0_sanity,42,231,1,1,0,0,success,success
lateral,D0,d0_sanity,42,232,1,1,0,0,success,success
lateral,D0,d0_sanity,42,233,1,1,0,0,success,success
lateral,D0,d0_sanity,42,234,1,1,0,0,success,success
lateral,D0,d0_sanity,42,235,1,1,0,0,success,success
lateral,D0,d0_sanity,42,236,1,1,0,0,success,success
lateral,D0,d0_sanity,42,237,1,1,0,0,success,success
lateral,D0,d0_sanity,42,238,1,1,0,0,success,success
lateral,D0,d0_sanity,42,239,1,1,0,0,success,success
lateral,D0,d0_sanity,42,240,1,1,0,0,success,success
lateral,D0,d0_sanity,42,241,1,1,0,0,success,success
lateral,D0,d0_sanity,42,242,1,1,0,0,success,success
lateral,D0,d0_sanity,42,243,1,1,0,0,success,success
lateral,D0,d0_sanity,42,244,1,1,0,0,success,success
lateral,D0,d0_sanity,42,245,1,1,0,0,success,success
lateral,D0,d0_sanity,42,246,0,1,0,0,timeout_or_other_nonfall,success
lateral,D0,d0_sanity,42,247,0,1,0,0,timeout_or_other_nonfall,success
lateral,D0,d0_sanity,42,248,0,0,0,0,timeout_or_other_nonfall,timeout_or_other_nonfall
lateral,D0,d0_sanity,42,249,0,0,0,0,timeout_or_other_nonfall,timeout_or_other_nonfall
lateral,D0,d0_sanity,42,250,0,0,0,0,timeout_or_other_nonfall,timeout_or_other_nonfall
lateral,D0,d0_sanity,42,251,0,0,0,0,timeout_or_other_nonfall,timeout_or_other_nonfall
lateral,D0,d0_sanity,42,252,0,0,0,0,timeout_or_other_nonfall,timeout_or_other_nonfall
lateral,D0,d0_sanity,42,253,0,0,0,0,timeout_or_other_nonfall,timeout_or_other_nonfall
lateral,D0,d0_sanity,42,254,0,0,0,0,timeout_or_other_nonfall,timeout_or_other_nonfall
lateral,D0,d0_sanity,42,255,0,0,0,0,timeout_or_other_nonfall,timeout_or_other_nonfall
lateral,lateral,target_diagonal_primary,142,0,0,0,1,1,non_lateral_high_cbf_demand,lateral_heading_drift
lateral,lateral,target_diagonal_primary,142,1,0,0,1,1,non_lateral_high_cbf_demand,lateral_heading_drift
lateral,lateral,target_diagonal_primary,142,2,0,0,1,1,lateral_heading_drift,non_lateral_high_cbf_demand
lateral,lateral,target_diagonal_primary,142,3,0,0,1,1,non_lateral_balance_or_phase,lateral_heading_drift
lateral,lateral,target_diagonal_primary,142,4,0,0,1,1,lateral_heading_drift,lateral_heading_drift
lateral,lateral,target_diagonal_primary,142,5,0,0,1,1,lateral_heading_drift,lateral_heading_drift
lateral,lateral,target_diagonal_primary,142,6,0,0,1,1,lateral_heading_drift,non_lateral_high_cbf_demand
lateral,lateral,target_diagonal_primary,142,7,0,0,1,1,lateral_heading_drift,lateral_heading_drift
lateral,lateral,target_diagonal_primary,142,8,1,0,0,1,success,non_lateral_balance_or_phase
lateral,lateral,target_diagonal_primary,142,9,1,0,0,1,success,non_lateral_high_cbf_demand
lateral,lateral,target_diagonal_primary,142,10,1,0,0,1,success,non_lateral_high_cbf_demand
lateral,lateral,target_diagonal_primary,142,11,1,1,0,0,success,success
lateral,lateral,target_diagonal_primary,142,12,1,1,0,0,success,success
lateral,lateral,target_diagonal_primary,142,13,1,1,0,0,success,success
lateral,lateral,target_diagonal_primary,142,14,1,1,0,0,success,success
lateral,lateral,target_diagonal_primary,142,15,0,1,1,0,non_lateral_high_cbf_demand,success
lateral,lateral,target_diagonal_primary,142,16,0,1,1,0,non_lateral_high_cbf_demand,success
lateral,lateral,target_diagonal_primary,142,17,1,1,0,0,success,success
lateral,lateral,target_diagonal_primary,142,18,1,1,0,0,success,success
lateral,lateral,target_diagonal_primary,142,19,1,1,0,0,success,success
lateral,lateral,target_diagonal_primary,142,20,1,1,0,0,success,success
lateral,lateral,target_diagonal_primary,142,21,0,0,1,1,lateral_heading_drift,lateral_heading_drift
lateral,lateral,target_diagonal_primary,142,22,1,1,0,0,success,success
lateral,lateral,target_diagonal_primary,142,23,0,1,1,0,lateral_heading_drift,success
lateral,lateral,target_diagonal_primary,142,24,0,1,1,0,lateral_heading_drift,success
lateral,lateral,target_diagonal_primary,142,25,0,1,1,0,lateral_heading_drift,success
lateral,lateral,target_diagonal_primary,142,26,0,0,1,1,lateral_heading_drift,lateral_heading_drift
lateral,lateral,target_diagonal_primary,142,27,0,1,1,0,lateral_heading_drift,success
lateral,lateral,target_diagonal_primary,142,28,1,1,0,0,success,success
lateral,lateral,target_diagonal_primary,142,29,1,1,0,0,success,success
lateral,lateral,target_diagonal_primary,142,30,1,1,0,0,success,success
lateral,lateral,target_diagonal_primary,142,31,0,1,1,0,lateral_heading_drift,success
lateral,lateral,target_diagonal_primary,142,32,1,1,0,0,success,success
lateral,lateral,target_diagonal_primary,142,33,1,1,0,0,success,success
lateral,lateral,target_diagonal_primary,142,34,1,1,0,0,success,success
lateral,lateral,target_diagonal_primary,142,35,1,1,0,0,success,success
lateral,lateral,target_diagonal_primary,142,36,1,1,0,0,success,success
lateral,lateral,target_diagonal_primary,142,37,1,1,0,0,success,success
lateral,lateral,target_diagonal_primary,142,38,1,1,0,0,success,success
lateral,lateral,target_diagonal_primary,142,39,1,1,0,0,success,success
lateral,lateral,target_diagonal_primary,142,40,1,1,0,0,success,success
lateral,lateral,target_diagonal_primary,142,41,1,1,0,0,success,success
lateral,lateral,target_diagonal_primary,142,42,1,1,0,0,success,success
lateral,lateral,target_diagonal_primary,142,43,1,0,0,1,success,lateral_heading_drift
lateral,lateral,target_diagonal_primary,142,44,1,1,0,0,success,success
lateral,lateral,target_diagonal_primary,142,45,1,1,0,0,success,success
lateral,lateral,target_diagonal_primary,142,46,1,1,0,0,success,success
lateral,lateral,target_diagonal_primary,142,47,1,1,0,0,success,success
lateral,lateral,target_diagonal_primary,142,48,1,1,0,0,success,success
lateral,lateral,target_diagonal_primary,142,49,1,0,0,1,success,lateral_heading_drift
lateral,lateral,target_diagonal_primary,142,50,1,1,0,0,success,success
lateral,lateral,target_diagonal_primary,142,51,1,0,0,1,success,lateral_heading_drift
lateral,lateral,target_diagonal_primary,142,52,1,1,0,0,success,success
lateral,lateral,target_diagonal_primary,142,53,1,1,0,0,success,success
lateral,lateral,target_diagonal_primary,142,54,1,1,0,0,success,success
lateral,lateral,target_diagonal_primary,142,55,1,1,0,0,success,success
lateral,lateral,target_diagonal_primary,142,56,1,1,0,0,success,success
lateral,lateral,target_diagonal_primary,142,57,1,1,0,0,success,success
lateral,lateral,target_diagonal_primary,142,58,0,1,1,0,lateral_heading_drift,success
lateral,lateral,target_diagonal_primary,142,59,0,0,1,1,lateral_heading_drift,lateral_heading_drift
lateral,lateral,target_diagonal_primary,142,60,1,0,0,1,success,lateral_heading_drift
lateral,lateral,target_diagonal_primary,142,61,0,1,1,0,lateral_heading_drift,success
lateral,lateral,target_diagonal_primary,142,62,1,1,0,0,success,success
lateral,lateral,target_diagonal_primary,142,63,1,1,0,0,success,success
lateral,lateral,target_diagonal_primary,142,64,1,1,0,0,success,success
lateral,lateral,target_diagonal_primary,142,65,1,1,0,0,success,success
lateral,lateral,target_diagonal_primary,142,66,1,1,0,0,success,success
lateral,lateral,target_diagonal_primary,142,67,1,1,0,0,success,success
lateral,lateral,target_diagonal_primary,142,68,1,0,0,1,success,lateral_heading_drift
lateral,lateral,target_diagonal_primary,142,69,1,0,0,1,success,lateral_heading_drift
lateral,lateral,target_diagonal_primary,142,70,0,1,1,0,lateral_heading_drift,success
lateral,lateral,target_diagonal_primary,142,71,1,1,0,0,success,success
lateral,lateral,target_diagonal_primary,142,72,1,1,0,0,success,success
lateral,lateral,target_diagonal_primary,142,73,0,1,1,0,lateral_heading_drift,success
lateral,lateral,target_diagonal_primary,142,74,1,1,0,0,success,success
lateral,lateral,target_diagonal_primary,142,75,1,1,0,0,success,success
lateral,lateral,target_diagonal_primary,142,76,1,1,0,0,success,success
lateral,lateral,target_diagonal_primary,142,77,1,1,0,0,success,success
lateral,lateral,target_diagonal_primary,142,78,1,1,0,0,success,success
lateral,lateral,target_diagonal_primary,142,79,1,1,0,0,success,success
lateral,lateral,target_diagonal_primary,142,80,0,1,1,0,lateral_heading_drift,success
lateral,lateral,target_diagonal_primary,142,81,1,1,0,0,success,success
lateral,lateral,target_diagonal_primary,142,82,1,1,0,0,success,success
lateral,lateral,target_diagonal_primary,142,83,0,1,1,0,lateral_heading_drift,success
lateral,lateral,target_diagonal_primary,142,84,1,1,0,0,success,success
lateral,lateral,target_diagonal_primary,142,85,1,1,0,0,success,success
lateral,lateral,target_diagonal_primary,142,86,1,1,0,0,success,success
lateral,lateral,target_diagonal_primary,142,87,1,1,0,0,success,success
lateral,lateral,target_diagonal_primary,142,88,1,1,0,0,success,success
lateral,lateral,target_diagonal_primary,142,89,0,1,1,0,lateral_heading_drift,success
lateral,lateral,target_diagonal_primary,142,90,1,0,0,1,success,lateral_heading_drift
lateral,lateral,target_diagonal_primary,142,91,1,1,0,0,success,success
lateral,lateral,target_diagonal_primary,142,92,1,1,0,0,success,success
lateral,lateral,target_diagonal_primary,142,93,1,0,0,1,success,lateral_heading_drift
lateral,lateral,target_diagonal_primary,142,94,1,1,0,0,success,success
lateral,lateral,target_diagonal_primary,142,95,1,1,0,0,success,success
lateral,lateral,target_diagonal_primary,142,96,1,1,0,0,success,success
lateral,lateral,target_diagonal_primary,142,97,1,1,0,0,success,success
lateral,lateral,target_diagonal_primary,142,98,1,1,0,0,success,success
lateral,lateral,target_diagonal_primary,142,99,1,1,0,0,success,success
lateral,lateral,target_diagonal_primary,142,100,1,0,0,1,success,lateral_heading_drift
lateral,lateral,target_diagonal_primary,142,101,1,1,0,0,success,success
lateral,lateral,target_diagonal_primary,142,102,1,1,0,0,success,success
lateral,lateral,target_diagonal_primary,142,103,0,1,1,0,lateral_heading_drift,success
lateral,lateral,target_diagonal_primary,142,104,1,1,0,0,success,success
lateral,lateral,target_diagonal_primary,142,105,1,1,0,0,success,success
lateral,lateral,target_diagonal_primary,142,106,1,1,0,0,success,success
lateral,lateral,target_diagonal_primary,142,107,1,1,0,0,success,success
lateral,lateral,target_diagonal_primary,142,108,1,1,0,0,success,success
lateral,lateral,target_diagonal_primary,142,109,1,1,0,0,success,success
lateral,lateral,target_diagonal_primary,142,110,1,1,0,0,success,success
lateral,lateral,target_diagonal_primary,142,111,1,1,0,0,success,success
lateral,lateral,target_diagonal_primary,142,112,1,1,0,0,success,success
lateral,lateral,target_diagonal_primary,142,113,1,1,0,0,success,success
lateral,lateral,target_diagonal_primary,142,114,1,1,0,0,success,success
lateral,lateral,target_diagonal_primary,142,115,1,1,0,0,success,success
lateral,lateral,target_diagonal_primary,142,116,1,1,0,0,success,success
lateral,lateral,target_diagonal_primary,142,117,1,1,0,0,success,success
lateral,lateral,target_diagonal_primary,142,118,1,1,0,0,success,success
lateral,lateral,target_diagonal_primary,142,119,0,1,1,0,lateral_heading_drift,success
lateral,lateral,target_diagonal_primary,142,120,1,1,0,0,success,success
lateral,lateral,target_diagonal_primary,142,121,0,1,1,0,lateral_heading_drift,success
lateral,lateral,target_diagonal_primary,142,122,1,1,0,0,success,success
lateral,lateral,target_diagonal_primary,142,123,1,1,0,0,success,success
lateral,lateral,target_diagonal_primary,142,124,1,1,0,0,success,success
lateral,lateral,target_diagonal_primary,142,125,1,0,0,1,success,lateral_heading_drift
lateral,lateral,target_diagonal_primary,142,126,0,1,1,0,lateral_heading_drift,success
lateral,lateral,target_diagonal_primary,142,127,1,1,0,0,success,success
lateral,lateral,target_diagonal_primary,142,128,0,0,1,1,non_lateral_balance_or_phase,lateral_heading_drift
lateral,lateral,target_diagonal_primary,142,129,0,0,1,1,lateral_heading_drift,lateral_heading_drift
lateral,lateral,target_diagonal_primary,142,130,0,0,1,1,non_lateral_balance_or_phase,lateral_heading_drift
lateral,lateral,target_diagonal_primary,142,131,0,0,1,1,lateral_heading_drift,non_lateral_balance_or_phase
lateral,lateral,target_diagonal_primary,142,132,0,0,1,1,lateral_heading_drift,lateral_heading_drift
lateral,lateral,target_diagonal_primary,142,133,0,0,1,1,non_lateral_balance_or_phase,lateral_heading_drift
lateral,lateral,target_diagonal_primary,142,134,0,0,1,1,lateral_heading_drift,lateral_heading_drift
lateral,lateral,target_diagonal_primary,142,135,0,0,1,1,non_lateral_balance_or_phase,non_lateral_high_cbf_demand
lateral,lateral,target_diagonal_primary,142,136,0,0,1,1,lateral_heading_drift,non_lateral_high_cbf_demand
lateral,lateral,target_diagonal_primary,142,137,0,0,1,1,lateral_heading_drift,non_lateral_high_cbf_demand
lateral,lateral,target_diagonal_primary,142,138,0,1,1,0,non_lateral_balance_or_phase,success
lateral,lateral,target_diagonal_primary,142,139,1,0,0,1,success,lateral_heading_drift
lateral,lateral,target_diagonal_primary,142,140,1,0,0,1,success,lateral_heading_drift
lateral,lateral,target_diagonal_primary,142,141,0,1,1,0,lateral_heading_drift,success
lateral,lateral,target_diagonal_primary,142,142,0,1,1,0,lateral_heading_drift,success
lateral,lateral,target_diagonal_primary,142,143,1,1,0,0,success,success
lateral,lateral,target_diagonal_primary,142,144,1,1,0,0,success,success
lateral,lateral,target_diagonal_primary,142,145,1,1,0,0,success,success
lateral,lateral,target_diagonal_primary,142,146,1,1,0,0,success,success
lateral,lateral,target_diagonal_primary,142,147,0,0,1,1,lateral_heading_drift,lateral_heading_drift
lateral,lateral,target_diagonal_primary,142,148,0,1,1,0,lateral_heading_drift,success
lateral,lateral,target_diagonal_primary,142,149,1,0,0,1,success,lateral_heading_drift
lateral,lateral,target_diagonal_primary,142,150,0,0,1,1,lateral_heading_drift,lateral_heading_drift
lateral,lateral,target_diagonal_primary,142,151,0,0,1,1,lateral_heading_drift,lateral_heading_drift
lateral,lateral,target_diagonal_primary,142,152,0,1,1,0,lateral_heading_drift,success
lateral,lateral,target_diagonal_primary,142,153,1,0,0,1,success,lateral_heading_drift
lateral,lateral,target_diagonal_primary,142,154,0,1,1,0,lateral_heading_drift,success
lateral,lateral,target_diagonal_primary,142,155,1,1,0,0,success,success
lateral,lateral,target_diagonal_primary,142,156,1,1,0,0,success,success
lateral,lateral,target_diagonal_primary,142,157,0,1,1,0,lateral_heading_drift,success
lateral,lateral,target_diagonal_primary,142,158,1,1,0,0,success,success
lateral,lateral,target_diagonal_primary,142,159,1,1,0,0,success,success
lateral,lateral,target_diagonal_primary,142,160,1,1,0,0,success,success
lateral,lateral,target_diagonal_primary,142,161,0,0,1,1,lateral_heading_drift,lateral_heading_drift
lateral,lateral,target_diagonal_primary,142,162,0,1,1,0,lateral_heading_drift,success
lateral,lateral,target_diagonal_primary,142,163,0,1,1,0,lateral_heading_drift,success
lateral,lateral,target_diagonal_primary,142,164,0,1,1,0,lateral_heading_drift,success
lateral,lateral,target_diagonal_primary,142,165,1,1,0,0,success,success
lateral,lateral,target_diagonal_primary,142,166,1,1,0,0,success,success
lateral,lateral,target_diagonal_primary,142,167,1,1,0,0,success,success
lateral,lateral,target_diagonal_primary,142,168,1,1,0,0,success,success
lateral,lateral,target_diagonal_primary,142,169,1,1,0,0,success,success
lateral,lateral,target_diagonal_primary,142,170,1,1,0,0,success,success
lateral,lateral,target_diagonal_primary,142,171,1,1,0,0,success,success
lateral,lateral,target_diagonal_primary,142,172,1,1,0,0,success,success
lateral,lateral,target_diagonal_primary,142,173,0,1,1,0,lateral_heading_drift,success
lateral,lateral,target_diagonal_primary,142,174,0,0,1,1,lateral_heading_drift,lateral_heading_drift
lateral,lateral,target_diagonal_primary,142,175,1,1,0,0,success,success
lateral,lateral,target_diagonal_primary,142,176,1,1,0,0,success,success
lateral,lateral,target_diagonal_primary,142,177,1,1,0,0,success,success
lateral,lateral,target_diagonal_primary,142,178,1,1,0,0,success,success
lateral,lateral,target_diagonal_primary,142,179,1,1,0,0,success,success
lateral,lateral,target_diagonal_primary,142,180,1,1,0,0,success,success
lateral,lateral,target_diagonal_primary,142,181,1,1,0,0,success,success
lateral,lateral,target_diagonal_primary,142,182,1,1,0,0,success,success
lateral,lateral,target_diagonal_primary,142,183,1,1,0,0,success,success
lateral,lateral,target_diagonal_primary,142,184,0,1,1,0,lateral_heading_drift,success
lateral,lateral,target_diagonal_primary,142,185,0,0,1,1,lateral_heading_drift,lateral_heading_drift
lateral,lateral,target_diagonal_primary,142,186,1,0,0,1,success,lateral_heading_drift
lateral,lateral,target_diagonal_primary,142,187,1,1,0,0,success,success
lateral,lateral,target_diagonal_primary,142,188,1,1,0,0,success,success
lateral,lateral,target_diagonal_primary,142,189,1,1,0,0,success,success
lateral,lateral,target_diagonal_primary,142,190,1,0,0,1,success,lateral_heading_drift
lateral,lateral,target_diagonal_primary,142,191,1,1,0,0,success,success
lateral,lateral,target_diagonal_primary,142,192,1,1,0,0,success,success
lateral,lateral,target_diagonal_primary,142,193,1,1,0,0,success,success
lateral,lateral,target_diagonal_primary,142,194,1,1,0,0,success,success
lateral,lateral,target_diagonal_primary,142,195,1,1,0,0,success,success
lateral,lateral,target_diagonal_primary,142,196,1,1,0,0,success,success
lateral,lateral,target_diagonal_primary,142,197,1,1,0,0,success,success
lateral,lateral,target_diagonal_primary,142,198,0,1,1,0,lateral_heading_drift,success
lateral,lateral,target_diagonal_primary,142,199,1,1,0,0,success,success
lateral,lateral,target_diagonal_primary,142,200,1,1,0,0,success,success
lateral,lateral,target_diagonal_primary,142,201,1,1,0,0,success,success
lateral,lateral,target_diagonal_primary,142,202,1,1,0,0,success,success
lateral,lateral,target_diagonal_primary,142,203,1,1,0,0,success,success
lateral,lateral,target_diagonal_primary,142,204,1,1,0,0,success,success
lateral,lateral,target_diagonal_primary,142,205,1,1,0,0,success,success
lateral,lateral,target_diagonal_primary,142,206,1,1,0,0,success,success
lateral,lateral,target_diagonal_primary,142,207,1,1,0,0,success,success
lateral,lateral,target_diagonal_primary,142,208,1,1,0,0,success,success
lateral,lateral,target_diagonal_primary,142,209,1,1,0,0,success,success
lateral,lateral,target_diagonal_primary,142,210,1,1,0,0,success,success
lateral,lateral,target_diagonal_primary,142,211,1,0,0,1,success,lateral_heading_drift
lateral,lateral,target_diagonal_primary,142,212,1,1,0,0,success,success
lateral,lateral,target_diagonal_primary,142,213,1,1,0,0,success,success
lateral,lateral,target_diagonal_primary,142,214,1,1,0,0,success,success
lateral,lateral,target_diagonal_primary,142,215,0,1,1,0,lateral_heading_drift,success
lateral,lateral,target_diagonal_primary,142,216,1,1,0,0,success,success
lateral,lateral,target_diagonal_primary,142,217,0,1,1,0,lateral_heading_drift,success
lateral,lateral,target_diagonal_primary,142,218,1,1,0,0,success,success
lateral,lateral,target_diagonal_primary,142,219,1,1,0,0,success,success
lateral,lateral,target_diagonal_primary,142,220,0,1,1,0,lateral_heading_drift,success
lateral,lateral,target_diagonal_primary,142,221,1,1,0,0,success,success
lateral,lateral,target_diagonal_primary,142,222,1,1,0,0,success,success
lateral,lateral,target_diagonal_primary,142,223,1,1,0,0,success,success
lateral,lateral,target_diagonal_primary,142,224,1,1,0,0,success,success
lateral,lateral,target_diagonal_primary,142,225,1,1,0,0,success,success
lateral,lateral,target_diagonal_primary,142,226,1,1,0,0,success,success
lateral,lateral,target_diagonal_primary,142,227,1,1,0,0,success,success
lateral,lateral,target_diagonal_primary,142,228,1,0,0,1,success,lateral_heading_drift
lateral,lateral,target_diagonal_primary,142,229,1,1,0,0,success,success
lateral,lateral,target_diagonal_primary,142,230,0,1,1,0,lateral_heading_drift,success
lateral,lateral,target_diagonal_primary,142,231,1,1,0,0,success,success
lateral,lateral,target_diagonal_primary,142,232,1,1,0,0,success,success
lateral,lateral,target_diagonal_primary,142,233,1,1,0,0,success,success
lateral,lateral,target_diagonal_primary,142,234,1,1,0,0,success,success
lateral,lateral,target_diagonal_primary,142,235,1,1,0,0,success,success
lateral,lateral,target_diagonal_primary,142,236,1,1,0,0,success,success
lateral,lateral,target_diagonal_primary,142,237,1,1,0,0,success,success
lateral,lateral,target_diagonal_primary,142,238,1,1,0,0,success,success
lateral,lateral,target_diagonal_primary,142,239,1,1,0,0,success,success
lateral,lateral,target_diagonal_primary,142,240,1,1,0,0,success,success
lateral,lateral,target_diagonal_primary,142,241,1,1,0,0,success,success
lateral,lateral,target_diagonal_primary,142,242,1,1,0,0,success,success
lateral,lateral,target_diagonal_primary,142,243,1,1,0,0,success,success
lateral,lateral,target_diagonal_primary,142,244,1,1,0,0,success,success
lateral,lateral,target_diagonal_primary,142,245,0,1,1,0,lateral_heading_drift,success
lateral,lateral,target_diagonal_primary,142,246,1,1,0,0,success,success
lateral,lateral,target_diagonal_primary,142,247,1,1,0,0,success,success
lateral,lateral,target_diagonal_primary,142,248,0,1,1,0,lateral_heading_drift,success
lateral,lateral,target_diagonal_primary,142,249,1,1,0,0,success,success
lateral,lateral,target_diagonal_primary,142,250,0,1,1,0,lateral_heading_drift,success
lateral,lateral,target_diagonal_primary,142,251,1,1,0,0,success,success
lateral,lateral,target_diagonal_primary,142,252,1,1,0,0,success,success
lateral,lateral,target_diagonal_primary,142,253,1,1,0,0,success,success
lateral,lateral,target_diagonal_primary,142,254,0,1,1,0,lateral_heading_drift,success
lateral,lateral,target_diagonal_primary,142,255,1,1,0,0,success,success
lateral,lateral,target_diagonal_primary,142,256,0,0,1,1,lateral_heading_drift,lateral_heading_drift
lateral,lateral,target_diagonal_primary,142,257,0,0,1,1,non_lateral_balance_or_phase,lateral_heading_drift
lateral,lateral,target_diagonal_primary,142,258,0,0,1,1,lateral_heading_drift,non_lateral_high_cbf_demand
lateral,lateral,target_diagonal_primary,142,259,0,0,1,1,lateral_heading_drift,lateral_heading_drift
lateral,lateral,target_diagonal_primary,142,260,0,0,1,1,lateral_heading_drift,non_lateral_high_cbf_demand
lateral,lateral,target_diagonal_primary,142,261,0,0,1,1,lateral_heading_drift,lateral_heading_drift
lateral,lateral,target_diagonal_primary,142,262,0,0,1,1,lateral_heading_drift,lateral_heading_drift
lateral,lateral,target_diagonal_primary,142,263,0,0,1,1,lateral_heading_drift,lateral_heading_drift
lateral,lateral,target_diagonal_primary,142,264,0,0,1,1,lateral_heading_drift,non_lateral_high_cbf_demand
lateral,lateral,target_diagonal_primary,142,265,1,0,0,1,success,non_lateral_high_cbf_demand
lateral,lateral,target_diagonal_primary,142,266,0,0,1,1,lateral_heading_drift,lateral_heading_drift
lateral,lateral,target_diagonal_primary,142,267,1,0,0,1,success,lateral_heading_drift
lateral,lateral,target_diagonal_primary,142,268,0,0,1,1,lateral_heading_drift,lateral_heading_drift
lateral,lateral,target_diagonal_primary,142,269,0,1,1,0,lateral_heading_drift,success
lateral,lateral,target_diagonal_primary,142,270,1,0,0,1,success,lateral_heading_drift
lateral,lateral,target_diagonal_primary,142,271,1,0,0,1,success,lateral_heading_drift
lateral,lateral,target_diagonal_primary,142,272,0,1,1,0,non_lateral_balance_or_phase,success
lateral,lateral,target_diagonal_primary,142,273,1,1,0,0,success,success
lateral,lateral,target_diagonal_primary,142,274,1,0,0,1,success,lateral_heading_drift
lateral,lateral,target_diagonal_primary,142,275,0,1,1,0,lateral_heading_drift,success
lateral,lateral,target_diagonal_primary,142,276,1,1,0,0,success,success
lateral,lateral,target_diagonal_primary,142,277,1,1,0,0,success,success
lateral,lateral,target_diagonal_primary,142,278,1,1,0,0,success,success
lateral,lateral,target_diagonal_primary,142,279,1,1,0,0,success,success
lateral,lateral,target_diagonal_primary,142,280,1,1,0,0,success,success
lateral,lateral,target_diagonal_primary,142,281,0,0,1,1,lateral_heading_drift,lateral_heading_drift
lateral,lateral,target_diagonal_primary,142,282,1,1,0,0,success,success
lateral,lateral,target_diagonal_primary,142,283,1,1,0,0,success,success
lateral,lateral,target_diagonal_primary,142,284,0,1,1,0,lateral_heading_drift,success
lateral,lateral,target_diagonal_primary,142,285,1,1,0,0,success,success
lateral,lateral,target_diagonal_primary,142,286,1,1,0,0,success,success
lateral,lateral,target_diagonal_primary,142,287,1,1,0,0,success,success
lateral,lateral,target_diagonal_primary,142,288,1,1,0,0,success,success
lateral,lateral,target_diagonal_primary,142,289,1,1,0,0,success,success
lateral,lateral,target_diagonal_primary,142,290,1,1,0,0,success,success
lateral,lateral,target_diagonal_primary,142,291,1,1,0,0,success,success
lateral,lateral,target_diagonal_primary,142,292,1,1,0,0,success,success
lateral,lateral,target_diagonal_primary,142,293,1,1,0,0,success,success
lateral,lateral,target_diagonal_primary,142,294,1,0,0,1,success,lateral_heading_drift
lateral,lateral,target_diagonal_primary,142,295,1,1,0,0,success,success
lateral,lateral,target_diagonal_primary,142,296,1,1,0,0,success,success
lateral,lateral,target_diagonal_primary,142,297,0,1,1,0,lateral_heading_drift,success
lateral,lateral,target_diagonal_primary,142,298,0,1,1,0,lateral_heading_drift,success
lateral,lateral,target_diagonal_primary,142,299,1,1,0,0,success,success
lateral,lateral,target_diagonal_primary,142,300,1,1,0,0,success,success
lateral,lateral,target_diagonal_primary,142,301,1,1,0,0,success,success
lateral,lateral,target_diagonal_primary,142,302,1,1,0,0,success,success
lateral,lateral,target_diagonal_primary,142,303,1,1,0,0,success,success
lateral,lateral,target_diagonal_primary,142,304,1,1,0,0,success,success
lateral,lateral,target_diagonal_primary,142,305,1,1,0,0,success,success
lateral,lateral,target_diagonal_primary,142,306,1,1,0,0,success,success
lateral,lateral,target_diagonal_primary,142,307,1,1,0,0,success,success
lateral,lateral,target_diagonal_primary,142,308,1,1,0,0,success,success
lateral,lateral,target_diagonal_primary,142,309,1,1,0,0,success,success
lateral,lateral,target_diagonal_primary,142,310,1,1,0,0,success,success
lateral,lateral,target_diagonal_primary,142,311,1,1,0,0,success,success
lateral,lateral,target_diagonal_primary,142,312,1,1,0,0,success,success
lateral,lateral,target_diagonal_primary,142,313,1,1,0,0,success,success
lateral,lateral,target_diagonal_primary,142,314,1,0,0,1,success,lateral_heading_drift
lateral,lateral,target_diagonal_primary,142,315,0,1,1,0,lateral_heading_drift,success
lateral,lateral,target_diagonal_primary,142,316,1,0,0,1,success,lateral_heading_drift
lateral,lateral,target_diagonal_primary,142,317,1,0,0,1,success,lateral_heading_drift
lateral,lateral,target_diagonal_primary,142,318,1,1,0,0,success,success
lateral,lateral,target_diagonal_primary,142,319,1,1,0,0,success,success
lateral,lateral,target_diagonal_primary,142,320,1,0,0,1,success,lateral_heading_drift
lateral,lateral,target_diagonal_primary,142,321,0,1,1,0,lateral_heading_drift,success
lateral,lateral,target_diagonal_primary,142,322,1,1,0,0,success,success
lateral,lateral,target_diagonal_primary,142,323,1,1,0,0,success,success
lateral,lateral,target_diagonal_primary,142,324,0,1,1,0,lateral_heading_drift,success
lateral,lateral,target_diagonal_primary,142,325,1,1,0,0,success,success
lateral,lateral,target_diagonal_primary,142,326,1,1,0,0,success,success
lateral,lateral,target_diagonal_primary,142,327,0,1,1,0,lateral_heading_drift,success
lateral,lateral,target_diagonal_primary,142,328,1,1,0,0,success,success
lateral,lateral,target_diagonal_primary,142,329,1,1,0,0,success,success
lateral,lateral,target_diagonal_primary,142,330,0,1,1,0,lateral_heading_drift,success
lateral,lateral,target_diagonal_primary,142,331,1,1,0,0,success,success
lateral,lateral,target_diagonal_primary,142,332,1,1,0,0,success,success
lateral,lateral,target_diagonal_primary,142,333,1,1,0,0,success,success
lateral,lateral,target_diagonal_primary,142,334,1,1,0,0,success,success
lateral,lateral,target_diagonal_primary,142,335,1,1,0,0,success,success
lateral,lateral,target_diagonal_primary,142,336,1,1,0,0,success,success
lateral,lateral,target_diagonal_primary,142,337,1,1,0,0,success,success
lateral,lateral,target_diagonal_primary,142,338,1,1,0,0,success,success
lateral,lateral,target_diagonal_primary,142,339,1,1,0,0,success,success
lateral,lateral,target_diagonal_primary,142,340,1,1,0,0,success,success
lateral,lateral,target_diagonal_primary,142,341,1,1,0,0,success,success
lateral,lateral,target_diagonal_primary,142,342,1,1,0,0,success,success
lateral,lateral,target_diagonal_primary,142,343,1,1,0,0,success,success
lateral,lateral,target_diagonal_primary,142,344,1,1,0,0,success,success
lateral,lateral,target_diagonal_primary,142,345,1,1,0,0,success,success
lateral,lateral,target_diagonal_primary,142,346,1,1,0,0,success,success
lateral,lateral,target_diagonal_primary,142,347,1,1,0,0,success,success
lateral,lateral,target_diagonal_primary,142,348,1,1,0,0,success,success
lateral,lateral,target_diagonal_primary,142,349,1,1,0,0,success,success
lateral,lateral,target_diagonal_primary,142,350,1,1,0,0,success,success
lateral,lateral,target_diagonal_primary,142,351,1,1,0,0,success,success
lateral,lateral,target_diagonal_primary,142,352,1,1,0,0,success,success
lateral,lateral,target_diagonal_primary,142,353,1,1,0,0,success,success
lateral,lateral,target_diagonal_primary,142,354,1,0,0,1,success,lateral_heading_drift
lateral,lateral,target_diagonal_primary,142,355,0,1,1,0,lateral_heading_drift,success
lateral,lateral,target_diagonal_primary,142,356,1,1,0,0,success,success
lateral,lateral,target_diagonal_primary,142,357,1,0,0,1,success,lateral_heading_drift
lateral,lateral,target_diagonal_primary,142,358,1,1,0,0,success,success
lateral,lateral,target_diagonal_primary,142,359,1,1,0,0,success,success
lateral,lateral,target_diagonal_primary,142,360,1,1,0,0,success,success
lateral,lateral,target_diagonal_primary,142,361,1,1,0,0,success,success
lateral,lateral,target_diagonal_primary,142,362,1,1,0,0,success,success
lateral,lateral,target_diagonal_primary,142,363,1,1,0,0,success,success
lateral,lateral,target_diagonal_primary,142,364,1,1,0,0,success,success
lateral,lateral,target_diagonal_primary,142,365,1,1,0,0,success,success
lateral,lateral,target_diagonal_primary,142,366,1,1,0,0,success,success
lateral,lateral,target_diagonal_primary,142,367,1,1,0,0,success,success
lateral,lateral,target_diagonal_primary,142,368,1,1,0,0,success,success
lateral,lateral,target_diagonal_primary,142,369,1,0,0,1,success,lateral_heading_drift
lateral,lateral,target_diagonal_primary,142,370,1,1,0,0,success,success
lateral,lateral,target_diagonal_primary,142,371,1,1,0,0,success,success
lateral,lateral,target_diagonal_primary,142,372,0,1,1,0,lateral_heading_drift,success
lateral,lateral,target_diagonal_primary,142,373,1,1,0,0,success,success
lateral,lateral,target_diagonal_primary,142,374,1,1,0,0,success,success
lateral,lateral,target_diagonal_primary,142,375,0,1,1,0,lateral_heading_drift,success
lateral,lateral,target_diagonal_primary,142,376,1,1,0,0,success,success
lateral,lateral,target_diagonal_primary,142,377,1,1,0,0,success,success
lateral,lateral,target_diagonal_primary,142,378,1,1,0,0,success,success
lateral,lateral,target_diagonal_primary,142,379,1,1,0,0,success,success
lateral,lateral,target_diagonal_primary,142,380,1,1,0,0,success,success
lateral,lateral,target_diagonal_primary,142,381,1,0,0,1,success,lateral_heading_drift
lateral,lateral,target_diagonal_primary,142,382,1,1,0,0,success,success
lateral,lateral,target_diagonal_primary,142,383,0,1,1,0,lateral_heading_drift,success
lateral,lateral,target_diagonal_primary,142,384,0,0,1,1,lateral_heading_drift,non_lateral_high_cbf_demand
lateral,lateral,target_diagonal_primary,142,385,0,0,1,1,lateral_heading_drift,non_lateral_high_cbf_demand
lateral,lateral,target_diagonal_primary,142,386,0,0,1,1,lateral_heading_drift,lateral_heading_drift
lateral,lateral,target_diagonal_primary,142,387,0,0,1,1,lateral_heading_drift,non_lateral_balance_or_phase
lateral,lateral,target_diagonal_primary,142,388,0,0,1,1,non_lateral_balance_or_phase,lateral_heading_drift
lateral,lateral,target_diagonal_primary,142,389,0,0,1,1,lateral_heading_drift,lateral_heading_drift
lateral,lateral,target_diagonal_primary,142,390,0,0,1,1,lateral_heading_drift,lateral_heading_drift
lateral,lateral,target_diagonal_primary,142,391,0,0,1,1,lateral_heading_drift,lateral_heading_drift
lateral,lateral,target_diagonal_primary,142,392,0,0,1,1,lateral_heading_drift,lateral_heading_drift
lateral,lateral,target_diagonal_primary,142,393,0,0,1,1,lateral_heading_drift,lateral_heading_drift
lateral,lateral,target_diagonal_primary,142,394,0,0,1,1,lateral_heading_drift,non_lateral_high_cbf_demand
lateral,lateral,target_diagonal_primary,142,395,1,0,0,1,success,lateral_heading_drift
lateral,lateral,target_diagonal_primary,142,396,0,0,1,1,lateral_heading_drift,lateral_heading_drift
lateral,lateral,target_diagonal_primary,142,397,1,1,0,0,success,success
lateral,lateral,target_diagonal_primary,142,398,0,0,1,1,lateral_heading_drift,non_lateral_balance_or_phase
lateral,lateral,target_diagonal_primary,142,399,0,1,1,0,lateral_heading_drift,success
lateral,lateral,target_diagonal_primary,142,400,1,0,0,1,success,lateral_heading_drift
lateral,lateral,target_diagonal_primary,142,401,1,1,0,0,success,success
lateral,lateral,target_diagonal_primary,142,402,1,1,0,0,success,success
lateral,lateral,target_diagonal_primary,142,403,1,1,0,0,success,success
lateral,lateral,target_diagonal_primary,142,404,1,1,0,0,success,success
lateral,lateral,target_diagonal_primary,142,405,1,1,0,0,success,success
lateral,lateral,target_diagonal_primary,142,406,1,0,0,1,success,non_lateral_balance_or_phase
lateral,lateral,target_diagonal_primary,142,407,0,1,1,0,lateral_heading_drift,success
lateral,lateral,target_diagonal_primary,142,408,0,1,1,0,lateral_heading_drift,success
lateral,lateral,target_diagonal_primary,142,409,1,1,0,0,success,success
lateral,lateral,target_diagonal_primary,142,410,1,0,0,1,success,lateral_heading_drift
lateral,lateral,target_diagonal_primary,142,411,0,1,1,0,lateral_heading_drift,success
lateral,lateral,target_diagonal_primary,142,412,1,0,0,1,success,lateral_heading_drift
lateral,lateral,target_diagonal_primary,142,413,1,1,0,0,success,success
lateral,lateral,target_diagonal_primary,142,414,1,1,0,0,success,success
lateral,lateral,target_diagonal_primary,142,415,0,1,1,0,lateral_heading_drift,success
lateral,lateral,target_diagonal_primary,142,416,1,1,0,0,success,success
lateral,lateral,target_diagonal_primary,142,417,1,0,0,1,success,lateral_heading_drift
lateral,lateral,target_diagonal_primary,142,418,1,1,0,0,success,success
lateral,lateral,target_diagonal_primary,142,419,1,1,0,0,success,success
lateral,lateral,target_diagonal_primary,142,420,1,1,0,0,success,success
lateral,lateral,target_diagonal_primary,142,421,1,1,0,0,success,success
lateral,lateral,target_diagonal_primary,142,422,1,1,0,0,success,success
lateral,lateral,target_diagonal_primary,142,423,1,1,0,0,success,success
lateral,lateral,target_diagonal_primary,142,424,1,1,0,0,success,success
lateral,lateral,target_diagonal_primary,142,425,1,1,0,0,success,success
lateral,lateral,target_diagonal_primary,142,426,1,1,0,0,success,success
lateral,lateral,target_diagonal_primary,142,427,1,1,0,0,success,success
lateral,lateral,target_diagonal_primary,142,428,1,1,0,0,success,success
lateral,lateral,target_diagonal_primary,142,429,1,1,0,0,success,success
lateral,lateral,target_diagonal_primary,142,430,1,1,0,0,success,success
lateral,lateral,target_diagonal_primary,142,431,1,1,0,0,success,success
lateral,lateral,target_diagonal_primary,142,432,1,1,0,0,success,success
lateral,lateral,target_diagonal_primary,142,433,1,1,0,0,success,success
lateral,lateral,target_diagonal_primary,142,434,1,1,0,0,success,success
lateral,lateral,target_diagonal_primary,142,435,1,0,0,1,success,lateral_heading_drift
lateral,lateral,target_diagonal_primary,142,436,1,1,0,0,success,success
lateral,lateral,target_diagonal_primary,142,437,0,0,1,1,lateral_heading_drift,lateral_heading_drift
lateral,lateral,target_diagonal_primary,142,438,0,1,1,0,lateral_heading_drift,success
lateral,lateral,target_diagonal_primary,142,439,1,1,0,0,success,success
lateral,lateral,target_diagonal_primary,142,440,1,1,0,0,success,success
lateral,lateral,target_diagonal_primary,142,441,1,0,0,1,success,lateral_heading_drift
lateral,lateral,target_diagonal_primary,142,442,1,1,0,0,success,success
lateral,lateral,target_diagonal_primary,142,443,0,1,1,0,lateral_heading_drift,success
lateral,lateral,target_diagonal_primary,142,444,1,1,0,0,success,success
lateral,lateral,target_diagonal_primary,142,445,1,1,0,0,success,success
lateral,lateral,target_diagonal_primary,142,446,1,1,0,0,success,success
lateral,lateral,target_diagonal_primary,142,447,1,1,0,0,success,success
lateral,lateral,target_diagonal_primary,142,448,1,0,0,1,success,lateral_heading_drift
lateral,lateral,target_diagonal_primary,142,449,1,0,0,1,success,lateral_heading_drift
lateral,lateral,target_diagonal_primary,142,450,0,1,1,0,lateral_heading_drift,success
lateral,lateral,target_diagonal_primary,142,451,1,1,0,0,success,success
lateral,lateral,target_diagonal_primary,142,452,0,1,1,0,lateral_heading_drift,success
lateral,lateral,target_diagonal_primary,142,453,1,1,0,0,success,success
lateral,lateral,target_diagonal_primary,142,454,1,1,0,0,success,success
lateral,lateral,target_diagonal_primary,142,455,1,1,0,0,success,success
lateral,lateral,target_diagonal_primary,142,456,1,1,0,0,success,success
lateral,lateral,target_diagonal_primary,142,457,1,0,0,1,success,lateral_heading_drift
lateral,lateral,target_diagonal_primary,142,458,1,1,0,0,success,success
lateral,lateral,target_diagonal_primary,142,459,1,1,0,0,success,success
lateral,lateral,target_diagonal_primary,142,460,1,1,0,0,success,success
lateral,lateral,target_diagonal_primary,142,461,1,1,0,0,success,success
lateral,lateral,target_diagonal_primary,142,462,1,1,0,0,success,success
lateral,lateral,target_diagonal_primary,142,463,1,0,0,1,success,lateral_heading_drift
lateral,lateral,target_diagonal_primary,142,464,1,1,0,0,success,success
lateral,lateral,target_diagonal_primary,142,465,1,1,0,0,success,success
lateral,lateral,target_diagonal_primary,142,466,1,1,0,0,success,success
lateral,lateral,target_diagonal_primary,142,467,1,1,0,0,success,success
lateral,lateral,target_diagonal_primary,142,468,1,1,0,0,success,success
lateral,lateral,target_diagonal_primary,142,469,1,1,0,0,success,success
lateral,lateral,target_diagonal_primary,142,470,1,0,0,1,success,lateral_heading_drift
lateral,lateral,target_diagonal_primary,142,471,1,1,0,0,success,success
lateral,lateral,target_diagonal_primary,142,472,1,1,0,0,success,success
lateral,lateral,target_diagonal_primary,142,473,1,1,0,0,success,success
lateral,lateral,target_diagonal_primary,142,474,1,1,0,0,success,success
lateral,lateral,target_diagonal_primary,142,475,1,1,0,0,success,success
lateral,lateral,target_diagonal_primary,142,476,1,1,0,0,success,success
lateral,lateral,target_diagonal_primary,142,477,1,1,0,0,success,success
lateral,lateral,target_diagonal_primary,142,478,1,1,0,0,success,success
lateral,lateral,target_diagonal_primary,142,479,0,1,1,0,lateral_heading_drift,success
lateral,lateral,target_diagonal_primary,142,480,1,1,0,0,success,success
lateral,lateral,target_diagonal_primary,142,481,1,1,0,0,success,success
lateral,lateral,target_diagonal_primary,142,482,0,1,1,0,lateral_heading_drift,success
lateral,lateral,target_diagonal_primary,142,483,1,1,0,0,success,success
lateral,lateral,target_diagonal_primary,142,484,1,1,0,0,success,success
lateral,lateral,target_diagonal_primary,142,485,1,1,0,0,success,success
lateral,lateral,target_diagonal_primary,142,486,1,1,0,0,success,success
lateral,lateral,target_diagonal_primary,142,487,1,1,0,0,success,success
lateral,lateral,target_diagonal_primary,142,488,1,1,0,0,success,success
lateral,lateral,target_diagonal_primary,142,489,0,1,1,0,lateral_heading_drift,success
lateral,lateral,target_diagonal_primary,142,490,1,1,0,0,success,success
lateral,lateral,target_diagonal_primary,142,491,0,1,1,0,lateral_heading_drift,success
lateral,lateral,target_diagonal_primary,142,492,1,1,0,0,success,success
lateral,lateral,target_diagonal_primary,142,493,1,1,0,0,success,success
lateral,lateral,target_diagonal_primary,142,494,1,1,0,0,success,success
lateral,lateral,target_diagonal_primary,142,495,1,1,0,0,success,success
lateral,lateral,target_diagonal_primary,142,496,1,1,0,0,success,success
lateral,lateral,target_diagonal_primary,142,497,1,1,0,0,success,success
lateral,lateral,target_diagonal_primary,142,498,1,1,0,0,success,success
lateral,lateral,target_diagonal_primary,142,499,1,1,0,0,success,success
lateral,lateral,target_diagonal_primary,142,500,1,1,0,0,success,success
lateral,lateral,target_diagonal_primary,142,501,0,1,1,0,lateral_heading_drift,success
lateral,lateral,target_diagonal_primary,142,502,1,1,0,0,success,success
lateral,lateral,target_diagonal_primary,142,503,0,1,1,0,lateral_heading_drift,success
lateral,lateral,target_diagonal_primary,142,504,1,1,0,0,success,success
lateral,lateral,target_diagonal_primary,142,505,1,1,0,0,success,success
lateral,lateral,target_diagonal_primary,142,506,1,1,0,0,success,success
lateral,lateral,target_diagonal_primary,142,507,1,1,0,0,success,success
lateral,lateral,target_diagonal_primary,142,508,1,1,0,0,success,success
lateral,lateral,target_diagonal_primary,142,509,1,1,0,0,success,success
lateral,lateral,target_diagonal_primary,142,510,1,1,0,0,success,success
lateral,lateral,target_diagonal_primary,142,511,0,0,1,1,lateral_heading_drift,lateral_heading_drift
lateral,D0,d0_sanity,142,0,1,1,0,0,success,success
lateral,D0,d0_sanity,142,1,1,1,0,0,success,success
lateral,D0,d0_sanity,142,2,1,1,0,0,success,success
lateral,D0,d0_sanity,142,3,1,1,0,0,success,success
lateral,D0,d0_sanity,142,4,1,0,0,1,success,non_lateral_balance_or_phase
lateral,D0,d0_sanity,142,5,1,1,0,0,success,success
lateral,D0,d0_sanity,142,6,1,1,0,0,success,success
lateral,D0,d0_sanity,142,7,1,1,0,0,success,success
lateral,D0,d0_sanity,142,8,1,1,0,0,success,success
lateral,D0,d0_sanity,142,9,1,1,0,0,success,success
lateral,D0,d0_sanity,142,10,1,1,0,0,success,success
lateral,D0,d0_sanity,142,11,1,1,0,0,success,success
lateral,D0,d0_sanity,142,12,1,1,0,0,success,success
lateral,D0,d0_sanity,142,13,1,1,0,0,success,success
lateral,D0,d0_sanity,142,14,1,1,0,0,success,success
lateral,D0,d0_sanity,142,15,1,1,0,0,success,success
lateral,D0,d0_sanity,142,16,1,1,0,0,success,success
lateral,D0,d0_sanity,142,17,1,1,0,0,success,success
lateral,D0,d0_sanity,142,18,1,1,0,0,success,success
lateral,D0,d0_sanity,142,19,1,1,0,0,success,success
lateral,D0,d0_sanity,142,20,1,1,0,0,success,success
lateral,D0,d0_sanity,142,21,1,1,0,0,success,success
lateral,D0,d0_sanity,142,22,1,1,0,0,success,success
lateral,D0,d0_sanity,142,23,1,1,0,0,success,success
lateral,D0,d0_sanity,142,24,1,1,0,0,success,success
lateral,D0,d0_sanity,142,25,1,1,0,0,success,success
lateral,D0,d0_sanity,142,26,1,1,0,0,success,success
lateral,D0,d0_sanity,142,27,1,1,0,0,success,success
lateral,D0,d0_sanity,142,28,1,1,0,0,success,success
lateral,D0,d0_sanity,142,29,1,1,0,0,success,success
lateral,D0,d0_sanity,142,30,1,1,0,0,success,success
lateral,D0,d0_sanity,142,31,1,1,0,0,success,success
lateral,D0,d0_sanity,142,32,1,1,0,0,success,success
lateral,D0,d0_sanity,142,33,1,1,0,0,success,success
lateral,D0,d0_sanity,142,34,1,1,0,0,success,success
lateral,D0,d0_sanity,142,35,1,1,0,0,success,success
lateral,D0,d0_sanity,142,36,1,1,0,0,success,success
lateral,D0,d0_sanity,142,37,1,1,0,0,success,success
lateral,D0,d0_sanity,142,38,1,1,0,0,success,success
lateral,D0,d0_sanity,142,39,1,1,0,0,success,success
lateral,D0,d0_sanity,142,40,1,1,0,0,success,success
lateral,D0,d0_sanity,142,41,1,1,0,0,success,success
lateral,D0,d0_sanity,142,42,1,1,0,0,success,success
lateral,D0,d0_sanity,142,43,1,1,0,0,success,success
lateral,D0,d0_sanity,142,44,1,1,0,0,success,success
lateral,D0,d0_sanity,142,45,1,1,0,0,success,success
lateral,D0,d0_sanity,142,46,1,1,0,0,success,success
lateral,D0,d0_sanity,142,47,1,1,0,0,success,success
lateral,D0,d0_sanity,142,48,1,1,0,0,success,success
lateral,D0,d0_sanity,142,49,1,1,0,0,success,success
lateral,D0,d0_sanity,142,50,1,1,0,0,success,success
lateral,D0,d0_sanity,142,51,1,1,0,0,success,success
lateral,D0,d0_sanity,142,52,1,1,0,0,success,success
lateral,D0,d0_sanity,142,53,1,1,0,0,success,success
lateral,D0,d0_sanity,142,54,1,1,0,0,success,success
lateral,D0,d0_sanity,142,55,1,1,0,0,success,success
lateral,D0,d0_sanity,142,56,1,1,0,0,success,success
lateral,D0,d0_sanity,142,57,1,1,0,0,success,success
lateral,D0,d0_sanity,142,58,1,1,0,0,success,success
lateral,D0,d0_sanity,142,59,1,1,0,0,success,success
lateral,D0,d0_sanity,142,60,1,1,0,0,success,success
lateral,D0,d0_sanity,142,61,1,1,0,0,success,success
lateral,D0,d0_sanity,142,62,1,1,0,0,success,success
lateral,D0,d0_sanity,142,63,1,1,0,0,success,success
lateral,D0,d0_sanity,142,64,1,1,0,0,success,success
lateral,D0,d0_sanity,142,65,1,1,0,0,success,success
lateral,D0,d0_sanity,142,66,1,1,0,0,success,success
lateral,D0,d0_sanity,142,67,1,1,0,0,success,success
lateral,D0,d0_sanity,142,68,1,1,0,0,success,success
lateral,D0,d0_sanity,142,69,1,1,0,0,success,success
lateral,D0,d0_sanity,142,70,1,1,0,0,success,success
lateral,D0,d0_sanity,142,71,1,1,0,0,success,success
lateral,D0,d0_sanity,142,72,1,1,0,0,success,success
lateral,D0,d0_sanity,142,73,1,1,0,0,success,success
lateral,D0,d0_sanity,142,74,1,1,0,0,success,success
lateral,D0,d0_sanity,142,75,1,1,0,0,success,success
lateral,D0,d0_sanity,142,76,1,1,0,0,success,success
lateral,D0,d0_sanity,142,77,1,0,0,1,success,lateral_heading_drift
lateral,D0,d0_sanity,142,78,1,1,0,0,success,success
lateral,D0,d0_sanity,142,79,1,1,0,0,success,success
lateral,D0,d0_sanity,142,80,1,1,0,0,success,success
lateral,D0,d0_sanity,142,81,1,1,0,0,success,success
lateral,D0,d0_sanity,142,82,1,1,0,0,success,success
lateral,D0,d0_sanity,142,83,1,1,0,0,success,success
lateral,D0,d0_sanity,142,84,1,1,0,0,success,success
lateral,D0,d0_sanity,142,85,1,1,0,0,success,success
lateral,D0,d0_sanity,142,86,1,1,0,0,success,success
lateral,D0,d0_sanity,142,87,1,1,0,0,success,success
lateral,D0,d0_sanity,142,88,1,1,0,0,success,success
lateral,D0,d0_sanity,142,89,1,1,0,0,success,success
lateral,D0,d0_sanity,142,90,1,1,0,0,success,success
lateral,D0,d0_sanity,142,91,1,1,0,0,success,success
lateral,D0,d0_sanity,142,92,1,1,0,0,success,success
lateral,D0,d0_sanity,142,93,1,1,0,0,success,success
lateral,D0,d0_sanity,142,94,1,1,0,0,success,success
lateral,D0,d0_sanity,142,95,1,1,0,0,success,success
lateral,D0,d0_sanity,142,96,1,1,0,0,success,success
lateral,D0,d0_sanity,142,97,1,1,0,0,success,success
lateral,D0,d0_sanity,142,98,1,1,0,0,success,success
lateral,D0,d0_sanity,142,99,1,1,0,0,success,success
lateral,D0,d0_sanity,142,100,1,1,0,0,success,success
lateral,D0,d0_sanity,142,101,1,1,0,0,success,success
lateral,D0,d0_sanity,142,102,1,1,0,0,success,success
lateral,D0,d0_sanity,142,103,1,1,0,0,success,success
lateral,D0,d0_sanity,142,104,1,1,0,0,success,success
lateral,D0,d0_sanity,142,105,1,1,0,0,success,success
lateral,D0,d0_sanity,142,106,1,1,0,0,success,success
lateral,D0,d0_sanity,142,107,1,1,0,0,success,success
lateral,D0,d0_sanity,142,108,1,1,0,0,success,success
lateral,D0,d0_sanity,142,109,1,1,0,0,success,success
lateral,D0,d0_sanity,142,110,1,1,0,0,success,success
lateral,D0,d0_sanity,142,111,1,1,0,0,success,success
lateral,D0,d0_sanity,142,112,1,1,0,0,success,success
lateral,D0,d0_sanity,142,113,1,1,0,0,success,success
lateral,D0,d0_sanity,142,114,1,1,0,0,success,success
lateral,D0,d0_sanity,142,115,1,1,0,0,success,success
lateral,D0,d0_sanity,142,116,1,1,0,0,success,success
lateral,D0,d0_sanity,142,117,0,1,0,0,timeout_or_other_nonfall,success
lateral,D0,d0_sanity,142,118,0,1,0,0,timeout_or_other_nonfall,success
lateral,D0,d0_sanity,142,119,0,0,0,0,timeout_or_other_nonfall,timeout_or_other_nonfall
lateral,D0,d0_sanity,142,120,0,0,0,0,timeout_or_other_nonfall,timeout_or_other_nonfall
lateral,D0,d0_sanity,142,121,0,0,0,0,timeout_or_other_nonfall,timeout_or_other_nonfall
lateral,D0,d0_sanity,142,122,0,0,0,0,timeout_or_other_nonfall,timeout_or_other_nonfall
lateral,D0,d0_sanity,142,123,0,0,0,0,timeout_or_other_nonfall,timeout_or_other_nonfall
lateral,D0,d0_sanity,142,124,0,0,0,0,timeout_or_other_nonfall,timeout_or_other_nonfall
lateral,D0,d0_sanity,142,125,0,0,0,0,timeout_or_other_nonfall,timeout_or_other_nonfall
lateral,D0,d0_sanity,142,126,0,0,0,0,timeout_or_other_nonfall,timeout_or_other_nonfall
lateral,D0,d0_sanity,142,127,0,0,0,0,timeout_or_other_nonfall,timeout_or_other_nonfall
lateral,D0,d0_sanity,142,128,0,0,1,1,non_lateral_balance_or_phase,non_lateral_balance_or_phase
lateral,D0,d0_sanity,142,129,1,0,0,1,success,non_lateral_high_cbf_demand
lateral,D0,d0_sanity,142,130,1,1,0,0,success,success
lateral,D0,d0_sanity,142,131,1,1,0,0,success,success
lateral,D0,d0_sanity,142,132,1,1,0,0,success,success
lateral,D0,d0_sanity,142,133,1,1,0,0,success,success
lateral,D0,d0_sanity,142,134,1,1,0,0,success,success
lateral,D0,d0_sanity,142,135,1,1,0,0,success,success
lateral,D0,d0_sanity,142,136,1,1,0,0,success,success
lateral,D0,d0_sanity,142,137,1,1,0,0,success,success
lateral,D0,d0_sanity,142,138,1,1,0,0,success,success
lateral,D0,d0_sanity,142,139,1,1,0,0,success,success
lateral,D0,d0_sanity,142,140,1,1,0,0,success,success
lateral,D0,d0_sanity,142,141,1,1,0,0,success,success
lateral,D0,d0_sanity,142,142,1,1,0,0,success,success
lateral,D0,d0_sanity,142,143,1,1,0,0,success,success
lateral,D0,d0_sanity,142,144,1,1,0,0,success,success
lateral,D0,d0_sanity,142,145,1,1,0,0,success,success
lateral,D0,d0_sanity,142,146,1,1,0,0,success,success
lateral,D0,d0_sanity,142,147,1,1,0,0,success,success
lateral,D0,d0_sanity,142,148,1,1,0,0,success,success
lateral,D0,d0_sanity,142,149,1,1,0,0,success,success
lateral,D0,d0_sanity,142,150,1,1,0,0,success,success
lateral,D0,d0_sanity,142,151,1,1,0,0,success,success
lateral,D0,d0_sanity,142,152,1,1,0,0,success,success
lateral,D0,d0_sanity,142,153,1,1,0,0,success,success
lateral,D0,d0_sanity,142,154,1,1,0,0,success,success
lateral,D0,d0_sanity,142,155,1,1,0,0,success,success
lateral,D0,d0_sanity,142,156,1,1,0,0,success,success
lateral,D0,d0_sanity,142,157,1,1,0,0,success,success
lateral,D0,d0_sanity,142,158,1,1,0,0,success,success
lateral,D0,d0_sanity,142,159,1,1,0,0,success,success
lateral,D0,d0_sanity,142,160,1,1,0,0,success,success
lateral,D0,d0_sanity,142,161,1,1,0,0,success,success
lateral,D0,d0_sanity,142,162,1,1,0,0,success,success
lateral,D0,d0_sanity,142,163,1,1,0,0,success,success
lateral,D0,d0_sanity,142,164,1,1,0,0,success,success
lateral,D0,d0_sanity,142,165,1,1,0,0,success,success
lateral,D0,d0_sanity,142,166,1,1,0,0,success,success
lateral,D0,d0_sanity,142,167,1,1,0,0,success,success
lateral,D0,d0_sanity,142,168,1,1,0,0,success,success
lateral,D0,d0_sanity,142,169,1,1,0,0,success,success
lateral,D0,d0_sanity,142,170,1,1,0,0,success,success
lateral,D0,d0_sanity,142,171,1,1,0,0,success,success
lateral,D0,d0_sanity,142,172,1,1,0,0,success,success
lateral,D0,d0_sanity,142,173,1,1,0,0,success,success
lateral,D0,d0_sanity,142,174,1,1,0,0,success,success
lateral,D0,d0_sanity,142,175,1,1,0,0,success,success
lateral,D0,d0_sanity,142,176,1,1,0,0,success,success
lateral,D0,d0_sanity,142,177,1,1,0,0,success,success
lateral,D0,d0_sanity,142,178,1,1,0,0,success,success
lateral,D0,d0_sanity,142,179,1,1,0,0,success,success
lateral,D0,d0_sanity,142,180,1,1,0,0,success,success
lateral,D0,d0_sanity,142,181,1,1,0,0,success,success
lateral,D0,d0_sanity,142,182,1,1,0,0,success,success
lateral,D0,d0_sanity,142,183,1,1,0,0,success,success
lateral,D0,d0_sanity,142,184,1,1,0,0,success,success
lateral,D0,d0_sanity,142,185,1,1,0,0,success,success
lateral,D0,d0_sanity,142,186,1,1,0,0,success,success
lateral,D0,d0_sanity,142,187,1,1,0,0,success,success
lateral,D0,d0_sanity,142,188,1,1,0,0,success,success
lateral,D0,d0_sanity,142,189,1,1,0,0,success,success
lateral,D0,d0_sanity,142,190,1,1,0,0,success,success
lateral,D0,d0_sanity,142,191,1,1,0,0,success,success
lateral,D0,d0_sanity,142,192,1,1,0,0,success,success
lateral,D0,d0_sanity,142,193,1,1,0,0,success,success
lateral,D0,d0_sanity,142,194,1,1,0,0,success,success
lateral,D0,d0_sanity,142,195,1,1,0,0,success,success
lateral,D0,d0_sanity,142,196,1,1,0,0,success,success
lateral,D0,d0_sanity,142,197,1,1,0,0,success,success
lateral,D0,d0_sanity,142,198,1,1,0,0,success,success
lateral,D0,d0_sanity,142,199,1,1,0,0,success,success
lateral,D0,d0_sanity,142,200,1,1,0,0,success,success
lateral,D0,d0_sanity,142,201,1,1,0,0,success,success
lateral,D0,d0_sanity,142,202,1,1,0,0,success,success
lateral,D0,d0_sanity,142,203,1,1,0,0,success,success
lateral,D0,d0_sanity,142,204,1,1,0,0,success,success
lateral,D0,d0_sanity,142,205,1,1,0,0,success,success
lateral,D0,d0_sanity,142,206,1,1,0,0,success,success
lateral,D0,d0_sanity,142,207,1,1,0,0,success,success
lateral,D0,d0_sanity,142,208,1,1,0,0,success,success
lateral,D0,d0_sanity,142,209,1,1,0,0,success,success
lateral,D0,d0_sanity,142,210,1,1,0,0,success,success
lateral,D0,d0_sanity,142,211,1,1,0,0,success,success
lateral,D0,d0_sanity,142,212,1,1,0,0,success,success
lateral,D0,d0_sanity,142,213,1,1,0,0,success,success
lateral,D0,d0_sanity,142,214,1,1,0,0,success,success
lateral,D0,d0_sanity,142,215,1,1,0,0,success,success
lateral,D0,d0_sanity,142,216,1,1,0,0,success,success
lateral,D0,d0_sanity,142,217,1,1,0,0,success,success
lateral,D0,d0_sanity,142,218,1,1,0,0,success,success
lateral,D0,d0_sanity,142,219,1,1,0,0,success,success
lateral,D0,d0_sanity,142,220,1,1,0,0,success,success
lateral,D0,d0_sanity,142,221,1,1,0,0,success,success
lateral,D0,d0_sanity,142,222,1,1,0,0,success,success
lateral,D0,d0_sanity,142,223,1,1,0,0,success,success
lateral,D0,d0_sanity,142,224,1,1,0,0,success,success
lateral,D0,d0_sanity,142,225,1,1,0,0,success,success
lateral,D0,d0_sanity,142,226,1,1,0,0,success,success
lateral,D0,d0_sanity,142,227,1,1,0,0,success,success
lateral,D0,d0_sanity,142,228,1,1,0,0,success,success
lateral,D0,d0_sanity,142,229,1,1,0,0,success,success
lateral,D0,d0_sanity,142,230,1,1,0,0,success,success
lateral,D0,d0_sanity,142,231,1,1,0,0,success,success
lateral,D0,d0_sanity,142,232,1,1,0,0,success,success
lateral,D0,d0_sanity,142,233,1,1,0,0,success,success
lateral,D0,d0_sanity,142,234,1,1,0,0,success,success
lateral,D0,d0_sanity,142,235,1,1,0,0,success,success
lateral,D0,d0_sanity,142,236,1,1,0,0,success,success
lateral,D0,d0_sanity,142,237,1,1,0,0,success,success
lateral,D0,d0_sanity,142,238,1,1,0,0,success,success
lateral,D0,d0_sanity,142,239,1,1,0,0,success,success
lateral,D0,d0_sanity,142,240,1,1,0,0,success,success
lateral,D0,d0_sanity,142,241,1,1,0,0,success,success
lateral,D0,d0_sanity,142,242,1,1,0,0,success,success
lateral,D0,d0_sanity,142,243,1,1,0,0,success,success
lateral,D0,d0_sanity,142,244,1,1,0,0,success,success
lateral,D0,d0_sanity,142,245,1,1,0,0,success,success
lateral,D0,d0_sanity,142,246,0,1,0,0,timeout_or_other_nonfall,success
lateral,D0,d0_sanity,142,247,0,1,0,0,timeout_or_other_nonfall,success
lateral,D0,d0_sanity,142,248,0,1,0,0,timeout_or_other_nonfall,success
lateral,D0,d0_sanity,142,249,0,1,0,0,timeout_or_other_nonfall,success
lateral,D0,d0_sanity,142,250,0,0,0,0,timeout_or_other_nonfall,timeout_or_other_nonfall
lateral,D0,d0_sanity,142,251,0,0,0,0,timeout_or_other_nonfall,timeout_or_other_nonfall
lateral,D0,d0_sanity,142,252,0,0,0,0,timeout_or_other_nonfall,timeout_or_other_nonfall
lateral,D0,d0_sanity,142,253,0,0,0,0,timeout_or_other_nonfall,timeout_or_other_nonfall
lateral,D0,d0_sanity,142,254,0,0,0,0,timeout_or_other_nonfall,timeout_or_other_nonfall
lateral,D0,d0_sanity,142,255,0,0,0,0,timeout_or_other_nonfall,timeout_or_other_nonfall
lateral,lateral,target_diagonal_primary,242,0,0,0,1,1,lateral_heading_drift,non_lateral_high_cbf_demand
lateral,lateral,target_diagonal_primary,242,1,0,0,1,1,non_lateral_high_cbf_demand,lateral_heading_drift
lateral,lateral,target_diagonal_primary,242,2,0,0,1,1,lateral_heading_drift,lateral_heading_drift
lateral,lateral,target_diagonal_primary,242,3,0,0,1,1,lateral_heading_drift,lateral_heading_drift
lateral,lateral,target_diagonal_primary,242,4,0,0,1,1,non_lateral_high_cbf_demand,non_lateral_high_cbf_demand
lateral,lateral,target_diagonal_primary,242,5,0,0,1,1,non_lateral_high_cbf_demand,non_lateral_balance_or_phase
lateral,lateral,target_diagonal_primary,242,6,0,0,1,1,lateral_heading_drift,lateral_heading_drift
lateral,lateral,target_diagonal_primary,242,7,1,0,0,1,success,non_lateral_high_cbf_demand
lateral,lateral,target_diagonal_primary,242,8,0,0,1,1,lateral_heading_drift,lateral_heading_drift
lateral,lateral,target_diagonal_primary,242,9,0,0,1,1,lateral_heading_drift,lateral_heading_drift
lateral,lateral,target_diagonal_primary,242,10,0,0,1,1,lateral_heading_drift,non_lateral_high_cbf_demand
lateral,lateral,target_diagonal_primary,242,11,1,0,0,1,success,lateral_heading_drift
lateral,lateral,target_diagonal_primary,242,12,1,1,0,0,success,success
lateral,lateral,target_diagonal_primary,242,13,0,0,1,1,non_lateral_balance_or_phase,lateral_heading_drift
lateral,lateral,target_diagonal_primary,242,14,0,1,1,0,lateral_heading_drift,success
lateral,lateral,target_diagonal_primary,242,15,0,0,1,1,lateral_heading_drift,lateral_heading_drift
lateral,lateral,target_diagonal_primary,242,16,1,0,0,1,success,non_lateral_high_cbf_demand
lateral,lateral,target_diagonal_primary,242,17,0,0,1,1,lateral_heading_drift,lateral_heading_drift
lateral,lateral,target_diagonal_primary,242,18,0,0,1,1,lateral_heading_drift,lateral_heading_drift
lateral,lateral,target_diagonal_primary,242,19,0,0,1,1,lateral_heading_drift,lateral_heading_drift
lateral,lateral,target_diagonal_primary,242,20,0,1,1,0,lateral_heading_drift,success
lateral,lateral,target_diagonal_primary,242,21,1,1,0,0,success,success
lateral,lateral,target_diagonal_primary,242,22,1,1,0,0,success,success
lateral,lateral,target_diagonal_primary,242,23,1,1,0,0,success,success
lateral,lateral,target_diagonal_primary,242,24,1,1,0,0,success,success
lateral,lateral,target_diagonal_primary,242,25,1,1,0,0,success,success
lateral,lateral,target_diagonal_primary,242,26,1,1,0,0,success,success
lateral,lateral,target_diagonal_primary,242,27,1,0,0,1,success,non_lateral_balance_or_phase
lateral,lateral,target_diagonal_primary,242,28,1,0,0,1,success,lateral_heading_drift
lateral,lateral,target_diagonal_primary,242,29,1,0,0,1,success,lateral_heading_drift
lateral,lateral,target_diagonal_primary,242,30,1,1,0,0,success,success
lateral,lateral,target_diagonal_primary,242,31,1,1,0,0,success,success
lateral,lateral,target_diagonal_primary,242,32,1,1,0,0,success,success
lateral,lateral,target_diagonal_primary,242,33,1,1,0,0,success,success
lateral,lateral,target_diagonal_primary,242,34,1,1,0,0,success,success
lateral,lateral,target_diagonal_primary,242,35,1,1,0,0,success,success
lateral,lateral,target_diagonal_primary,242,36,1,1,0,0,success,success
lateral,lateral,target_diagonal_primary,242,37,1,1,0,0,success,success
lateral,lateral,target_diagonal_primary,242,38,0,1,1,0,lateral_heading_drift,success
lateral,lateral,target_diagonal_primary,242,39,1,1,0,0,success,success
lateral,lateral,target_diagonal_primary,242,40,1,1,0,0,success,success
lateral,lateral,target_diagonal_primary,242,41,1,1,0,0,success,success
lateral,lateral,target_diagonal_primary,242,42,1,1,0,0,success,success
lateral,lateral,target_diagonal_primary,242,43,1,1,0,0,success,success
lateral,lateral,target_diagonal_primary,242,44,1,1,0,0,success,success
lateral,lateral,target_diagonal_primary,242,45,1,1,0,0,success,success
lateral,lateral,target_diagonal_primary,242,46,1,1,0,0,success,success
lateral,lateral,target_diagonal_primary,242,47,1,1,0,0,success,success
lateral,lateral,target_diagonal_primary,242,48,1,1,0,0,success,success
lateral,lateral,target_diagonal_primary,242,49,1,1,0,0,success,success
lateral,lateral,target_diagonal_primary,242,50,1,1,0,0,success,success
lateral,lateral,target_diagonal_primary,242,51,1,1,0,0,success,success
lateral,lateral,target_diagonal_primary,242,52,0,1,1,0,lateral_heading_drift,success
lateral,lateral,target_diagonal_primary,242,53,0,1,1,0,lateral_heading_drift,success
lateral,lateral,target_diagonal_primary,242,54,0,1,1,0,lateral_heading_drift,success
lateral,lateral,target_diagonal_primary,242,55,0,1,1,0,lateral_heading_drift,success
lateral,lateral,target_diagonal_primary,242,56,1,1,0,0,success,success
lateral,lateral,target_diagonal_primary,242,57,0,1,1,0,lateral_heading_drift,success
lateral,lateral,target_diagonal_primary,242,58,1,1,0,0,success,success
lateral,lateral,target_diagonal_primary,242,59,1,1,0,0,success,success
lateral,lateral,target_diagonal_primary,242,60,1,1,0,0,success,success
lateral,lateral,target_diagonal_primary,242,61,1,1,0,0,success,success
lateral,lateral,target_diagonal_primary,242,62,0,1,1,0,lateral_heading_drift,success
lateral,lateral,target_diagonal_primary,242,63,1,1,0,0,success,success
lateral,lateral,target_diagonal_primary,242,64,1,1,0,0,success,success
lateral,lateral,target_diagonal_primary,242,65,1,1,0,0,success,success
lateral,lateral,target_diagonal_primary,242,66,1,1,0,0,success,success
lateral,lateral,target_diagonal_primary,242,67,1,1,0,0,success,success
lateral,lateral,target_diagonal_primary,242,68,1,1,0,0,success,success
lateral,lateral,target_diagonal_primary,242,69,1,0,0,1,success,lateral_heading_drift
lateral,lateral,target_diagonal_primary,242,70,1,1,0,0,success,success
lateral,lateral,target_diagonal_primary,242,71,0,1,1,0,lateral_heading_drift,success
lateral,lateral,target_diagonal_primary,242,72,1,1,0,0,success,success
lateral,lateral,target_diagonal_primary,242,73,1,1,0,0,success,success
lateral,lateral,target_diagonal_primary,242,74,1,1,0,0,success,success
lateral,lateral,target_diagonal_primary,242,75,1,1,0,0,success,success
lateral,lateral,target_diagonal_primary,242,76,1,1,0,0,success,success
lateral,lateral,target_diagonal_primary,242,77,1,1,0,0,success,success
lateral,lateral,target_diagonal_primary,242,78,1,1,0,0,success,success
lateral,lateral,target_diagonal_primary,242,79,1,1,0,0,success,success
lateral,lateral,target_diagonal_primary,242,80,0,1,1,0,lateral_heading_drift,success
lateral,lateral,target_diagonal_primary,242,81,1,1,0,0,success,success
lateral,lateral,target_diagonal_primary,242,82,1,1,0,0,success,success
lateral,lateral,target_diagonal_primary,242,83,1,1,0,0,success,success
lateral,lateral,target_diagonal_primary,242,84,1,1,0,0,success,success
lateral,lateral,target_diagonal_primary,242,85,1,1,0,0,success,success
lateral,lateral,target_diagonal_primary,242,86,1,1,0,0,success,success
lateral,lateral,target_diagonal_primary,242,87,1,1,0,0,success,success
lateral,lateral,target_diagonal_primary,242,88,1,1,0,0,success,success
lateral,lateral,target_diagonal_primary,242,89,1,1,0,0,success,success
lateral,lateral,target_diagonal_primary,242,90,1,1,0,0,success,success
lateral,lateral,target_diagonal_primary,242,91,0,1,1,0,lateral_heading_drift,success
lateral,lateral,target_diagonal_primary,242,92,1,1,0,0,success,success
lateral,lateral,target_diagonal_primary,242,93,0,1,1,0,lateral_heading_drift,success
lateral,lateral,target_diagonal_primary,242,94,0,1,1,0,lateral_heading_drift,success
lateral,lateral,target_diagonal_primary,242,95,1,1,0,0,success,success
lateral,lateral,target_diagonal_primary,242,96,1,1,0,0,success,success
lateral,lateral,target_diagonal_primary,242,97,0,1,1,0,lateral_heading_drift,success
lateral,lateral,target_diagonal_primary,242,98,1,1,0,0,success,success
lateral,lateral,target_diagonal_primary,242,99,1,1,0,0,success,success
lateral,lateral,target_diagonal_primary,242,100,1,1,0,0,success,success
lateral,lateral,target_diagonal_primary,242,101,1,0,0,1,success,lateral_heading_drift
lateral,lateral,target_diagonal_primary,242,102,1,1,0,0,success,success
lateral,lateral,target_diagonal_primary,242,103,1,0,0,1,success,lateral_heading_drift
lateral,lateral,target_diagonal_primary,242,104,1,1,0,0,success,success
lateral,lateral,target_diagonal_primary,242,105,1,1,0,0,success,success
lateral,lateral,target_diagonal_primary,242,106,1,1,0,0,success,success
lateral,lateral,target_diagonal_primary,242,107,0,0,1,1,lateral_heading_drift,lateral_heading_drift
lateral,lateral,target_diagonal_primary,242,108,1,1,0,0,success,success
lateral,lateral,target_diagonal_primary,242,109,1,1,0,0,success,success
lateral,lateral,target_diagonal_primary,242,110,1,0,0,1,success,lateral_heading_drift
lateral,lateral,target_diagonal_primary,242,111,1,0,0,1,success,lateral_heading_drift
lateral,lateral,target_diagonal_primary,242,112,1,1,0,0,success,success
lateral,lateral,target_diagonal_primary,242,113,1,1,0,0,success,success
lateral,lateral,target_diagonal_primary,242,114,1,1,0,0,success,success
lateral,lateral,target_diagonal_primary,242,115,0,1,1,0,lateral_heading_drift,success
lateral,lateral,target_diagonal_primary,242,116,1,1,0,0,success,success
lateral,lateral,target_diagonal_primary,242,117,1,1,0,0,success,success
lateral,lateral,target_diagonal_primary,242,118,1,1,0,0,success,success
lateral,lateral,target_diagonal_primary,242,119,1,1,0,0,success,success
lateral,lateral,target_diagonal_primary,242,120,1,1,0,0,success,success
lateral,lateral,target_diagonal_primary,242,121,0,1,1,0,lateral_heading_drift,success
lateral,lateral,target_diagonal_primary,242,122,1,1,0,0,success,success
lateral,lateral,target_diagonal_primary,242,123,1,1,0,0,success,success
lateral,lateral,target_diagonal_primary,242,124,1,1,0,0,success,success
lateral,lateral,target_diagonal_primary,242,125,1,1,0,0,success,success
lateral,lateral,target_diagonal_primary,242,126,1,1,0,0,success,success
lateral,lateral,target_diagonal_primary,242,127,1,1,0,0,success,success
lateral,lateral,target_diagonal_primary,242,128,0,0,1,1,non_lateral_balance_or_phase,non_lateral_balance_or_phase
lateral,lateral,target_diagonal_primary,242,129,0,0,1,1,non_lateral_high_cbf_demand,non_lateral_high_cbf_demand
lateral,lateral,target_diagonal_primary,242,130,0,0,1,1,non_lateral_high_cbf_demand,non_lateral_high_cbf_demand
lateral,lateral,target_diagonal_primary,242,131,0,0,1,1,lateral_heading_drift,lateral_heading_drift
lateral,lateral,target_diagonal_primary,242,132,0,0,1,1,lateral_heading_drift,lateral_heading_drift
lateral,lateral,target_diagonal_primary,242,133,0,0,1,1,lateral_heading_drift,lateral_heading_drift
lateral,lateral,target_diagonal_primary,242,134,1,0,0,1,success,lateral_heading_drift
lateral,lateral,target_diagonal_primary,242,135,0,0,1,1,lateral_heading_drift,lateral_heading_drift
lateral,lateral,target_diagonal_primary,242,136,1,0,0,1,success,lateral_heading_drift
lateral,lateral,target_diagonal_primary,242,137,0,0,1,1,lateral_heading_drift,lateral_heading_drift
lateral,lateral,target_diagonal_primary,242,138,0,0,1,1,non_lateral_balance_or_phase,lateral_heading_drift
lateral,lateral,target_diagonal_primary,242,139,0,0,1,1,lateral_heading_drift,lateral_heading_drift
lateral,lateral,target_diagonal_primary,242,140,0,0,1,1,lateral_heading_drift,non_lateral_high_cbf_demand
lateral,lateral,target_diagonal_primary,242,141,1,0,0,1,success,lateral_heading_drift
lateral,lateral,target_diagonal_primary,242,142,1,0,0,1,success,lateral_heading_drift
lateral,lateral,target_diagonal_primary,242,143,0,0,1,1,lateral_heading_drift,lateral_heading_drift
lateral,lateral,target_diagonal_primary,242,144,1,1,0,0,success,success
lateral,lateral,target_diagonal_primary,242,145,1,1,0,0,success,success
lateral,lateral,target_diagonal_primary,242,146,1,1,0,0,success,success
lateral,lateral,target_diagonal_primary,242,147,1,1,0,0,success,success
lateral,lateral,target_diagonal_primary,242,148,1,1,0,0,success,success
lateral,lateral,target_diagonal_primary,242,149,1,1,0,0,success,success
lateral,lateral,target_diagonal_primary,242,150,1,1,0,0,success,success
lateral,lateral,target_diagonal_primary,242,151,0,1,1,0,lateral_heading_drift,success
lateral,lateral,target_diagonal_primary,242,152,1,1,0,0,success,success
lateral,lateral,target_diagonal_primary,242,153,0,0,1,1,lateral_heading_drift,lateral_heading_drift
lateral,lateral,target_diagonal_primary,242,154,1,1,0,0,success,success
lateral,lateral,target_diagonal_primary,242,155,0,1,1,0,lateral_heading_drift,success
lateral,lateral,target_diagonal_primary,242,156,1,1,0,0,success,success
lateral,lateral,target_diagonal_primary,242,157,0,1,1,0,lateral_heading_drift,success
lateral,lateral,target_diagonal_primary,242,158,1,1,0,0,success,success
lateral,lateral,target_diagonal_primary,242,159,1,1,0,0,success,success
lateral,lateral,target_diagonal_primary,242,160,1,0,0,1,success,lateral_heading_drift
lateral,lateral,target_diagonal_primary,242,161,1,1,0,0,success,success
lateral,lateral,target_diagonal_primary,242,162,0,1,1,0,lateral_heading_drift,success
lateral,lateral,target_diagonal_primary,242,163,0,1,1,0,lateral_heading_drift,success
lateral,lateral,target_diagonal_primary,242,164,1,1,0,0,success,success
lateral,lateral,target_diagonal_primary,242,165,1,1,0,0,success,success
lateral,lateral,target_diagonal_primary,242,166,1,1,0,0,success,success
lateral,lateral,target_diagonal_primary,242,167,1,1,0,0,success,success
lateral,lateral,target_diagonal_primary,242,168,1,1,0,0,success,success
lateral,lateral,target_diagonal_primary,242,169,1,1,0,0,success,success
lateral,lateral,target_diagonal_primary,242,170,1,1,0,0,success,success
lateral,lateral,target_diagonal_primary,242,171,1,1,0,0,success,success
lateral,lateral,target_diagonal_primary,242,172,1,1,0,0,success,success
lateral,lateral,target_diagonal_primary,242,173,1,1,0,0,success,success
lateral,lateral,target_diagonal_primary,242,174,1,1,0,0,success,success
lateral,lateral,target_diagonal_primary,242,175,1,1,0,0,success,success
lateral,lateral,target_diagonal_primary,242,176,1,1,0,0,success,success
lateral,lateral,target_diagonal_primary,242,177,1,1,0,0,success,success
lateral,lateral,target_diagonal_primary,242,178,1,1,0,0,success,success
lateral,lateral,target_diagonal_primary,242,179,1,1,0,0,success,success
lateral,lateral,target_diagonal_primary,242,180,1,1,0,0,success,success
lateral,lateral,target_diagonal_primary,242,181,1,1,0,0,success,success
lateral,lateral,target_diagonal_primary,242,182,1,1,0,0,success,success
lateral,lateral,target_diagonal_primary,242,183,1,1,0,0,success,success
lateral,lateral,target_diagonal_primary,242,184,1,1,0,0,success,success
lateral,lateral,target_diagonal_primary,242,185,1,1,0,0,success,success
lateral,lateral,target_diagonal_primary,242,186,0,1,1,0,lateral_heading_drift,success
lateral,lateral,target_diagonal_primary,242,187,1,1,0,0,success,success
lateral,lateral,target_diagonal_primary,242,188,1,1,0,0,success,success
lateral,lateral,target_diagonal_primary,242,189,0,1,1,0,lateral_heading_drift,success
lateral,lateral,target_diagonal_primary,242,190,0,1,1,0,lateral_heading_drift,success
lateral,lateral,target_diagonal_primary,242,191,1,0,0,1,success,lateral_heading_drift
lateral,lateral,target_diagonal_primary,242,192,1,1,0,0,success,success
lateral,lateral,target_diagonal_primary,242,193,0,1,1,0,lateral_heading_drift,success
lateral,lateral,target_diagonal_primary,242,194,1,1,0,0,success,success
lateral,lateral,target_diagonal_primary,242,195,1,1,0,0,success,success
lateral,lateral,target_diagonal_primary,242,196,1,0,0,1,success,lateral_heading_drift
lateral,lateral,target_diagonal_primary,242,197,1,1,0,0,success,success
lateral,lateral,target_diagonal_primary,242,198,1,1,0,0,success,success
lateral,lateral,target_diagonal_primary,242,199,1,1,0,0,success,success
lateral,lateral,target_diagonal_primary,242,200,0,1,1,0,lateral_heading_drift,success
lateral,lateral,target_diagonal_primary,242,201,1,1,0,0,success,success
lateral,lateral,target_diagonal_primary,242,202,1,1,0,0,success,success
lateral,lateral,target_diagonal_primary,242,203,1,1,0,0,success,success
lateral,lateral,target_diagonal_primary,242,204,1,1,0,0,success,success
lateral,lateral,target_diagonal_primary,242,205,1,1,0,0,success,success
lateral,lateral,target_diagonal_primary,242,206,1,1,0,0,success,success
lateral,lateral,target_diagonal_primary,242,207,1,1,0,0,success,success
lateral,lateral,target_diagonal_primary,242,208,1,1,0,0,success,success
lateral,lateral,target_diagonal_primary,242,209,1,1,0,0,success,success
lateral,lateral,target_diagonal_primary,242,210,1,1,0,0,success,success
lateral,lateral,target_diagonal_primary,242,211,1,1,0,0,success,success
lateral,lateral,target_diagonal_primary,242,212,1,1,0,0,success,success
lateral,lateral,target_diagonal_primary,242,213,1,1,0,0,success,success
lateral,lateral,target_diagonal_primary,242,214,1,1,0,0,success,success
lateral,lateral,target_diagonal_primary,242,215,0,1,1,0,lateral_heading_drift,success
lateral,lateral,target_diagonal_primary,242,216,1,1,0,0,success,success
lateral,lateral,target_diagonal_primary,242,217,1,1,0,0,success,success
lateral,lateral,target_diagonal_primary,242,218,1,1,0,0,success,success
lateral,lateral,target_diagonal_primary,242,219,1,1,0,0,success,success
lateral,lateral,target_diagonal_primary,242,220,1,1,0,0,success,success
lateral,lateral,target_diagonal_primary,242,221,1,1,0,0,success,success
lateral,lateral,target_diagonal_primary,242,222,1,1,0,0,success,success
lateral,lateral,target_diagonal_primary,242,223,1,1,0,0,success,success
lateral,lateral,target_diagonal_primary,242,224,1,1,0,0,success,success
lateral,lateral,target_diagonal_primary,242,225,1,0,0,1,success,lateral_heading_drift
lateral,lateral,target_diagonal_primary,242,226,1,1,0,0,success,success
lateral,lateral,target_diagonal_primary,242,227,1,1,0,0,success,success
lateral,lateral,target_diagonal_primary,242,228,1,1,0,0,success,success
lateral,lateral,target_diagonal_primary,242,229,0,1,1,0,lateral_heading_drift,success
lateral,lateral,target_diagonal_primary,242,230,1,1,0,0,success,success
lateral,lateral,target_diagonal_primary,242,231,0,1,1,0,lateral_heading_drift,success
lateral,lateral,target_diagonal_primary,242,232,1,1,0,0,success,success
lateral,lateral,target_diagonal_primary,242,233,1,1,0,0,success,success
lateral,lateral,target_diagonal_primary,242,234,1,1,0,0,success,success
lateral,lateral,target_diagonal_primary,242,235,1,1,0,0,success,success
lateral,lateral,target_diagonal_primary,242,236,1,1,0,0,success,success
lateral,lateral,target_diagonal_primary,242,237,1,1,0,0,success,success
lateral,lateral,target_diagonal_primary,242,238,1,1,0,0,success,success
lateral,lateral,target_diagonal_primary,242,239,1,1,0,0,success,success
lateral,lateral,target_diagonal_primary,242,240,1,1,0,0,success,success
lateral,lateral,target_diagonal_primary,242,241,1,1,0,0,success,success
lateral,lateral,target_diagonal_primary,242,242,1,1,0,0,success,success
lateral,lateral,target_diagonal_primary,242,243,1,0,0,1,success,lateral_heading_drift
lateral,lateral,target_diagonal_primary,242,244,1,1,0,0,success,success
lateral,lateral,target_diagonal_primary,242,245,0,1,1,0,lateral_heading_drift,success
lateral,lateral,target_diagonal_primary,242,246,1,0,0,1,success,non_lateral_high_cbf_demand
lateral,lateral,target_diagonal_primary,242,247,1,1,0,0,success,success
lateral,lateral,target_diagonal_primary,242,248,1,1,0,0,success,success
lateral,lateral,target_diagonal_primary,242,249,1,0,0,1,success,lateral_heading_drift
lateral,lateral,target_diagonal_primary,242,250,1,1,0,0,success,success
lateral,lateral,target_diagonal_primary,242,251,1,1,0,0,success,success
lateral,lateral,target_diagonal_primary,242,252,1,1,0,0,success,success
lateral,lateral,target_diagonal_primary,242,253,1,1,0,0,success,success
lateral,lateral,target_diagonal_primary,242,254,0,1,1,0,lateral_heading_drift,success
lateral,lateral,target_diagonal_primary,242,255,1,1,0,0,success,success
lateral,lateral,target_diagonal_primary,242,256,0,0,1,1,non_lateral_balance_or_phase,non_lateral_balance_or_phase
lateral,lateral,target_diagonal_primary,242,257,0,0,1,1,lateral_heading_drift,non_lateral_balance_or_phase
lateral,lateral,target_diagonal_primary,242,258,0,0,1,1,lateral_heading_drift,lateral_heading_drift
lateral,lateral,target_diagonal_primary,242,259,0,0,1,1,non_lateral_high_cbf_demand,lateral_heading_drift
lateral,lateral,target_diagonal_primary,242,260,0,0,1,1,lateral_heading_drift,lateral_heading_drift
lateral,lateral,target_diagonal_primary,242,261,0,0,1,1,lateral_heading_drift,lateral_heading_drift
lateral,lateral,target_diagonal_primary,242,262,0,1,1,0,lateral_heading_drift,success
lateral,lateral,target_diagonal_primary,242,263,0,1,1,0,lateral_heading_drift,success
lateral,lateral,target_diagonal_primary,242,264,1,0,0,1,success,lateral_heading_drift
lateral,lateral,target_diagonal_primary,242,265,0,1,1,0,lateral_heading_drift,success
lateral,lateral,target_diagonal_primary,242,266,1,0,0,1,success,lateral_heading_drift
lateral,lateral,target_diagonal_primary,242,267,1,1,0,0,success,success
lateral,lateral,target_diagonal_primary,242,268,1,1,0,0,success,success
lateral,lateral,target_diagonal_primary,242,269,1,1,0,0,success,success
lateral,lateral,target_diagonal_primary,242,270,1,1,0,0,success,success
lateral,lateral,target_diagonal_primary,242,271,1,0,0,1,success,lateral_heading_drift
lateral,lateral,target_diagonal_primary,242,272,0,0,1,1,lateral_heading_drift,lateral_heading_drift
lateral,lateral,target_diagonal_primary,242,273,0,1,1,0,lateral_heading_drift,success
lateral,lateral,target_diagonal_primary,242,274,0,1,1,0,lateral_heading_drift,success
lateral,lateral,target_diagonal_primary,242,275,1,0,0,1,success,lateral_heading_drift
lateral,lateral,target_diagonal_primary,242,276,0,0,1,1,lateral_heading_drift,lateral_heading_drift
lateral,lateral,target_diagonal_primary,242,277,0,1,1,0,lateral_heading_drift,success
lateral,lateral,target_diagonal_primary,242,278,1,1,0,0,success,success
lateral,lateral,target_diagonal_primary,242,279,1,1,0,0,success,success
lateral,lateral,target_diagonal_primary,242,280,0,0,1,1,lateral_heading_drift,lateral_heading_drift
lateral,lateral,target_diagonal_primary,242,281,1,1,0,0,success,success
lateral,lateral,target_diagonal_primary,242,282,0,1,1,0,lateral_heading_drift,success
lateral,lateral,target_diagonal_primary,242,283,0,1,1,0,lateral_heading_drift,success
lateral,lateral,target_diagonal_primary,242,284,1,1,0,0,success,success
lateral,lateral,target_diagonal_primary,242,285,0,0,1,1,lateral_heading_drift,lateral_heading_drift
lateral,lateral,target_diagonal_primary,242,286,1,1,0,0,success,success
lateral,lateral,target_diagonal_primary,242,287,1,1,0,0,success,success
lateral,lateral,target_diagonal_primary,242,288,1,1,0,0,success,success
lateral,lateral,target_diagonal_primary,242,289,1,1,0,0,success,success
lateral,lateral,target_diagonal_primary,242,290,1,1,0,0,success,success
lateral,lateral,target_diagonal_primary,242,291,1,1,0,0,success,success
lateral,lateral,target_diagonal_primary,242,292,1,1,0,0,success,success
lateral,lateral,target_diagonal_primary,242,293,1,1,0,0,success,success
lateral,lateral,target_diagonal_primary,242,294,1,1,0,0,success,success
lateral,lateral,target_diagonal_primary,242,295,1,1,0,0,success,success
lateral,lateral,target_diagonal_primary,242,296,1,1,0,0,success,success
lateral,lateral,target_diagonal_primary,242,297,1,1,0,0,success,success
lateral,lateral,target_diagonal_primary,242,298,1,1,0,0,success,success
lateral,lateral,target_diagonal_primary,242,299,1,1,0,0,success,success
lateral,lateral,target_diagonal_primary,242,300,1,1,0,0,success,success
lateral,lateral,target_diagonal_primary,242,301,1,0,0,1,success,lateral_heading_drift
lateral,lateral,target_diagonal_primary,242,302,0,0,1,1,lateral_heading_drift,lateral_heading_drift
lateral,lateral,target_diagonal_primary,242,303,1,1,0,0,success,success
lateral,lateral,target_diagonal_primary,242,304,1,1,0,0,success,success
lateral,lateral,target_diagonal_primary,242,305,1,1,0,0,success,success
lateral,lateral,target_diagonal_primary,242,306,1,1,0,0,success,success
lateral,lateral,target_diagonal_primary,242,307,1,0,0,1,success,lateral_heading_drift
lateral,lateral,target_diagonal_primary,242,308,0,0,1,1,lateral_heading_drift,lateral_heading_drift
lateral,lateral,target_diagonal_primary,242,309,0,1,1,0,lateral_heading_drift,success
lateral,lateral,target_diagonal_primary,242,310,1,1,0,0,success,success
lateral,lateral,target_diagonal_primary,242,311,1,1,0,0,success,success
lateral,lateral,target_diagonal_primary,242,312,1,1,0,0,success,success
lateral,lateral,target_diagonal_primary,242,313,0,1,1,0,non_lateral_high_cbf_demand,success
lateral,lateral,target_diagonal_primary,242,314,0,1,1,0,lateral_heading_drift,success
lateral,lateral,target_diagonal_primary,242,315,1,0,0,1,success,lateral_heading_drift
lateral,lateral,target_diagonal_primary,242,316,1,1,0,0,success,success
lateral,lateral,target_diagonal_primary,242,317,1,1,0,0,success,success
lateral,lateral,target_diagonal_primary,242,318,1,1,0,0,success,success
lateral,lateral,target_diagonal_primary,242,319,1,1,0,0,success,success
lateral,lateral,target_diagonal_primary,242,320,0,1,1,0,lateral_heading_drift,success
lateral,lateral,target_diagonal_primary,242,321,0,1,1,0,lateral_heading_drift,success
lateral,lateral,target_diagonal_primary,242,322,1,1,0,0,success,success
lateral,lateral,target_diagonal_primary,242,323,1,1,0,0,success,success
lateral,lateral,target_diagonal_primary,242,324,1,1,0,0,success,success
lateral,lateral,target_diagonal_primary,242,325,1,1,0,0,success,success
lateral,lateral,target_diagonal_primary,242,326,1,1,0,0,success,success
lateral,lateral,target_diagonal_primary,242,327,1,1,0,0,success,success
lateral,lateral,target_diagonal_primary,242,328,0,1,1,0,lateral_heading_drift,success
lateral,lateral,target_diagonal_primary,242,329,1,1,0,0,success,success
lateral,lateral,target_diagonal_primary,242,330,1,1,0,0,success,success
lateral,lateral,target_diagonal_primary,242,331,1,1,0,0,success,success
lateral,lateral,target_diagonal_primary,242,332,0,1,1,0,lateral_heading_drift,success
lateral,lateral,target_diagonal_primary,242,333,1,1,0,0,success,success
lateral,lateral,target_diagonal_primary,242,334,1,1,0,0,success,success
lateral,lateral,target_diagonal_primary,242,335,1,1,0,0,success,success
lateral,lateral,target_diagonal_primary,242,336,1,1,0,0,success,success
lateral,lateral,target_diagonal_primary,242,337,1,1,0,0,success,success
lateral,lateral,target_diagonal_primary,242,338,1,1,0,0,success,success
lateral,lateral,target_diagonal_primary,242,339,1,1,0,0,success,success
lateral,lateral,target_diagonal_primary,242,340,1,1,0,0,success,success
lateral,lateral,target_diagonal_primary,242,341,1,0,0,1,success,lateral_heading_drift
lateral,lateral,target_diagonal_primary,242,342,1,1,0,0,success,success
lateral,lateral,target_diagonal_primary,242,343,1,1,0,0,success,success
lateral,lateral,target_diagonal_primary,242,344,1,1,0,0,success,success
lateral,lateral,target_diagonal_primary,242,345,1,1,0,0,success,success
lateral,lateral,target_diagonal_primary,242,346,1,1,0,0,success,success
lateral,lateral,target_diagonal_primary,242,347,1,1,0,0,success,success
lateral,lateral,target_diagonal_primary,242,348,1,1,0,0,success,success
lateral,lateral,target_diagonal_primary,242,349,1,0,0,1,success,lateral_heading_drift
lateral,lateral,target_diagonal_primary,242,350,1,1,0,0,success,success
lateral,lateral,target_diagonal_primary,242,351,1,1,0,0,success,success
lateral,lateral,target_diagonal_primary,242,352,0,0,1,1,lateral_heading_drift,lateral_heading_drift
lateral,lateral,target_diagonal_primary,242,353,1,1,0,0,success,success
lateral,lateral,target_diagonal_primary,242,354,1,1,0,0,success,success
lateral,lateral,target_diagonal_primary,242,355,1,1,0,0,success,success
lateral,lateral,target_diagonal_primary,242,356,1,1,0,0,success,success
lateral,lateral,target_diagonal_primary,242,357,1,0,0,1,success,lateral_heading_drift
lateral,lateral,target_diagonal_primary,242,358,1,1,0,0,success,success
lateral,lateral,target_diagonal_primary,242,359,1,1,0,0,success,success
lateral,lateral,target_diagonal_primary,242,360,1,1,0,0,success,success
lateral,lateral,target_diagonal_primary,242,361,1,1,0,0,success,success
lateral,lateral,target_diagonal_primary,242,362,1,1,0,0,success,success
lateral,lateral,target_diagonal_primary,242,363,1,1,0,0,success,success
lateral,lateral,target_diagonal_primary,242,364,1,1,0,0,success,success
lateral,lateral,target_diagonal_primary,242,365,1,1,0,0,success,success
lateral,lateral,target_diagonal_primary,242,366,1,1,0,0,success,success
lateral,lateral,target_diagonal_primary,242,367,1,1,0,0,success,success
lateral,lateral,target_diagonal_primary,242,368,1,1,0,0,success,success
lateral,lateral,target_diagonal_primary,242,369,1,1,0,0,success,success
lateral,lateral,target_diagonal_primary,242,370,1,1,0,0,success,success
lateral,lateral,target_diagonal_primary,242,371,1,1,0,0,success,success
lateral,lateral,target_diagonal_primary,242,372,1,1,0,0,success,success
lateral,lateral,target_diagonal_primary,242,373,0,0,1,1,lateral_heading_drift,lateral_heading_drift
lateral,lateral,target_diagonal_primary,242,374,1,1,0,0,success,success
lateral,lateral,target_diagonal_primary,242,375,1,1,0,0,success,success
lateral,lateral,target_diagonal_primary,242,376,1,1,0,0,success,success
lateral,lateral,target_diagonal_primary,242,377,1,1,0,0,success,success
lateral,lateral,target_diagonal_primary,242,378,1,1,0,0,success,success
lateral,lateral,target_diagonal_primary,242,379,0,1,1,0,lateral_heading_drift,success
lateral,lateral,target_diagonal_primary,242,380,1,1,0,0,success,success
lateral,lateral,target_diagonal_primary,242,381,1,1,0,0,success,success
lateral,lateral,target_diagonal_primary,242,382,1,1,0,0,success,success
lateral,lateral,target_diagonal_primary,242,383,0,0,1,1,lateral_heading_drift,lateral_heading_drift
lateral,lateral,target_diagonal_primary,242,384,0,0,1,1,lateral_heading_drift,non_lateral_high_cbf_demand
lateral,lateral,target_diagonal_primary,242,385,0,0,1,1,lateral_heading_drift,non_lateral_high_cbf_demand
lateral,lateral,target_diagonal_primary,242,386,0,0,1,1,lateral_heading_drift,lateral_heading_drift
lateral,lateral,target_diagonal_primary,242,387,0,0,1,1,lateral_heading_drift,lateral_heading_drift
lateral,lateral,target_diagonal_primary,242,388,0,0,1,1,lateral_heading_drift,lateral_heading_drift
lateral,lateral,target_diagonal_primary,242,389,0,0,1,1,non_lateral_high_cbf_demand,lateral_heading_drift
lateral,lateral,target_diagonal_primary,242,390,0,0,1,1,lateral_heading_drift,lateral_heading_drift
lateral,lateral,target_diagonal_primary,242,391,0,0,1,1,non_lateral_high_cbf_demand,lateral_heading_drift
lateral,lateral,target_diagonal_primary,242,392,0,0,1,1,non_lateral_high_cbf_demand,lateral_heading_drift
lateral,lateral,target_diagonal_primary,242,393,0,0,1,1,lateral_heading_drift,lateral_heading_drift
lateral,lateral,target_diagonal_primary,242,394,0,0,1,1,lateral_heading_drift,lateral_heading_drift
lateral,lateral,target_diagonal_primary,242,395,0,1,1,0,lateral_heading_drift,success
lateral,lateral,target_diagonal_primary,242,396,0,1,1,0,lateral_heading_drift,success
lateral,lateral,target_diagonal_primary,242,397,0,1,1,0,lateral_heading_drift,success
lateral,lateral,target_diagonal_primary,242,398,0,1,1,0,non_lateral_high_cbf_demand,success
lateral,lateral,target_diagonal_primary,242,399,1,1,0,0,success,success
lateral,lateral,target_diagonal_primary,242,400,0,1,1,0,lateral_heading_drift,success
lateral,lateral,target_diagonal_primary,242,401,1,0,0,1,success,lateral_heading_drift
lateral,lateral,target_diagonal_primary,242,402,0,0,1,1,lateral_heading_drift,lateral_heading_drift
lateral,lateral,target_diagonal_primary,242,403,0,1,1,0,lateral_heading_drift,success
lateral,lateral,target_diagonal_primary,242,404,0,1,1,0,lateral_heading_drift,success
lateral,lateral,target_diagonal_primary,242,405,1,1,0,0,success,success
lateral,lateral,target_diagonal_primary,242,406,0,0,1,1,lateral_heading_drift,lateral_heading_drift
lateral,lateral,target_diagonal_primary,242,407,0,1,1,0,lateral_heading_drift,success
lateral,lateral,target_diagonal_primary,242,408,1,1,0,0,success,success
lateral,lateral,target_diagonal_primary,242,409,1,1,0,0,success,success
lateral,lateral,target_diagonal_primary,242,410,0,1,1,0,lateral_heading_drift,success
lateral,lateral,target_diagonal_primary,242,411,0,0,1,1,lateral_heading_drift,lateral_heading_drift
lateral,lateral,target_diagonal_primary,242,412,1,1,0,0,success,success
lateral,lateral,target_diagonal_primary,242,413,1,1,0,0,success,success
lateral,lateral,target_diagonal_primary,242,414,1,1,0,0,success,success
lateral,lateral,target_diagonal_primary,242,415,1,1,0,0,success,success
lateral,lateral,target_diagonal_primary,242,416,1,1,0,0,success,success
lateral,lateral,target_diagonal_primary,242,417,1,1,0,0,success,success
lateral,lateral,target_diagonal_primary,242,418,1,1,0,0,success,success
lateral,lateral,target_diagonal_primary,242,419,1,1,0,0,success,success
lateral,lateral,target_diagonal_primary,242,420,1,0,0,1,success,lateral_heading_drift
lateral,lateral,target_diagonal_primary,242,421,1,1,0,0,success,success
lateral,lateral,target_diagonal_primary,242,422,1,1,0,0,success,success
lateral,lateral,target_diagonal_primary,242,423,1,1,0,0,success,success
lateral,lateral,target_diagonal_primary,242,424,1,1,0,0,success,success
lateral,lateral,target_diagonal_primary,242,425,1,1,0,0,success,success
lateral,lateral,target_diagonal_primary,242,426,1,1,0,0,success,success
lateral,lateral,target_diagonal_primary,242,427,1,0,0,1,success,lateral_heading_drift
lateral,lateral,target_diagonal_primary,242,428,1,1,0,0,success,success
lateral,lateral,target_diagonal_primary,242,429,1,1,0,0,success,success
lateral,lateral,target_diagonal_primary,242,430,1,1,0,0,success,success
lateral,lateral,target_diagonal_primary,242,431,1,1,0,0,success,success
lateral,lateral,target_diagonal_primary,242,432,1,1,0,0,success,success
lateral,lateral,target_diagonal_primary,242,433,1,1,0,0,success,success
lateral,lateral,target_diagonal_primary,242,434,1,1,0,0,success,success
lateral,lateral,target_diagonal_primary,242,435,1,1,0,0,success,success
lateral,lateral,target_diagonal_primary,242,436,1,1,0,0,success,success
lateral,lateral,target_diagonal_primary,242,437,1,0,0,1,success,lateral_heading_drift
lateral,lateral,target_diagonal_primary,242,438,0,1,1,0,lateral_heading_drift,success
lateral,lateral,target_diagonal_primary,242,439,0,0,1,1,lateral_heading_drift,lateral_heading_drift
lateral,lateral,target_diagonal_primary,242,440,1,1,0,0,success,success
lateral,lateral,target_diagonal_primary,242,441,1,1,0,0,success,success
lateral,lateral,target_diagonal_primary,242,442,1,0,0,1,success,lateral_heading_drift
lateral,lateral,target_diagonal_primary,242,443,0,1,1,0,lateral_heading_drift,success
lateral,lateral,target_diagonal_primary,242,444,0,1,1,0,lateral_heading_drift,success
lateral,lateral,target_diagonal_primary,242,445,1,0,0,1,success,lateral_heading_drift
lateral,lateral,target_diagonal_primary,242,446,0,0,1,1,lateral_heading_drift,lateral_heading_drift
lateral,lateral,target_diagonal_primary,242,447,1,1,0,0,success,success
lateral,lateral,target_diagonal_primary,242,448,1,1,0,0,success,success
lateral,lateral,target_diagonal_primary,242,449,1,1,0,0,success,success
lateral,lateral,target_diagonal_primary,242,450,1,1,0,0,success,success
lateral,lateral,target_diagonal_primary,242,451,1,1,0,0,success,success
lateral,lateral,target_diagonal_primary,242,452,0,1,1,0,lateral_heading_drift,success
lateral,lateral,target_diagonal_primary,242,453,1,1,0,0,success,success
lateral,lateral,target_diagonal_primary,242,454,1,1,0,0,success,success
lateral,lateral,target_diagonal_primary,242,455,1,1,0,0,success,success
lateral,lateral,target_diagonal_primary,242,456,1,1,0,0,success,success
lateral,lateral,target_diagonal_primary,242,457,1,1,0,0,success,success
lateral,lateral,target_diagonal_primary,242,458,1,1,0,0,success,success
lateral,lateral,target_diagonal_primary,242,459,1,1,0,0,success,success
lateral,lateral,target_diagonal_primary,242,460,1,1,0,0,success,success
lateral,lateral,target_diagonal_primary,242,461,1,1,0,0,success,success
lateral,lateral,target_diagonal_primary,242,462,0,1,1,0,lateral_heading_drift,success
lateral,lateral,target_diagonal_primary,242,463,1,1,0,0,success,success
lateral,lateral,target_diagonal_primary,242,464,1,1,0,0,success,success
lateral,lateral,target_diagonal_primary,242,465,1,1,0,0,success,success
lateral,lateral,target_diagonal_primary,242,466,1,1,0,0,success,success
lateral,lateral,target_diagonal_primary,242,467,1,0,0,1,success,lateral_heading_drift
lateral,lateral,target_diagonal_primary,242,468,1,1,0,0,success,success
lateral,lateral,target_diagonal_primary,242,469,1,1,0,0,success,success
lateral,lateral,target_diagonal_primary,242,470,1,1,0,0,success,success
lateral,lateral,target_diagonal_primary,242,471,1,1,0,0,success,success
lateral,lateral,target_diagonal_primary,242,472,1,1,0,0,success,success
lateral,lateral,target_diagonal_primary,242,473,1,1,0,0,success,success
lateral,lateral,target_diagonal_primary,242,474,1,1,0,0,success,success
lateral,lateral,target_diagonal_primary,242,475,1,1,0,0,success,success
lateral,lateral,target_diagonal_primary,242,476,1,1,0,0,success,success
lateral,lateral,target_diagonal_primary,242,477,1,1,0,0,success,success
lateral,lateral,target_diagonal_primary,242,478,0,1,1,0,lateral_heading_drift,success
lateral,lateral,target_diagonal_primary,242,479,1,0,0,1,success,lateral_heading_drift
lateral,lateral,target_diagonal_primary,242,480,1,1,0,0,success,success
lateral,lateral,target_diagonal_primary,242,481,1,1,0,0,success,success
lateral,lateral,target_diagonal_primary,242,482,1,1,0,0,success,success
lateral,lateral,target_diagonal_primary,242,483,1,1,0,0,success,success
lateral,lateral,target_diagonal_primary,242,484,1,1,0,0,success,success
lateral,lateral,target_diagonal_primary,242,485,1,0,0,1,success,lateral_heading_drift
lateral,lateral,target_diagonal_primary,242,486,1,1,0,0,success,success
lateral,lateral,target_diagonal_primary,242,487,0,0,1,1,lateral_heading_drift,lateral_heading_drift
lateral,lateral,target_diagonal_primary,242,488,1,1,0,0,success,success
lateral,lateral,target_diagonal_primary,242,489,1,1,0,0,success,success
lateral,lateral,target_diagonal_primary,242,490,1,1,0,0,success,success
lateral,lateral,target_diagonal_primary,242,491,1,1,0,0,success,success
lateral,lateral,target_diagonal_primary,242,492,1,1,0,0,success,success
lateral,lateral,target_diagonal_primary,242,493,1,1,0,0,success,success
lateral,lateral,target_diagonal_primary,242,494,0,1,1,0,lateral_heading_drift,success
lateral,lateral,target_diagonal_primary,242,495,1,1,0,0,success,success
lateral,lateral,target_diagonal_primary,242,496,1,1,0,0,success,success
lateral,lateral,target_diagonal_primary,242,497,1,1,0,0,success,success
lateral,lateral,target_diagonal_primary,242,498,1,1,0,0,success,success
lateral,lateral,target_diagonal_primary,242,499,1,1,0,0,success,success
lateral,lateral,target_diagonal_primary,242,500,0,1,1,0,lateral_heading_drift,success
lateral,lateral,target_diagonal_primary,242,501,1,1,0,0,success,success
lateral,lateral,target_diagonal_primary,242,502,0,1,1,0,lateral_heading_drift,success
lateral,lateral,target_diagonal_primary,242,503,1,1,0,0,success,success
lateral,lateral,target_diagonal_primary,242,504,1,1,0,0,success,success
lateral,lateral,target_diagonal_primary,242,505,1,1,0,0,success,success
lateral,lateral,target_diagonal_primary,242,506,1,1,0,0,success,success
lateral,lateral,target_diagonal_primary,242,507,1,0,0,1,success,lateral_heading_drift
lateral,lateral,target_diagonal_primary,242,508,1,1,0,0,success,success
lateral,lateral,target_diagonal_primary,242,509,1,1,0,0,success,success
lateral,lateral,target_diagonal_primary,242,510,1,1,0,0,success,success
lateral,lateral,target_diagonal_primary,242,511,1,1,0,0,success,success
lateral,D0,d0_sanity,242,0,0,1,1,0,non_lateral_balance_or_phase,success
lateral,D0,d0_sanity,242,1,0,1,1,0,non_lateral_high_cbf_demand,success
lateral,D0,d0_sanity,242,2,1,1,0,0,success,success
lateral,D0,d0_sanity,242,3,1,1,0,0,success,success
lateral,D0,d0_sanity,242,4,1,1,0,0,success,success
lateral,D0,d0_sanity,242,5,1,1,0,0,success,success
lateral,D0,d0_sanity,242,6,1,1,0,0,success,success
lateral,D0,d0_sanity,242,7,1,1,0,0,success,success
lateral,D0,d0_sanity,242,8,1,1,0,0,success,success
lateral,D0,d0_sanity,242,9,1,1,0,0,success,success
lateral,D0,d0_sanity,242,10,1,1,0,0,success,success
lateral,D0,d0_sanity,242,11,1,1,0,0,success,success
lateral,D0,d0_sanity,242,12,1,1,0,0,success,success
lateral,D0,d0_sanity,242,13,1,1,0,0,success,success
lateral,D0,d0_sanity,242,14,1,1,0,0,success,success
lateral,D0,d0_sanity,242,15,1,1,0,0,success,success
lateral,D0,d0_sanity,242,16,1,1,0,0,success,success
lateral,D0,d0_sanity,242,17,1,1,0,0,success,success
lateral,D0,d0_sanity,242,18,1,1,0,0,success,success
lateral,D0,d0_sanity,242,19,1,1,0,0,success,success
lateral,D0,d0_sanity,242,20,1,1,0,0,success,success
lateral,D0,d0_sanity,242,21,1,1,0,0,success,success
lateral,D0,d0_sanity,242,22,1,1,0,0,success,success
lateral,D0,d0_sanity,242,23,1,1,0,0,success,success
lateral,D0,d0_sanity,242,24,1,1,0,0,success,success
lateral,D0,d0_sanity,242,25,1,1,0,0,success,success
lateral,D0,d0_sanity,242,26,1,1,0,0,success,success
lateral,D0,d0_sanity,242,27,1,1,0,0,success,success
lateral,D0,d0_sanity,242,28,1,1,0,0,success,success
lateral,D0,d0_sanity,242,29,1,1,0,0,success,success
lateral,D0,d0_sanity,242,30,1,1,0,0,success,success
lateral,D0,d0_sanity,242,31,1,1,0,0,success,success
lateral,D0,d0_sanity,242,32,1,1,0,0,success,success
lateral,D0,d0_sanity,242,33,1,1,0,0,success,success
lateral,D0,d0_sanity,242,34,1,1,0,0,success,success
lateral,D0,d0_sanity,242,35,1,1,0,0,success,success
lateral,D0,d0_sanity,242,36,1,1,0,0,success,success
lateral,D0,d0_sanity,242,37,1,1,0,0,success,success
lateral,D0,d0_sanity,242,38,1,1,0,0,success,success
lateral,D0,d0_sanity,242,39,1,1,0,0,success,success
lateral,D0,d0_sanity,242,40,1,1,0,0,success,success
lateral,D0,d0_sanity,242,41,1,1,0,0,success,success
lateral,D0,d0_sanity,242,42,1,1,0,0,success,success
lateral,D0,d0_sanity,242,43,1,1,0,0,success,success
lateral,D0,d0_sanity,242,44,1,1,0,0,success,success
lateral,D0,d0_sanity,242,45,1,1,0,0,success,success
lateral,D0,d0_sanity,242,46,1,1,0,0,success,success
lateral,D0,d0_sanity,242,47,1,1,0,0,success,success
lateral,D0,d0_sanity,242,48,1,1,0,0,success,success
lateral,D0,d0_sanity,242,49,1,1,0,0,success,success
lateral,D0,d0_sanity,242,50,1,1,0,0,success,success
lateral,D0,d0_sanity,242,51,1,1,0,0,success,success
lateral,D0,d0_sanity,242,52,1,1,0,0,success,success
lateral,D0,d0_sanity,242,53,1,1,0,0,success,success
lateral,D0,d0_sanity,242,54,1,1,0,0,success,success
lateral,D0,d0_sanity,242,55,1,1,0,0,success,success
lateral,D0,d0_sanity,242,56,1,1,0,0,success,success
lateral,D0,d0_sanity,242,57,1,1,0,0,success,success
lateral,D0,d0_sanity,242,58,1,1,0,0,success,success
lateral,D0,d0_sanity,242,59,1,1,0,0,success,success
lateral,D0,d0_sanity,242,60,1,1,0,0,success,success
lateral,D0,d0_sanity,242,61,1,1,0,0,success,success
lateral,D0,d0_sanity,242,62,1,1,0,0,success,success
lateral,D0,d0_sanity,242,63,1,1,0,0,success,success
lateral,D0,d0_sanity,242,64,1,1,0,0,success,success
lateral,D0,d0_sanity,242,65,1,1,0,0,success,success
lateral,D0,d0_sanity,242,66,1,1,0,0,success,success
lateral,D0,d0_sanity,242,67,1,1,0,0,success,success
lateral,D0,d0_sanity,242,68,1,1,0,0,success,success
lateral,D0,d0_sanity,242,69,1,1,0,0,success,success
lateral,D0,d0_sanity,242,70,1,1,0,0,success,success
lateral,D0,d0_sanity,242,71,1,1,0,0,success,success
lateral,D0,d0_sanity,242,72,1,1,0,0,success,success
lateral,D0,d0_sanity,242,73,1,1,0,0,success,success
lateral,D0,d0_sanity,242,74,1,1,0,0,success,success
lateral,D0,d0_sanity,242,75,1,1,0,0,success,success
lateral,D0,d0_sanity,242,76,1,1,0,0,success,success
lateral,D0,d0_sanity,242,77,1,1,0,0,success,success
lateral,D0,d0_sanity,242,78,1,1,0,0,success,success
lateral,D0,d0_sanity,242,79,1,1,0,0,success,success
lateral,D0,d0_sanity,242,80,1,1,0,0,success,success
lateral,D0,d0_sanity,242,81,1,1,0,0,success,success
lateral,D0,d0_sanity,242,82,1,1,0,0,success,success
lateral,D0,d0_sanity,242,83,1,1,0,0,success,success
lateral,D0,d0_sanity,242,84,1,1,0,0,success,success
lateral,D0,d0_sanity,242,85,1,1,0,0,success,success
lateral,D0,d0_sanity,242,86,1,1,0,0,success,success
lateral,D0,d0_sanity,242,87,1,1,0,0,success,success
lateral,D0,d0_sanity,242,88,1,1,0,0,success,success
lateral,D0,d0_sanity,242,89,1,1,0,0,success,success
lateral,D0,d0_sanity,242,90,1,1,0,0,success,success
lateral,D0,d0_sanity,242,91,1,1,0,0,success,success
lateral,D0,d0_sanity,242,92,1,1,0,0,success,success
lateral,D0,d0_sanity,242,93,1,1,0,0,success,success
lateral,D0,d0_sanity,242,94,1,1,0,0,success,success
lateral,D0,d0_sanity,242,95,1,1,0,0,success,success
lateral,D0,d0_sanity,242,96,1,1,0,0,success,success
lateral,D0,d0_sanity,242,97,1,1,0,0,success,success
lateral,D0,d0_sanity,242,98,1,1,0,0,success,success
lateral,D0,d0_sanity,242,99,1,1,0,0,success,success
lateral,D0,d0_sanity,242,100,1,1,0,0,success,success
lateral,D0,d0_sanity,242,101,1,1,0,0,success,success
lateral,D0,d0_sanity,242,102,1,1,0,0,success,success
lateral,D0,d0_sanity,242,103,1,1,0,0,success,success
lateral,D0,d0_sanity,242,104,1,1,0,0,success,success
lateral,D0,d0_sanity,242,105,1,1,0,0,success,success
lateral,D0,d0_sanity,242,106,1,1,0,0,success,success
lateral,D0,d0_sanity,242,107,1,1,0,0,success,success
lateral,D0,d0_sanity,242,108,1,1,0,0,success,success
lateral,D0,d0_sanity,242,109,1,1,0,0,success,success
lateral,D0,d0_sanity,242,110,1,1,0,0,success,success
lateral,D0,d0_sanity,242,111,1,1,0,0,success,success
lateral,D0,d0_sanity,242,112,1,1,0,0,success,success
lateral,D0,d0_sanity,242,113,1,1,0,0,success,success
lateral,D0,d0_sanity,242,114,1,1,0,0,success,success
lateral,D0,d0_sanity,242,115,1,1,0,0,success,success
lateral,D0,d0_sanity,242,116,1,1,0,0,success,success
lateral,D0,d0_sanity,242,117,1,1,0,0,success,success
lateral,D0,d0_sanity,242,118,1,1,0,0,success,success
lateral,D0,d0_sanity,242,119,1,1,0,0,success,success
lateral,D0,d0_sanity,242,120,1,1,0,0,success,success
lateral,D0,d0_sanity,242,121,1,1,0,0,success,success
lateral,D0,d0_sanity,242,122,1,1,0,0,success,success
lateral,D0,d0_sanity,242,123,0,0,0,0,timeout_or_other_nonfall,timeout_or_other_nonfall
lateral,D0,d0_sanity,242,124,0,0,0,0,timeout_or_other_nonfall,timeout_or_other_nonfall
lateral,D0,d0_sanity,242,125,0,0,0,0,timeout_or_other_nonfall,timeout_or_other_nonfall
lateral,D0,d0_sanity,242,126,0,0,0,0,timeout_or_other_nonfall,timeout_or_other_nonfall
lateral,D0,d0_sanity,242,127,0,0,0,0,timeout_or_other_nonfall,timeout_or_other_nonfall
lateral,D0,d0_sanity,242,128,0,1,1,0,non_lateral_balance_or_phase,success
lateral,D0,d0_sanity,242,129,1,1,0,0,success,success
lateral,D0,d0_sanity,242,130,1,1,0,0,success,success
lateral,D0,d0_sanity,242,131,1,1,0,0,success,success
lateral,D0,d0_sanity,242,132,1,1,0,0,success,success
lateral,D0,d0_sanity,242,133,1,0,0,1,success,non_lateral_high_cbf_demand
lateral,D0,d0_sanity,242,134,1,1,0,0,success,success
lateral,D0,d0_sanity,242,135,1,1,0,0,success,success
lateral,D0,d0_sanity,242,136,1,1,0,0,success,success
lateral,D0,d0_sanity,242,137,1,1,0,0,success,success
lateral,D0,d0_sanity,242,138,1,1,0,0,success,success
lateral,D0,d0_sanity,242,139,1,1,0,0,success,success
lateral,D0,d0_sanity,242,140,1,1,0,0,success,success
lateral,D0,d0_sanity,242,141,1,1,0,0,success,success
lateral,D0,d0_sanity,242,142,1,1,0,0,success,success
lateral,D0,d0_sanity,242,143,1,1,0,0,success,success
lateral,D0,d0_sanity,242,144,1,1,0,0,success,success
lateral,D0,d0_sanity,242,145,1,1,0,0,success,success
lateral,D0,d0_sanity,242,146,1,1,0,0,success,success
lateral,D0,d0_sanity,242,147,1,1,0,0,success,success
lateral,D0,d0_sanity,242,148,1,1,0,0,success,success
lateral,D0,d0_sanity,242,149,1,1,0,0,success,success
lateral,D0,d0_sanity,242,150,1,1,0,0,success,success
lateral,D0,d0_sanity,242,151,1,1,0,0,success,success
lateral,D0,d0_sanity,242,152,1,1,0,0,success,success
lateral,D0,d0_sanity,242,153,1,1,0,0,success,success
lateral,D0,d0_sanity,242,154,1,1,0,0,success,success
lateral,D0,d0_sanity,242,155,1,1,0,0,success,success
lateral,D0,d0_sanity,242,156,1,1,0,0,success,success
lateral,D0,d0_sanity,242,157,1,1,0,0,success,success
lateral,D0,d0_sanity,242,158,1,1,0,0,success,success
lateral,D0,d0_sanity,242,159,1,1,0,0,success,success
lateral,D0,d0_sanity,242,160,1,1,0,0,success,success
lateral,D0,d0_sanity,242,161,1,1,0,0,success,success
lateral,D0,d0_sanity,242,162,1,1,0,0,success,success
lateral,D0,d0_sanity,242,163,1,1,0,0,success,success
lateral,D0,d0_sanity,242,164,1,1,0,0,success,success
lateral,D0,d0_sanity,242,165,1,1,0,0,success,success
lateral,D0,d0_sanity,242,166,1,1,0,0,success,success
lateral,D0,d0_sanity,242,167,1,1,0,0,success,success
lateral,D0,d0_sanity,242,168,1,1,0,0,success,success
lateral,D0,d0_sanity,242,169,1,1,0,0,success,success
lateral,D0,d0_sanity,242,170,1,1,0,0,success,success
lateral,D0,d0_sanity,242,171,1,1,0,0,success,success
lateral,D0,d0_sanity,242,172,1,1,0,0,success,success
lateral,D0,d0_sanity,242,173,1,1,0,0,success,success
lateral,D0,d0_sanity,242,174,1,1,0,0,success,success
lateral,D0,d0_sanity,242,175,1,1,0,0,success,success
lateral,D0,d0_sanity,242,176,1,1,0,0,success,success
lateral,D0,d0_sanity,242,177,1,1,0,0,success,success
lateral,D0,d0_sanity,242,178,1,1,0,0,success,success
lateral,D0,d0_sanity,242,179,1,1,0,0,success,success
lateral,D0,d0_sanity,242,180,1,1,0,0,success,success
lateral,D0,d0_sanity,242,181,1,1,0,0,success,success
lateral,D0,d0_sanity,242,182,1,1,0,0,success,success
lateral,D0,d0_sanity,242,183,1,1,0,0,success,success
lateral,D0,d0_sanity,242,184,1,1,0,0,success,success
lateral,D0,d0_sanity,242,185,1,1,0,0,success,success
lateral,D0,d0_sanity,242,186,1,1,0,0,success,success
lateral,D0,d0_sanity,242,187,1,1,0,0,success,success
lateral,D0,d0_sanity,242,188,1,1,0,0,success,success
lateral,D0,d0_sanity,242,189,1,1,0,0,success,success
lateral,D0,d0_sanity,242,190,1,1,0,0,success,success
lateral,D0,d0_sanity,242,191,1,1,0,0,success,success
lateral,D0,d0_sanity,242,192,1,1,0,0,success,success
lateral,D0,d0_sanity,242,193,1,1,0,0,success,success
lateral,D0,d0_sanity,242,194,1,1,0,0,success,success
lateral,D0,d0_sanity,242,195,1,1,0,0,success,success
lateral,D0,d0_sanity,242,196,1,1,0,0,success,success
lateral,D0,d0_sanity,242,197,1,1,0,0,success,success
lateral,D0,d0_sanity,242,198,1,1,0,0,success,success
lateral,D0,d0_sanity,242,199,1,1,0,0,success,success
lateral,D0,d0_sanity,242,200,1,1,0,0,success,success
lateral,D0,d0_sanity,242,201,1,1,0,0,success,success
lateral,D0,d0_sanity,242,202,1,1,0,0,success,success
lateral,D0,d0_sanity,242,203,1,1,0,0,success,success
lateral,D0,d0_sanity,242,204,1,1,0,0,success,success
lateral,D0,d0_sanity,242,205,1,1,0,0,success,success
lateral,D0,d0_sanity,242,206,1,1,0,0,success,success
lateral,D0,d0_sanity,242,207,1,1,0,0,success,success
lateral,D0,d0_sanity,242,208,1,1,0,0,success,success
lateral,D0,d0_sanity,242,209,1,1,0,0,success,success
lateral,D0,d0_sanity,242,210,1,1,0,0,success,success
lateral,D0,d0_sanity,242,211,1,1,0,0,success,success
lateral,D0,d0_sanity,242,212,1,1,0,0,success,success
lateral,D0,d0_sanity,242,213,1,1,0,0,success,success
lateral,D0,d0_sanity,242,214,1,1,0,0,success,success
lateral,D0,d0_sanity,242,215,1,1,0,0,success,success
lateral,D0,d0_sanity,242,216,1,1,0,0,success,success
lateral,D0,d0_sanity,242,217,1,1,0,0,success,success
lateral,D0,d0_sanity,242,218,1,1,0,0,success,success
lateral,D0,d0_sanity,242,219,1,1,0,0,success,success
lateral,D0,d0_sanity,242,220,1,1,0,0,success,success
lateral,D0,d0_sanity,242,221,1,1,0,0,success,success
lateral,D0,d0_sanity,242,222,1,1,0,0,success,success
lateral,D0,d0_sanity,242,223,1,1,0,0,success,success
lateral,D0,d0_sanity,242,224,1,1,0,0,success,success
lateral,D0,d0_sanity,242,225,1,1,0,0,success,success
lateral,D0,d0_sanity,242,226,1,1,0,0,success,success
lateral,D0,d0_sanity,242,227,1,1,0,0,success,success
lateral,D0,d0_sanity,242,228,1,1,0,0,success,success
lateral,D0,d0_sanity,242,229,1,1,0,0,success,success
lateral,D0,d0_sanity,242,230,1,1,0,0,success,success
lateral,D0,d0_sanity,242,231,1,1,0,0,success,success
lateral,D0,d0_sanity,242,232,1,1,0,0,success,success
lateral,D0,d0_sanity,242,233,1,1,0,0,success,success
lateral,D0,d0_sanity,242,234,1,1,0,0,success,success
lateral,D0,d0_sanity,242,235,1,1,0,0,success,success
lateral,D0,d0_sanity,242,236,1,1,0,0,success,success
lateral,D0,d0_sanity,242,237,1,1,0,0,success,success
lateral,D0,d0_sanity,242,238,1,1,0,0,success,success
lateral,D0,d0_sanity,242,239,1,1,0,0,success,success
lateral,D0,d0_sanity,242,240,1,1,0,0,success,success
lateral,D0,d0_sanity,242,241,1,1,0,0,success,success
lateral,D0,d0_sanity,242,242,1,1,0,0,success,success
lateral,D0,d0_sanity,242,243,1,1,0,0,success,success
lateral,D0,d0_sanity,242,244,0,1,0,0,timeout_or_other_nonfall,success
lateral,D0,d0_sanity,242,245,0,1,0,0,timeout_or_other_nonfall,success
lateral,D0,d0_sanity,242,246,0,1,0,0,timeout_or_other_nonfall,success
lateral,D0,d0_sanity,242,247,0,1,0,0,timeout_or_other_nonfall,success
lateral,D0,d0_sanity,242,248,0,1,0,0,timeout_or_other_nonfall,success
lateral,D0,d0_sanity,242,249,0,1,0,0,timeout_or_other_nonfall,success
lateral,D0,d0_sanity,242,250,0,0,0,0,timeout_or_other_nonfall,timeout_or_other_nonfall
lateral,D0,d0_sanity,242,251,0,0,0,0,timeout_or_other_nonfall,timeout_or_other_nonfall
lateral,D0,d0_sanity,242,252,0,0,0,0,timeout_or_other_nonfall,timeout_or_other_nonfall
lateral,D0,d0_sanity,242,253,0,0,0,0,timeout_or_other_nonfall,timeout_or_other_nonfall
lateral,D0,d0_sanity,242,254,0,0,0,0,timeout_or_other_nonfall,timeout_or_other_nonfall
lateral,D0,d0_sanity,242,255,0,0,0,0,timeout_or_other_nonfall,timeout_or_other_nonfall
cbf,cbf,target_diagonal_primary,42,0,0,0,1,1,non_lateral_high_cbf_demand,lateral_heading_drift
cbf,cbf,target_diagonal_primary,42,1,0,0,1,1,non_lateral_high_cbf_demand,non_lateral_high_cbf_demand
cbf,cbf,target_diagonal_primary,42,2,0,0,1,1,non_lateral_high_cbf_demand,non_lateral_high_cbf_demand
cbf,cbf,target_diagonal_primary,42,3,0,0,1,1,non_lateral_high_cbf_demand,non_lateral_high_cbf_demand
cbf,cbf,target_diagonal_primary,42,4,0,0,1,1,non_lateral_high_cbf_demand,non_lateral_high_cbf_demand
cbf,cbf,target_diagonal_primary,42,5,0,0,1,1,non_lateral_high_cbf_demand,non_lateral_high_cbf_demand
cbf,cbf,target_diagonal_primary,42,6,0,0,1,1,non_lateral_high_cbf_demand,non_lateral_high_cbf_demand
cbf,cbf,target_diagonal_primary,42,7,0,0,1,1,non_lateral_high_cbf_demand,non_lateral_high_cbf_demand
cbf,cbf,target_diagonal_primary,42,8,0,0,1,1,lateral_heading_drift,non_lateral_high_cbf_demand
cbf,cbf,target_diagonal_primary,42,9,0,0,1,1,non_lateral_high_cbf_demand,lateral_heading_drift
cbf,cbf,target_diagonal_primary,42,10,0,0,1,1,non_lateral_high_cbf_demand,non_lateral_high_cbf_demand
cbf,cbf,target_diagonal_primary,42,11,0,0,1,1,non_lateral_high_cbf_demand,non_lateral_high_cbf_demand
cbf,cbf,target_diagonal_primary,42,12,0,0,1,1,lateral_heading_drift,non_lateral_high_cbf_demand
cbf,cbf,target_diagonal_primary,42,13,0,0,1,1,non_lateral_high_cbf_demand,non_lateral_high_cbf_demand
cbf,cbf,target_diagonal_primary,42,14,0,0,1,1,non_lateral_high_cbf_demand,non_lateral_high_cbf_demand
cbf,cbf,target_diagonal_primary,42,15,0,0,1,1,lateral_heading_drift,non_lateral_high_cbf_demand
cbf,cbf,target_diagonal_primary,42,16,0,0,1,1,non_lateral_high_cbf_demand,non_lateral_high_cbf_demand
cbf,cbf,target_diagonal_primary,42,17,0,0,1,1,lateral_heading_drift,non_lateral_high_cbf_demand
cbf,cbf,target_diagonal_primary,42,18,1,0,0,1,success,lateral_heading_drift
cbf,cbf,target_diagonal_primary,42,19,0,0,1,1,non_lateral_high_cbf_demand,non_lateral_high_cbf_demand
cbf,cbf,target_diagonal_primary,42,20,0,1,1,0,lateral_heading_drift,success
cbf,cbf,target_diagonal_primary,42,21,1,0,0,1,success,lateral_heading_drift
cbf,cbf,target_diagonal_primary,42,22,1,0,0,1,success,non_lateral_high_cbf_demand
cbf,cbf,target_diagonal_primary,42,23,1,1,0,0,success,success
cbf,cbf,target_diagonal_primary,42,24,1,0,0,1,success,non_lateral_high_cbf_demand
cbf,cbf,target_diagonal_primary,42,25,1,1,0,0,success,success
cbf,cbf,target_diagonal_primary,42,26,1,1,0,0,success,success
cbf,cbf,target_diagonal_primary,42,27,1,1,0,0,success,success
cbf,cbf,target_diagonal_primary,42,28,1,1,0,0,success,success
cbf,cbf,target_diagonal_primary,42,29,1,1,0,0,success,success
cbf,cbf,target_diagonal_primary,42,30,1,1,0,0,success,success
cbf,cbf,target_diagonal_primary,42,31,0,1,1,0,lateral_heading_drift,success
cbf,cbf,target_diagonal_primary,42,32,1,1,0,0,success,success
cbf,cbf,target_diagonal_primary,42,33,1,1,0,0,success,success
cbf,cbf,target_diagonal_primary,42,34,1,1,0,0,success,success
cbf,cbf,target_diagonal_primary,42,35,1,1,0,0,success,success
cbf,cbf,target_diagonal_primary,42,36,1,1,0,0,success,success
cbf,cbf,target_diagonal_primary,42,37,1,1,0,0,success,success
cbf,cbf,target_diagonal_primary,42,38,1,0,0,1,success,non_lateral_high_cbf_demand
cbf,cbf,target_diagonal_primary,42,39,1,1,0,0,success,success
cbf,cbf,target_diagonal_primary,42,40,1,1,0,0,success,success
cbf,cbf,target_diagonal_primary,42,41,1,1,0,0,success,success
cbf,cbf,target_diagonal_primary,42,42,1,1,0,0,success,success
cbf,cbf,target_diagonal_primary,42,43,1,1,0,0,success,success
cbf,cbf,target_diagonal_primary,42,44,1,1,0,0,success,success
cbf,cbf,target_diagonal_primary,42,45,0,1,1,0,non_lateral_high_cbf_demand,success
cbf,cbf,target_diagonal_primary,42,46,1,1,0,0,success,success
cbf,cbf,target_diagonal_primary,42,47,1,1,0,0,success,success
cbf,cbf,target_diagonal_primary,42,48,1,1,0,0,success,success
cbf,cbf,target_diagonal_primary,42,49,0,1,1,0,lateral_heading_drift,success
cbf,cbf,target_diagonal_primary,42,50,1,1,0,0,success,success
cbf,cbf,target_diagonal_primary,42,51,1,1,0,0,success,success
cbf,cbf,target_diagonal_primary,42,52,1,1,0,0,success,success
cbf,cbf,target_diagonal_primary,42,53,1,1,0,0,success,success
cbf,cbf,target_diagonal_primary,42,54,1,1,0,0,success,success
cbf,cbf,target_diagonal_primary,42,55,1,1,0,0,success,success
cbf,cbf,target_diagonal_primary,42,56,1,0,0,1,success,lateral_heading_drift
cbf,cbf,target_diagonal_primary,42,57,1,1,0,0,success,success
cbf,cbf,target_diagonal_primary,42,58,1,1,0,0,success,success
cbf,cbf,target_diagonal_primary,42,59,1,1,0,0,success,success
cbf,cbf,target_diagonal_primary,42,60,1,1,0,0,success,success
cbf,cbf,target_diagonal_primary,42,61,1,1,0,0,success,success
cbf,cbf,target_diagonal_primary,42,62,1,1,0,0,success,success
cbf,cbf,target_diagonal_primary,42,63,1,1,0,0,success,success
cbf,cbf,target_diagonal_primary,42,64,1,1,0,0,success,success
cbf,cbf,target_diagonal_primary,42,65,1,1,0,0,success,success
cbf,cbf,target_diagonal_primary,42,66,1,1,0,0,success,success
cbf,cbf,target_diagonal_primary,42,67,1,1,0,0,success,success
cbf,cbf,target_diagonal_primary,42,68,1,1,0,0,success,success
cbf,cbf,target_diagonal_primary,42,69,1,1,0,0,success,success
cbf,cbf,target_diagonal_primary,42,70,1,1,0,0,success,success
cbf,cbf,target_diagonal_primary,42,71,1,1,0,0,success,success
cbf,cbf,target_diagonal_primary,42,72,1,1,0,0,success,success
cbf,cbf,target_diagonal_primary,42,73,1,1,0,0,success,success
cbf,cbf,target_diagonal_primary,42,74,1,1,0,0,success,success
cbf,cbf,target_diagonal_primary,42,75,1,1,0,0,success,success
cbf,cbf,target_diagonal_primary,42,76,1,1,0,0,success,success
cbf,cbf,target_diagonal_primary,42,77,1,1,0,0,success,success
cbf,cbf,target_diagonal_primary,42,78,1,1,0,0,success,success
cbf,cbf,target_diagonal_primary,42,79,0,1,1,0,lateral_heading_drift,success
cbf,cbf,target_diagonal_primary,42,80,1,1,0,0,success,success
cbf,cbf,target_diagonal_primary,42,81,1,1,0,0,success,success
cbf,cbf,target_diagonal_primary,42,82,1,1,0,0,success,success
cbf,cbf,target_diagonal_primary,42,83,1,1,0,0,success,success
cbf,cbf,target_diagonal_primary,42,84,1,1,0,0,success,success
cbf,cbf,target_diagonal_primary,42,85,1,1,0,0,success,success
cbf,cbf,target_diagonal_primary,42,86,1,1,0,0,success,success
cbf,cbf,target_diagonal_primary,42,87,1,1,0,0,success,success
cbf,cbf,target_diagonal_primary,42,88,0,1,1,0,lateral_heading_drift,success
cbf,cbf,target_diagonal_primary,42,89,1,1,0,0,success,success
cbf,cbf,target_diagonal_primary,42,90,1,1,0,0,success,success
cbf,cbf,target_diagonal_primary,42,91,1,1,0,0,success,success
cbf,cbf,target_diagonal_primary,42,92,1,1,0,0,success,success
cbf,cbf,target_diagonal_primary,42,93,1,1,0,0,success,success
cbf,cbf,target_diagonal_primary,42,94,1,1,0,0,success,success
cbf,cbf,target_diagonal_primary,42,95,1,1,0,0,success,success
cbf,cbf,target_diagonal_primary,42,96,1,1,0,0,success,success
cbf,cbf,target_diagonal_primary,42,97,1,1,0,0,success,success
cbf,cbf,target_diagonal_primary,42,98,1,1,0,0,success,success
cbf,cbf,target_diagonal_primary,42,99,1,1,0,0,success,success
cbf,cbf,target_diagonal_primary,42,100,1,1,0,0,success,success
cbf,cbf,target_diagonal_primary,42,101,1,1,0,0,success,success
cbf,cbf,target_diagonal_primary,42,102,0,1,1,0,lateral_heading_drift,success
cbf,cbf,target_diagonal_primary,42,103,1,1,0,0,success,success
cbf,cbf,target_diagonal_primary,42,104,1,1,0,0,success,success
cbf,cbf,target_diagonal_primary,42,105,1,1,0,0,success,success
cbf,cbf,target_diagonal_primary,42,106,1,1,0,0,success,success
cbf,cbf,target_diagonal_primary,42,107,1,1,0,0,success,success
cbf,cbf,target_diagonal_primary,42,108,1,1,0,0,success,success
cbf,cbf,target_diagonal_primary,42,109,1,1,0,0,success,success
cbf,cbf,target_diagonal_primary,42,110,1,1,0,0,success,success
cbf,cbf,target_diagonal_primary,42,111,1,1,0,0,success,success
cbf,cbf,target_diagonal_primary,42,112,1,0,0,1,success,lateral_heading_drift
cbf,cbf,target_diagonal_primary,42,113,1,1,0,0,success,success
cbf,cbf,target_diagonal_primary,42,114,1,1,0,0,success,success
cbf,cbf,target_diagonal_primary,42,115,1,1,0,0,success,success
cbf,cbf,target_diagonal_primary,42,116,1,1,0,0,success,success
cbf,cbf,target_diagonal_primary,42,117,1,1,0,0,success,success
cbf,cbf,target_diagonal_primary,42,118,1,1,0,0,success,success
cbf,cbf,target_diagonal_primary,42,119,1,1,0,0,success,success
cbf,cbf,target_diagonal_primary,42,120,0,1,1,0,lateral_heading_drift,success
cbf,cbf,target_diagonal_primary,42,121,1,1,0,0,success,success
cbf,cbf,target_diagonal_primary,42,122,1,1,0,0,success,success
cbf,cbf,target_diagonal_primary,42,123,1,1,0,0,success,success
cbf,cbf,target_diagonal_primary,42,124,1,0,0,1,success,lateral_heading_drift
cbf,cbf,target_diagonal_primary,42,125,1,0,0,1,success,lateral_heading_drift
cbf,cbf,target_diagonal_primary,42,126,1,1,0,0,success,success
cbf,cbf,target_diagonal_primary,42,127,1,1,0,0,success,success
cbf,cbf,target_diagonal_primary,42,128,0,0,1,1,non_lateral_high_cbf_demand,non_lateral_high_cbf_demand
cbf,cbf,target_diagonal_primary,42,129,0,0,1,1,non_lateral_high_cbf_demand,non_lateral_high_cbf_demand
cbf,cbf,target_diagonal_primary,42,130,0,0,1,1,non_lateral_high_cbf_demand,non_lateral_high_cbf_demand
cbf,cbf,target_diagonal_primary,42,131,0,0,1,1,non_lateral_high_cbf_demand,non_lateral_high_cbf_demand
cbf,cbf,target_diagonal_primary,42,132,0,0,1,1,non_lateral_high_cbf_demand,non_lateral_high_cbf_demand
cbf,cbf,target_diagonal_primary,42,133,0,0,1,1,non_lateral_high_cbf_demand,non_lateral_balance_or_phase
cbf,cbf,target_diagonal_primary,42,134,0,0,1,1,non_lateral_high_cbf_demand,non_lateral_high_cbf_demand
cbf,cbf,target_diagonal_primary,42,135,0,0,1,1,non_lateral_high_cbf_demand,non_lateral_high_cbf_demand
cbf,cbf,target_diagonal_primary,42,136,0,0,1,1,non_lateral_high_cbf_demand,non_lateral_high_cbf_demand
cbf,cbf,target_diagonal_primary,42,137,0,0,1,1,non_lateral_high_cbf_demand,non_lateral_high_cbf_demand
cbf,cbf,target_diagonal_primary,42,138,0,0,1,1,non_lateral_high_cbf_demand,non_lateral_balance_or_phase
cbf,cbf,target_diagonal_primary,42,139,0,0,1,1,lateral_heading_drift,non_lateral_high_cbf_demand
cbf,cbf,target_diagonal_primary,42,140,0,0,1,1,non_lateral_high_cbf_demand,non_lateral_high_cbf_demand
cbf,cbf,target_diagonal_primary,42,141,0,0,1,1,non_lateral_high_cbf_demand,non_lateral_high_cbf_demand
cbf,cbf,target_diagonal_primary,42,142,0,0,1,1,non_lateral_high_cbf_demand,non_lateral_balance_or_phase
cbf,cbf,target_diagonal_primary,42,143,0,0,1,1,lateral_heading_drift,non_lateral_high_cbf_demand
cbf,cbf,target_diagonal_primary,42,144,0,0,1,1,non_lateral_high_cbf_demand,non_lateral_high_cbf_demand
cbf,cbf,target_diagonal_primary,42,145,0,0,1,1,non_lateral_high_cbf_demand,non_lateral_high_cbf_demand
cbf,cbf,target_diagonal_primary,42,146,0,0,1,1,non_lateral_high_cbf_demand,non_lateral_high_cbf_demand
cbf,cbf,target_diagonal_primary,42,147,0,0,1,1,non_lateral_high_cbf_demand,lateral_heading_drift
cbf,cbf,target_diagonal_primary,42,148,0,0,1,1,non_lateral_high_cbf_demand,non_lateral_high_cbf_demand
cbf,cbf,target_diagonal_primary,42,149,0,0,1,1,non_lateral_high_cbf_demand,lateral_heading_drift
cbf,cbf,target_diagonal_primary,42,150,0,1,1,0,non_lateral_high_cbf_demand,success
cbf,cbf,target_diagonal_primary,42,151,0,1,1,0,non_lateral_high_cbf_demand,success
cbf,cbf,target_diagonal_primary,42,152,0,0,1,1,non_lateral_high_cbf_demand,non_lateral_high_cbf_demand
cbf,cbf,target_diagonal_primary,42,153,0,0,1,1,non_lateral_high_cbf_demand,non_lateral_high_cbf_demand
cbf,cbf,target_diagonal_primary,42,154,0,1,1,0,non_lateral_high_cbf_demand,success
cbf,cbf,target_diagonal_primary,42,155,0,1,1,0,non_lateral_high_cbf_demand,success
cbf,cbf,target_diagonal_primary,42,156,0,1,1,0,non_lateral_high_cbf_demand,success
cbf,cbf,target_diagonal_primary,42,157,0,1,1,0,non_lateral_high_cbf_demand,success
cbf,cbf,target_diagonal_primary,42,158,1,1,0,0,success,success
cbf,cbf,target_diagonal_primary,42,159,1,1,0,0,success,success
cbf,cbf,target_diagonal_primary,42,160,0,1,1,0,non_lateral_high_cbf_demand,success
cbf,cbf,target_diagonal_primary,42,161,1,1,0,0,success,success
cbf,cbf,target_diagonal_primary,42,162,1,1,0,0,success,success
cbf,cbf,target_diagonal_primary,42,163,1,1,0,0,success,success
cbf,cbf,target_diagonal_primary,42,164,0,1,1,0,non_lateral_high_cbf_demand,success
cbf,cbf,target_diagonal_primary,42,165,1,1,0,0,success,success
cbf,cbf,target_diagonal_primary,42,166,1,1,0,0,success,success
cbf,cbf,target_diagonal_primary,42,167,1,0,0,1,success,non_lateral_high_cbf_demand
cbf,cbf,target_diagonal_primary,42,168,1,1,0,0,success,success
cbf,cbf,target_diagonal_primary,42,169,1,1,0,0,success,success
cbf,cbf,target_diagonal_primary,42,170,1,1,0,0,success,success
cbf,cbf,target_diagonal_primary,42,171,1,1,0,0,success,success
cbf,cbf,target_diagonal_primary,42,172,1,1,0,0,success,success
cbf,cbf,target_diagonal_primary,42,173,1,1,0,0,success,success
cbf,cbf,target_diagonal_primary,42,174,1,1,0,0,success,success
cbf,cbf,target_diagonal_primary,42,175,1,1,0,0,success,success
cbf,cbf,target_diagonal_primary,42,176,1,1,0,0,success,success
cbf,cbf,target_diagonal_primary,42,177,1,1,0,0,success,success
cbf,cbf,target_diagonal_primary,42,178,0,1,1,0,lateral_heading_drift,success
cbf,cbf,target_diagonal_primary,42,179,1,1,0,0,success,success
cbf,cbf,target_diagonal_primary,42,180,1,1,0,0,success,success
cbf,cbf,target_diagonal_primary,42,181,1,1,0,0,success,success
cbf,cbf,target_diagonal_primary,42,182,1,1,0,0,success,success
cbf,cbf,target_diagonal_primary,42,183,0,1,1,0,lateral_heading_drift,success
cbf,cbf,target_diagonal_primary,42,184,1,1,0,0,success,success
cbf,cbf,target_diagonal_primary,42,185,1,1,0,0,success,success
cbf,cbf,target_diagonal_primary,42,186,1,1,0,0,success,success
cbf,cbf,target_diagonal_primary,42,187,1,1,0,0,success,success
cbf,cbf,target_diagonal_primary,42,188,1,1,0,0,success,success
cbf,cbf,target_diagonal_primary,42,189,1,1,0,0,success,success
cbf,cbf,target_diagonal_primary,42,190,1,1,0,0,success,success
cbf,cbf,target_diagonal_primary,42,191,1,1,0,0,success,success
cbf,cbf,target_diagonal_primary,42,192,1,1,0,0,success,success
cbf,cbf,target_diagonal_primary,42,193,1,0,0,1,success,lateral_heading_drift
cbf,cbf,target_diagonal_primary,42,194,1,1,0,0,success,success
cbf,cbf,target_diagonal_primary,42,195,1,1,0,0,success,success
cbf,cbf,target_diagonal_primary,42,196,1,1,0,0,success,success
cbf,cbf,target_diagonal_primary,42,197,1,1,0,0,success,success
cbf,cbf,target_diagonal_primary,42,198,1,1,0,0,success,success
cbf,cbf,target_diagonal_primary,42,199,1,1,0,0,success,success
cbf,cbf,target_diagonal_primary,42,200,1,1,0,0,success,success
cbf,cbf,target_diagonal_primary,42,201,1,1,0,0,success,success
cbf,cbf,target_diagonal_primary,42,202,1,1,0,0,success,success
cbf,cbf,target_diagonal_primary,42,203,1,1,0,0,success,success
cbf,cbf,target_diagonal_primary,42,204,1,1,0,0,success,success
cbf,cbf,target_diagonal_primary,42,205,1,1,0,0,success,success
cbf,cbf,target_diagonal_primary,42,206,1,1,0,0,success,success
cbf,cbf,target_diagonal_primary,42,207,1,1,0,0,success,success
cbf,cbf,target_diagonal_primary,42,208,1,1,0,0,success,success
cbf,cbf,target_diagonal_primary,42,209,1,1,0,0,success,success
cbf,cbf,target_diagonal_primary,42,210,1,1,0,0,success,success
cbf,cbf,target_diagonal_primary,42,211,1,1,0,0,success,success
cbf,cbf,target_diagonal_primary,42,212,1,1,0,0,success,success
cbf,cbf,target_diagonal_primary,42,213,1,1,0,0,success,success
cbf,cbf,target_diagonal_primary,42,214,1,1,0,0,success,success
cbf,cbf,target_diagonal_primary,42,215,1,1,0,0,success,success
cbf,cbf,target_diagonal_primary,42,216,1,1,0,0,success,success
cbf,cbf,target_diagonal_primary,42,217,1,1,0,0,success,success
cbf,cbf,target_diagonal_primary,42,218,1,1,0,0,success,success
cbf,cbf,target_diagonal_primary,42,219,1,0,0,1,success,lateral_heading_drift
cbf,cbf,target_diagonal_primary,42,220,1,1,0,0,success,success
cbf,cbf,target_diagonal_primary,42,221,1,1,0,0,success,success
cbf,cbf,target_diagonal_primary,42,222,1,1,0,0,success,success
cbf,cbf,target_diagonal_primary,42,223,1,1,0,0,success,success
cbf,cbf,target_diagonal_primary,42,224,1,1,0,0,success,success
cbf,cbf,target_diagonal_primary,42,225,1,1,0,0,success,success
cbf,cbf,target_diagonal_primary,42,226,1,1,0,0,success,success
cbf,cbf,target_diagonal_primary,42,227,1,1,0,0,success,success
cbf,cbf,target_diagonal_primary,42,228,1,1,0,0,success,success
cbf,cbf,target_diagonal_primary,42,229,1,1,0,0,success,success
cbf,cbf,target_diagonal_primary,42,230,1,1,0,0,success,success
cbf,cbf,target_diagonal_primary,42,231,1,1,0,0,success,success
cbf,cbf,target_diagonal_primary,42,232,1,1,0,0,success,success
cbf,cbf,target_diagonal_primary,42,233,1,1,0,0,success,success
cbf,cbf,target_diagonal_primary,42,234,1,1,0,0,success,success
cbf,cbf,target_diagonal_primary,42,235,1,1,0,0,success,success
cbf,cbf,target_diagonal_primary,42,236,1,1,0,0,success,success
cbf,cbf,target_diagonal_primary,42,237,1,1,0,0,success,success
cbf,cbf,target_diagonal_primary,42,238,1,1,0,0,success,success
cbf,cbf,target_diagonal_primary,42,239,1,1,0,0,success,success
cbf,cbf,target_diagonal_primary,42,240,1,1,0,0,success,success
cbf,cbf,target_diagonal_primary,42,241,1,1,0,0,success,success
cbf,cbf,target_diagonal_primary,42,242,1,1,0,0,success,success
cbf,cbf,target_diagonal_primary,42,243,1,1,0,0,success,success
cbf,cbf,target_diagonal_primary,42,244,1,1,0,0,success,success
cbf,cbf,target_diagonal_primary,42,245,1,1,0,0,success,success
cbf,cbf,target_diagonal_primary,42,246,1,1,0,0,success,success
cbf,cbf,target_diagonal_primary,42,247,1,1,0,0,success,success
cbf,cbf,target_diagonal_primary,42,248,1,1,0,0,success,success
cbf,cbf,target_diagonal_primary,42,249,0,1,1,0,lateral_heading_drift,success
cbf,cbf,target_diagonal_primary,42,250,1,1,0,0,success,success
cbf,cbf,target_diagonal_primary,42,251,0,1,1,0,lateral_heading_drift,success
cbf,cbf,target_diagonal_primary,42,252,1,1,0,0,success,success
cbf,cbf,target_diagonal_primary,42,253,1,1,0,0,success,success
cbf,cbf,target_diagonal_primary,42,254,1,1,0,0,success,success
cbf,cbf,target_diagonal_primary,42,255,1,1,0,0,success,success
cbf,cbf,target_diagonal_primary,42,256,0,0,1,1,non_lateral_high_cbf_demand,non_lateral_high_cbf_demand
cbf,cbf,target_diagonal_primary,42,257,0,0,1,1,lateral_heading_drift,non_lateral_high_cbf_demand
cbf,cbf,target_diagonal_primary,42,258,0,0,1,1,non_lateral_high_cbf_demand,lateral_heading_drift
cbf,cbf,target_diagonal_primary,42,259,0,0,1,1,non_lateral_high_cbf_demand,non_lateral_high_cbf_demand
cbf,cbf,target_diagonal_primary,42,260,0,0,1,1,non_lateral_high_cbf_demand,non_lateral_high_cbf_demand
cbf,cbf,target_diagonal_primary,42,261,0,0,1,1,non_lateral_high_cbf_demand,non_lateral_high_cbf_demand
cbf,cbf,target_diagonal_primary,42,262,0,0,1,1,non_lateral_high_cbf_demand,non_lateral_high_cbf_demand
cbf,cbf,target_diagonal_primary,42,263,0,0,1,1,non_lateral_high_cbf_demand,non_lateral_high_cbf_demand
cbf,cbf,target_diagonal_primary,42,264,0,0,1,1,non_lateral_high_cbf_demand,non_lateral_high_cbf_demand
cbf,cbf,target_diagonal_primary,42,265,0,0,1,1,non_lateral_high_cbf_demand,non_lateral_high_cbf_demand
cbf,cbf,target_diagonal_primary,42,266,0,0,1,1,non_lateral_high_cbf_demand,non_lateral_high_cbf_demand
cbf,cbf,target_diagonal_primary,42,267,0,0,1,1,non_lateral_high_cbf_demand,non_lateral_high_cbf_demand
cbf,cbf,target_diagonal_primary,42,268,0,0,1,1,non_lateral_high_cbf_demand,non_lateral_balance_or_phase
cbf,cbf,target_diagonal_primary,42,269,0,0,1,1,non_lateral_high_cbf_demand,non_lateral_high_cbf_demand
cbf,cbf,target_diagonal_primary,42,270,0,0,1,1,non_lateral_high_cbf_demand,non_lateral_high_cbf_demand
cbf,cbf,target_diagonal_primary,42,271,0,0,1,1,non_lateral_high_cbf_demand,non_lateral_high_cbf_demand
cbf,cbf,target_diagonal_primary,42,272,0,0,1,1,non_lateral_high_cbf_demand,non_lateral_high_cbf_demand
cbf,cbf,target_diagonal_primary,42,273,0,0,1,1,non_lateral_high_cbf_demand,non_lateral_high_cbf_demand
cbf,cbf,target_diagonal_primary,42,274,0,0,1,1,non_lateral_high_cbf_demand,non_lateral_high_cbf_demand
cbf,cbf,target_diagonal_primary,42,275,0,0,1,1,non_lateral_high_cbf_demand,non_lateral_high_cbf_demand
cbf,cbf,target_diagonal_primary,42,276,0,0,1,1,non_lateral_high_cbf_demand,non_lateral_balance_or_phase
cbf,cbf,target_diagonal_primary,42,277,0,0,1,1,non_lateral_high_cbf_demand,non_lateral_high_cbf_demand
cbf,cbf,target_diagonal_primary,42,278,0,0,1,1,non_lateral_high_cbf_demand,non_lateral_high_cbf_demand
cbf,cbf,target_diagonal_primary,42,279,0,0,1,1,non_lateral_high_cbf_demand,non_lateral_balance_or_phase
cbf,cbf,target_diagonal_primary,42,280,0,0,1,1,non_lateral_high_cbf_demand,non_lateral_balance_or_phase
cbf,cbf,target_diagonal_primary,42,281,0,1,1,0,non_lateral_high_cbf_demand,success
cbf,cbf,target_diagonal_primary,42,282,0,0,1,1,non_lateral_high_cbf_demand,lateral_heading_drift
cbf,cbf,target_diagonal_primary,42,283,1,0,0,1,success,non_lateral_high_cbf_demand
cbf,cbf,target_diagonal_primary,42,284,1,1,0,0,success,success
cbf,cbf,target_diagonal_primary,42,285,1,1,0,0,success,success
cbf,cbf,target_diagonal_primary,42,286,1,1,0,0,success,success
cbf,cbf,target_diagonal_primary,42,287,1,1,0,0,success,success
cbf,cbf,target_diagonal_primary,42,288,1,1,0,0,success,success
cbf,cbf,target_diagonal_primary,42,289,1,1,0,0,success,success
cbf,cbf,target_diagonal_primary,42,290,1,1,0,0,success,success
cbf,cbf,target_diagonal_primary,42,291,1,1,0,0,success,success
cbf,cbf,target_diagonal_primary,42,292,1,1,0,0,success,success
cbf,cbf,target_diagonal_primary,42,293,1,1,0,0,success,success
cbf,cbf,target_diagonal_primary,42,294,1,1,0,0,success,success
cbf,cbf,target_diagonal_primary,42,295,1,1,0,0,success,success
cbf,cbf,target_diagonal_primary,42,296,1,1,0,0,success,success
cbf,cbf,target_diagonal_primary,42,297,1,1,0,0,success,success
cbf,cbf,target_diagonal_primary,42,298,1,1,0,0,success,success
cbf,cbf,target_diagonal_primary,42,299,1,1,0,0,success,success
cbf,cbf,target_diagonal_primary,42,300,1,1,0,0,success,success
cbf,cbf,target_diagonal_primary,42,301,1,1,0,0,success,success
cbf,cbf,target_diagonal_primary,42,302,1,1,0,0,success,success
cbf,cbf,target_diagonal_primary,42,303,1,1,0,0,success,success
cbf,cbf,target_diagonal_primary,42,304,1,1,0,0,success,success
cbf,cbf,target_diagonal_primary,42,305,1,1,0,0,success,success
cbf,cbf,target_diagonal_primary,42,306,1,1,0,0,success,success
cbf,cbf,target_diagonal_primary,42,307,1,1,0,0,success,success
cbf,cbf,target_diagonal_primary,42,308,1,1,0,0,success,success
cbf,cbf,target_diagonal_primary,42,309,1,1,0,0,success,success
cbf,cbf,target_diagonal_primary,42,310,0,1,1,0,lateral_heading_drift,success
cbf,cbf,target_diagonal_primary,42,311,1,1,0,0,success,success
cbf,cbf,target_diagonal_primary,42,312,1,1,0,0,success,success
cbf,cbf,target_diagonal_primary,42,313,1,1,0,0,success,success
cbf,cbf,target_diagonal_primary,42,314,1,1,0,0,success,success
cbf,cbf,target_diagonal_primary,42,315,1,1,0,0,success,success
cbf,cbf,target_diagonal_primary,42,316,1,1,0,0,success,success
cbf,cbf,target_diagonal_primary,42,317,1,1,0,0,success,success
cbf,cbf,target_diagonal_primary,42,318,1,1,0,0,success,success
cbf,cbf,target_diagonal_primary,42,319,1,1,0,0,success,success
cbf,cbf,target_diagonal_primary,42,320,1,1,0,0,success,success
cbf,cbf,target_diagonal_primary,42,321,1,1,0,0,success,success
cbf,cbf,target_diagonal_primary,42,322,1,1,0,0,success,success
cbf,cbf,target_diagonal_primary,42,323,1,1,0,0,success,success
cbf,cbf,target_diagonal_primary,42,324,1,1,0,0,success,success
cbf,cbf,target_diagonal_primary,42,325,1,1,0,0,success,success
cbf,cbf,target_diagonal_primary,42,326,1,1,0,0,success,success
cbf,cbf,target_diagonal_primary,42,327,1,1,0,0,success,success
cbf,cbf,target_diagonal_primary,42,328,1,1,0,0,success,success
cbf,cbf,target_diagonal_primary,42,329,1,1,0,0,success,success
cbf,cbf,target_diagonal_primary,42,330,1,1,0,0,success,success
cbf,cbf,target_diagonal_primary,42,331,1,1,0,0,success,success
cbf,cbf,target_diagonal_primary,42,332,1,1,0,0,success,success
cbf,cbf,target_diagonal_primary,42,333,1,0,0,1,success,lateral_heading_drift
cbf,cbf,target_diagonal_primary,42,334,1,1,0,0,success,success
cbf,cbf,target_diagonal_primary,42,335,1,1,0,0,success,success
cbf,cbf,target_diagonal_primary,42,336,1,0,0,1,success,lateral_heading_drift
cbf,cbf,target_diagonal_primary,42,337,1,1,0,0,success,success
cbf,cbf,target_diagonal_primary,42,338,1,1,0,0,success,success
cbf,cbf,target_diagonal_primary,42,339,1,1,0,0,success,success
cbf,cbf,target_diagonal_primary,42,340,1,1,0,0,success,success
cbf,cbf,target_diagonal_primary,42,341,1,1,0,0,success,success
cbf,cbf,target_diagonal_primary,42,342,1,1,0,0,success,success
cbf,cbf,target_diagonal_primary,42,343,1,1,0,0,success,success
cbf,cbf,target_diagonal_primary,42,344,1,1,0,0,success,success
cbf,cbf,target_diagonal_primary,42,345,1,1,0,0,success,success
cbf,cbf,target_diagonal_primary,42,346,1,1,0,0,success,success
cbf,cbf,target_diagonal_primary,42,347,0,1,1,0,lateral_heading_drift,success
cbf,cbf,target_diagonal_primary,42,348,1,1,0,0,success,success
cbf,cbf,target_diagonal_primary,42,349,1,1,0,0,success,success
cbf,cbf,target_diagonal_primary,42,350,1,1,0,0,success,success
cbf,cbf,target_diagonal_primary,42,351,1,1,0,0,success,success
cbf,cbf,target_diagonal_primary,42,352,1,1,0,0,success,success
cbf,cbf,target_diagonal_primary,42,353,1,1,0,0,success,success
cbf,cbf,target_diagonal_primary,42,354,1,1,0,0,success,success
cbf,cbf,target_diagonal_primary,42,355,1,1,0,0,success,success
cbf,cbf,target_diagonal_primary,42,356,1,1,0,0,success,success
cbf,cbf,target_diagonal_primary,42,357,1,1,0,0,success,success
cbf,cbf,target_diagonal_primary,42,358,1,0,0,1,success,lateral_heading_drift
cbf,cbf,target_diagonal_primary,42,359,1,1,0,0,success,success
cbf,cbf,target_diagonal_primary,42,360,1,1,0,0,success,success
cbf,cbf,target_diagonal_primary,42,361,1,1,0,0,success,success
cbf,cbf,target_diagonal_primary,42,362,1,1,0,0,success,success
cbf,cbf,target_diagonal_primary,42,363,1,1,0,0,success,success
cbf,cbf,target_diagonal_primary,42,364,1,1,0,0,success,success
cbf,cbf,target_diagonal_primary,42,365,1,1,0,0,success,success
cbf,cbf,target_diagonal_primary,42,366,1,1,0,0,success,success
cbf,cbf,target_diagonal_primary,42,367,1,1,0,0,success,success
cbf,cbf,target_diagonal_primary,42,368,1,1,0,0,success,success
cbf,cbf,target_diagonal_primary,42,369,1,1,0,0,success,success
cbf,cbf,target_diagonal_primary,42,370,1,1,0,0,success,success
cbf,cbf,target_diagonal_primary,42,371,1,1,0,0,success,success
cbf,cbf,target_diagonal_primary,42,372,1,1,0,0,success,success
cbf,cbf,target_diagonal_primary,42,373,1,1,0,0,success,success
cbf,cbf,target_diagonal_primary,42,374,1,1,0,0,success,success
cbf,cbf,target_diagonal_primary,42,375,1,1,0,0,success,success
cbf,cbf,target_diagonal_primary,42,376,1,1,0,0,success,success
cbf,cbf,target_diagonal_primary,42,377,1,1,0,0,success,success
cbf,cbf,target_diagonal_primary,42,378,1,1,0,0,success,success
cbf,cbf,target_diagonal_primary,42,379,1,1,0,0,success,success
cbf,cbf,target_diagonal_primary,42,380,1,1,0,0,success,success
cbf,cbf,target_diagonal_primary,42,381,1,1,0,0,success,success
cbf,cbf,target_diagonal_primary,42,382,1,1,0,0,success,success
cbf,cbf,target_diagonal_primary,42,383,1,1,0,0,success,success
cbf,cbf,target_diagonal_primary,42,384,0,0,1,1,non_lateral_high_cbf_demand,non_lateral_high_cbf_demand
cbf,cbf,target_diagonal_primary,42,385,0,0,1,1,non_lateral_high_cbf_demand,non_lateral_balance_or_phase
cbf,cbf,target_diagonal_primary,42,386,0,0,1,1,non_lateral_high_cbf_demand,non_lateral_high_cbf_demand
cbf,cbf,target_diagonal_primary,42,387,0,0,1,1,non_lateral_high_cbf_demand,lateral_heading_drift
cbf,cbf,target_diagonal_primary,42,388,0,0,1,1,non_lateral_balance_or_phase,non_lateral_balance_or_phase
cbf,cbf,target_diagonal_primary,42,389,0,0,1,1,non_lateral_balance_or_phase,non_lateral_high_cbf_demand
cbf,cbf,target_diagonal_primary,42,390,0,0,1,1,non_lateral_high_cbf_demand,non_lateral_high_cbf_demand
cbf,cbf,target_diagonal_primary,42,391,0,0,1,1,non_lateral_high_cbf_demand,non_lateral_high_cbf_demand
cbf,cbf,target_diagonal_primary,42,392,0,0,1,1,non_lateral_high_cbf_demand,non_lateral_high_cbf_demand
cbf,cbf,target_diagonal_primary,42,393,0,0,1,1,non_lateral_high_cbf_demand,non_lateral_high_cbf_demand
cbf,cbf,target_diagonal_primary,42,394,0,0,1,1,non_lateral_high_cbf_demand,non_lateral_high_cbf_demand
cbf,cbf,target_diagonal_primary,42,395,0,0,1,1,non_lateral_high_cbf_demand,non_lateral_high_cbf_demand
cbf,cbf,target_diagonal_primary,42,396,0,0,1,1,non_lateral_high_cbf_demand,non_lateral_balance_or_phase
cbf,cbf,target_diagonal_primary,42,397,0,0,1,1,non_lateral_high_cbf_demand,non_lateral_high_cbf_demand
cbf,cbf,target_diagonal_primary,42,398,0,0,1,1,non_lateral_high_cbf_demand,non_lateral_high_cbf_demand
cbf,cbf,target_diagonal_primary,42,399,0,0,1,1,lateral_heading_drift,lateral_heading_drift
cbf,cbf,target_diagonal_primary,42,400,1,0,0,1,success,non_lateral_high_cbf_demand
cbf,cbf,target_diagonal_primary,42,401,0,1,1,0,lateral_heading_drift,success
cbf,cbf,target_diagonal_primary,42,402,0,1,1,0,non_lateral_high_cbf_demand,success
cbf,cbf,target_diagonal_primary,42,403,1,1,0,0,success,success
cbf,cbf,target_diagonal_primary,42,404,0,0,1,1,lateral_heading_drift,non_lateral_high_cbf_demand
cbf,cbf,target_diagonal_primary,42,405,0,0,1,1,non_lateral_high_cbf_demand,lateral_heading_drift
cbf,cbf,target_diagonal_primary,42,406,1,1,0,0,success,success
cbf,cbf,target_diagonal_primary,42,407,1,1,0,0,success,success
cbf,cbf,target_diagonal_primary,42,408,1,1,0,0,success,success
cbf,cbf,target_diagonal_primary,42,409,1,1,0,0,success,success
cbf,cbf,target_diagonal_primary,42,410,1,1,0,0,success,success
cbf,cbf,target_diagonal_primary,42,411,1,1,0,0,success,success
cbf,cbf,target_diagonal_primary,42,412,1,1,0,0,success,success
cbf,cbf,target_diagonal_primary,42,413,1,1,0,0,success,success
cbf,cbf,target_diagonal_primary,42,414,1,1,0,0,success,success
cbf,cbf,target_diagonal_primary,42,415,1,1,0,0,success,success
cbf,cbf,target_diagonal_primary,42,416,1,1,0,0,success,success
cbf,cbf,target_diagonal_primary,42,417,1,1,0,0,success,success
cbf,cbf,target_diagonal_primary,42,418,1,1,0,0,success,success
cbf,cbf,target_diagonal_primary,42,419,1,1,0,0,success,success
cbf,cbf,target_diagonal_primary,42,420,1,1,0,0,success,success
cbf,cbf,target_diagonal_primary,42,421,1,1,0,0,success,success
cbf,cbf,target_diagonal_primary,42,422,1,1,0,0,success,success
cbf,cbf,target_diagonal_primary,42,423,1,1,0,0,success,success
cbf,cbf,target_diagonal_primary,42,424,1,1,0,0,success,success
cbf,cbf,target_diagonal_primary,42,425,1,1,0,0,success,success
cbf,cbf,target_diagonal_primary,42,426,1,1,0,0,success,success
cbf,cbf,target_diagonal_primary,42,427,1,1,0,0,success,success
cbf,cbf,target_diagonal_primary,42,428,1,1,0,0,success,success
cbf,cbf,target_diagonal_primary,42,429,1,1,0,0,success,success
cbf,cbf,target_diagonal_primary,42,430,1,1,0,0,success,success
cbf,cbf,target_diagonal_primary,42,431,1,1,0,0,success,success
cbf,cbf,target_diagonal_primary,42,432,1,1,0,0,success,success
cbf,cbf,target_diagonal_primary,42,433,1,1,0,0,success,success
cbf,cbf,target_diagonal_primary,42,434,1,1,0,0,success,success
cbf,cbf,target_diagonal_primary,42,435,1,1,0,0,success,success
cbf,cbf,target_diagonal_primary,42,436,1,1,0,0,success,success
cbf,cbf,target_diagonal_primary,42,437,1,1,0,0,success,success
cbf,cbf,target_diagonal_primary,42,438,1,1,0,0,success,success
cbf,cbf,target_diagonal_primary,42,439,1,1,0,0,success,success
cbf,cbf,target_diagonal_primary,42,440,1,1,0,0,success,success
cbf,cbf,target_diagonal_primary,42,441,1,1,0,0,success,success
cbf,cbf,target_diagonal_primary,42,442,1,1,0,0,success,success
cbf,cbf,target_diagonal_primary,42,443,1,1,0,0,success,success
cbf,cbf,target_diagonal_primary,42,444,1,1,0,0,success,success
cbf,cbf,target_diagonal_primary,42,445,1,1,0,0,success,success
cbf,cbf,target_diagonal_primary,42,446,1,1,0,0,success,success
cbf,cbf,target_diagonal_primary,42,447,1,1,0,0,success,success
cbf,cbf,target_diagonal_primary,42,448,1,1,0,0,success,success
cbf,cbf,target_diagonal_primary,42,449,1,1,0,0,success,success
cbf,cbf,target_diagonal_primary,42,450,1,1,0,0,success,success
cbf,cbf,target_diagonal_primary,42,451,1,1,0,0,success,success
cbf,cbf,target_diagonal_primary,42,452,1,1,0,0,success,success
cbf,cbf,target_diagonal_primary,42,453,1,1,0,0,success,success
cbf,cbf,target_diagonal_primary,42,454,1,1,0,0,success,success
cbf,cbf,target_diagonal_primary,42,455,1,1,0,0,success,success
cbf,cbf,target_diagonal_primary,42,456,1,1,0,0,success,success
cbf,cbf,target_diagonal_primary,42,457,1,0,0,1,success,lateral_heading_drift
cbf,cbf,target_diagonal_primary,42,458,1,1,0,0,success,success
cbf,cbf,target_diagonal_primary,42,459,1,1,0,0,success,success
cbf,cbf,target_diagonal_primary,42,460,1,1,0,0,success,success
cbf,cbf,target_diagonal_primary,42,461,1,1,0,0,success,success
cbf,cbf,target_diagonal_primary,42,462,1,1,0,0,success,success
cbf,cbf,target_diagonal_primary,42,463,1,1,0,0,success,success
cbf,cbf,target_diagonal_primary,42,464,1,1,0,0,success,success
cbf,cbf,target_diagonal_primary,42,465,1,1,0,0,success,success
cbf,cbf,target_diagonal_primary,42,466,1,1,0,0,success,success
cbf,cbf,target_diagonal_primary,42,467,1,1,0,0,success,success
cbf,cbf,target_diagonal_primary,42,468,1,1,0,0,success,success
cbf,cbf,target_diagonal_primary,42,469,1,1,0,0,success,success
cbf,cbf,target_diagonal_primary,42,470,1,1,0,0,success,success
cbf,cbf,target_diagonal_primary,42,471,0,1,1,0,lateral_heading_drift,success
cbf,cbf,target_diagonal_primary,42,472,1,1,0,0,success,success
cbf,cbf,target_diagonal_primary,42,473,1,1,0,0,success,success
cbf,cbf,target_diagonal_primary,42,474,1,1,0,0,success,success
cbf,cbf,target_diagonal_primary,42,475,1,1,0,0,success,success
cbf,cbf,target_diagonal_primary,42,476,1,1,0,0,success,success
cbf,cbf,target_diagonal_primary,42,477,1,1,0,0,success,success
cbf,cbf,target_diagonal_primary,42,478,1,1,0,0,success,success
cbf,cbf,target_diagonal_primary,42,479,1,1,0,0,success,success
cbf,cbf,target_diagonal_primary,42,480,1,1,0,0,success,success
cbf,cbf,target_diagonal_primary,42,481,1,1,0,0,success,success
cbf,cbf,target_diagonal_primary,42,482,1,1,0,0,success,success
cbf,cbf,target_diagonal_primary,42,483,1,1,0,0,success,success
cbf,cbf,target_diagonal_primary,42,484,1,1,0,0,success,success
cbf,cbf,target_diagonal_primary,42,485,1,1,0,0,success,success
cbf,cbf,target_diagonal_primary,42,486,1,1,0,0,success,success
cbf,cbf,target_diagonal_primary,42,487,0,1,1,0,lateral_heading_drift,success
cbf,cbf,target_diagonal_primary,42,488,1,0,0,1,success,lateral_heading_drift
cbf,cbf,target_diagonal_primary,42,489,1,1,0,0,success,success
cbf,cbf,target_diagonal_primary,42,490,1,1,0,0,success,success
cbf,cbf,target_diagonal_primary,42,491,1,1,0,0,success,success
cbf,cbf,target_diagonal_primary,42,492,1,1,0,0,success,success
cbf,cbf,target_diagonal_primary,42,493,0,1,1,0,lateral_heading_drift,success
cbf,cbf,target_diagonal_primary,42,494,1,1,0,0,success,success
cbf,cbf,target_diagonal_primary,42,495,1,1,0,0,success,success
cbf,cbf,target_diagonal_primary,42,496,1,1,0,0,success,success
cbf,cbf,target_diagonal_primary,42,497,1,1,0,0,success,success
cbf,cbf,target_diagonal_primary,42,498,1,1,0,0,success,success
cbf,cbf,target_diagonal_primary,42,499,1,1,0,0,success,success
cbf,cbf,target_diagonal_primary,42,500,1,1,0,0,success,success
cbf,cbf,target_diagonal_primary,42,501,1,1,0,0,success,success
cbf,cbf,target_diagonal_primary,42,502,1,1,0,0,success,success
cbf,cbf,target_diagonal_primary,42,503,1,1,0,0,success,success
cbf,cbf,target_diagonal_primary,42,504,1,1,0,0,success,success
cbf,cbf,target_diagonal_primary,42,505,1,1,0,0,success,success
cbf,cbf,target_diagonal_primary,42,506,1,1,0,0,success,success
cbf,cbf,target_diagonal_primary,42,507,1,1,0,0,success,success
cbf,cbf,target_diagonal_primary,42,508,1,1,0,0,success,success
cbf,cbf,target_diagonal_primary,42,509,1,1,0,0,success,success
cbf,cbf,target_diagonal_primary,42,510,1,1,0,0,success,success
cbf,cbf,target_diagonal_primary,42,511,1,1,0,0,success,success
cbf,D0,d0_sanity,42,0,0,0,1,1,non_lateral_balance_or_phase,non_lateral_balance_or_phase
cbf,D0,d0_sanity,42,1,1,0,0,1,success,non_lateral_high_cbf_demand
cbf,D0,d0_sanity,42,2,1,1,0,0,success,success
cbf,D0,d0_sanity,42,3,0,1,1,0,non_lateral_high_cbf_demand,success
cbf,D0,d0_sanity,42,4,1,1,0,0,success,success
cbf,D0,d0_sanity,42,5,1,1,0,0,success,success
cbf,D0,d0_sanity,42,6,1,1,0,0,success,success
cbf,D0,d0_sanity,42,7,1,1,0,0,success,success
cbf,D0,d0_sanity,42,8,1,1,0,0,success,success
cbf,D0,d0_sanity,42,9,1,1,0,0,success,success
cbf,D0,d0_sanity,42,10,1,1,0,0,success,success
cbf,D0,d0_sanity,42,11,1,1,0,0,success,success
cbf,D0,d0_sanity,42,12,1,1,0,0,success,success
cbf,D0,d0_sanity,42,13,1,1,0,0,success,success
cbf,D0,d0_sanity,42,14,1,1,0,0,success,success
cbf,D0,d0_sanity,42,15,1,1,0,0,success,success
cbf,D0,d0_sanity,42,16,1,1,0,0,success,success
cbf,D0,d0_sanity,42,17,1,1,0,0,success,success
cbf,D0,d0_sanity,42,18,1,1,0,0,success,success
cbf,D0,d0_sanity,42,19,1,1,0,0,success,success
cbf,D0,d0_sanity,42,20,1,1,0,0,success,success
cbf,D0,d0_sanity,42,21,1,1,0,0,success,success
cbf,D0,d0_sanity,42,22,1,1,0,0,success,success
cbf,D0,d0_sanity,42,23,1,1,0,0,success,success
cbf,D0,d0_sanity,42,24,1,1,0,0,success,success
cbf,D0,d0_sanity,42,25,1,1,0,0,success,success
cbf,D0,d0_sanity,42,26,1,1,0,0,success,success
cbf,D0,d0_sanity,42,27,1,1,0,0,success,success
cbf,D0,d0_sanity,42,28,1,1,0,0,success,success
cbf,D0,d0_sanity,42,29,1,1,0,0,success,success
cbf,D0,d0_sanity,42,30,1,1,0,0,success,success
cbf,D0,d0_sanity,42,31,1,1,0,0,success,success
cbf,D0,d0_sanity,42,32,1,1,0,0,success,success
cbf,D0,d0_sanity,42,33,1,1,0,0,success,success
cbf,D0,d0_sanity,42,34,1,1,0,0,success,success
cbf,D0,d0_sanity,42,35,1,1,0,0,success,success
cbf,D0,d0_sanity,42,36,1,1,0,0,success,success
cbf,D0,d0_sanity,42,37,1,1,0,0,success,success
cbf,D0,d0_sanity,42,38,1,1,0,0,success,success
cbf,D0,d0_sanity,42,39,1,1,0,0,success,success
cbf,D0,d0_sanity,42,40,1,1,0,0,success,success
cbf,D0,d0_sanity,42,41,1,1,0,0,success,success
cbf,D0,d0_sanity,42,42,1,1,0,0,success,success
cbf,D0,d0_sanity,42,43,1,1,0,0,success,success
cbf,D0,d0_sanity,42,44,1,1,0,0,success,success
cbf,D0,d0_sanity,42,45,1,1,0,0,success,success
cbf,D0,d0_sanity,42,46,1,1,0,0,success,success
cbf,D0,d0_sanity,42,47,1,1,0,0,success,success
cbf,D0,d0_sanity,42,48,1,1,0,0,success,success
cbf,D0,d0_sanity,42,49,1,1,0,0,success,success
cbf,D0,d0_sanity,42,50,1,1,0,0,success,success
cbf,D0,d0_sanity,42,51,1,1,0,0,success,success
cbf,D0,d0_sanity,42,52,1,1,0,0,success,success
cbf,D0,d0_sanity,42,53,1,1,0,0,success,success
cbf,D0,d0_sanity,42,54,1,1,0,0,success,success
cbf,D0,d0_sanity,42,55,1,1,0,0,success,success
cbf,D0,d0_sanity,42,56,1,1,0,0,success,success
cbf,D0,d0_sanity,42,57,1,1,0,0,success,success
cbf,D0,d0_sanity,42,58,1,1,0,0,success,success
cbf,D0,d0_sanity,42,59,1,1,0,0,success,success
cbf,D0,d0_sanity,42,60,1,1,0,0,success,success
cbf,D0,d0_sanity,42,61,1,1,0,0,success,success
cbf,D0,d0_sanity,42,62,1,1,0,0,success,success
cbf,D0,d0_sanity,42,63,1,1,0,0,success,success
cbf,D0,d0_sanity,42,64,1,1,0,0,success,success
cbf,D0,d0_sanity,42,65,1,1,0,0,success,success
cbf,D0,d0_sanity,42,66,1,1,0,0,success,success
cbf,D0,d0_sanity,42,67,1,1,0,0,success,success
cbf,D0,d0_sanity,42,68,1,1,0,0,success,success
cbf,D0,d0_sanity,42,69,1,1,0,0,success,success
cbf,D0,d0_sanity,42,70,1,1,0,0,success,success
cbf,D0,d0_sanity,42,71,1,1,0,0,success,success
cbf,D0,d0_sanity,42,72,1,1,0,0,success,success
cbf,D0,d0_sanity,42,73,1,1,0,0,success,success
cbf,D0,d0_sanity,42,74,1,1,0,0,success,success
cbf,D0,d0_sanity,42,75,1,1,0,0,success,success
cbf,D0,d0_sanity,42,76,1,1,0,0,success,success
cbf,D0,d0_sanity,42,77,1,1,0,0,success,success
cbf,D0,d0_sanity,42,78,1,1,0,0,success,success
cbf,D0,d0_sanity,42,79,1,1,0,0,success,success
cbf,D0,d0_sanity,42,80,1,1,0,0,success,success
cbf,D0,d0_sanity,42,81,1,1,0,0,success,success
cbf,D0,d0_sanity,42,82,1,1,0,0,success,success
cbf,D0,d0_sanity,42,83,1,1,0,0,success,success
cbf,D0,d0_sanity,42,84,1,1,0,0,success,success
cbf,D0,d0_sanity,42,85,1,1,0,0,success,success
cbf,D0,d0_sanity,42,86,1,1,0,0,success,success
cbf,D0,d0_sanity,42,87,1,1,0,0,success,success
cbf,D0,d0_sanity,42,88,1,1,0,0,success,success
cbf,D0,d0_sanity,42,89,1,1,0,0,success,success
cbf,D0,d0_sanity,42,90,1,1,0,0,success,success
cbf,D0,d0_sanity,42,91,1,1,0,0,success,success
cbf,D0,d0_sanity,42,92,1,1,0,0,success,success
cbf,D0,d0_sanity,42,93,1,1,0,0,success,success
cbf,D0,d0_sanity,42,94,1,1,0,0,success,success
cbf,D0,d0_sanity,42,95,1,1,0,0,success,success
cbf,D0,d0_sanity,42,96,1,1,0,0,success,success
cbf,D0,d0_sanity,42,97,1,1,0,0,success,success
cbf,D0,d0_sanity,42,98,1,1,0,0,success,success
cbf,D0,d0_sanity,42,99,1,1,0,0,success,success
cbf,D0,d0_sanity,42,100,1,1,0,0,success,success
cbf,D0,d0_sanity,42,101,1,1,0,0,success,success
cbf,D0,d0_sanity,42,102,1,1,0,0,success,success
cbf,D0,d0_sanity,42,103,1,1,0,0,success,success
cbf,D0,d0_sanity,42,104,1,1,0,0,success,success
cbf,D0,d0_sanity,42,105,1,1,0,0,success,success
cbf,D0,d0_sanity,42,106,1,1,0,0,success,success
cbf,D0,d0_sanity,42,107,1,1,0,0,success,success
cbf,D0,d0_sanity,42,108,1,1,0,0,success,success
cbf,D0,d0_sanity,42,109,1,1,0,0,success,success
cbf,D0,d0_sanity,42,110,1,1,0,0,success,success
cbf,D0,d0_sanity,42,111,1,1,0,0,success,success
cbf,D0,d0_sanity,42,112,1,1,0,0,success,success
cbf,D0,d0_sanity,42,113,1,1,0,0,success,success
cbf,D0,d0_sanity,42,114,1,1,0,0,success,success
cbf,D0,d0_sanity,42,115,1,1,0,0,success,success
cbf,D0,d0_sanity,42,116,1,1,0,0,success,success
cbf,D0,d0_sanity,42,117,1,1,0,0,success,success
cbf,D0,d0_sanity,42,118,1,1,0,0,success,success
cbf,D0,d0_sanity,42,119,1,1,0,0,success,success
cbf,D0,d0_sanity,42,120,0,1,0,0,timeout_or_other_nonfall,success
cbf,D0,d0_sanity,42,121,0,0,0,0,timeout_or_other_nonfall,timeout_or_other_nonfall
cbf,D0,d0_sanity,42,122,0,0,0,0,timeout_or_other_nonfall,timeout_or_other_nonfall
cbf,D0,d0_sanity,42,123,0,0,0,0,timeout_or_other_nonfall,timeout_or_other_nonfall
cbf,D0,d0_sanity,42,124,0,0,0,0,timeout_or_other_nonfall,timeout_or_other_nonfall
cbf,D0,d0_sanity,42,125,0,0,0,0,timeout_or_other_nonfall,timeout_or_other_nonfall
cbf,D0,d0_sanity,42,126,0,0,0,0,timeout_or_other_nonfall,timeout_or_other_nonfall
cbf,D0,d0_sanity,42,127,0,0,0,0,timeout_or_other_nonfall,timeout_or_other_nonfall
cbf,D0,d0_sanity,42,128,0,0,1,1,non_lateral_high_cbf_demand,non_lateral_balance_or_phase
cbf,D0,d0_sanity,42,129,1,1,0,0,success,success
cbf,D0,d0_sanity,42,130,1,1,0,0,success,success
cbf,D0,d0_sanity,42,131,1,1,0,0,success,success
cbf,D0,d0_sanity,42,132,1,1,0,0,success,success
cbf,D0,d0_sanity,42,133,1,1,0,0,success,success
cbf,D0,d0_sanity,42,134,1,1,0,0,success,success
cbf,D0,d0_sanity,42,135,1,1,0,0,success,success
cbf,D0,d0_sanity,42,136,1,1,0,0,success,success
cbf,D0,d0_sanity,42,137,1,1,0,0,success,success
cbf,D0,d0_sanity,42,138,1,1,0,0,success,success
cbf,D0,d0_sanity,42,139,1,1,0,0,success,success
cbf,D0,d0_sanity,42,140,1,1,0,0,success,success
cbf,D0,d0_sanity,42,141,1,1,0,0,success,success
cbf,D0,d0_sanity,42,142,1,1,0,0,success,success
cbf,D0,d0_sanity,42,143,1,1,0,0,success,success
cbf,D0,d0_sanity,42,144,1,1,0,0,success,success
cbf,D0,d0_sanity,42,145,1,1,0,0,success,success
cbf,D0,d0_sanity,42,146,1,1,0,0,success,success
cbf,D0,d0_sanity,42,147,1,1,0,0,success,success
cbf,D0,d0_sanity,42,148,1,1,0,0,success,success
cbf,D0,d0_sanity,42,149,1,1,0,0,success,success
cbf,D0,d0_sanity,42,150,1,1,0,0,success,success
cbf,D0,d0_sanity,42,151,1,1,0,0,success,success
cbf,D0,d0_sanity,42,152,1,1,0,0,success,success
cbf,D0,d0_sanity,42,153,1,1,0,0,success,success
cbf,D0,d0_sanity,42,154,1,1,0,0,success,success
cbf,D0,d0_sanity,42,155,1,1,0,0,success,success
cbf,D0,d0_sanity,42,156,1,1,0,0,success,success
cbf,D0,d0_sanity,42,157,1,1,0,0,success,success
cbf,D0,d0_sanity,42,158,1,1,0,0,success,success
cbf,D0,d0_sanity,42,159,1,1,0,0,success,success
cbf,D0,d0_sanity,42,160,1,1,0,0,success,success
cbf,D0,d0_sanity,42,161,1,1,0,0,success,success
cbf,D0,d0_sanity,42,162,1,1,0,0,success,success
cbf,D0,d0_sanity,42,163,1,1,0,0,success,success
cbf,D0,d0_sanity,42,164,1,1,0,0,success,success
cbf,D0,d0_sanity,42,165,1,1,0,0,success,success
cbf,D0,d0_sanity,42,166,1,1,0,0,success,success
cbf,D0,d0_sanity,42,167,1,1,0,0,success,success
cbf,D0,d0_sanity,42,168,1,1,0,0,success,success
cbf,D0,d0_sanity,42,169,1,1,0,0,success,success
cbf,D0,d0_sanity,42,170,1,1,0,0,success,success
cbf,D0,d0_sanity,42,171,1,1,0,0,success,success
cbf,D0,d0_sanity,42,172,1,1,0,0,success,success
cbf,D0,d0_sanity,42,173,1,1,0,0,success,success
cbf,D0,d0_sanity,42,174,1,1,0,0,success,success
cbf,D0,d0_sanity,42,175,1,1,0,0,success,success
cbf,D0,d0_sanity,42,176,1,1,0,0,success,success
cbf,D0,d0_sanity,42,177,1,1,0,0,success,success
cbf,D0,d0_sanity,42,178,1,1,0,0,success,success
cbf,D0,d0_sanity,42,179,1,1,0,0,success,success
cbf,D0,d0_sanity,42,180,1,1,0,0,success,success
cbf,D0,d0_sanity,42,181,0,1,1,0,non_lateral_high_cbf_demand,success
cbf,D0,d0_sanity,42,182,1,1,0,0,success,success
cbf,D0,d0_sanity,42,183,1,1,0,0,success,success
cbf,D0,d0_sanity,42,184,1,1,0,0,success,success
cbf,D0,d0_sanity,42,185,1,1,0,0,success,success
cbf,D0,d0_sanity,42,186,1,1,0,0,success,success
cbf,D0,d0_sanity,42,187,1,1,0,0,success,success
cbf,D0,d0_sanity,42,188,1,1,0,0,success,success
cbf,D0,d0_sanity,42,189,1,1,0,0,success,success
cbf,D0,d0_sanity,42,190,1,0,0,1,success,non_lateral_balance_or_phase
cbf,D0,d0_sanity,42,191,1,1,0,0,success,success
cbf,D0,d0_sanity,42,192,1,1,0,0,success,success
cbf,D0,d0_sanity,42,193,1,1,0,0,success,success
cbf,D0,d0_sanity,42,194,1,1,0,0,success,success
cbf,D0,d0_sanity,42,195,1,1,0,0,success,success
cbf,D0,d0_sanity,42,196,1,1,0,0,success,success
cbf,D0,d0_sanity,42,197,1,1,0,0,success,success
cbf,D0,d0_sanity,42,198,1,1,0,0,success,success
cbf,D0,d0_sanity,42,199,1,1,0,0,success,success
cbf,D0,d0_sanity,42,200,1,1,0,0,success,success
cbf,D0,d0_sanity,42,201,1,1,0,0,success,success
cbf,D0,d0_sanity,42,202,1,1,0,0,success,success
cbf,D0,d0_sanity,42,203,1,1,0,0,success,success
cbf,D0,d0_sanity,42,204,1,1,0,0,success,success
cbf,D0,d0_sanity,42,205,1,1,0,0,success,success
cbf,D0,d0_sanity,42,206,1,1,0,0,success,success
cbf,D0,d0_sanity,42,207,1,1,0,0,success,success
cbf,D0,d0_sanity,42,208,1,1,0,0,success,success
cbf,D0,d0_sanity,42,209,1,1,0,0,success,success
cbf,D0,d0_sanity,42,210,1,1,0,0,success,success
cbf,D0,d0_sanity,42,211,1,1,0,0,success,success
cbf,D0,d0_sanity,42,212,1,1,0,0,success,success
cbf,D0,d0_sanity,42,213,1,1,0,0,success,success
cbf,D0,d0_sanity,42,214,1,1,0,0,success,success
cbf,D0,d0_sanity,42,215,1,1,0,0,success,success
cbf,D0,d0_sanity,42,216,1,1,0,0,success,success
cbf,D0,d0_sanity,42,217,1,1,0,0,success,success
cbf,D0,d0_sanity,42,218,1,1,0,0,success,success
cbf,D0,d0_sanity,42,219,1,1,0,0,success,success
cbf,D0,d0_sanity,42,220,1,1,0,0,success,success
cbf,D0,d0_sanity,42,221,1,1,0,0,success,success
cbf,D0,d0_sanity,42,222,1,1,0,0,success,success
cbf,D0,d0_sanity,42,223,1,1,0,0,success,success
cbf,D0,d0_sanity,42,224,1,1,0,0,success,success
cbf,D0,d0_sanity,42,225,1,1,0,0,success,success
cbf,D0,d0_sanity,42,226,1,1,0,0,success,success
cbf,D0,d0_sanity,42,227,1,1,0,0,success,success
cbf,D0,d0_sanity,42,228,1,1,0,0,success,success
cbf,D0,d0_sanity,42,229,1,1,0,0,success,success
cbf,D0,d0_sanity,42,230,1,1,0,0,success,success
cbf,D0,d0_sanity,42,231,1,1,0,0,success,success
cbf,D0,d0_sanity,42,232,1,1,0,0,success,success
cbf,D0,d0_sanity,42,233,1,1,0,0,success,success
cbf,D0,d0_sanity,42,234,1,1,0,0,success,success
cbf,D0,d0_sanity,42,235,1,1,0,0,success,success
cbf,D0,d0_sanity,42,236,1,1,0,0,success,success
cbf,D0,d0_sanity,42,237,1,1,0,0,success,success
cbf,D0,d0_sanity,42,238,1,1,0,0,success,success
cbf,D0,d0_sanity,42,239,1,1,0,0,success,success
cbf,D0,d0_sanity,42,240,1,1,0,0,success,success
cbf,D0,d0_sanity,42,241,1,1,0,0,success,success
cbf,D0,d0_sanity,42,242,1,1,0,0,success,success
cbf,D0,d0_sanity,42,243,1,1,0,0,success,success
cbf,D0,d0_sanity,42,244,1,1,0,0,success,success
cbf,D0,d0_sanity,42,245,1,1,0,0,success,success
cbf,D0,d0_sanity,42,246,0,1,0,0,timeout_or_other_nonfall,success
cbf,D0,d0_sanity,42,247,0,0,0,0,timeout_or_other_nonfall,timeout_or_other_nonfall
cbf,D0,d0_sanity,42,248,0,0,0,0,timeout_or_other_nonfall,timeout_or_other_nonfall
cbf,D0,d0_sanity,42,249,0,0,0,0,timeout_or_other_nonfall,timeout_or_other_nonfall
cbf,D0,d0_sanity,42,250,0,0,0,0,timeout_or_other_nonfall,timeout_or_other_nonfall
cbf,D0,d0_sanity,42,251,0,0,0,0,timeout_or_other_nonfall,timeout_or_other_nonfall
cbf,D0,d0_sanity,42,252,0,0,0,0,timeout_or_other_nonfall,timeout_or_other_nonfall
cbf,D0,d0_sanity,42,253,0,0,0,0,timeout_or_other_nonfall,timeout_or_other_nonfall
cbf,D0,d0_sanity,42,254,0,0,0,0,timeout_or_other_nonfall,timeout_or_other_nonfall
cbf,D0,d0_sanity,42,255,0,0,0,0,timeout_or_other_nonfall,timeout_or_other_nonfall
cbf,cbf,target_diagonal_primary,142,0,0,0,1,1,non_lateral_balance_or_phase,lateral_heading_drift
cbf,cbf,target_diagonal_primary,142,1,0,0,1,1,non_lateral_high_cbf_demand,non_lateral_high_cbf_demand
cbf,cbf,target_diagonal_primary,142,2,0,0,1,1,lateral_heading_drift,non_lateral_high_cbf_demand
cbf,cbf,target_diagonal_primary,142,3,0,0,1,1,lateral_heading_drift,non_lateral_high_cbf_demand
cbf,cbf,target_diagonal_primary,142,4,0,0,1,1,non_lateral_high_cbf_demand,non_lateral_high_cbf_demand
cbf,cbf,target_diagonal_primary,142,5,0,0,1,1,non_lateral_high_cbf_demand,non_lateral_high_cbf_demand
cbf,cbf,target_diagonal_primary,142,6,0,0,1,1,non_lateral_high_cbf_demand,non_lateral_high_cbf_demand
cbf,cbf,target_diagonal_primary,142,7,0,0,1,1,lateral_heading_drift,non_lateral_high_cbf_demand
cbf,cbf,target_diagonal_primary,142,8,0,0,1,1,non_lateral_balance_or_phase,lateral_heading_drift
cbf,cbf,target_diagonal_primary,142,9,0,0,1,1,non_lateral_high_cbf_demand,non_lateral_high_cbf_demand
cbf,cbf,target_diagonal_primary,142,10,0,0,1,1,non_lateral_high_cbf_demand,non_lateral_high_cbf_demand
cbf,cbf,target_diagonal_primary,142,11,0,0,1,1,lateral_heading_drift,non_lateral_high_cbf_demand
cbf,cbf,target_diagonal_primary,142,12,0,0,1,1,lateral_heading_drift,non_lateral_balance_or_phase
cbf,cbf,target_diagonal_primary,142,13,0,0,1,1,non_lateral_high_cbf_demand,non_lateral_high_cbf_demand
cbf,cbf,target_diagonal_primary,142,14,0,0,1,1,non_lateral_balance_or_phase,non_lateral_high_cbf_demand
cbf,cbf,target_diagonal_primary,142,15,0,0,1,1,non_lateral_high_cbf_demand,non_lateral_high_cbf_demand
cbf,cbf,target_diagonal_primary,142,16,0,0,1,1,non_lateral_balance_or_phase,lateral_heading_drift
cbf,cbf,target_diagonal_primary,142,17,0,0,1,1,non_lateral_high_cbf_demand,lateral_heading_drift
cbf,cbf,target_diagonal_primary,142,18,1,0,0,1,success,lateral_heading_drift
cbf,cbf,target_diagonal_primary,142,19,0,0,1,1,non_lateral_high_cbf_demand,lateral_heading_drift
cbf,cbf,target_diagonal_primary,142,20,0,0,1,1,non_lateral_high_cbf_demand,non_lateral_high_cbf_demand
cbf,cbf,target_diagonal_primary,142,21,1,0,0,1,success,non_lateral_high_cbf_demand
cbf,cbf,target_diagonal_primary,142,22,1,0,0,1,success,non_lateral_balance_or_phase
cbf,cbf,target_diagonal_primary,142,23,1,0,0,1,success,non_lateral_high_cbf_demand
cbf,cbf,target_diagonal_primary,142,24,0,0,1,1,non_lateral_high_cbf_demand,non_lateral_high_cbf_demand
cbf,cbf,target_diagonal_primary,142,25,1,0,0,1,success,non_lateral_high_cbf_demand
cbf,cbf,target_diagonal_primary,142,26,1,1,0,0,success,success
cbf,cbf,target_diagonal_primary,142,27,1,0,0,1,success,non_lateral_high_cbf_demand
cbf,cbf,target_diagonal_primary,142,28,1,1,0,0,success,success
cbf,cbf,target_diagonal_primary,142,29,1,1,0,0,success,success
cbf,cbf,target_diagonal_primary,142,30,1,1,0,0,success,success
cbf,cbf,target_diagonal_primary,142,31,1,1,0,0,success,success
cbf,cbf,target_diagonal_primary,142,32,1,1,0,0,success,success
cbf,cbf,target_diagonal_primary,142,33,1,0,0,1,success,non_lateral_high_cbf_demand
cbf,cbf,target_diagonal_primary,142,34,1,1,0,0,success,success
cbf,cbf,target_diagonal_primary,142,35,1,1,0,0,success,success
cbf,cbf,target_diagonal_primary,142,36,1,1,0,0,success,success
cbf,cbf,target_diagonal_primary,142,37,1,1,0,0,success,success
cbf,cbf,target_diagonal_primary,142,38,1,1,0,0,success,success
cbf,cbf,target_diagonal_primary,142,39,1,1,0,0,success,success
cbf,cbf,target_diagonal_primary,142,40,1,1,0,0,success,success
cbf,cbf,target_diagonal_primary,142,41,1,1,0,0,success,success
cbf,cbf,target_diagonal_primary,142,42,1,1,0,0,success,success
cbf,cbf,target_diagonal_primary,142,43,1,1,0,0,success,success
cbf,cbf,target_diagonal_primary,142,44,1,1,0,0,success,success
cbf,cbf,target_diagonal_primary,142,45,1,1,0,0,success,success
cbf,cbf,target_diagonal_primary,142,46,1,1,0,0,success,success
cbf,cbf,target_diagonal_primary,142,47,1,1,0,0,success,success
cbf,cbf,target_diagonal_primary,142,48,1,1,0,0,success,success
cbf,cbf,target_diagonal_primary,142,49,1,1,0,0,success,success
cbf,cbf,target_diagonal_primary,142,50,1,1,0,0,success,success
cbf,cbf,target_diagonal_primary,142,51,1,1,0,0,success,success
cbf,cbf,target_diagonal_primary,142,52,1,1,0,0,success,success
cbf,cbf,target_diagonal_primary,142,53,1,1,0,0,success,success
cbf,cbf,target_diagonal_primary,142,54,1,1,0,0,success,success
cbf,cbf,target_diagonal_primary,142,55,1,1,0,0,success,success
cbf,cbf,target_diagonal_primary,142,56,1,1,0,0,success,success
cbf,cbf,target_diagonal_primary,142,57,1,1,0,0,success,success
cbf,cbf,target_diagonal_primary,142,58,1,1,0,0,success,success
cbf,cbf,target_diagonal_primary,142,59,1,1,0,0,success,success
cbf,cbf,target_diagonal_primary,142,60,1,1,0,0,success,success
cbf,cbf,target_diagonal_primary,142,61,1,1,0,0,success,success
cbf,cbf,target_diagonal_primary,142,62,1,1,0,0,success,success
cbf,cbf,target_diagonal_primary,142,63,1,1,0,0,success,success
cbf,cbf,target_diagonal_primary,142,64,1,1,0,0,success,success
cbf,cbf,target_diagonal_primary,142,65,1,1,0,0,success,success
cbf,cbf,target_diagonal_primary,142,66,1,1,0,0,success,success
cbf,cbf,target_diagonal_primary,142,67,1,1,0,0,success,success
cbf,cbf,target_diagonal_primary,142,68,1,1,0,0,success,success
cbf,cbf,target_diagonal_primary,142,69,1,1,0,0,success,success
cbf,cbf,target_diagonal_primary,142,70,1,1,0,0,success,success
cbf,cbf,target_diagonal_primary,142,71,1,1,0,0,success,success
cbf,cbf,target_diagonal_primary,142,72,1,1,0,0,success,success
cbf,cbf,target_diagonal_primary,142,73,1,1,0,0,success,success
cbf,cbf,target_diagonal_primary,142,74,1,1,0,0,success,success
cbf,cbf,target_diagonal_primary,142,75,1,1,0,0,success,success
cbf,cbf,target_diagonal_primary,142,76,1,1,0,0,success,success
cbf,cbf,target_diagonal_primary,142,77,1,1,0,0,success,success
cbf,cbf,target_diagonal_primary,142,78,1,1,0,0,success,success
cbf,cbf,target_diagonal_primary,142,79,1,1,0,0,success,success
cbf,cbf,target_diagonal_primary,142,80,1,1,0,0,success,success
cbf,cbf,target_diagonal_primary,142,81,1,1,0,0,success,success
cbf,cbf,target_diagonal_primary,142,82,1,1,0,0,success,success
cbf,cbf,target_diagonal_primary,142,83,1,1,0,0,success,success
cbf,cbf,target_diagonal_primary,142,84,1,1,0,0,success,success
cbf,cbf,target_diagonal_primary,142,85,1,1,0,0,success,success
cbf,cbf,target_diagonal_primary,142,86,1,1,0,0,success,success
cbf,cbf,target_diagonal_primary,142,87,1,1,0,0,success,success
cbf,cbf,target_diagonal_primary,142,88,1,1,0,0,success,success
cbf,cbf,target_diagonal_primary,142,89,1,1,0,0,success,success
cbf,cbf,target_diagonal_primary,142,90,1,0,0,1,success,non_lateral_high_cbf_demand
cbf,cbf,target_diagonal_primary,142,91,1,1,0,0,success,success
cbf,cbf,target_diagonal_primary,142,92,1,1,0,0,success,success
cbf,cbf,target_diagonal_primary,142,93,1,1,0,0,success,success
cbf,cbf,target_diagonal_primary,142,94,1,1,0,0,success,success
cbf,cbf,target_diagonal_primary,142,95,1,0,0,1,success,lateral_heading_drift
cbf,cbf,target_diagonal_primary,142,96,1,1,0,0,success,success
cbf,cbf,target_diagonal_primary,142,97,1,1,0,0,success,success
cbf,cbf,target_diagonal_primary,142,98,1,1,0,0,success,success
cbf,cbf,target_diagonal_primary,142,99,1,1,0,0,success,success
cbf,cbf,target_diagonal_primary,142,100,1,1,0,0,success,success
cbf,cbf,target_diagonal_primary,142,101,1,1,0,0,success,success
cbf,cbf,target_diagonal_primary,142,102,1,1,0,0,success,success
cbf,cbf,target_diagonal_primary,142,103,1,1,0,0,success,success
cbf,cbf,target_diagonal_primary,142,104,1,1,0,0,success,success
cbf,cbf,target_diagonal_primary,142,105,1,0,0,1,success,non_lateral_high_cbf_demand
cbf,cbf,target_diagonal_primary,142,106,1,1,0,0,success,success
cbf,cbf,target_diagonal_primary,142,107,1,1,0,0,success,success
cbf,cbf,target_diagonal_primary,142,108,1,1,0,0,success,success
cbf,cbf,target_diagonal_primary,142,109,1,1,0,0,success,success
cbf,cbf,target_diagonal_primary,142,110,1,1,0,0,success,success
cbf,cbf,target_diagonal_primary,142,111,1,1,0,0,success,success
cbf,cbf,target_diagonal_primary,142,112,1,1,0,0,success,success
cbf,cbf,target_diagonal_primary,142,113,1,1,0,0,success,success
cbf,cbf,target_diagonal_primary,142,114,1,0,0,1,success,lateral_heading_drift
cbf,cbf,target_diagonal_primary,142,115,1,1,0,0,success,success
cbf,cbf,target_diagonal_primary,142,116,1,1,0,0,success,success
cbf,cbf,target_diagonal_primary,142,117,1,1,0,0,success,success
cbf,cbf,target_diagonal_primary,142,118,1,1,0,0,success,success
cbf,cbf,target_diagonal_primary,142,119,1,1,0,0,success,success
cbf,cbf,target_diagonal_primary,142,120,1,1,0,0,success,success
cbf,cbf,target_diagonal_primary,142,121,1,0,0,1,success,lateral_heading_drift
cbf,cbf,target_diagonal_primary,142,122,1,1,0,0,success,success
cbf,cbf,target_diagonal_primary,142,123,1,1,0,0,success,success
cbf,cbf,target_diagonal_primary,142,124,1,1,0,0,success,success
cbf,cbf,target_diagonal_primary,142,125,1,1,0,0,success,success
cbf,cbf,target_diagonal_primary,142,126,1,1,0,0,success,success
cbf,cbf,target_diagonal_primary,142,127,1,0,0,1,success,lateral_heading_drift
cbf,cbf,target_diagonal_primary,142,128,0,0,1,1,non_lateral_high_cbf_demand,non_lateral_balance_or_phase
cbf,cbf,target_diagonal_primary,142,129,0,0,1,1,lateral_heading_drift,lateral_heading_drift
cbf,cbf,target_diagonal_primary,142,130,0,0,1,1,non_lateral_high_cbf_demand,non_lateral_high_cbf_demand
cbf,cbf,target_diagonal_primary,142,131,0,0,1,1,non_lateral_high_cbf_demand,non_lateral_high_cbf_demand
cbf,cbf,target_diagonal_primary,142,132,0,0,1,1,non_lateral_high_cbf_demand,non_lateral_high_cbf_demand
cbf,cbf,target_diagonal_primary,142,133,0,0,1,1,non_lateral_balance_or_phase,non_lateral_high_cbf_demand
cbf,cbf,target_diagonal_primary,142,134,0,0,1,1,non_lateral_high_cbf_demand,non_lateral_high_cbf_demand
cbf,cbf,target_diagonal_primary,142,135,0,0,1,1,non_lateral_high_cbf_demand,non_lateral_high_cbf_demand
cbf,cbf,target_diagonal_primary,142,136,0,0,1,1,non_lateral_high_cbf_demand,non_lateral_high_cbf_demand
cbf,cbf,target_diagonal_primary,142,137,0,0,1,1,non_lateral_high_cbf_demand,non_lateral_high_cbf_demand
cbf,cbf,target_diagonal_primary,142,138,0,0,1,1,non_lateral_high_cbf_demand,non_lateral_high_cbf_demand
cbf,cbf,target_diagonal_primary,142,139,0,0,1,1,lateral_heading_drift,non_lateral_high_cbf_demand
cbf,cbf,target_diagonal_primary,142,140,0,0,1,1,non_lateral_high_cbf_demand,non_lateral_high_cbf_demand
cbf,cbf,target_diagonal_primary,142,141,0,0,1,1,non_lateral_high_cbf_demand,non_lateral_high_cbf_demand
cbf,cbf,target_diagonal_primary,142,142,0,0,1,1,non_lateral_high_cbf_demand,non_lateral_high_cbf_demand
cbf,cbf,target_diagonal_primary,142,143,0,0,1,1,non_lateral_high_cbf_demand,non_lateral_high_cbf_demand
cbf,cbf,target_diagonal_primary,142,144,0,0,1,1,lateral_heading_drift,non_lateral_high_cbf_demand
cbf,cbf,target_diagonal_primary,142,145,0,0,1,1,non_lateral_high_cbf_demand,non_lateral_high_cbf_demand
cbf,cbf,target_diagonal_primary,142,146,0,0,1,1,non_lateral_high_cbf_demand,non_lateral_high_cbf_demand
cbf,cbf,target_diagonal_primary,142,147,0,0,1,1,non_lateral_high_cbf_demand,non_lateral_high_cbf_demand
cbf,cbf,target_diagonal_primary,142,148,0,0,1,1,non_lateral_high_cbf_demand,lateral_heading_drift
cbf,cbf,target_diagonal_primary,142,149,0,0,1,1,non_lateral_high_cbf_demand,non_lateral_high_cbf_demand
cbf,cbf,target_diagonal_primary,142,150,0,0,1,1,non_lateral_high_cbf_demand,non_lateral_high_cbf_demand
cbf,cbf,target_diagonal_primary,142,151,0,0,1,1,non_lateral_high_cbf_demand,non_lateral_high_cbf_demand
cbf,cbf,target_diagonal_primary,142,152,1,0,0,1,success,non_lateral_high_cbf_demand
cbf,cbf,target_diagonal_primary,142,153,1,1,0,0,success,success
cbf,cbf,target_diagonal_primary,142,154,1,0,0,1,success,lateral_heading_drift
cbf,cbf,target_diagonal_primary,142,155,1,0,0,1,success,non_lateral_high_cbf_demand
cbf,cbf,target_diagonal_primary,142,156,1,0,0,1,success,non_lateral_high_cbf_demand
cbf,cbf,target_diagonal_primary,142,157,1,1,0,0,success,success
cbf,cbf,target_diagonal_primary,142,158,1,0,0,1,success,lateral_heading_drift
cbf,cbf,target_diagonal_primary,142,159,1,1,0,0,success,success
cbf,cbf,target_diagonal_primary,142,160,1,0,0,1,success,lateral_heading_drift
cbf,cbf,target_diagonal_primary,142,161,1,1,0,0,success,success
cbf,cbf,target_diagonal_primary,142,162,1,1,0,0,success,success
cbf,cbf,target_diagonal_primary,142,163,1,1,0,0,success,success
cbf,cbf,target_diagonal_primary,142,164,0,0,1,1,non_lateral_high_cbf_demand,non_lateral_high_cbf_demand
cbf,cbf,target_diagonal_primary,142,165,1,1,0,0,success,success
cbf,cbf,target_diagonal_primary,142,166,1,1,0,0,success,success
cbf,cbf,target_diagonal_primary,142,167,1,1,0,0,success,success
cbf,cbf,target_diagonal_primary,142,168,1,1,0,0,success,success
cbf,cbf,target_diagonal_primary,142,169,1,1,0,0,success,success
cbf,cbf,target_diagonal_primary,142,170,1,1,0,0,success,success
cbf,cbf,target_diagonal_primary,142,171,1,1,0,0,success,success
cbf,cbf,target_diagonal_primary,142,172,1,1,0,0,success,success
cbf,cbf,target_diagonal_primary,142,173,1,1,0,0,success,success
cbf,cbf,target_diagonal_primary,142,174,1,1,0,0,success,success
cbf,cbf,target_diagonal_primary,142,175,1,1,0,0,success,success
cbf,cbf,target_diagonal_primary,142,176,1,1,0,0,success,success
cbf,cbf,target_diagonal_primary,142,177,1,1,0,0,success,success
cbf,cbf,target_diagonal_primary,142,178,1,1,0,0,success,success
cbf,cbf,target_diagonal_primary,142,179,1,1,0,0,success,success
cbf,cbf,target_diagonal_primary,142,180,1,1,0,0,success,success
cbf,cbf,target_diagonal_primary,142,181,1,1,0,0,success,success
cbf,cbf,target_diagonal_primary,142,182,1,1,0,0,success,success
cbf,cbf,target_diagonal_primary,142,183,1,1,0,0,success,success
cbf,cbf,target_diagonal_primary,142,184,1,1,0,0,success,success
cbf,cbf,target_diagonal_primary,142,185,1,1,0,0,success,success
cbf,cbf,target_diagonal_primary,142,186,1,1,0,0,success,success
cbf,cbf,target_diagonal_primary,142,187,1,1,0,0,success,success
cbf,cbf,target_diagonal_primary,142,188,1,1,0,0,success,success
cbf,cbf,target_diagonal_primary,142,189,1,1,0,0,success,success
cbf,cbf,target_diagonal_primary,142,190,1,1,0,0,success,success
cbf,cbf,target_diagonal_primary,142,191,1,1,0,0,success,success
cbf,cbf,target_diagonal_primary,142,192,1,1,0,0,success,success
cbf,cbf,target_diagonal_primary,142,193,1,1,0,0,success,success
cbf,cbf,target_diagonal_primary,142,194,1,1,0,0,success,success
cbf,cbf,target_diagonal_primary,142,195,1,1,0,0,success,success
cbf,cbf,target_diagonal_primary,142,196,1,1,0,0,success,success
cbf,cbf,target_diagonal_primary,142,197,1,1,0,0,success,success
cbf,cbf,target_diagonal_primary,142,198,1,1,0,0,success,success
cbf,cbf,target_diagonal_primary,142,199,1,1,0,0,success,success
cbf,cbf,target_diagonal_primary,142,200,1,1,0,0,success,success
cbf,cbf,target_diagonal_primary,142,201,1,1,0,0,success,success
cbf,cbf,target_diagonal_primary,142,202,1,1,0,0,success,success
cbf,cbf,target_diagonal_primary,142,203,1,1,0,0,success,success
cbf,cbf,target_diagonal_primary,142,204,0,1,1,0,lateral_heading_drift,success
cbf,cbf,target_diagonal_primary,142,205,1,1,0,0,success,success
cbf,cbf,target_diagonal_primary,142,206,1,1,0,0,success,success
cbf,cbf,target_diagonal_primary,142,207,1,1,0,0,success,success
cbf,cbf,target_diagonal_primary,142,208,1,1,0,0,success,success
cbf,cbf,target_diagonal_primary,142,209,1,1,0,0,success,success
cbf,cbf,target_diagonal_primary,142,210,1,1,0,0,success,success
cbf,cbf,target_diagonal_primary,142,211,1,1,0,0,success,success
cbf,cbf,target_diagonal_primary,142,212,1,1,0,0,success,success
cbf,cbf,target_diagonal_primary,142,213,1,1,0,0,success,success
cbf,cbf,target_diagonal_primary,142,214,1,1,0,0,success,success
cbf,cbf,target_diagonal_primary,142,215,1,1,0,0,success,success
cbf,cbf,target_diagonal_primary,142,216,1,1,0,0,success,success
cbf,cbf,target_diagonal_primary,142,217,1,1,0,0,success,success
cbf,cbf,target_diagonal_primary,142,218,1,1,0,0,success,success
cbf,cbf,target_diagonal_primary,142,219,1,1,0,0,success,success
cbf,cbf,target_diagonal_primary,142,220,1,0,0,1,success,lateral_heading_drift
cbf,cbf,target_diagonal_primary,142,221,1,1,0,0,success,success
cbf,cbf,target_diagonal_primary,142,222,1,1,0,0,success,success
cbf,cbf,target_diagonal_primary,142,223,1,1,0,0,success,success
cbf,cbf,target_diagonal_primary,142,224,1,1,0,0,success,success
cbf,cbf,target_diagonal_primary,142,225,1,1,0,0,success,success
cbf,cbf,target_diagonal_primary,142,226,1,1,0,0,success,success
cbf,cbf,target_diagonal_primary,142,227,1,1,0,0,success,success
cbf,cbf,target_diagonal_primary,142,228,1,1,0,0,success,success
cbf,cbf,target_diagonal_primary,142,229,1,1,0,0,success,success
cbf,cbf,target_diagonal_primary,142,230,1,1,0,0,success,success
cbf,cbf,target_diagonal_primary,142,231,1,1,0,0,success,success
cbf,cbf,target_diagonal_primary,142,232,1,1,0,0,success,success
cbf,cbf,target_diagonal_primary,142,233,1,1,0,0,success,success
cbf,cbf,target_diagonal_primary,142,234,1,1,0,0,success,success
cbf,cbf,target_diagonal_primary,142,235,1,1,0,0,success,success
cbf,cbf,target_diagonal_primary,142,236,1,1,0,0,success,success
cbf,cbf,target_diagonal_primary,142,237,1,1,0,0,success,success
cbf,cbf,target_diagonal_primary,142,238,1,1,0,0,success,success
cbf,cbf,target_diagonal_primary,142,239,1,1,0,0,success,success
cbf,cbf,target_diagonal_primary,142,240,1,1,0,0,success,success
cbf,cbf,target_diagonal_primary,142,241,1,1,0,0,success,success
cbf,cbf,target_diagonal_primary,142,242,1,1,0,0,success,success
cbf,cbf,target_diagonal_primary,142,243,1,0,0,1,success,lateral_heading_drift
cbf,cbf,target_diagonal_primary,142,244,1,1,0,0,success,success
cbf,cbf,target_diagonal_primary,142,245,1,1,0,0,success,success
cbf,cbf,target_diagonal_primary,142,246,1,1,0,0,success,success
cbf,cbf,target_diagonal_primary,142,247,1,0,0,1,success,lateral_heading_drift
cbf,cbf,target_diagonal_primary,142,248,1,0,0,1,success,lateral_heading_drift
cbf,cbf,target_diagonal_primary,142,249,1,1,0,0,success,success
cbf,cbf,target_diagonal_primary,142,250,1,1,0,0,success,success
cbf,cbf,target_diagonal_primary,142,251,1,1,0,0,success,success
cbf,cbf,target_diagonal_primary,142,252,1,1,0,0,success,success
cbf,cbf,target_diagonal_primary,142,253,1,1,0,0,success,success
cbf,cbf,target_diagonal_primary,142,254,1,1,0,0,success,success
cbf,cbf,target_diagonal_primary,142,255,1,1,0,0,success,success
cbf,cbf,target_diagonal_primary,142,256,0,0,1,1,non_lateral_high_cbf_demand,non_lateral_high_cbf_demand
cbf,cbf,target_diagonal_primary,142,257,0,0,1,1,non_lateral_high_cbf_demand,non_lateral_high_cbf_demand
cbf,cbf,target_diagonal_primary,142,258,0,0,1,1,non_lateral_high_cbf_demand,non_lateral_high_cbf_demand
cbf,cbf,target_diagonal_primary,142,259,0,0,1,1,non_lateral_high_cbf_demand,non_lateral_high_cbf_demand
cbf,cbf,target_diagonal_primary,142,260,0,0,1,1,non_lateral_high_cbf_demand,non_lateral_high_cbf_demand
cbf,cbf,target_diagonal_primary,142,261,0,0,1,1,non_lateral_high_cbf_demand,non_lateral_balance_or_phase
cbf,cbf,target_diagonal_primary,142,262,0,0,1,1,non_lateral_high_cbf_demand,non_lateral_high_cbf_demand
cbf,cbf,target_diagonal_primary,142,263,0,0,1,1,non_lateral_high_cbf_demand,lateral_heading_drift
cbf,cbf,target_diagonal_primary,142,264,0,0,1,1,lateral_heading_drift,non_lateral_high_cbf_demand
cbf,cbf,target_diagonal_primary,142,265,0,0,1,1,non_lateral_high_cbf_demand,non_lateral_high_cbf_demand
cbf,cbf,target_diagonal_primary,142,266,0,0,1,1,lateral_heading_drift,non_lateral_high_cbf_demand
cbf,cbf,target_diagonal_primary,142,267,0,0,1,1,non_lateral_high_cbf_demand,non_lateral_balance_or_phase
cbf,cbf,target_diagonal_primary,142,268,0,0,1,1,non_lateral_high_cbf_demand,non_lateral_high_cbf_demand
cbf,cbf,target_diagonal_primary,142,269,0,0,1,1,non_lateral_high_cbf_demand,non_lateral_high_cbf_demand
cbf,cbf,target_diagonal_primary,142,270,0,0,1,1,non_lateral_high_cbf_demand,non_lateral_high_cbf_demand
cbf,cbf,target_diagonal_primary,142,271,0,0,1,1,non_lateral_high_cbf_demand,non_lateral_high_cbf_demand
cbf,cbf,target_diagonal_primary,142,272,0,0,1,1,non_lateral_balance_or_phase,non_lateral_high_cbf_demand
cbf,cbf,target_diagonal_primary,142,273,0,0,1,1,non_lateral_high_cbf_demand,non_lateral_balance_or_phase
cbf,cbf,target_diagonal_primary,142,274,0,0,1,1,non_lateral_high_cbf_demand,non_lateral_high_cbf_demand
cbf,cbf,target_diagonal_primary,142,275,0,0,1,1,non_lateral_high_cbf_demand,non_lateral_high_cbf_demand
cbf,cbf,target_diagonal_primary,142,276,0,0,1,1,non_lateral_high_cbf_demand,lateral_heading_drift
cbf,cbf,target_diagonal_primary,142,277,1,0,0,1,success,non_lateral_high_cbf_demand
cbf,cbf,target_diagonal_primary,142,278,0,0,1,1,non_lateral_high_cbf_demand,non_lateral_high_cbf_demand
cbf,cbf,target_diagonal_primary,142,279,1,1,0,0,success,success
cbf,cbf,target_diagonal_primary,142,280,0,0,1,1,non_lateral_high_cbf_demand,non_lateral_high_cbf_demand
cbf,cbf,target_diagonal_primary,142,281,0,0,1,1,non_lateral_high_cbf_demand,non_lateral_high_cbf_demand
cbf,cbf,target_diagonal_primary,142,282,0,0,1,1,non_lateral_high_cbf_demand,lateral_heading_drift
cbf,cbf,target_diagonal_primary,142,283,1,0,0,1,success,non_lateral_high_cbf_demand
cbf,cbf,target_diagonal_primary,142,284,1,1,0,0,success,success
cbf,cbf,target_diagonal_primary,142,285,1,1,0,0,success,success
cbf,cbf,target_diagonal_primary,142,286,1,1,0,0,success,success
cbf,cbf,target_diagonal_primary,142,287,1,1,0,0,success,success
cbf,cbf,target_diagonal_primary,142,288,1,1,0,0,success,success
cbf,cbf,target_diagonal_primary,142,289,1,1,0,0,success,success
cbf,cbf,target_diagonal_primary,142,290,1,1,0,0,success,success
cbf,cbf,target_diagonal_primary,142,291,1,1,0,0,success,success
cbf,cbf,target_diagonal_primary,142,292,1,1,0,0,success,success
cbf,cbf,target_diagonal_primary,142,293,1,1,0,0,success,success
cbf,cbf,target_diagonal_primary,142,294,1,1,0,0,success,success
cbf,cbf,target_diagonal_primary,142,295,1,1,0,0,success,success
cbf,cbf,target_diagonal_primary,142,296,1,0,0,1,success,non_lateral_high_cbf_demand
cbf,cbf,target_diagonal_primary,142,297,1,1,0,0,success,success
cbf,cbf,target_diagonal_primary,142,298,1,1,0,0,success,success
cbf,cbf,target_diagonal_primary,142,299,1,1,0,0,success,success
cbf,cbf,target_diagonal_primary,142,300,1,1,0,0,success,success
cbf,cbf,target_diagonal_primary,142,301,1,1,0,0,success,success
cbf,cbf,target_diagonal_primary,142,302,1,1,0,0,success,success
cbf,cbf,target_diagonal_primary,142,303,1,1,0,0,success,success
cbf,cbf,target_diagonal_primary,142,304,1,1,0,0,success,success
cbf,cbf,target_diagonal_primary,142,305,1,1,0,0,success,success
cbf,cbf,target_diagonal_primary,142,306,1,0,0,1,success,lateral_heading_drift
cbf,cbf,target_diagonal_primary,142,307,1,0,0,1,success,lateral_heading_drift
cbf,cbf,target_diagonal_primary,142,308,1,1,0,0,success,success
cbf,cbf,target_diagonal_primary,142,309,1,1,0,0,success,success
cbf,cbf,target_diagonal_primary,142,310,1,1,0,0,success,success
cbf,cbf,target_diagonal_primary,142,311,1,1,0,0,success,success
cbf,cbf,target_diagonal_primary,142,312,1,1,0,0,success,success
cbf,cbf,target_diagonal_primary,142,313,1,1,0,0,success,success
cbf,cbf,target_diagonal_primary,142,314,1,1,0,0,success,success
cbf,cbf,target_diagonal_primary,142,315,1,1,0,0,success,success
cbf,cbf,target_diagonal_primary,142,316,1,1,0,0,success,success
cbf,cbf,target_diagonal_primary,142,317,1,1,0,0,success,success
cbf,cbf,target_diagonal_primary,142,318,1,1,0,0,success,success
cbf,cbf,target_diagonal_primary,142,319,1,1,0,0,success,success
cbf,cbf,target_diagonal_primary,142,320,1,1,0,0,success,success
cbf,cbf,target_diagonal_primary,142,321,1,1,0,0,success,success
cbf,cbf,target_diagonal_primary,142,322,1,1,0,0,success,success
cbf,cbf,target_diagonal_primary,142,323,1,1,0,0,success,success
cbf,cbf,target_diagonal_primary,142,324,1,1,0,0,success,success
cbf,cbf,target_diagonal_primary,142,325,1,1,0,0,success,success
cbf,cbf,target_diagonal_primary,142,326,1,0,0,1,success,non_lateral_high_cbf_demand
cbf,cbf,target_diagonal_primary,142,327,1,1,0,0,success,success
cbf,cbf,target_diagonal_primary,142,328,1,1,0,0,success,success
cbf,cbf,target_diagonal_primary,142,329,1,1,0,0,success,success
cbf,cbf,target_diagonal_primary,142,330,1,1,0,0,success,success
cbf,cbf,target_diagonal_primary,142,331,1,1,0,0,success,success
cbf,cbf,target_diagonal_primary,142,332,1,0,0,1,success,lateral_heading_drift
cbf,cbf,target_diagonal_primary,142,333,1,1,0,0,success,success
cbf,cbf,target_diagonal_primary,142,334,1,1,0,0,success,success
cbf,cbf,target_diagonal_primary,142,335,1,1,0,0,success,success
cbf,cbf,target_diagonal_primary,142,336,1,1,0,0,success,success
cbf,cbf,target_diagonal_primary,142,337,1,1,0,0,success,success
cbf,cbf,target_diagonal_primary,142,338,1,1,0,0,success,success
cbf,cbf,target_diagonal_primary,142,339,0,1,1,0,lateral_heading_drift,success
cbf,cbf,target_diagonal_primary,142,340,1,1,0,0,success,success
cbf,cbf,target_diagonal_primary,142,341,0,1,1,0,lateral_heading_drift,success
cbf,cbf,target_diagonal_primary,142,342,1,1,0,0,success,success
cbf,cbf,target_diagonal_primary,142,343,1,1,0,0,success,success
cbf,cbf,target_diagonal_primary,142,344,1,1,0,0,success,success
cbf,cbf,target_diagonal_primary,142,345,1,1,0,0,success,success
cbf,cbf,target_diagonal_primary,142,346,1,0,0,1,success,lateral_heading_drift
cbf,cbf,target_diagonal_primary,142,347,1,1,0,0,success,success
cbf,cbf,target_diagonal_primary,142,348,1,1,0,0,success,success
cbf,cbf,target_diagonal_primary,142,349,1,1,0,0,success,success
cbf,cbf,target_diagonal_primary,142,350,1,1,0,0,success,success
cbf,cbf,target_diagonal_primary,142,351,1,1,0,0,success,success
cbf,cbf,target_diagonal_primary,142,352,1,1,0,0,success,success
cbf,cbf,target_diagonal_primary,142,353,1,0,0,1,success,lateral_heading_drift
cbf,cbf,target_diagonal_primary,142,354,1,1,0,0,success,success
cbf,cbf,target_diagonal_primary,142,355,1,1,0,0,success,success
cbf,cbf,target_diagonal_primary,142,356,1,1,0,0,success,success
cbf,cbf,target_diagonal_primary,142,357,1,1,0,0,success,success
cbf,cbf,target_diagonal_primary,142,358,1,1,0,0,success,success
cbf,cbf,target_diagonal_primary,142,359,1,1,0,0,success,success
cbf,cbf,target_diagonal_primary,142,360,1,1,0,0,success,success
cbf,cbf,target_diagonal_primary,142,361,1,1,0,0,success,success
cbf,cbf,target_diagonal_primary,142,362,1,1,0,0,success,success
cbf,cbf,target_diagonal_primary,142,363,1,1,0,0,success,success
cbf,cbf,target_diagonal_primary,142,364,1,1,0,0,success,success
cbf,cbf,target_diagonal_primary,142,365,1,1,0,0,success,success
cbf,cbf,target_diagonal_primary,142,366,1,0,0,1,success,lateral_heading_drift
cbf,cbf,target_diagonal_primary,142,367,1,1,0,0,success,success
cbf,cbf,target_diagonal_primary,142,368,1,1,0,0,success,success
cbf,cbf,target_diagonal_primary,142,369,1,1,0,0,success,success
cbf,cbf,target_diagonal_primary,142,370,1,1,0,0,success,success
cbf,cbf,target_diagonal_primary,142,371,1,1,0,0,success,success
cbf,cbf,target_diagonal_primary,142,372,1,1,0,0,success,success
cbf,cbf,target_diagonal_primary,142,373,1,1,0,0,success,success
cbf,cbf,target_diagonal_primary,142,374,1,1,0,0,success,success
cbf,cbf,target_diagonal_primary,142,375,1,1,0,0,success,success
cbf,cbf,target_diagonal_primary,142,376,1,1,0,0,success,success
cbf,cbf,target_diagonal_primary,142,377,1,1,0,0,success,success
cbf,cbf,target_diagonal_primary,142,378,1,1,0,0,success,success
cbf,cbf,target_diagonal_primary,142,379,1,1,0,0,success,success
cbf,cbf,target_diagonal_primary,142,380,1,1,0,0,success,success
cbf,cbf,target_diagonal_primary,142,381,1,1,0,0,success,success
cbf,cbf,target_diagonal_primary,142,382,1,0,0,1,success,lateral_heading_drift
cbf,cbf,target_diagonal_primary,142,383,1,1,0,0,success,success
cbf,cbf,target_diagonal_primary,142,384,0,0,1,1,lateral_heading_drift,non_lateral_high_cbf_demand
cbf,cbf,target_diagonal_primary,142,385,0,0,1,1,non_lateral_high_cbf_demand,non_lateral_balance_or_phase
cbf,cbf,target_diagonal_primary,142,386,0,0,1,1,non_lateral_high_cbf_demand,non_lateral_high_cbf_demand
cbf,cbf,target_diagonal_primary,142,387,0,0,1,1,non_lateral_high_cbf_demand,non_lateral_high_cbf_demand
cbf,cbf,target_diagonal_primary,142,388,0,0,1,1,lateral_heading_drift,non_lateral_balance_or_phase
cbf,cbf,target_diagonal_primary,142,389,0,0,1,1,non_lateral_high_cbf_demand,non_lateral_high_cbf_demand
cbf,cbf,target_diagonal_primary,142,390,0,0,1,1,non_lateral_high_cbf_demand,non_lateral_high_cbf_demand
cbf,cbf,target_diagonal_primary,142,391,0,0,1,1,non_lateral_high_cbf_demand,non_lateral_balance_or_phase
cbf,cbf,target_diagonal_primary,142,392,0,0,1,1,non_lateral_high_cbf_demand,non_lateral_high_cbf_demand
cbf,cbf,target_diagonal_primary,142,393,0,0,1,1,non_lateral_high_cbf_demand,non_lateral_high_cbf_demand
cbf,cbf,target_diagonal_primary,142,394,0,0,1,1,lateral_heading_drift,non_lateral_high_cbf_demand
cbf,cbf,target_diagonal_primary,142,395,0,0,1,1,non_lateral_high_cbf_demand,non_lateral_balance_or_phase
cbf,cbf,target_diagonal_primary,142,396,0,0,1,1,non_lateral_balance_or_phase,non_lateral_high_cbf_demand
cbf,cbf,target_diagonal_primary,142,397,0,0,1,1,non_lateral_high_cbf_demand,non_lateral_balance_or_phase
cbf,cbf,target_diagonal_primary,142,398,0,0,1,1,non_lateral_high_cbf_demand,non_lateral_balance_or_phase
cbf,cbf,target_diagonal_primary,142,399,0,0,1,1,non_lateral_high_cbf_demand,non_lateral_high_cbf_demand
cbf,cbf,target_diagonal_primary,142,400,0,0,1,1,lateral_heading_drift,non_lateral_high_cbf_demand
cbf,cbf,target_diagonal_primary,142,401,0,0,1,1,non_lateral_balance_or_phase,non_lateral_high_cbf_demand
cbf,cbf,target_diagonal_primary,142,402,0,0,1,1,non_lateral_high_cbf_demand,non_lateral_high_cbf_demand
cbf,cbf,target_diagonal_primary,142,403,0,0,1,1,non_lateral_high_cbf_demand,non_lateral_high_cbf_demand
cbf,cbf,target_diagonal_primary,142,404,1,0,0,1,success,non_lateral_high_cbf_demand
cbf,cbf,target_diagonal_primary,142,405,1,0,0,1,success,non_lateral_balance_or_phase
cbf,cbf,target_diagonal_primary,142,406,1,0,0,1,success,non_lateral_high_cbf_demand
cbf,cbf,target_diagonal_primary,142,407,0,1,1,0,lateral_heading_drift,success
cbf,cbf,target_diagonal_primary,142,408,1,0,0,1,success,non_lateral_high_cbf_demand
cbf,cbf,target_diagonal_primary,142,409,1,0,0,1,success,lateral_heading_drift
cbf,cbf,target_diagonal_primary,142,410,1,1,0,0,success,success
cbf,cbf,target_diagonal_primary,142,411,1,1,0,0,success,success
cbf,cbf,target_diagonal_primary,142,412,1,0,0,1,success,non_lateral_balance_or_phase
cbf,cbf,target_diagonal_primary,142,413,1,1,0,0,success,success
cbf,cbf,target_diagonal_primary,142,414,1,1,0,0,success,success
cbf,cbf,target_diagonal_primary,142,415,1,1,0,0,success,success
cbf,cbf,target_diagonal_primary,142,416,1,1,0,0,success,success
cbf,cbf,target_diagonal_primary,142,417,1,1,0,0,success,success
cbf,cbf,target_diagonal_primary,142,418,1,1,0,0,success,success
cbf,cbf,target_diagonal_primary,142,419,1,1,0,0,success,success
cbf,cbf,target_diagonal_primary,142,420,1,1,0,0,success,success
cbf,cbf,target_diagonal_primary,142,421,1,1,0,0,success,success
cbf,cbf,target_diagonal_primary,142,422,1,1,0,0,success,success
cbf,cbf,target_diagonal_primary,142,423,1,1,0,0,success,success
cbf,cbf,target_diagonal_primary,142,424,1,1,0,0,success,success
cbf,cbf,target_diagonal_primary,142,425,0,1,1,0,lateral_heading_drift,success
cbf,cbf,target_diagonal_primary,142,426,1,1,0,0,success,success
cbf,cbf,target_diagonal_primary,142,427,1,1,0,0,success,success
cbf,cbf,target_diagonal_primary,142,428,1,1,0,0,success,success
cbf,cbf,target_diagonal_primary,142,429,1,1,0,0,success,success
cbf,cbf,target_diagonal_primary,142,430,1,1,0,0,success,success
cbf,cbf,target_diagonal_primary,142,431,1,1,0,0,success,success
cbf,cbf,target_diagonal_primary,142,432,1,1,0,0,success,success
cbf,cbf,target_diagonal_primary,142,433,1,1,0,0,success,success
cbf,cbf,target_diagonal_primary,142,434,1,1,0,0,success,success
cbf,cbf,target_diagonal_primary,142,435,1,1,0,0,success,success
cbf,cbf,target_diagonal_primary,142,436,1,1,0,0,success,success
cbf,cbf,target_diagonal_primary,142,437,1,1,0,0,success,success
cbf,cbf,target_diagonal_primary,142,438,1,1,0,0,success,success
cbf,cbf,target_diagonal_primary,142,439,0,1,1,0,lateral_heading_drift,success
cbf,cbf,target_diagonal_primary,142,440,1,1,0,0,success,success
cbf,cbf,target_diagonal_primary,142,441,1,1,0,0,success,success
cbf,cbf,target_diagonal_primary,142,442,1,1,0,0,success,success
cbf,cbf,target_diagonal_primary,142,443,1,1,0,0,success,success
cbf,cbf,target_diagonal_primary,142,444,1,1,0,0,success,success
cbf,cbf,target_diagonal_primary,142,445,1,1,0,0,success,success
cbf,cbf,target_diagonal_primary,142,446,1,1,0,0,success,success
cbf,cbf,target_diagonal_primary,142,447,1,1,0,0,success,success
cbf,cbf,target_diagonal_primary,142,448,1,1,0,0,success,success
cbf,cbf,target_diagonal_primary,142,449,1,1,0,0,success,success
cbf,cbf,target_diagonal_primary,142,450,1,1,0,0,success,success
cbf,cbf,target_diagonal_primary,142,451,1,1,0,0,success,success
cbf,cbf,target_diagonal_primary,142,452,1,1,0,0,success,success
cbf,cbf,target_diagonal_primary,142,453,1,1,0,0,success,success
cbf,cbf,target_diagonal_primary,142,454,1,1,0,0,success,success
cbf,cbf,target_diagonal_primary,142,455,1,1,0,0,success,success
cbf,cbf,target_diagonal_primary,142,456,1,1,0,0,success,success
cbf,cbf,target_diagonal_primary,142,457,1,1,0,0,success,success
cbf,cbf,target_diagonal_primary,142,458,1,1,0,0,success,success
cbf,cbf,target_diagonal_primary,142,459,1,1,0,0,success,success
cbf,cbf,target_diagonal_primary,142,460,1,1,0,0,success,success
cbf,cbf,target_diagonal_primary,142,461,1,1,0,0,success,success
cbf,cbf,target_diagonal_primary,142,462,1,1,0,0,success,success
cbf,cbf,target_diagonal_primary,142,463,1,1,0,0,success,success
cbf,cbf,target_diagonal_primary,142,464,1,1,0,0,success,success
cbf,cbf,target_diagonal_primary,142,465,1,1,0,0,success,success
cbf,cbf,target_diagonal_primary,142,466,1,1,0,0,success,success
cbf,cbf,target_diagonal_primary,142,467,1,1,0,0,success,success
cbf,cbf,target_diagonal_primary,142,468,1,1,0,0,success,success
cbf,cbf,target_diagonal_primary,142,469,1,1,0,0,success,success
cbf,cbf,target_diagonal_primary,142,470,1,1,0,0,success,success
cbf,cbf,target_diagonal_primary,142,471,1,1,0,0,success,success
cbf,cbf,target_diagonal_primary,142,472,1,1,0,0,success,success
cbf,cbf,target_diagonal_primary,142,473,1,1,0,0,success,success
cbf,cbf,target_diagonal_primary,142,474,1,1,0,0,success,success
cbf,cbf,target_diagonal_primary,142,475,1,1,0,0,success,success
cbf,cbf,target_diagonal_primary,142,476,1,1,0,0,success,success
cbf,cbf,target_diagonal_primary,142,477,1,1,0,0,success,success
cbf,cbf,target_diagonal_primary,142,478,1,1,0,0,success,success
cbf,cbf,target_diagonal_primary,142,479,1,1,0,0,success,success
cbf,cbf,target_diagonal_primary,142,480,1,1,0,0,success,success
cbf,cbf,target_diagonal_primary,142,481,1,1,0,0,success,success
cbf,cbf,target_diagonal_primary,142,482,1,1,0,0,success,success
cbf,cbf,target_diagonal_primary,142,483,1,1,0,0,success,success
cbf,cbf,target_diagonal_primary,142,484,1,1,0,0,success,success
cbf,cbf,target_diagonal_primary,142,485,1,1,0,0,success,success
cbf,cbf,target_diagonal_primary,142,486,1,1,0,0,success,success
cbf,cbf,target_diagonal_primary,142,487,1,1,0,0,success,success
cbf,cbf,target_diagonal_primary,142,488,1,1,0,0,success,success
cbf,cbf,target_diagonal_primary,142,489,1,1,0,0,success,success
cbf,cbf,target_diagonal_primary,142,490,1,1,0,0,success,success
cbf,cbf,target_diagonal_primary,142,491,0,1,1,0,lateral_heading_drift,success
cbf,cbf,target_diagonal_primary,142,492,1,1,0,0,success,success
cbf,cbf,target_diagonal_primary,142,493,1,1,0,0,success,success
cbf,cbf,target_diagonal_primary,142,494,1,1,0,0,success,success
cbf,cbf,target_diagonal_primary,142,495,1,1,0,0,success,success
cbf,cbf,target_diagonal_primary,142,496,1,1,0,0,success,success
cbf,cbf,target_diagonal_primary,142,497,1,1,0,0,success,success
cbf,cbf,target_diagonal_primary,142,498,1,1,0,0,success,success
cbf,cbf,target_diagonal_primary,142,499,0,1,1,0,lateral_heading_drift,success
cbf,cbf,target_diagonal_primary,142,500,1,1,0,0,success,success
cbf,cbf,target_diagonal_primary,142,501,1,1,0,0,success,success
cbf,cbf,target_diagonal_primary,142,502,1,1,0,0,success,success
cbf,cbf,target_diagonal_primary,142,503,1,1,0,0,success,success
cbf,cbf,target_diagonal_primary,142,504,1,1,0,0,success,success
cbf,cbf,target_diagonal_primary,142,505,1,1,0,0,success,success
cbf,cbf,target_diagonal_primary,142,506,1,1,0,0,success,success
cbf,cbf,target_diagonal_primary,142,507,1,1,0,0,success,success
cbf,cbf,target_diagonal_primary,142,508,1,1,0,0,success,success
cbf,cbf,target_diagonal_primary,142,509,1,1,0,0,success,success
cbf,cbf,target_diagonal_primary,142,510,1,1,0,0,success,success
cbf,cbf,target_diagonal_primary,142,511,1,1,0,0,success,success
cbf,D0,d0_sanity,142,0,1,0,0,1,success,non_lateral_balance_or_phase
cbf,D0,d0_sanity,142,1,1,0,0,1,success,non_lateral_balance_or_phase
cbf,D0,d0_sanity,142,2,1,1,0,0,success,success
cbf,D0,d0_sanity,142,3,1,1,0,0,success,success
cbf,D0,d0_sanity,142,4,1,1,0,0,success,success
cbf,D0,d0_sanity,142,5,1,1,0,0,success,success
cbf,D0,d0_sanity,142,6,1,1,0,0,success,success
cbf,D0,d0_sanity,142,7,1,1,0,0,success,success
cbf,D0,d0_sanity,142,8,1,1,0,0,success,success
cbf,D0,d0_sanity,142,9,1,1,0,0,success,success
cbf,D0,d0_sanity,142,10,1,1,0,0,success,success
cbf,D0,d0_sanity,142,11,1,1,0,0,success,success
cbf,D0,d0_sanity,142,12,1,1,0,0,success,success
cbf,D0,d0_sanity,142,13,1,1,0,0,success,success
cbf,D0,d0_sanity,142,14,1,1,0,0,success,success
cbf,D0,d0_sanity,142,15,1,1,0,0,success,success
cbf,D0,d0_sanity,142,16,1,0,0,1,success,non_lateral_high_cbf_demand
cbf,D0,d0_sanity,142,17,1,1,0,0,success,success
cbf,D0,d0_sanity,142,18,1,1,0,0,success,success
cbf,D0,d0_sanity,142,19,1,1,0,0,success,success
cbf,D0,d0_sanity,142,20,1,1,0,0,success,success
cbf,D0,d0_sanity,142,21,1,1,0,0,success,success
cbf,D0,d0_sanity,142,22,1,1,0,0,success,success
cbf,D0,d0_sanity,142,23,1,1,0,0,success,success
cbf,D0,d0_sanity,142,24,1,1,0,0,success,success
cbf,D0,d0_sanity,142,25,1,1,0,0,success,success
cbf,D0,d0_sanity,142,26,1,1,0,0,success,success
cbf,D0,d0_sanity,142,27,1,1,0,0,success,success
cbf,D0,d0_sanity,142,28,1,1,0,0,success,success
cbf,D0,d0_sanity,142,29,1,1,0,0,success,success
cbf,D0,d0_sanity,142,30,1,1,0,0,success,success
cbf,D0,d0_sanity,142,31,1,1,0,0,success,success
cbf,D0,d0_sanity,142,32,1,1,0,0,success,success
cbf,D0,d0_sanity,142,33,1,1,0,0,success,success
cbf,D0,d0_sanity,142,34,1,1,0,0,success,success
cbf,D0,d0_sanity,142,35,1,1,0,0,success,success
cbf,D0,d0_sanity,142,36,1,1,0,0,success,success
cbf,D0,d0_sanity,142,37,1,1,0,0,success,success
cbf,D0,d0_sanity,142,38,1,1,0,0,success,success
cbf,D0,d0_sanity,142,39,1,1,0,0,success,success
cbf,D0,d0_sanity,142,40,1,1,0,0,success,success
cbf,D0,d0_sanity,142,41,1,1,0,0,success,success
cbf,D0,d0_sanity,142,42,1,1,0,0,success,success
cbf,D0,d0_sanity,142,43,1,1,0,0,success,success
cbf,D0,d0_sanity,142,44,1,1,0,0,success,success
cbf,D0,d0_sanity,142,45,1,1,0,0,success,success
cbf,D0,d0_sanity,142,46,1,1,0,0,success,success
cbf,D0,d0_sanity,142,47,1,1,0,0,success,success
cbf,D0,d0_sanity,142,48,1,1,0,0,success,success
cbf,D0,d0_sanity,142,49,1,1,0,0,success,success
cbf,D0,d0_sanity,142,50,1,1,0,0,success,success
cbf,D0,d0_sanity,142,51,1,1,0,0,success,success
cbf,D0,d0_sanity,142,52,1,1,0,0,success,success
cbf,D0,d0_sanity,142,53,1,1,0,0,success,success
cbf,D0,d0_sanity,142,54,1,1,0,0,success,success
cbf,D0,d0_sanity,142,55,1,1,0,0,success,success
cbf,D0,d0_sanity,142,56,1,1,0,0,success,success
cbf,D0,d0_sanity,142,57,1,1,0,0,success,success
cbf,D0,d0_sanity,142,58,1,1,0,0,success,success
cbf,D0,d0_sanity,142,59,1,1,0,0,success,success
cbf,D0,d0_sanity,142,60,1,1,0,0,success,success
cbf,D0,d0_sanity,142,61,1,1,0,0,success,success
cbf,D0,d0_sanity,142,62,1,1,0,0,success,success
cbf,D0,d0_sanity,142,63,1,1,0,0,success,success
cbf,D0,d0_sanity,142,64,1,1,0,0,success,success
cbf,D0,d0_sanity,142,65,1,1,0,0,success,success
cbf,D0,d0_sanity,142,66,1,1,0,0,success,success
cbf,D0,d0_sanity,142,67,1,1,0,0,success,success
cbf,D0,d0_sanity,142,68,1,1,0,0,success,success
cbf,D0,d0_sanity,142,69,1,1,0,0,success,success
cbf,D0,d0_sanity,142,70,1,1,0,0,success,success
cbf,D0,d0_sanity,142,71,1,1,0,0,success,success
cbf,D0,d0_sanity,142,72,1,1,0,0,success,success
cbf,D0,d0_sanity,142,73,1,1,0,0,success,success
cbf,D0,d0_sanity,142,74,1,1,0,0,success,success
cbf,D0,d0_sanity,142,75,1,1,0,0,success,success
cbf,D0,d0_sanity,142,76,1,1,0,0,success,success
cbf,D0,d0_sanity,142,77,1,1,0,0,success,success
cbf,D0,d0_sanity,142,78,1,1,0,0,success,success
cbf,D0,d0_sanity,142,79,1,1,0,0,success,success
cbf,D0,d0_sanity,142,80,1,1,0,0,success,success
cbf,D0,d0_sanity,142,81,1,1,0,0,success,success
cbf,D0,d0_sanity,142,82,1,1,0,0,success,success
cbf,D0,d0_sanity,142,83,1,1,0,0,success,success
cbf,D0,d0_sanity,142,84,1,1,0,0,success,success
cbf,D0,d0_sanity,142,85,1,1,0,0,success,success
cbf,D0,d0_sanity,142,86,1,1,0,0,success,success
cbf,D0,d0_sanity,142,87,1,1,0,0,success,success
cbf,D0,d0_sanity,142,88,1,1,0,0,success,success
cbf,D0,d0_sanity,142,89,1,1,0,0,success,success
cbf,D0,d0_sanity,142,90,1,1,0,0,success,success
cbf,D0,d0_sanity,142,91,1,1,0,0,success,success
cbf,D0,d0_sanity,142,92,1,1,0,0,success,success
cbf,D0,d0_sanity,142,93,1,1,0,0,success,success
cbf,D0,d0_sanity,142,94,1,1,0,0,success,success
cbf,D0,d0_sanity,142,95,1,1,0,0,success,success
cbf,D0,d0_sanity,142,96,1,1,0,0,success,success
cbf,D0,d0_sanity,142,97,1,1,0,0,success,success
cbf,D0,d0_sanity,142,98,1,1,0,0,success,success
cbf,D0,d0_sanity,142,99,1,1,0,0,success,success
cbf,D0,d0_sanity,142,100,1,1,0,0,success,success
cbf,D0,d0_sanity,142,101,1,1,0,0,success,success
cbf,D0,d0_sanity,142,102,1,1,0,0,success,success
cbf,D0,d0_sanity,142,103,1,1,0,0,success,success
cbf,D0,d0_sanity,142,104,1,1,0,0,success,success
cbf,D0,d0_sanity,142,105,1,1,0,0,success,success
cbf,D0,d0_sanity,142,106,1,1,0,0,success,success
cbf,D0,d0_sanity,142,107,1,1,0,0,success,success
cbf,D0,d0_sanity,142,108,1,1,0,0,success,success
cbf,D0,d0_sanity,142,109,1,1,0,0,success,success
cbf,D0,d0_sanity,142,110,1,1,0,0,success,success
cbf,D0,d0_sanity,142,111,1,1,0,0,success,success
cbf,D0,d0_sanity,142,112,1,1,0,0,success,success
cbf,D0,d0_sanity,142,113,1,1,0,0,success,success
cbf,D0,d0_sanity,142,114,1,1,0,0,success,success
cbf,D0,d0_sanity,142,115,1,1,0,0,success,success
cbf,D0,d0_sanity,142,116,1,1,0,0,success,success
cbf,D0,d0_sanity,142,117,0,1,0,0,timeout_or_other_nonfall,success
cbf,D0,d0_sanity,142,118,0,0,0,0,timeout_or_other_nonfall,timeout_or_other_nonfall
cbf,D0,d0_sanity,142,119,0,0,0,0,timeout_or_other_nonfall,timeout_or_other_nonfall
cbf,D0,d0_sanity,142,120,0,0,0,0,timeout_or_other_nonfall,timeout_or_other_nonfall
cbf,D0,d0_sanity,142,121,0,0,0,0,timeout_or_other_nonfall,timeout_or_other_nonfall
cbf,D0,d0_sanity,142,122,0,0,0,0,timeout_or_other_nonfall,timeout_or_other_nonfall
cbf,D0,d0_sanity,142,123,0,0,0,0,timeout_or_other_nonfall,timeout_or_other_nonfall
cbf,D0,d0_sanity,142,124,0,0,0,0,timeout_or_other_nonfall,timeout_or_other_nonfall
cbf,D0,d0_sanity,142,125,0,0,0,0,timeout_or_other_nonfall,timeout_or_other_nonfall
cbf,D0,d0_sanity,142,126,0,0,0,0,timeout_or_other_nonfall,timeout_or_other_nonfall
cbf,D0,d0_sanity,142,127,0,0,0,0,timeout_or_other_nonfall,timeout_or_other_nonfall
cbf,D0,d0_sanity,142,128,0,0,1,1,non_lateral_balance_or_phase,non_lateral_high_cbf_demand
cbf,D0,d0_sanity,142,129,1,1,0,0,success,success
cbf,D0,d0_sanity,142,130,1,1,0,0,success,success
cbf,D0,d0_sanity,142,131,1,1,0,0,success,success
cbf,D0,d0_sanity,142,132,1,1,0,0,success,success
cbf,D0,d0_sanity,142,133,1,1,0,0,success,success
cbf,D0,d0_sanity,142,134,1,1,0,0,success,success
cbf,D0,d0_sanity,142,135,1,1,0,0,success,success
cbf,D0,d0_sanity,142,136,1,1,0,0,success,success
cbf,D0,d0_sanity,142,137,1,1,0,0,success,success
cbf,D0,d0_sanity,142,138,1,1,0,0,success,success
cbf,D0,d0_sanity,142,139,1,1,0,0,success,success
cbf,D0,d0_sanity,142,140,1,1,0,0,success,success
cbf,D0,d0_sanity,142,141,1,1,0,0,success,success
cbf,D0,d0_sanity,142,142,1,1,0,0,success,success
cbf,D0,d0_sanity,142,143,1,1,0,0,success,success
cbf,D0,d0_sanity,142,144,1,1,0,0,success,success
cbf,D0,d0_sanity,142,145,1,1,0,0,success,success
cbf,D0,d0_sanity,142,146,1,1,0,0,success,success
cbf,D0,d0_sanity,142,147,1,1,0,0,success,success
cbf,D0,d0_sanity,142,148,1,1,0,0,success,success
cbf,D0,d0_sanity,142,149,1,1,0,0,success,success
cbf,D0,d0_sanity,142,150,1,1,0,0,success,success
cbf,D0,d0_sanity,142,151,1,1,0,0,success,success
cbf,D0,d0_sanity,142,152,1,1,0,0,success,success
cbf,D0,d0_sanity,142,153,1,1,0,0,success,success
cbf,D0,d0_sanity,142,154,1,1,0,0,success,success
cbf,D0,d0_sanity,142,155,1,1,0,0,success,success
cbf,D0,d0_sanity,142,156,1,1,0,0,success,success
cbf,D0,d0_sanity,142,157,1,1,0,0,success,success
cbf,D0,d0_sanity,142,158,1,1,0,0,success,success
cbf,D0,d0_sanity,142,159,1,1,0,0,success,success
cbf,D0,d0_sanity,142,160,1,1,0,0,success,success
cbf,D0,d0_sanity,142,161,1,1,0,0,success,success
cbf,D0,d0_sanity,142,162,1,1,0,0,success,success
cbf,D0,d0_sanity,142,163,1,1,0,0,success,success
cbf,D0,d0_sanity,142,164,1,1,0,0,success,success
cbf,D0,d0_sanity,142,165,1,1,0,0,success,success
cbf,D0,d0_sanity,142,166,1,1,0,0,success,success
cbf,D0,d0_sanity,142,167,1,1,0,0,success,success
cbf,D0,d0_sanity,142,168,1,1,0,0,success,success
cbf,D0,d0_sanity,142,169,1,1,0,0,success,success
cbf,D0,d0_sanity,142,170,1,1,0,0,success,success
cbf,D0,d0_sanity,142,171,1,1,0,0,success,success
cbf,D0,d0_sanity,142,172,1,1,0,0,success,success
cbf,D0,d0_sanity,142,173,1,1,0,0,success,success
cbf,D0,d0_sanity,142,174,1,1,0,0,success,success
cbf,D0,d0_sanity,142,175,1,1,0,0,success,success
cbf,D0,d0_sanity,142,176,1,1,0,0,success,success
cbf,D0,d0_sanity,142,177,1,1,0,0,success,success
cbf,D0,d0_sanity,142,178,1,1,0,0,success,success
cbf,D0,d0_sanity,142,179,1,1,0,0,success,success
cbf,D0,d0_sanity,142,180,1,1,0,0,success,success
cbf,D0,d0_sanity,142,181,1,1,0,0,success,success
cbf,D0,d0_sanity,142,182,1,1,0,0,success,success
cbf,D0,d0_sanity,142,183,1,1,0,0,success,success
cbf,D0,d0_sanity,142,184,1,1,0,0,success,success
cbf,D0,d0_sanity,142,185,1,1,0,0,success,success
cbf,D0,d0_sanity,142,186,1,1,0,0,success,success
cbf,D0,d0_sanity,142,187,1,1,0,0,success,success
cbf,D0,d0_sanity,142,188,1,1,0,0,success,success
cbf,D0,d0_sanity,142,189,1,1,0,0,success,success
cbf,D0,d0_sanity,142,190,1,1,0,0,success,success
cbf,D0,d0_sanity,142,191,1,1,0,0,success,success
cbf,D0,d0_sanity,142,192,1,1,0,0,success,success
cbf,D0,d0_sanity,142,193,1,1,0,0,success,success
cbf,D0,d0_sanity,142,194,1,1,0,0,success,success
cbf,D0,d0_sanity,142,195,1,1,0,0,success,success
cbf,D0,d0_sanity,142,196,1,1,0,0,success,success
cbf,D0,d0_sanity,142,197,1,1,0,0,success,success
cbf,D0,d0_sanity,142,198,1,1,0,0,success,success
cbf,D0,d0_sanity,142,199,1,1,0,0,success,success
cbf,D0,d0_sanity,142,200,1,1,0,0,success,success
cbf,D0,d0_sanity,142,201,1,1,0,0,success,success
cbf,D0,d0_sanity,142,202,1,1,0,0,success,success
cbf,D0,d0_sanity,142,203,1,1,0,0,success,success
cbf,D0,d0_sanity,142,204,1,1,0,0,success,success
cbf,D0,d0_sanity,142,205,1,1,0,0,success,success
cbf,D0,d0_sanity,142,206,1,1,0,0,success,success
cbf,D0,d0_sanity,142,207,1,1,0,0,success,success
cbf,D0,d0_sanity,142,208,1,1,0,0,success,success
cbf,D0,d0_sanity,142,209,1,1,0,0,success,success
cbf,D0,d0_sanity,142,210,1,1,0,0,success,success
cbf,D0,d0_sanity,142,211,1,1,0,0,success,success
cbf,D0,d0_sanity,142,212,1,1,0,0,success,success
cbf,D0,d0_sanity,142,213,1,1,0,0,success,success
cbf,D0,d0_sanity,142,214,1,1,0,0,success,success
cbf,D0,d0_sanity,142,215,1,1,0,0,success,success
cbf,D0,d0_sanity,142,216,1,1,0,0,success,success
cbf,D0,d0_sanity,142,217,1,1,0,0,success,success
cbf,D0,d0_sanity,142,218,1,1,0,0,success,success
cbf,D0,d0_sanity,142,219,1,1,0,0,success,success
cbf,D0,d0_sanity,142,220,1,1,0,0,success,success
cbf,D0,d0_sanity,142,221,1,1,0,0,success,success
cbf,D0,d0_sanity,142,222,1,1,0,0,success,success
cbf,D0,d0_sanity,142,223,1,1,0,0,success,success
cbf,D0,d0_sanity,142,224,1,1,0,0,success,success
cbf,D0,d0_sanity,142,225,1,1,0,0,success,success
cbf,D0,d0_sanity,142,226,1,1,0,0,success,success
cbf,D0,d0_sanity,142,227,1,1,0,0,success,success
cbf,D0,d0_sanity,142,228,1,1,0,0,success,success
cbf,D0,d0_sanity,142,229,1,1,0,0,success,success
cbf,D0,d0_sanity,142,230,1,1,0,0,success,success
cbf,D0,d0_sanity,142,231,1,1,0,0,success,success
cbf,D0,d0_sanity,142,232,1,1,0,0,success,success
cbf,D0,d0_sanity,142,233,1,1,0,0,success,success
cbf,D0,d0_sanity,142,234,1,1,0,0,success,success
cbf,D0,d0_sanity,142,235,1,1,0,0,success,success
cbf,D0,d0_sanity,142,236,1,1,0,0,success,success
cbf,D0,d0_sanity,142,237,1,1,0,0,success,success
cbf,D0,d0_sanity,142,238,1,1,0,0,success,success
cbf,D0,d0_sanity,142,239,1,1,0,0,success,success
cbf,D0,d0_sanity,142,240,1,1,0,0,success,success
cbf,D0,d0_sanity,142,241,1,1,0,0,success,success
cbf,D0,d0_sanity,142,242,1,1,0,0,success,success
cbf,D0,d0_sanity,142,243,1,1,0,0,success,success
cbf,D0,d0_sanity,142,244,1,1,0,0,success,success
cbf,D0,d0_sanity,142,245,1,1,0,0,success,success
cbf,D0,d0_sanity,142,246,0,1,0,0,timeout_or_other_nonfall,success
cbf,D0,d0_sanity,142,247,0,1,0,0,timeout_or_other_nonfall,success
cbf,D0,d0_sanity,142,248,0,1,0,0,timeout_or_other_nonfall,success
cbf,D0,d0_sanity,142,249,0,0,0,0,timeout_or_other_nonfall,timeout_or_other_nonfall
cbf,D0,d0_sanity,142,250,0,0,0,0,timeout_or_other_nonfall,timeout_or_other_nonfall
cbf,D0,d0_sanity,142,251,0,0,0,0,timeout_or_other_nonfall,timeout_or_other_nonfall
cbf,D0,d0_sanity,142,252,0,0,0,0,timeout_or_other_nonfall,timeout_or_other_nonfall
cbf,D0,d0_sanity,142,253,0,0,0,0,timeout_or_other_nonfall,timeout_or_other_nonfall
cbf,D0,d0_sanity,142,254,0,0,0,0,timeout_or_other_nonfall,timeout_or_other_nonfall
cbf,D0,d0_sanity,142,255,0,0,0,0,timeout_or_other_nonfall,timeout_or_other_nonfall
cbf,cbf,target_diagonal_primary,242,0,0,0,1,1,lateral_heading_drift,non_lateral_high_cbf_demand
cbf,cbf,target_diagonal_primary,242,1,0,0,1,1,lateral_heading_drift,non_lateral_balance_or_phase
cbf,cbf,target_diagonal_primary,242,2,0,0,1,1,non_lateral_balance_or_phase,non_lateral_high_cbf_demand
cbf,cbf,target_diagonal_primary,242,3,0,0,1,1,non_lateral_balance_or_phase,non_lateral_high_cbf_demand
cbf,cbf,target_diagonal_primary,242,4,0,0,1,1,non_lateral_balance_or_phase,non_lateral_balance_or_phase
cbf,cbf,target_diagonal_primary,242,5,0,0,1,1,non_lateral_high_cbf_demand,non_lateral_high_cbf_demand
cbf,cbf,target_diagonal_primary,242,6,0,0,1,1,non_lateral_high_cbf_demand,non_lateral_high_cbf_demand
cbf,cbf,target_diagonal_primary,242,7,0,0,1,1,non_lateral_balance_or_phase,non_lateral_high_cbf_demand
cbf,cbf,target_diagonal_primary,242,8,0,0,1,1,lateral_heading_drift,non_lateral_high_cbf_demand
cbf,cbf,target_diagonal_primary,242,9,0,0,1,1,non_lateral_high_cbf_demand,non_lateral_high_cbf_demand
cbf,cbf,target_diagonal_primary,242,10,0,0,1,1,non_lateral_high_cbf_demand,non_lateral_high_cbf_demand
cbf,cbf,target_diagonal_primary,242,11,0,0,1,1,non_lateral_high_cbf_demand,non_lateral_high_cbf_demand
cbf,cbf,target_diagonal_primary,242,12,0,0,1,1,non_lateral_high_cbf_demand,non_lateral_high_cbf_demand
cbf,cbf,target_diagonal_primary,242,13,0,0,1,1,non_lateral_high_cbf_demand,non_lateral_high_cbf_demand
cbf,cbf,target_diagonal_primary,242,14,0,0,1,1,non_lateral_high_cbf_demand,non_lateral_high_cbf_demand
cbf,cbf,target_diagonal_primary,242,15,0,0,1,1,non_lateral_high_cbf_demand,non_lateral_high_cbf_demand
cbf,cbf,target_diagonal_primary,242,16,0,0,1,1,non_lateral_high_cbf_demand,non_lateral_balance_or_phase
cbf,cbf,target_diagonal_primary,242,17,0,0,1,1,lateral_heading_drift,non_lateral_high_cbf_demand
cbf,cbf,target_diagonal_primary,242,18,0,0,1,1,non_lateral_high_cbf_demand,non_lateral_high_cbf_demand
cbf,cbf,target_diagonal_primary,242,19,0,0,1,1,non_lateral_high_cbf_demand,non_lateral_high_cbf_demand
cbf,cbf,target_diagonal_primary,242,20,0,0,1,1,lateral_heading_drift,non_lateral_high_cbf_demand
cbf,cbf,target_diagonal_primary,242,21,0,0,1,1,non_lateral_high_cbf_demand,non_lateral_high_cbf_demand
cbf,cbf,target_diagonal_primary,242,22,0,0,1,1,non_lateral_high_cbf_demand,non_lateral_balance_or_phase
cbf,cbf,target_diagonal_primary,242,23,0,0,1,1,non_lateral_high_cbf_demand,non_lateral_high_cbf_demand
cbf,cbf,target_diagonal_primary,242,24,0,0,1,1,non_lateral_high_cbf_demand,non_lateral_high_cbf_demand
cbf,cbf,target_diagonal_primary,242,25,1,0,0,1,success,non_lateral_high_cbf_demand
cbf,cbf,target_diagonal_primary,242,26,1,0,0,1,success,non_lateral_high_cbf_demand
cbf,cbf,target_diagonal_primary,242,27,1,0,0,1,success,non_lateral_high_cbf_demand
cbf,cbf,target_diagonal_primary,242,28,1,1,0,0,success,success
cbf,cbf,target_diagonal_primary,242,29,1,0,0,1,success,lateral_heading_drift
cbf,cbf,target_diagonal_primary,242,30,0,1,1,0,non_lateral_high_cbf_demand,success
cbf,cbf,target_diagonal_primary,242,31,1,1,0,0,success,success
cbf,cbf,target_diagonal_primary,242,32,1,1,0,0,success,success
cbf,cbf,target_diagonal_primary,242,33,0,1,1,0,lateral_heading_drift,success
cbf,cbf,target_diagonal_primary,242,34,1,1,0,0,success,success
cbf,cbf,target_diagonal_primary,242,35,1,1,0,0,success,success
cbf,cbf,target_diagonal_primary,242,36,1,1,0,0,success,success
cbf,cbf,target_diagonal_primary,242,37,1,1,0,0,success,success
cbf,cbf,target_diagonal_primary,242,38,1,1,0,0,success,success
cbf,cbf,target_diagonal_primary,242,39,1,1,0,0,success,success
cbf,cbf,target_diagonal_primary,242,40,1,1,0,0,success,success
cbf,cbf,target_diagonal_primary,242,41,0,1,1,0,lateral_heading_drift,success
cbf,cbf,target_diagonal_primary,242,42,1,1,0,0,success,success
cbf,cbf,target_diagonal_primary,242,43,1,1,0,0,success,success
cbf,cbf,target_diagonal_primary,242,44,1,1,0,0,success,success
cbf,cbf,target_diagonal_primary,242,45,1,1,0,0,success,success
cbf,cbf,target_diagonal_primary,242,46,1,1,0,0,success,success
cbf,cbf,target_diagonal_primary,242,47,1,1,0,0,success,success
cbf,cbf,target_diagonal_primary,242,48,1,0,0,1,success,lateral_heading_drift
cbf,cbf,target_diagonal_primary,242,49,1,1,0,0,success,success
cbf,cbf,target_diagonal_primary,242,50,1,1,0,0,success,success
cbf,cbf,target_diagonal_primary,242,51,1,1,0,0,success,success
cbf,cbf,target_diagonal_primary,242,52,1,1,0,0,success,success
cbf,cbf,target_diagonal_primary,242,53,1,1,0,0,success,success
cbf,cbf,target_diagonal_primary,242,54,1,1,0,0,success,success
cbf,cbf,target_diagonal_primary,242,55,1,1,0,0,success,success
cbf,cbf,target_diagonal_primary,242,56,1,1,0,0,success,success
cbf,cbf,target_diagonal_primary,242,57,1,1,0,0,success,success
cbf,cbf,target_diagonal_primary,242,58,1,1,0,0,success,success
cbf,cbf,target_diagonal_primary,242,59,1,1,0,0,success,success
cbf,cbf,target_diagonal_primary,242,60,1,1,0,0,success,success
cbf,cbf,target_diagonal_primary,242,61,1,1,0,0,success,success
cbf,cbf,target_diagonal_primary,242,62,1,1,0,0,success,success
cbf,cbf,target_diagonal_primary,242,63,1,1,0,0,success,success
cbf,cbf,target_diagonal_primary,242,64,1,0,0,1,success,lateral_heading_drift
cbf,cbf,target_diagonal_primary,242,65,1,1,0,0,success,success
cbf,cbf,target_diagonal_primary,242,66,1,1,0,0,success,success
cbf,cbf,target_diagonal_primary,242,67,1,1,0,0,success,success
cbf,cbf,target_diagonal_primary,242,68,0,1,1,0,non_lateral_high_cbf_demand,success
cbf,cbf,target_diagonal_primary,242,69,1,1,0,0,success,success
cbf,cbf,target_diagonal_primary,242,70,1,1,0,0,success,success
cbf,cbf,target_diagonal_primary,242,71,1,1,0,0,success,success
cbf,cbf,target_diagonal_primary,242,72,1,1,0,0,success,success
cbf,cbf,target_diagonal_primary,242,73,1,1,0,0,success,success
cbf,cbf,target_diagonal_primary,242,74,1,1,0,0,success,success
cbf,cbf,target_diagonal_primary,242,75,1,1,0,0,success,success
cbf,cbf,target_diagonal_primary,242,76,1,1,0,0,success,success
cbf,cbf,target_diagonal_primary,242,77,1,1,0,0,success,success
cbf,cbf,target_diagonal_primary,242,78,1,1,0,0,success,success
cbf,cbf,target_diagonal_primary,242,79,1,1,0,0,success,success
cbf,cbf,target_diagonal_primary,242,80,1,1,0,0,success,success
cbf,cbf,target_diagonal_primary,242,81,1,1,0,0,success,success
cbf,cbf,target_diagonal_primary,242,82,1,0,0,1,success,lateral_heading_drift
cbf,cbf,target_diagonal_primary,242,83,1,1,0,0,success,success
cbf,cbf,target_diagonal_primary,242,84,1,1,0,0,success,success
cbf,cbf,target_diagonal_primary,242,85,1,1,0,0,success,success
cbf,cbf,target_diagonal_primary,242,86,1,1,0,0,success,success
cbf,cbf,target_diagonal_primary,242,87,1,0,0,1,success,lateral_heading_drift
cbf,cbf,target_diagonal_primary,242,88,1,1,0,0,success,success
cbf,cbf,target_diagonal_primary,242,89,1,1,0,0,success,success
cbf,cbf,target_diagonal_primary,242,90,1,1,0,0,success,success
cbf,cbf,target_diagonal_primary,242,91,1,1,0,0,success,success
cbf,cbf,target_diagonal_primary,242,92,1,1,0,0,success,success
cbf,cbf,target_diagonal_primary,242,93,1,1,0,0,success,success
cbf,cbf,target_diagonal_primary,242,94,1,1,0,0,success,success
cbf,cbf,target_diagonal_primary,242,95,1,1,0,0,success,success
cbf,cbf,target_diagonal_primary,242,96,1,1,0,0,success,success
cbf,cbf,target_diagonal_primary,242,97,1,1,0,0,success,success
cbf,cbf,target_diagonal_primary,242,98,1,1,0,0,success,success
cbf,cbf,target_diagonal_primary,242,99,1,1,0,0,success,success
cbf,cbf,target_diagonal_primary,242,100,1,1,0,0,success,success
cbf,cbf,target_diagonal_primary,242,101,1,1,0,0,success,success
cbf,cbf,target_diagonal_primary,242,102,1,1,0,0,success,success
cbf,cbf,target_diagonal_primary,242,103,1,1,0,0,success,success
cbf,cbf,target_diagonal_primary,242,104,1,0,0,1,success,lateral_heading_drift
cbf,cbf,target_diagonal_primary,242,105,1,1,0,0,success,success
cbf,cbf,target_diagonal_primary,242,106,1,1,0,0,success,success
cbf,cbf,target_diagonal_primary,242,107,1,1,0,0,success,success
cbf,cbf,target_diagonal_primary,242,108,1,1,0,0,success,success
cbf,cbf,target_diagonal_primary,242,109,1,1,0,0,success,success
cbf,cbf,target_diagonal_primary,242,110,1,1,0,0,success,success
cbf,cbf,target_diagonal_primary,242,111,1,1,0,0,success,success
cbf,cbf,target_diagonal_primary,242,112,1,1,0,0,success,success
cbf,cbf,target_diagonal_primary,242,113,1,1,0,0,success,success
cbf,cbf,target_diagonal_primary,242,114,1,1,0,0,success,success
cbf,cbf,target_diagonal_primary,242,115,1,1,0,0,success,success
cbf,cbf,target_diagonal_primary,242,116,1,1,0,0,success,success
cbf,cbf,target_diagonal_primary,242,117,1,1,0,0,success,success
cbf,cbf,target_diagonal_primary,242,118,1,1,0,0,success,success
cbf,cbf,target_diagonal_primary,242,119,1,1,0,0,success,success
cbf,cbf,target_diagonal_primary,242,120,1,1,0,0,success,success
cbf,cbf,target_diagonal_primary,242,121,1,1,0,0,success,success
cbf,cbf,target_diagonal_primary,242,122,1,1,0,0,success,success
cbf,cbf,target_diagonal_primary,242,123,1,0,0,1,success,lateral_heading_drift
cbf,cbf,target_diagonal_primary,242,124,0,1,1,0,lateral_heading_drift,success
cbf,cbf,target_diagonal_primary,242,125,1,1,0,0,success,success
cbf,cbf,target_diagonal_primary,242,126,1,1,0,0,success,success
cbf,cbf,target_diagonal_primary,242,127,1,1,0,0,success,success
cbf,cbf,target_diagonal_primary,242,128,0,0,1,1,lateral_heading_drift,non_lateral_high_cbf_demand
cbf,cbf,target_diagonal_primary,242,129,0,0,1,1,non_lateral_high_cbf_demand,non_lateral_high_cbf_demand
cbf,cbf,target_diagonal_primary,242,130,0,0,1,1,non_lateral_high_cbf_demand,non_lateral_high_cbf_demand
cbf,cbf,target_diagonal_primary,242,131,0,0,1,1,non_lateral_high_cbf_demand,non_lateral_high_cbf_demand
cbf,cbf,target_diagonal_primary,242,132,0,0,1,1,non_lateral_high_cbf_demand,non_lateral_high_cbf_demand
cbf,cbf,target_diagonal_primary,242,133,0,0,1,1,non_lateral_high_cbf_demand,non_lateral_high_cbf_demand
cbf,cbf,target_diagonal_primary,242,134,0,0,1,1,non_lateral_high_cbf_demand,non_lateral_high_cbf_demand
cbf,cbf,target_diagonal_primary,242,135,0,0,1,1,non_lateral_high_cbf_demand,non_lateral_high_cbf_demand
cbf,cbf,target_diagonal_primary,242,136,0,0,1,1,non_lateral_high_cbf_demand,non_lateral_high_cbf_demand
cbf,cbf,target_diagonal_primary,242,137,0,0,1,1,non_lateral_high_cbf_demand,non_lateral_high_cbf_demand
cbf,cbf,target_diagonal_primary,242,138,0,0,1,1,non_lateral_high_cbf_demand,non_lateral_high_cbf_demand
cbf,cbf,target_diagonal_primary,242,139,0,0,1,1,non_lateral_high_cbf_demand,non_lateral_high_cbf_demand
cbf,cbf,target_diagonal_primary,242,140,0,0,1,1,non_lateral_high_cbf_demand,non_lateral_balance_or_phase
cbf,cbf,target_diagonal_primary,242,141,0,0,1,1,non_lateral_high_cbf_demand,non_lateral_high_cbf_demand
cbf,cbf,target_diagonal_primary,242,142,0,0,1,1,non_lateral_high_cbf_demand,non_lateral_high_cbf_demand
cbf,cbf,target_diagonal_primary,242,143,0,0,1,1,non_lateral_high_cbf_demand,non_lateral_high_cbf_demand
cbf,cbf,target_diagonal_primary,242,144,0,0,1,1,lateral_heading_drift,non_lateral_high_cbf_demand
cbf,cbf,target_diagonal_primary,242,145,0,0,1,1,lateral_heading_drift,non_lateral_balance_or_phase
cbf,cbf,target_diagonal_primary,242,146,0,0,1,1,non_lateral_high_cbf_demand,non_lateral_high_cbf_demand
cbf,cbf,target_diagonal_primary,242,147,0,1,1,0,non_lateral_balance_or_phase,success
cbf,cbf,target_diagonal_primary,242,148,0,0,1,1,non_lateral_high_cbf_demand,lateral_heading_drift
cbf,cbf,target_diagonal_primary,242,149,0,1,1,0,non_lateral_high_cbf_demand,success
cbf,cbf,target_diagonal_primary,242,150,0,1,1,0,non_lateral_high_cbf_demand,success
cbf,cbf,target_diagonal_primary,242,151,0,1,1,0,non_lateral_high_cbf_demand,success
cbf,cbf,target_diagonal_primary,242,152,0,1,1,0,non_lateral_high_cbf_demand,success
cbf,cbf,target_diagonal_primary,242,153,0,1,1,0,non_lateral_high_cbf_demand,success
cbf,cbf,target_diagonal_primary,242,154,0,1,1,0,non_lateral_high_cbf_demand,success
cbf,cbf,target_diagonal_primary,242,155,0,0,1,1,non_lateral_high_cbf_demand,lateral_heading_drift
cbf,cbf,target_diagonal_primary,242,156,0,1,1,0,non_lateral_high_cbf_demand,success
cbf,cbf,target_diagonal_primary,242,157,0,1,1,0,non_lateral_balance_or_phase,success
cbf,cbf,target_diagonal_primary,242,158,0,1,1,0,non_lateral_high_cbf_demand,success
cbf,cbf,target_diagonal_primary,242,159,0,1,1,0,non_lateral_high_cbf_demand,success
cbf,cbf,target_diagonal_primary,242,160,1,1,0,0,success,success
cbf,cbf,target_diagonal_primary,242,161,0,1,1,0,non_lateral_high_cbf_demand,success
cbf,cbf,target_diagonal_primary,242,162,1,1,0,0,success,success
cbf,cbf,target_diagonal_primary,242,163,1,1,0,0,success,success
cbf,cbf,target_diagonal_primary,242,164,1,1,0,0,success,success
cbf,cbf,target_diagonal_primary,242,165,1,1,0,0,success,success
cbf,cbf,target_diagonal_primary,242,166,1,1,0,0,success,success
cbf,cbf,target_diagonal_primary,242,167,1,1,0,0,success,success
cbf,cbf,target_diagonal_primary,242,168,1,1,0,0,success,success
cbf,cbf,target_diagonal_primary,242,169,1,1,0,0,success,success
cbf,cbf,target_diagonal_primary,242,170,0,1,1,0,non_lateral_high_cbf_demand,success
cbf,cbf,target_diagonal_primary,242,171,1,1,0,0,success,success
cbf,cbf,target_diagonal_primary,242,172,1,1,0,0,success,success
cbf,cbf,target_diagonal_primary,242,173,1,1,0,0,success,success
cbf,cbf,target_diagonal_primary,242,174,1,1,0,0,success,success
cbf,cbf,target_diagonal_primary,242,175,1,1,0,0,success,success
cbf,cbf,target_diagonal_primary,242,176,1,1,0,0,success,success
cbf,cbf,target_diagonal_primary,242,177,1,1,0,0,success,success
cbf,cbf,target_diagonal_primary,242,178,1,1,0,0,success,success
cbf,cbf,target_diagonal_primary,242,179,1,1,0,0,success,success
cbf,cbf,target_diagonal_primary,242,180,1,1,0,0,success,success
cbf,cbf,target_diagonal_primary,242,181,1,1,0,0,success,success
cbf,cbf,target_diagonal_primary,242,182,1,1,0,0,success,success
cbf,cbf,target_diagonal_primary,242,183,1,1,0,0,success,success
cbf,cbf,target_diagonal_primary,242,184,1,1,0,0,success,success
cbf,cbf,target_diagonal_primary,242,185,1,1,0,0,success,success
cbf,cbf,target_diagonal_primary,242,186,1,1,0,0,success,success
cbf,cbf,target_diagonal_primary,242,187,1,1,0,0,success,success
cbf,cbf,target_diagonal_primary,242,188,1,1,0,0,success,success
cbf,cbf,target_diagonal_primary,242,189,1,1,0,0,success,success
cbf,cbf,target_diagonal_primary,242,190,1,1,0,0,success,success
cbf,cbf,target_diagonal_primary,242,191,1,1,0,0,success,success
cbf,cbf,target_diagonal_primary,242,192,1,1,0,0,success,success
cbf,cbf,target_diagonal_primary,242,193,1,1,0,0,success,success
cbf,cbf,target_diagonal_primary,242,194,1,1,0,0,success,success
cbf,cbf,target_diagonal_primary,242,195,1,1,0,0,success,success
cbf,cbf,target_diagonal_primary,242,196,1,1,0,0,success,success
cbf,cbf,target_diagonal_primary,242,197,1,1,0,0,success,success
cbf,cbf,target_diagonal_primary,242,198,1,1,0,0,success,success
cbf,cbf,target_diagonal_primary,242,199,1,1,0,0,success,success
cbf,cbf,target_diagonal_primary,242,200,1,1,0,0,success,success
cbf,cbf,target_diagonal_primary,242,201,0,1,1,0,lateral_heading_drift,success
cbf,cbf,target_diagonal_primary,242,202,1,1,0,0,success,success
cbf,cbf,target_diagonal_primary,242,203,1,1,0,0,success,success
cbf,cbf,target_diagonal_primary,242,204,1,1,0,0,success,success
cbf,cbf,target_diagonal_primary,242,205,1,1,0,0,success,success
cbf,cbf,target_diagonal_primary,242,206,1,1,0,0,success,success
cbf,cbf,target_diagonal_primary,242,207,1,1,0,0,success,success
cbf,cbf,target_diagonal_primary,242,208,1,1,0,0,success,success
cbf,cbf,target_diagonal_primary,242,209,1,1,0,0,success,success
cbf,cbf,target_diagonal_primary,242,210,1,1,0,0,success,success
cbf,cbf,target_diagonal_primary,242,211,1,1,0,0,success,success
cbf,cbf,target_diagonal_primary,242,212,1,1,0,0,success,success
cbf,cbf,target_diagonal_primary,242,213,1,1,0,0,success,success
cbf,cbf,target_diagonal_primary,242,214,1,1,0,0,success,success
cbf,cbf,target_diagonal_primary,242,215,1,1,0,0,success,success
cbf,cbf,target_diagonal_primary,242,216,1,1,0,0,success,success
cbf,cbf,target_diagonal_primary,242,217,1,1,0,0,success,success
cbf,cbf,target_diagonal_primary,242,218,1,1,0,0,success,success
cbf,cbf,target_diagonal_primary,242,219,1,1,0,0,success,success
cbf,cbf,target_diagonal_primary,242,220,1,1,0,0,success,success
cbf,cbf,target_diagonal_primary,242,221,1,1,0,0,success,success
cbf,cbf,target_diagonal_primary,242,222,1,1,0,0,success,success
cbf,cbf,target_diagonal_primary,242,223,1,1,0,0,success,success
cbf,cbf,target_diagonal_primary,242,224,1,1,0,0,success,success
cbf,cbf,target_diagonal_primary,242,225,1,1,0,0,success,success
cbf,cbf,target_diagonal_primary,242,226,1,1,0,0,success,success
cbf,cbf,target_diagonal_primary,242,227,1,1,0,0,success,success
cbf,cbf,target_diagonal_primary,242,228,1,1,0,0,success,success
cbf,cbf,target_diagonal_primary,242,229,1,1,0,0,success,success
cbf,cbf,target_diagonal_primary,242,230,1,1,0,0,success,success
cbf,cbf,target_diagonal_primary,242,231,1,1,0,0,success,success
cbf,cbf,target_diagonal_primary,242,232,1,1,0,0,success,success
cbf,cbf,target_diagonal_primary,242,233,0,1,1,0,lateral_heading_drift,success
cbf,cbf,target_diagonal_primary,242,234,1,1,0,0,success,success
cbf,cbf,target_diagonal_primary,242,235,1,1,0,0,success,success
cbf,cbf,target_diagonal_primary,242,236,0,1,1,0,lateral_heading_drift,success
cbf,cbf,target_diagonal_primary,242,237,1,1,0,0,success,success
cbf,cbf,target_diagonal_primary,242,238,1,1,0,0,success,success
cbf,cbf,target_diagonal_primary,242,239,1,1,0,0,success,success
cbf,cbf,target_diagonal_primary,242,240,1,1,0,0,success,success
cbf,cbf,target_diagonal_primary,242,241,1,1,0,0,success,success
cbf,cbf,target_diagonal_primary,242,242,1,1,0,0,success,success
cbf,cbf,target_diagonal_primary,242,243,1,1,0,0,success,success
cbf,cbf,target_diagonal_primary,242,244,1,1,0,0,success,success
cbf,cbf,target_diagonal_primary,242,245,1,1,0,0,success,success
cbf,cbf,target_diagonal_primary,242,246,1,1,0,0,success,success
cbf,cbf,target_diagonal_primary,242,247,1,1,0,0,success,success
cbf,cbf,target_diagonal_primary,242,248,1,1,0,0,success,success
cbf,cbf,target_diagonal_primary,242,249,1,1,0,0,success,success
cbf,cbf,target_diagonal_primary,242,250,1,1,0,0,success,success
cbf,cbf,target_diagonal_primary,242,251,1,1,0,0,success,success
cbf,cbf,target_diagonal_primary,242,252,1,1,0,0,success,success
cbf,cbf,target_diagonal_primary,242,253,1,1,0,0,success,success
cbf,cbf,target_diagonal_primary,242,254,1,0,0,1,success,lateral_heading_drift
cbf,cbf,target_diagonal_primary,242,255,1,1,0,0,success,success
cbf,cbf,target_diagonal_primary,242,256,0,0,1,1,non_lateral_high_cbf_demand,non_lateral_high_cbf_demand
cbf,cbf,target_diagonal_primary,242,257,0,0,1,1,lateral_heading_drift,non_lateral_high_cbf_demand
cbf,cbf,target_diagonal_primary,242,258,0,0,1,1,non_lateral_high_cbf_demand,non_lateral_high_cbf_demand
cbf,cbf,target_diagonal_primary,242,259,0,0,1,1,non_lateral_high_cbf_demand,non_lateral_high_cbf_demand
cbf,cbf,target_diagonal_primary,242,260,0,0,1,1,non_lateral_high_cbf_demand,non_lateral_high_cbf_demand
cbf,cbf,target_diagonal_primary,242,261,0,0,1,1,non_lateral_high_cbf_demand,non_lateral_high_cbf_demand
cbf,cbf,target_diagonal_primary,242,262,0,0,1,1,non_lateral_high_cbf_demand,non_lateral_high_cbf_demand
cbf,cbf,target_diagonal_primary,242,263,0,0,1,1,lateral_heading_drift,non_lateral_high_cbf_demand
cbf,cbf,target_diagonal_primary,242,264,0,0,1,1,non_lateral_high_cbf_demand,non_lateral_high_cbf_demand
cbf,cbf,target_diagonal_primary,242,265,0,0,1,1,non_lateral_high_cbf_demand,non_lateral_high_cbf_demand
cbf,cbf,target_diagonal_primary,242,266,0,0,1,1,non_lateral_high_cbf_demand,non_lateral_high_cbf_demand
cbf,cbf,target_diagonal_primary,242,267,0,0,1,1,non_lateral_high_cbf_demand,non_lateral_high_cbf_demand
cbf,cbf,target_diagonal_primary,242,268,0,0,1,1,non_lateral_high_cbf_demand,non_lateral_high_cbf_demand
cbf,cbf,target_diagonal_primary,242,269,0,0,1,1,lateral_heading_drift,non_lateral_high_cbf_demand
cbf,cbf,target_diagonal_primary,242,270,0,0,1,1,non_lateral_high_cbf_demand,non_lateral_high_cbf_demand
cbf,cbf,target_diagonal_primary,242,271,0,0,1,1,non_lateral_high_cbf_demand,non_lateral_high_cbf_demand
cbf,cbf,target_diagonal_primary,242,272,0,0,1,1,lateral_heading_drift,non_lateral_high_cbf_demand
cbf,cbf,target_diagonal_primary,242,273,0,0,1,1,non_lateral_high_cbf_demand,non_lateral_high_cbf_demand
cbf,cbf,target_diagonal_primary,242,274,0,0,1,1,non_lateral_high_cbf_demand,non_lateral_high_cbf_demand
cbf,cbf,target_diagonal_primary,242,275,0,0,1,1,lateral_heading_drift,non_lateral_high_cbf_demand
cbf,cbf,target_diagonal_primary,242,276,0,0,1,1,non_lateral_high_cbf_demand,non_lateral_high_cbf_demand
cbf,cbf,target_diagonal_primary,242,277,0,0,1,1,lateral_heading_drift,non_lateral_high_cbf_demand
cbf,cbf,target_diagonal_primary,242,278,1,0,0,1,success,non_lateral_high_cbf_demand
cbf,cbf,target_diagonal_primary,242,279,1,0,0,1,success,non_lateral_high_cbf_demand
cbf,cbf,target_diagonal_primary,242,280,1,0,0,1,success,non_lateral_high_cbf_demand
cbf,cbf,target_diagonal_primary,242,281,1,1,0,0,success,success
cbf,cbf,target_diagonal_primary,242,282,1,1,0,0,success,success
cbf,cbf,target_diagonal_primary,242,283,1,1,0,0,success,success
cbf,cbf,target_diagonal_primary,242,284,1,1,0,0,success,success
cbf,cbf,target_diagonal_primary,242,285,1,1,0,0,success,success
cbf,cbf,target_diagonal_primary,242,286,1,1,0,0,success,success
cbf,cbf,target_diagonal_primary,242,287,1,1,0,0,success,success
cbf,cbf,target_diagonal_primary,242,288,1,1,0,0,success,success
cbf,cbf,target_diagonal_primary,242,289,1,1,0,0,success,success
cbf,cbf,target_diagonal_primary,242,290,1,1,0,0,success,success
cbf,cbf,target_diagonal_primary,242,291,1,1,0,0,success,success
cbf,cbf,target_diagonal_primary,242,292,1,1,0,0,success,success
cbf,cbf,target_diagonal_primary,242,293,1,1,0,0,success,success
cbf,cbf,target_diagonal_primary,242,294,1,1,0,0,success,success
cbf,cbf,target_diagonal_primary,242,295,1,1,0,0,success,success
cbf,cbf,target_diagonal_primary,242,296,1,1,0,0,success,success
cbf,cbf,target_diagonal_primary,242,297,1,1,0,0,success,success
cbf,cbf,target_diagonal_primary,242,298,1,1,0,0,success,success
cbf,cbf,target_diagonal_primary,242,299,1,1,0,0,success,success
cbf,cbf,target_diagonal_primary,242,300,1,1,0,0,success,success
cbf,cbf,target_diagonal_primary,242,301,1,1,0,0,success,success
cbf,cbf,target_diagonal_primary,242,302,1,1,0,0,success,success
cbf,cbf,target_diagonal_primary,242,303,1,1,0,0,success,success
cbf,cbf,target_diagonal_primary,242,304,1,1,0,0,success,success
cbf,cbf,target_diagonal_primary,242,305,1,1,0,0,success,success
cbf,cbf,target_diagonal_primary,242,306,1,1,0,0,success,success
cbf,cbf,target_diagonal_primary,242,307,1,1,0,0,success,success
cbf,cbf,target_diagonal_primary,242,308,1,1,0,0,success,success
cbf,cbf,target_diagonal_primary,242,309,1,1,0,0,success,success
cbf,cbf,target_diagonal_primary,242,310,1,1,0,0,success,success
cbf,cbf,target_diagonal_primary,242,311,1,1,0,0,success,success
cbf,cbf,target_diagonal_primary,242,312,1,1,0,0,success,success
cbf,cbf,target_diagonal_primary,242,313,1,1,0,0,success,success
cbf,cbf,target_diagonal_primary,242,314,1,1,0,0,success,success
cbf,cbf,target_diagonal_primary,242,315,1,1,0,0,success,success
cbf,cbf,target_diagonal_primary,242,316,0,1,1,0,lateral_heading_drift,success
cbf,cbf,target_diagonal_primary,242,317,0,1,1,0,lateral_heading_drift,success
cbf,cbf,target_diagonal_primary,242,318,1,1,0,0,success,success
cbf,cbf,target_diagonal_primary,242,319,1,1,0,0,success,success
cbf,cbf,target_diagonal_primary,242,320,1,1,0,0,success,success
cbf,cbf,target_diagonal_primary,242,321,1,1,0,0,success,success
cbf,cbf,target_diagonal_primary,242,322,1,1,0,0,success,success
cbf,cbf,target_diagonal_primary,242,323,1,1,0,0,success,success
cbf,cbf,target_diagonal_primary,242,324,1,1,0,0,success,success
cbf,cbf,target_diagonal_primary,242,325,1,1,0,0,success,success
cbf,cbf,target_diagonal_primary,242,326,1,1,0,0,success,success
cbf,cbf,target_diagonal_primary,242,327,1,1,0,0,success,success
cbf,cbf,target_diagonal_primary,242,328,1,1,0,0,success,success
cbf,cbf,target_diagonal_primary,242,329,1,1,0,0,success,success
cbf,cbf,target_diagonal_primary,242,330,1,1,0,0,success,success
cbf,cbf,target_diagonal_primary,242,331,1,1,0,0,success,success
cbf,cbf,target_diagonal_primary,242,332,1,1,0,0,success,success
cbf,cbf,target_diagonal_primary,242,333,1,1,0,0,success,success
cbf,cbf,target_diagonal_primary,242,334,1,1,0,0,success,success
cbf,cbf,target_diagonal_primary,242,335,1,1,0,0,success,success
cbf,cbf,target_diagonal_primary,242,336,1,1,0,0,success,success
cbf,cbf,target_diagonal_primary,242,337,1,1,0,0,success,success
cbf,cbf,target_diagonal_primary,242,338,1,1,0,0,success,success
cbf,cbf,target_diagonal_primary,242,339,1,1,0,0,success,success
cbf,cbf,target_diagonal_primary,242,340,1,1,0,0,success,success
cbf,cbf,target_diagonal_primary,242,341,1,1,0,0,success,success
cbf,cbf,target_diagonal_primary,242,342,1,1,0,0,success,success
cbf,cbf,target_diagonal_primary,242,343,1,1,0,0,success,success
cbf,cbf,target_diagonal_primary,242,344,1,1,0,0,success,success
cbf,cbf,target_diagonal_primary,242,345,1,1,0,0,success,success
cbf,cbf,target_diagonal_primary,242,346,1,1,0,0,success,success
cbf,cbf,target_diagonal_primary,242,347,1,1,0,0,success,success
cbf,cbf,target_diagonal_primary,242,348,1,1,0,0,success,success
cbf,cbf,target_diagonal_primary,242,349,1,1,0,0,success,success
cbf,cbf,target_diagonal_primary,242,350,1,1,0,0,success,success
cbf,cbf,target_diagonal_primary,242,351,1,1,0,0,success,success
cbf,cbf,target_diagonal_primary,242,352,1,1,0,0,success,success
cbf,cbf,target_diagonal_primary,242,353,1,1,0,0,success,success
cbf,cbf,target_diagonal_primary,242,354,1,1,0,0,success,success
cbf,cbf,target_diagonal_primary,242,355,1,1,0,0,success,success
cbf,cbf,target_diagonal_primary,242,356,1,1,0,0,success,success
cbf,cbf,target_diagonal_primary,242,357,1,1,0,0,success,success
cbf,cbf,target_diagonal_primary,242,358,0,0,1,1,lateral_heading_drift,lateral_heading_drift
cbf,cbf,target_diagonal_primary,242,359,1,1,0,0,success,success
cbf,cbf,target_diagonal_primary,242,360,1,1,0,0,success,success
cbf,cbf,target_diagonal_primary,242,361,1,1,0,0,success,success
cbf,cbf,target_diagonal_primary,242,362,1,1,0,0,success,success
cbf,cbf,target_diagonal_primary,242,363,1,1,0,0,success,success
cbf,cbf,target_diagonal_primary,242,364,1,1,0,0,success,success
cbf,cbf,target_diagonal_primary,242,365,1,1,0,0,success,success
cbf,cbf,target_diagonal_primary,242,366,1,1,0,0,success,success
cbf,cbf,target_diagonal_primary,242,367,1,1,0,0,success,success
cbf,cbf,target_diagonal_primary,242,368,1,1,0,0,success,success
cbf,cbf,target_diagonal_primary,242,369,1,1,0,0,success,success
cbf,cbf,target_diagonal_primary,242,370,1,1,0,0,success,success
cbf,cbf,target_diagonal_primary,242,371,1,1,0,0,success,success
cbf,cbf,target_diagonal_primary,242,372,1,1,0,0,success,success
cbf,cbf,target_diagonal_primary,242,373,1,1,0,0,success,success
cbf,cbf,target_diagonal_primary,242,374,1,1,0,0,success,success
cbf,cbf,target_diagonal_primary,242,375,1,1,0,0,success,success
cbf,cbf,target_diagonal_primary,242,376,0,1,1,0,lateral_heading_drift,success
cbf,cbf,target_diagonal_primary,242,377,1,1,0,0,success,success
cbf,cbf,target_diagonal_primary,242,378,1,1,0,0,success,success
cbf,cbf,target_diagonal_primary,242,379,1,1,0,0,success,success
cbf,cbf,target_diagonal_primary,242,380,1,1,0,0,success,success
cbf,cbf,target_diagonal_primary,242,381,1,1,0,0,success,success
cbf,cbf,target_diagonal_primary,242,382,1,1,0,0,success,success
cbf,cbf,target_diagonal_primary,242,383,1,1,0,0,success,success
cbf,cbf,target_diagonal_primary,242,384,0,0,1,1,lateral_heading_drift,non_lateral_high_cbf_demand
cbf,cbf,target_diagonal_primary,242,385,0,0,1,1,non_lateral_high_cbf_demand,non_lateral_high_cbf_demand
cbf,cbf,target_diagonal_primary,242,386,0,0,1,1,non_lateral_high_cbf_demand,non_lateral_high_cbf_demand
cbf,cbf,target_diagonal_primary,242,387,0,0,1,1,non_lateral_high_cbf_demand,non_lateral_high_cbf_demand
cbf,cbf,target_diagonal_primary,242,388,0,0,1,1,lateral_heading_drift,non_lateral_high_cbf_demand
cbf,cbf,target_diagonal_primary,242,389,0,0,1,1,non_lateral_high_cbf_demand,lateral_heading_drift
cbf,cbf,target_diagonal_primary,242,390,0,0,1,1,non_lateral_high_cbf_demand,non_lateral_balance_or_phase
cbf,cbf,target_diagonal_primary,242,391,0,0,1,1,non_lateral_high_cbf_demand,non_lateral_high_cbf_demand
cbf,cbf,target_diagonal_primary,242,392,0,0,1,1,non_lateral_high_cbf_demand,non_lateral_high_cbf_demand
cbf,cbf,target_diagonal_primary,242,393,0,0,1,1,non_lateral_high_cbf_demand,non_lateral_high_cbf_demand
cbf,cbf,target_diagonal_primary,242,394,0,0,1,1,non_lateral_high_cbf_demand,non_lateral_high_cbf_demand
cbf,cbf,target_diagonal_primary,242,395,0,0,1,1,non_lateral_high_cbf_demand,non_lateral_high_cbf_demand
cbf,cbf,target_diagonal_primary,242,396,0,0,1,1,non_lateral_high_cbf_demand,non_lateral_high_cbf_demand
cbf,cbf,target_diagonal_primary,242,397,0,0,1,1,non_lateral_high_cbf_demand,non_lateral_high_cbf_demand
cbf,cbf,target_diagonal_primary,242,398,0,1,1,0,non_lateral_high_cbf_demand,success
cbf,cbf,target_diagonal_primary,242,399,0,1,1,0,non_lateral_high_cbf_demand,success
cbf,cbf,target_diagonal_primary,242,400,0,0,1,1,non_lateral_high_cbf_demand,lateral_heading_drift
cbf,cbf,target_diagonal_primary,242,401,0,0,1,1,non_lateral_high_cbf_demand,non_lateral_high_cbf_demand
cbf,cbf,target_diagonal_primary,242,402,0,1,1,0,non_lateral_high_cbf_demand,success
cbf,cbf,target_diagonal_primary,242,403,0,1,1,0,non_lateral_balance_or_phase,success
cbf,cbf,target_diagonal_primary,242,404,0,0,1,1,non_lateral_high_cbf_demand,lateral_heading_drift
cbf,cbf,target_diagonal_primary,242,405,0,1,1,0,non_lateral_high_cbf_demand,success
cbf,cbf,target_diagonal_primary,242,406,0,1,1,0,non_lateral_high_cbf_demand,success
cbf,cbf,target_diagonal_primary,242,407,0,1,1,0,non_lateral_high_cbf_demand,success
cbf,cbf,target_diagonal_primary,242,408,1,1,0,0,success,success
cbf,cbf,target_diagonal_primary,242,409,1,1,0,0,success,success
cbf,cbf,target_diagonal_primary,242,410,1,1,0,0,success,success
cbf,cbf,target_diagonal_primary,242,411,1,0,0,1,success,non_lateral_high_cbf_demand
cbf,cbf,target_diagonal_primary,242,412,1,1,0,0,success,success
cbf,cbf,target_diagonal_primary,242,413,1,1,0,0,success,success
cbf,cbf,target_diagonal_primary,242,414,1,1,0,0,success,success
cbf,cbf,target_diagonal_primary,242,415,1,1,0,0,success,success
cbf,cbf,target_diagonal_primary,242,416,1,1,0,0,success,success
cbf,cbf,target_diagonal_primary,242,417,1,1,0,0,success,success
cbf,cbf,target_diagonal_primary,242,418,1,1,0,0,success,success
cbf,cbf,target_diagonal_primary,242,419,1,1,0,0,success,success
cbf,cbf,target_diagonal_primary,242,420,1,1,0,0,success,success
cbf,cbf,target_diagonal_primary,242,421,1,1,0,0,success,success
cbf,cbf,target_diagonal_primary,242,422,1,1,0,0,success,success
cbf,cbf,target_diagonal_primary,242,423,1,1,0,0,success,success
cbf,cbf,target_diagonal_primary,242,424,1,1,0,0,success,success
cbf,cbf,target_diagonal_primary,242,425,1,1,0,0,success,success
cbf,cbf,target_diagonal_primary,242,426,1,1,0,0,success,success
cbf,cbf,target_diagonal_primary,242,427,1,1,0,0,success,success
cbf,cbf,target_diagonal_primary,242,428,1,0,0,1,success,lateral_heading_drift
cbf,cbf,target_diagonal_primary,242,429,1,1,0,0,success,success
cbf,cbf,target_diagonal_primary,242,430,1,1,0,0,success,success
cbf,cbf,target_diagonal_primary,242,431,1,1,0,0,success,success
cbf,cbf,target_diagonal_primary,242,432,1,1,0,0,success,success
cbf,cbf,target_diagonal_primary,242,433,1,1,0,0,success,success
cbf,cbf,target_diagonal_primary,242,434,1,1,0,0,success,success
cbf,cbf,target_diagonal_primary,242,435,1,1,0,0,success,success
cbf,cbf,target_diagonal_primary,242,436,0,1,1,0,lateral_heading_drift,success
cbf,cbf,target_diagonal_primary,242,437,1,1,0,0,success,success
cbf,cbf,target_diagonal_primary,242,438,1,1,0,0,success,success
cbf,cbf,target_diagonal_primary,242,439,1,1,0,0,success,success
cbf,cbf,target_diagonal_primary,242,440,1,1,0,0,success,success
cbf,cbf,target_diagonal_primary,242,441,1,1,0,0,success,success
cbf,cbf,target_diagonal_primary,242,442,1,1,0,0,success,success
cbf,cbf,target_diagonal_primary,242,443,1,1,0,0,success,success
cbf,cbf,target_diagonal_primary,242,444,1,1,0,0,success,success
cbf,cbf,target_diagonal_primary,242,445,1,1,0,0,success,success
cbf,cbf,target_diagonal_primary,242,446,1,1,0,0,success,success
cbf,cbf,target_diagonal_primary,242,447,1,1,0,0,success,success
cbf,cbf,target_diagonal_primary,242,448,1,1,0,0,success,success
cbf,cbf,target_diagonal_primary,242,449,1,1,0,0,success,success
cbf,cbf,target_diagonal_primary,242,450,1,0,0,1,success,lateral_heading_drift
cbf,cbf,target_diagonal_primary,242,451,1,1,0,0,success,success
cbf,cbf,target_diagonal_primary,242,452,1,1,0,0,success,success
cbf,cbf,target_diagonal_primary,242,453,1,1,0,0,success,success
cbf,cbf,target_diagonal_primary,242,454,1,1,0,0,success,success
cbf,cbf,target_diagonal_primary,242,455,1,1,0,0,success,success
cbf,cbf,target_diagonal_primary,242,456,1,1,0,0,success,success
cbf,cbf,target_diagonal_primary,242,457,1,1,0,0,success,success
cbf,cbf,target_diagonal_primary,242,458,1,1,0,0,success,success
cbf,cbf,target_diagonal_primary,242,459,1,1,0,0,success,success
cbf,cbf,target_diagonal_primary,242,460,1,1,0,0,success,success
cbf,cbf,target_diagonal_primary,242,461,1,1,0,0,success,success
cbf,cbf,target_diagonal_primary,242,462,1,1,0,0,success,success
cbf,cbf,target_diagonal_primary,242,463,1,1,0,0,success,success
cbf,cbf,target_diagonal_primary,242,464,1,1,0,0,success,success
cbf,cbf,target_diagonal_primary,242,465,1,1,0,0,success,success
cbf,cbf,target_diagonal_primary,242,466,1,1,0,0,success,success
cbf,cbf,target_diagonal_primary,242,467,1,1,0,0,success,success
cbf,cbf,target_diagonal_primary,242,468,1,1,0,0,success,success
cbf,cbf,target_diagonal_primary,242,469,1,1,0,0,success,success
cbf,cbf,target_diagonal_primary,242,470,1,0,0,1,success,lateral_heading_drift
cbf,cbf,target_diagonal_primary,242,471,1,1,0,0,success,success
cbf,cbf,target_diagonal_primary,242,472,1,1,0,0,success,success
cbf,cbf,target_diagonal_primary,242,473,1,1,0,0,success,success
cbf,cbf,target_diagonal_primary,242,474,1,1,0,0,success,success
cbf,cbf,target_diagonal_primary,242,475,1,1,0,0,success,success
cbf,cbf,target_diagonal_primary,242,476,1,1,0,0,success,success
cbf,cbf,target_diagonal_primary,242,477,1,1,0,0,success,success
cbf,cbf,target_diagonal_primary,242,478,1,1,0,0,success,success
cbf,cbf,target_diagonal_primary,242,479,1,1,0,0,success,success
cbf,cbf,target_diagonal_primary,242,480,1,1,0,0,success,success
cbf,cbf,target_diagonal_primary,242,481,1,1,0,0,success,success
cbf,cbf,target_diagonal_primary,242,482,1,1,0,0,success,success
cbf,cbf,target_diagonal_primary,242,483,1,1,0,0,success,success
cbf,cbf,target_diagonal_primary,242,484,1,1,0,0,success,success
cbf,cbf,target_diagonal_primary,242,485,1,1,0,0,success,success
cbf,cbf,target_diagonal_primary,242,486,1,1,0,0,success,success
cbf,cbf,target_diagonal_primary,242,487,1,1,0,0,success,success
cbf,cbf,target_diagonal_primary,242,488,1,1,0,0,success,success
cbf,cbf,target_diagonal_primary,242,489,1,1,0,0,success,success
cbf,cbf,target_diagonal_primary,242,490,1,1,0,0,success,success
cbf,cbf,target_diagonal_primary,242,491,1,1,0,0,success,success
cbf,cbf,target_diagonal_primary,242,492,1,1,0,0,success,success
cbf,cbf,target_diagonal_primary,242,493,1,1,0,0,success,success
cbf,cbf,target_diagonal_primary,242,494,1,1,0,0,success,success
cbf,cbf,target_diagonal_primary,242,495,1,1,0,0,success,success
cbf,cbf,target_diagonal_primary,242,496,1,1,0,0,success,success
cbf,cbf,target_diagonal_primary,242,497,1,1,0,0,success,success
cbf,cbf,target_diagonal_primary,242,498,1,1,0,0,success,success
cbf,cbf,target_diagonal_primary,242,499,1,1,0,0,success,success
cbf,cbf,target_diagonal_primary,242,500,1,1,0,0,success,success
cbf,cbf,target_diagonal_primary,242,501,1,1,0,0,success,success
cbf,cbf,target_diagonal_primary,242,502,1,1,0,0,success,success
cbf,cbf,target_diagonal_primary,242,503,0,0,1,1,lateral_heading_drift,lateral_heading_drift
cbf,cbf,target_diagonal_primary,242,504,1,1,0,0,success,success
cbf,cbf,target_diagonal_primary,242,505,1,1,0,0,success,success
cbf,cbf,target_diagonal_primary,242,506,1,1,0,0,success,success
cbf,cbf,target_diagonal_primary,242,507,1,0,0,1,success,lateral_heading_drift
cbf,cbf,target_diagonal_primary,242,508,1,1,0,0,success,success
cbf,cbf,target_diagonal_primary,242,509,1,1,0,0,success,success
cbf,cbf,target_diagonal_primary,242,510,1,1,0,0,success,success
cbf,cbf,target_diagonal_primary,242,511,0,0,1,1,lateral_heading_drift,lateral_heading_drift
cbf,D0,d0_sanity,242,0,0,0,1,1,non_lateral_balance_or_phase,non_lateral_balance_or_phase
cbf,D0,d0_sanity,242,1,0,0,1,1,non_lateral_high_cbf_demand,non_lateral_balance_or_phase
cbf,D0,d0_sanity,242,2,1,0,0,1,success,non_lateral_high_cbf_demand
cbf,D0,d0_sanity,242,3,1,1,0,0,success,success
cbf,D0,d0_sanity,242,4,1,1,0,0,success,success
cbf,D0,d0_sanity,242,5,1,1,0,0,success,success
cbf,D0,d0_sanity,242,6,1,1,0,0,success,success
cbf,D0,d0_sanity,242,7,1,1,0,0,success,success
cbf,D0,d0_sanity,242,8,1,1,0,0,success,success
cbf,D0,d0_sanity,242,9,1,1,0,0,success,success
cbf,D0,d0_sanity,242,10,1,1,0,0,success,success
cbf,D0,d0_sanity,242,11,1,1,0,0,success,success
cbf,D0,d0_sanity,242,12,1,1,0,0,success,success
cbf,D0,d0_sanity,242,13,1,1,0,0,success,success
cbf,D0,d0_sanity,242,14,1,1,0,0,success,success
cbf,D0,d0_sanity,242,15,1,1,0,0,success,success
cbf,D0,d0_sanity,242,16,1,1,0,0,success,success
cbf,D0,d0_sanity,242,17,1,1,0,0,success,success
cbf,D0,d0_sanity,242,18,1,1,0,0,success,success
cbf,D0,d0_sanity,242,19,1,1,0,0,success,success
cbf,D0,d0_sanity,242,20,1,1,0,0,success,success
cbf,D0,d0_sanity,242,21,1,1,0,0,success,success
cbf,D0,d0_sanity,242,22,1,1,0,0,success,success
cbf,D0,d0_sanity,242,23,1,1,0,0,success,success
cbf,D0,d0_sanity,242,24,1,1,0,0,success,success
cbf,D0,d0_sanity,242,25,1,1,0,0,success,success
cbf,D0,d0_sanity,242,26,1,1,0,0,success,success
cbf,D0,d0_sanity,242,27,1,1,0,0,success,success
cbf,D0,d0_sanity,242,28,1,1,0,0,success,success
cbf,D0,d0_sanity,242,29,1,1,0,0,success,success
cbf,D0,d0_sanity,242,30,1,1,0,0,success,success
cbf,D0,d0_sanity,242,31,1,1,0,0,success,success
cbf,D0,d0_sanity,242,32,1,1,0,0,success,success
cbf,D0,d0_sanity,242,33,1,1,0,0,success,success
cbf,D0,d0_sanity,242,34,1,1,0,0,success,success
cbf,D0,d0_sanity,242,35,1,1,0,0,success,success
cbf,D0,d0_sanity,242,36,1,1,0,0,success,success
cbf,D0,d0_sanity,242,37,1,1,0,0,success,success
cbf,D0,d0_sanity,242,38,1,1,0,0,success,success
cbf,D0,d0_sanity,242,39,1,1,0,0,success,success
cbf,D0,d0_sanity,242,40,1,1,0,0,success,success
cbf,D0,d0_sanity,242,41,1,1,0,0,success,success
cbf,D0,d0_sanity,242,42,1,1,0,0,success,success
cbf,D0,d0_sanity,242,43,1,1,0,0,success,success
cbf,D0,d0_sanity,242,44,1,1,0,0,success,success
cbf,D0,d0_sanity,242,45,1,1,0,0,success,success
cbf,D0,d0_sanity,242,46,1,1,0,0,success,success
cbf,D0,d0_sanity,242,47,1,1,0,0,success,success
cbf,D0,d0_sanity,242,48,1,1,0,0,success,success
cbf,D0,d0_sanity,242,49,1,1,0,0,success,success
cbf,D0,d0_sanity,242,50,1,1,0,0,success,success
cbf,D0,d0_sanity,242,51,1,1,0,0,success,success
cbf,D0,d0_sanity,242,52,1,1,0,0,success,success
cbf,D0,d0_sanity,242,53,1,1,0,0,success,success
cbf,D0,d0_sanity,242,54,1,1,0,0,success,success
cbf,D0,d0_sanity,242,55,1,1,0,0,success,success
cbf,D0,d0_sanity,242,56,1,1,0,0,success,success
cbf,D0,d0_sanity,242,57,1,1,0,0,success,success
cbf,D0,d0_sanity,242,58,1,1,0,0,success,success
cbf,D0,d0_sanity,242,59,1,1,0,0,success,success
cbf,D0,d0_sanity,242,60,1,1,0,0,success,success
cbf,D0,d0_sanity,242,61,1,1,0,0,success,success
cbf,D0,d0_sanity,242,62,1,1,0,0,success,success
cbf,D0,d0_sanity,242,63,1,1,0,0,success,success
cbf,D0,d0_sanity,242,64,1,1,0,0,success,success
cbf,D0,d0_sanity,242,65,1,1,0,0,success,success
cbf,D0,d0_sanity,242,66,1,1,0,0,success,success
cbf,D0,d0_sanity,242,67,1,1,0,0,success,success
cbf,D0,d0_sanity,242,68,1,1,0,0,success,success
cbf,D0,d0_sanity,242,69,1,1,0,0,success,success
cbf,D0,d0_sanity,242,70,1,1,0,0,success,success
cbf,D0,d0_sanity,242,71,1,1,0,0,success,success
cbf,D0,d0_sanity,242,72,1,1,0,0,success,success
cbf,D0,d0_sanity,242,73,1,1,0,0,success,success
cbf,D0,d0_sanity,242,74,1,1,0,0,success,success
cbf,D0,d0_sanity,242,75,1,1,0,0,success,success
cbf,D0,d0_sanity,242,76,1,1,0,0,success,success
cbf,D0,d0_sanity,242,77,1,1,0,0,success,success
cbf,D0,d0_sanity,242,78,1,1,0,0,success,success
cbf,D0,d0_sanity,242,79,1,1,0,0,success,success
cbf,D0,d0_sanity,242,80,1,1,0,0,success,success
cbf,D0,d0_sanity,242,81,1,1,0,0,success,success
cbf,D0,d0_sanity,242,82,1,1,0,0,success,success
cbf,D0,d0_sanity,242,83,1,1,0,0,success,success
cbf,D0,d0_sanity,242,84,1,1,0,0,success,success
cbf,D0,d0_sanity,242,85,1,1,0,0,success,success
cbf,D0,d0_sanity,242,86,1,1,0,0,success,success
cbf,D0,d0_sanity,242,87,1,1,0,0,success,success
cbf,D0,d0_sanity,242,88,1,1,0,0,success,success
cbf,D0,d0_sanity,242,89,1,1,0,0,success,success
cbf,D0,d0_sanity,242,90,1,1,0,0,success,success
cbf,D0,d0_sanity,242,91,1,1,0,0,success,success
cbf,D0,d0_sanity,242,92,1,1,0,0,success,success
cbf,D0,d0_sanity,242,93,1,1,0,0,success,success
cbf,D0,d0_sanity,242,94,1,1,0,0,success,success
cbf,D0,d0_sanity,242,95,1,1,0,0,success,success
cbf,D0,d0_sanity,242,96,1,1,0,0,success,success
cbf,D0,d0_sanity,242,97,1,1,0,0,success,success
cbf,D0,d0_sanity,242,98,1,1,0,0,success,success
cbf,D0,d0_sanity,242,99,1,1,0,0,success,success
cbf,D0,d0_sanity,242,100,1,1,0,0,success,success
cbf,D0,d0_sanity,242,101,1,1,0,0,success,success
cbf,D0,d0_sanity,242,102,1,1,0,0,success,success
cbf,D0,d0_sanity,242,103,1,1,0,0,success,success
cbf,D0,d0_sanity,242,104,1,1,0,0,success,success
cbf,D0,d0_sanity,242,105,1,1,0,0,success,success
cbf,D0,d0_sanity,242,106,1,1,0,0,success,success
cbf,D0,d0_sanity,242,107,1,1,0,0,success,success
cbf,D0,d0_sanity,242,108,1,1,0,0,success,success
cbf,D0,d0_sanity,242,109,1,1,0,0,success,success
cbf,D0,d0_sanity,242,110,1,1,0,0,success,success
cbf,D0,d0_sanity,242,111,1,1,0,0,success,success
cbf,D0,d0_sanity,242,112,1,1,0,0,success,success
cbf,D0,d0_sanity,242,113,1,1,0,0,success,success
cbf,D0,d0_sanity,242,114,1,1,0,0,success,success
cbf,D0,d0_sanity,242,115,1,1,0,0,success,success
cbf,D0,d0_sanity,242,116,1,1,0,0,success,success
cbf,D0,d0_sanity,242,117,1,1,0,0,success,success
cbf,D0,d0_sanity,242,118,1,0,0,0,success,timeout_or_other_nonfall
cbf,D0,d0_sanity,242,119,1,0,0,0,success,timeout_or_other_nonfall
cbf,D0,d0_sanity,242,120,1,0,0,0,success,timeout_or_other_nonfall
cbf,D0,d0_sanity,242,121,1,0,0,0,success,timeout_or_other_nonfall
cbf,D0,d0_sanity,242,122,1,0,0,0,success,timeout_or_other_nonfall
cbf,D0,d0_sanity,242,123,0,0,0,0,timeout_or_other_nonfall,timeout_or_other_nonfall
cbf,D0,d0_sanity,242,124,0,0,0,0,timeout_or_other_nonfall,timeout_or_other_nonfall
cbf,D0,d0_sanity,242,125,0,0,0,0,timeout_or_other_nonfall,timeout_or_other_nonfall
cbf,D0,d0_sanity,242,126,0,0,0,0,timeout_or_other_nonfall,timeout_or_other_nonfall
cbf,D0,d0_sanity,242,127,0,0,0,0,timeout_or_other_nonfall,timeout_or_other_nonfall
cbf,D0,d0_sanity,242,128,0,0,1,1,non_lateral_balance_or_phase,non_lateral_balance_or_phase
cbf,D0,d0_sanity,242,129,1,0,0,1,success,non_lateral_balance_or_phase
cbf,D0,d0_sanity,242,130,1,1,0,0,success,success
cbf,D0,d0_sanity,242,131,1,1,0,0,success,success
cbf,D0,d0_sanity,242,132,1,1,0,0,success,success
cbf,D0,d0_sanity,242,133,1,1,0,0,success,success
cbf,D0,d0_sanity,242,134,1,1,0,0,success,success
cbf,D0,d0_sanity,242,135,1,1,0,0,success,success
cbf,D0,d0_sanity,242,136,1,1,0,0,success,success
cbf,D0,d0_sanity,242,137,1,1,0,0,success,success
cbf,D0,d0_sanity,242,138,1,1,0,0,success,success
cbf,D0,d0_sanity,242,139,1,1,0,0,success,success
cbf,D0,d0_sanity,242,140,1,1,0,0,success,success
cbf,D0,d0_sanity,242,141,1,1,0,0,success,success
cbf,D0,d0_sanity,242,142,1,1,0,0,success,success
cbf,D0,d0_sanity,242,143,1,1,0,0,success,success
cbf,D0,d0_sanity,242,144,1,1,0,0,success,success
cbf,D0,d0_sanity,242,145,1,1,0,0,success,success
cbf,D0,d0_sanity,242,146,1,1,0,0,success,success
cbf,D0,d0_sanity,242,147,1,1,0,0,success,success
cbf,D0,d0_sanity,242,148,1,1,0,0,success,success
cbf,D0,d0_sanity,242,149,1,1,0,0,success,success
cbf,D0,d0_sanity,242,150,1,1,0,0,success,success
cbf,D0,d0_sanity,242,151,1,1,0,0,success,success
cbf,D0,d0_sanity,242,152,1,1,0,0,success,success
cbf,D0,d0_sanity,242,153,1,1,0,0,success,success
cbf,D0,d0_sanity,242,154,1,1,0,0,success,success
cbf,D0,d0_sanity,242,155,1,1,0,0,success,success
cbf,D0,d0_sanity,242,156,1,1,0,0,success,success
cbf,D0,d0_sanity,242,157,1,1,0,0,success,success
cbf,D0,d0_sanity,242,158,1,1,0,0,success,success
cbf,D0,d0_sanity,242,159,1,1,0,0,success,success
cbf,D0,d0_sanity,242,160,1,1,0,0,success,success
cbf,D0,d0_sanity,242,161,1,1,0,0,success,success
cbf,D0,d0_sanity,242,162,1,1,0,0,success,success
cbf,D0,d0_sanity,242,163,1,1,0,0,success,success
cbf,D0,d0_sanity,242,164,1,1,0,0,success,success
cbf,D0,d0_sanity,242,165,1,1,0,0,success,success
cbf,D0,d0_sanity,242,166,1,1,0,0,success,success
cbf,D0,d0_sanity,242,167,1,1,0,0,success,success
cbf,D0,d0_sanity,242,168,1,1,0,0,success,success
cbf,D0,d0_sanity,242,169,1,1,0,0,success,success
cbf,D0,d0_sanity,242,170,1,1,0,0,success,success
cbf,D0,d0_sanity,242,171,1,1,0,0,success,success
cbf,D0,d0_sanity,242,172,1,1,0,0,success,success
cbf,D0,d0_sanity,242,173,1,1,0,0,success,success
cbf,D0,d0_sanity,242,174,1,1,0,0,success,success
cbf,D0,d0_sanity,242,175,1,1,0,0,success,success
cbf,D0,d0_sanity,242,176,1,1,0,0,success,success
cbf,D0,d0_sanity,242,177,1,1,0,0,success,success
cbf,D0,d0_sanity,242,178,1,1,0,0,success,success
cbf,D0,d0_sanity,242,179,1,1,0,0,success,success
cbf,D0,d0_sanity,242,180,1,1,0,0,success,success
cbf,D0,d0_sanity,242,181,1,1,0,0,success,success
cbf,D0,d0_sanity,242,182,1,1,0,0,success,success
cbf,D0,d0_sanity,242,183,1,1,0,0,success,success
cbf,D0,d0_sanity,242,184,1,1,0,0,success,success
cbf,D0,d0_sanity,242,185,1,1,0,0,success,success
cbf,D0,d0_sanity,242,186,1,1,0,0,success,success
cbf,D0,d0_sanity,242,187,1,1,0,0,success,success
cbf,D0,d0_sanity,242,188,1,1,0,0,success,success
cbf,D0,d0_sanity,242,189,1,1,0,0,success,success
cbf,D0,d0_sanity,242,190,1,1,0,0,success,success
cbf,D0,d0_sanity,242,191,1,1,0,0,success,success
cbf,D0,d0_sanity,242,192,1,1,0,0,success,success
cbf,D0,d0_sanity,242,193,1,1,0,0,success,success
cbf,D0,d0_sanity,242,194,1,1,0,0,success,success
cbf,D0,d0_sanity,242,195,1,1,0,0,success,success
cbf,D0,d0_sanity,242,196,1,1,0,0,success,success
cbf,D0,d0_sanity,242,197,1,1,0,0,success,success
cbf,D0,d0_sanity,242,198,1,1,0,0,success,success
cbf,D0,d0_sanity,242,199,1,1,0,0,success,success
cbf,D0,d0_sanity,242,200,1,1,0,0,success,success
cbf,D0,d0_sanity,242,201,1,1,0,0,success,success
cbf,D0,d0_sanity,242,202,1,1,0,0,success,success
cbf,D0,d0_sanity,242,203,1,1,0,0,success,success
cbf,D0,d0_sanity,242,204,1,1,0,0,success,success
cbf,D0,d0_sanity,242,205,1,1,0,0,success,success
cbf,D0,d0_sanity,242,206,1,1,0,0,success,success
cbf,D0,d0_sanity,242,207,1,1,0,0,success,success
cbf,D0,d0_sanity,242,208,1,1,0,0,success,success
cbf,D0,d0_sanity,242,209,1,1,0,0,success,success
cbf,D0,d0_sanity,242,210,1,1,0,0,success,success
cbf,D0,d0_sanity,242,211,1,1,0,0,success,success
cbf,D0,d0_sanity,242,212,1,1,0,0,success,success
cbf,D0,d0_sanity,242,213,1,1,0,0,success,success
cbf,D0,d0_sanity,242,214,1,1,0,0,success,success
cbf,D0,d0_sanity,242,215,1,1,0,0,success,success
cbf,D0,d0_sanity,242,216,1,1,0,0,success,success
cbf,D0,d0_sanity,242,217,1,1,0,0,success,success
cbf,D0,d0_sanity,242,218,1,1,0,0,success,success
cbf,D0,d0_sanity,242,219,1,1,0,0,success,success
cbf,D0,d0_sanity,242,220,1,1,0,0,success,success
cbf,D0,d0_sanity,242,221,1,1,0,0,success,success
cbf,D0,d0_sanity,242,222,1,1,0,0,success,success
cbf,D0,d0_sanity,242,223,1,1,0,0,success,success
cbf,D0,d0_sanity,242,224,1,1,0,0,success,success
cbf,D0,d0_sanity,242,225,1,1,0,0,success,success
cbf,D0,d0_sanity,242,226,1,1,0,0,success,success
cbf,D0,d0_sanity,242,227,1,1,0,0,success,success
cbf,D0,d0_sanity,242,228,1,1,0,0,success,success
cbf,D0,d0_sanity,242,229,1,1,0,0,success,success
cbf,D0,d0_sanity,242,230,1,1,0,0,success,success
cbf,D0,d0_sanity,242,231,1,1,0,0,success,success
cbf,D0,d0_sanity,242,232,1,1,0,0,success,success
cbf,D0,d0_sanity,242,233,1,1,0,0,success,success
cbf,D0,d0_sanity,242,234,1,1,0,0,success,success
cbf,D0,d0_sanity,242,235,1,1,0,0,success,success
cbf,D0,d0_sanity,242,236,1,1,0,0,success,success
cbf,D0,d0_sanity,242,237,1,1,0,0,success,success
cbf,D0,d0_sanity,242,238,1,1,0,0,success,success
cbf,D0,d0_sanity,242,239,1,1,0,0,success,success
cbf,D0,d0_sanity,242,240,1,1,0,0,success,success
cbf,D0,d0_sanity,242,241,1,1,0,0,success,success
cbf,D0,d0_sanity,242,242,1,1,0,0,success,success
cbf,D0,d0_sanity,242,243,1,1,0,0,success,success
cbf,D0,d0_sanity,242,244,0,1,0,0,timeout_or_other_nonfall,success
cbf,D0,d0_sanity,242,245,0,1,0,0,timeout_or_other_nonfall,success
cbf,D0,d0_sanity,242,246,0,0,0,0,timeout_or_other_nonfall,timeout_or_other_nonfall
cbf,D0,d0_sanity,242,247,0,0,0,0,timeout_or_other_nonfall,timeout_or_other_nonfall
cbf,D0,d0_sanity,242,248,0,0,0,0,timeout_or_other_nonfall,timeout_or_other_nonfall
cbf,D0,d0_sanity,242,249,0,0,0,0,timeout_or_other_nonfall,timeout_or_other_nonfall
cbf,D0,d0_sanity,242,250,0,0,0,0,timeout_or_other_nonfall,timeout_or_other_nonfall
cbf,D0,d0_sanity,242,251,0,0,0,0,timeout_or_other_nonfall,timeout_or_other_nonfall
cbf,D0,d0_sanity,242,252,0,0,0,0,timeout_or_other_nonfall,timeout_or_other_nonfall
cbf,D0,d0_sanity,242,253,0,0,0,0,timeout_or_other_nonfall,timeout_or_other_nonfall
cbf,D0,d0_sanity,242,254,0,0,0,0,timeout_or_other_nonfall,timeout_or_other_nonfall
cbf,D0,d0_sanity,242,255,0,0,0,0,timeout_or_other_nonfall,timeout_or_other_nonfall
balance,balance,target_diagonal_primary,42,0,0,0,1,1,non_lateral_balance_or_phase,non_lateral_balance_or_phase
balance,balance,target_diagonal_primary,42,1,0,0,1,1,non_lateral_balance_or_phase,non_lateral_balance_or_phase
balance,balance,target_diagonal_primary,42,2,0,0,1,1,non_lateral_balance_or_phase,non_lateral_balance_or_phase
balance,balance,target_diagonal_primary,42,3,0,0,1,1,non_lateral_balance_or_phase,non_lateral_high_cbf_demand
balance,balance,target_diagonal_primary,42,4,0,0,1,1,non_lateral_balance_or_phase,non_lateral_balance_or_phase
balance,balance,target_diagonal_primary,42,5,0,0,1,1,non_lateral_balance_or_phase,non_lateral_balance_or_phase
balance,balance,target_diagonal_primary,42,6,0,0,1,1,non_lateral_balance_or_phase,non_lateral_high_cbf_demand
balance,balance,target_diagonal_primary,42,7,0,0,1,1,lateral_heading_drift,non_lateral_balance_or_phase
balance,balance,target_diagonal_primary,42,8,0,0,1,1,non_lateral_high_cbf_demand,non_lateral_balance_or_phase
balance,balance,target_diagonal_primary,42,9,0,0,1,1,lateral_heading_drift,non_lateral_balance_or_phase
balance,balance,target_diagonal_primary,42,10,0,0,1,1,non_lateral_high_cbf_demand,non_lateral_high_cbf_demand
balance,balance,target_diagonal_primary,42,11,0,0,1,1,non_lateral_high_cbf_demand,non_lateral_balance_or_phase
balance,balance,target_diagonal_primary,42,12,0,0,1,1,non_lateral_high_cbf_demand,lateral_heading_drift
balance,balance,target_diagonal_primary,42,13,0,0,1,1,non_lateral_high_cbf_demand,lateral_heading_drift
balance,balance,target_diagonal_primary,42,14,0,0,1,1,lateral_heading_drift,non_lateral_balance_or_phase
balance,balance,target_diagonal_primary,42,15,0,0,1,1,non_lateral_high_cbf_demand,lateral_heading_drift
balance,balance,target_diagonal_primary,42,16,0,0,1,1,non_lateral_high_cbf_demand,lateral_heading_drift
balance,balance,target_diagonal_primary,42,17,0,0,1,1,non_lateral_balance_or_phase,non_lateral_balance_or_phase
balance,balance,target_diagonal_primary,42,18,0,0,1,1,lateral_heading_drift,non_lateral_high_cbf_demand
balance,balance,target_diagonal_primary,42,19,0,0,1,1,non_lateral_balance_or_phase,non_lateral_balance_or_phase
balance,balance,target_diagonal_primary,42,20,0,0,1,1,non_lateral_balance_or_phase,lateral_heading_drift
balance,balance,target_diagonal_primary,42,21,0,0,1,1,lateral_heading_drift,non_lateral_balance_or_phase
balance,balance,target_diagonal_primary,42,22,0,0,1,1,non_lateral_high_cbf_demand,non_lateral_high_cbf_demand
balance,balance,target_diagonal_primary,42,23,1,1,0,0,success,success
balance,balance,target_diagonal_primary,42,24,1,1,0,0,success,success
balance,balance,target_diagonal_primary,42,25,1,1,0,0,success,success
balance,balance,target_diagonal_primary,42,26,1,1,0,0,success,success
balance,balance,target_diagonal_primary,42,27,0,1,1,0,non_lateral_balance_or_phase,success
balance,balance,target_diagonal_primary,42,28,1,1,0,0,success,success
balance,balance,target_diagonal_primary,42,29,1,1,0,0,success,success
balance,balance,target_diagonal_primary,42,30,1,1,0,0,success,success
balance,balance,target_diagonal_primary,42,31,1,1,0,0,success,success
balance,balance,target_diagonal_primary,42,32,1,1,0,0,success,success
balance,balance,target_diagonal_primary,42,33,1,0,0,1,success,non_lateral_balance_or_phase
balance,balance,target_diagonal_primary,42,34,0,1,1,0,lateral_heading_drift,success
balance,balance,target_diagonal_primary,42,35,1,1,0,0,success,success
balance,balance,target_diagonal_primary,42,36,1,1,0,0,success,success
balance,balance,target_diagonal_primary,42,37,1,1,0,0,success,success
balance,balance,target_diagonal_primary,42,38,1,1,0,0,success,success
balance,balance,target_diagonal_primary,42,39,1,1,0,0,success,success
balance,balance,target_diagonal_primary,42,40,1,1,0,0,success,success
balance,balance,target_diagonal_primary,42,41,1,1,0,0,success,success
balance,balance,target_diagonal_primary,42,42,1,1,0,0,success,success
balance,balance,target_diagonal_primary,42,43,1,0,0,1,success,non_lateral_balance_or_phase
balance,balance,target_diagonal_primary,42,44,1,1,0,0,success,success
balance,balance,target_diagonal_primary,42,45,1,1,0,0,success,success
balance,balance,target_diagonal_primary,42,46,1,1,0,0,success,success
balance,balance,target_diagonal_primary,42,47,1,1,0,0,success,success
balance,balance,target_diagonal_primary,42,48,1,1,0,0,success,success
balance,balance,target_diagonal_primary,42,49,1,1,0,0,success,success
balance,balance,target_diagonal_primary,42,50,1,1,0,0,success,success
balance,balance,target_diagonal_primary,42,51,1,1,0,0,success,success
balance,balance,target_diagonal_primary,42,52,1,1,0,0,success,success
balance,balance,target_diagonal_primary,42,53,1,1,0,0,success,success
balance,balance,target_diagonal_primary,42,54,0,1,1,0,non_lateral_high_cbf_demand,success
balance,balance,target_diagonal_primary,42,55,1,1,0,0,success,success
balance,balance,target_diagonal_primary,42,56,1,1,0,0,success,success
balance,balance,target_diagonal_primary,42,57,1,1,0,0,success,success
balance,balance,target_diagonal_primary,42,58,1,0,0,1,success,non_lateral_balance_or_phase
balance,balance,target_diagonal_primary,42,59,1,1,0,0,success,success
balance,balance,target_diagonal_primary,42,60,1,1,0,0,success,success
balance,balance,target_diagonal_primary,42,61,1,1,0,0,success,success
balance,balance,target_diagonal_primary,42,62,1,1,0,0,success,success
balance,balance,target_diagonal_primary,42,63,1,1,0,0,success,success
balance,balance,target_diagonal_primary,42,64,1,1,0,0,success,success
balance,balance,target_diagonal_primary,42,65,1,1,0,0,success,success
balance,balance,target_diagonal_primary,42,66,1,1,0,0,success,success
balance,balance,target_diagonal_primary,42,67,1,1,0,0,success,success
balance,balance,target_diagonal_primary,42,68,1,0,0,1,success,lateral_heading_drift
balance,balance,target_diagonal_primary,42,69,1,1,0,0,success,success
balance,balance,target_diagonal_primary,42,70,1,1,0,0,success,success
balance,balance,target_diagonal_primary,42,71,1,1,0,0,success,success
balance,balance,target_diagonal_primary,42,72,1,1,0,0,success,success
balance,balance,target_diagonal_primary,42,73,1,1,0,0,success,success
balance,balance,target_diagonal_primary,42,74,1,1,0,0,success,success
balance,balance,target_diagonal_primary,42,75,1,1,0,0,success,success
balance,balance,target_diagonal_primary,42,76,1,1,0,0,success,success
balance,balance,target_diagonal_primary,42,77,1,1,0,0,success,success
balance,balance,target_diagonal_primary,42,78,1,1,0,0,success,success
balance,balance,target_diagonal_primary,42,79,1,1,0,0,success,success
balance,balance,target_diagonal_primary,42,80,1,1,0,0,success,success
balance,balance,target_diagonal_primary,42,81,1,1,0,0,success,success
balance,balance,target_diagonal_primary,42,82,1,1,0,0,success,success
balance,balance,target_diagonal_primary,42,83,1,0,0,1,success,lateral_heading_drift
balance,balance,target_diagonal_primary,42,84,1,1,0,0,success,success
balance,balance,target_diagonal_primary,42,85,1,1,0,0,success,success
balance,balance,target_diagonal_primary,42,86,1,1,0,0,success,success
balance,balance,target_diagonal_primary,42,87,1,1,0,0,success,success
balance,balance,target_diagonal_primary,42,88,1,1,0,0,success,success
balance,balance,target_diagonal_primary,42,89,1,1,0,0,success,success
balance,balance,target_diagonal_primary,42,90,1,1,0,0,success,success
balance,balance,target_diagonal_primary,42,91,1,1,0,0,success,success
balance,balance,target_diagonal_primary,42,92,1,1,0,0,success,success
balance,balance,target_diagonal_primary,42,93,1,1,0,0,success,success
balance,balance,target_diagonal_primary,42,94,1,1,0,0,success,success
balance,balance,target_diagonal_primary,42,95,1,1,0,0,success,success
balance,balance,target_diagonal_primary,42,96,1,0,0,1,success,lateral_heading_drift
balance,balance,target_diagonal_primary,42,97,1,1,0,0,success,success
balance,balance,target_diagonal_primary,42,98,1,1,0,0,success,success
balance,balance,target_diagonal_primary,42,99,1,1,0,0,success,success
balance,balance,target_diagonal_primary,42,100,1,1,0,0,success,success
balance,balance,target_diagonal_primary,42,101,1,1,0,0,success,success
balance,balance,target_diagonal_primary,42,102,1,1,0,0,success,success
balance,balance,target_diagonal_primary,42,103,1,1,0,0,success,success
balance,balance,target_diagonal_primary,42,104,1,0,0,1,success,lateral_heading_drift
balance,balance,target_diagonal_primary,42,105,1,1,0,0,success,success
balance,balance,target_diagonal_primary,42,106,1,1,0,0,success,success
balance,balance,target_diagonal_primary,42,107,1,1,0,0,success,success
balance,balance,target_diagonal_primary,42,108,1,1,0,0,success,success
balance,balance,target_diagonal_primary,42,109,1,1,0,0,success,success
balance,balance,target_diagonal_primary,42,110,1,1,0,0,success,success
balance,balance,target_diagonal_primary,42,111,1,1,0,0,success,success
balance,balance,target_diagonal_primary,42,112,1,1,0,0,success,success
balance,balance,target_diagonal_primary,42,113,1,1,0,0,success,success
balance,balance,target_diagonal_primary,42,114,1,1,0,0,success,success
balance,balance,target_diagonal_primary,42,115,1,1,0,0,success,success
balance,balance,target_diagonal_primary,42,116,0,1,1,0,lateral_heading_drift,success
balance,balance,target_diagonal_primary,42,117,1,1,0,0,success,success
balance,balance,target_diagonal_primary,42,118,1,1,0,0,success,success
balance,balance,target_diagonal_primary,42,119,1,1,0,0,success,success
balance,balance,target_diagonal_primary,42,120,1,1,0,0,success,success
balance,balance,target_diagonal_primary,42,121,1,1,0,0,success,success
balance,balance,target_diagonal_primary,42,122,1,1,0,0,success,success
balance,balance,target_diagonal_primary,42,123,1,1,0,0,success,success
balance,balance,target_diagonal_primary,42,124,1,1,0,0,success,success
balance,balance,target_diagonal_primary,42,125,1,1,0,0,success,success
balance,balance,target_diagonal_primary,42,126,0,1,1,0,lateral_heading_drift,success
balance,balance,target_diagonal_primary,42,127,1,1,0,0,success,success
balance,balance,target_diagonal_primary,42,128,0,0,1,1,non_lateral_high_cbf_demand,non_lateral_balance_or_phase
balance,balance,target_diagonal_primary,42,129,0,0,1,1,non_lateral_balance_or_phase,non_lateral_high_cbf_demand
balance,balance,target_diagonal_primary,42,130,0,0,1,1,non_lateral_balance_or_phase,non_lateral_balance_or_phase
balance,balance,target_diagonal_primary,42,131,0,0,1,1,non_lateral_high_cbf_demand,non_lateral_balance_or_phase
balance,balance,target_diagonal_primary,42,132,0,0,1,1,non_lateral_balance_or_phase,non_lateral_balance_or_phase
balance,balance,target_diagonal_primary,42,133,0,0,1,1,non_lateral_balance_or_phase,non_lateral_balance_or_phase
balance,balance,target_diagonal_primary,42,134,0,0,1,1,non_lateral_balance_or_phase,non_lateral_high_cbf_demand
balance,balance,target_diagonal_primary,42,135,0,0,1,1,non_lateral_high_cbf_demand,non_lateral_balance_or_phase
balance,balance,target_diagonal_primary,42,136,0,0,1,1,non_lateral_balance_or_phase,non_lateral_balance_or_phase
balance,balance,target_diagonal_primary,42,137,0,0,1,1,non_lateral_high_cbf_demand,non_lateral_balance_or_phase
balance,balance,target_diagonal_primary,42,138,0,0,1,1,non_lateral_balance_or_phase,non_lateral_balance_or_phase
balance,balance,target_diagonal_primary,42,139,0,0,1,1,lateral_heading_drift,non_lateral_balance_or_phase
balance,balance,target_diagonal_primary,42,140,0,0,1,1,non_lateral_balance_or_phase,non_lateral_balance_or_phase
balance,balance,target_diagonal_primary,42,141,0,0,1,1,non_lateral_balance_or_phase,non_lateral_balance_or_phase
balance,balance,target_diagonal_primary,42,142,0,0,1,1,lateral_heading_drift,non_lateral_balance_or_phase
balance,balance,target_diagonal_primary,42,143,0,0,1,1,non_lateral_high_cbf_demand,lateral_heading_drift
balance,balance,target_diagonal_primary,42,144,1,0,0,1,success,non_lateral_balance_or_phase
balance,balance,target_diagonal_primary,42,145,0,0,1,1,lateral_heading_drift,non_lateral_balance_or_phase
balance,balance,target_diagonal_primary,42,146,0,0,1,1,non_lateral_balance_or_phase,non_lateral_balance_or_phase
balance,balance,target_diagonal_primary,42,147,0,0,1,1,non_lateral_balance_or_phase,non_lateral_balance_or_phase
balance,balance,target_diagonal_primary,42,148,1,0,0,1,success,non_lateral_high_cbf_demand
balance,balance,target_diagonal_primary,42,149,1,0,0,1,success,lateral_heading_drift
balance,balance,target_diagonal_primary,42,150,1,0,0,1,success,non_lateral_balance_or_phase
balance,balance,target_diagonal_primary,42,151,1,0,0,1,success,non_lateral_high_cbf_demand
balance,balance,target_diagonal_primary,42,152,1,1,0,0,success,success
balance,balance,target_diagonal_primary,42,153,1,1,0,0,success,success
balance,balance,target_diagonal_primary,42,154,0,1,1,0,non_lateral_balance_or_phase,success
balance,balance,target_diagonal_primary,42,155,1,1,0,0,success,success
balance,balance,target_diagonal_primary,42,156,1,1,0,0,success,success
balance,balance,target_diagonal_primary,42,157,1,1,0,0,success,success
balance,balance,target_diagonal_primary,42,158,1,1,0,0,success,success
balance,balance,target_diagonal_primary,42,159,1,1,0,0,success,success
balance,balance,target_diagonal_primary,42,160,0,1,1,0,non_lateral_balance_or_phase,success
balance,balance,target_diagonal_primary,42,161,1,1,0,0,success,success
balance,balance,target_diagonal_primary,42,162,1,1,0,0,success,success
balance,balance,target_diagonal_primary,42,163,1,1,0,0,success,success
balance,balance,target_diagonal_primary,42,164,1,1,0,0,success,success
balance,balance,target_diagonal_primary,42,165,1,1,0,0,success,success
balance,balance,target_diagonal_primary,42,166,1,1,0,0,success,success
balance,balance,target_diagonal_primary,42,167,1,1,0,0,success,success
balance,balance,target_diagonal_primary,42,168,1,1,0,0,success,success
balance,balance,target_diagonal_primary,42,169,1,1,0,0,success,success
balance,balance,target_diagonal_primary,42,170,1,1,0,0,success,success
balance,balance,target_diagonal_primary,42,171,1,1,0,0,success,success
balance,balance,target_diagonal_primary,42,172,1,1,0,0,success,success
balance,balance,target_diagonal_primary,42,173,1,1,0,0,success,success
balance,balance,target_diagonal_primary,42,174,1,1,0,0,success,success
balance,balance,target_diagonal_primary,42,175,1,1,0,0,success,success
balance,balance,target_diagonal_primary,42,176,1,1,0,0,success,success
balance,balance,target_diagonal_primary,42,177,1,1,0,0,success,success
balance,balance,target_diagonal_primary,42,178,1,1,0,0,success,success
balance,balance,target_diagonal_primary,42,179,1,1,0,0,success,success
balance,balance,target_diagonal_primary,42,180,1,1,0,0,success,success
balance,balance,target_diagonal_primary,42,181,1,1,0,0,success,success
balance,balance,target_diagonal_primary,42,182,1,1,0,0,success,success
balance,balance,target_diagonal_primary,42,183,0,1,1,0,non_lateral_balance_or_phase,success
balance,balance,target_diagonal_primary,42,184,1,1,0,0,success,success
balance,balance,target_diagonal_primary,42,185,1,1,0,0,success,success
balance,balance,target_diagonal_primary,42,186,1,1,0,0,success,success
balance,balance,target_diagonal_primary,42,187,1,1,0,0,success,success
balance,balance,target_diagonal_primary,42,188,1,1,0,0,success,success
balance,balance,target_diagonal_primary,42,189,1,1,0,0,success,success
balance,balance,target_diagonal_primary,42,190,1,0,0,1,success,non_lateral_high_cbf_demand
balance,balance,target_diagonal_primary,42,191,1,1,0,0,success,success
balance,balance,target_diagonal_primary,42,192,1,1,0,0,success,success
balance,balance,target_diagonal_primary,42,193,1,1,0,0,success,success
balance,balance,target_diagonal_primary,42,194,1,1,0,0,success,success
balance,balance,target_diagonal_primary,42,195,1,1,0,0,success,success
balance,balance,target_diagonal_primary,42,196,1,1,0,0,success,success
balance,balance,target_diagonal_primary,42,197,1,1,0,0,success,success
balance,balance,target_diagonal_primary,42,198,1,1,0,0,success,success
balance,balance,target_diagonal_primary,42,199,1,1,0,0,success,success
balance,balance,target_diagonal_primary,42,200,1,0,0,1,success,non_lateral_balance_or_phase
balance,balance,target_diagonal_primary,42,201,1,1,0,0,success,success
balance,balance,target_diagonal_primary,42,202,1,1,0,0,success,success
balance,balance,target_diagonal_primary,42,203,1,1,0,0,success,success
balance,balance,target_diagonal_primary,42,204,1,1,0,0,success,success
balance,balance,target_diagonal_primary,42,205,1,1,0,0,success,success
balance,balance,target_diagonal_primary,42,206,1,1,0,0,success,success
balance,balance,target_diagonal_primary,42,207,1,1,0,0,success,success
balance,balance,target_diagonal_primary,42,208,1,1,0,0,success,success
balance,balance,target_diagonal_primary,42,209,1,0,0,1,success,non_lateral_balance_or_phase
balance,balance,target_diagonal_primary,42,210,1,1,0,0,success,success
balance,balance,target_diagonal_primary,42,211,1,1,0,0,success,success
balance,balance,target_diagonal_primary,42,212,1,1,0,0,success,success
balance,balance,target_diagonal_primary,42,213,1,1,0,0,success,success
balance,balance,target_diagonal_primary,42,214,1,1,0,0,success,success
balance,balance,target_diagonal_primary,42,215,1,1,0,0,success,success
balance,balance,target_diagonal_primary,42,216,1,1,0,0,success,success
balance,balance,target_diagonal_primary,42,217,1,1,0,0,success,success
balance,balance,target_diagonal_primary,42,218,1,1,0,0,success,success
balance,balance,target_diagonal_primary,42,219,1,1,0,0,success,success
balance,balance,target_diagonal_primary,42,220,1,1,0,0,success,success
balance,balance,target_diagonal_primary,42,221,1,1,0,0,success,success
balance,balance,target_diagonal_primary,42,222,1,1,0,0,success,success
balance,balance,target_diagonal_primary,42,223,1,1,0,0,success,success
balance,balance,target_diagonal_primary,42,224,1,1,0,0,success,success
balance,balance,target_diagonal_primary,42,225,1,1,0,0,success,success
balance,balance,target_diagonal_primary,42,226,1,1,0,0,success,success
balance,balance,target_diagonal_primary,42,227,1,1,0,0,success,success
balance,balance,target_diagonal_primary,42,228,1,1,0,0,success,success
balance,balance,target_diagonal_primary,42,229,1,1,0,0,success,success
balance,balance,target_diagonal_primary,42,230,1,1,0,0,success,success
balance,balance,target_diagonal_primary,42,231,1,1,0,0,success,success
balance,balance,target_diagonal_primary,42,232,1,1,0,0,success,success
balance,balance,target_diagonal_primary,42,233,1,1,0,0,success,success
balance,balance,target_diagonal_primary,42,234,1,1,0,0,success,success
balance,balance,target_diagonal_primary,42,235,1,1,0,0,success,success
balance,balance,target_diagonal_primary,42,236,1,1,0,0,success,success
balance,balance,target_diagonal_primary,42,237,1,1,0,0,success,success
balance,balance,target_diagonal_primary,42,238,1,1,0,0,success,success
balance,balance,target_diagonal_primary,42,239,1,1,0,0,success,success
balance,balance,target_diagonal_primary,42,240,1,1,0,0,success,success
balance,balance,target_diagonal_primary,42,241,1,1,0,0,success,success
balance,balance,target_diagonal_primary,42,242,0,1,1,0,lateral_heading_drift,success
balance,balance,target_diagonal_primary,42,243,1,1,0,0,success,success
balance,balance,target_diagonal_primary,42,244,1,1,0,0,success,success
balance,balance,target_diagonal_primary,42,245,1,1,0,0,success,success
balance,balance,target_diagonal_primary,42,246,1,1,0,0,success,success
balance,balance,target_diagonal_primary,42,247,1,1,0,0,success,success
balance,balance,target_diagonal_primary,42,248,1,1,0,0,success,success
balance,balance,target_diagonal_primary,42,249,1,1,0,0,success,success
balance,balance,target_diagonal_primary,42,250,1,0,0,1,success,lateral_heading_drift
balance,balance,target_diagonal_primary,42,251,1,1,0,0,success,success
balance,balance,target_diagonal_primary,42,252,1,1,0,0,success,success
balance,balance,target_diagonal_primary,42,253,1,1,0,0,success,success
balance,balance,target_diagonal_primary,42,254,1,1,0,0,success,success
balance,balance,target_diagonal_primary,42,255,1,1,0,0,success,success
balance,balance,target_diagonal_primary,42,256,0,0,1,1,non_lateral_balance_or_phase,non_lateral_balance_or_phase
balance,balance,target_diagonal_primary,42,257,0,0,1,1,non_lateral_high_cbf_demand,non_lateral_balance_or_phase
balance,balance,target_diagonal_primary,42,258,0,0,1,1,non_lateral_balance_or_phase,non_lateral_balance_or_phase
balance,balance,target_diagonal_primary,42,259,0,0,1,1,non_lateral_balance_or_phase,non_lateral_high_cbf_demand
balance,balance,target_diagonal_primary,42,260,0,0,1,1,lateral_heading_drift,non_lateral_balance_or_phase
balance,balance,target_diagonal_primary,42,261,0,0,1,1,non_lateral_balance_or_phase,non_lateral_balance_or_phase
balance,balance,target_diagonal_primary,42,262,0,0,1,1,lateral_heading_drift,non_lateral_high_cbf_demand
balance,balance,target_diagonal_primary,42,263,0,0,1,1,non_lateral_balance_or_phase,non_lateral_high_cbf_demand
balance,balance,target_diagonal_primary,42,264,0,0,1,1,non_lateral_balance_or_phase,non_lateral_balance_or_phase
balance,balance,target_diagonal_primary,42,265,0,0,1,1,non_lateral_balance_or_phase,non_lateral_balance_or_phase
balance,balance,target_diagonal_primary,42,266,0,0,1,1,lateral_heading_drift,non_lateral_balance_or_phase
balance,balance,target_diagonal_primary,42,267,0,0,1,1,lateral_heading_drift,non_lateral_balance_or_phase
balance,balance,target_diagonal_primary,42,268,0,0,1,1,non_lateral_balance_or_phase,non_lateral_balance_or_phase
balance,balance,target_diagonal_primary,42,269,0,0,1,1,non_lateral_high_cbf_demand,non_lateral_high_cbf_demand
balance,balance,target_diagonal_primary,42,270,0,0,1,1,non_lateral_high_cbf_demand,lateral_heading_drift
balance,balance,target_diagonal_primary,42,271,0,0,1,1,lateral_heading_drift,lateral_heading_drift
balance,balance,target_diagonal_primary,42,272,0,0,1,1,non_lateral_balance_or_phase,lateral_heading_drift
balance,balance,target_diagonal_primary,42,273,0,0,1,1,non_lateral_balance_or_phase,lateral_heading_drift
balance,balance,target_diagonal_primary,42,274,0,0,1,1,non_lateral_balance_or_phase,lateral_heading_drift
balance,balance,target_diagonal_primary,42,275,0,1,1,0,non_lateral_balance_or_phase,success
balance,balance,target_diagonal_primary,42,276,0,1,1,0,non_lateral_balance_or_phase,success
balance,balance,target_diagonal_primary,42,277,1,1,0,0,success,success
balance,balance,target_diagonal_primary,42,278,1,1,0,0,success,success
balance,balance,target_diagonal_primary,42,279,1,1,0,0,success,success
balance,balance,target_diagonal_primary,42,280,1,1,0,0,success,success
balance,balance,target_diagonal_primary,42,281,1,1,0,0,success,success
balance,balance,target_diagonal_primary,42,282,1,1,0,0,success,success
balance,balance,target_diagonal_primary,42,283,1,1,0,0,success,success
balance,balance,target_diagonal_primary,42,284,1,1,0,0,success,success
balance,balance,target_diagonal_primary,42,285,1,1,0,0,success,success
balance,balance,target_diagonal_primary,42,286,1,1,0,0,success,success
balance,balance,target_diagonal_primary,42,287,1,1,0,0,success,success
balance,balance,target_diagonal_primary,42,288,1,1,0,0,success,success
balance,balance,target_diagonal_primary,42,289,1,1,0,0,success,success
balance,balance,target_diagonal_primary,42,290,1,1,0,0,success,success
balance,balance,target_diagonal_primary,42,291,1,1,0,0,success,success
balance,balance,target_diagonal_primary,42,292,0,1,1,0,lateral_heading_drift,success
balance,balance,target_diagonal_primary,42,293,1,1,0,0,success,success
balance,balance,target_diagonal_primary,42,294,1,1,0,0,success,success
balance,balance,target_diagonal_primary,42,295,1,1,0,0,success,success
balance,balance,target_diagonal_primary,42,296,1,1,0,0,success,success
balance,balance,target_diagonal_primary,42,297,1,1,0,0,success,success
balance,balance,target_diagonal_primary,42,298,1,1,0,0,success,success
balance,balance,target_diagonal_primary,42,299,1,1,0,0,success,success
balance,balance,target_diagonal_primary,42,300,1,0,0,1,success,lateral_heading_drift
balance,balance,target_diagonal_primary,42,301,1,1,0,0,success,success
balance,balance,target_diagonal_primary,42,302,1,1,0,0,success,success
balance,balance,target_diagonal_primary,42,303,1,1,0,0,success,success
balance,balance,target_diagonal_primary,42,304,1,1,0,0,success,success
balance,balance,target_diagonal_primary,42,305,1,0,0,1,success,lateral_heading_drift
balance,balance,target_diagonal_primary,42,306,1,1,0,0,success,success
balance,balance,target_diagonal_primary,42,307,1,1,0,0,success,success
balance,balance,target_diagonal_primary,42,308,1,1,0,0,success,success
balance,balance,target_diagonal_primary,42,309,1,1,0,0,success,success
balance,balance,target_diagonal_primary,42,310,1,1,0,0,success,success
balance,balance,target_diagonal_primary,42,311,1,1,0,0,success,success
balance,balance,target_diagonal_primary,42,312,1,1,0,0,success,success
balance,balance,target_diagonal_primary,42,313,1,0,0,1,success,lateral_heading_drift
balance,balance,target_diagonal_primary,42,314,1,1,0,0,success,success
balance,balance,target_diagonal_primary,42,315,1,1,0,0,success,success
balance,balance,target_diagonal_primary,42,316,1,1,0,0,success,success
balance,balance,target_diagonal_primary,42,317,1,1,0,0,success,success
balance,balance,target_diagonal_primary,42,318,1,1,0,0,success,success
balance,balance,target_diagonal_primary,42,319,1,1,0,0,success,success
balance,balance,target_diagonal_primary,42,320,1,1,0,0,success,success
balance,balance,target_diagonal_primary,42,321,1,1,0,0,success,success
balance,balance,target_diagonal_primary,42,322,1,1,0,0,success,success
balance,balance,target_diagonal_primary,42,323,1,1,0,0,success,success
balance,balance,target_diagonal_primary,42,324,1,1,0,0,success,success
balance,balance,target_diagonal_primary,42,325,1,1,0,0,success,success
balance,balance,target_diagonal_primary,42,326,1,1,0,0,success,success
balance,balance,target_diagonal_primary,42,327,1,1,0,0,success,success
balance,balance,target_diagonal_primary,42,328,1,1,0,0,success,success
balance,balance,target_diagonal_primary,42,329,1,1,0,0,success,success
balance,balance,target_diagonal_primary,42,330,1,1,0,0,success,success
balance,balance,target_diagonal_primary,42,331,1,1,0,0,success,success
balance,balance,target_diagonal_primary,42,332,1,1,0,0,success,success
balance,balance,target_diagonal_primary,42,333,1,1,0,0,success,success
balance,balance,target_diagonal_primary,42,334,0,1,1,0,non_lateral_balance_or_phase,success
balance,balance,target_diagonal_primary,42,335,1,0,0,1,success,lateral_heading_drift
balance,balance,target_diagonal_primary,42,336,1,1,0,0,success,success
balance,balance,target_diagonal_primary,42,337,1,1,0,0,success,success
balance,balance,target_diagonal_primary,42,338,1,1,0,0,success,success
balance,balance,target_diagonal_primary,42,339,1,1,0,0,success,success
balance,balance,target_diagonal_primary,42,340,1,1,0,0,success,success
balance,balance,target_diagonal_primary,42,341,1,1,0,0,success,success
balance,balance,target_diagonal_primary,42,342,0,1,1,0,lateral_heading_drift,success
balance,balance,target_diagonal_primary,42,343,1,1,0,0,success,success
balance,balance,target_diagonal_primary,42,344,1,1,0,0,success,success
balance,balance,target_diagonal_primary,42,345,1,1,0,0,success,success
balance,balance,target_diagonal_primary,42,346,1,1,0,0,success,success
balance,balance,target_diagonal_primary,42,347,1,1,0,0,success,success
balance,balance,target_diagonal_primary,42,348,1,1,0,0,success,success
balance,balance,target_diagonal_primary,42,349,1,1,0,0,success,success
balance,balance,target_diagonal_primary,42,350,1,1,0,0,success,success
balance,balance,target_diagonal_primary,42,351,1,1,0,0,success,success
balance,balance,target_diagonal_primary,42,352,0,1,1,0,lateral_heading_drift,success
balance,balance,target_diagonal_primary,42,353,1,1,0,0,success,success
balance,balance,target_diagonal_primary,42,354,1,1,0,0,success,success
balance,balance,target_diagonal_primary,42,355,1,1,0,0,success,success
balance,balance,target_diagonal_primary,42,356,1,1,0,0,success,success
balance,balance,target_diagonal_primary,42,357,1,1,0,0,success,success
balance,balance,target_diagonal_primary,42,358,1,1,0,0,success,success
balance,balance,target_diagonal_primary,42,359,1,1,0,0,success,success
balance,balance,target_diagonal_primary,42,360,1,1,0,0,success,success
balance,balance,target_diagonal_primary,42,361,1,1,0,0,success,success
balance,balance,target_diagonal_primary,42,362,1,1,0,0,success,success
balance,balance,target_diagonal_primary,42,363,1,1,0,0,success,success
balance,balance,target_diagonal_primary,42,364,1,1,0,0,success,success
balance,balance,target_diagonal_primary,42,365,1,0,0,1,success,lateral_heading_drift
balance,balance,target_diagonal_primary,42,366,1,1,0,0,success,success
balance,balance,target_diagonal_primary,42,367,1,1,0,0,success,success
balance,balance,target_diagonal_primary,42,368,1,1,0,0,success,success
balance,balance,target_diagonal_primary,42,369,1,1,0,0,success,success
balance,balance,target_diagonal_primary,42,370,1,1,0,0,success,success
balance,balance,target_diagonal_primary,42,371,1,1,0,0,success,success
balance,balance,target_diagonal_primary,42,372,0,1,1,0,lateral_heading_drift,success
balance,balance,target_diagonal_primary,42,373,1,1,0,0,success,success
balance,balance,target_diagonal_primary,42,374,1,1,0,0,success,success
balance,balance,target_diagonal_primary,42,375,1,1,0,0,success,success
balance,balance,target_diagonal_primary,42,376,1,1,0,0,success,success
balance,balance,target_diagonal_primary,42,377,1,1,0,0,success,success
balance,balance,target_diagonal_primary,42,378,1,1,0,0,success,success
balance,balance,target_diagonal_primary,42,379,1,1,0,0,success,success
balance,balance,target_diagonal_primary,42,380,1,1,0,0,success,success
balance,balance,target_diagonal_primary,42,381,1,1,0,0,success,success
balance,balance,target_diagonal_primary,42,382,1,0,0,1,success,lateral_heading_drift
balance,balance,target_diagonal_primary,42,383,1,1,0,0,success,success
balance,balance,target_diagonal_primary,42,384,0,0,1,1,non_lateral_balance_or_phase,non_lateral_balance_or_phase
balance,balance,target_diagonal_primary,42,385,0,0,1,1,non_lateral_high_cbf_demand,non_lateral_balance_or_phase
balance,balance,target_diagonal_primary,42,386,0,0,1,1,non_lateral_high_cbf_demand,non_lateral_balance_or_phase
balance,balance,target_diagonal_primary,42,387,0,0,1,1,non_lateral_high_cbf_demand,non_lateral_balance_or_phase
balance,balance,target_diagonal_primary,42,388,0,0,1,1,lateral_heading_drift,non_lateral_balance_or_phase
balance,balance,target_diagonal_primary,42,389,0,0,1,1,lateral_heading_drift,non_lateral_balance_or_phase
balance,balance,target_diagonal_primary,42,390,0,0,1,1,non_lateral_balance_or_phase,non_lateral_balance_or_phase
balance,balance,target_diagonal_primary,42,391,0,0,1,1,non_lateral_balance_or_phase,non_lateral_high_cbf_demand
balance,balance,target_diagonal_primary,42,392,0,0,1,1,non_lateral_balance_or_phase,non_lateral_balance_or_phase
balance,balance,target_diagonal_primary,42,393,0,0,1,1,non_lateral_balance_or_phase,non_lateral_balance_or_phase
balance,balance,target_diagonal_primary,42,394,0,0,1,1,non_lateral_high_cbf_demand,lateral_heading_drift
balance,balance,target_diagonal_primary,42,395,0,0,1,1,lateral_heading_drift,non_lateral_balance_or_phase
balance,balance,target_diagonal_primary,42,396,0,0,1,1,non_lateral_balance_or_phase,non_lateral_high_cbf_demand
balance,balance,target_diagonal_primary,42,397,0,0,1,1,non_lateral_balance_or_phase,non_lateral_balance_or_phase
balance,balance,target_diagonal_primary,42,398,0,0,1,1,non_lateral_high_cbf_demand,non_lateral_balance_or_phase
balance,balance,target_diagonal_primary,42,399,0,1,1,0,non_lateral_balance_or_phase,success
balance,balance,target_diagonal_primary,42,400,0,0,1,1,non_lateral_high_cbf_demand,non_lateral_balance_or_phase
balance,balance,target_diagonal_primary,42,401,0,1,1,0,non_lateral_balance_or_phase,success
balance,balance,target_diagonal_primary,42,402,0,1,1,0,non_lateral_balance_or_phase,success
balance,balance,target_diagonal_primary,42,403,0,1,1,0,lateral_heading_drift,success
balance,balance,target_diagonal_primary,42,404,0,1,1,0,lateral_heading_drift,success
balance,balance,target_diagonal_primary,42,405,0,1,1,0,lateral_heading_drift,success
balance,balance,target_diagonal_primary,42,406,0,1,1,0,non_lateral_balance_or_phase,success
balance,balance,target_diagonal_primary,42,407,0,1,1,0,non_lateral_balance_or_phase,success
balance,balance,target_diagonal_primary,42,408,0,1,1,0,non_lateral_balance_or_phase,success
balance,balance,target_diagonal_primary,42,409,1,1,0,0,success,success
balance,balance,target_diagonal_primary,42,410,1,0,0,1,success,lateral_heading_drift
balance,balance,target_diagonal_primary,42,411,1,1,0,0,success,success
balance,balance,target_diagonal_primary,42,412,1,1,0,0,success,success
balance,balance,target_diagonal_primary,42,413,1,1,0,0,success,success
balance,balance,target_diagonal_primary,42,414,1,1,0,0,success,success
balance,balance,target_diagonal_primary,42,415,1,1,0,0,success,success
balance,balance,target_diagonal_primary,42,416,1,1,0,0,success,success
balance,balance,target_diagonal_primary,42,417,1,1,0,0,success,success
balance,balance,target_diagonal_primary,42,418,1,1,0,0,success,success
balance,balance,target_diagonal_primary,42,419,1,1,0,0,success,success
balance,balance,target_diagonal_primary,42,420,1,1,0,0,success,success
balance,balance,target_diagonal_primary,42,421,1,1,0,0,success,success
balance,balance,target_diagonal_primary,42,422,1,1,0,0,success,success
balance,balance,target_diagonal_primary,42,423,1,1,0,0,success,success
balance,balance,target_diagonal_primary,42,424,1,1,0,0,success,success
balance,balance,target_diagonal_primary,42,425,1,1,0,0,success,success
balance,balance,target_diagonal_primary,42,426,1,1,0,0,success,success
balance,balance,target_diagonal_primary,42,427,1,1,0,0,success,success
balance,balance,target_diagonal_primary,42,428,1,1,0,0,success,success
balance,balance,target_diagonal_primary,42,429,1,1,0,0,success,success
balance,balance,target_diagonal_primary,42,430,1,1,0,0,success,success
balance,balance,target_diagonal_primary,42,431,1,1,0,0,success,success
balance,balance,target_diagonal_primary,42,432,1,0,0,1,success,non_lateral_balance_or_phase
balance,balance,target_diagonal_primary,42,433,1,1,0,0,success,success
balance,balance,target_diagonal_primary,42,434,0,1,1,0,non_lateral_high_cbf_demand,success
balance,balance,target_diagonal_primary,42,435,1,0,0,1,success,lateral_heading_drift
balance,balance,target_diagonal_primary,42,436,1,1,0,0,success,success
balance,balance,target_diagonal_primary,42,437,1,1,0,0,success,success
balance,balance,target_diagonal_primary,42,438,0,1,1,0,lateral_heading_drift,success
balance,balance,target_diagonal_primary,42,439,1,1,0,0,success,success
balance,balance,target_diagonal_primary,42,440,1,0,0,1,success,lateral_heading_drift
balance,balance,target_diagonal_primary,42,441,1,1,0,0,success,success
balance,balance,target_diagonal_primary,42,442,1,1,0,0,success,success
balance,balance,target_diagonal_primary,42,443,1,1,0,0,success,success
balance,balance,target_diagonal_primary,42,444,1,1,0,0,success,success
balance,balance,target_diagonal_primary,42,445,1,1,0,0,success,success
balance,balance,target_diagonal_primary,42,446,1,1,0,0,success,success
balance,balance,target_diagonal_primary,42,447,1,1,0,0,success,success
balance,balance,target_diagonal_primary,42,448,0,1,1,0,non_lateral_balance_or_phase,success
balance,balance,target_diagonal_primary,42,449,1,1,0,0,success,success
balance,balance,target_diagonal_primary,42,450,1,1,0,0,success,success
balance,balance,target_diagonal_primary,42,451,1,1,0,0,success,success
balance,balance,target_diagonal_primary,42,452,1,1,0,0,success,success
balance,balance,target_diagonal_primary,42,453,1,1,0,0,success,success
balance,balance,target_diagonal_primary,42,454,0,1,1,0,lateral_heading_drift,success
balance,balance,target_diagonal_primary,42,455,0,1,1,0,lateral_heading_drift,success
balance,balance,target_diagonal_primary,42,456,1,1,0,0,success,success
balance,balance,target_diagonal_primary,42,457,1,1,0,0,success,success
balance,balance,target_diagonal_primary,42,458,1,1,0,0,success,success
balance,balance,target_diagonal_primary,42,459,1,1,0,0,success,success
balance,balance,target_diagonal_primary,42,460,1,1,0,0,success,success
balance,balance,target_diagonal_primary,42,461,1,1,0,0,success,success
balance,balance,target_diagonal_primary,42,462,1,1,0,0,success,success
balance,balance,target_diagonal_primary,42,463,1,1,0,0,success,success
balance,balance,target_diagonal_primary,42,464,1,1,0,0,success,success
balance,balance,target_diagonal_primary,42,465,1,1,0,0,success,success
balance,balance,target_diagonal_primary,42,466,1,1,0,0,success,success
balance,balance,target_diagonal_primary,42,467,1,1,0,0,success,success
balance,balance,target_diagonal_primary,42,468,1,1,0,0,success,success
balance,balance,target_diagonal_primary,42,469,1,1,0,0,success,success
balance,balance,target_diagonal_primary,42,470,1,1,0,0,success,success
balance,balance,target_diagonal_primary,42,471,1,1,0,0,success,success
balance,balance,target_diagonal_primary,42,472,1,1,0,0,success,success
balance,balance,target_diagonal_primary,42,473,1,1,0,0,success,success
balance,balance,target_diagonal_primary,42,474,1,1,0,0,success,success
balance,balance,target_diagonal_primary,42,475,1,1,0,0,success,success
balance,balance,target_diagonal_primary,42,476,0,1,1,0,non_lateral_high_cbf_demand,success
balance,balance,target_diagonal_primary,42,477,1,1,0,0,success,success
balance,balance,target_diagonal_primary,42,478,1,1,0,0,success,success
balance,balance,target_diagonal_primary,42,479,1,1,0,0,success,success
balance,balance,target_diagonal_primary,42,480,1,1,0,0,success,success
balance,balance,target_diagonal_primary,42,481,1,1,0,0,success,success
balance,balance,target_diagonal_primary,42,482,1,1,0,0,success,success
balance,balance,target_diagonal_primary,42,483,1,1,0,0,success,success
balance,balance,target_diagonal_primary,42,484,1,1,0,0,success,success
balance,balance,target_diagonal_primary,42,485,1,1,0,0,success,success
balance,balance,target_diagonal_primary,42,486,1,1,0,0,success,success
balance,balance,target_diagonal_primary,42,487,1,1,0,0,success,success
balance,balance,target_diagonal_primary,42,488,1,1,0,0,success,success
balance,balance,target_diagonal_primary,42,489,1,1,0,0,success,success
balance,balance,target_diagonal_primary,42,490,1,1,0,0,success,success
balance,balance,target_diagonal_primary,42,491,1,1,0,0,success,success
balance,balance,target_diagonal_primary,42,492,1,1,0,0,success,success
balance,balance,target_diagonal_primary,42,493,1,1,0,0,success,success
balance,balance,target_diagonal_primary,42,494,1,1,0,0,success,success
balance,balance,target_diagonal_primary,42,495,1,1,0,0,success,success
balance,balance,target_diagonal_primary,42,496,1,1,0,0,success,success
balance,balance,target_diagonal_primary,42,497,1,1,0,0,success,success
balance,balance,target_diagonal_primary,42,498,1,1,0,0,success,success
balance,balance,target_diagonal_primary,42,499,1,1,0,0,success,success
balance,balance,target_diagonal_primary,42,500,1,1,0,0,success,success
balance,balance,target_diagonal_primary,42,501,1,0,0,1,success,lateral_heading_drift
balance,balance,target_diagonal_primary,42,502,1,1,0,0,success,success
balance,balance,target_diagonal_primary,42,503,1,1,0,0,success,success
balance,balance,target_diagonal_primary,42,504,1,1,0,0,success,success
balance,balance,target_diagonal_primary,42,505,1,1,0,0,success,success
balance,balance,target_diagonal_primary,42,506,1,1,0,0,success,success
balance,balance,target_diagonal_primary,42,507,1,1,0,0,success,success
balance,balance,target_diagonal_primary,42,508,1,1,0,0,success,success
balance,balance,target_diagonal_primary,42,509,1,1,0,0,success,success
balance,balance,target_diagonal_primary,42,510,1,1,0,0,success,success
balance,balance,target_diagonal_primary,42,511,1,1,0,0,success,success
balance,D0,d0_sanity,42,0,0,1,1,0,non_lateral_balance_or_phase,success
balance,D0,d0_sanity,42,1,1,1,0,0,success,success
balance,D0,d0_sanity,42,2,1,1,0,0,success,success
balance,D0,d0_sanity,42,3,0,1,1,0,non_lateral_high_cbf_demand,success
balance,D0,d0_sanity,42,4,1,1,0,0,success,success
balance,D0,d0_sanity,42,5,1,1,0,0,success,success
balance,D0,d0_sanity,42,6,1,1,0,0,success,success
balance,D0,d0_sanity,42,7,1,1,0,0,success,success
balance,D0,d0_sanity,42,8,1,1,0,0,success,success
balance,D0,d0_sanity,42,9,1,1,0,0,success,success
balance,D0,d0_sanity,42,10,1,1,0,0,success,success
balance,D0,d0_sanity,42,11,1,1,0,0,success,success
balance,D0,d0_sanity,42,12,1,1,0,0,success,success
balance,D0,d0_sanity,42,13,1,1,0,0,success,success
balance,D0,d0_sanity,42,14,1,1,0,0,success,success
balance,D0,d0_sanity,42,15,1,1,0,0,success,success
balance,D0,d0_sanity,42,16,1,1,0,0,success,success
balance,D0,d0_sanity,42,17,1,1,0,0,success,success
balance,D0,d0_sanity,42,18,1,1,0,0,success,success
balance,D0,d0_sanity,42,19,1,1,0,0,success,success
balance,D0,d0_sanity,42,20,1,1,0,0,success,success
balance,D0,d0_sanity,42,21,1,1,0,0,success,success
balance,D0,d0_sanity,42,22,1,1,0,0,success,success
balance,D0,d0_sanity,42,23,1,1,0,0,success,success
balance,D0,d0_sanity,42,24,1,1,0,0,success,success
balance,D0,d0_sanity,42,25,1,1,0,0,success,success
balance,D0,d0_sanity,42,26,1,1,0,0,success,success
balance,D0,d0_sanity,42,27,1,1,0,0,success,success
balance,D0,d0_sanity,42,28,1,1,0,0,success,success
balance,D0,d0_sanity,42,29,1,1,0,0,success,success
balance,D0,d0_sanity,42,30,1,1,0,0,success,success
balance,D0,d0_sanity,42,31,1,1,0,0,success,success
balance,D0,d0_sanity,42,32,1,1,0,0,success,success
balance,D0,d0_sanity,42,33,1,1,0,0,success,success
balance,D0,d0_sanity,42,34,1,1,0,0,success,success
balance,D0,d0_sanity,42,35,1,1,0,0,success,success
balance,D0,d0_sanity,42,36,1,1,0,0,success,success
balance,D0,d0_sanity,42,37,1,1,0,0,success,success
balance,D0,d0_sanity,42,38,1,1,0,0,success,success
balance,D0,d0_sanity,42,39,1,1,0,0,success,success
balance,D0,d0_sanity,42,40,1,1,0,0,success,success
balance,D0,d0_sanity,42,41,1,1,0,0,success,success
balance,D0,d0_sanity,42,42,1,1,0,0,success,success
balance,D0,d0_sanity,42,43,1,1,0,0,success,success
balance,D0,d0_sanity,42,44,1,1,0,0,success,success
balance,D0,d0_sanity,42,45,1,1,0,0,success,success
balance,D0,d0_sanity,42,46,1,1,0,0,success,success
balance,D0,d0_sanity,42,47,1,1,0,0,success,success
balance,D0,d0_sanity,42,48,1,1,0,0,success,success
balance,D0,d0_sanity,42,49,1,1,0,0,success,success
balance,D0,d0_sanity,42,50,1,1,0,0,success,success
balance,D0,d0_sanity,42,51,1,1,0,0,success,success
balance,D0,d0_sanity,42,52,1,1,0,0,success,success
balance,D0,d0_sanity,42,53,1,1,0,0,success,success
balance,D0,d0_sanity,42,54,1,1,0,0,success,success
balance,D0,d0_sanity,42,55,1,1,0,0,success,success
balance,D0,d0_sanity,42,56,1,1,0,0,success,success
balance,D0,d0_sanity,42,57,1,1,0,0,success,success
balance,D0,d0_sanity,42,58,1,1,0,0,success,success
balance,D0,d0_sanity,42,59,1,1,0,0,success,success
balance,D0,d0_sanity,42,60,1,1,0,0,success,success
balance,D0,d0_sanity,42,61,1,1,0,0,success,success
balance,D0,d0_sanity,42,62,1,1,0,0,success,success
balance,D0,d0_sanity,42,63,1,1,0,0,success,success
balance,D0,d0_sanity,42,64,1,1,0,0,success,success
balance,D0,d0_sanity,42,65,1,1,0,0,success,success
balance,D0,d0_sanity,42,66,1,1,0,0,success,success
balance,D0,d0_sanity,42,67,1,1,0,0,success,success
balance,D0,d0_sanity,42,68,1,1,0,0,success,success
balance,D0,d0_sanity,42,69,1,1,0,0,success,success
balance,D0,d0_sanity,42,70,1,1,0,0,success,success
balance,D0,d0_sanity,42,71,1,1,0,0,success,success
balance,D0,d0_sanity,42,72,1,1,0,0,success,success
balance,D0,d0_sanity,42,73,1,1,0,0,success,success
balance,D0,d0_sanity,42,74,1,1,0,0,success,success
balance,D0,d0_sanity,42,75,1,1,0,0,success,success
balance,D0,d0_sanity,42,76,1,1,0,0,success,success
balance,D0,d0_sanity,42,77,1,1,0,0,success,success
balance,D0,d0_sanity,42,78,1,1,0,0,success,success
balance,D0,d0_sanity,42,79,1,1,0,0,success,success
balance,D0,d0_sanity,42,80,1,1,0,0,success,success
balance,D0,d0_sanity,42,81,1,1,0,0,success,success
balance,D0,d0_sanity,42,82,1,1,0,0,success,success
balance,D0,d0_sanity,42,83,1,1,0,0,success,success
balance,D0,d0_sanity,42,84,1,1,0,0,success,success
balance,D0,d0_sanity,42,85,1,1,0,0,success,success
balance,D0,d0_sanity,42,86,1,1,0,0,success,success
balance,D0,d0_sanity,42,87,1,1,0,0,success,success
balance,D0,d0_sanity,42,88,1,1,0,0,success,success
balance,D0,d0_sanity,42,89,1,1,0,0,success,success
balance,D0,d0_sanity,42,90,1,1,0,0,success,success
balance,D0,d0_sanity,42,91,1,1,0,0,success,success
balance,D0,d0_sanity,42,92,1,1,0,0,success,success
balance,D0,d0_sanity,42,93,1,1,0,0,success,success
balance,D0,d0_sanity,42,94,1,1,0,0,success,success
balance,D0,d0_sanity,42,95,1,1,0,0,success,success
balance,D0,d0_sanity,42,96,1,1,0,0,success,success
balance,D0,d0_sanity,42,97,1,1,0,0,success,success
balance,D0,d0_sanity,42,98,1,1,0,0,success,success
balance,D0,d0_sanity,42,99,1,1,0,0,success,success
balance,D0,d0_sanity,42,100,1,1,0,0,success,success
balance,D0,d0_sanity,42,101,1,1,0,0,success,success
balance,D0,d0_sanity,42,102,1,1,0,0,success,success
balance,D0,d0_sanity,42,103,1,1,0,0,success,success
balance,D0,d0_sanity,42,104,1,1,0,0,success,success
balance,D0,d0_sanity,42,105,1,1,0,0,success,success
balance,D0,d0_sanity,42,106,1,1,0,0,success,success
balance,D0,d0_sanity,42,107,1,1,0,0,success,success
balance,D0,d0_sanity,42,108,1,1,0,0,success,success
balance,D0,d0_sanity,42,109,1,1,0,0,success,success
balance,D0,d0_sanity,42,110,1,1,0,0,success,success
balance,D0,d0_sanity,42,111,1,1,0,0,success,success
balance,D0,d0_sanity,42,112,1,1,0,0,success,success
balance,D0,d0_sanity,42,113,1,1,0,0,success,success
balance,D0,d0_sanity,42,114,1,1,0,0,success,success
balance,D0,d0_sanity,42,115,1,1,0,0,success,success
balance,D0,d0_sanity,42,116,1,1,0,0,success,success
balance,D0,d0_sanity,42,117,1,1,0,0,success,success
balance,D0,d0_sanity,42,118,1,1,0,0,success,success
balance,D0,d0_sanity,42,119,1,0,0,0,success,timeout_or_other_nonfall
balance,D0,d0_sanity,42,120,0,0,0,0,timeout_or_other_nonfall,timeout_or_other_nonfall
balance,D0,d0_sanity,42,121,0,0,0,0,timeout_or_other_nonfall,timeout_or_other_nonfall
balance,D0,d0_sanity,42,122,0,0,0,0,timeout_or_other_nonfall,timeout_or_other_nonfall
balance,D0,d0_sanity,42,123,0,0,0,0,timeout_or_other_nonfall,timeout_or_other_nonfall
balance,D0,d0_sanity,42,124,0,0,0,0,timeout_or_other_nonfall,timeout_or_other_nonfall
balance,D0,d0_sanity,42,125,0,0,0,0,timeout_or_other_nonfall,timeout_or_other_nonfall
balance,D0,d0_sanity,42,126,0,0,0,0,timeout_or_other_nonfall,timeout_or_other_nonfall
balance,D0,d0_sanity,42,127,0,0,0,0,timeout_or_other_nonfall,timeout_or_other_nonfall
balance,D0,d0_sanity,42,128,0,0,1,1,non_lateral_high_cbf_demand,non_lateral_balance_or_phase
balance,D0,d0_sanity,42,129,1,1,0,0,success,success
balance,D0,d0_sanity,42,130,1,1,0,0,success,success
balance,D0,d0_sanity,42,131,1,1,0,0,success,success
balance,D0,d0_sanity,42,132,1,1,0,0,success,success
balance,D0,d0_sanity,42,133,1,1,0,0,success,success
balance,D0,d0_sanity,42,134,1,1,0,0,success,success
balance,D0,d0_sanity,42,135,1,1,0,0,success,success
balance,D0,d0_sanity,42,136,1,1,0,0,success,success
balance,D0,d0_sanity,42,137,1,1,0,0,success,success
balance,D0,d0_sanity,42,138,1,1,0,0,success,success
balance,D0,d0_sanity,42,139,1,1,0,0,success,success
balance,D0,d0_sanity,42,140,1,1,0,0,success,success
balance,D0,d0_sanity,42,141,1,1,0,0,success,success
balance,D0,d0_sanity,42,142,1,1,0,0,success,success
balance,D0,d0_sanity,42,143,1,1,0,0,success,success
balance,D0,d0_sanity,42,144,1,1,0,0,success,success
balance,D0,d0_sanity,42,145,1,1,0,0,success,success
balance,D0,d0_sanity,42,146,1,1,0,0,success,success
balance,D0,d0_sanity,42,147,1,1,0,0,success,success
balance,D0,d0_sanity,42,148,1,1,0,0,success,success
balance,D0,d0_sanity,42,149,1,1,0,0,success,success
balance,D0,d0_sanity,42,150,1,1,0,0,success,success
balance,D0,d0_sanity,42,151,1,1,0,0,success,success
balance,D0,d0_sanity,42,152,1,1,0,0,success,success
balance,D0,d0_sanity,42,153,1,1,0,0,success,success
balance,D0,d0_sanity,42,154,1,1,0,0,success,success
balance,D0,d0_sanity,42,155,1,1,0,0,success,success
balance,D0,d0_sanity,42,156,1,1,0,0,success,success
balance,D0,d0_sanity,42,157,1,1,0,0,success,success
balance,D0,d0_sanity,42,158,1,1,0,0,success,success
balance,D0,d0_sanity,42,159,1,1,0,0,success,success
balance,D0,d0_sanity,42,160,1,1,0,0,success,success
balance,D0,d0_sanity,42,161,1,1,0,0,success,success
balance,D0,d0_sanity,42,162,1,1,0,0,success,success
balance,D0,d0_sanity,42,163,1,1,0,0,success,success
balance,D0,d0_sanity,42,164,1,1,0,0,success,success
balance,D0,d0_sanity,42,165,1,1,0,0,success,success
balance,D0,d0_sanity,42,166,1,1,0,0,success,success
balance,D0,d0_sanity,42,167,1,1,0,0,success,success
balance,D0,d0_sanity,42,168,1,1,0,0,success,success
balance,D0,d0_sanity,42,169,1,1,0,0,success,success
balance,D0,d0_sanity,42,170,1,1,0,0,success,success
balance,D0,d0_sanity,42,171,1,1,0,0,success,success
balance,D0,d0_sanity,42,172,1,1,0,0,success,success
balance,D0,d0_sanity,42,173,1,1,0,0,success,success
balance,D0,d0_sanity,42,174,1,1,0,0,success,success
balance,D0,d0_sanity,42,175,1,1,0,0,success,success
balance,D0,d0_sanity,42,176,1,1,0,0,success,success
balance,D0,d0_sanity,42,177,1,1,0,0,success,success
balance,D0,d0_sanity,42,178,1,1,0,0,success,success
balance,D0,d0_sanity,42,179,1,1,0,0,success,success
balance,D0,d0_sanity,42,180,1,1,0,0,success,success
balance,D0,d0_sanity,42,181,0,1,1,0,non_lateral_high_cbf_demand,success
balance,D0,d0_sanity,42,182,1,1,0,0,success,success
balance,D0,d0_sanity,42,183,1,1,0,0,success,success
balance,D0,d0_sanity,42,184,1,1,0,0,success,success
balance,D0,d0_sanity,42,185,1,1,0,0,success,success
balance,D0,d0_sanity,42,186,1,1,0,0,success,success
balance,D0,d0_sanity,42,187,1,1,0,0,success,success
balance,D0,d0_sanity,42,188,1,1,0,0,success,success
balance,D0,d0_sanity,42,189,1,1,0,0,success,success
balance,D0,d0_sanity,42,190,1,1,0,0,success,success
balance,D0,d0_sanity,42,191,1,1,0,0,success,success
balance,D0,d0_sanity,42,192,1,1,0,0,success,success
balance,D0,d0_sanity,42,193,1,1,0,0,success,success
balance,D0,d0_sanity,42,194,1,1,0,0,success,success
balance,D0,d0_sanity,42,195,1,1,0,0,success,success
balance,D0,d0_sanity,42,196,1,1,0,0,success,success
balance,D0,d0_sanity,42,197,1,1,0,0,success,success
balance,D0,d0_sanity,42,198,1,1,0,0,success,success
balance,D0,d0_sanity,42,199,1,1,0,0,success,success
balance,D0,d0_sanity,42,200,1,1,0,0,success,success
balance,D0,d0_sanity,42,201,1,1,0,0,success,success
balance,D0,d0_sanity,42,202,1,1,0,0,success,success
balance,D0,d0_sanity,42,203,1,1,0,0,success,success
balance,D0,d0_sanity,42,204,1,1,0,0,success,success
balance,D0,d0_sanity,42,205,1,1,0,0,success,success
balance,D0,d0_sanity,42,206,1,1,0,0,success,success
balance,D0,d0_sanity,42,207,1,1,0,0,success,success
balance,D0,d0_sanity,42,208,1,1,0,0,success,success
balance,D0,d0_sanity,42,209,1,1,0,0,success,success
balance,D0,d0_sanity,42,210,1,1,0,0,success,success
balance,D0,d0_sanity,42,211,1,1,0,0,success,success
balance,D0,d0_sanity,42,212,1,1,0,0,success,success
balance,D0,d0_sanity,42,213,1,1,0,0,success,success
balance,D0,d0_sanity,42,214,1,1,0,0,success,success
balance,D0,d0_sanity,42,215,1,1,0,0,success,success
balance,D0,d0_sanity,42,216,1,1,0,0,success,success
balance,D0,d0_sanity,42,217,1,1,0,0,success,success
balance,D0,d0_sanity,42,218,1,1,0,0,success,success
balance,D0,d0_sanity,42,219,1,1,0,0,success,success
balance,D0,d0_sanity,42,220,1,1,0,0,success,success
balance,D0,d0_sanity,42,221,1,1,0,0,success,success
balance,D0,d0_sanity,42,222,1,1,0,0,success,success
balance,D0,d0_sanity,42,223,1,1,0,0,success,success
balance,D0,d0_sanity,42,224,1,1,0,0,success,success
balance,D0,d0_sanity,42,225,1,1,0,0,success,success
balance,D0,d0_sanity,42,226,1,1,0,0,success,success
balance,D0,d0_sanity,42,227,1,1,0,0,success,success
balance,D0,d0_sanity,42,228,1,1,0,0,success,success
balance,D0,d0_sanity,42,229,1,1,0,0,success,success
balance,D0,d0_sanity,42,230,1,1,0,0,success,success
balance,D0,d0_sanity,42,231,1,1,0,0,success,success
balance,D0,d0_sanity,42,232,1,1,0,0,success,success
balance,D0,d0_sanity,42,233,1,1,0,0,success,success
balance,D0,d0_sanity,42,234,1,1,0,0,success,success
balance,D0,d0_sanity,42,235,1,1,0,0,success,success
balance,D0,d0_sanity,42,236,1,1,0,0,success,success
balance,D0,d0_sanity,42,237,1,1,0,0,success,success
balance,D0,d0_sanity,42,238,1,1,0,0,success,success
balance,D0,d0_sanity,42,239,1,1,0,0,success,success
balance,D0,d0_sanity,42,240,1,1,0,0,success,success
balance,D0,d0_sanity,42,241,1,1,0,0,success,success
balance,D0,d0_sanity,42,242,1,1,0,0,success,success
balance,D0,d0_sanity,42,243,1,1,0,0,success,success
balance,D0,d0_sanity,42,244,1,1,0,0,success,success
balance,D0,d0_sanity,42,245,1,1,0,0,success,success
balance,D0,d0_sanity,42,246,0,1,0,0,timeout_or_other_nonfall,success
balance,D0,d0_sanity,42,247,0,1,0,0,timeout_or_other_nonfall,success
balance,D0,d0_sanity,42,248,0,1,0,0,timeout_or_other_nonfall,success
balance,D0,d0_sanity,42,249,0,0,0,0,timeout_or_other_nonfall,timeout_or_other_nonfall
balance,D0,d0_sanity,42,250,0,0,0,0,timeout_or_other_nonfall,timeout_or_other_nonfall
balance,D0,d0_sanity,42,251,0,0,0,0,timeout_or_other_nonfall,timeout_or_other_nonfall
balance,D0,d0_sanity,42,252,0,0,0,0,timeout_or_other_nonfall,timeout_or_other_nonfall
balance,D0,d0_sanity,42,253,0,0,0,0,timeout_or_other_nonfall,timeout_or_other_nonfall
balance,D0,d0_sanity,42,254,0,0,0,0,timeout_or_other_nonfall,timeout_or_other_nonfall
balance,D0,d0_sanity,42,255,0,0,0,0,timeout_or_other_nonfall,timeout_or_other_nonfall
balance,balance,target_diagonal_primary,142,0,0,0,1,1,non_lateral_balance_or_phase,non_lateral_high_cbf_demand
balance,balance,target_diagonal_primary,142,1,0,0,1,1,non_lateral_balance_or_phase,non_lateral_balance_or_phase
balance,balance,target_diagonal_primary,142,2,0,0,1,1,non_lateral_balance_or_phase,non_lateral_balance_or_phase
balance,balance,target_diagonal_primary,142,3,0,0,1,1,non_lateral_balance_or_phase,non_lateral_balance_or_phase
balance,balance,target_diagonal_primary,142,4,0,0,1,1,lateral_heading_drift,non_lateral_high_cbf_demand
balance,balance,target_diagonal_primary,142,5,0,0,1,1,non_lateral_balance_or_phase,non_lateral_balance_or_phase
balance,balance,target_diagonal_primary,142,6,0,0,1,1,non_lateral_balance_or_phase,non_lateral_balance_or_phase
balance,balance,target_diagonal_primary,142,7,0,0,1,1,non_lateral_balance_or_phase,non_lateral_balance_or_phase
balance,balance,target_diagonal_primary,142,8,0,0,1,1,non_lateral_balance_or_phase,non_lateral_balance_or_phase
balance,balance,target_diagonal_primary,142,9,0,0,1,1,non_lateral_high_cbf_demand,non_lateral_balance_or_phase
balance,balance,target_diagonal_primary,142,10,0,0,1,1,lateral_heading_drift,non_lateral_balance_or_phase
balance,balance,target_diagonal_primary,142,11,0,0,1,1,non_lateral_balance_or_phase,non_lateral_balance_or_phase
balance,balance,target_diagonal_primary,142,12,0,0,1,1,non_lateral_balance_or_phase,non_lateral_high_cbf_demand
balance,balance,target_diagonal_primary,142,13,0,0,1,1,non_lateral_balance_or_phase,non_lateral_high_cbf_demand
balance,balance,target_diagonal_primary,142,14,0,0,1,1,lateral_heading_drift,lateral_heading_drift
balance,balance,target_diagonal_primary,142,15,1,0,0,1,success,non_lateral_balance_or_phase
balance,balance,target_diagonal_primary,142,16,1,0,0,1,success,lateral_heading_drift
balance,balance,target_diagonal_primary,142,17,1,0,0,1,success,non_lateral_balance_or_phase
balance,balance,target_diagonal_primary,142,18,1,0,0,1,success,lateral_heading_drift
balance,balance,target_diagonal_primary,142,19,1,1,0,0,success,success
balance,balance,target_diagonal_primary,142,20,1,1,0,0,success,success
balance,balance,target_diagonal_primary,142,21,1,1,0,0,success,success
balance,balance,target_diagonal_primary,142,22,0,1,1,0,non_lateral_balance_or_phase,success
balance,balance,target_diagonal_primary,142,23,1,1,0,0,success,success
balance,balance,target_diagonal_primary,142,24,1,0,0,1,success,lateral_heading_drift
balance,balance,target_diagonal_primary,142,25,1,1,0,0,success,success
balance,balance,target_diagonal_primary,142,26,1,1,0,0,success,success
balance,balance,target_diagonal_primary,142,27,1,1,0,0,success,success
balance,balance,target_diagonal_primary,142,28,1,0,0,1,success,lateral_heading_drift
balance,balance,target_diagonal_primary,142,29,1,1,0,0,success,success
balance,balance,target_diagonal_primary,142,30,1,1,0,0,success,success
balance,balance,target_diagonal_primary,142,31,1,1,0,0,success,success
balance,balance,target_diagonal_primary,142,32,1,1,0,0,success,success
balance,balance,target_diagonal_primary,142,33,1,1,0,0,success,success
balance,balance,target_diagonal_primary,142,34,1,1,0,0,success,success
balance,balance,target_diagonal_primary,142,35,1,1,0,0,success,success
balance,balance,target_diagonal_primary,142,36,1,1,0,0,success,success
balance,balance,target_diagonal_primary,142,37,1,1,0,0,success,success
balance,balance,target_diagonal_primary,142,38,1,1,0,0,success,success
balance,balance,target_diagonal_primary,142,39,1,1,0,0,success,success
balance,balance,target_diagonal_primary,142,40,1,1,0,0,success,success
balance,balance,target_diagonal_primary,142,41,1,1,0,0,success,success
balance,balance,target_diagonal_primary,142,42,1,0,0,1,success,lateral_heading_drift
balance,balance,target_diagonal_primary,142,43,1,1,0,0,success,success
balance,balance,target_diagonal_primary,142,44,1,1,0,0,success,success
balance,balance,target_diagonal_primary,142,45,1,1,0,0,success,success
balance,balance,target_diagonal_primary,142,46,1,0,0,1,success,non_lateral_balance_or_phase
balance,balance,target_diagonal_primary,142,47,1,1,0,0,success,success
balance,balance,target_diagonal_primary,142,48,1,0,0,1,success,non_lateral_balance_or_phase
balance,balance,target_diagonal_primary,142,49,1,1,0,0,success,success
balance,balance,target_diagonal_primary,142,50,1,1,0,0,success,success
balance,balance,target_diagonal_primary,142,51,1,1,0,0,success,success
balance,balance,target_diagonal_primary,142,52,1,1,0,0,success,success
balance,balance,target_diagonal_primary,142,53,1,1,0,0,success,success
balance,balance,target_diagonal_primary,142,54,1,1,0,0,success,success
balance,balance,target_diagonal_primary,142,55,1,1,0,0,success,success
balance,balance,target_diagonal_primary,142,56,1,1,0,0,success,success
balance,balance,target_diagonal_primary,142,57,0,1,1,0,lateral_heading_drift,success
balance,balance,target_diagonal_primary,142,58,1,1,0,0,success,success
balance,balance,target_diagonal_primary,142,59,1,1,0,0,success,success
balance,balance,target_diagonal_primary,142,60,1,1,0,0,success,success
balance,balance,target_diagonal_primary,142,61,1,1,0,0,success,success
balance,balance,target_diagonal_primary,142,62,1,1,0,0,success,success
balance,balance,target_diagonal_primary,142,63,1,1,0,0,success,success
balance,balance,target_diagonal_primary,142,64,1,1,0,0,success,success
balance,balance,target_diagonal_primary,142,65,1,1,0,0,success,success
balance,balance,target_diagonal_primary,142,66,1,1,0,0,success,success
balance,balance,target_diagonal_primary,142,67,1,1,0,0,success,success
balance,balance,target_diagonal_primary,142,68,1,1,0,0,success,success
balance,balance,target_diagonal_primary,142,69,1,1,0,0,success,success
balance,balance,target_diagonal_primary,142,70,1,1,0,0,success,success
balance,balance,target_diagonal_primary,142,71,1,1,0,0,success,success
balance,balance,target_diagonal_primary,142,72,1,1,0,0,success,success
balance,balance,target_diagonal_primary,142,73,1,1,0,0,success,success
balance,balance,target_diagonal_primary,142,74,1,1,0,0,success,success
balance,balance,target_diagonal_primary,142,75,1,1,0,0,success,success
balance,balance,target_diagonal_primary,142,76,1,1,0,0,success,success
balance,balance,target_diagonal_primary,142,77,1,1,0,0,success,success
balance,balance,target_diagonal_primary,142,78,1,1,0,0,success,success
balance,balance,target_diagonal_primary,142,79,1,1,0,0,success,success
balance,balance,target_diagonal_primary,142,80,1,1,0,0,success,success
balance,balance,target_diagonal_primary,142,81,1,1,0,0,success,success
balance,balance,target_diagonal_primary,142,82,1,1,0,0,success,success
balance,balance,target_diagonal_primary,142,83,1,1,0,0,success,success
balance,balance,target_diagonal_primary,142,84,1,1,0,0,success,success
balance,balance,target_diagonal_primary,142,85,1,1,0,0,success,success
balance,balance,target_diagonal_primary,142,86,1,1,0,0,success,success
balance,balance,target_diagonal_primary,142,87,1,1,0,0,success,success
balance,balance,target_diagonal_primary,142,88,1,1,0,0,success,success
balance,balance,target_diagonal_primary,142,89,1,1,0,0,success,success
balance,balance,target_diagonal_primary,142,90,1,1,0,0,success,success
balance,balance,target_diagonal_primary,142,91,1,0,0,1,success,lateral_heading_drift
balance,balance,target_diagonal_primary,142,92,1,1,0,0,success,success
balance,balance,target_diagonal_primary,142,93,0,1,1,0,lateral_heading_drift,success
balance,balance,target_diagonal_primary,142,94,0,1,1,0,lateral_heading_drift,success
balance,balance,target_diagonal_primary,142,95,1,1,0,0,success,success
balance,balance,target_diagonal_primary,142,96,1,1,0,0,success,success
balance,balance,target_diagonal_primary,142,97,1,1,0,0,success,success
balance,balance,target_diagonal_primary,142,98,1,1,0,0,success,success
balance,balance,target_diagonal_primary,142,99,1,1,0,0,success,success
balance,balance,target_diagonal_primary,142,100,1,1,0,0,success,success
balance,balance,target_diagonal_primary,142,101,0,1,1,0,non_lateral_balance_or_phase,success
balance,balance,target_diagonal_primary,142,102,1,1,0,0,success,success
balance,balance,target_diagonal_primary,142,103,1,1,0,0,success,success
balance,balance,target_diagonal_primary,142,104,1,1,0,0,success,success
balance,balance,target_diagonal_primary,142,105,1,1,0,0,success,success
balance,balance,target_diagonal_primary,142,106,1,1,0,0,success,success
balance,balance,target_diagonal_primary,142,107,1,1,0,0,success,success
balance,balance,target_diagonal_primary,142,108,0,1,1,0,lateral_heading_drift,success
balance,balance,target_diagonal_primary,142,109,1,1,0,0,success,success
balance,balance,target_diagonal_primary,142,110,1,1,0,0,success,success
balance,balance,target_diagonal_primary,142,111,1,1,0,0,success,success
balance,balance,target_diagonal_primary,142,112,1,1,0,0,success,success
balance,balance,target_diagonal_primary,142,113,1,1,0,0,success,success
balance,balance,target_diagonal_primary,142,114,1,0,0,1,success,lateral_heading_drift
balance,balance,target_diagonal_primary,142,115,1,1,0,0,success,success
balance,balance,target_diagonal_primary,142,116,1,1,0,0,success,success
balance,balance,target_diagonal_primary,142,117,1,1,0,0,success,success
balance,balance,target_diagonal_primary,142,118,1,1,0,0,success,success
balance,balance,target_diagonal_primary,142,119,1,1,0,0,success,success
balance,balance,target_diagonal_primary,142,120,1,1,0,0,success,success
balance,balance,target_diagonal_primary,142,121,1,1,0,0,success,success
balance,balance,target_diagonal_primary,142,122,1,1,0,0,success,success
balance,balance,target_diagonal_primary,142,123,1,1,0,0,success,success
balance,balance,target_diagonal_primary,142,124,1,1,0,0,success,success
balance,balance,target_diagonal_primary,142,125,1,1,0,0,success,success
balance,balance,target_diagonal_primary,142,126,1,1,0,0,success,success
balance,balance,target_diagonal_primary,142,127,1,0,0,1,success,lateral_heading_drift
balance,balance,target_diagonal_primary,142,128,0,0,1,1,non_lateral_balance_or_phase,non_lateral_balance_or_phase
balance,balance,target_diagonal_primary,142,129,0,0,1,1,non_lateral_balance_or_phase,non_lateral_balance_or_phase
balance,balance,target_diagonal_primary,142,130,0,0,1,1,non_lateral_high_cbf_demand,non_lateral_balance_or_phase
balance,balance,target_diagonal_primary,142,131,0,0,1,1,non_lateral_balance_or_phase,non_lateral_balance_or_phase
balance,balance,target_diagonal_primary,142,132,0,0,1,1,non_lateral_balance_or_phase,non_lateral_balance_or_phase
balance,balance,target_diagonal_primary,142,133,0,0,1,1,non_lateral_high_cbf_demand,lateral_heading_drift
balance,balance,target_diagonal_primary,142,134,0,0,1,1,non_lateral_balance_or_phase,non_lateral_balance_or_phase
balance,balance,target_diagonal_primary,142,135,0,0,1,1,non_lateral_balance_or_phase,non_lateral_high_cbf_demand
balance,balance,target_diagonal_primary,142,136,0,0,1,1,non_lateral_balance_or_phase,lateral_heading_drift
balance,balance,target_diagonal_primary,142,137,0,0,1,1,non_lateral_balance_or_phase,non_lateral_balance_or_phase
balance,balance,target_diagonal_primary,142,138,0,0,1,1,non_lateral_balance_or_phase,non_lateral_balance_or_phase
balance,balance,target_diagonal_primary,142,139,0,0,1,1,lateral_heading_drift,non_lateral_high_cbf_demand
balance,balance,target_diagonal_primary,142,140,0,0,1,1,lateral_heading_drift,non_lateral_high_cbf_demand
balance,balance,target_diagonal_primary,142,141,0,0,1,1,non_lateral_high_cbf_demand,lateral_heading_drift
balance,balance,target_diagonal_primary,142,142,0,0,1,1,non_lateral_balance_or_phase,lateral_heading_drift
balance,balance,target_diagonal_primary,142,143,0,0,1,1,non_lateral_balance_or_phase,non_lateral_balance_or_phase
balance,balance,target_diagonal_primary,142,144,0,0,1,1,non_lateral_balance_or_phase,non_lateral_high_cbf_demand
balance,balance,target_diagonal_primary,142,145,0,0,1,1,lateral_heading_drift,non_lateral_balance_or_phase
balance,balance,target_diagonal_primary,142,146,0,0,1,1,non_lateral_balance_or_phase,lateral_heading_drift
balance,balance,target_diagonal_primary,142,147,1,0,0,1,success,lateral_heading_drift
balance,balance,target_diagonal_primary,142,148,1,0,0,1,success,non_lateral_balance_or_phase
balance,balance,target_diagonal_primary,142,149,1,1,0,0,success,success
balance,balance,target_diagonal_primary,142,150,1,1,0,0,success,success
balance,balance,target_diagonal_primary,142,151,1,0,0,1,success,non_lateral_balance_or_phase
balance,balance,target_diagonal_primary,142,152,1,1,0,0,success,success
balance,balance,target_diagonal_primary,142,153,1,0,0,1,success,non_lateral_balance_or_phase
balance,balance,target_diagonal_primary,142,154,1,1,0,0,success,success
balance,balance,target_diagonal_primary,142,155,1,1,0,0,success,success
balance,balance,target_diagonal_primary,142,156,1,1,0,0,success,success
balance,balance,target_diagonal_primary,142,157,1,1,0,0,success,success
balance,balance,target_diagonal_primary,142,158,1,1,0,0,success,success
balance,balance,target_diagonal_primary,142,159,1,0,0,1,success,lateral_heading_drift
balance,balance,target_diagonal_primary,142,160,1,0,0,1,success,lateral_heading_drift
balance,balance,target_diagonal_primary,142,161,1,1,0,0,success,success
balance,balance,target_diagonal_primary,142,162,0,1,1,0,non_lateral_high_cbf_demand,success
balance,balance,target_diagonal_primary,142,163,1,1,0,0,success,success
balance,balance,target_diagonal_primary,142,164,1,0,0,1,success,non_lateral_high_cbf_demand
balance,balance,target_diagonal_primary,142,165,1,1,0,0,success,success
balance,balance,target_diagonal_primary,142,166,1,1,0,0,success,success
balance,balance,target_diagonal_primary,142,167,1,1,0,0,success,success
balance,balance,target_diagonal_primary,142,168,1,1,0,0,success,success
balance,balance,target_diagonal_primary,142,169,1,1,0,0,success,success
balance,balance,target_diagonal_primary,142,170,1,1,0,0,success,success
balance,balance,target_diagonal_primary,142,171,1,1,0,0,success,success
balance,balance,target_diagonal_primary,142,172,1,1,0,0,success,success
balance,balance,target_diagonal_primary,142,173,1,1,0,0,success,success
balance,balance,target_diagonal_primary,142,174,1,1,0,0,success,success
balance,balance,target_diagonal_primary,142,175,1,1,0,0,success,success
balance,balance,target_diagonal_primary,142,176,1,1,0,0,success,success
balance,balance,target_diagonal_primary,142,177,0,1,1,0,non_lateral_balance_or_phase,success
balance,balance,target_diagonal_primary,142,178,1,1,0,0,success,success
balance,balance,target_diagonal_primary,142,179,1,1,0,0,success,success
balance,balance,target_diagonal_primary,142,180,1,1,0,0,success,success
balance,balance,target_diagonal_primary,142,181,1,1,0,0,success,success
balance,balance,target_diagonal_primary,142,182,1,1,0,0,success,success
balance,balance,target_diagonal_primary,142,183,1,1,0,0,success,success
balance,balance,target_diagonal_primary,142,184,1,1,0,0,success,success
balance,balance,target_diagonal_primary,142,185,1,1,0,0,success,success
balance,balance,target_diagonal_primary,142,186,1,1,0,0,success,success
balance,balance,target_diagonal_primary,142,187,1,1,0,0,success,success
balance,balance,target_diagonal_primary,142,188,1,1,0,0,success,success
balance,balance,target_diagonal_primary,142,189,0,1,1,0,lateral_heading_drift,success
balance,balance,target_diagonal_primary,142,190,1,1,0,0,success,success
balance,balance,target_diagonal_primary,142,191,0,1,1,0,non_lateral_balance_or_phase,success
balance,balance,target_diagonal_primary,142,192,1,1,0,0,success,success
balance,balance,target_diagonal_primary,142,193,1,1,0,0,success,success
balance,balance,target_diagonal_primary,142,194,1,1,0,0,success,success
balance,balance,target_diagonal_primary,142,195,1,1,0,0,success,success
balance,balance,target_diagonal_primary,142,196,1,1,0,0,success,success
balance,balance,target_diagonal_primary,142,197,1,1,0,0,success,success
balance,balance,target_diagonal_primary,142,198,1,1,0,0,success,success
balance,balance,target_diagonal_primary,142,199,1,1,0,0,success,success
balance,balance,target_diagonal_primary,142,200,1,1,0,0,success,success
balance,balance,target_diagonal_primary,142,201,1,1,0,0,success,success
balance,balance,target_diagonal_primary,142,202,1,1,0,0,success,success
balance,balance,target_diagonal_primary,142,203,1,1,0,0,success,success
balance,balance,target_diagonal_primary,142,204,1,1,0,0,success,success
balance,balance,target_diagonal_primary,142,205,1,1,0,0,success,success
balance,balance,target_diagonal_primary,142,206,1,1,0,0,success,success
balance,balance,target_diagonal_primary,142,207,1,1,0,0,success,success
balance,balance,target_diagonal_primary,142,208,1,1,0,0,success,success
balance,balance,target_diagonal_primary,142,209,1,1,0,0,success,success
balance,balance,target_diagonal_primary,142,210,1,1,0,0,success,success
balance,balance,target_diagonal_primary,142,211,0,1,1,0,lateral_heading_drift,success
balance,balance,target_diagonal_primary,142,212,1,1,0,0,success,success
balance,balance,target_diagonal_primary,142,213,1,1,0,0,success,success
balance,balance,target_diagonal_primary,142,214,1,1,0,0,success,success
balance,balance,target_diagonal_primary,142,215,1,1,0,0,success,success
balance,balance,target_diagonal_primary,142,216,1,1,0,0,success,success
balance,balance,target_diagonal_primary,142,217,1,1,0,0,success,success
balance,balance,target_diagonal_primary,142,218,1,1,0,0,success,success
balance,balance,target_diagonal_primary,142,219,1,1,0,0,success,success
balance,balance,target_diagonal_primary,142,220,1,1,0,0,success,success
balance,balance,target_diagonal_primary,142,221,1,1,0,0,success,success
balance,balance,target_diagonal_primary,142,222,1,1,0,0,success,success
balance,balance,target_diagonal_primary,142,223,1,1,0,0,success,success
balance,balance,target_diagonal_primary,142,224,1,1,0,0,success,success
balance,balance,target_diagonal_primary,142,225,1,1,0,0,success,success
balance,balance,target_diagonal_primary,142,226,0,1,1,0,non_lateral_balance_or_phase,success
balance,balance,target_diagonal_primary,142,227,1,1,0,0,success,success
balance,balance,target_diagonal_primary,142,228,1,1,0,0,success,success
balance,balance,target_diagonal_primary,142,229,1,1,0,0,success,success
balance,balance,target_diagonal_primary,142,230,1,1,0,0,success,success
balance,balance,target_diagonal_primary,142,231,1,1,0,0,success,success
balance,balance,target_diagonal_primary,142,232,1,1,0,0,success,success
balance,balance,target_diagonal_primary,142,233,1,1,0,0,success,success
balance,balance,target_diagonal_primary,142,234,1,1,0,0,success,success
balance,balance,target_diagonal_primary,142,235,1,1,0,0,success,success
balance,balance,target_diagonal_primary,142,236,1,1,0,0,success,success
balance,balance,target_diagonal_primary,142,237,1,1,0,0,success,success
balance,balance,target_diagonal_primary,142,238,1,1,0,0,success,success
balance,balance,target_diagonal_primary,142,239,1,1,0,0,success,success
balance,balance,target_diagonal_primary,142,240,1,1,0,0,success,success
balance,balance,target_diagonal_primary,142,241,1,1,0,0,success,success
balance,balance,target_diagonal_primary,142,242,1,1,0,0,success,success
balance,balance,target_diagonal_primary,142,243,1,1,0,0,success,success
balance,balance,target_diagonal_primary,142,244,1,1,0,0,success,success
balance,balance,target_diagonal_primary,142,245,1,1,0,0,success,success
balance,balance,target_diagonal_primary,142,246,1,1,0,0,success,success
balance,balance,target_diagonal_primary,142,247,1,1,0,0,success,success
balance,balance,target_diagonal_primary,142,248,1,1,0,0,success,success
balance,balance,target_diagonal_primary,142,249,1,1,0,0,success,success
balance,balance,target_diagonal_primary,142,250,1,1,0,0,success,success
balance,balance,target_diagonal_primary,142,251,1,1,0,0,success,success
balance,balance,target_diagonal_primary,142,252,1,1,0,0,success,success
balance,balance,target_diagonal_primary,142,253,1,1,0,0,success,success
balance,balance,target_diagonal_primary,142,254,1,1,0,0,success,success
balance,balance,target_diagonal_primary,142,255,1,1,0,0,success,success
balance,balance,target_diagonal_primary,142,256,0,0,1,1,non_lateral_balance_or_phase,non_lateral_balance_or_phase
balance,balance,target_diagonal_primary,142,257,0,0,1,1,non_lateral_high_cbf_demand,non_lateral_balance_or_phase
balance,balance,target_diagonal_primary,142,258,0,0,1,1,non_lateral_high_cbf_demand,non_lateral_balance_or_phase
balance,balance,target_diagonal_primary,142,259,0,0,1,1,non_lateral_high_cbf_demand,lateral_heading_drift
balance,balance,target_diagonal_primary,142,260,0,0,1,1,non_lateral_balance_or_phase,lateral_heading_drift
balance,balance,target_diagonal_primary,142,261,0,0,1,1,non_lateral_high_cbf_demand,lateral_heading_drift
balance,balance,target_diagonal_primary,142,262,0,0,1,1,non_lateral_balance_or_phase,lateral_heading_drift
balance,balance,target_diagonal_primary,142,263,0,0,1,1,lateral_heading_drift,non_lateral_balance_or_phase
balance,balance,target_diagonal_primary,142,264,0,0,1,1,non_lateral_balance_or_phase,non_lateral_balance_or_phase
balance,balance,target_diagonal_primary,142,265,0,0,1,1,non_lateral_balance_or_phase,non_lateral_balance_or_phase
balance,balance,target_diagonal_primary,142,266,0,0,1,1,non_lateral_balance_or_phase,non_lateral_balance_or_phase
balance,balance,target_diagonal_primary,142,267,0,0,1,1,lateral_heading_drift,non_lateral_high_cbf_demand
balance,balance,target_diagonal_primary,142,268,0,0,1,1,non_lateral_balance_or_phase,lateral_heading_drift
balance,balance,target_diagonal_primary,142,269,0,0,1,1,non_lateral_balance_or_phase,lateral_heading_drift
balance,balance,target_diagonal_primary,142,270,0,0,1,1,non_lateral_balance_or_phase,non_lateral_balance_or_phase
balance,balance,target_diagonal_primary,142,271,0,0,1,1,non_lateral_high_cbf_demand,non_lateral_high_cbf_demand
balance,balance,target_diagonal_primary,142,272,0,0,1,1,lateral_heading_drift,non_lateral_balance_or_phase
balance,balance,target_diagonal_primary,142,273,0,1,1,0,non_lateral_balance_or_phase,success
balance,balance,target_diagonal_primary,142,274,0,0,1,1,non_lateral_balance_or_phase,non_lateral_high_cbf_demand
balance,balance,target_diagonal_primary,142,275,0,1,1,0,non_lateral_high_cbf_demand,success
balance,balance,target_diagonal_primary,142,276,0,1,1,0,non_lateral_balance_or_phase,success
balance,balance,target_diagonal_primary,142,277,0,1,1,0,lateral_heading_drift,success
balance,balance,target_diagonal_primary,142,278,0,1,1,0,non_lateral_balance_or_phase,success
balance,balance,target_diagonal_primary,142,279,1,0,0,1,success,lateral_heading_drift
balance,balance,target_diagonal_primary,142,280,1,1,0,0,success,success
balance,balance,target_diagonal_primary,142,281,0,0,1,1,non_lateral_balance_or_phase,non_lateral_high_cbf_demand
balance,balance,target_diagonal_primary,142,282,1,1,0,0,success,success
balance,balance,target_diagonal_primary,142,283,0,1,1,0,non_lateral_high_cbf_demand,success
balance,balance,target_diagonal_primary,142,284,1,1,0,0,success,success
balance,balance,target_diagonal_primary,142,285,1,1,0,0,success,success
balance,balance,target_diagonal_primary,142,286,1,1,0,0,success,success
balance,balance,target_diagonal_primary,142,287,0,1,1,0,non_lateral_balance_or_phase,success
balance,balance,target_diagonal_primary,142,288,1,1,0,0,success,success
balance,balance,target_diagonal_primary,142,289,1,1,0,0,success,success
balance,balance,target_diagonal_primary,142,290,1,1,0,0,success,success
balance,balance,target_diagonal_primary,142,291,1,1,0,0,success,success
balance,balance,target_diagonal_primary,142,292,1,1,0,0,success,success
balance,balance,target_diagonal_primary,142,293,1,1,0,0,success,success
balance,balance,target_diagonal_primary,142,294,1,1,0,0,success,success
balance,balance,target_diagonal_primary,142,295,1,1,0,0,success,success
balance,balance,target_diagonal_primary,142,296,0,1,1,0,lateral_heading_drift,success
balance,balance,target_diagonal_primary,142,297,1,1,0,0,success,success
balance,balance,target_diagonal_primary,142,298,1,1,0,0,success,success
balance,balance,target_diagonal_primary,142,299,1,1,0,0,success,success
balance,balance,target_diagonal_primary,142,300,1,1,0,0,success,success
balance,balance,target_diagonal_primary,142,301,1,1,0,0,success,success
balance,balance,target_diagonal_primary,142,302,1,1,0,0,success,success
balance,balance,target_diagonal_primary,142,303,1,1,0,0,success,success
balance,balance,target_diagonal_primary,142,304,1,1,0,0,success,success
balance,balance,target_diagonal_primary,142,305,1,1,0,0,success,success
balance,balance,target_diagonal_primary,142,306,0,1,1,0,non_lateral_balance_or_phase,success
balance,balance,target_diagonal_primary,142,307,1,1,0,0,success,success
balance,balance,target_diagonal_primary,142,308,1,1,0,0,success,success
balance,balance,target_diagonal_primary,142,309,1,1,0,0,success,success
balance,balance,target_diagonal_primary,142,310,1,0,0,1,success,lateral_heading_drift
balance,balance,target_diagonal_primary,142,311,1,1,0,0,success,success
balance,balance,target_diagonal_primary,142,312,1,1,0,0,success,success
balance,balance,target_diagonal_primary,142,313,1,1,0,0,success,success
balance,balance,target_diagonal_primary,142,314,1,1,0,0,success,success
balance,balance,target_diagonal_primary,142,315,1,1,0,0,success,success
balance,balance,target_diagonal_primary,142,316,1,1,0,0,success,success
balance,balance,target_diagonal_primary,142,317,1,1,0,0,success,success
balance,balance,target_diagonal_primary,142,318,1,1,0,0,success,success
balance,balance,target_diagonal_primary,142,319,1,1,0,0,success,success
balance,balance,target_diagonal_primary,142,320,1,1,0,0,success,success
balance,balance,target_diagonal_primary,142,321,0,1,1,0,lateral_heading_drift,success
balance,balance,target_diagonal_primary,142,322,1,1,0,0,success,success
balance,balance,target_diagonal_primary,142,323,1,1,0,0,success,success
balance,balance,target_diagonal_primary,142,324,1,1,0,0,success,success
balance,balance,target_diagonal_primary,142,325,1,1,0,0,success,success
balance,balance,target_diagonal_primary,142,326,1,1,0,0,success,success
balance,balance,target_diagonal_primary,142,327,0,1,1,0,non_lateral_balance_or_phase,success
balance,balance,target_diagonal_primary,142,328,1,1,0,0,success,success
balance,balance,target_diagonal_primary,142,329,1,1,0,0,success,success
balance,balance,target_diagonal_primary,142,330,1,1,0,0,success,success
balance,balance,target_diagonal_primary,142,331,1,1,0,0,success,success
balance,balance,target_diagonal_primary,142,332,1,1,0,0,success,success
balance,balance,target_diagonal_primary,142,333,1,1,0,0,success,success
balance,balance,target_diagonal_primary,142,334,1,1,0,0,success,success
balance,balance,target_diagonal_primary,142,335,1,1,0,0,success,success
balance,balance,target_diagonal_primary,142,336,1,1,0,0,success,success
balance,balance,target_diagonal_primary,142,337,1,1,0,0,success,success
balance,balance,target_diagonal_primary,142,338,1,1,0,0,success,success
balance,balance,target_diagonal_primary,142,339,1,1,0,0,success,success
balance,balance,target_diagonal_primary,142,340,1,1,0,0,success,success
balance,balance,target_diagonal_primary,142,341,1,1,0,0,success,success
balance,balance,target_diagonal_primary,142,342,1,1,0,0,success,success
balance,balance,target_diagonal_primary,142,343,1,1,0,0,success,success
balance,balance,target_diagonal_primary,142,344,1,1,0,0,success,success
balance,balance,target_diagonal_primary,142,345,1,1,0,0,success,success
balance,balance,target_diagonal_primary,142,346,1,1,0,0,success,success
balance,balance,target_diagonal_primary,142,347,1,1,0,0,success,success
balance,balance,target_diagonal_primary,142,348,1,1,0,0,success,success
balance,balance,target_diagonal_primary,142,349,1,1,0,0,success,success
balance,balance,target_diagonal_primary,142,350,1,1,0,0,success,success
balance,balance,target_diagonal_primary,142,351,1,1,0,0,success,success
balance,balance,target_diagonal_primary,142,352,1,1,0,0,success,success
balance,balance,target_diagonal_primary,142,353,1,1,0,0,success,success
balance,balance,target_diagonal_primary,142,354,1,1,0,0,success,success
balance,balance,target_diagonal_primary,142,355,1,1,0,0,success,success
balance,balance,target_diagonal_primary,142,356,1,0,0,1,success,lateral_heading_drift
balance,balance,target_diagonal_primary,142,357,1,1,0,0,success,success
balance,balance,target_diagonal_primary,142,358,0,1,1,0,lateral_heading_drift,success
balance,balance,target_diagonal_primary,142,359,1,1,0,0,success,success
balance,balance,target_diagonal_primary,142,360,1,1,0,0,success,success
balance,balance,target_diagonal_primary,142,361,1,1,0,0,success,success
balance,balance,target_diagonal_primary,142,362,1,1,0,0,success,success
balance,balance,target_diagonal_primary,142,363,0,1,1,0,lateral_heading_drift,success
balance,balance,target_diagonal_primary,142,364,1,1,0,0,success,success
balance,balance,target_diagonal_primary,142,365,1,1,0,0,success,success
balance,balance,target_diagonal_primary,142,366,1,1,0,0,success,success
balance,balance,target_diagonal_primary,142,367,1,1,0,0,success,success
balance,balance,target_diagonal_primary,142,368,1,1,0,0,success,success
balance,balance,target_diagonal_primary,142,369,1,1,0,0,success,success
balance,balance,target_diagonal_primary,142,370,1,1,0,0,success,success
balance,balance,target_diagonal_primary,142,371,1,1,0,0,success,success
balance,balance,target_diagonal_primary,142,372,1,1,0,0,success,success
balance,balance,target_diagonal_primary,142,373,1,1,0,0,success,success
balance,balance,target_diagonal_primary,142,374,1,1,0,0,success,success
balance,balance,target_diagonal_primary,142,375,1,1,0,0,success,success
balance,balance,target_diagonal_primary,142,376,1,1,0,0,success,success
balance,balance,target_diagonal_primary,142,377,1,1,0,0,success,success
balance,balance,target_diagonal_primary,142,378,1,1,0,0,success,success
balance,balance,target_diagonal_primary,142,379,1,1,0,0,success,success
balance,balance,target_diagonal_primary,142,380,1,1,0,0,success,success
balance,balance,target_diagonal_primary,142,381,1,1,0,0,success,success
balance,balance,target_diagonal_primary,142,382,1,1,0,0,success,success
balance,balance,target_diagonal_primary,142,383,0,1,1,0,lateral_heading_drift,success
balance,balance,target_diagonal_primary,142,384,0,0,1,1,non_lateral_balance_or_phase,non_lateral_balance_or_phase
balance,balance,target_diagonal_primary,142,385,0,0,1,1,non_lateral_balance_or_phase,non_lateral_balance_or_phase
balance,balance,target_diagonal_primary,142,386,0,0,1,1,non_lateral_balance_or_phase,non_lateral_balance_or_phase
balance,balance,target_diagonal_primary,142,387,0,0,1,1,non_lateral_high_cbf_demand,non_lateral_balance_or_phase
balance,balance,target_diagonal_primary,142,388,0,0,1,1,lateral_heading_drift,non_lateral_balance_or_phase
balance,balance,target_diagonal_primary,142,389,0,0,1,1,non_lateral_balance_or_phase,non_lateral_balance_or_phase
balance,balance,target_diagonal_primary,142,390,0,0,1,1,non_lateral_balance_or_phase,non_lateral_balance_or_phase
balance,balance,target_diagonal_primary,142,391,0,0,1,1,non_lateral_balance_or_phase,lateral_heading_drift
balance,balance,target_diagonal_primary,142,392,0,0,1,1,lateral_heading_drift,lateral_heading_drift
balance,balance,target_diagonal_primary,142,393,0,0,1,1,non_lateral_balance_or_phase,non_lateral_high_cbf_demand
balance,balance,target_diagonal_primary,142,394,0,0,1,1,non_lateral_balance_or_phase,lateral_heading_drift
balance,balance,target_diagonal_primary,142,395,0,0,1,1,lateral_heading_drift,lateral_heading_drift
balance,balance,target_diagonal_primary,142,396,0,0,1,1,lateral_heading_drift,non_lateral_high_cbf_demand
balance,balance,target_diagonal_primary,142,397,0,0,1,1,lateral_heading_drift,lateral_heading_drift
balance,balance,target_diagonal_primary,142,398,0,0,1,1,non_lateral_balance_or_phase,non_lateral_balance_or_phase
balance,balance,target_diagonal_primary,142,399,0,0,1,1,lateral_heading_drift,non_lateral_balance_or_phase
balance,balance,target_diagonal_primary,142,400,0,0,1,1,non_lateral_balance_or_phase,non_lateral_balance_or_phase
balance,balance,target_diagonal_primary,142,401,0,0,1,1,non_lateral_balance_or_phase,non_lateral_balance_or_phase
balance,balance,target_diagonal_primary,142,402,0,1,1,0,lateral_heading_drift,success
balance,balance,target_diagonal_primary,142,403,0,0,1,1,non_lateral_balance_or_phase,non_lateral_high_cbf_demand
balance,balance,target_diagonal_primary,142,404,0,0,1,1,lateral_heading_drift,lateral_heading_drift
balance,balance,target_diagonal_primary,142,405,1,1,0,0,success,success
balance,balance,target_diagonal_primary,142,406,1,1,0,0,success,success
balance,balance,target_diagonal_primary,142,407,1,1,0,0,success,success
balance,balance,target_diagonal_primary,142,408,0,1,1,0,non_lateral_balance_or_phase,success
balance,balance,target_diagonal_primary,142,409,1,1,0,0,success,success
balance,balance,target_diagonal_primary,142,410,1,1,0,0,success,success
balance,balance,target_diagonal_primary,142,411,1,1,0,0,success,success
balance,balance,target_diagonal_primary,142,412,0,1,1,0,non_lateral_balance_or_phase,success
balance,balance,target_diagonal_primary,142,413,1,1,0,0,success,success
balance,balance,target_diagonal_primary,142,414,1,1,0,0,success,success
balance,balance,target_diagonal_primary,142,415,1,0,0,1,success,non_lateral_balance_or_phase
balance,balance,target_diagonal_primary,142,416,1,1,0,0,success,success
balance,balance,target_diagonal_primary,142,417,1,1,0,0,success,success
balance,balance,target_diagonal_primary,142,418,1,1,0,0,success,success
balance,balance,target_diagonal_primary,142,419,1,1,0,0,success,success
balance,balance,target_diagonal_primary,142,420,1,1,0,0,success,success
balance,balance,target_diagonal_primary,142,421,1,1,0,0,success,success
balance,balance,target_diagonal_primary,142,422,1,1,0,0,success,success
balance,balance,target_diagonal_primary,142,423,1,1,0,0,success,success
balance,balance,target_diagonal_primary,142,424,1,1,0,0,success,success
balance,balance,target_diagonal_primary,142,425,1,1,0,0,success,success
balance,balance,target_diagonal_primary,142,426,1,1,0,0,success,success
balance,balance,target_diagonal_primary,142,427,1,1,0,0,success,success
balance,balance,target_diagonal_primary,142,428,1,1,0,0,success,success
balance,balance,target_diagonal_primary,142,429,1,1,0,0,success,success
balance,balance,target_diagonal_primary,142,430,1,1,0,0,success,success
balance,balance,target_diagonal_primary,142,431,1,1,0,0,success,success
balance,balance,target_diagonal_primary,142,432,1,1,0,0,success,success
balance,balance,target_diagonal_primary,142,433,1,1,0,0,success,success
balance,balance,target_diagonal_primary,142,434,0,1,1,0,non_lateral_balance_or_phase,success
balance,balance,target_diagonal_primary,142,435,1,1,0,0,success,success
balance,balance,target_diagonal_primary,142,436,1,1,0,0,success,success
balance,balance,target_diagonal_primary,142,437,1,1,0,0,success,success
balance,balance,target_diagonal_primary,142,438,1,1,0,0,success,success
balance,balance,target_diagonal_primary,142,439,1,1,0,0,success,success
balance,balance,target_diagonal_primary,142,440,1,1,0,0,success,success
balance,balance,target_diagonal_primary,142,441,1,1,0,0,success,success
balance,balance,target_diagonal_primary,142,442,1,1,0,0,success,success
balance,balance,target_diagonal_primary,142,443,1,1,0,0,success,success
balance,balance,target_diagonal_primary,142,444,1,1,0,0,success,success
balance,balance,target_diagonal_primary,142,445,1,1,0,0,success,success
balance,balance,target_diagonal_primary,142,446,1,1,0,0,success,success
balance,balance,target_diagonal_primary,142,447,1,0,0,1,success,non_lateral_balance_or_phase
balance,balance,target_diagonal_primary,142,448,1,1,0,0,success,success
balance,balance,target_diagonal_primary,142,449,1,1,0,0,success,success
balance,balance,target_diagonal_primary,142,450,1,0,0,1,success,lateral_heading_drift
balance,balance,target_diagonal_primary,142,451,1,1,0,0,success,success
balance,balance,target_diagonal_primary,142,452,1,1,0,0,success,success
balance,balance,target_diagonal_primary,142,453,1,1,0,0,success,success
balance,balance,target_diagonal_primary,142,454,1,1,0,0,success,success
balance,balance,target_diagonal_primary,142,455,1,1,0,0,success,success
balance,balance,target_diagonal_primary,142,456,1,1,0,0,success,success
balance,balance,target_diagonal_primary,142,457,0,1,1,0,lateral_heading_drift,success
balance,balance,target_diagonal_primary,142,458,1,0,0,1,success,lateral_heading_drift
balance,balance,target_diagonal_primary,142,459,1,1,0,0,success,success
balance,balance,target_diagonal_primary,142,460,1,1,0,0,success,success
balance,balance,target_diagonal_primary,142,461,1,1,0,0,success,success
balance,balance,target_diagonal_primary,142,462,1,1,0,0,success,success
balance,balance,target_diagonal_primary,142,463,1,1,0,0,success,success
balance,balance,target_diagonal_primary,142,464,1,1,0,0,success,success
balance,balance,target_diagonal_primary,142,465,1,1,0,0,success,success
balance,balance,target_diagonal_primary,142,466,1,1,0,0,success,success
balance,balance,target_diagonal_primary,142,467,1,1,0,0,success,success
balance,balance,target_diagonal_primary,142,468,1,1,0,0,success,success
balance,balance,target_diagonal_primary,142,469,1,1,0,0,success,success
balance,balance,target_diagonal_primary,142,470,1,1,0,0,success,success
balance,balance,target_diagonal_primary,142,471,1,1,0,0,success,success
balance,balance,target_diagonal_primary,142,472,1,1,0,0,success,success
balance,balance,target_diagonal_primary,142,473,1,1,0,0,success,success
balance,balance,target_diagonal_primary,142,474,1,1,0,0,success,success
balance,balance,target_diagonal_primary,142,475,1,1,0,0,success,success
balance,balance,target_diagonal_primary,142,476,1,1,0,0,success,success
balance,balance,target_diagonal_primary,142,477,1,1,0,0,success,success
balance,balance,target_diagonal_primary,142,478,1,1,0,0,success,success
balance,balance,target_diagonal_primary,142,479,1,1,0,0,success,success
balance,balance,target_diagonal_primary,142,480,1,1,0,0,success,success
balance,balance,target_diagonal_primary,142,481,1,1,0,0,success,success
balance,balance,target_diagonal_primary,142,482,1,1,0,0,success,success
balance,balance,target_diagonal_primary,142,483,1,1,0,0,success,success
balance,balance,target_diagonal_primary,142,484,1,1,0,0,success,success
balance,balance,target_diagonal_primary,142,485,1,1,0,0,success,success
balance,balance,target_diagonal_primary,142,486,1,1,0,0,success,success
balance,balance,target_diagonal_primary,142,487,1,1,0,0,success,success
balance,balance,target_diagonal_primary,142,488,1,1,0,0,success,success
balance,balance,target_diagonal_primary,142,489,1,1,0,0,success,success
balance,balance,target_diagonal_primary,142,490,1,1,0,0,success,success
balance,balance,target_diagonal_primary,142,491,1,1,0,0,success,success
balance,balance,target_diagonal_primary,142,492,1,1,0,0,success,success
balance,balance,target_diagonal_primary,142,493,1,1,0,0,success,success
balance,balance,target_diagonal_primary,142,494,1,1,0,0,success,success
balance,balance,target_diagonal_primary,142,495,1,1,0,0,success,success
balance,balance,target_diagonal_primary,142,496,1,1,0,0,success,success
balance,balance,target_diagonal_primary,142,497,1,1,0,0,success,success
balance,balance,target_diagonal_primary,142,498,1,1,0,0,success,success
balance,balance,target_diagonal_primary,142,499,1,1,0,0,success,success
balance,balance,target_diagonal_primary,142,500,1,1,0,0,success,success
balance,balance,target_diagonal_primary,142,501,1,1,0,0,success,success
balance,balance,target_diagonal_primary,142,502,1,1,0,0,success,success
balance,balance,target_diagonal_primary,142,503,1,1,0,0,success,success
balance,balance,target_diagonal_primary,142,504,1,1,0,0,success,success
balance,balance,target_diagonal_primary,142,505,1,1,0,0,success,success
balance,balance,target_diagonal_primary,142,506,1,1,0,0,success,success
balance,balance,target_diagonal_primary,142,507,1,1,0,0,success,success
balance,balance,target_diagonal_primary,142,508,1,1,0,0,success,success
balance,balance,target_diagonal_primary,142,509,1,1,0,0,success,success
balance,balance,target_diagonal_primary,142,510,1,1,0,0,success,success
balance,balance,target_diagonal_primary,142,511,1,1,0,0,success,success
balance,D0,d0_sanity,142,0,1,0,0,1,success,non_lateral_high_cbf_demand
balance,D0,d0_sanity,142,1,1,0,0,1,success,non_lateral_high_cbf_demand
balance,D0,d0_sanity,142,2,1,1,0,0,success,success
balance,D0,d0_sanity,142,3,1,1,0,0,success,success
balance,D0,d0_sanity,142,4,1,1,0,0,success,success
balance,D0,d0_sanity,142,5,1,1,0,0,success,success
balance,D0,d0_sanity,142,6,1,1,0,0,success,success
balance,D0,d0_sanity,142,7,1,1,0,0,success,success
balance,D0,d0_sanity,142,8,1,1,0,0,success,success
balance,D0,d0_sanity,142,9,1,1,0,0,success,success
balance,D0,d0_sanity,142,10,1,1,0,0,success,success
balance,D0,d0_sanity,142,11,1,1,0,0,success,success
balance,D0,d0_sanity,142,12,1,1,0,0,success,success
balance,D0,d0_sanity,142,13,1,1,0,0,success,success
balance,D0,d0_sanity,142,14,1,1,0,0,success,success
balance,D0,d0_sanity,142,15,1,1,0,0,success,success
balance,D0,d0_sanity,142,16,1,1,0,0,success,success
balance,D0,d0_sanity,142,17,1,1,0,0,success,success
balance,D0,d0_sanity,142,18,1,1,0,0,success,success
balance,D0,d0_sanity,142,19,1,1,0,0,success,success
balance,D0,d0_sanity,142,20,1,1,0,0,success,success
balance,D0,d0_sanity,142,21,1,1,0,0,success,success
balance,D0,d0_sanity,142,22,1,1,0,0,success,success
balance,D0,d0_sanity,142,23,1,1,0,0,success,success
balance,D0,d0_sanity,142,24,1,1,0,0,success,success
balance,D0,d0_sanity,142,25,1,1,0,0,success,success
balance,D0,d0_sanity,142,26,1,1,0,0,success,success
balance,D0,d0_sanity,142,27,1,1,0,0,success,success
balance,D0,d0_sanity,142,28,1,1,0,0,success,success
balance,D0,d0_sanity,142,29,1,1,0,0,success,success
balance,D0,d0_sanity,142,30,1,1,0,0,success,success
balance,D0,d0_sanity,142,31,1,1,0,0,success,success
balance,D0,d0_sanity,142,32,1,1,0,0,success,success
balance,D0,d0_sanity,142,33,1,1,0,0,success,success
balance,D0,d0_sanity,142,34,1,1,0,0,success,success
balance,D0,d0_sanity,142,35,1,1,0,0,success,success
balance,D0,d0_sanity,142,36,1,1,0,0,success,success
balance,D0,d0_sanity,142,37,1,1,0,0,success,success
balance,D0,d0_sanity,142,38,1,1,0,0,success,success
balance,D0,d0_sanity,142,39,1,1,0,0,success,success
balance,D0,d0_sanity,142,40,1,1,0,0,success,success
balance,D0,d0_sanity,142,41,1,1,0,0,success,success
balance,D0,d0_sanity,142,42,1,1,0,0,success,success
balance,D0,d0_sanity,142,43,1,1,0,0,success,success
balance,D0,d0_sanity,142,44,1,1,0,0,success,success
balance,D0,d0_sanity,142,45,1,1,0,0,success,success
balance,D0,d0_sanity,142,46,1,1,0,0,success,success
balance,D0,d0_sanity,142,47,1,1,0,0,success,success
balance,D0,d0_sanity,142,48,1,1,0,0,success,success
balance,D0,d0_sanity,142,49,1,1,0,0,success,success
balance,D0,d0_sanity,142,50,1,1,0,0,success,success
balance,D0,d0_sanity,142,51,1,1,0,0,success,success
balance,D0,d0_sanity,142,52,1,1,0,0,success,success
balance,D0,d0_sanity,142,53,1,1,0,0,success,success
balance,D0,d0_sanity,142,54,1,1,0,0,success,success
balance,D0,d0_sanity,142,55,1,1,0,0,success,success
balance,D0,d0_sanity,142,56,1,1,0,0,success,success
balance,D0,d0_sanity,142,57,1,1,0,0,success,success
balance,D0,d0_sanity,142,58,1,1,0,0,success,success
balance,D0,d0_sanity,142,59,1,1,0,0,success,success
balance,D0,d0_sanity,142,60,1,1,0,0,success,success
balance,D0,d0_sanity,142,61,1,1,0,0,success,success
balance,D0,d0_sanity,142,62,1,1,0,0,success,success
balance,D0,d0_sanity,142,63,1,1,0,0,success,success
balance,D0,d0_sanity,142,64,1,1,0,0,success,success
balance,D0,d0_sanity,142,65,1,1,0,0,success,success
balance,D0,d0_sanity,142,66,1,1,0,0,success,success
balance,D0,d0_sanity,142,67,1,1,0,0,success,success
balance,D0,d0_sanity,142,68,1,1,0,0,success,success
balance,D0,d0_sanity,142,69,1,1,0,0,success,success
balance,D0,d0_sanity,142,70,1,1,0,0,success,success
balance,D0,d0_sanity,142,71,1,1,0,0,success,success
balance,D0,d0_sanity,142,72,1,1,0,0,success,success
balance,D0,d0_sanity,142,73,1,1,0,0,success,success
balance,D0,d0_sanity,142,74,1,1,0,0,success,success
balance,D0,d0_sanity,142,75,1,1,0,0,success,success
balance,D0,d0_sanity,142,76,1,1,0,0,success,success
balance,D0,d0_sanity,142,77,1,1,0,0,success,success
balance,D0,d0_sanity,142,78,1,1,0,0,success,success
balance,D0,d0_sanity,142,79,1,1,0,0,success,success
balance,D0,d0_sanity,142,80,1,1,0,0,success,success
balance,D0,d0_sanity,142,81,1,1,0,0,success,success
balance,D0,d0_sanity,142,82,1,1,0,0,success,success
balance,D0,d0_sanity,142,83,1,1,0,0,success,success
balance,D0,d0_sanity,142,84,1,1,0,0,success,success
balance,D0,d0_sanity,142,85,1,1,0,0,success,success
balance,D0,d0_sanity,142,86,1,1,0,0,success,success
balance,D0,d0_sanity,142,87,1,1,0,0,success,success
balance,D0,d0_sanity,142,88,1,1,0,0,success,success
balance,D0,d0_sanity,142,89,1,1,0,0,success,success
balance,D0,d0_sanity,142,90,1,1,0,0,success,success
balance,D0,d0_sanity,142,91,1,1,0,0,success,success
balance,D0,d0_sanity,142,92,1,1,0,0,success,success
balance,D0,d0_sanity,142,93,1,1,0,0,success,success
balance,D0,d0_sanity,142,94,1,0,0,1,success,lateral_heading_drift
balance,D0,d0_sanity,142,95,1,1,0,0,success,success
balance,D0,d0_sanity,142,96,1,1,0,0,success,success
balance,D0,d0_sanity,142,97,1,1,0,0,success,success
balance,D0,d0_sanity,142,98,1,1,0,0,success,success
balance,D0,d0_sanity,142,99,1,1,0,0,success,success
balance,D0,d0_sanity,142,100,1,1,0,0,success,success
balance,D0,d0_sanity,142,101,1,1,0,0,success,success
balance,D0,d0_sanity,142,102,1,1,0,0,success,success
balance,D0,d0_sanity,142,103,1,1,0,0,success,success
balance,D0,d0_sanity,142,104,1,1,0,0,success,success
balance,D0,d0_sanity,142,105,1,1,0,0,success,success
balance,D0,d0_sanity,142,106,1,1,0,0,success,success
balance,D0,d0_sanity,142,107,1,1,0,0,success,success
balance,D0,d0_sanity,142,108,1,1,0,0,success,success
balance,D0,d0_sanity,142,109,1,1,0,0,success,success
balance,D0,d0_sanity,142,110,1,1,0,0,success,success
balance,D0,d0_sanity,142,111,1,1,0,0,success,success
balance,D0,d0_sanity,142,112,1,1,0,0,success,success
balance,D0,d0_sanity,142,113,1,1,0,0,success,success
balance,D0,d0_sanity,142,114,1,1,0,0,success,success
balance,D0,d0_sanity,142,115,1,1,0,0,success,success
balance,D0,d0_sanity,142,116,1,1,0,0,success,success
balance,D0,d0_sanity,142,117,0,1,0,0,timeout_or_other_nonfall,success
balance,D0,d0_sanity,142,118,0,1,0,0,timeout_or_other_nonfall,success
balance,D0,d0_sanity,142,119,0,0,0,0,timeout_or_other_nonfall,timeout_or_other_nonfall
balance,D0,d0_sanity,142,120,0,0,0,0,timeout_or_other_nonfall,timeout_or_other_nonfall
balance,D0,d0_sanity,142,121,0,0,0,0,timeout_or_other_nonfall,timeout_or_other_nonfall
balance,D0,d0_sanity,142,122,0,0,0,0,timeout_or_other_nonfall,timeout_or_other_nonfall
balance,D0,d0_sanity,142,123,0,0,0,0,timeout_or_other_nonfall,timeout_or_other_nonfall
balance,D0,d0_sanity,142,124,0,0,0,0,timeout_or_other_nonfall,timeout_or_other_nonfall
balance,D0,d0_sanity,142,125,0,0,0,0,timeout_or_other_nonfall,timeout_or_other_nonfall
balance,D0,d0_sanity,142,126,0,0,0,0,timeout_or_other_nonfall,timeout_or_other_nonfall
balance,D0,d0_sanity,142,127,0,0,0,0,timeout_or_other_nonfall,timeout_or_other_nonfall
balance,D0,d0_sanity,142,128,0,0,1,1,non_lateral_balance_or_phase,non_lateral_balance_or_phase
balance,D0,d0_sanity,142,129,1,1,0,0,success,success
balance,D0,d0_sanity,142,130,1,1,0,0,success,success
balance,D0,d0_sanity,142,131,1,1,0,0,success,success
balance,D0,d0_sanity,142,132,1,1,0,0,success,success
balance,D0,d0_sanity,142,133,1,1,0,0,success,success
balance,D0,d0_sanity,142,134,1,1,0,0,success,success
balance,D0,d0_sanity,142,135,1,1,0,0,success,success
balance,D0,d0_sanity,142,136,1,1,0,0,success,success
balance,D0,d0_sanity,142,137,1,1,0,0,success,success
balance,D0,d0_sanity,142,138,1,1,0,0,success,success
balance,D0,d0_sanity,142,139,1,1,0,0,success,success
balance,D0,d0_sanity,142,140,1,1,0,0,success,success
balance,D0,d0_sanity,142,141,1,1,0,0,success,success
balance,D0,d0_sanity,142,142,1,1,0,0,success,success
balance,D0,d0_sanity,142,143,1,1,0,0,success,success
balance,D0,d0_sanity,142,144,1,1,0,0,success,success
balance,D0,d0_sanity,142,145,1,1,0,0,success,success
balance,D0,d0_sanity,142,146,1,1,0,0,success,success
balance,D0,d0_sanity,142,147,1,1,0,0,success,success
balance,D0,d0_sanity,142,148,1,1,0,0,success,success
balance,D0,d0_sanity,142,149,1,1,0,0,success,success
balance,D0,d0_sanity,142,150,1,1,0,0,success,success
balance,D0,d0_sanity,142,151,1,1,0,0,success,success
balance,D0,d0_sanity,142,152,1,1,0,0,success,success
balance,D0,d0_sanity,142,153,1,1,0,0,success,success
balance,D0,d0_sanity,142,154,1,1,0,0,success,success
balance,D0,d0_sanity,142,155,1,1,0,0,success,success
balance,D0,d0_sanity,142,156,1,1,0,0,success,success
balance,D0,d0_sanity,142,157,1,1,0,0,success,success
balance,D0,d0_sanity,142,158,1,1,0,0,success,success
balance,D0,d0_sanity,142,159,1,1,0,0,success,success
balance,D0,d0_sanity,142,160,1,1,0,0,success,success
balance,D0,d0_sanity,142,161,1,1,0,0,success,success
balance,D0,d0_sanity,142,162,1,1,0,0,success,success
balance,D0,d0_sanity,142,163,1,1,0,0,success,success
balance,D0,d0_sanity,142,164,1,1,0,0,success,success
balance,D0,d0_sanity,142,165,1,1,0,0,success,success
balance,D0,d0_sanity,142,166,1,1,0,0,success,success
balance,D0,d0_sanity,142,167,1,1,0,0,success,success
balance,D0,d0_sanity,142,168,1,1,0,0,success,success
balance,D0,d0_sanity,142,169,1,1,0,0,success,success
balance,D0,d0_sanity,142,170,1,1,0,0,success,success
balance,D0,d0_sanity,142,171,1,1,0,0,success,success
balance,D0,d0_sanity,142,172,1,1,0,0,success,success
balance,D0,d0_sanity,142,173,1,1,0,0,success,success
balance,D0,d0_sanity,142,174,1,1,0,0,success,success
balance,D0,d0_sanity,142,175,1,1,0,0,success,success
balance,D0,d0_sanity,142,176,1,1,0,0,success,success
balance,D0,d0_sanity,142,177,1,1,0,0,success,success
balance,D0,d0_sanity,142,178,1,1,0,0,success,success
balance,D0,d0_sanity,142,179,1,1,0,0,success,success
balance,D0,d0_sanity,142,180,1,1,0,0,success,success
balance,D0,d0_sanity,142,181,1,1,0,0,success,success
balance,D0,d0_sanity,142,182,1,1,0,0,success,success
balance,D0,d0_sanity,142,183,1,1,0,0,success,success
balance,D0,d0_sanity,142,184,1,1,0,0,success,success
balance,D0,d0_sanity,142,185,1,1,0,0,success,success
balance,D0,d0_sanity,142,186,1,1,0,0,success,success
balance,D0,d0_sanity,142,187,1,1,0,0,success,success
balance,D0,d0_sanity,142,188,1,1,0,0,success,success
balance,D0,d0_sanity,142,189,1,1,0,0,success,success
balance,D0,d0_sanity,142,190,1,1,0,0,success,success
balance,D0,d0_sanity,142,191,1,1,0,0,success,success
balance,D0,d0_sanity,142,192,1,1,0,0,success,success
balance,D0,d0_sanity,142,193,1,1,0,0,success,success
balance,D0,d0_sanity,142,194,1,1,0,0,success,success
balance,D0,d0_sanity,142,195,1,1,0,0,success,success
balance,D0,d0_sanity,142,196,1,1,0,0,success,success
balance,D0,d0_sanity,142,197,1,1,0,0,success,success
balance,D0,d0_sanity,142,198,1,1,0,0,success,success
balance,D0,d0_sanity,142,199,1,1,0,0,success,success
balance,D0,d0_sanity,142,200,1,1,0,0,success,success
balance,D0,d0_sanity,142,201,1,1,0,0,success,success
balance,D0,d0_sanity,142,202,1,1,0,0,success,success
balance,D0,d0_sanity,142,203,1,1,0,0,success,success
balance,D0,d0_sanity,142,204,1,1,0,0,success,success
balance,D0,d0_sanity,142,205,1,1,0,0,success,success
balance,D0,d0_sanity,142,206,1,1,0,0,success,success
balance,D0,d0_sanity,142,207,1,1,0,0,success,success
balance,D0,d0_sanity,142,208,1,1,0,0,success,success
balance,D0,d0_sanity,142,209,1,1,0,0,success,success
balance,D0,d0_sanity,142,210,1,1,0,0,success,success
balance,D0,d0_sanity,142,211,1,1,0,0,success,success
balance,D0,d0_sanity,142,212,1,1,0,0,success,success
balance,D0,d0_sanity,142,213,1,1,0,0,success,success
balance,D0,d0_sanity,142,214,1,1,0,0,success,success
balance,D0,d0_sanity,142,215,1,1,0,0,success,success
balance,D0,d0_sanity,142,216,1,1,0,0,success,success
balance,D0,d0_sanity,142,217,1,1,0,0,success,success
balance,D0,d0_sanity,142,218,1,1,0,0,success,success
balance,D0,d0_sanity,142,219,1,1,0,0,success,success
balance,D0,d0_sanity,142,220,1,1,0,0,success,success
balance,D0,d0_sanity,142,221,1,1,0,0,success,success
balance,D0,d0_sanity,142,222,1,1,0,0,success,success
balance,D0,d0_sanity,142,223,1,1,0,0,success,success
balance,D0,d0_sanity,142,224,1,1,0,0,success,success
balance,D0,d0_sanity,142,225,1,1,0,0,success,success
balance,D0,d0_sanity,142,226,1,1,0,0,success,success
balance,D0,d0_sanity,142,227,1,1,0,0,success,success
balance,D0,d0_sanity,142,228,1,1,0,0,success,success
balance,D0,d0_sanity,142,229,1,1,0,0,success,success
balance,D0,d0_sanity,142,230,1,1,0,0,success,success
balance,D0,d0_sanity,142,231,1,1,0,0,success,success
balance,D0,d0_sanity,142,232,1,1,0,0,success,success
balance,D0,d0_sanity,142,233,1,1,0,0,success,success
balance,D0,d0_sanity,142,234,1,1,0,0,success,success
balance,D0,d0_sanity,142,235,1,1,0,0,success,success
balance,D0,d0_sanity,142,236,1,1,0,0,success,success
balance,D0,d0_sanity,142,237,1,1,0,0,success,success
balance,D0,d0_sanity,142,238,1,1,0,0,success,success
balance,D0,d0_sanity,142,239,1,1,0,0,success,success
balance,D0,d0_sanity,142,240,1,1,0,0,success,success
balance,D0,d0_sanity,142,241,1,1,0,0,success,success
balance,D0,d0_sanity,142,242,1,0,0,0,success,timeout_or_other_nonfall
balance,D0,d0_sanity,142,243,1,0,0,0,success,timeout_or_other_nonfall
balance,D0,d0_sanity,142,244,1,0,0,0,success,timeout_or_other_nonfall
balance,D0,d0_sanity,142,245,1,0,0,0,success,timeout_or_other_nonfall
balance,D0,d0_sanity,142,246,0,0,0,0,timeout_or_other_nonfall,timeout_or_other_nonfall
balance,D0,d0_sanity,142,247,0,0,0,0,timeout_or_other_nonfall,timeout_or_other_nonfall
balance,D0,d0_sanity,142,248,0,0,0,0,timeout_or_other_nonfall,timeout_or_other_nonfall
balance,D0,d0_sanity,142,249,0,0,0,0,timeout_or_other_nonfall,timeout_or_other_nonfall
balance,D0,d0_sanity,142,250,0,0,0,0,timeout_or_other_nonfall,timeout_or_other_nonfall
balance,D0,d0_sanity,142,251,0,0,0,0,timeout_or_other_nonfall,timeout_or_other_nonfall
balance,D0,d0_sanity,142,252,0,0,0,0,timeout_or_other_nonfall,timeout_or_other_nonfall
balance,D0,d0_sanity,142,253,0,0,0,0,timeout_or_other_nonfall,timeout_or_other_nonfall
balance,D0,d0_sanity,142,254,0,0,0,0,timeout_or_other_nonfall,timeout_or_other_nonfall
balance,D0,d0_sanity,142,255,0,0,0,0,timeout_or_other_nonfall,timeout_or_other_nonfall
balance,balance,target_diagonal_primary,242,0,0,0,1,1,non_lateral_balance_or_phase,non_lateral_balance_or_phase
balance,balance,target_diagonal_primary,242,1,0,0,1,1,non_lateral_high_cbf_demand,non_lateral_high_cbf_demand
balance,balance,target_diagonal_primary,242,2,0,0,1,1,lateral_heading_drift,non_lateral_balance_or_phase
balance,balance,target_diagonal_primary,242,3,0,0,1,1,non_lateral_high_cbf_demand,non_lateral_high_cbf_demand
balance,balance,target_diagonal_primary,242,4,0,0,1,1,non_lateral_balance_or_phase,non_lateral_high_cbf_demand
balance,balance,target_diagonal_primary,242,5,0,0,1,1,non_lateral_balance_or_phase,non_lateral_balance_or_phase
balance,balance,target_diagonal_primary,242,6,0,0,1,1,non_lateral_balance_or_phase,non_lateral_balance_or_phase
balance,balance,target_diagonal_primary,242,7,0,0,1,1,non_lateral_high_cbf_demand,non_lateral_balance_or_phase
balance,balance,target_diagonal_primary,242,8,0,0,1,1,non_lateral_high_cbf_demand,non_lateral_balance_or_phase
balance,balance,target_diagonal_primary,242,9,0,0,1,1,lateral_heading_drift,non_lateral_balance_or_phase
balance,balance,target_diagonal_primary,242,10,0,0,1,1,lateral_heading_drift,non_lateral_balance_or_phase
balance,balance,target_diagonal_primary,242,11,0,0,1,1,lateral_heading_drift,non_lateral_high_cbf_demand
balance,balance,target_diagonal_primary,242,12,0,0,1,1,lateral_heading_drift,non_lateral_balance_or_phase
balance,balance,target_diagonal_primary,242,13,0,0,1,1,non_lateral_balance_or_phase,lateral_heading_drift
balance,balance,target_diagonal_primary,242,14,0,0,1,1,non_lateral_balance_or_phase,non_lateral_balance_or_phase
balance,balance,target_diagonal_primary,242,15,0,0,1,1,non_lateral_balance_or_phase,lateral_heading_drift
balance,balance,target_diagonal_primary,242,16,0,0,1,1,non_lateral_balance_or_phase,non_lateral_balance_or_phase
balance,balance,target_diagonal_primary,242,17,0,1,1,0,non_lateral_balance_or_phase,success
balance,balance,target_diagonal_primary,242,18,1,1,0,0,success,success
balance,balance,target_diagonal_primary,242,19,0,1,1,0,lateral_heading_drift,success
balance,balance,target_diagonal_primary,242,20,1,0,0,1,success,non_lateral_balance_or_phase
balance,balance,target_diagonal_primary,242,21,1,1,0,0,success,success
balance,balance,target_diagonal_primary,242,22,1,1,0,0,success,success
balance,balance,target_diagonal_primary,242,23,0,1,1,0,non_lateral_balance_or_phase,success
balance,balance,target_diagonal_primary,242,24,0,1,1,0,non_lateral_balance_or_phase,success
balance,balance,target_diagonal_primary,242,25,1,1,0,0,success,success
balance,balance,target_diagonal_primary,242,26,0,1,1,0,lateral_heading_drift,success
balance,balance,target_diagonal_primary,242,27,1,1,0,0,success,success
balance,balance,target_diagonal_primary,242,28,1,1,0,0,success,success
balance,balance,target_diagonal_primary,242,29,1,1,0,0,success,success
balance,balance,target_diagonal_primary,242,30,1,1,0,0,success,success
balance,balance,target_diagonal_primary,242,31,1,1,0,0,success,success
balance,balance,target_diagonal_primary,242,32,1,1,0,0,success,success
balance,balance,target_diagonal_primary,242,33,1,1,0,0,success,success
balance,balance,target_diagonal_primary,242,34,1,1,0,0,success,success
balance,balance,target_diagonal_primary,242,35,1,1,0,0,success,success
balance,balance,target_diagonal_primary,242,36,1,1,0,0,success,success
balance,balance,target_diagonal_primary,242,37,1,1,0,0,success,success
balance,balance,target_diagonal_primary,242,38,1,1,0,0,success,success
balance,balance,target_diagonal_primary,242,39,1,1,0,0,success,success
balance,balance,target_diagonal_primary,242,40,1,1,0,0,success,success
balance,balance,target_diagonal_primary,242,41,1,1,0,0,success,success
balance,balance,target_diagonal_primary,242,42,1,1,0,0,success,success
balance,balance,target_diagonal_primary,242,43,1,1,0,0,success,success
balance,balance,target_diagonal_primary,242,44,1,1,0,0,success,success
balance,balance,target_diagonal_primary,242,45,1,1,0,0,success,success
balance,balance,target_diagonal_primary,242,46,1,1,0,0,success,success
balance,balance,target_diagonal_primary,242,47,1,1,0,0,success,success
balance,balance,target_diagonal_primary,242,48,1,1,0,0,success,success
balance,balance,target_diagonal_primary,242,49,1,1,0,0,success,success
balance,balance,target_diagonal_primary,242,50,1,1,0,0,success,success
balance,balance,target_diagonal_primary,242,51,1,1,0,0,success,success
balance,balance,target_diagonal_primary,242,52,0,1,1,0,non_lateral_balance_or_phase,success
balance,balance,target_diagonal_primary,242,53,1,1,0,0,success,success
balance,balance,target_diagonal_primary,242,54,1,1,0,0,success,success
balance,balance,target_diagonal_primary,242,55,1,1,0,0,success,success
balance,balance,target_diagonal_primary,242,56,1,1,0,0,success,success
balance,balance,target_diagonal_primary,242,57,1,1,0,0,success,success
balance,balance,target_diagonal_primary,242,58,1,0,0,1,success,lateral_heading_drift
balance,balance,target_diagonal_primary,242,59,1,1,0,0,success,success
balance,balance,target_diagonal_primary,242,60,1,1,0,0,success,success
balance,balance,target_diagonal_primary,242,61,1,1,0,0,success,success
balance,balance,target_diagonal_primary,242,62,1,1,0,0,success,success
balance,balance,target_diagonal_primary,242,63,1,1,0,0,success,success
balance,balance,target_diagonal_primary,242,64,1,1,0,0,success,success
balance,balance,target_diagonal_primary,242,65,1,1,0,0,success,success
balance,balance,target_diagonal_primary,242,66,1,1,0,0,success,success
balance,balance,target_diagonal_primary,242,67,1,1,0,0,success,success
balance,balance,target_diagonal_primary,242,68,1,1,0,0,success,success
balance,balance,target_diagonal_primary,242,69,1,1,0,0,success,success
balance,balance,target_diagonal_primary,242,70,1,1,0,0,success,success
balance,balance,target_diagonal_primary,242,71,1,1,0,0,success,success
balance,balance,target_diagonal_primary,242,72,1,1,0,0,success,success
balance,balance,target_diagonal_primary,242,73,1,1,0,0,success,success
balance,balance,target_diagonal_primary,242,74,1,1,0,0,success,success
balance,balance,target_diagonal_primary,242,75,1,1,0,0,success,success
balance,balance,target_diagonal_primary,242,76,1,1,0,0,success,success
balance,balance,target_diagonal_primary,242,77,0,1,1,0,lateral_heading_drift,success
balance,balance,target_diagonal_primary,242,78,1,1,0,0,success,success
balance,balance,target_diagonal_primary,242,79,1,1,0,0,success,success
balance,balance,target_diagonal_primary,242,80,1,1,0,0,success,success
balance,balance,target_diagonal_primary,242,81,1,1,0,0,success,success
balance,balance,target_diagonal_primary,242,82,1,1,0,0,success,success
balance,balance,target_diagonal_primary,242,83,1,1,0,0,success,success
balance,balance,target_diagonal_primary,242,84,1,1,0,0,success,success
balance,balance,target_diagonal_primary,242,85,1,1,0,0,success,success
balance,balance,target_diagonal_primary,242,86,1,1,0,0,success,success
balance,balance,target_diagonal_primary,242,87,1,1,0,0,success,success
balance,balance,target_diagonal_primary,242,88,1,1,0,0,success,success
balance,balance,target_diagonal_primary,242,89,1,1,0,0,success,success
balance,balance,target_diagonal_primary,242,90,1,1,0,0,success,success
balance,balance,target_diagonal_primary,242,91,1,1,0,0,success,success
balance,balance,target_diagonal_primary,242,92,0,1,1,0,non_lateral_high_cbf_demand,success
balance,balance,target_diagonal_primary,242,93,1,1,0,0,success,success
balance,balance,target_diagonal_primary,242,94,1,1,0,0,success,success
balance,balance,target_diagonal_primary,242,95,1,1,0,0,success,success
balance,balance,target_diagonal_primary,242,96,1,1,0,0,success,success
balance,balance,target_diagonal_primary,242,97,1,1,0,0,success,success
balance,balance,target_diagonal_primary,242,98,1,1,0,0,success,success
balance,balance,target_diagonal_primary,242,99,1,1,0,0,success,success
balance,balance,target_diagonal_primary,242,100,1,1,0,0,success,success
balance,balance,target_diagonal_primary,242,101,1,1,0,0,success,success
balance,balance,target_diagonal_primary,242,102,1,1,0,0,success,success
balance,balance,target_diagonal_primary,242,103,1,1,0,0,success,success
balance,balance,target_diagonal_primary,242,104,1,1,0,0,success,success
balance,balance,target_diagonal_primary,242,105,1,1,0,0,success,success
balance,balance,target_diagonal_primary,242,106,1,1,0,0,success,success
balance,balance,target_diagonal_primary,242,107,1,1,0,0,success,success
balance,balance,target_diagonal_primary,242,108,1,1,0,0,success,success
balance,balance,target_diagonal_primary,242,109,1,1,0,0,success,success
balance,balance,target_diagonal_primary,242,110,1,1,0,0,success,success
balance,balance,target_diagonal_primary,242,111,1,1,0,0,success,success
balance,balance,target_diagonal_primary,242,112,1,1,0,0,success,success
balance,balance,target_diagonal_primary,242,113,1,1,0,0,success,success
balance,balance,target_diagonal_primary,242,114,1,1,0,0,success,success
balance,balance,target_diagonal_primary,242,115,1,1,0,0,success,success
balance,balance,target_diagonal_primary,242,116,1,1,0,0,success,success
balance,balance,target_diagonal_primary,242,117,1,1,0,0,success,success
balance,balance,target_diagonal_primary,242,118,1,1,0,0,success,success
balance,balance,target_diagonal_primary,242,119,1,1,0,0,success,success
balance,balance,target_diagonal_primary,242,120,1,0,0,1,success,lateral_heading_drift
balance,balance,target_diagonal_primary,242,121,1,1,0,0,success,success
balance,balance,target_diagonal_primary,242,122,1,1,0,0,success,success
balance,balance,target_diagonal_primary,242,123,1,1,0,0,success,success
balance,balance,target_diagonal_primary,242,124,1,1,0,0,success,success
balance,balance,target_diagonal_primary,242,125,1,1,0,0,success,success
balance,balance,target_diagonal_primary,242,126,1,1,0,0,success,success
balance,balance,target_diagonal_primary,242,127,1,1,0,0,success,success
balance,balance,target_diagonal_primary,242,128,0,0,1,1,non_lateral_balance_or_phase,non_lateral_balance_or_phase
balance,balance,target_diagonal_primary,242,129,0,0,1,1,non_lateral_balance_or_phase,non_lateral_balance_or_phase
balance,balance,target_diagonal_primary,242,130,0,0,1,1,non_lateral_high_cbf_demand,non_lateral_balance_or_phase
balance,balance,target_diagonal_primary,242,131,0,0,1,1,non_lateral_balance_or_phase,non_lateral_high_cbf_demand
balance,balance,target_diagonal_primary,242,132,0,0,1,1,non_lateral_high_cbf_demand,non_lateral_high_cbf_demand
balance,balance,target_diagonal_primary,242,133,0,0,1,1,non_lateral_balance_or_phase,non_lateral_balance_or_phase
balance,balance,target_diagonal_primary,242,134,0,0,1,1,non_lateral_balance_or_phase,non_lateral_balance_or_phase
balance,balance,target_diagonal_primary,242,135,0,0,1,1,non_lateral_balance_or_phase,non_lateral_balance_or_phase
balance,balance,target_diagonal_primary,242,136,0,0,1,1,non_lateral_balance_or_phase,non_lateral_balance_or_phase
balance,balance,target_diagonal_primary,242,137,0,0,1,1,lateral_heading_drift,non_lateral_high_cbf_demand
balance,balance,target_diagonal_primary,242,138,0,0,1,1,lateral_heading_drift,non_lateral_balance_or_phase
balance,balance,target_diagonal_primary,242,139,0,0,1,1,lateral_heading_drift,non_lateral_balance_or_phase
balance,balance,target_diagonal_primary,242,140,0,0,1,1,non_lateral_balance_or_phase,non_lateral_balance_or_phase
balance,balance,target_diagonal_primary,242,141,0,0,1,1,non_lateral_balance_or_phase,non_lateral_balance_or_phase
balance,balance,target_diagonal_primary,242,142,0,0,1,1,non_lateral_balance_or_phase,non_lateral_high_cbf_demand
balance,balance,target_diagonal_primary,242,143,0,0,1,1,non_lateral_balance_or_phase,non_lateral_high_cbf_demand
balance,balance,target_diagonal_primary,242,144,0,0,1,1,lateral_heading_drift,non_lateral_balance_or_phase
balance,balance,target_diagonal_primary,242,145,0,0,1,1,non_lateral_balance_or_phase,non_lateral_balance_or_phase
balance,balance,target_diagonal_primary,242,146,0,0,1,1,lateral_heading_drift,non_lateral_balance_or_phase
balance,balance,target_diagonal_primary,242,147,0,0,1,1,non_lateral_balance_or_phase,lateral_heading_drift
balance,balance,target_diagonal_primary,242,148,0,1,1,0,non_lateral_high_cbf_demand,success
balance,balance,target_diagonal_primary,242,149,0,0,1,1,non_lateral_balance_or_phase,non_lateral_balance_or_phase
balance,balance,target_diagonal_primary,242,150,0,1,1,0,non_lateral_high_cbf_demand,success
balance,balance,target_diagonal_primary,242,151,0,1,1,0,non_lateral_balance_or_phase,success
balance,balance,target_diagonal_primary,242,152,0,1,1,0,non_lateral_balance_or_phase,success
balance,balance,target_diagonal_primary,242,153,1,1,0,0,success,success
balance,balance,target_diagonal_primary,242,154,1,1,0,0,success,success
balance,balance,target_diagonal_primary,242,155,1,0,0,1,success,lateral_heading_drift
balance,balance,target_diagonal_primary,242,156,0,1,1,0,lateral_heading_drift,success
balance,balance,target_diagonal_primary,242,157,1,1,0,0,success,success
balance,balance,target_diagonal_primary,242,158,0,1,1,0,non_lateral_balance_or_phase,success
balance,balance,target_diagonal_primary,242,159,1,1,0,0,success,success
balance,balance,target_diagonal_primary,242,160,1,1,0,0,success,success
balance,balance,target_diagonal_primary,242,161,1,1,0,0,success,success
balance,balance,target_diagonal_primary,242,162,1,1,0,0,success,success
balance,balance,target_diagonal_primary,242,163,1,1,0,0,success,success
balance,balance,target_diagonal_primary,242,164,1,1,0,0,success,success
balance,balance,target_diagonal_primary,242,165,1,0,0,1,success,lateral_heading_drift
balance,balance,target_diagonal_primary,242,166,1,1,0,0,success,success
balance,balance,target_diagonal_primary,242,167,1,1,0,0,success,success
balance,balance,target_diagonal_primary,242,168,1,1,0,0,success,success
balance,balance,target_diagonal_primary,242,169,1,1,0,0,success,success
balance,balance,target_diagonal_primary,242,170,1,1,0,0,success,success
balance,balance,target_diagonal_primary,242,171,1,1,0,0,success,success
balance,balance,target_diagonal_primary,242,172,1,1,0,0,success,success
balance,balance,target_diagonal_primary,242,173,1,1,0,0,success,success
balance,balance,target_diagonal_primary,242,174,1,1,0,0,success,success
balance,balance,target_diagonal_primary,242,175,1,1,0,0,success,success
balance,balance,target_diagonal_primary,242,176,1,1,0,0,success,success
balance,balance,target_diagonal_primary,242,177,1,1,0,0,success,success
balance,balance,target_diagonal_primary,242,178,0,1,1,0,lateral_heading_drift,success
balance,balance,target_diagonal_primary,242,179,1,1,0,0,success,success
balance,balance,target_diagonal_primary,242,180,1,0,0,1,success,lateral_heading_drift
balance,balance,target_diagonal_primary,242,181,1,1,0,0,success,success
balance,balance,target_diagonal_primary,242,182,1,1,0,0,success,success
balance,balance,target_diagonal_primary,242,183,1,1,0,0,success,success
balance,balance,target_diagonal_primary,242,184,1,1,0,0,success,success
balance,balance,target_diagonal_primary,242,185,1,1,0,0,success,success
balance,balance,target_diagonal_primary,242,186,1,1,0,0,success,success
balance,balance,target_diagonal_primary,242,187,1,1,0,0,success,success
balance,balance,target_diagonal_primary,242,188,1,1,0,0,success,success
balance,balance,target_diagonal_primary,242,189,1,1,0,0,success,success
balance,balance,target_diagonal_primary,242,190,1,1,0,0,success,success
balance,balance,target_diagonal_primary,242,191,1,1,0,0,success,success
balance,balance,target_diagonal_primary,242,192,1,1,0,0,success,success
balance,balance,target_diagonal_primary,242,193,1,1,0,0,success,success
balance,balance,target_diagonal_primary,242,194,1,0,0,1,success,lateral_heading_drift
balance,balance,target_diagonal_primary,242,195,1,1,0,0,success,success
balance,balance,target_diagonal_primary,242,196,1,1,0,0,success,success
balance,balance,target_diagonal_primary,242,197,1,1,0,0,success,success
balance,balance,target_diagonal_primary,242,198,1,1,0,0,success,success
balance,balance,target_diagonal_primary,242,199,1,1,0,0,success,success
balance,balance,target_diagonal_primary,242,200,1,1,0,0,success,success
balance,balance,target_diagonal_primary,242,201,1,1,0,0,success,success
balance,balance,target_diagonal_primary,242,202,1,1,0,0,success,success
balance,balance,target_diagonal_primary,242,203,1,1,0,0,success,success
balance,balance,target_diagonal_primary,242,204,0,1,1,0,lateral_heading_drift,success
balance,balance,target_diagonal_primary,242,205,1,1,0,0,success,success
balance,balance,target_diagonal_primary,242,206,1,1,0,0,success,success
balance,balance,target_diagonal_primary,242,207,1,1,0,0,success,success
balance,balance,target_diagonal_primary,242,208,1,1,0,0,success,success
balance,balance,target_diagonal_primary,242,209,1,1,0,0,success,success
balance,balance,target_diagonal_primary,242,210,1,1,0,0,success,success
balance,balance,target_diagonal_primary,242,211,1,1,0,0,success,success
balance,balance,target_diagonal_primary,242,212,0,1,1,0,non_lateral_balance_or_phase,success
balance,balance,target_diagonal_primary,242,213,1,1,0,0,success,success
balance,balance,target_diagonal_primary,242,214,1,1,0,0,success,success
balance,balance,target_diagonal_primary,242,215,1,1,0,0,success,success
balance,balance,target_diagonal_primary,242,216,1,1,0,0,success,success
balance,balance,target_diagonal_primary,242,217,1,1,0,0,success,success
balance,balance,target_diagonal_primary,242,218,1,1,0,0,success,success
balance,balance,target_diagonal_primary,242,219,1,1,0,0,success,success
balance,balance,target_diagonal_primary,242,220,0,1,1,0,lateral_heading_drift,success
balance,balance,target_diagonal_primary,242,221,1,1,0,0,success,success
balance,balance,target_diagonal_primary,242,222,1,1,0,0,success,success
balance,balance,target_diagonal_primary,242,223,1,1,0,0,success,success
balance,balance,target_diagonal_primary,242,224,1,1,0,0,success,success
balance,balance,target_diagonal_primary,242,225,1,1,0,0,success,success
balance,balance,target_diagonal_primary,242,226,1,1,0,0,success,success
balance,balance,target_diagonal_primary,242,227,1,1,0,0,success,success
balance,balance,target_diagonal_primary,242,228,1,1,0,0,success,success
balance,balance,target_diagonal_primary,242,229,1,1,0,0,success,success
balance,balance,target_diagonal_primary,242,230,1,1,0,0,success,success
balance,balance,target_diagonal_primary,242,231,1,0,0,1,success,lateral_heading_drift
balance,balance,target_diagonal_primary,242,232,1,0,0,1,success,lateral_heading_drift
balance,balance,target_diagonal_primary,242,233,1,1,0,0,success,success
balance,balance,target_diagonal_primary,242,234,1,1,0,0,success,success
balance,balance,target_diagonal_primary,242,235,1,1,0,0,success,success
balance,balance,target_diagonal_primary,242,236,1,1,0,0,success,success
balance,balance,target_diagonal_primary,242,237,1,1,0,0,success,success
balance,balance,target_diagonal_primary,242,238,1,1,0,0,success,success
balance,balance,target_diagonal_primary,242,239,1,1,0,0,success,success
balance,balance,target_diagonal_primary,242,240,1,1,0,0,success,success
balance,balance,target_diagonal_primary,242,241,1,1,0,0,success,success
balance,balance,target_diagonal_primary,242,242,1,1,0,0,success,success
balance,balance,target_diagonal_primary,242,243,1,1,0,0,success,success
balance,balance,target_diagonal_primary,242,244,1,1,0,0,success,success
balance,balance,target_diagonal_primary,242,245,1,1,0,0,success,success
balance,balance,target_diagonal_primary,242,246,1,1,0,0,success,success
balance,balance,target_diagonal_primary,242,247,1,1,0,0,success,success
balance,balance,target_diagonal_primary,242,248,1,1,0,0,success,success
balance,balance,target_diagonal_primary,242,249,1,1,0,0,success,success
balance,balance,target_diagonal_primary,242,250,1,1,0,0,success,success
balance,balance,target_diagonal_primary,242,251,1,1,0,0,success,success
balance,balance,target_diagonal_primary,242,252,1,1,0,0,success,success
balance,balance,target_diagonal_primary,242,253,1,1,0,0,success,success
balance,balance,target_diagonal_primary,242,254,1,1,0,0,success,success
balance,balance,target_diagonal_primary,242,255,1,1,0,0,success,success
balance,balance,target_diagonal_primary,242,256,0,0,1,1,non_lateral_balance_or_phase,non_lateral_balance_or_phase
balance,balance,target_diagonal_primary,242,257,0,0,1,1,non_lateral_high_cbf_demand,non_lateral_balance_or_phase
balance,balance,target_diagonal_primary,242,258,0,0,1,1,non_lateral_balance_or_phase,non_lateral_balance_or_phase
balance,balance,target_diagonal_primary,242,259,0,0,1,1,lateral_heading_drift,non_lateral_balance_or_phase
balance,balance,target_diagonal_primary,242,260,0,0,1,1,non_lateral_high_cbf_demand,lateral_heading_drift
balance,balance,target_diagonal_primary,242,261,0,0,1,1,non_lateral_balance_or_phase,non_lateral_high_cbf_demand
balance,balance,target_diagonal_primary,242,262,0,0,1,1,non_lateral_high_cbf_demand,non_lateral_high_cbf_demand
balance,balance,target_diagonal_primary,242,263,0,0,1,1,non_lateral_balance_or_phase,lateral_heading_drift
balance,balance,target_diagonal_primary,242,264,0,0,1,1,non_lateral_balance_or_phase,non_lateral_balance_or_phase
balance,balance,target_diagonal_primary,242,265,0,0,1,1,non_lateral_balance_or_phase,non_lateral_high_cbf_demand
balance,balance,target_diagonal_primary,242,266,0,0,1,1,non_lateral_high_cbf_demand,lateral_heading_drift
balance,balance,target_diagonal_primary,242,267,0,0,1,1,non_lateral_high_cbf_demand,lateral_heading_drift
balance,balance,target_diagonal_primary,242,268,0,0,1,1,non_lateral_balance_or_phase,non_lateral_balance_or_phase
balance,balance,target_diagonal_primary,242,269,0,0,1,1,non_lateral_balance_or_phase,non_lateral_balance_or_phase
balance,balance,target_diagonal_primary,242,270,0,0,1,1,non_lateral_balance_or_phase,non_lateral_balance_or_phase
balance,balance,target_diagonal_primary,242,271,0,0,1,1,non_lateral_balance_or_phase,lateral_heading_drift
balance,balance,target_diagonal_primary,242,272,0,0,1,1,non_lateral_balance_or_phase,non_lateral_balance_or_phase
balance,balance,target_diagonal_primary,242,273,0,0,1,1,non_lateral_high_cbf_demand,lateral_heading_drift
balance,balance,target_diagonal_primary,242,274,1,0,0,1,success,lateral_heading_drift
balance,balance,target_diagonal_primary,242,275,0,0,1,1,lateral_heading_drift,lateral_heading_drift
balance,balance,target_diagonal_primary,242,276,1,1,0,0,success,success
balance,balance,target_diagonal_primary,242,277,1,1,0,0,success,success
balance,balance,target_diagonal_primary,242,278,1,0,0,1,success,lateral_heading_drift
balance,balance,target_diagonal_primary,242,279,1,1,0,0,success,success
balance,balance,target_diagonal_primary,242,280,1,1,0,0,success,success
balance,balance,target_diagonal_primary,242,281,1,1,0,0,success,success
balance,balance,target_diagonal_primary,242,282,1,1,0,0,success,success
balance,balance,target_diagonal_primary,242,283,1,1,0,0,success,success
balance,balance,target_diagonal_primary,242,284,1,1,0,0,success,success
balance,balance,target_diagonal_primary,242,285,1,1,0,0,success,success
balance,balance,target_diagonal_primary,242,286,1,1,0,0,success,success
balance,balance,target_diagonal_primary,242,287,1,0,0,1,success,lateral_heading_drift
balance,balance,target_diagonal_primary,242,288,1,1,0,0,success,success
balance,balance,target_diagonal_primary,242,289,1,1,0,0,success,success
balance,balance,target_diagonal_primary,242,290,1,1,0,0,success,success
balance,balance,target_diagonal_primary,242,291,1,1,0,0,success,success
balance,balance,target_diagonal_primary,242,292,1,1,0,0,success,success
balance,balance,target_diagonal_primary,242,293,1,1,0,0,success,success
balance,balance,target_diagonal_primary,242,294,0,1,1,0,non_lateral_balance_or_phase,success
balance,balance,target_diagonal_primary,242,295,1,1,0,0,success,success
balance,balance,target_diagonal_primary,242,296,1,0,0,1,success,non_lateral_balance_or_phase
balance,balance,target_diagonal_primary,242,297,1,1,0,0,success,success
balance,balance,target_diagonal_primary,242,298,1,0,0,1,success,lateral_heading_drift
balance,balance,target_diagonal_primary,242,299,1,1,0,0,success,success
balance,balance,target_diagonal_primary,242,300,1,1,0,0,success,success
balance,balance,target_diagonal_primary,242,301,1,1,0,0,success,success
balance,balance,target_diagonal_primary,242,302,0,1,1,0,non_lateral_balance_or_phase,success
balance,balance,target_diagonal_primary,242,303,1,1,0,0,success,success
balance,balance,target_diagonal_primary,242,304,1,1,0,0,success,success
balance,balance,target_diagonal_primary,242,305,1,1,0,0,success,success
balance,balance,target_diagonal_primary,242,306,1,1,0,0,success,success
balance,balance,target_diagonal_primary,242,307,1,1,0,0,success,success
balance,balance,target_diagonal_primary,242,308,1,1,0,0,success,success
balance,balance,target_diagonal_primary,242,309,1,1,0,0,success,success
balance,balance,target_diagonal_primary,242,310,1,1,0,0,success,success
balance,balance,target_diagonal_primary,242,311,1,1,0,0,success,success
balance,balance,target_diagonal_primary,242,312,1,0,0,1,success,lateral_heading_drift
balance,balance,target_diagonal_primary,242,313,1,1,0,0,success,success
balance,balance,target_diagonal_primary,242,314,1,1,0,0,success,success
balance,balance,target_diagonal_primary,242,315,1,1,0,0,success,success
balance,balance,target_diagonal_primary,242,316,1,1,0,0,success,success
balance,balance,target_diagonal_primary,242,317,1,1,0,0,success,success
balance,balance,target_diagonal_primary,242,318,1,1,0,0,success,success
balance,balance,target_diagonal_primary,242,319,1,1,0,0,success,success
balance,balance,target_diagonal_primary,242,320,1,1,0,0,success,success
balance,balance,target_diagonal_primary,242,321,1,1,0,0,success,success
balance,balance,target_diagonal_primary,242,322,1,1,0,0,success,success
balance,balance,target_diagonal_primary,242,323,1,1,0,0,success,success
balance,balance,target_diagonal_primary,242,324,1,1,0,0,success,success
balance,balance,target_diagonal_primary,242,325,1,1,0,0,success,success
balance,balance,target_diagonal_primary,242,326,1,1,0,0,success,success
balance,balance,target_diagonal_primary,242,327,1,1,0,0,success,success
balance,balance,target_diagonal_primary,242,328,1,1,0,0,success,success
balance,balance,target_diagonal_primary,242,329,1,1,0,0,success,success
balance,balance,target_diagonal_primary,242,330,1,1,0,0,success,success
balance,balance,target_diagonal_primary,242,331,1,1,0,0,success,success
balance,balance,target_diagonal_primary,242,332,1,1,0,0,success,success
balance,balance,target_diagonal_primary,242,333,1,1,0,0,success,success
balance,balance,target_diagonal_primary,242,334,1,1,0,0,success,success
balance,balance,target_diagonal_primary,242,335,1,1,0,0,success,success
balance,balance,target_diagonal_primary,242,336,1,1,0,0,success,success
balance,balance,target_diagonal_primary,242,337,1,1,0,0,success,success
balance,balance,target_diagonal_primary,242,338,1,1,0,0,success,success
balance,balance,target_diagonal_primary,242,339,1,1,0,0,success,success
balance,balance,target_diagonal_primary,242,340,1,1,0,0,success,success
balance,balance,target_diagonal_primary,242,341,1,1,0,0,success,success
balance,balance,target_diagonal_primary,242,342,1,1,0,0,success,success
balance,balance,target_diagonal_primary,242,343,1,1,0,0,success,success
balance,balance,target_diagonal_primary,242,344,1,1,0,0,success,success
balance,balance,target_diagonal_primary,242,345,1,1,0,0,success,success
balance,balance,target_diagonal_primary,242,346,1,1,0,0,success,success
balance,balance,target_diagonal_primary,242,347,1,0,0,1,success,lateral_heading_drift
balance,balance,target_diagonal_primary,242,348,1,1,0,0,success,success
balance,balance,target_diagonal_primary,242,349,1,1,0,0,success,success
balance,balance,target_diagonal_primary,242,350,1,0,0,1,success,non_lateral_balance_or_phase
balance,balance,target_diagonal_primary,242,351,1,1,0,0,success,success
balance,balance,target_diagonal_primary,242,352,1,1,0,0,success,success
balance,balance,target_diagonal_primary,242,353,1,1,0,0,success,success
balance,balance,target_diagonal_primary,242,354,1,1,0,0,success,success
balance,balance,target_diagonal_primary,242,355,1,1,0,0,success,success
balance,balance,target_diagonal_primary,242,356,1,1,0,0,success,success
balance,balance,target_diagonal_primary,242,357,1,1,0,0,success,success
balance,balance,target_diagonal_primary,242,358,1,1,0,0,success,success
balance,balance,target_diagonal_primary,242,359,1,1,0,0,success,success
balance,balance,target_diagonal_primary,242,360,1,1,0,0,success,success
balance,balance,target_diagonal_primary,242,361,1,1,0,0,success,success
balance,balance,target_diagonal_primary,242,362,1,1,0,0,success,success
balance,balance,target_diagonal_primary,242,363,1,1,0,0,success,success
balance,balance,target_diagonal_primary,242,364,1,1,0,0,success,success
balance,balance,target_diagonal_primary,242,365,1,1,0,0,success,success
balance,balance,target_diagonal_primary,242,366,1,1,0,0,success,success
balance,balance,target_diagonal_primary,242,367,1,1,0,0,success,success
balance,balance,target_diagonal_primary,242,368,1,1,0,0,success,success
balance,balance,target_diagonal_primary,242,369,1,1,0,0,success,success
balance,balance,target_diagonal_primary,242,370,1,1,0,0,success,success
balance,balance,target_diagonal_primary,242,371,1,1,0,0,success,success
balance,balance,target_diagonal_primary,242,372,1,1,0,0,success,success
balance,balance,target_diagonal_primary,242,373,1,1,0,0,success,success
balance,balance,target_diagonal_primary,242,374,1,1,0,0,success,success
balance,balance,target_diagonal_primary,242,375,1,1,0,0,success,success
balance,balance,target_diagonal_primary,242,376,1,1,0,0,success,success
balance,balance,target_diagonal_primary,242,377,1,1,0,0,success,success
balance,balance,target_diagonal_primary,242,378,1,1,0,0,success,success
balance,balance,target_diagonal_primary,242,379,1,1,0,0,success,success
balance,balance,target_diagonal_primary,242,380,1,1,0,0,success,success
balance,balance,target_diagonal_primary,242,381,1,1,0,0,success,success
balance,balance,target_diagonal_primary,242,382,1,1,0,0,success,success
balance,balance,target_diagonal_primary,242,383,1,1,0,0,success,success
balance,balance,target_diagonal_primary,242,384,0,0,1,1,non_lateral_high_cbf_demand,non_lateral_high_cbf_demand
balance,balance,target_diagonal_primary,242,385,0,0,1,1,non_lateral_balance_or_phase,non_lateral_balance_or_phase
balance,balance,target_diagonal_primary,242,386,0,0,1,1,non_lateral_balance_or_phase,non_lateral_balance_or_phase
balance,balance,target_diagonal_primary,242,387,0,0,1,1,non_lateral_balance_or_phase,non_lateral_high_cbf_demand
balance,balance,target_diagonal_primary,242,388,0,0,1,1,non_lateral_balance_or_phase,non_lateral_balance_or_phase
balance,balance,target_diagonal_primary,242,389,0,0,1,1,non_lateral_balance_or_phase,non_lateral_high_cbf_demand
balance,balance,target_diagonal_primary,242,390,0,0,1,1,non_lateral_balance_or_phase,non_lateral_balance_or_phase
balance,balance,target_diagonal_primary,242,391,0,0,1,1,non_lateral_balance_or_phase,non_lateral_balance_or_phase
balance,balance,target_diagonal_primary,242,392,0,0,1,1,lateral_heading_drift,non_lateral_balance_or_phase
balance,balance,target_diagonal_primary,242,393,0,0,1,1,non_lateral_balance_or_phase,non_lateral_balance_or_phase
balance,balance,target_diagonal_primary,242,394,0,0,1,1,non_lateral_balance_or_phase,non_lateral_balance_or_phase
balance,balance,target_diagonal_primary,242,395,0,0,1,1,lateral_heading_drift,lateral_heading_drift
balance,balance,target_diagonal_primary,242,396,0,0,1,1,non_lateral_high_cbf_demand,non_lateral_high_cbf_demand
balance,balance,target_diagonal_primary,242,397,0,0,1,1,non_lateral_balance_or_phase,non_lateral_balance_or_phase
balance,balance,target_diagonal_primary,242,398,0,0,1,1,non_lateral_balance_or_phase,non_lateral_balance_or_phase
balance,balance,target_diagonal_primary,242,399,0,0,1,1,non_lateral_high_cbf_demand,non_lateral_balance_or_phase
balance,balance,target_diagonal_primary,242,400,0,0,1,1,lateral_heading_drift,lateral_heading_drift
balance,balance,target_diagonal_primary,242,401,0,0,1,1,non_lateral_balance_or_phase,non_lateral_high_cbf_demand
balance,balance,target_diagonal_primary,242,402,1,1,0,0,success,success
balance,balance,target_diagonal_primary,242,403,1,0,0,1,success,non_lateral_balance_or_phase
balance,balance,target_diagonal_primary,242,404,1,1,0,0,success,success
balance,balance,target_diagonal_primary,242,405,1,1,0,0,success,success
balance,balance,target_diagonal_primary,242,406,1,1,0,0,success,success
balance,balance,target_diagonal_primary,242,407,1,1,0,0,success,success
balance,balance,target_diagonal_primary,242,408,1,1,0,0,success,success
balance,balance,target_diagonal_primary,242,409,1,1,0,0,success,success
balance,balance,target_diagonal_primary,242,410,0,1,1,0,non_lateral_balance_or_phase,success
balance,balance,target_diagonal_primary,242,411,1,1,0,0,success,success
balance,balance,target_diagonal_primary,242,412,1,1,0,0,success,success
balance,balance,target_diagonal_primary,242,413,1,1,0,0,success,success
balance,balance,target_diagonal_primary,242,414,1,1,0,0,success,success
balance,balance,target_diagonal_primary,242,415,0,1,1,0,non_lateral_balance_or_phase,success
balance,balance,target_diagonal_primary,242,416,0,1,1,0,lateral_heading_drift,success
balance,balance,target_diagonal_primary,242,417,1,1,0,0,success,success
balance,balance,target_diagonal_primary,242,418,0,0,1,1,non_lateral_balance_or_phase,lateral_heading_drift
balance,balance,target_diagonal_primary,242,419,1,1,0,0,success,success
balance,balance,target_diagonal_primary,242,420,1,1,0,0,success,success
balance,balance,target_diagonal_primary,242,421,1,1,0,0,success,success
balance,balance,target_diagonal_primary,242,422,1,1,0,0,success,success
balance,balance,target_diagonal_primary,242,423,1,1,0,0,success,success
balance,balance,target_diagonal_primary,242,424,1,1,0,0,success,success
balance,balance,target_diagonal_primary,242,425,1,1,0,0,success,success
balance,balance,target_diagonal_primary,242,426,1,1,0,0,success,success
balance,balance,target_diagonal_primary,242,427,0,1,1,0,lateral_heading_drift,success
balance,balance,target_diagonal_primary,242,428,1,1,0,0,success,success
balance,balance,target_diagonal_primary,242,429,0,1,1,0,lateral_heading_drift,success
balance,balance,target_diagonal_primary,242,430,1,1,0,0,success,success
balance,balance,target_diagonal_primary,242,431,1,1,0,0,success,success
balance,balance,target_diagonal_primary,242,432,1,0,0,1,success,lateral_heading_drift
balance,balance,target_diagonal_primary,242,433,0,1,1,0,non_lateral_high_cbf_demand,success
balance,balance,target_diagonal_primary,242,434,1,1,0,0,success,success
balance,balance,target_diagonal_primary,242,435,1,1,0,0,success,success
balance,balance,target_diagonal_primary,242,436,1,1,0,0,success,success
balance,balance,target_diagonal_primary,242,437,1,1,0,0,success,success
balance,balance,target_diagonal_primary,242,438,1,1,0,0,success,success
balance,balance,target_diagonal_primary,242,439,1,1,0,0,success,success
balance,balance,target_diagonal_primary,242,440,1,1,0,0,success,success
balance,balance,target_diagonal_primary,242,441,1,1,0,0,success,success
balance,balance,target_diagonal_primary,242,442,1,1,0,0,success,success
balance,balance,target_diagonal_primary,242,443,1,1,0,0,success,success
balance,balance,target_diagonal_primary,242,444,1,1,0,0,success,success
balance,balance,target_diagonal_primary,242,445,1,1,0,0,success,success
balance,balance,target_diagonal_primary,242,446,1,1,0,0,success,success
balance,balance,target_diagonal_primary,242,447,0,1,1,0,non_lateral_high_cbf_demand,success
balance,balance,target_diagonal_primary,242,448,1,1,0,0,success,success
balance,balance,target_diagonal_primary,242,449,1,1,0,0,success,success
balance,balance,target_diagonal_primary,242,450,1,1,0,0,success,success
balance,balance,target_diagonal_primary,242,451,1,1,0,0,success,success
balance,balance,target_diagonal_primary,242,452,1,1,0,0,success,success
balance,balance,target_diagonal_primary,242,453,1,1,0,0,success,success
balance,balance,target_diagonal_primary,242,454,1,1,0,0,success,success
balance,balance,target_diagonal_primary,242,455,1,1,0,0,success,success
balance,balance,target_diagonal_primary,242,456,1,1,0,0,success,success
balance,balance,target_diagonal_primary,242,457,1,1,0,0,success,success
balance,balance,target_diagonal_primary,242,458,1,1,0,0,success,success
balance,balance,target_diagonal_primary,242,459,1,1,0,0,success,success
balance,balance,target_diagonal_primary,242,460,1,1,0,0,success,success
balance,balance,target_diagonal_primary,242,461,1,1,0,0,success,success
balance,balance,target_diagonal_primary,242,462,0,1,1,0,non_lateral_balance_or_phase,success
balance,balance,target_diagonal_primary,242,463,1,1,0,0,success,success
balance,balance,target_diagonal_primary,242,464,1,1,0,0,success,success
balance,balance,target_diagonal_primary,242,465,1,1,0,0,success,success
balance,balance,target_diagonal_primary,242,466,1,0,0,1,success,non_lateral_balance_or_phase
balance,balance,target_diagonal_primary,242,467,1,1,0,0,success,success
balance,balance,target_diagonal_primary,242,468,1,1,0,0,success,success
balance,balance,target_diagonal_primary,242,469,1,1,0,0,success,success
balance,balance,target_diagonal_primary,242,470,1,1,0,0,success,success
balance,balance,target_diagonal_primary,242,471,1,1,0,0,success,success
balance,balance,target_diagonal_primary,242,472,1,1,0,0,success,success
balance,balance,target_diagonal_primary,242,473,1,1,0,0,success,success
balance,balance,target_diagonal_primary,242,474,1,1,0,0,success,success
balance,balance,target_diagonal_primary,242,475,1,1,0,0,success,success
balance,balance,target_diagonal_primary,242,476,1,1,0,0,success,success
balance,balance,target_diagonal_primary,242,477,1,1,0,0,success,success
balance,balance,target_diagonal_primary,242,478,1,1,0,0,success,success
balance,balance,target_diagonal_primary,242,479,1,1,0,0,success,success
balance,balance,target_diagonal_primary,242,480,1,1,0,0,success,success
balance,balance,target_diagonal_primary,242,481,1,1,0,0,success,success
balance,balance,target_diagonal_primary,242,482,1,1,0,0,success,success
balance,balance,target_diagonal_primary,242,483,1,1,0,0,success,success
balance,balance,target_diagonal_primary,242,484,1,1,0,0,success,success
balance,balance,target_diagonal_primary,242,485,1,1,0,0,success,success
balance,balance,target_diagonal_primary,242,486,1,1,0,0,success,success
balance,balance,target_diagonal_primary,242,487,1,1,0,0,success,success
balance,balance,target_diagonal_primary,242,488,1,1,0,0,success,success
balance,balance,target_diagonal_primary,242,489,1,1,0,0,success,success
balance,balance,target_diagonal_primary,242,490,1,1,0,0,success,success
balance,balance,target_diagonal_primary,242,491,1,1,0,0,success,success
balance,balance,target_diagonal_primary,242,492,1,1,0,0,success,success
balance,balance,target_diagonal_primary,242,493,1,1,0,0,success,success
balance,balance,target_diagonal_primary,242,494,1,1,0,0,success,success
balance,balance,target_diagonal_primary,242,495,1,1,0,0,success,success
balance,balance,target_diagonal_primary,242,496,1,1,0,0,success,success
balance,balance,target_diagonal_primary,242,497,1,1,0,0,success,success
balance,balance,target_diagonal_primary,242,498,1,1,0,0,success,success
balance,balance,target_diagonal_primary,242,499,1,1,0,0,success,success
balance,balance,target_diagonal_primary,242,500,1,1,0,0,success,success
balance,balance,target_diagonal_primary,242,501,1,1,0,0,success,success
balance,balance,target_diagonal_primary,242,502,1,1,0,0,success,success
balance,balance,target_diagonal_primary,242,503,1,1,0,0,success,success
balance,balance,target_diagonal_primary,242,504,1,1,0,0,success,success
balance,balance,target_diagonal_primary,242,505,1,1,0,0,success,success
balance,balance,target_diagonal_primary,242,506,1,1,0,0,success,success
balance,balance,target_diagonal_primary,242,507,1,1,0,0,success,success
balance,balance,target_diagonal_primary,242,508,1,1,0,0,success,success
balance,balance,target_diagonal_primary,242,509,1,1,0,0,success,success
balance,balance,target_diagonal_primary,242,510,1,1,0,0,success,success
balance,balance,target_diagonal_primary,242,511,1,1,0,0,success,success
balance,D0,d0_sanity,242,0,0,0,1,1,non_lateral_balance_or_phase,non_lateral_high_cbf_demand
balance,D0,d0_sanity,242,1,0,0,1,1,non_lateral_high_cbf_demand,non_lateral_high_cbf_demand
balance,D0,d0_sanity,242,2,1,1,0,0,success,success
balance,D0,d0_sanity,242,3,1,1,0,0,success,success
balance,D0,d0_sanity,242,4,1,1,0,0,success,success
balance,D0,d0_sanity,242,5,1,1,0,0,success,success
balance,D0,d0_sanity,242,6,1,1,0,0,success,success
balance,D0,d0_sanity,242,7,1,1,0,0,success,success
balance,D0,d0_sanity,242,8,1,1,0,0,success,success
balance,D0,d0_sanity,242,9,1,1,0,0,success,success
balance,D0,d0_sanity,242,10,1,1,0,0,success,success
balance,D0,d0_sanity,242,11,1,1,0,0,success,success
balance,D0,d0_sanity,242,12,1,1,0,0,success,success
balance,D0,d0_sanity,242,13,1,1,0,0,success,success
balance,D0,d0_sanity,242,14,1,1,0,0,success,success
balance,D0,d0_sanity,242,15,1,1,0,0,success,success
balance,D0,d0_sanity,242,16,1,1,0,0,success,success
balance,D0,d0_sanity,242,17,1,1,0,0,success,success
balance,D0,d0_sanity,242,18,1,1,0,0,success,success
balance,D0,d0_sanity,242,19,1,1,0,0,success,success
balance,D0,d0_sanity,242,20,1,1,0,0,success,success
balance,D0,d0_sanity,242,21,1,1,0,0,success,success
balance,D0,d0_sanity,242,22,1,1,0,0,success,success
balance,D0,d0_sanity,242,23,1,1,0,0,success,success
balance,D0,d0_sanity,242,24,1,1,0,0,success,success
balance,D0,d0_sanity,242,25,1,1,0,0,success,success
balance,D0,d0_sanity,242,26,1,1,0,0,success,success
balance,D0,d0_sanity,242,27,1,1,0,0,success,success
balance,D0,d0_sanity,242,28,1,1,0,0,success,success
balance,D0,d0_sanity,242,29,1,1,0,0,success,success
balance,D0,d0_sanity,242,30,1,1,0,0,success,success
balance,D0,d0_sanity,242,31,1,1,0,0,success,success
balance,D0,d0_sanity,242,32,1,1,0,0,success,success
balance,D0,d0_sanity,242,33,1,1,0,0,success,success
balance,D0,d0_sanity,242,34,1,1,0,0,success,success
balance,D0,d0_sanity,242,35,1,1,0,0,success,success
balance,D0,d0_sanity,242,36,1,1,0,0,success,success
balance,D0,d0_sanity,242,37,1,1,0,0,success,success
balance,D0,d0_sanity,242,38,1,1,0,0,success,success
balance,D0,d0_sanity,242,39,1,1,0,0,success,success
balance,D0,d0_sanity,242,40,1,1,0,0,success,success
balance,D0,d0_sanity,242,41,1,1,0,0,success,success
balance,D0,d0_sanity,242,42,1,1,0,0,success,success
balance,D0,d0_sanity,242,43,1,1,0,0,success,success
balance,D0,d0_sanity,242,44,1,1,0,0,success,success
balance,D0,d0_sanity,242,45,1,1,0,0,success,success
balance,D0,d0_sanity,242,46,1,1,0,0,success,success
balance,D0,d0_sanity,242,47,1,1,0,0,success,success
balance,D0,d0_sanity,242,48,1,1,0,0,success,success
balance,D0,d0_sanity,242,49,1,1,0,0,success,success
balance,D0,d0_sanity,242,50,1,1,0,0,success,success
balance,D0,d0_sanity,242,51,1,1,0,0,success,success
balance,D0,d0_sanity,242,52,1,1,0,0,success,success
balance,D0,d0_sanity,242,53,1,1,0,0,success,success
balance,D0,d0_sanity,242,54,1,1,0,0,success,success
balance,D0,d0_sanity,242,55,1,1,0,0,success,success
balance,D0,d0_sanity,242,56,1,1,0,0,success,success
balance,D0,d0_sanity,242,57,1,1,0,0,success,success
balance,D0,d0_sanity,242,58,1,1,0,0,success,success
balance,D0,d0_sanity,242,59,1,1,0,0,success,success
balance,D0,d0_sanity,242,60,1,1,0,0,success,success
balance,D0,d0_sanity,242,61,1,1,0,0,success,success
balance,D0,d0_sanity,242,62,1,1,0,0,success,success
balance,D0,d0_sanity,242,63,1,1,0,0,success,success
balance,D0,d0_sanity,242,64,1,1,0,0,success,success
balance,D0,d0_sanity,242,65,1,1,0,0,success,success
balance,D0,d0_sanity,242,66,1,1,0,0,success,success
balance,D0,d0_sanity,242,67,1,1,0,0,success,success
balance,D0,d0_sanity,242,68,1,1,0,0,success,success
balance,D0,d0_sanity,242,69,1,1,0,0,success,success
balance,D0,d0_sanity,242,70,1,1,0,0,success,success
balance,D0,d0_sanity,242,71,1,1,0,0,success,success
balance,D0,d0_sanity,242,72,1,1,0,0,success,success
balance,D0,d0_sanity,242,73,1,1,0,0,success,success
balance,D0,d0_sanity,242,74,1,1,0,0,success,success
balance,D0,d0_sanity,242,75,1,1,0,0,success,success
balance,D0,d0_sanity,242,76,1,1,0,0,success,success
balance,D0,d0_sanity,242,77,1,1,0,0,success,success
balance,D0,d0_sanity,242,78,1,1,0,0,success,success
balance,D0,d0_sanity,242,79,1,1,0,0,success,success
balance,D0,d0_sanity,242,80,1,1,0,0,success,success
balance,D0,d0_sanity,242,81,1,1,0,0,success,success
balance,D0,d0_sanity,242,82,1,1,0,0,success,success
balance,D0,d0_sanity,242,83,1,1,0,0,success,success
balance,D0,d0_sanity,242,84,1,1,0,0,success,success
balance,D0,d0_sanity,242,85,1,1,0,0,success,success
balance,D0,d0_sanity,242,86,1,1,0,0,success,success
balance,D0,d0_sanity,242,87,1,1,0,0,success,success
balance,D0,d0_sanity,242,88,1,1,0,0,success,success
balance,D0,d0_sanity,242,89,1,1,0,0,success,success
balance,D0,d0_sanity,242,90,1,1,0,0,success,success
balance,D0,d0_sanity,242,91,1,1,0,0,success,success
balance,D0,d0_sanity,242,92,1,1,0,0,success,success
balance,D0,d0_sanity,242,93,1,1,0,0,success,success
balance,D0,d0_sanity,242,94,1,1,0,0,success,success
balance,D0,d0_sanity,242,95,1,1,0,0,success,success
balance,D0,d0_sanity,242,96,1,1,0,0,success,success
balance,D0,d0_sanity,242,97,1,1,0,0,success,success
balance,D0,d0_sanity,242,98,1,1,0,0,success,success
balance,D0,d0_sanity,242,99,1,1,0,0,success,success
balance,D0,d0_sanity,242,100,1,1,0,0,success,success
balance,D0,d0_sanity,242,101,1,1,0,0,success,success
balance,D0,d0_sanity,242,102,1,1,0,0,success,success
balance,D0,d0_sanity,242,103,1,1,0,0,success,success
balance,D0,d0_sanity,242,104,1,1,0,0,success,success
balance,D0,d0_sanity,242,105,1,1,0,0,success,success
balance,D0,d0_sanity,242,106,1,1,0,0,success,success
balance,D0,d0_sanity,242,107,1,1,0,0,success,success
balance,D0,d0_sanity,242,108,1,1,0,0,success,success
balance,D0,d0_sanity,242,109,1,1,0,0,success,success
balance,D0,d0_sanity,242,110,1,1,0,0,success,success
balance,D0,d0_sanity,242,111,1,1,0,0,success,success
balance,D0,d0_sanity,242,112,1,1,0,0,success,success
balance,D0,d0_sanity,242,113,1,1,0,0,success,success
balance,D0,d0_sanity,242,114,1,1,0,0,success,success
balance,D0,d0_sanity,242,115,1,1,0,0,success,success
balance,D0,d0_sanity,242,116,1,1,0,0,success,success
balance,D0,d0_sanity,242,117,1,1,0,0,success,success
balance,D0,d0_sanity,242,118,1,1,0,0,success,success
balance,D0,d0_sanity,242,119,1,1,0,0,success,success
balance,D0,d0_sanity,242,120,1,1,0,0,success,success
balance,D0,d0_sanity,242,121,1,1,0,0,success,success
balance,D0,d0_sanity,242,122,1,0,0,1,success,lateral_heading_drift
balance,D0,d0_sanity,242,123,0,1,0,0,timeout_or_other_nonfall,success
balance,D0,d0_sanity,242,124,0,0,0,0,timeout_or_other_nonfall,timeout_or_other_nonfall
balance,D0,d0_sanity,242,125,0,0,0,0,timeout_or_other_nonfall,timeout_or_other_nonfall
balance,D0,d0_sanity,242,126,0,0,0,0,timeout_or_other_nonfall,timeout_or_other_nonfall
balance,D0,d0_sanity,242,127,0,0,0,0,timeout_or_other_nonfall,timeout_or_other_nonfall
balance,D0,d0_sanity,242,128,0,0,1,1,non_lateral_balance_or_phase,non_lateral_balance_or_phase
balance,D0,d0_sanity,242,129,1,0,0,1,success,non_lateral_high_cbf_demand
balance,D0,d0_sanity,242,130,1,1,0,0,success,success
balance,D0,d0_sanity,242,131,1,0,0,1,success,non_lateral_balance_or_phase
balance,D0,d0_sanity,242,132,1,1,0,0,success,success
balance,D0,d0_sanity,242,133,1,1,0,0,success,success
balance,D0,d0_sanity,242,134,1,1,0,0,success,success
balance,D0,d0_sanity,242,135,1,1,0,0,success,success
balance,D0,d0_sanity,242,136,1,1,0,0,success,success
balance,D0,d0_sanity,242,137,1,1,0,0,success,success
balance,D0,d0_sanity,242,138,1,1,0,0,success,success
balance,D0,d0_sanity,242,139,1,1,0,0,success,success
balance,D0,d0_sanity,242,140,1,1,0,0,success,success
balance,D0,d0_sanity,242,141,1,1,0,0,success,success
balance,D0,d0_sanity,242,142,1,1,0,0,success,success
balance,D0,d0_sanity,242,143,1,1,0,0,success,success
balance,D0,d0_sanity,242,144,1,1,0,0,success,success
balance,D0,d0_sanity,242,145,1,1,0,0,success,success
balance,D0,d0_sanity,242,146,1,1,0,0,success,success
balance,D0,d0_sanity,242,147,1,1,0,0,success,success
balance,D0,d0_sanity,242,148,1,1,0,0,success,success
balance,D0,d0_sanity,242,149,1,1,0,0,success,success
balance,D0,d0_sanity,242,150,1,1,0,0,success,success
balance,D0,d0_sanity,242,151,1,1,0,0,success,success
balance,D0,d0_sanity,242,152,1,1,0,0,success,success
balance,D0,d0_sanity,242,153,1,1,0,0,success,success
balance,D0,d0_sanity,242,154,1,1,0,0,success,success
balance,D0,d0_sanity,242,155,1,1,0,0,success,success
balance,D0,d0_sanity,242,156,1,1,0,0,success,success
balance,D0,d0_sanity,242,157,1,1,0,0,success,success
balance,D0,d0_sanity,242,158,1,1,0,0,success,success
balance,D0,d0_sanity,242,159,1,1,0,0,success,success
balance,D0,d0_sanity,242,160,1,1,0,0,success,success
balance,D0,d0_sanity,242,161,1,1,0,0,success,success
balance,D0,d0_sanity,242,162,1,1,0,0,success,success
balance,D0,d0_sanity,242,163,1,1,0,0,success,success
balance,D0,d0_sanity,242,164,1,1,0,0,success,success
balance,D0,d0_sanity,242,165,1,1,0,0,success,success
balance,D0,d0_sanity,242,166,1,1,0,0,success,success
balance,D0,d0_sanity,242,167,1,1,0,0,success,success
balance,D0,d0_sanity,242,168,1,1,0,0,success,success
balance,D0,d0_sanity,242,169,1,1,0,0,success,success
balance,D0,d0_sanity,242,170,1,1,0,0,success,success
balance,D0,d0_sanity,242,171,1,1,0,0,success,success
balance,D0,d0_sanity,242,172,1,1,0,0,success,success
balance,D0,d0_sanity,242,173,1,1,0,0,success,success
balance,D0,d0_sanity,242,174,1,1,0,0,success,success
balance,D0,d0_sanity,242,175,1,1,0,0,success,success
balance,D0,d0_sanity,242,176,1,1,0,0,success,success
balance,D0,d0_sanity,242,177,1,1,0,0,success,success
balance,D0,d0_sanity,242,178,1,1,0,0,success,success
balance,D0,d0_sanity,242,179,1,1,0,0,success,success
balance,D0,d0_sanity,242,180,1,1,0,0,success,success
balance,D0,d0_sanity,242,181,1,1,0,0,success,success
balance,D0,d0_sanity,242,182,1,1,0,0,success,success
balance,D0,d0_sanity,242,183,1,1,0,0,success,success
balance,D0,d0_sanity,242,184,1,1,0,0,success,success
balance,D0,d0_sanity,242,185,1,1,0,0,success,success
balance,D0,d0_sanity,242,186,1,1,0,0,success,success
balance,D0,d0_sanity,242,187,1,1,0,0,success,success
balance,D0,d0_sanity,242,188,1,1,0,0,success,success
balance,D0,d0_sanity,242,189,1,1,0,0,success,success
balance,D0,d0_sanity,242,190,1,1,0,0,success,success
balance,D0,d0_sanity,242,191,1,1,0,0,success,success
balance,D0,d0_sanity,242,192,1,1,0,0,success,success
balance,D0,d0_sanity,242,193,1,1,0,0,success,success
balance,D0,d0_sanity,242,194,1,1,0,0,success,success
balance,D0,d0_sanity,242,195,1,1,0,0,success,success
balance,D0,d0_sanity,242,196,1,1,0,0,success,success
balance,D0,d0_sanity,242,197,1,1,0,0,success,success
balance,D0,d0_sanity,242,198,1,1,0,0,success,success
balance,D0,d0_sanity,242,199,1,1,0,0,success,success
balance,D0,d0_sanity,242,200,1,1,0,0,success,success
balance,D0,d0_sanity,242,201,1,1,0,0,success,success
balance,D0,d0_sanity,242,202,1,1,0,0,success,success
balance,D0,d0_sanity,242,203,1,1,0,0,success,success
balance,D0,d0_sanity,242,204,1,1,0,0,success,success
balance,D0,d0_sanity,242,205,1,1,0,0,success,success
balance,D0,d0_sanity,242,206,1,1,0,0,success,success
balance,D0,d0_sanity,242,207,1,1,0,0,success,success
balance,D0,d0_sanity,242,208,1,1,0,0,success,success
balance,D0,d0_sanity,242,209,1,1,0,0,success,success
balance,D0,d0_sanity,242,210,1,1,0,0,success,success
balance,D0,d0_sanity,242,211,1,1,0,0,success,success
balance,D0,d0_sanity,242,212,1,1,0,0,success,success
balance,D0,d0_sanity,242,213,1,1,0,0,success,success
balance,D0,d0_sanity,242,214,1,1,0,0,success,success
balance,D0,d0_sanity,242,215,1,1,0,0,success,success
balance,D0,d0_sanity,242,216,1,1,0,0,success,success
balance,D0,d0_sanity,242,217,1,1,0,0,success,success
balance,D0,d0_sanity,242,218,1,1,0,0,success,success
balance,D0,d0_sanity,242,219,1,1,0,0,success,success
balance,D0,d0_sanity,242,220,1,1,0,0,success,success
balance,D0,d0_sanity,242,221,1,1,0,0,success,success
balance,D0,d0_sanity,242,222,1,1,0,0,success,success
balance,D0,d0_sanity,242,223,1,1,0,0,success,success
balance,D0,d0_sanity,242,224,1,1,0,0,success,success
balance,D0,d0_sanity,242,225,1,1,0,0,success,success
balance,D0,d0_sanity,242,226,1,1,0,0,success,success
balance,D0,d0_sanity,242,227,1,1,0,0,success,success
balance,D0,d0_sanity,242,228,1,1,0,0,success,success
balance,D0,d0_sanity,242,229,1,1,0,0,success,success
balance,D0,d0_sanity,242,230,1,1,0,0,success,success
balance,D0,d0_sanity,242,231,1,1,0,0,success,success
balance,D0,d0_sanity,242,232,1,1,0,0,success,success
balance,D0,d0_sanity,242,233,1,1,0,0,success,success
balance,D0,d0_sanity,242,234,1,1,0,0,success,success
balance,D0,d0_sanity,242,235,1,1,0,0,success,success
balance,D0,d0_sanity,242,236,1,1,0,0,success,success
balance,D0,d0_sanity,242,237,1,1,0,0,success,success
balance,D0,d0_sanity,242,238,1,1,0,0,success,success
balance,D0,d0_sanity,242,239,1,1,0,0,success,success
balance,D0,d0_sanity,242,240,1,1,0,0,success,success
balance,D0,d0_sanity,242,241,1,1,0,0,success,success
balance,D0,d0_sanity,242,242,1,1,0,0,success,success
balance,D0,d0_sanity,242,243,1,1,0,0,success,success
balance,D0,d0_sanity,242,244,0,1,0,0,timeout_or_other_nonfall,success
balance,D0,d0_sanity,242,245,0,1,0,0,timeout_or_other_nonfall,success
balance,D0,d0_sanity,242,246,0,1,0,0,timeout_or_other_nonfall,success
balance,D0,d0_sanity,242,247,0,1,0,0,timeout_or_other_nonfall,success
balance,D0,d0_sanity,242,248,0,1,0,0,timeout_or_other_nonfall,success
balance,D0,d0_sanity,242,249,0,0,0,0,timeout_or_other_nonfall,timeout_or_other_nonfall
balance,D0,d0_sanity,242,250,0,0,0,0,timeout_or_other_nonfall,timeout_or_other_nonfall
balance,D0,d0_sanity,242,251,0,0,0,0,timeout_or_other_nonfall,timeout_or_other_nonfall
balance,D0,d0_sanity,242,252,0,0,0,0,timeout_or_other_nonfall,timeout_or_other_nonfall
balance,D0,d0_sanity,242,253,0,0,0,0,timeout_or_other_nonfall,timeout_or_other_nonfall
balance,D0,d0_sanity,242,254,0,0,0,0,timeout_or_other_nonfall,timeout_or_other_nonfall
balance,D0,d0_sanity,242,255,0,0,0,0,timeout_or_other_nonfall,timeout_or_other_nonfall
