kind,context,schedule,absolute_round,actor_gradient_norm,actor_learning_rate,actor_loss,behavior_approx_kl,cbf_intervention_count,cbf_intervention_per_completed_riser,clip_fraction,context_assignment_json,continuation_round,critic_learning_rate,integrity_checks_json,mean_cbf_correction_norm,mean_policy_to_target_distance_after_update,mean_policy_to_target_distance_before_update,moving_forward_kl,rollout_context_metrics_json,rollout_fall_rate,rollout_mean_reached_riser,rollout_mean_return,rollout_success_rate,round_end_actor_sha256,round_start_actor_sha256,teacher_loss,teacher_transition_count,teacher_weight_sum,value_loss
continuation,F1,LongConstant,9,25.756128311157227,5e-06,0.015204400406219065,0.0008087096503004432,7892,7.355079217148183,0.17071533203125,"{""F1"":64}",1,0.0001,"{""actor_optimizer_steps"":true,""behavior_distribution_parameters"":true,""behavior_log_prob"":true,""critic_optimizer_steps"":true,""finite_core_metrics"":true,""no_KL_or_performance_gate"":true,""raw_action_storage"":true,""safe_action_execution_routing"":true,""teacher_reprojection"":true}",0.596275806427002,0.1522980034351349,0.15254606306552887,0.0007011097623035312,"{""F1"":{""episode_count"":133,""fall_rate"":0.2706766917293233,""mean_reached_riser"":8.06766917293233,""mean_return"":-5.120472522606527,""success_rate"":0.7293233082706767}}",0.2706766917293233,8.06766917293233,-5.120472522606527,0.7293233082706767,f904a80267c78da04fc15e6aba02f34b6210df1e8243f9b2c12a84501a3e2a94,adeb5c6c0afc9d58b7881636e51c3970f91cacefd981eaba3634f413f8866f60,0.014694657525978982,7892.0,7707.2470703125,0.4590795934200287
continuation,F1,LongConstant,10,20.594472885131836,5e-06,0.014802228019107133,0.0009070503292605281,7675,7.1930646672914715,0.1517181396484375,"{""F1"":64}",2,0.0001,"{""actor_optimizer_steps"":true,""behavior_distribution_parameters"":true,""behavior_log_prob"":true,""critic_optimizer_steps"":true,""finite_core_metrics"":true,""no_KL_or_performance_gate"":true,""raw_action_storage"":true,""safe_action_execution_routing"":true,""teacher_reprojection"":true}",0.5930574536323547,0.15090258419513702,0.1514817178249359,0.0006382714491337538,"{""F1"":{""episode_count"":130,""fall_rate"":0.2692307692307692,""mean_reached_riser"":8.207692307692307,""mean_return"":-5.059036344748277,""success_rate"":0.7307692307692307}}",0.2692307692307692,8.207692307692307,-5.059036344748277,0.7307692307692307,083ed8e8d7487d071c721816c3c5243ac0d0912c2db9fbe48f3667ef64e54bf8,f904a80267c78da04fc15e6aba02f34b6210df1e8243f9b2c12a84501a3e2a94,0.014408216928131878,7675.0,7507.234375,0.37827203422784805
continuation,F1,LongConstant,11,30.41817283630371,5e-06,0.01572725607547909,0.0007579752127639949,8326,8.44421906693712,0.1163330078125,"{""F1"":64}",3,0.0001,"{""actor_optimizer_steps"":true,""behavior_distribution_parameters"":true,""behavior_log_prob"":true,""critic_optimizer_steps"":true,""finite_core_metrics"":true,""no_KL_or_performance_gate"":true,""raw_action_storage"":true,""safe_action_execution_routing"":true,""teacher_reprojection"":true}",0.6133173704147339,0.15613101422786713,0.15662714838981628,0.0005217813886702061,"{""F1"":{""episode_count"":131,""fall_rate"":0.3893129770992366,""mean_reached_riser"":7.526717557251908,""mean_return"":-6.632044076919556,""success_rate"":0.6106870229007634}}",0.3893129770992366,7.526717557251908,-6.632044076919556,0.6106870229007634,67ec311a35e9f24e272ea59aac8d78246784c349af8ab920fc75cf36d5d1780a,083ed8e8d7487d071c721816c3c5243ac0d0912c2db9fbe48f3667ef64e54bf8,0.015144460136070848,8326.0,8146.0849609375,0.4433978199958801
continuation,F1,LongConstant,12,23.339244842529297,5e-06,0.014937728410586715,0.00101405568420887,7928,7.500473036896878,0.157501220703125,"{""F1"":64}",4,0.0001,"{""actor_optimizer_steps"":true,""behavior_distribution_parameters"":true,""behavior_log_prob"":true,""critic_optimizer_steps"":true,""finite_core_metrics"":true,""no_KL_or_performance_gate"":true,""raw_action_storage"":true,""safe_action_execution_routing"":true,""teacher_reprojection"":true}",0.6035865545272827,0.1533697247505188,0.15384292602539062,0.0006825633463449776,"{""F1"":{""episode_count"":128,""fall_rate"":0.234375,""mean_reached_riser"":8.2578125,""mean_return"":-4.8236470222473145,""success_rate"":0.765625}}",0.234375,8.2578125,-4.8236470222473145,0.765625,9161e5508e096216e3cc3b858fd79f66ed69db19f2256702e93e83f89b4ab722,67ec311a35e9f24e272ea59aac8d78246784c349af8ab920fc75cf36d5d1780a,0.0147894051624462,7928.0,7771.8994140625,0.37305185198783875
continuation,F1,LongConstant,13,25.315980911254883,5e-06,0.01533199509140104,0.0007551658782176673,7833,7.192837465564739,0.104461669921875,"{""F1"":64}",5,0.0001,"{""actor_optimizer_steps"":true,""behavior_distribution_parameters"":true,""behavior_log_prob"":true,""critic_optimizer_steps"":true,""finite_core_metrics"":true,""no_KL_or_performance_gate"":true,""raw_action_storage"":true,""safe_action_execution_routing"":true,""teacher_reprojection"":true}",0.5975366830825806,0.15258648991584778,0.15277869999408722,0.0005486973677761853,"{""F1"":{""episode_count"":133,""fall_rate"":0.24812030075187969,""mean_reached_riser"":8.18796992481203,""mean_return"":-4.749714064418821,""success_rate"":0.7518796992481203}}",0.24812030075187969,8.18796992481203,-4.749714064418821,0.7518796992481203,2f17b0e30b1305989781e69c5d5e502ecb84a227c44095c21e327f86a8ed43bd,9161e5508e096216e3cc3b858fd79f66ed69db19f2256702e93e83f89b4ab722,0.014649022021330893,7833.0,7654.2470703125,0.4211021400988102
continuation,F1,LongConstant,14,24.756011962890625,5e-06,0.015072524198330939,0.0007771638920530677,7736,7.424184261036468,0.115142822265625,"{""F1"":64}",6,0.0001,"{""actor_optimizer_steps"":true,""behavior_distribution_parameters"":true,""behavior_log_prob"":true,""critic_optimizer_steps"":true,""finite_core_metrics"":true,""no_KL_or_performance_gate"":true,""raw_action_storage"":true,""safe_action_execution_routing"":true,""teacher_reprojection"":true}",0.6094553470611572,0.15531352162361145,0.15559087693691254,0.0005420189118012786,"{""F1"":{""episode_count"":125,""fall_rate"":0.256,""mean_reached_riser"":8.336,""mean_return"":-4.87033321762085,""success_rate"":0.744}}",0.256,8.336,-4.87033321762085,0.744,4c9a04bff566e0b1e7f5946eb46b6fc62f8c9cd97c69358e9c13e5302854d2bb,2f17b0e30b1305989781e69c5d5e502ecb84a227c44095c21e327f86a8ed43bd,0.01489478477742523,7736.0,7571.0703125,0.28468410298228264
continuation,F1,LongConstant,15,20.360029220581055,5e-06,0.015089216292835772,0.0006669748108834028,7954,7.405959031657356,0.1339874267578125,"{""F1"":64}",7,0.0001,"{""actor_optimizer_steps"":true,""behavior_distribution_parameters"":true,""behavior_log_prob"":true,""critic_optimizer_steps"":true,""finite_core_metrics"":true,""no_KL_or_performance_gate"":true,""raw_action_storage"":true,""safe_action_execution_routing"":true,""teacher_reprojection"":true}",0.6058031320571899,0.1545952409505844,0.15491840243339539,0.0005828517023473978,"{""F1"":{""episode_count"":130,""fall_rate"":0.25384615384615383,""mean_reached_riser"":8.261538461538462,""mean_return"":-5.3449624611781195,""success_rate"":0.7461538461538462}}",0.25384615384615383,8.261538461538462,-5.3449624611781195,0.7461538461538462,88d8e76dc378036f687af1151caf506de5426e6100c37691ce87ccbe0a292040,4c9a04bff566e0b1e7f5946eb46b6fc62f8c9cd97c69358e9c13e5302854d2bb,0.01493999280501157,7954.0,7771.53515625,0.3537146970629692
continuation,F1,LongConstant,16,24.171533584594727,5e-06,0.014965768554247916,0.0005180059233680367,8080,7.622641509433962,0.112823486328125,"{""F1"":64}",8,0.0001,"{""actor_optimizer_steps"":true,""behavior_distribution_parameters"":true,""behavior_log_prob"":true,""critic_optimizer_steps"":true,""finite_core_metrics"":true,""no_KL_or_performance_gate"":true,""raw_action_storage"":true,""safe_action_execution_routing"":true,""teacher_reprojection"":true}",0.6017772555351257,0.15331532061100006,0.154044508934021,0.0005270711844787002,"{""F1"":{""episode_count"":129,""fall_rate"":0.27906976744186046,""mean_reached_riser"":8.217054263565892,""mean_return"":-5.271675024845804,""success_rate"":0.7209302325581395}}",0.27906976744186046,8.217054263565892,-5.271675024845804,0.7209302325581395,911418d7c347163f18872a0e117744157da4accd9a5c2cb1a51fa8a6ea0be2dc,88d8e76dc378036f687af1151caf506de5426e6100c37691ce87ccbe0a292040,0.01472521887626499,8080.0,7886.1884765625,0.25347439758479595
continuation,F1,LongConstant,17,26.098554611206055,5e-06,0.014740382437594235,0.000776051077991724,7969,7.633141762452107,0.12542724609375,"{""F1"":64}",9,0.0001,"{""actor_optimizer_steps"":true,""behavior_distribution_parameters"":true,""behavior_log_prob"":true,""critic_optimizer_steps"":true,""finite_core_metrics"":true,""no_KL_or_performance_gate"":true,""raw_action_storage"":true,""safe_action_execution_routing"":true,""teacher_reprojection"":true}",0.5998081564903259,0.15285754203796387,0.1531982421875,0.0005690222606062889,"{""F1"":{""episode_count"":129,""fall_rate"":0.29457364341085274,""mean_reached_riser"":8.093023255813954,""mean_return"":-5.523332776949387,""success_rate"":0.7054263565891473}}",0.29457364341085274,8.093023255813954,-5.523332776949387,0.7054263565891473,977d80125bba9107e8880c550e0f7031cc20f43b7a3344a512d07112c6938a90,911418d7c347163f18872a0e117744157da4accd9a5c2cb1a51fa8a6ea0be2dc,0.014567144797183573,7969.0,7795.478515625,0.2452716026455164
continuation,F1,LongConstant,18,26.933338165283203,5e-06,0.01489606499671936,0.0010164413833990693,7760,7.54863813229572,0.140167236328125,"{""F1"":64}",10,0.0001,"{""actor_optimizer_steps"":true,""behavior_distribution_parameters"":true,""behavior_log_prob"":true,""critic_optimizer_steps"":true,""finite_core_metrics"":true,""no_KL_or_performance_gate"":true,""raw_action_storage"":true,""safe_action_execution_routing"":true,""teacher_reprojection"":true}",0.5908891558647156,0.15081439912319183,0.15114283561706543,0.000600990082602948,"{""F1"":{""episode_count"":132,""fall_rate"":0.32575757575757575,""mean_reached_riser"":7.787878787878788,""mean_return"":-5.323718280503244,""success_rate"":0.6742424242424242}}",0.32575757575757575,7.787878787878788,-5.323718280503244,0.6742424242424242,ebcbbdb2eac05ae70043c1afc28c3b9886db886bc9b58df56db9c3fde568088f,977d80125bba9107e8880c550e0f7031cc20f43b7a3344a512d07112c6938a90,0.014410379808396101,7760.0,7579.7099609375,0.2760305888950825
continuation,F1,LongConstant,19,23.079450607299805,5e-06,0.015145920566283166,0.0006182602955959737,8286,8.076023391812866,0.13592529296875,"{""F1"":64}",11,0.0001,"{""actor_optimizer_steps"":true,""behavior_distribution_parameters"":true,""behavior_log_prob"":true,""critic_optimizer_steps"":true,""finite_core_metrics"":true,""no_KL_or_performance_gate"":true,""raw_action_storage"":true,""safe_action_execution_routing"":true,""teacher_reprojection"":true}",0.6117758750915527,0.1557619422674179,0.1562601923942566,0.0005860567325726151,"{""F1"":{""episode_count"":129,""fall_rate"":0.3023255813953488,""mean_reached_riser"":7.953488372093023,""mean_return"":-6.176337460214778,""success_rate"":0.6976744186046512}}",0.3023255813953488,7.953488372093023,-6.176337460214778,0.6976744186046512,64f5145e54c344ed5334df092533044c8fbd08f6d043fb31dbdeff705a8c48d1,ebcbbdb2eac05ae70043c1afc28c3b9886db886bc9b58df56db9c3fde568088f,0.015143283060751855,8286.0,8105.04296875,0.3631082959473133
continuation,F1,LongConstant,20,22.497285842895508,5e-06,0.015457942034117877,0.0006036879494786263,7810,7.244897959183674,0.116790771484375,"{""F1"":64}",12,0.0001,"{""actor_optimizer_steps"":true,""behavior_distribution_parameters"":true,""behavior_log_prob"":true,""critic_optimizer_steps"":true,""finite_core_metrics"":true,""no_KL_or_performance_gate"":true,""raw_action_storage"":true,""safe_action_execution_routing"":true,""teacher_reprojection"":true}",0.6158658862113953,0.15684783458709717,0.15733857452869415,0.0005478610401041806,"{""F1"":{""episode_count"":130,""fall_rate"":0.2076923076923077,""mean_reached_riser"":8.292307692307693,""mean_return"":-4.867079522059514,""success_rate"":0.7923076923076923}}",0.2076923076923077,8.292307692307693,-4.867079522059514,0.7923076923076923,83fb1dec2fde4f3d8cb8066fabbee76fff95a508b04eede9dcdb311187a79b42,64f5145e54c344ed5334df092533044c8fbd08f6d043fb31dbdeff705a8c48d1,0.015373155009001493,7810.0,7637.90966796875,0.3938780799508095
continuation,F1,LongConstant,21,23.366374969482422,5e-06,0.014798530493862927,0.0007083128439262509,7994,7.527306967984934,0.1291656494140625,"{""F1"":64}",13,0.0001,"{""actor_optimizer_steps"":true,""behavior_distribution_parameters"":true,""behavior_log_prob"":true,""critic_optimizer_steps"":true,""finite_core_metrics"":true,""no_KL_or_performance_gate"":true,""raw_action_storage"":true,""safe_action_execution_routing"":true,""teacher_reprojection"":true}",0.5892990231513977,0.14983540773391724,0.15040671825408936,0.0005655813729390502,"{""F1"":{""episode_count"":130,""fall_rate"":0.3,""mean_reached_riser"":8.169230769230769,""mean_return"":-5.900417093130258,""success_rate"":0.7}}",0.3,8.169230769230769,-5.900417093130258,0.7,0d59ca85657eb258631f8dd3a7dd1f56103ede469da8f3d72ad498d68bde077a,83fb1dec2fde4f3d8cb8066fabbee76fff95a508b04eede9dcdb311187a79b42,0.014369111391715705,7994.0,7825.16943359375,0.29453760758042336
continuation,F1,LongConstant,22,19.519887924194336,5e-06,0.014371058903634548,0.0007499188650399446,7739,7.24625468164794,0.1377410888671875,"{""F1"":64}",14,0.0001,"{""actor_optimizer_steps"":true,""behavior_distribution_parameters"":true,""behavior_log_prob"":true,""critic_optimizer_steps"":true,""finite_core_metrics"":true,""no_KL_or_performance_gate"":true,""raw_action_storage"":true,""safe_action_execution_routing"":true,""teacher_reprojection"":true}",0.5838695168495178,0.14875280857086182,0.14933517575263977,0.0005975247477181256,"{""F1"":{""episode_count"":128,""fall_rate"":0.203125,""mean_reached_riser"":8.34375,""mean_return"":-4.281979829072952,""success_rate"":0.796875}}",0.203125,8.34375,-4.281979829072952,0.796875,9276db08d56f465133de9187fb21948978741fe97465addb96556085053e9d67,0d59ca85657eb258631f8dd3a7dd1f56103ede469da8f3d72ad498d68bde077a,0.01419295638334006,7739.0,7558.99609375,0.23910572938621044
continuation,F1,LongConstant,23,21.654550552368164,5e-06,0.014517357223667204,0.0008457946823909879,7547,6.975046210720887,0.1858062744140625,"{""F1"":64}",15,0.0001,"{""actor_optimizer_steps"":true,""behavior_distribution_parameters"":true,""behavior_log_prob"":true,""critic_optimizer_steps"":true,""finite_core_metrics"":true,""no_KL_or_performance_gate"":true,""raw_action_storage"":true,""safe_action_execution_routing"":true,""teacher_reprojection"":true}",0.5920939445495605,0.15046073496341705,0.15098606050014496,0.0007672685896977782,"{""F1"":{""episode_count"":130,""fall_rate"":0.19230769230769232,""mean_reached_riser"":8.323076923076924,""mean_return"":-4.351339584130507,""success_rate"":0.8076923076923077}}",0.19230769230769232,8.323076923076924,-4.351339584130507,0.8076923076923077,37dc101a902ebcffcd449aca2c955663e5a87bfeebbc55a669fc281bf7d46129,9276db08d56f465133de9187fb21948978741fe97465addb96556085053e9d67,0.014313135296106339,7547.0,7394.44921875,0.28384318202733994
continuation,F1,LongConstant,24,21.758031845092773,5e-06,0.01508773904060945,0.0008720774203538895,7914,7.410112359550562,0.13134765625,"{""F1"":64}",16,0.0001,"{""actor_optimizer_steps"":true,""behavior_distribution_parameters"":true,""behavior_log_prob"":true,""critic_optimizer_steps"":true,""finite_core_metrics"":true,""no_KL_or_performance_gate"":true,""raw_action_storage"":true,""safe_action_execution_routing"":true,""teacher_reprojection"":true}",0.6033114790916443,0.15376321971416473,0.15406671166419983,0.0005793502787128091,"{""F1"":{""episode_count"":129,""fall_rate"":0.2868217054263566,""mean_reached_riser"":8.279069767441861,""mean_return"":-5.834402938221777,""success_rate"":0.7131782945736435}}",0.2868217054263566,8.279069767441861,-5.834402938221777,0.7131782945736435,6ec59d1e8c9d5f977d24c3195e0c014287bbedc4b30c55238dea45a1f75983eb,37dc101a902ebcffcd449aca2c955663e5a87bfeebbc55a669fc281bf7d46129,0.014777357457205653,7914.0,7742.96484375,0.32984424009919167
continuation,F1,LongDecay,9,26.030935287475586,5e-06,0.015361620229668915,0.0009128031088039279,7783,7.31484962406015,0.1550140380859375,"{""F1"":64}",1,0.0001,"{""actor_optimizer_steps"":true,""behavior_distribution_parameters"":true,""behavior_log_prob"":true,""critic_optimizer_steps"":true,""finite_core_metrics"":true,""no_KL_or_performance_gate"":true,""raw_action_storage"":true,""safe_action_execution_routing"":true,""teacher_reprojection"":true}",0.6044475436210632,0.15436124801635742,0.1549326330423355,0.0006497493013739586,"{""F1"":{""episode_count"":127,""fall_rate"":0.1968503937007874,""mean_reached_riser"":8.377952755905511,""mean_return"":-4.153211627419539,""success_rate"":0.8031496062992126}}",0.1968503937007874,8.377952755905511,-4.153211627419539,0.8031496062992126,cd2b400d6805e4f61c007d014e03872130cc511c8f895a4d1cc28a89bea0a88a,adeb5c6c0afc9d58b7881636e51c3970f91cacefd981eaba3634f413f8866f60,0.014997657970525324,7783.0,7585.931640625,0.40512634813785553
continuation,F1,LongDecay,10,22.060810089111328,5e-06,0.01608755113556981,0.0008022284600883722,8242,8.017509727626459,0.1245574951171875,"{""F1"":64}",2,0.0001,"{""actor_optimizer_steps"":true,""behavior_distribution_parameters"":true,""behavior_log_prob"":true,""critic_optimizer_steps"":true,""finite_core_metrics"":true,""no_KL_or_performance_gate"":true,""raw_action_storage"":true,""safe_action_execution_routing"":true,""teacher_reprojection"":true}",0.630655825138092,0.16101934015750885,0.16118356585502625,0.0005609611980617046,"{""F1"":{""episode_count"":131,""fall_rate"":0.3893129770992366,""mean_reached_riser"":7.847328244274809,""mean_return"":-7.115382154479281,""success_rate"":0.6106870229007634}}",0.3893129770992366,7.847328244274809,-7.115382154479281,0.6106870229007634,089b30a0b1dc05b8c51d9f5f323f5cac1eefd00c7fdd80b28e6fd63399577ff8,cd2b400d6805e4f61c007d014e03872130cc511c8f895a4d1cc28a89bea0a88a,0.015928454231470823,8242.0,8057.03173828125,0.44206974655389786
continuation,F1,LongDecay,11,21.4827880859375,5e-06,0.014378273510374129,0.0008640397572889924,7702,7.225140712945591,0.1706695556640625,"{""F1"":64}",3,0.0001,"{""actor_optimizer_steps"":true,""behavior_distribution_parameters"":true,""behavior_log_prob"":true,""critic_optimizer_steps"":true,""finite_core_metrics"":true,""no_KL_or_performance_gate"":true,""raw_action_storage"":true,""safe_action_execution_routing"":true,""teacher_reprojection"":true}",0.5882146954536438,0.1497582495212555,0.15035031735897064,0.0007233830401673913,"{""F1"":{""episode_count"":131,""fall_rate"":0.25190839694656486,""mean_reached_riser"":8.13740458015267,""mean_return"":-4.612951447945515,""success_rate"":0.7480916030534351}}",0.25190839694656486,8.13740458015267,-4.612951447945515,0.7480916030534351,52545e6ef314024bd16f9dfa6c08d6dcf7b95909f6cd3369325deb1f9b9a19a3,089b30a0b1dc05b8c51d9f5f323f5cac1eefd00c7fdd80b28e6fd63399577ff8,0.014157308265566826,7702.0,7528.28369140625,0.2681651823222637
continuation,F1,LongDecay,12,28.50728416442871,5e-06,0.015397748444229364,0.0007176595972850919,8128,7.763132760267431,0.111114501953125,"{""F1"":64}",4,0.0001,"{""actor_optimizer_steps"":true,""behavior_distribution_parameters"":true,""behavior_log_prob"":true,""critic_optimizer_steps"":true,""finite_core_metrics"":true,""no_KL_or_performance_gate"":true,""raw_action_storage"":true,""safe_action_execution_routing"":true,""teacher_reprojection"":true}",0.598439633846283,0.15279756486415863,0.15289492905139923,0.0005049738101661205,"{""F1"":{""episode_count"":129,""fall_rate"":0.29457364341085274,""mean_reached_riser"":8.116279069767442,""mean_return"":-5.911130618679431,""success_rate"":0.7054263565891473}}",0.29457364341085274,8.116279069767442,-5.911130618679431,0.7054263565891473,c1bfca9ff1e011a57fb0de0941ee06354b47921ebc476b2d03c9db63536cbb43,52545e6ef314024bd16f9dfa6c08d6dcf7b95909f6cd3369325deb1f9b9a19a3,0.014677552389912307,8128.0,7948.361328125,0.33295654505491257
continuation,F1,LongDecay,13,22.923561096191406,5e-06,0.015485462616197765,0.0007588696316815913,8066,7.503255813953488,0.1231536865234375,"{""F1"":64}",5,0.0001,"{""actor_optimizer_steps"":true,""behavior_distribution_parameters"":true,""behavior_log_prob"":true,""critic_optimizer_steps"":true,""finite_core_metrics"":true,""no_KL_or_performance_gate"":true,""raw_action_storage"":true,""safe_action_execution_routing"":true,""teacher_reprojection"":true}",0.611039400100708,0.1559346616268158,0.15626436471939087,0.0005585709004662931,"{""F1"":{""episode_count"":132,""fall_rate"":0.3106060606060606,""mean_reached_riser"":8.143939393939394,""mean_return"":-5.946459253629048,""success_rate"":0.6893939393939394}}",0.3106060606060606,8.143939393939394,-5.946459253629048,0.6893939393939394,edba906dee9241e904f41b0391b4c86f62b6d626e8edb68005bee322329b07c2,c1bfca9ff1e011a57fb0de0941ee06354b47921ebc476b2d03c9db63536cbb43,0.015187963610514998,8066.0,7880.05517578125,0.3643748089671135
continuation,F1,LongDecay,14,23.68208122253418,5e-06,0.014789462380576879,0.0008960984414443374,7974,7.487323943661972,0.13873291015625,"{""F1"":64}",6,0.0001,"{""actor_optimizer_steps"":true,""behavior_distribution_parameters"":true,""behavior_log_prob"":true,""critic_optimizer_steps"":true,""finite_core_metrics"":true,""no_KL_or_performance_gate"":true,""raw_action_storage"":true,""safe_action_execution_routing"":true,""teacher_reprojection"":true}",0.5927786827087402,0.1511482149362564,0.15175005793571472,0.0005954097723588347,"{""F1"":{""episode_count"":132,""fall_rate"":0.3409090909090909,""mean_reached_riser"":8.068181818181818,""mean_return"":-5.875250671849106,""success_rate"":0.6590909090909091}}",0.3409090909090909,8.068181818181818,-5.875250671849106,0.6590909090909091,62230d6384443cecb820e267c15f944feca5d35c1d90623eca33e64b5b3b75c3,edba906dee9241e904f41b0391b4c86f62b6d626e8edb68005bee322329b07c2,0.014478044351562858,7974.0,7782.3349609375,0.2924303896725178
continuation,F1,LongDecay,15,26.520442962646484,5e-06,0.015772196813486516,0.0006870757206343114,8001,7.526810912511759,0.151123046875,"{""F1"":64}",7,0.0001,"{""actor_optimizer_steps"":true,""behavior_distribution_parameters"":true,""behavior_log_prob"":true,""critic_optimizer_steps"":true,""finite_core_metrics"":true,""no_KL_or_performance_gate"":true,""raw_action_storage"":true,""safe_action_execution_routing"":true,""teacher_reprojection"":true}",0.6212568283081055,0.15777166187763214,0.15867803990840912,0.0006407576147466898,"{""F1"":{""episode_count"":132,""fall_rate"":0.29545454545454547,""mean_reached_riser"":8.053030303030303,""mean_return"":-5.6904600389076005,""success_rate"":0.7045454545454546}}",0.29545454545454547,8.053030303030303,-5.6904600389076005,0.7045454545454546,369722109cef7832fbfca289dd557ac442d561f6a9efcb43bc7bb72dc78c3809,62230d6384443cecb820e267c15f944feca5d35c1d90623eca33e64b5b3b75c3,0.015345334657467902,8001.0,7826.97265625,0.34938568621873856
continuation,F1,LongDecay,16,23.29860496520996,5e-06,0.01406805554870516,0.0010550376027822495,7773,7.416984732824427,0.1824493408203125,"{""F1"":64}",8,0.0001,"{""actor_optimizer_steps"":true,""behavior_distribution_parameters"":true,""behavior_log_prob"":true,""critic_optimizer_steps"":true,""finite_core_metrics"":true,""no_KL_or_performance_gate"":true,""raw_action_storage"":true,""safe_action_execution_routing"":true,""teacher_reprojection"":true}",0.5783158540725708,0.14747916162014008,0.1477079838514328,0.000782398390583694,"{""F1"":{""episode_count"":128,""fall_rate"":0.2578125,""mean_reached_riser"":8.1875,""mean_return"":-4.301833841949701,""success_rate"":0.7421875}}",0.2578125,8.1875,-4.301833841949701,0.7421875,9c23419724452dec371e5a12a55cbc18438df3a34c63f81dd3c460bad0fcf87a,369722109cef7832fbfca289dd557ac442d561f6a9efcb43bc7bb72dc78c3809,0.013792188139632344,7773.0,7603.47119140625,0.24719497188925743
continuation,F1,LongDecay,17,17.16246795654297,2.5e-06,0.014846687554381788,0.0003252230817452073,8197,7.973735408560311,0.0676116943359375,"{""F1"":64}",9,5e-05,"{""actor_optimizer_steps"":true,""behavior_distribution_parameters"":true,""behavior_log_prob"":true,""critic_optimizer_steps"":true,""finite_core_metrics"":true,""no_KL_or_performance_gate"":true,""raw_action_storage"":true,""safe_action_execution_routing"":true,""teacher_reprojection"":true}",0.6118770241737366,0.15604069828987122,0.1562434732913971,0.0003727109869942069,"{""F1"":{""episode_count"":129,""fall_rate"":0.2713178294573643,""mean_reached_riser"":7.9689922480620154,""mean_return"":-5.729020233302153,""success_rate"":0.7286821705426356}}",0.2713178294573643,7.9689922480620154,-5.729020233302153,0.7286821705426356,5387b4db53976ac8f43419cf5414d8c97cc189deabe0b7285e44939c56f0e5fc,9c23419724452dec371e5a12a55cbc18438df3a34c63f81dd3c460bad0fcf87a,0.015146609162911773,8197.0,8020.7177734375,0.34288644790649414
continuation,F1,LongDecay,18,19.55868911743164,2.5e-06,0.014199189376085997,0.0004856025043409318,7745,7.369172216936251,0.0814208984375,"{""F1"":64}",10,5e-05,"{""actor_optimizer_steps"":true,""behavior_distribution_parameters"":true,""behavior_log_prob"":true,""critic_optimizer_steps"":true,""finite_core_metrics"":true,""no_KL_or_performance_gate"":true,""raw_action_storage"":true,""safe_action_execution_routing"":true,""teacher_reprojection"":true}",0.5864883065223694,0.14942622184753418,0.14998392760753632,0.0004085442633368075,"{""F1"":{""episode_count"":131,""fall_rate"":0.26717557251908397,""mean_reached_riser"":8.022900763358779,""mean_return"":-4.904112455499082,""success_rate"":0.732824427480916}}",0.26717557251908397,8.022900763358779,-4.904112455499082,0.732824427480916,9b185face04032856af1fd248953e329e312c9f71d358edbd6cbe69fd4b23bc8,5387b4db53976ac8f43419cf5414d8c97cc189deabe0b7285e44939c56f0e5fc,0.014223198872059584,7745.0,7566.6611328125,0.25114763155579567
continuation,F1,LongDecay,19,18.972780227661133,2.5e-06,0.014103535911999643,0.0004468512488529086,7712,7.200746965452848,0.0753326416015625,"{""F1"":64}",11,5e-05,"{""actor_optimizer_steps"":true,""behavior_distribution_parameters"":true,""behavior_log_prob"":true,""critic_optimizer_steps"":true,""finite_core_metrics"":true,""no_KL_or_performance_gate"":true,""raw_action_storage"":true,""safe_action_execution_routing"":true,""teacher_reprojection"":true}",0.5882702469825745,0.14981196820735931,0.1501932442188263,0.0003901383315678686,"{""F1"":{""episode_count"":130,""fall_rate"":0.25384615384615383,""mean_reached_riser"":8.238461538461538,""mean_return"":-4.732754408396207,""success_rate"":0.7461538461538462}}",0.25384615384615383,8.238461538461538,-4.732754408396207,0.7461538461538462,5aa0198a54a50dc9f9511e82bb50b18e6be61e883cfd0d068825e0d236e51c80,9b185face04032856af1fd248953e329e312c9f71d358edbd6cbe69fd4b23bc8,0.014172413852065802,7712.0,7546.578125,0.3159533403813839
continuation,F1,LongDecay,20,20.730777740478516,2.5e-06,0.014414621866308153,0.0004436062299646437,7680,7.349282296650718,0.072509765625,"{""F1"":64}",12,5e-05,"{""actor_optimizer_steps"":true,""behavior_distribution_parameters"":true,""behavior_log_prob"":true,""critic_optimizer_steps"":true,""finite_core_metrics"":true,""no_KL_or_performance_gate"":true,""raw_action_storage"":true,""safe_action_execution_routing"":true,""teacher_reprojection"":true}",0.5922331809997559,0.1505609154701233,0.15105818212032318,0.00038713024696335196,"{""F1"":{""episode_count"":129,""fall_rate"":0.26356589147286824,""mean_reached_riser"":8.10077519379845,""mean_return"":-4.996849965679553,""success_rate"":0.7364341085271318}}",0.26356589147286824,8.10077519379845,-4.996849965679553,0.7364341085271318,c86b08970c008583a37184a4e154c9bee9b24e8c5331393d29282f688a3276f3,5aa0198a54a50dc9f9511e82bb50b18e6be61e883cfd0d068825e0d236e51c80,0.014445770531892776,7680.0,7523.18408203125,0.2922753468155861
continuation,F1,LongDecay,21,15.660947799682617,1e-06,0.014691124553792179,0.00029202504083514214,8120,7.852998065764023,0.0584869384765625,"{""F1"":64}",13,2.5e-05,"{""actor_optimizer_steps"":true,""behavior_distribution_parameters"":true,""behavior_log_prob"":true,""critic_optimizer_steps"":true,""finite_core_metrics"":true,""no_KL_or_performance_gate"":true,""raw_action_storage"":true,""safe_action_execution_routing"":true,""teacher_reprojection"":true}",0.604325532913208,0.1537521481513977,0.15429352223873138,0.0003381352871656418,"{""F1"":{""episode_count"":127,""fall_rate"":0.2992125984251969,""mean_reached_riser"":8.141732283464567,""mean_return"":-6.028655179842251,""success_rate"":0.7007874015748031}}",0.2992125984251969,8.141732283464567,-6.028655179842251,0.7007874015748031,edc1811d98b6f8a6a9e6e257d85eed61aef2fce24c55bb5e4a9ca3168c0aeaee,c86b08970c008583a37184a4e154c9bee9b24e8c5331393d29282f688a3276f3,0.014956530532799661,8120.0,7946.083984375,0.3506012335419655
continuation,F1,LongDecay,22,13.599700927734375,1e-06,0.015158037189394236,0.0002468439342919737,8000,7.575757575757576,0.0460662841796875,"{""F1"":64}",14,2.5e-05,"{""actor_optimizer_steps"":true,""behavior_distribution_parameters"":true,""behavior_log_prob"":true,""critic_optimizer_steps"":true,""finite_core_metrics"":true,""no_KL_or_performance_gate"":true,""raw_action_storage"":true,""safe_action_execution_routing"":true,""teacher_reprojection"":true}",0.6228845119476318,0.15840288996696472,0.15890473127365112,0.00029842721414752305,"{""F1"":{""episode_count"":130,""fall_rate"":0.2846153846153846,""mean_reached_riser"":8.123076923076923,""mean_return"":-5.805993014115554,""success_rate"":0.7153846153846154}}",0.2846153846153846,8.123076923076923,-5.805993014115554,0.7153846153846154,1b69b2d5b09171cb5a0c08464fab84f339770aa57ca990bb47a15c486c0bcc02,edc1811d98b6f8a6a9e6e257d85eed61aef2fce24c55bb5e4a9ca3168c0aeaee,0.01549025485292077,8000.0,7835.23828125,0.4414970837533474
continuation,F1,LongDecay,23,15.004463195800781,1e-06,0.01387296081520617,0.0005214860429987311,7688,7.1716417910447765,0.1067352294921875,"{""F1"":64}",15,2.5e-05,"{""actor_optimizer_steps"":true,""behavior_distribution_parameters"":true,""behavior_log_prob"":true,""critic_optimizer_steps"":true,""finite_core_metrics"":true,""no_KL_or_performance_gate"":true,""raw_action_storage"":true,""safe_action_execution_routing"":true,""teacher_reprojection"":true}",0.5832672119140625,0.1481691151857376,0.149180069565773,0.0004794831038452685,"{""F1"":{""episode_count"":130,""fall_rate"":0.25384615384615383,""mean_reached_riser"":8.246153846153845,""mean_return"":-4.712064475279588,""success_rate"":0.7461538461538462}}",0.25384615384615383,8.246153846153845,-4.712064475279588,0.7461538461538462,fd0e3c9767aa02fa5ab835ca4f893b1f19b918ee27840447f2f094c125bfab7b,1b69b2d5b09171cb5a0c08464fab84f339770aa57ca990bb47a15c486c0bcc02,0.014097104198299348,7688.0,7509.8828125,0.27645426243543625
continuation,F1,LongDecay,24,17.461904525756836,1e-06,0.014022961142472923,0.00024076577392406762,7618,7.034164358264081,0.032958984375,"{""F1"":64}",16,2.5e-05,"{""actor_optimizer_steps"":true,""behavior_distribution_parameters"":true,""behavior_log_prob"":true,""critic_optimizer_steps"":true,""finite_core_metrics"":true,""no_KL_or_performance_gate"":true,""raw_action_storage"":true,""safe_action_execution_routing"":true,""teacher_reprojection"":true}",0.5847992897033691,0.14889807999134064,0.14937350153923035,0.00024875521194189787,"{""F1"":{""episode_count"":131,""fall_rate"":0.2595419847328244,""mean_reached_riser"":8.267175572519085,""mean_return"":-4.550960917509239,""success_rate"":0.7404580152671756}}",0.2595419847328244,8.267175572519085,-4.550960917509239,0.7404580152671756,3daf21d33c5dc6b72f54a1a55114719b73af4bfd1c5f5a5c64af7d50a425bbaf,fd0e3c9767aa02fa5ab835ca4f893b1f19b918ee27840447f2f094c125bfab7b,0.014105139882303774,7618.0,7451.484375,0.25229216180741787
continuation,F2,LongConstant,9,20.904251098632812,5e-06,0.01660021021962166,0.0013053345028311014,8435,8.494461228600201,0.1531982421875,"{""F2"":64}",1,0.0001,"{""actor_optimizer_steps"":true,""behavior_distribution_parameters"":true,""behavior_log_prob"":true,""critic_optimizer_steps"":true,""finite_core_metrics"":true,""no_KL_or_performance_gate"":true,""raw_action_storage"":true,""safe_action_execution_routing"":true,""teacher_reprojection"":true}",0.6502959728240967,0.16553078591823578,0.16595622897148132,0.0006856905529275537,"{""F2"":{""episode_count"":132,""fall_rate"":0.3787878787878788,""mean_reached_riser"":7.5227272727272725,""mean_return"":-7.6110422972476846,""success_rate"":0.6212121212121212}}",0.3787878787878788,7.5227272727272725,-7.6110422972476846,0.6212121212121212,6f2d87191cf57973ec51911d9742cc34fb3e0767dabb3776ce4af3368bd4e064,b288dee02a4b53eebb03702b1f608448e8360fc8818c9f46340fc9d73d5bb92f,0.016487738583236933,8435.0,8258.6396484375,0.6834515258669853
continuation,F2,LongConstant,10,21.049232482910156,5e-06,0.01579886139370501,0.0008955433731898665,8517,8.244917715392061,0.15655517578125,"{""F2"":64}",2,0.0001,"{""actor_optimizer_steps"":true,""behavior_distribution_parameters"":true,""behavior_log_prob"":true,""critic_optimizer_steps"":true,""finite_core_metrics"":true,""no_KL_or_performance_gate"":true,""raw_action_storage"":true,""safe_action_execution_routing"":true,""teacher_reprojection"":true}",0.6295972466468811,0.15997697412967682,0.16075226664543152,0.0006713505135849118,"{""F2"":{""episode_count"":132,""fall_rate"":0.3787878787878788,""mean_reached_riser"":7.825757575757576,""mean_return"":-8.19392530484633,""success_rate"":0.6212121212121212}}",0.3787878787878788,7.825757575757576,-8.19392530484633,0.6212121212121212,ec56fb64720ee2324e6d9c923f203c93280daf844e843c3af651a2cdfe127d8a,6f2d87191cf57973ec51911d9742cc34fb3e0767dabb3776ce4af3368bd4e064,0.015691591426730156,8517.0,8334.4970703125,0.5326793044805527
continuation,F2,LongConstant,11,19.885818481445312,5e-06,0.014289928250946105,0.0008278038585558534,8001,7.512676056338028,0.1461181640625,"{""F2"":64}",3,0.0001,"{""actor_optimizer_steps"":true,""behavior_distribution_parameters"":true,""behavior_log_prob"":true,""critic_optimizer_steps"":true,""finite_core_metrics"":true,""no_KL_or_performance_gate"":true,""raw_action_storage"":true,""safe_action_execution_routing"":true,""teacher_reprojection"":true}",0.5914415717124939,0.15044918656349182,0.15078724920749664,0.0006312563782557845,"{""F2"":{""episode_count"":133,""fall_rate"":0.2556390977443609,""mean_reached_riser"":8.007518796992482,""mean_return"":-5.160274941222112,""success_rate"":0.7443609022556391}}",0.2556390977443609,8.007518796992482,-5.160274941222112,0.7443609022556391,3cf9a859bd948e8fee0fac6c8ec6f56e57d938959d840933c5d225a00e6b9646,ec56fb64720ee2324e6d9c923f203c93280daf844e843c3af651a2cdfe127d8a,0.014264426194131374,8001.0,7841.3125,0.2879394665360451
continuation,F2,LongConstant,12,23.1286678314209,5e-06,0.014510349370539188,0.0008704257197678089,8136,7.675471698113207,0.184326171875,"{""F2"":64}",4,0.0001,"{""actor_optimizer_steps"":true,""behavior_distribution_parameters"":true,""behavior_log_prob"":true,""critic_optimizer_steps"":true,""finite_core_metrics"":true,""no_KL_or_performance_gate"":true,""raw_action_storage"":true,""safe_action_execution_routing"":true,""teacher_reprojection"":true}",0.5942934155464172,0.1512414962053299,0.15187709033489227,0.0007559691439382732,"{""F2"":{""episode_count"":130,""fall_rate"":0.27692307692307694,""mean_reached_riser"":8.153846153846153,""mean_return"":-5.653353863496047,""success_rate"":0.7230769230769231}}",0.27692307692307694,8.153846153846153,-5.653353863496047,0.7230769230769231,35f651be334597bc517805ab73e5b3e5d0313b8b00e1792fc3c9bd5f97ec278f,3cf9a859bd948e8fee0fac6c8ec6f56e57d938959d840933c5d225a00e6b9646,0.014336547232232988,8136.0,7954.2470703125,0.29851769283413887
continuation,F2,LongConstant,13,23.738231658935547,5e-06,0.015459960151929408,0.0007614270434714854,8255,7.96046287367406,0.168121337890625,"{""F2"":64}",5,0.0001,"{""actor_optimizer_steps"":true,""behavior_distribution_parameters"":true,""behavior_log_prob"":true,""critic_optimizer_steps"":true,""finite_core_metrics"":true,""no_KL_or_performance_gate"":true,""raw_action_storage"":true,""safe_action_execution_routing"":true,""teacher_reprojection"":true}",0.6149320006370544,0.15657557547092438,0.1571357250213623,0.0007062997901812196,"{""F2"":{""episode_count"":131,""fall_rate"":0.3511450381679389,""mean_reached_riser"":7.916030534351145,""mean_return"":-6.600098275046312,""success_rate"":0.648854961832061}}",0.3511450381679389,7.916030534351145,-6.600098275046312,0.648854961832061,e25010712e8532f1335fabd9682461b2b1a2fb292fa89b3263aeaaa6a454c00d,35f651be334597bc517805ab73e5b3e5d0313b8b00e1792fc3c9bd5f97ec278f,0.015302498475648463,8255.0,8071.2529296875,0.4407871291041374
continuation,F2,LongConstant,14,23.3503475189209,5e-06,0.015285653411410749,0.0005831577000208199,8527,8.144221585482331,0.132843017578125,"{""F2"":64}",6,0.0001,"{""actor_optimizer_steps"":true,""behavior_distribution_parameters"":true,""behavior_log_prob"":true,""critic_optimizer_steps"":true,""finite_core_metrics"":true,""no_KL_or_performance_gate"":true,""raw_action_storage"":true,""safe_action_execution_routing"":true,""teacher_reprojection"":true}",0.614510715007782,0.15629138052463531,0.15668036043643951,0.0005768970586359501,"{""F2"":{""episode_count"":133,""fall_rate"":0.39849624060150374,""mean_reached_riser"":7.87218045112782,""mean_return"":-7.72861499356148,""success_rate"":0.6015037593984962}}",0.39849624060150374,7.87218045112782,-7.72861499356148,0.6015037593984962,f520482417d33a05236af1eea9c2e80e4a288e3eeca0897384e8f29b69e42dad,e25010712e8532f1335fabd9682461b2b1a2fb292fa89b3263aeaaa6a454c00d,0.015152980806306005,8527.0,8356.095703125,0.3525018282234669
continuation,F2,LongConstant,15,29.311065673828125,5e-06,0.0151210343465209,0.0007899446645751595,8246,7.890909090909091,0.1762237548828125,"{""F2"":64}",7,0.0001,"{""actor_optimizer_steps"":true,""behavior_distribution_parameters"":true,""behavior_log_prob"":true,""critic_optimizer_steps"":true,""finite_core_metrics"":true,""no_KL_or_performance_gate"":true,""raw_action_storage"":true,""safe_action_execution_routing"":true,""teacher_reprojection"":true}",0.5987116098403931,0.1525454819202423,0.15335233509540558,0.0007356652640737593,"{""F2"":{""episode_count"":127,""fall_rate"":0.2440944881889764,""mean_reached_riser"":8.228346456692913,""mean_return"":-5.641948508465384,""success_rate"":0.7559055118110236}}",0.2440944881889764,8.228346456692913,-5.641948508465384,0.7559055118110236,05b41abcfd1640d4e188cf9ca27302bcf9f651d9170692190de4927ecd0ed4cf,f520482417d33a05236af1eea9c2e80e4a288e3eeca0897384e8f29b69e42dad,0.014620810397900641,8246.0,8043.30859375,0.25315877236425877
continuation,F2,LongConstant,16,28.084671020507812,5e-06,0.015491715224925429,0.000848646042868495,8388,8.03448275862069,0.1552581787109375,"{""F2"":64}",8,0.0001,"{""actor_optimizer_steps"":true,""behavior_distribution_parameters"":true,""behavior_log_prob"":true,""critic_optimizer_steps"":true,""finite_core_metrics"":true,""no_KL_or_performance_gate"":true,""raw_action_storage"":true,""safe_action_execution_routing"":true,""teacher_reprojection"":true}",0.6174883842468262,0.15704156458377838,0.15775518119335175,0.0006483743200078607,"{""F2"":{""episode_count"":131,""fall_rate"":0.32061068702290074,""mean_reached_riser"":7.969465648854962,""mean_return"":-6.665957680185333,""success_rate"":0.6793893129770993}}",0.32061068702290074,7.969465648854962,-6.665957680185333,0.6793893129770993,aed04c57fa4b3d3053f16889db35f627d5d6da9690e2991e9e75c982d23fcfe8,05b41abcfd1640d4e188cf9ca27302bcf9f651d9170692190de4927ecd0ed4cf,0.015184725285507739,8388.0,8203.0849609375,0.3573843240737915
continuation,F2,LongConstant,17,26.50739860534668,5e-06,0.014930534991435707,0.000982171157374978,8437,8.128131021194605,0.1350250244140625,"{""F2"":64}",9,0.0001,"{""actor_optimizer_steps"":true,""behavior_distribution_parameters"":true,""behavior_log_prob"":true,""critic_optimizer_steps"":true,""finite_core_metrics"":true,""no_KL_or_performance_gate"":true,""raw_action_storage"":true,""safe_action_execution_routing"":true,""teacher_reprojection"":true}",0.6052740216255188,0.15385664999485016,0.1543041467666626,0.0006007417105138302,"{""F2"":{""episode_count"":134,""fall_rate"":0.3656716417910448,""mean_reached_riser"":7.746268656716418,""mean_return"":-6.585955399185864,""success_rate"":0.6343283582089553}}",0.3656716417910448,7.746268656716418,-6.585955399185864,0.6343283582089553,5d27c228aafcdfd11fabb42fe262fffc8c6d24d451cc1373cfdbed5c24478ef4,aed04c57fa4b3d3053f16889db35f627d5d6da9690e2991e9e75c982d23fcfe8,0.014808068168349564,8437.0,8269.123046875,0.2962191738188267
continuation,F2,LongConstant,18,18.630229949951172,5e-06,0.015114660025574267,0.0008363219094462693,8564,8.330739299610896,0.1637725830078125,"{""F2"":64}",10,0.0001,"{""actor_optimizer_steps"":true,""behavior_distribution_parameters"":true,""behavior_log_prob"":true,""critic_optimizer_steps"":true,""finite_core_metrics"":true,""no_KL_or_performance_gate"":true,""raw_action_storage"":true,""safe_action_execution_routing"":true,""teacher_reprojection"":true}",0.618698000907898,0.15746554732322693,0.15770937502384186,0.00068300636485219,"{""F2"":{""episode_count"":131,""fall_rate"":0.33587786259541985,""mean_reached_riser"":7.847328244274809,""mean_return"":-6.933304393564471,""success_rate"":0.6641221374045801}}",0.33587786259541985,7.847328244274809,-6.933304393564471,0.6641221374045801,b659fc2453122d2ee1beac574bf5cf71a9121a2962337b467766b16b31d44438,5d27c228aafcdfd11fabb42fe262fffc8c6d24d451cc1373cfdbed5c24478ef4,0.015184074640274048,8564.0,8394.7861328125,0.3871467374265194
continuation,F2,LongConstant,19,21.566343307495117,5e-06,0.015921205398626626,0.0007235190132632852,8523,8.315121951219512,0.14276123046875,"{""F2"":64}",11,0.0001,"{""actor_optimizer_steps"":true,""behavior_distribution_parameters"":true,""behavior_log_prob"":true,""critic_optimizer_steps"":true,""finite_core_metrics"":true,""no_KL_or_performance_gate"":true,""raw_action_storage"":true,""safe_action_execution_routing"":true,""teacher_reprojection"":true}",0.6267697215080261,0.1594696193933487,0.16002494096755981,0.0006387642351910472,"{""F2"":{""episode_count"":129,""fall_rate"":0.3488372093023256,""mean_reached_riser"":7.945736434108527,""mean_return"":-7.392170665800109,""success_rate"":0.6511627906976745}}",0.3488372093023256,7.945736434108527,-7.392170665800109,0.6511627906976745,1d79e838ac6ad9c5d4815e45d130035f31e8f96d6e8689cee7fd042430a0ff40,b659fc2453122d2ee1beac574bf5cf71a9121a2962337b467766b16b31d44438,0.01581124123185873,8523.0,8340.6904296875,0.5855365768074989
continuation,F2,LongConstant,20,21.47998046875,5e-06,0.015136169560719281,0.0008338840561918914,8320,8.229475766567754,0.177886962890625,"{""F2"":64}",12,0.0001,"{""actor_optimizer_steps"":true,""behavior_distribution_parameters"":true,""behavior_log_prob"":true,""critic_optimizer_steps"":true,""finite_core_metrics"":true,""no_KL_or_performance_gate"":true,""raw_action_storage"":true,""safe_action_execution_routing"":true,""teacher_reprojection"":true}",0.6078237891197205,0.15388628840446472,0.1547854244709015,0.0007577348733320832,"{""F2"":{""episode_count"":129,""fall_rate"":0.37209302325581395,""mean_reached_riser"":7.837209302325581,""mean_return"":-7.042853669602741,""success_rate"":0.627906976744186}}",0.37209302325581395,7.837209302325581,-7.042853669602741,0.627906976744186,9195f404db1a74c51540cf02bfbf6c8bfa4576ad27277485d9c9330ea5e8d711,1d79e838ac6ad9c5d4815e45d130035f31e8f96d6e8689cee7fd042430a0ff40,0.014943665126338601,8320.0,8163.49267578125,0.43535567075014114
continuation,F2,LongConstant,21,19.76219940185547,5e-06,0.015613497467711568,0.0006469593499787152,8224,7.907692307692308,0.1798248291015625,"{""F2"":64}",13,0.0001,"{""actor_optimizer_steps"":true,""behavior_distribution_parameters"":true,""behavior_log_prob"":true,""critic_optimizer_steps"":true,""finite_core_metrics"":true,""no_KL_or_performance_gate"":true,""raw_action_storage"":true,""safe_action_execution_routing"":true,""teacher_reprojection"":true}",0.6220389604568481,0.15792754292488098,0.15886171162128448,0.000742795062251389,"{""F2"":{""episode_count"":131,""fall_rate"":0.29770992366412213,""mean_reached_riser"":7.938931297709924,""mean_return"":-6.473669741899912,""success_rate"":0.7022900763358778}}",0.29770992366412213,7.938931297709924,-6.473669741899912,0.7022900763358778,c0ffaff48c8b88c678ef0c00ee9bff6097b34c1ce5a1e09e505076af06b02846,9195f404db1a74c51540cf02bfbf6c8bfa4576ad27277485d9c9330ea5e8d711,0.015573062933981419,8224.0,8045.96923828125,0.4169789031147957
continuation,F2,LongConstant,22,22.628639221191406,5e-06,0.015416653943248093,0.0003625011013355106,8218,7.760151085930123,0.1465301513671875,"{""F2"":64}",14,0.0001,"{""actor_optimizer_steps"":true,""behavior_distribution_parameters"":true,""behavior_log_prob"":true,""critic_optimizer_steps"":true,""finite_core_metrics"":true,""no_KL_or_performance_gate"":true,""raw_action_storage"":true,""safe_action_execution_routing"":true,""teacher_reprojection"":true}",0.6124252676963806,0.15614338219165802,0.1566404402256012,0.0006506521604023874,"{""F2"":{""episode_count"":131,""fall_rate"":0.2824427480916031,""mean_reached_riser"":8.083969465648854,""mean_return"":-6.282866285047458,""success_rate"":0.7175572519083969}}",0.2824427480916031,8.083969465648854,-6.282866285047458,0.7175572519083969,60280ed37fc153e7f58340e10b31696fa3280c9f959b5ac0707bbf2c39f4a925,c0ffaff48c8b88c678ef0c00ee9bff6097b34c1ce5a1e09e505076af06b02846,0.015141086536459625,8218.0,8027.72314453125,0.3318764492869377
continuation,F2,LongConstant,23,23.54079818725586,5e-06,0.015748932142741978,0.0005814483156427741,8464,8.455544455544455,0.1381683349609375,"{""F2"":64}",15,0.0001,"{""actor_optimizer_steps"":true,""behavior_distribution_parameters"":true,""behavior_log_prob"":true,""critic_optimizer_steps"":true,""finite_core_metrics"":true,""no_KL_or_performance_gate"":true,""raw_action_storage"":true,""safe_action_execution_routing"":true,""teacher_reprojection"":true}",0.6189607977867126,0.1574048548936844,0.1578046679496765,0.0006042534951120615,"{""F2"":{""episode_count"":129,""fall_rate"":0.3178294573643411,""mean_reached_riser"":7.75968992248062,""mean_return"":-6.620414412298868,""success_rate"":0.6821705426356589}}",0.3178294573643411,7.75968992248062,-6.620414412298868,0.6821705426356589,b54756671fd743af420adb2d06c766f60092211ff485e45ed1aecc407285f7b3,60280ed37fc153e7f58340e10b31696fa3280c9f959b5ac0707bbf2c39f4a925,0.015304793254472315,8464.0,8295.2421875,0.36615215614438057
continuation,F2,LongConstant,24,22.134889602661133,5e-06,0.015480537083931267,0.0008451759349554777,8316,8.209279368213227,0.16802978515625,"{""F2"":64}",16,0.0001,"{""actor_optimizer_steps"":true,""behavior_distribution_parameters"":true,""behavior_log_prob"":true,""critic_optimizer_steps"":true,""finite_core_metrics"":true,""no_KL_or_performance_gate"":true,""raw_action_storage"":true,""safe_action_execution_routing"":true,""teacher_reprojection"":true}",0.6173480153083801,0.15695339441299438,0.15749242901802063,0.0007008606917224824,"{""F2"":{""episode_count"":133,""fall_rate"":0.3609022556390977,""mean_reached_riser"":7.616541353383458,""mean_return"":-6.3443037692765545,""success_rate"":0.6390977443609023}}",0.3609022556390977,7.616541353383458,-6.3443037692765545,0.6390977443609023,dfb2e01c685128fa190a11dcbd978dcdcadeeecf5ef1e287c43c462486983638,b54756671fd743af420adb2d06c766f60092211ff485e45ed1aecc407285f7b3,0.015204256167635322,8316.0,8144.76904296875,0.343791127204895
continuation,F2,LongDecay,9,22.62335968017578,5e-06,0.01631728548090905,0.0010898681357502937,8561,8.467853610286845,0.128875732421875,"{""F2"":64}",1,0.0001,"{""actor_optimizer_steps"":true,""behavior_distribution_parameters"":true,""behavior_log_prob"":true,""critic_optimizer_steps"":true,""finite_core_metrics"":true,""no_KL_or_performance_gate"":true,""raw_action_storage"":true,""safe_action_execution_routing"":true,""teacher_reprojection"":true}",0.6403226852416992,0.16281141340732574,0.163372203707695,0.0005896283546462655,"{""F2"":{""episode_count"":132,""fall_rate"":0.4090909090909091,""mean_reached_riser"":7.659090909090909,""mean_return"":-7.6320489139267895,""success_rate"":0.5909090909090909}}",0.4090909090909091,7.659090909090909,-7.6320489139267895,0.5909090909090909,f7f701588db9199fd41ff4ce04cc9f9073459091f02061c9024580ac2314efa7,b288dee02a4b53eebb03702b1f608448e8360fc8818c9f46340fc9d73d5bb92f,0.016095905797556043,8561.0,8383.830078125,0.5337380580604076
continuation,F2,LongDecay,10,21.973737716674805,5e-06,0.0161061865510419,0.0006760073592886329,8538,8.092890995260664,0.117034912109375,"{""F2"":64}",2,0.0001,"{""actor_optimizer_steps"":true,""behavior_distribution_parameters"":true,""behavior_log_prob"":true,""critic_optimizer_steps"":true,""finite_core_metrics"":true,""no_KL_or_performance_gate"":true,""raw_action_storage"":true,""safe_action_execution_routing"":true,""teacher_reprojection"":true}",0.6310131549835205,0.16072657704353333,0.16130614280700684,0.0005267364904284477,"{""F2"":{""episode_count"":132,""fall_rate"":0.3106060606060606,""mean_reached_riser"":7.992424242424242,""mean_return"":-7.16635144479347,""success_rate"":0.6893939393939394}}",0.3106060606060606,7.992424242424242,-7.16635144479347,0.6893939393939394,d57423641265847885ab836072b438e4a9107c991986ae420eac8d692626fc12,f7f701588db9199fd41ff4ce04cc9f9073459091f02061c9024580ac2314efa7,0.01589663978666067,8538.0,8345.259765625,0.4971141219139099
continuation,F2,LongDecay,11,26.985931396484375,5e-06,0.014908411423675716,0.0007562058744952083,8167,7.726584673604541,0.173919677734375,"{""F2"":64}",3,0.0001,"{""actor_optimizer_steps"":true,""behavior_distribution_parameters"":true,""behavior_log_prob"":true,""critic_optimizer_steps"":true,""finite_core_metrics"":true,""no_KL_or_performance_gate"":true,""raw_action_storage"":true,""safe_action_execution_routing"":true,""teacher_reprojection"":true}",0.5982235074043274,0.15190932154655457,0.15266969799995422,0.0007199252722784877,"{""F2"":{""episode_count"":132,""fall_rate"":0.2803030303030303,""mean_reached_riser"":8.007575757575758,""mean_return"":-5.65280612671014,""success_rate"":0.7196969696969697}}",0.2803030303030303,8.007575757575758,-5.65280612671014,0.7196969696969697,a71a6e8524baf03948413894fa1a17dae303e920d59a440ae08466ae9833da03,d57423641265847885ab836072b438e4a9107c991986ae420eac8d692626fc12,0.014518558396957815,8167.0,7995.8857421875,0.31883540749549866
continuation,F2,LongDecay,12,23.574079513549805,5e-06,0.015104581601917744,0.0005284419748932123,8360,8.326693227091633,0.1748809814453125,"{""F2"":64}",4,0.0001,"{""actor_optimizer_steps"":true,""behavior_distribution_parameters"":true,""behavior_log_prob"":true,""critic_optimizer_steps"":true,""finite_core_metrics"":true,""no_KL_or_performance_gate"":true,""raw_action_storage"":true,""safe_action_execution_routing"":true,""teacher_reprojection"":true}",0.6117727756500244,0.155473530292511,0.15593230724334717,0.0007485607056878507,"{""F2"":{""episode_count"":129,""fall_rate"":0.3488372093023256,""mean_reached_riser"":7.782945736434108,""mean_return"":-6.791551467984221,""success_rate"":0.6511627906976745}}",0.3488372093023256,7.782945736434108,-6.791551467984221,0.6511627906976745,298128cdc9192c238a11bc3140aedf4cf727152baec7326a22ac85de3e3748e5,a71a6e8524baf03948413894fa1a17dae303e920d59a440ae08466ae9833da03,0.014954790938645601,8360.0,8195.28515625,0.3092755191028118
continuation,F2,LongDecay,13,19.87897300720215,5e-06,0.014684563619084656,0.0008577860426157713,8389,8.08188824662813,0.1682281494140625,"{""F2"":64}",5,0.0001,"{""actor_optimizer_steps"":true,""behavior_distribution_parameters"":true,""behavior_log_prob"":true,""critic_optimizer_steps"":true,""finite_core_metrics"":true,""no_KL_or_performance_gate"":true,""raw_action_storage"":true,""safe_action_execution_routing"":true,""teacher_reprojection"":true}",0.5999037623405457,0.15210755169391632,0.15286579728126526,0.000719261122867465,"{""F2"":{""episode_count"":128,""fall_rate"":0.2890625,""mean_reached_riser"":8.109375,""mean_return"":-6.073562312871218,""success_rate"":0.7109375}}",0.2890625,8.109375,-6.073562312871218,0.7109375,0f8ccff895dd07e00230b15ffabcee16fb224911ab281f90046aaa6582d8a295,298128cdc9192c238a11bc3140aedf4cf727152baec7326a22ac85de3e3748e5,0.014608494588173926,8389.0,8225.787109375,0.333119984716177
continuation,F2,LongDecay,14,22.970428466796875,5e-06,0.015055642579682171,0.0007303827442228794,8354,7.971374045801527,0.1419830322265625,"{""F2"":64}",6,0.0001,"{""actor_optimizer_steps"":true,""behavior_distribution_parameters"":true,""behavior_log_prob"":true,""critic_optimizer_steps"":true,""finite_core_metrics"":true,""no_KL_or_performance_gate"":true,""raw_action_storage"":true,""safe_action_execution_routing"":true,""teacher_reprojection"":true}",0.5938873887062073,0.15116241574287415,0.15134701132774353,0.0005990625359117985,"{""F2"":{""episode_count"":130,""fall_rate"":0.3384615384615385,""mean_reached_riser"":8.061538461538461,""mean_return"":-6.639387211432823,""success_rate"":0.6615384615384615}}",0.3384615384615385,8.061538461538461,-6.639387211432823,0.6615384615384615,733cbd9621a02aed47cf132320984f04ccf2e736dabd3721d284250d90341806,0f8ccff895dd07e00230b15ffabcee16fb224911ab281f90046aaa6582d8a295,0.014460530714131892,8354.0,8190.75927734375,0.2673833388835192
continuation,F2,LongDecay,15,20.065237045288086,5e-06,0.015589548856951296,0.0008788640843704343,8131,7.788314176245211,0.1834716796875,"{""F2"":64}",7,0.0001,"{""actor_optimizer_steps"":true,""behavior_distribution_parameters"":true,""behavior_log_prob"":true,""critic_optimizer_steps"":true,""finite_core_metrics"":true,""no_KL_or_performance_gate"":true,""raw_action_storage"":true,""safe_action_execution_routing"":true,""teacher_reprojection"":true}",0.617047905921936,0.15666449069976807,0.1573452204465866,0.000757801637519151,"{""F2"":{""episode_count"":129,""fall_rate"":0.32558139534883723,""mean_reached_riser"":8.093023255813954,""mean_return"":-6.700347734052081,""success_rate"":0.6744186046511628}}",0.32558139534883723,8.093023255813954,-6.700347734052081,0.6744186046511628,8abe690bd6701331b55e46a01af317bb06ff80bff181421d1f264ca28c65581a,733cbd9621a02aed47cf132320984f04ccf2e736dabd3721d284250d90341806,0.015289623057469726,8131.0,7967.35791015625,0.46111147850751877
continuation,F2,LongDecay,16,24.277219772338867,5e-06,0.01566865190397948,0.0005880255484953523,8325,7.951289398280802,0.10174560546875,"{""F2"":64}",8,0.0001,"{""actor_optimizer_steps"":true,""behavior_distribution_parameters"":true,""behavior_log_prob"":true,""critic_optimizer_steps"":true,""finite_core_metrics"":true,""no_KL_or_performance_gate"":true,""raw_action_storage"":true,""safe_action_execution_routing"":true,""teacher_reprojection"":true}",0.6178619265556335,0.15741659700870514,0.1575865000486374,0.0005280891200527549,"{""F2"":{""episode_count"":133,""fall_rate"":0.3157894736842105,""mean_reached_riser"":7.87218045112782,""mean_return"":-6.656031931253304,""success_rate"":0.6842105263157895}}",0.3157894736842105,7.87218045112782,-6.656031931253304,0.6842105263157895,ad95cb45bdb111932f028a53126e71c00bc5734006a2dfb63e090b3408493295,8abe690bd6701331b55e46a01af317bb06ff80bff181421d1f264ca28c65581a,0.015340778976678848,8325.0,8155.3349609375,0.35257765278220177
continuation,F2,LongDecay,17,17.474557876586914,2.5e-06,0.015789453638717532,0.0006278565851971507,8397,8.481818181818182,0.087371826171875,"{""F2"":64}",9,5e-05,"{""actor_optimizer_steps"":true,""behavior_distribution_parameters"":true,""behavior_log_prob"":true,""critic_optimizer_steps"":true,""finite_core_metrics"":true,""no_KL_or_performance_gate"":true,""raw_action_storage"":true,""safe_action_execution_routing"":true,""teacher_reprojection"":true}",0.6410291194915771,0.16285189986228943,0.1632402390241623,0.000436920381616801,"{""F2"":{""episode_count"":129,""fall_rate"":0.3333333333333333,""mean_reached_riser"":7.674418604651163,""mean_return"":-7.04480483550434,""success_rate"":0.6666666666666666}}",0.3333333333333333,7.674418604651163,-7.04480483550434,0.6666666666666666,12d7313892adb5efee3d2b3011e997daecd5ff05f3c3423a8faadce7392bf187,ad95cb45bdb111932f028a53126e71c00bc5734006a2dfb63e090b3408493295,0.016045020893216133,8397.0,8239.419921875,0.4964088760316372
continuation,F2,LongDecay,18,16.538259506225586,2.5e-06,0.015607666922733188,0.0005921042757108808,8463,7.999054820415879,0.0854339599609375,"{""F2"":64}",10,5e-05,"{""actor_optimizer_steps"":true,""behavior_distribution_parameters"":true,""behavior_log_prob"":true,""critic_optimizer_steps"":true,""finite_core_metrics"":true,""no_KL_or_performance_gate"":true,""raw_action_storage"":true,""safe_action_execution_routing"":true,""teacher_reprojection"":true}",0.6367559432983398,0.16205137968063354,0.16253535449504852,0.0004299094434827566,"{""F2"":{""episode_count"":130,""fall_rate"":0.2846153846153846,""mean_reached_riser"":8.138461538461538,""mean_return"":-7.16564836868873,""success_rate"":0.7153846153846154}}",0.2846153846153846,8.138461538461538,-7.16564836868873,0.7153846153846154,d03c3b21d9a44036a6a39bad0e73b3fb9d55d4361c96d59db35baa19ea84e32d,12d7313892adb5efee3d2b3011e997daecd5ff05f3c3423a8faadce7392bf187,0.015979589661583304,8463.0,8284.267578125,0.38386185839772224
continuation,F2,LongDecay,19,20.635082244873047,2.5e-06,0.014338479842990637,0.0004917749902233481,8419,8.025738798856054,0.0971832275390625,"{""F2"":64}",11,5e-05,"{""actor_optimizer_steps"":true,""behavior_distribution_parameters"":true,""behavior_log_prob"":true,""critic_optimizer_steps"":true,""finite_core_metrics"":true,""no_KL_or_performance_gate"":true,""raw_action_storage"":true,""safe_action_execution_routing"":true,""teacher_reprojection"":true}",0.5877488851547241,0.14947594702243805,0.14998915791511536,0.000456566660432145,"{""F2"":{""episode_count"":130,""fall_rate"":0.36153846153846153,""mean_reached_riser"":8.069230769230769,""mean_return"":-6.690573054093581,""success_rate"":0.6384615384615384}}",0.36153846153846153,8.069230769230769,-6.690573054093581,0.6384615384615384,876781b37d8b238a3dcb770e28272136e60a6ebbc4f9c1701359dae2e7fc63b8,d03c3b21d9a44036a6a39bad0e73b3fb9d55d4361c96d59db35baa19ea84e32d,0.01419353426899761,8419.0,8242.861328125,0.23361851461231709
continuation,F2,LongDecay,20,20.445100784301758,2.5e-06,0.014379242726135999,0.0005312045104801655,8350,7.717190388170056,0.0612335205078125,"{""F2"":64}",12,5e-05,"{""actor_optimizer_steps"":true,""behavior_distribution_parameters"":true,""behavior_log_prob"":true,""critic_optimizer_steps"":true,""finite_core_metrics"":true,""no_KL_or_performance_gate"":true,""raw_action_storage"":true,""safe_action_execution_routing"":true,""teacher_reprojection"":true}",0.5952025651931763,0.15172716975212097,0.15210983157157898,0.000349647190887481,"{""F2"":{""episode_count"":136,""fall_rate"":0.3235294117647059,""mean_reached_riser"":7.955882352941177,""mean_return"":-6.680395873153911,""success_rate"":0.6764705882352942}}",0.3235294117647059,7.955882352941177,-6.680395873153911,0.6764705882352942,e4fa3e8ac1ee71b130d945570a38520a37dd61d6e956bc525cac2a689ae8461d,876781b37d8b238a3dcb770e28272136e60a6ebbc4f9c1701359dae2e7fc63b8,0.01449814485386014,8350.0,8163.470703125,0.3087603636085987
continuation,F2,LongDecay,21,15.100602149963379,1e-06,0.014870741870254278,0.0002859631204046309,8120,7.725975261655566,0.0360107421875,"{""F2"":64}",13,2.5e-05,"{""actor_optimizer_steps"":true,""behavior_distribution_parameters"":true,""behavior_log_prob"":true,""critic_optimizer_steps"":true,""finite_core_metrics"":true,""no_KL_or_performance_gate"":true,""raw_action_storage"":true,""safe_action_execution_routing"":true,""teacher_reprojection"":true}",0.6125978827476501,0.15606585144996643,0.15662971138954163,0.0002666856162250042,"{""F2"":{""episode_count"":131,""fall_rate"":0.3282442748091603,""mean_reached_riser"":8.022900763358779,""mean_return"":-6.518434801174484,""success_rate"":0.6717557251908397}}",0.3282442748091603,8.022900763358779,-6.518434801174484,0.6717557251908397,722d23f86ca9095ec3bc9d8e0959e8fe649a1d66ba477dc70b9dbd1e1fb01049,e4fa3e8ac1ee71b130d945570a38520a37dd61d6e956bc525cac2a689ae8461d,0.015124118304811418,8120.0,7934.537109375,0.4235593304038048
continuation,F2,LongDecay,22,14.823114395141602,1e-06,0.015058195334859192,0.00043050560634583235,8440,7.873134328358209,0.070404052734375,"{""F2"":64}",14,2.5e-05,"{""actor_optimizer_steps"":true,""behavior_distribution_parameters"":true,""behavior_log_prob"":true,""critic_optimizer_steps"":true,""finite_core_metrics"":true,""no_KL_or_performance_gate"":true,""raw_action_storage"":true,""safe_action_execution_routing"":true,""teacher_reprojection"":true}",0.6196357011795044,0.15728312730789185,0.1579723209142685,0.00037666590651497245,"{""F2"":{""episode_count"":134,""fall_rate"":0.31343283582089554,""mean_reached_riser"":8.0,""mean_return"":-6.387338969244886,""success_rate"":0.6865671641791045}}",0.31343283582089554,8.0,-6.387338969244886,0.6865671641791045,34eb7aa94ae92808c16aecba34704787103f2b8bdaccb644797478dcdf37c58b,722d23f86ca9095ec3bc9d8e0959e8fe649a1d66ba477dc70b9dbd1e1fb01049,0.015258304541930556,8440.0,8271.640625,0.36051296442747116
continuation,F2,LongDecay,23,13.585110664367676,1e-06,0.014574450789950788,0.000521753216162324,8157,7.761179828734538,0.0517730712890625,"{""F2"":64}",15,2.5e-05,"{""actor_optimizer_steps"":true,""behavior_distribution_parameters"":true,""behavior_log_prob"":true,""critic_optimizer_steps"":true,""finite_core_metrics"":true,""no_KL_or_performance_gate"":true,""raw_action_storage"":true,""safe_action_execution_routing"":true,""teacher_reprojection"":true}",0.6030693054199219,0.1534779816865921,0.15383481979370117,0.0003185297246091068,"{""F2"":{""episode_count"":127,""fall_rate"":0.29133858267716534,""mean_reached_riser"":8.275590551181102,""mean_return"":-6.580105995568704,""success_rate"":0.7086614173228346}}",0.29133858267716534,8.275590551181102,-6.580105995568704,0.7086614173228346,e2678dcffb6c61f32958eecd2179c1a69ef29574e959ed5f3c0f1a19111079b9,34eb7aa94ae92808c16aecba34704787103f2b8bdaccb644797478dcdf37c58b,0.014731796807609499,8157.0,7989.87109375,0.3466838151216507
continuation,F2,LongDecay,24,14.721946716308594,1e-06,0.014247509883716702,0.0003549337852746248,8299,8.408308004052685,0.0603790283203125,"{""F2"":64}",16,2.5e-05,"{""actor_optimizer_steps"":true,""behavior_distribution_parameters"":true,""behavior_log_prob"":true,""critic_optimizer_steps"":true,""finite_core_metrics"":true,""no_KL_or_performance_gate"":true,""raw_action_storage"":true,""safe_action_execution_routing"":true,""teacher_reprojection"":true}",0.5971770882606506,0.1517057716846466,0.15244212746620178,0.0003423688467592001,"{""F2"":{""episode_count"":128,""fall_rate"":0.3671875,""mean_reached_riser"":7.7109375,""mean_return"":-6.526314061135054,""success_rate"":0.6328125}}",0.3671875,7.7109375,-6.526314061135054,0.6328125,948b70369d3916eab493ed1ea2907b34cac451fdefcc60df83ab60fc2062f81f,e2678dcffb6c61f32958eecd2179c1a69ef29574e959ed5f3c0f1a19111079b9,0.014467822154983878,8299.0,8122.6005859375,0.27719811722636223
continuation,F3,LongConstant,9,26.71675682067871,5e-06,0.01598974340595305,0.0007469092379324138,8500,8.133971291866029,0.1638336181640625,"{""F3"":64}",1,0.0001,"{""actor_optimizer_steps"":true,""behavior_distribution_parameters"":true,""behavior_log_prob"":true,""critic_optimizer_steps"":true,""finite_core_metrics"":true,""no_KL_or_performance_gate"":true,""raw_action_storage"":true,""safe_action_execution_routing"":true,""teacher_reprojection"":true}",0.6277020573616028,0.1597338318824768,0.16046789288520813,0.0006996288429945707,"{""F3"":{""episode_count"":112,""fall_rate"":0.44642857142857145,""mean_reached_riser"":9.330357142857142,""mean_return"":-10.506831105266299,""success_rate"":0.5535714285714286}}",0.44642857142857145,9.330357142857142,-10.506831105266299,0.5535714285714286,166273b2646d7dfd91696112b0f141ff9bbbe9626f8f74962bcebce8c0e1907a,cff779ebb0816324066a9298afc7847787a1dff59a47bd18d3ad99a63ffec930,0.015593088348396122,8500.0,8307.40625,0.3628237619996071
continuation,F3,LongConstant,10,20.568546295166016,5e-06,0.016203413484618068,0.0008403672836720943,8457,8.210679611650486,0.117645263671875,"{""F3"":64}",2,0.0001,"{""actor_optimizer_steps"":true,""behavior_distribution_parameters"":true,""behavior_log_prob"":true,""critic_optimizer_steps"":true,""finite_core_metrics"":true,""no_KL_or_performance_gate"":true,""raw_action_storage"":true,""safe_action_execution_routing"":true,""teacher_reprojection"":true}",0.6464412212371826,0.1641978770494461,0.16489030420780182,0.0005429710727185011,"{""F3"":{""episode_count"":108,""fall_rate"":0.35185185185185186,""mean_reached_riser"":9.537037037037036,""mean_return"":-10.887300924018577,""success_rate"":0.6481481481481481}}",0.35185185185185186,9.537037037037036,-10.887300924018577,0.6481481481481481,adc27ab9dfbfc9d7c551fa569b1c50ec6035ca22868be0fd16c15546b4bfab24,166273b2646d7dfd91696112b0f141ff9bbbe9626f8f74962bcebce8c0e1907a,0.016353811137378216,8457.0,8284.36328125,0.6743399947881699
continuation,F3,LongConstant,11,26.865724563598633,5e-06,0.015352680464275181,0.000785651383921504,8329,7.962715105162524,0.1274871826171875,"{""F3"":64}",3,0.0001,"{""actor_optimizer_steps"":true,""behavior_distribution_parameters"":true,""behavior_log_prob"":true,""critic_optimizer_steps"":true,""finite_core_metrics"":true,""no_KL_or_performance_gate"":true,""raw_action_storage"":true,""safe_action_execution_routing"":true,""teacher_reprojection"":true}",0.6038917303085327,0.15473158657550812,0.1546841412782669,0.000558980624191463,"{""F3"":{""episode_count"":107,""fall_rate"":0.37383177570093457,""mean_reached_riser"":9.77570093457944,""mean_return"":-9.430176489821104,""success_rate"":0.6261682242990654}}",0.37383177570093457,9.77570093457944,-9.430176489821104,0.6261682242990654,d248f43183673ce6e618eff6aa24156fd915e167c8056f022be727d6011a15c4,adc27ab9dfbfc9d7c551fa569b1c50ec6035ca22868be0fd16c15546b4bfab24,0.014857808942906559,8329.0,8124.0390625,0.3041592463850975
continuation,F3,LongConstant,12,29.609577178955078,5e-06,0.016103024827316403,0.0005923847202211618,8551,8.326192794547225,0.1377410888671875,"{""F3"":64}",4,0.0001,"{""actor_optimizer_steps"":true,""behavior_distribution_parameters"":true,""behavior_log_prob"":true,""critic_optimizer_steps"":true,""finite_core_metrics"":true,""no_KL_or_performance_gate"":true,""raw_action_storage"":true,""safe_action_execution_routing"":true,""teacher_reprojection"":true}",0.6190828680992126,0.15763024985790253,0.15816105902194977,0.0006072052055969834,"{""F3"":{""episode_count"":114,""fall_rate"":0.43859649122807015,""mean_reached_riser"":9.008771929824562,""mean_return"":-9.922168694044414,""success_rate"":0.5614035087719298}}",0.43859649122807015,9.008771929824562,-9.922168694044414,0.5614035087719298,88803bb03f0fb48d56da40570c9c9f9ebf91aabffc80624931faf808b43121ef,d248f43183673ce6e618eff6aa24156fd915e167c8056f022be727d6011a15c4,0.015377171104773879,8551.0,8362.82421875,0.38420452550053596
continuation,F3,LongConstant,13,24.052305221557617,5e-06,0.015221451758407056,0.0005972837680019438,8376,8.06936416184971,0.1514892578125,"{""F3"":64}",5,0.0001,"{""actor_optimizer_steps"":true,""behavior_distribution_parameters"":true,""behavior_log_prob"":true,""critic_optimizer_steps"":true,""finite_core_metrics"":true,""no_KL_or_performance_gate"":true,""raw_action_storage"":true,""safe_action_execution_routing"":true,""teacher_reprojection"":true}",0.6097549796104431,0.15518809854984283,0.15581658482551575,0.0006449503125622869,"{""F3"":{""episode_count"":111,""fall_rate"":0.44144144144144143,""mean_reached_riser"":9.35135135135135,""mean_return"":-9.583674722963625,""success_rate"":0.5585585585585585}}",0.44144144144144143,9.35135135135135,-9.583674722963625,0.5585585585585585,e7a5bd66ae818a9853ea11027780b0df371c12be8f4707f3bbab5dbb6bb304db,88803bb03f0fb48d56da40570c9c9f9ebf91aabffc80624931faf808b43121ef,0.015053711947984993,8376.0,8189.560546875,0.29456615075469017
continuation,F3,LongConstant,14,22.524633407592773,5e-06,0.016153148957528174,0.0012579875765368342,8171,8.253535353535353,0.2167816162109375,"{""F3"":64}",6,0.0001,"{""actor_optimizer_steps"":true,""behavior_distribution_parameters"":true,""behavior_log_prob"":true,""critic_optimizer_steps"":true,""finite_core_metrics"":true,""no_KL_or_performance_gate"":true,""raw_action_storage"":true,""safe_action_execution_routing"":true,""teacher_reprojection"":true}",0.6202046871185303,0.15828359127044678,0.15853698551654816,0.0009094121633097529,"{""F3"":{""episode_count"":103,""fall_rate"":0.3786407766990291,""mean_reached_riser"":9.611650485436893,""mean_return"":-9.714352876237296,""success_rate"":0.6213592233009708}}",0.3786407766990291,9.611650485436893,-9.714352876237296,0.6213592233009708,a5a71c6c725713992691ffa9b16ef63d3783678d9995c0efa78726a6da0cf450,e7a5bd66ae818a9853ea11027780b0df371c12be8f4707f3bbab5dbb6bb304db,0.015516961575485766,8171.0,7986.85888671875,0.6457099691033363
continuation,F3,LongConstant,15,31.2012939453125,5e-06,0.015597782796248794,0.000858821498695761,8171,8.106150793650794,0.1712493896484375,"{""F3"":64}",7,0.0001,"{""actor_optimizer_steps"":true,""behavior_distribution_parameters"":true,""behavior_log_prob"":true,""critic_optimizer_steps"":true,""finite_core_metrics"":true,""no_KL_or_performance_gate"":true,""raw_action_storage"":true,""safe_action_execution_routing"":true,""teacher_reprojection"":true}",0.6022919416427612,0.15302439033985138,0.1535569280385971,0.0007042383076623082,"{""F3"":{""episode_count"":114,""fall_rate"":0.4473684210526316,""mean_reached_riser"":8.842105263157896,""mean_return"":-9.227941387578062,""success_rate"":0.5526315789473685}}",0.4473684210526316,8.842105263157896,-9.227941387578062,0.5526315789473685,c9efeda8a9ea9cb2f36f738ff2b2ab0a618a18237b960f23ab26fb0f9b4acb62,a5a71c6c725713992691ffa9b16ef63d3783678d9995c0efa78726a6da0cf450,0.014740364626049995,8171.0,8007.751953125,0.2785117030143738
continuation,F3,LongConstant,16,22.60012435913086,5e-06,0.015844167093746364,0.0007499599014408886,8536,8.818181818181818,0.166748046875,"{""F3"":64}",8,0.0001,"{""actor_optimizer_steps"":true,""behavior_distribution_parameters"":true,""behavior_log_prob"":true,""critic_optimizer_steps"":true,""finite_core_metrics"":true,""no_KL_or_performance_gate"":true,""raw_action_storage"":true,""safe_action_execution_routing"":true,""teacher_reprojection"":true}",0.6219813227653503,0.15852439403533936,0.15899373590946198,0.0007105710683390498,"{""F3"":{""episode_count"":109,""fall_rate"":0.47706422018348627,""mean_reached_riser"":8.880733944954128,""mean_return"":-10.063147431119866,""success_rate"":0.5229357798165137}}",0.47706422018348627,8.880733944954128,-10.063147431119866,0.5229357798165137,7767fa0c7219e42f54408591e2bab37fea9bfba0db42167909f41afee7681e0c,c9efeda8a9ea9cb2f36f738ff2b2ab0a618a18237b960f23ab26fb0f9b4acb62,0.015616005286574364,8536.0,8343.095703125,0.4767240546643734
continuation,F3,LongConstant,17,22.591224670410156,5e-06,0.01566728192847222,0.0008758219191804528,8368,7.916745506149479,0.12152099609375,"{""F3"":64}",9,0.0001,"{""actor_optimizer_steps"":true,""behavior_distribution_parameters"":true,""behavior_log_prob"":true,""critic_optimizer_steps"":true,""finite_core_metrics"":true,""no_KL_or_performance_gate"":true,""raw_action_storage"":true,""safe_action_execution_routing"":true,""teacher_reprojection"":true}",0.6170544028282166,0.15732508897781372,0.15778252482414246,0.0005557546392083168,"{""F3"":{""episode_count"":117,""fall_rate"":0.41025641025641024,""mean_reached_riser"":9.034188034188034,""mean_return"":-8.94440961902977,""success_rate"":0.5897435897435898}}",0.41025641025641024,9.034188034188034,-8.94440961902977,0.5897435897435898,4b4cd877a783149f3db50a027c3bb3ab41e84a64986406b08d4f4cabe68d5332,7767fa0c7219e42f54408591e2bab37fea9bfba0db42167909f41afee7681e0c,0.015279960702173412,8368.0,8176.71484375,0.2935796007514
continuation,F3,LongConstant,18,27.009748458862305,5e-06,0.01547773671336472,0.0007253966759890318,8332,7.765144454799628,0.131011962890625,"{""F3"":64}",10,0.0001,"{""actor_optimizer_steps"":true,""behavior_distribution_parameters"":true,""behavior_log_prob"":true,""critic_optimizer_steps"":true,""finite_core_metrics"":true,""no_KL_or_performance_gate"":true,""raw_action_storage"":true,""safe_action_execution_routing"":true,""teacher_reprojection"":true}",0.615180492401123,0.15638205409049988,0.15710234642028809,0.0005770947318524122,"{""F3"":{""episode_count"":116,""fall_rate"":0.4396551724137931,""mean_reached_riser"":9.25,""mean_return"":-9.212239051687307,""success_rate"":0.5603448275862069}}",0.4396551724137931,9.25,-9.212239051687307,0.5603448275862069,ee46e3bce2d21ecb7c82c59cf4495149a173906ba918cdfbdea71f2573f39c96,4b4cd877a783149f3db50a027c3bb3ab41e84a64986406b08d4f4cabe68d5332,0.015233244630508125,8332.0,8151.419921875,0.28196535259485245
continuation,F3,LongConstant,19,22.363014221191406,5e-06,0.016488097026012838,0.0008957009995356202,8454,7.9231490159325215,0.1883697509765625,"{""F3"":64}",11,0.0001,"{""actor_optimizer_steps"":true,""behavior_distribution_parameters"":true,""behavior_log_prob"":true,""critic_optimizer_steps"":true,""finite_core_metrics"":true,""no_KL_or_performance_gate"":true,""raw_action_storage"":true,""safe_action_execution_routing"":true,""teacher_reprojection"":true}",0.6359459757804871,0.16127848625183105,0.1620870977640152,0.0007943551754578948,"{""F3"":{""episode_count"":115,""fall_rate"":0.4434782608695652,""mean_reached_riser"":9.278260869565218,""mean_return"":-10.148455400052278,""success_rate"":0.5565217391304348}}",0.4434782608695652,9.278260869565218,-10.148455400052278,0.5565217391304348,bbc4926c460e4c39efef2e6c08f39a85c909643bb9cd80415132d67584a973e9,ee46e3bce2d21ecb7c82c59cf4495149a173906ba918cdfbdea71f2573f39c96,0.016071002930402756,8454.0,8287.7861328125,0.4290005825459957
continuation,F3,LongConstant,20,23.80611228942871,5e-06,0.015365391271188855,0.000796750420704484,8277,7.86787072243346,0.1622772216796875,"{""F3"":64}",12,0.0001,"{""actor_optimizer_steps"":true,""behavior_distribution_parameters"":true,""behavior_log_prob"":true,""critic_optimizer_steps"":true,""finite_core_metrics"":true,""no_KL_or_performance_gate"":true,""raw_action_storage"":true,""safe_action_execution_routing"":true,""teacher_reprojection"":true}",0.612642228603363,0.1563202291727066,0.1570361852645874,0.0006745151476934552,"{""F3"":{""episode_count"":117,""fall_rate"":0.42735042735042733,""mean_reached_riser"":8.991452991452991,""mean_return"":-9.210480836721567,""success_rate"":0.5726495726495726}}",0.42735042735042733,8.991452991452991,-9.210480836721567,0.5726495726495726,7a12957d9422fb8ce4ef8bfedb9263644ee63044ab910ce00b82c3f8353d1e16,bbc4926c460e4c39efef2e6c08f39a85c909643bb9cd80415132d67584a973e9,0.015174593776464462,8277.0,8067.1162109375,0.3003524988889694
continuation,F3,LongConstant,21,24.01995849609375,5e-06,0.015331633272580802,0.0007573656621389091,8184,7.75,0.1300811767578125,"{""F3"":64}",13,0.0001,"{""actor_optimizer_steps"":true,""behavior_distribution_parameters"":true,""behavior_log_prob"":true,""critic_optimizer_steps"":true,""finite_core_metrics"":true,""no_KL_or_performance_gate"":true,""raw_action_storage"":true,""safe_action_execution_routing"":true,""teacher_reprojection"":true}",0.6127036213874817,0.15627944469451904,0.15660284459590912,0.0005670493701472878,"{""F3"":{""episode_count"":110,""fall_rate"":0.39090909090909093,""mean_reached_riser"":9.6,""mean_return"":-9.19938363161954,""success_rate"":0.6090909090909091}}",0.39090909090909093,9.6,-9.19938363161954,0.6090909090909091,9d42286dd85a0fafa697bcd44061bcf90398ff571f6da8ac2715c9824a7c6465,7a12957d9422fb8ce4ef8bfedb9263644ee63044ab910ce00b82c3f8353d1e16,0.015214111423119903,8184.0,7999.71728515625,0.31237345933914185
continuation,F3,LongConstant,22,20.101871490478516,5e-06,0.015619640005752444,0.0008597848936915398,8348,7.912796208530806,0.1963958740234375,"{""F3"":64}",14,0.0001,"{""actor_optimizer_steps"":true,""behavior_distribution_parameters"":true,""behavior_log_prob"":true,""critic_optimizer_steps"":true,""finite_core_metrics"":true,""no_KL_or_performance_gate"":true,""raw_action_storage"":true,""safe_action_execution_routing"":true,""teacher_reprojection"":true}",0.6190097332000732,0.15816690027713776,0.15817005932331085,0.0008678485755808651,"{""F3"":{""episode_count"":113,""fall_rate"":0.45132743362831856,""mean_reached_riser"":9.336283185840708,""mean_return"":-10.116077790218117,""success_rate"":0.5486725663716814}}",0.45132743362831856,9.336283185840708,-10.116077790218117,0.5486725663716814,961fab4590344e5e64273083948de3d43ccc514165df949d512761a00e58ee2f,9d42286dd85a0fafa697bcd44061bcf90398ff571f6da8ac2715c9824a7c6465,0.015351632377132773,8348.0,8162.7099609375,0.48067810013890266
continuation,F3,LongConstant,23,18.748281478881836,5e-06,0.015318561461754143,0.0007301366422325373,8347,7.896877956480606,0.161590576171875,"{""F3"":64}",15,0.0001,"{""actor_optimizer_steps"":true,""behavior_distribution_parameters"":true,""behavior_log_prob"":true,""critic_optimizer_steps"":true,""finite_core_metrics"":true,""no_KL_or_performance_gate"":true,""raw_action_storage"":true,""safe_action_execution_routing"":true,""teacher_reprojection"":true}",0.6103910207748413,0.15562030673027039,0.15600788593292236,0.0006987929809838533,"{""F3"":{""episode_count"":113,""fall_rate"":0.4336283185840708,""mean_reached_riser"":9.353982300884956,""mean_return"":-9.62485140403815,""success_rate"":0.5663716814159292}}",0.4336283185840708,9.353982300884956,-9.62485140403815,0.5663716814159292,f1ae41c5ca3a7227a7a690da8b6c7a278d4226c28db157babf4324332e824e6e,961fab4590344e5e64273083948de3d43ccc514165df949d512761a00e58ee2f,0.01518554356880486,8347.0,8159.19287109375,0.5058959871530533
continuation,F3,LongConstant,24,23.509410858154297,5e-06,0.015113593661226332,0.0006701154634356499,8255,7.531934306569343,0.1493682861328125,"{""F3"":64}",16,0.0001,"{""actor_optimizer_steps"":true,""behavior_distribution_parameters"":true,""behavior_log_prob"":true,""critic_optimizer_steps"":true,""finite_core_metrics"":true,""no_KL_or_performance_gate"":true,""raw_action_storage"":true,""safe_action_execution_routing"":true,""teacher_reprojection"":true}",0.6100081205368042,0.15562863647937775,0.15610623359680176,0.0006587733514606953,"{""F3"":{""episode_count"":115,""fall_rate"":0.40869565217391307,""mean_reached_riser"":9.530434782608696,""mean_return"":-9.462165264461351,""success_rate"":0.591304347826087}}",0.40869565217391307,9.530434782608696,-9.462165264461351,0.591304347826087,aaa59460d9c093a3729391a025b97b342b82fa1a31e205102692dfb3dfd2f4eb,f1ae41c5ca3a7227a7a690da8b6c7a278d4226c28db157babf4324332e824e6e,0.014959871536120772,8255.0,8059.40283203125,0.2592199072241783
continuation,F3,LongDecay,9,24.305599212646484,5e-06,0.015275260200724006,0.0007187466253526509,8398,8.233333333333333,0.11126708984375,"{""F3"":64}",1,0.0001,"{""actor_optimizer_steps"":true,""behavior_distribution_parameters"":true,""behavior_log_prob"":true,""critic_optimizer_steps"":true,""finite_core_metrics"":true,""no_KL_or_performance_gate"":true,""raw_action_storage"":true,""safe_action_execution_routing"":true,""teacher_reprojection"":true}",0.611646294593811,0.15581393241882324,0.1563624143600464,0.0005007184809073806,"{""F3"":{""episode_count"":111,""fall_rate"":0.4594594594594595,""mean_reached_riser"":9.18918918918919,""mean_return"":-9.837498188018799,""success_rate"":0.5405405405405406}}",0.4594594594594595,9.18918918918919,-9.837498188018799,0.5405405405405406,f65d0f01e6c881a7446cfc7e32b94c769489ff90bb5975e3a1e60dbd11b1444b,cff779ebb0816324066a9298afc7847787a1dff59a47bd18d3ad99a63ffec930,0.015116042224690318,8398.0,8207.7421875,0.3552044928073883
continuation,F3,LongDecay,10,21.06661033630371,5e-06,0.016070469981059432,0.0010439706966280937,8329,7.864966949952786,0.1239776611328125,"{""F3"":64}",2,0.0001,"{""actor_optimizer_steps"":true,""behavior_distribution_parameters"":true,""behavior_log_prob"":true,""critic_optimizer_steps"":true,""finite_core_metrics"":true,""no_KL_or_performance_gate"":true,""raw_action_storage"":true,""safe_action_execution_routing"":true,""teacher_reprojection"":true}",0.6335974931716919,0.16150090098381042,0.1620154231786728,0.0005921142874285579,"{""F3"":{""episode_count"":114,""fall_rate"":0.43859649122807015,""mean_reached_riser"":9.289473684210526,""mean_return"":-10.23760870046783,""success_rate"":0.5614035087719298}}",0.43859649122807015,9.289473684210526,-10.23760870046783,0.5614035087719298,5209630b1a7ad95b6932f7a1d6f169a91428ff674e880df8d78b8551ec0c3b6b,f65d0f01e6c881a7446cfc7e32b94c769489ff90bb5975e3a1e60dbd11b1444b,0.01594372163526714,8329.0,8138.37548828125,0.550115317106247
continuation,F3,LongDecay,11,21.759227752685547,5e-06,0.015064699458889663,0.0009631823631934822,8368,7.9543726235741445,0.1408233642578125,"{""F3"":64}",3,0.0001,"{""actor_optimizer_steps"":true,""behavior_distribution_parameters"":true,""behavior_log_prob"":true,""critic_optimizer_steps"":true,""finite_core_metrics"":true,""no_KL_or_performance_gate"":true,""raw_action_storage"":true,""safe_action_execution_routing"":true,""teacher_reprojection"":true}",0.6013748645782471,0.1536608785390854,0.15388119220733643,0.0006150868139229715,"{""F3"":{""episode_count"":111,""fall_rate"":0.4144144144144144,""mean_reached_riser"":9.477477477477477,""mean_return"":-9.320409435409683,""success_rate"":0.5855855855855856}}",0.4144144144144144,9.477477477477477,-9.320409435409683,0.5855855855855856,96c570c4baba3bd08c5df6d258644c5d2b5b75b557ace1fb29171dbd1f1e1dd4,5209630b1a7ad95b6932f7a1d6f169a91428ff674e880df8d78b8551ec0c3b6b,0.01471441623289138,8368.0,8170.3818359375,0.3282098285853863
continuation,F3,LongDecay,12,21.896915435791016,5e-06,0.015434329048730433,0.0007445600349456072,8036,7.832358674463937,0.1337127685546875,"{""F3"":64}",4,0.0001,"{""actor_optimizer_steps"":true,""behavior_distribution_parameters"":true,""behavior_log_prob"":true,""critic_optimizer_steps"":true,""finite_core_metrics"":true,""no_KL_or_performance_gate"":true,""raw_action_storage"":true,""safe_action_execution_routing"":true,""teacher_reprojection"":true}",0.6132348775863647,0.15615501999855042,0.156498521566391,0.0005806703120470047,"{""F3"":{""episode_count"":107,""fall_rate"":0.35514018691588783,""mean_reached_riser"":9.588785046728972,""mean_return"":-8.85641002209387,""success_rate"":0.6448598130841121}}",0.35514018691588783,9.588785046728972,-8.85641002209387,0.6448598130841121,931f892c59f0166a00fb7418d90ca43fc1e7ac29827180ebbaafb611c4c74b2d,96c570c4baba3bd08c5df6d258644c5d2b5b75b557ace1fb29171dbd1f1e1dd4,0.015024290420114994,8036.0,7867.7333984375,0.326470285654068
continuation,F3,LongDecay,13,24.13173484802246,5e-06,0.015412391629070044,0.000516531930770725,8048,7.217937219730942,0.1484527587890625,"{""F3"":64}",5,0.0001,"{""actor_optimizer_steps"":true,""behavior_distribution_parameters"":true,""behavior_log_prob"":true,""critic_optimizer_steps"":true,""finite_core_metrics"":true,""no_KL_or_performance_gate"":true,""raw_action_storage"":true,""safe_action_execution_routing"":true,""teacher_reprojection"":true}",0.6163784861564636,0.15611447393894196,0.1568964570760727,0.0006470986409112811,"{""F3"":{""episode_count"":118,""fall_rate"":0.3898305084745763,""mean_reached_riser"":9.44915254237288,""mean_return"":-9.008014323347705,""success_rate"":0.6101694915254238}}",0.3898305084745763,9.44915254237288,-9.008014323347705,0.6101694915254238,f57e2bfad397280b63753e4742d65026bbe74abd290b9e04d97e93169ec8a5d9,931f892c59f0166a00fb7418d90ca43fc1e7ac29827180ebbaafb611c4c74b2d,0.015117358765564859,8048.0,7900.1552734375,0.27869613096117973
continuation,F3,LongDecay,14,19.9167423248291,5e-06,0.015479530906304717,0.0006989925168454647,8454,8.345508390918065,0.116607666015625,"{""F3"":64}",6,0.0001,"{""actor_optimizer_steps"":true,""behavior_distribution_parameters"":true,""behavior_log_prob"":true,""critic_optimizer_steps"":true,""finite_core_metrics"":true,""no_KL_or_performance_gate"":true,""raw_action_storage"":true,""safe_action_execution_routing"":true,""teacher_reprojection"":true}",0.6272048950195312,0.159761443734169,0.15998032689094543,0.0005242573097348213,"{""F3"":{""episode_count"":106,""fall_rate"":0.39622641509433965,""mean_reached_riser"":9.556603773584905,""mean_return"":-9.894248103195766,""success_rate"":0.6037735849056604}}",0.39622641509433965,9.556603773584905,-9.894248103195766,0.6037735849056604,919cb5829a8cac1f750626b8897e646a3ff3a5170f2bf3a9faf188642f6705a0,f57e2bfad397280b63753e4742d65026bbe74abd290b9e04d97e93169ec8a5d9,0.015490143210627139,8454.0,8281.7080078125,0.3977942317724228
continuation,F3,LongDecay,15,25.43037223815918,5e-06,0.015325978863984346,0.0009835860691964626,8416,8.030534351145038,0.1691131591796875,"{""F3"":64}",7,0.0001,"{""actor_optimizer_steps"":true,""behavior_distribution_parameters"":true,""behavior_log_prob"":true,""critic_optimizer_steps"":true,""finite_core_metrics"":true,""no_KL_or_performance_gate"":true,""raw_action_storage"":true,""safe_action_execution_routing"":true,""teacher_reprojection"":true}",0.60794597864151,0.1546996384859085,0.15544436872005463,0.0007027446408756077,"{""F3"":{""episode_count"":111,""fall_rate"":0.3963963963963964,""mean_reached_riser"":9.441441441441441,""mean_return"":-9.485336127581897,""success_rate"":0.6036036036036037}}",0.3963963963963964,9.441441441441441,-9.485336127581897,0.6036036036036037,cc120bebdef929557291b58d5768d434b03a387870095514025fd05523b0aeaa,919cb5829a8cac1f750626b8897e646a3ff3a5170f2bf3a9faf188642f6705a0,0.0149332694709301,8416.0,8223.814453125,0.32760534435510635
continuation,F3,LongDecay,16,27.50174903869629,5e-06,0.015270259929820895,0.0009405470918864012,7941,7.345975948196115,0.18487548828125,"{""F3"":64}",8,0.0001,"{""actor_optimizer_steps"":true,""behavior_distribution_parameters"":true,""behavior_log_prob"":true,""critic_optimizer_steps"":true,""finite_core_metrics"":true,""no_KL_or_performance_gate"":true,""raw_action_storage"":true,""safe_action_execution_routing"":true,""teacher_reprojection"":true}",0.604733407497406,0.15311522781848907,0.1542436182498932,0.000755795044824481,"{""F3"":{""episode_count"":115,""fall_rate"":0.3391304347826087,""mean_reached_riser"":9.4,""mean_return"":-8.08148896175882,""success_rate"":0.6608695652173913}}",0.3391304347826087,9.4,-8.08148896175882,0.6608695652173913,dbc8022369bdc1081d641fa1af767af7bfcb0e91493e6af0b1fea0c3bba93608,cc120bebdef929557291b58d5768d434b03a387870095514025fd05523b0aeaa,0.014707526657730341,7941.0,7778.77197265625,0.29419948905706406
continuation,F3,LongDecay,17,20.250160217285156,2.5e-06,0.015029468748252839,0.0007278895936906338,8258,8.127952755905511,0.0904693603515625,"{""F3"":64}",9,5e-05,"{""actor_optimizer_steps"":true,""behavior_distribution_parameters"":true,""behavior_log_prob"":true,""critic_optimizer_steps"":true,""finite_core_metrics"":true,""no_KL_or_performance_gate"":true,""raw_action_storage"":true,""safe_action_execution_routing"":true,""teacher_reprojection"":true}",0.6147218942642212,0.15635637938976288,0.15668714046478271,0.00044590301695279777,"{""F3"":{""episode_count"":108,""fall_rate"":0.4351851851851852,""mean_reached_riser"":9.407407407407407,""mean_return"":-9.957339013064349,""success_rate"":0.5648148148148148}}",0.4351851851851852,9.407407407407407,-9.957339013064349,0.5648148148148148,08b4421fc1ad6ff947e240ef1808c21878190ff7b454ba6af6dffaf05fe0f1d3,dbc8022369bdc1081d641fa1af767af7bfcb0e91493e6af0b1fea0c3bba93608,0.015134475659579039,8258.0,8094.98681640625,0.3216821476817131
continuation,F3,LongDecay,18,18.809045791625977,2.5e-06,0.015508574433624744,0.0006465025944635272,8163,8.106256206554121,0.085052490234375,"{""F3"":64}",10,5e-05,"{""actor_optimizer_steps"":true,""behavior_distribution_parameters"":true,""behavior_log_prob"":true,""critic_optimizer_steps"":true,""finite_core_metrics"":true,""no_KL_or_performance_gate"":true,""raw_action_storage"":true,""safe_action_execution_routing"":true,""teacher_reprojection"":true}",0.621573805809021,0.15861861407756805,0.15917566418647766,0.0004240172274876386,"{""F3"":{""episode_count"":108,""fall_rate"":0.37037037037037035,""mean_reached_riser"":9.324074074074074,""mean_return"":-7.949408495867694,""success_rate"":0.6296296296296297}}",0.37037037037037035,9.324074074074074,-7.949408495867694,0.6296296296296297,156a0c66db19fcb24f127e7f94bab23b5f0ee6ee1ded0ae25fb25e2f4d51b23f,08b4421fc1ad6ff947e240ef1808c21878190ff7b454ba6af6dffaf05fe0f1d3,0.015493796556256711,8163.0,7963.763671875,0.47209108248353004
continuation,F3,LongDecay,19,18.093870162963867,2.5e-06,0.014650511438958347,0.0003960260364692658,8184,7.287622439893143,0.1103668212890625,"{""F3"":64}",11,5e-05,"{""actor_optimizer_steps"":true,""behavior_distribution_parameters"":true,""behavior_log_prob"":true,""critic_optimizer_steps"":true,""finite_core_metrics"":true,""no_KL_or_performance_gate"":true,""raw_action_storage"":true,""safe_action_execution_routing"":true,""teacher_reprojection"":true}",0.6076809167861938,0.1544700711965561,0.1550203263759613,0.0005068221362307668,"{""F3"":{""episode_count"":117,""fall_rate"":0.452991452991453,""mean_reached_riser"":9.598290598290598,""mean_return"":-9.61484162420289,""success_rate"":0.5470085470085471}}",0.452991452991453,9.598290598290598,-9.61484162420289,0.5470085470085471,b427dde42c583d4dba5da5f486de076bb5e0fd31d2696815921acb0baa8965b5,156a0c66db19fcb24f127e7f94bab23b5f0ee6ee1ded0ae25fb25e2f4d51b23f,0.014874981949105859,8184.0,8015.66552734375,0.3434479385614395
continuation,F3,LongDecay,20,17.804969787597656,2.5e-06,0.014279703376814723,0.0005719439941458404,8071,7.975296442687747,0.1101226806640625,"{""F3"":64}",12,5e-05,"{""actor_optimizer_steps"":true,""behavior_distribution_parameters"":true,""behavior_log_prob"":true,""critic_optimizer_steps"":true,""finite_core_metrics"":true,""no_KL_or_performance_gate"":true,""raw_action_storage"":true,""safe_action_execution_routing"":true,""teacher_reprojection"":true}",0.5913861989974976,0.1502767950296402,0.15081503987312317,0.0004991130554117262,"{""F3"":{""episode_count"":106,""fall_rate"":0.3490566037735849,""mean_reached_riser"":9.547169811320755,""mean_return"":-8.110316312538004,""success_rate"":0.6509433962264151}}",0.3490566037735849,9.547169811320755,-8.110316312538004,0.6509433962264151,07a33c742e2114470e45c1381106c48e2c30a7aff20f34b401baeec4d53f05b0,b427dde42c583d4dba5da5f486de076bb5e0fd31d2696815921acb0baa8965b5,0.014296981389634311,8071.0,7907.5546875,0.24825524725019932
continuation,F3,LongDecay,21,13.432421684265137,1e-06,0.014538601273670793,0.0003553882415872067,8222,7.9210019267822736,0.0426788330078125,"{""F3"":64}",13,2.5e-05,"{""actor_optimizer_steps"":true,""behavior_distribution_parameters"":true,""behavior_log_prob"":true,""critic_optimizer_steps"":true,""finite_core_metrics"":true,""no_KL_or_performance_gate"":true,""raw_action_storage"":true,""safe_action_execution_routing"":true,""teacher_reprojection"":true}",0.6024835705757141,0.15387296676635742,0.15404357016086578,0.00029516752692870796,"{""F3"":{""episode_count"":112,""fall_rate"":0.38392857142857145,""mean_reached_riser"":9.267857142857142,""mean_return"":-8.847023186939103,""success_rate"":0.6160714285714286}}",0.38392857142857145,9.267857142857142,-8.847023186939103,0.6160714285714286,3153275caea03c0cb7773b827b925a65ca13eabe04d7baa8ba3e728ba23983ef,07a33c742e2114470e45c1381106c48e2c30a7aff20f34b401baeec4d53f05b0,0.014733619755133986,8222.0,8034.5859375,0.31156089901924133
continuation,F3,LongDecay,22,13.352968215942383,1e-06,0.014960628817789257,0.0005114800878800452,8216,8.039138943248533,0.0657501220703125,"{""F3"":64}",14,2.5e-05,"{""actor_optimizer_steps"":true,""behavior_distribution_parameters"":true,""behavior_log_prob"":true,""critic_optimizer_steps"":true,""finite_core_metrics"":true,""no_KL_or_performance_gate"":true,""raw_action_storage"":true,""safe_action_execution_routing"":true,""teacher_reprojection"":true}",0.6149961352348328,0.15623031556606293,0.15696042776107788,0.00035910255974158645,"{""F3"":{""episode_count"":110,""fall_rate"":0.41818181818181815,""mean_reached_riser"":9.290909090909091,""mean_return"":-9.497061382640492,""success_rate"":0.5818181818181818}}",0.41818181818181815,9.290909090909091,-9.497061382640492,0.5818181818181818,1e97e0c0e2d1a38127091a57104a32faee935dbecb00722e85faf8b1daffb764,3153275caea03c0cb7773b827b925a65ca13eabe04d7baa8ba3e728ba23983ef,0.015290723997168243,8216.0,8043.4365234375,0.3672076277434826
continuation,F3,LongDecay,23,14.445290565490723,1e-06,0.014806237420998514,0.00012874983076471835,8274,7.963426371511068,0.048126220703125,"{""F3"":64}",15,2.5e-05,"{""actor_optimizer_steps"":true,""behavior_distribution_parameters"":true,""behavior_log_prob"":true,""critic_optimizer_steps"":true,""finite_core_metrics"":true,""no_KL_or_performance_gate"":true,""raw_action_storage"":true,""safe_action_execution_routing"":true,""teacher_reprojection"":true}",0.6089562177658081,0.15492500364780426,0.15544141829013824,0.0002948251785710454,"{""F3"":{""episode_count"":112,""fall_rate"":0.42857142857142855,""mean_reached_riser"":9.276785714285714,""mean_return"":-9.52272332566125,""success_rate"":0.5714285714285714}}",0.42857142857142855,9.276785714285714,-9.52272332566125,0.5714285714285714,15ebfe437102e157c6984e9c8492ce652a34fd64218172534858e245fe8cb891,1e97e0c0e2d1a38127091a57104a32faee935dbecb00722e85faf8b1daffb764,0.015021396335214376,8274.0,8098.6689453125,0.28903305158019066
continuation,F3,LongDecay,24,14.421759605407715,1e-06,0.015262305620126426,0.0005504894652403891,8387,8.50608519269777,0.0622406005859375,"{""F3"":64}",16,2.5e-05,"{""actor_optimizer_steps"":true,""behavior_distribution_parameters"":true,""behavior_log_prob"":true,""critic_optimizer_steps"":true,""finite_core_metrics"":true,""no_KL_or_performance_gate"":true,""raw_action_storage"":true,""safe_action_execution_routing"":true,""teacher_reprojection"":true}",0.6186558604240417,0.1575942039489746,0.15817435085773468,0.00034755608066916466,"{""F3"":{""episode_count"":107,""fall_rate"":0.4205607476635514,""mean_reached_riser"":9.214953271028037,""mean_return"":-10.494945374604697,""success_rate"":0.5794392523364486}}",0.4205607476635514,9.214953271028037,-10.494945374604697,0.5794392523364486,7d25d98f170a2bc607aaf3c8bdb139010a681910765b082eb4cbf62aa82be10c,15ebfe437102e157c6984e9c8492ce652a34fd64218172534858e245fe8cb891,0.015475901775062084,8387.0,8195.849609375,0.3345971666276455
mixed,mixed,LongDecay,1,51.03258514404297,5e-06,0.025264834403060377,0.0026891562156379223,8301,7.700371057513915,0.3644256591796875,"{""absolute_round"":1,""context_counts"":{""F1"":22,""F2"":21,""F3"":21},""episode_context_fixed"":true,""omitted_environment_ids"":{""F1"":null,""F2"":1,""F3"":2}}",1,0.0001,"{""actor_optimizer_steps"":true,""behavior_distribution_parameters"":true,""behavior_log_prob"":true,""critic_optimizer_steps"":true,""finite_core_metrics"":true,""no_KL_or_performance_gate"":true,""raw_action_storage"":true,""safe_action_execution_routing"":true,""teacher_reprojection"":true}",0.6490186452865601,0.16575300693511963,0.16520509123802185,0.0018416560487821698,"{""F1"":{""episode_count"":47,""fall_rate"":0.2127659574468085,""mean_reached_riser"":8.23404255319149,""mean_return"":-4.525935406380511,""success_rate"":0.7872340425531915},""F2"":{""episode_count"":43,""fall_rate"":0.32558139534883723,""mean_reached_riser"":7.744186046511628,""mean_return"":-8.506818205811257,""success_rate"":0.6744186046511628},""F3"":{""episode_count"":39,""fall_rate"":0.4358974358974359,""mean_reached_riser"":9.179487179487179,""mean_return"":-10.246522279886099,""success_rate"":0.5641025641025641}}",0.3178294573643411,8.356589147286822,-7.58237609197927,0.6821705426356589,d065e2903f6d0e40d8437a95a3069541969169214d8ae77faa174a746d973f01,7afed309902a323a43b47005c01529c84160944bb8cea2c45d000b38b18cc099,0.01642848621122539,8301.0,8148.79150390625,0.7350312769412994
mixed,mixed,LongDecay,2,25.599653244018555,5e-06,0.01608670351561159,0.0008895507198758423,8184,7.69172932330827,0.164581298828125,"{""absolute_round"":2,""context_counts"":{""F1"":21,""F2"":22,""F3"":21},""episode_context_fixed"":true,""omitted_environment_ids"":{""F1"":1,""F2"":null,""F3"":3}}",2,0.0001,"{""actor_optimizer_steps"":true,""behavior_distribution_parameters"":true,""behavior_log_prob"":true,""critic_optimizer_steps"":true,""finite_core_metrics"":true,""no_KL_or_performance_gate"":true,""raw_action_storage"":true,""safe_action_execution_routing"":true,""teacher_reprojection"":true}",0.6061379909515381,0.15419869124889374,0.15492169559001923,0.0007004312938079238,"{""F1"":{""episode_count"":42,""fall_rate"":0.23809523809523808,""mean_reached_riser"":8.238095238095237,""mean_return"":-4.588833048230126,""success_rate"":0.7619047619047619},""F2"":{""episode_count"":44,""fall_rate"":0.29545454545454547,""mean_reached_riser"":8.136363636363637,""mean_return"":-6.533122485334223,""success_rate"":0.7045454545454546},""F3"":{""episode_count"":39,""fall_rate"":0.46153846153846156,""mean_reached_riser"":9.23076923076923,""mean_return"":-9.140086430769701,""success_rate"":0.5384615384615384}}",0.328,8.512,-6.693213985443116,0.672,d87b7624efcc55e6fcb29f4819005caf1df7f29de86acf6be7fd664b1c863cc7,d065e2903f6d0e40d8437a95a3069541969169214d8ae77faa174a746d973f01,0.014903769246302545,8184.0,8000.087890625,0.4709412716329098
mixed,mixed,LongDecay,3,24.56483268737793,5e-06,0.01573041407391429,0.0009392646607011557,8229,8.02046783625731,0.129638671875,"{""absolute_round"":3,""context_counts"":{""F1"":21,""F2"":21,""F3"":22},""episode_context_fixed"":true,""omitted_environment_ids"":{""F1"":2,""F2"":3,""F3"":null}}",3,0.0001,"{""actor_optimizer_steps"":true,""behavior_distribution_parameters"":true,""behavior_log_prob"":true,""critic_optimizer_steps"":true,""finite_core_metrics"":true,""no_KL_or_performance_gate"":true,""raw_action_storage"":true,""safe_action_execution_routing"":true,""teacher_reprojection"":true}",0.6128429770469666,0.15652519464492798,0.15637098252773285,0.0006258427165448666,"{""F1"":{""episode_count"":41,""fall_rate"":0.3170731707317073,""mean_reached_riser"":8.0,""mean_return"":-5.933718064936196,""success_rate"":0.6829268292682927},""F2"":{""episode_count"":43,""fall_rate"":0.32558139534883723,""mean_reached_riser"":7.767441860465116,""mean_return"":-6.759258004122002,""success_rate"":0.6744186046511628},""F3"":{""episode_count"":42,""fall_rate"":0.5,""mean_reached_riser"":8.666666666666666,""mean_return"":-9.321224598657517,""success_rate"":0.5}}",0.38095238095238093,8.142857142857142,-7.344618793517824,0.6190476190476191,1a089e5271f1b63537aa1f91936feeed5e671e842d72b0b47ba3f42c18ffa99c,d87b7624efcc55e6fcb29f4819005caf1df7f29de86acf6be7fd664b1c863cc7,0.015053955838084221,8229.0,8058.052734375,0.5181321315467358
mixed,mixed,LongDecay,4,19.806745529174805,5e-06,0.016631830018013716,0.0011055793147534132,8352,8.172211350293543,0.171875,"{""absolute_round"":4,""context_counts"":{""F1"":22,""F2"":21,""F3"":21},""episode_context_fixed"":true,""omitted_environment_ids"":{""F1"":null,""F2"":4,""F3"":5}}",4,0.0001,"{""actor_optimizer_steps"":true,""behavior_distribution_parameters"":true,""behavior_log_prob"":true,""critic_optimizer_steps"":true,""finite_core_metrics"":true,""no_KL_or_performance_gate"":true,""raw_action_storage"":true,""safe_action_execution_routing"":true,""teacher_reprojection"":true}",0.6418706178665161,0.1633162796497345,0.1636035293340683,0.0007397286244668067,"{""F1"":{""episode_count"":43,""fall_rate"":0.3488372093023256,""mean_reached_riser"":7.5813953488372094,""mean_return"":-5.884617982908737,""success_rate"":0.6511627906976745},""F2"":{""episode_count"":41,""fall_rate"":0.24390243902439024,""mean_reached_riser"":8.487804878048781,""mean_return"":-6.666945631911115,""success_rate"":0.7560975609756098},""F3"":{""episode_count"":36,""fall_rate"":0.3888888888888889,""mean_reached_riser"":9.666666666666666,""mean_return"":-11.853749367925856,""success_rate"":0.6111111111111112}}",0.325,8.516666666666667,-7.942652678489685,0.675,50f64f8f161473c2973619ff9c3223aaf2f71e49ca2a9c56836829938ae7a896,1a089e5271f1b63537aa1f91936feeed5e671e842d72b0b47ba3f42c18ffa99c,0.01623749197460711,8352.0,8187.732421875,0.96998530626297
mixed,mixed,LongDecay,5,20.021299362182617,5e-06,0.016412284690886736,0.0008704836945980787,8284,7.988428158148506,0.171417236328125,"{""absolute_round"":5,""context_counts"":{""F1"":21,""F2"":22,""F3"":21},""episode_context_fixed"":true,""omitted_environment_ids"":{""F1"":4,""F2"":null,""F3"":6}}",5,0.0001,"{""actor_optimizer_steps"":true,""behavior_distribution_parameters"":true,""behavior_log_prob"":true,""critic_optimizer_steps"":true,""finite_core_metrics"":true,""no_KL_or_performance_gate"":true,""raw_action_storage"":true,""safe_action_execution_routing"":true,""teacher_reprojection"":true}",0.6381511688232422,0.16204513609409332,0.16282206773757935,0.0006961728213354945,"{""F1"":{""episode_count"":42,""fall_rate"":0.30952380952380953,""mean_reached_riser"":7.9523809523809526,""mean_return"":-6.335491827556065,""success_rate"":0.6904761904761905},""F2"":{""episode_count"":45,""fall_rate"":0.3111111111111111,""mean_reached_riser"":7.844444444444444,""mean_return"":-7.621543025970459,""success_rate"":0.6888888888888889},""F3"":{""episode_count"":39,""fall_rate"":0.46153846153846156,""mean_reached_riser"":8.974358974358974,""mean_return"":-9.802097846300175,""success_rate"":0.5384615384615384}}",0.35714285714285715,8.23015873015873,-7.867792928029621,0.6428571428571429,4efefbd0034fab4a23a5853e1bcddf0aee0efaecef90bd9a50fe50ca5f24dff3,50f64f8f161473c2973619ff9c3223aaf2f71e49ca2a9c56836829938ae7a896,0.01603757427074015,8284.0,8112.56298828125,0.7885705158114433
mixed,mixed,LongDecay,6,18.290809631347656,5e-06,0.016145537607371807,0.0011513849021866918,8400,8.0,0.168975830078125,"{""absolute_round"":6,""context_counts"":{""F1"":21,""F2"":21,""F3"":22},""episode_context_fixed"":true,""omitted_environment_ids"":{""F1"":5,""F2"":6,""F3"":null}}",6,0.0001,"{""actor_optimizer_steps"":true,""behavior_distribution_parameters"":true,""behavior_log_prob"":true,""critic_optimizer_steps"":true,""finite_core_metrics"":true,""no_KL_or_performance_gate"":true,""raw_action_storage"":true,""safe_action_execution_routing"":true,""teacher_reprojection"":true}",0.637533962726593,0.1620427966117859,0.16255544126033783,0.0007319352589547634,"{""F1"":{""episode_count"":42,""fall_rate"":0.23809523809523808,""mean_reached_riser"":8.428571428571429,""mean_return"":-7.299745429129827,""success_rate"":0.7619047619047619},""F2"":{""episode_count"":41,""fall_rate"":0.3902439024390244,""mean_reached_riser"":7.780487804878049,""mean_return"":-8.37215929496579,""success_rate"":0.6097560975609756},""F3"":{""episode_count"":39,""fall_rate"":0.358974358974359,""mean_reached_riser"":9.666666666666666,""mean_return"":-8.567178090413412,""success_rate"":0.6410256410256411}}",0.32786885245901637,8.60655737704918,-8.065309710189945,0.6721311475409836,193c5f01fefe293abf707a790fb7d409f4d64f69d2793b6fce871b237ab15aaf,4efefbd0034fab4a23a5853e1bcddf0aee0efaecef90bd9a50fe50ca5f24dff3,0.01605137321166694,8400.0,8231.7421875,0.7767568677663803
mixed,mixed,LongDecay,7,27.488487243652344,5e-06,0.015380564262159169,0.0005674023414030671,8051,7.793804453049371,0.1171722412109375,"{""absolute_round"":7,""context_counts"":{""F1"":22,""F2"":21,""F3"":21},""episode_context_fixed"":true,""omitted_environment_ids"":{""F1"":null,""F2"":7,""F3"":8}}",7,0.0001,"{""actor_optimizer_steps"":true,""behavior_distribution_parameters"":true,""behavior_log_prob"":true,""critic_optimizer_steps"":true,""finite_core_metrics"":true,""no_KL_or_performance_gate"":true,""raw_action_storage"":true,""safe_action_execution_routing"":true,""teacher_reprojection"":true}",0.6066628098487854,0.1546001136302948,0.1545339971780777,0.0005388717399910092,"{""F1"":{""episode_count"":46,""fall_rate"":0.41304347826086957,""mean_reached_riser"":7.6521739130434785,""mean_return"":-6.509276234585306,""success_rate"":0.5869565217391305},""F2"":{""episode_count"":41,""fall_rate"":0.21951219512195122,""mean_reached_riser"":8.146341463414634,""mean_return"":-5.338308311090237,""success_rate"":0.7804878048780488},""F3"":{""episode_count"":35,""fall_rate"":0.37142857142857144,""mean_reached_riser"":9.914285714285715,""mean_return"":-9.528290353502546,""success_rate"":0.6285714285714286}}",0.3360655737704918,8.467213114754099,-6.9818648353951875,0.6639344262295082,7c5186b5a91602b15433b515e48e1446ef251e4abe6ea56e56459cdbe62b4cc4,193c5f01fefe293abf707a790fb7d409f4d64f69d2793b6fce871b237ab15aaf,0.014807984698563814,8051.0,7897.1630859375,0.3710949867963791
mixed,mixed,LongDecay,8,22.970382690429688,5e-06,0.01567830319982022,0.00038029346615076065,8007,7.2265342960288805,0.108612060546875,"{""absolute_round"":8,""context_counts"":{""F1"":21,""F2"":22,""F3"":21},""episode_context_fixed"":true,""omitted_environment_ids"":{""F1"":7,""F2"":null,""F3"":9}}",8,0.0001,"{""actor_optimizer_steps"":true,""behavior_distribution_parameters"":true,""behavior_log_prob"":true,""critic_optimizer_steps"":true,""finite_core_metrics"":true,""no_KL_or_performance_gate"":true,""raw_action_storage"":true,""safe_action_execution_routing"":true,""teacher_reprojection"":true}",0.6147708892822266,0.15699434280395508,0.1568705290555954,0.0004986232379451394,"{""F1"":{""episode_count"":42,""fall_rate"":0.2619047619047619,""mean_reached_riser"":8.595238095238095,""mean_return"":-5.721540235337757,""success_rate"":0.7380952380952381},""F2"":{""episode_count"":47,""fall_rate"":0.3617021276595745,""mean_reached_riser"":8.0,""mean_return"":-6.449331577788008,""success_rate"":0.6382978723404256},""F3"":{""episode_count"":38,""fall_rate"":0.3684210526315789,""mean_reached_riser"":9.763157894736842,""mean_return"":-9.355337569588109,""success_rate"":0.631578947368421}}",0.33070866141732286,8.724409448818898,-7.078158280980869,0.6692913385826772,0ce4c0e58e1844e5a9d111f7271a4ff795f1e54ffe0b213acbabfaa9040b271c,7c5186b5a91602b15433b515e48e1446ef251e4abe6ea56e56459cdbe62b4cc4,0.015162273426540196,8007.0,7840.361328125,0.3889535069465637
mixed,mixed,LongDecay,9,23.26453399658203,5e-06,0.015567093854770064,0.0008100460981950164,8234,7.666666666666667,0.13623046875,"{""absolute_round"":9,""context_counts"":{""F1"":21,""F2"":21,""F3"":22},""episode_context_fixed"":true,""omitted_environment_ids"":{""F1"":8,""F2"":9,""F3"":null}}",9,0.0001,"{""actor_optimizer_steps"":true,""behavior_distribution_parameters"":true,""behavior_log_prob"":true,""critic_optimizer_steps"":true,""finite_core_metrics"":true,""no_KL_or_performance_gate"":true,""raw_action_storage"":true,""safe_action_execution_routing"":true,""teacher_reprojection"":true}",0.6196618676185608,0.15781138837337494,0.15801800787448883,0.0006152477581053972,"{""F1"":{""episode_count"":44,""fall_rate"":0.3409090909090909,""mean_reached_riser"":7.954545454545454,""mean_return"":-6.852057055993513,""success_rate"":0.6590909090909091},""F2"":{""episode_count"":42,""fall_rate"":0.2619047619047619,""mean_reached_riser"":8.523809523809524,""mean_return"":-7.930508693059285,""success_rate"":0.7380952380952381},""F3"":{""episode_count"":39,""fall_rate"":0.358974358974359,""mean_reached_riser"":9.384615384615385,""mean_return"":-9.22331962829981,""success_rate"":0.6410256410256411}}",0.32,8.592,-7.954250728607177,0.68,aaa1e588b30d7995b321dd0f767e273c24b5df4817e60822c60fc8ce95231347,0ce4c0e58e1844e5a9d111f7271a4ff795f1e54ffe0b213acbabfaa9040b271c,0.015290964161977172,8234.0,8067.92333984375,0.5299881175160408
mixed,mixed,LongDecay,10,21.45701789855957,5e-06,0.014918185654096305,0.0008933244389481843,8166,7.851923076923077,0.125030517578125,"{""absolute_round"":10,""context_counts"":{""F1"":22,""F2"":21,""F3"":21},""episode_context_fixed"":true,""omitted_environment_ids"":{""F1"":null,""F2"":10,""F3"":11}}",10,0.0001,"{""actor_optimizer_steps"":true,""behavior_distribution_parameters"":true,""behavior_log_prob"":true,""critic_optimizer_steps"":true,""finite_core_metrics"":true,""no_KL_or_performance_gate"":true,""raw_action_storage"":true,""safe_action_execution_routing"":true,""teacher_reprojection"":true}",0.6011199951171875,0.1528138369321823,0.1536485105752945,0.000549664197023958,"{""F1"":{""episode_count"":44,""fall_rate"":0.22727272727272727,""mean_reached_riser"":8.431818181818182,""mean_return"":-4.741199525919828,""success_rate"":0.7727272727272727},""F2"":{""episode_count"":44,""fall_rate"":0.36363636363636365,""mean_reached_riser"":8.045454545454545,""mean_return"":-7.033850713209673,""success_rate"":0.6363636363636364},""F3"":{""episode_count"":32,""fall_rate"":0.3125,""mean_reached_riser"":9.84375,""mean_return"":-7.905593916773796,""success_rate"":0.6875}}",0.3,8.666666666666666,-6.425676798820495,0.7,3a540f1ad848377c61c65f39373483611a5562e99bcf11a4b82f69a7916abbea,aaa1e588b30d7995b321dd0f767e273c24b5df4817e60822c60fc8ce95231347,0.014713511802256107,8166.0,7981.919921875,0.4121185131371021
mixed,mixed,LongDecay,11,20.89853286743164,5e-06,0.016021801275201142,0.0006786203593946993,8455,8.090909090909092,0.096405029296875,"{""absolute_round"":11,""context_counts"":{""F1"":21,""F2"":22,""F3"":21},""episode_context_fixed"":true,""omitted_environment_ids"":{""F1"":10,""F2"":null,""F3"":12}}",11,0.0001,"{""actor_optimizer_steps"":true,""behavior_distribution_parameters"":true,""behavior_log_prob"":true,""critic_optimizer_steps"":true,""finite_core_metrics"":true,""no_KL_or_performance_gate"":true,""raw_action_storage"":true,""safe_action_execution_routing"":true,""teacher_reprojection"":true}",0.6316419839859009,0.1608327478170395,0.16152143478393555,0.00046784430742263794,"{""F1"":{""episode_count"":43,""fall_rate"":0.32558139534883723,""mean_reached_riser"":8.023255813953488,""mean_return"":-6.603417052779087,""success_rate"":0.6744186046511628},""F2"":{""episode_count"":47,""fall_rate"":0.2765957446808511,""mean_reached_riser"":7.914893617021277,""mean_return"":-6.844688172036029,""success_rate"":0.723404255319149},""F3"":{""episode_count"":36,""fall_rate"":0.4166666666666667,""mean_reached_riser"":9.11111111111111,""mean_return"":-9.838147560755411,""success_rate"":0.5833333333333334}}",0.3333333333333333,8.293650793650794,-7.6176237265268965,0.6666666666666666,f9e27c96e1ecb8c93a96f98d53c2541ef59131e1900729126f55b62802a1b153,3a540f1ad848377c61c65f39373483611a5562e99bcf11a4b82f69a7916abbea,0.015912750852294266,8455.0,8261.0615234375,0.5053532309830189
mixed,mixed,LongDecay,12,19.54025650024414,5e-06,0.015196084161289036,0.0007227728492580354,8522,8.54764292878636,0.1356048583984375,"{""absolute_round"":12,""context_counts"":{""F1"":21,""F2"":21,""F3"":22},""episode_context_fixed"":true,""omitted_environment_ids"":{""F1"":11,""F2"":12,""F3"":null}}",12,0.0001,"{""actor_optimizer_steps"":true,""behavior_distribution_parameters"":true,""behavior_log_prob"":true,""critic_optimizer_steps"":true,""finite_core_metrics"":true,""no_KL_or_performance_gate"":true,""raw_action_storage"":true,""safe_action_execution_routing"":true,""teacher_reprojection"":true}",0.6151201128959656,0.15617524087429047,0.15679825842380524,0.0006143944920040667,"{""F1"":{""episode_count"":40,""fall_rate"":0.275,""mean_reached_riser"":7.875,""mean_return"":-4.876165342330933,""success_rate"":0.725},""F2"":{""episode_count"":43,""fall_rate"":0.37209302325581395,""mean_reached_riser"":7.767441860465116,""mean_return"":-7.970037526862566,""success_rate"":0.627906976744186},""F3"":{""episode_count"":39,""fall_rate"":0.46153846153846156,""mean_reached_riser"":8.923076923076923,""mean_return"":-9.859806904425987,""success_rate"":0.5384615384615384}}",0.36885245901639346,8.172131147540984,-7.55975980836837,0.6311475409836066,e42755e1843493ba4eb37b779a7c540f55b8ccb7a0062d7b92d105881c8d1b93,f9e27c96e1ecb8c93a96f98d53c2541ef59131e1900729126f55b62802a1b153,0.015236210660077631,8522.0,8353.3408203125,0.39386577159166336
mixed,mixed,LongDecay,13,19.358989715576172,2.5e-06,0.013947495492175221,0.0005107265897095203,7948,7.238615664845173,0.08941650390625,"{""absolute_round"":13,""context_counts"":{""F1"":22,""F2"":21,""F3"":21},""episode_context_fixed"":true,""omitted_environment_ids"":{""F1"":null,""F2"":13,""F3"":14}}",13,5e-05,"{""actor_optimizer_steps"":true,""behavior_distribution_parameters"":true,""behavior_log_prob"":true,""critic_optimizer_steps"":true,""finite_core_metrics"":true,""no_KL_or_performance_gate"":true,""raw_action_storage"":true,""safe_action_execution_routing"":true,""teacher_reprojection"":true}",0.5848417282104492,0.149060919880867,0.14924532175064087,0.0004378858138807118,"{""F1"":{""episode_count"":45,""fall_rate"":0.28888888888888886,""mean_reached_riser"":8.333333333333334,""mean_return"":-5.449650171067979,""success_rate"":0.7111111111111111},""F2"":{""episode_count"":43,""fall_rate"":0.18604651162790697,""mean_reached_riser"":8.279069767441861,""mean_return"":-4.53578245917032,""success_rate"":0.813953488372093},""F3"":{""episode_count"":36,""fall_rate"":0.2777777777777778,""mean_reached_riser"":10.194444444444445,""mean_return"":-8.237538668844435,""success_rate"":0.7222222222222222}}",0.25,8.85483870967742,-5.942131415490182,0.75,e07008aabde522140e767cd2ae340591b17bf5fddafb67713313fe16fe5fd596,e42755e1843493ba4eb37b779a7c540f55b8ccb7a0062d7b92d105881c8d1b93,0.014091945486143231,7948.0,7781.8271484375,0.2590448893606663
mixed,mixed,LongDecay,14,19.46452522277832,2.5e-06,0.01527571608312428,0.0005838653887622058,8422,8.005703422053232,0.07366943359375,"{""absolute_round"":14,""context_counts"":{""F1"":21,""F2"":22,""F3"":21},""episode_context_fixed"":true,""omitted_environment_ids"":{""F1"":13,""F2"":null,""F3"":15}}",14,5e-05,"{""actor_optimizer_steps"":true,""behavior_distribution_parameters"":true,""behavior_log_prob"":true,""critic_optimizer_steps"":true,""finite_core_metrics"":true,""no_KL_or_performance_gate"":true,""raw_action_storage"":true,""safe_action_execution_routing"":true,""teacher_reprojection"":true}",0.6220678687095642,0.15806402266025543,0.1585821956396103,0.0003887951315846294,"{""F1"":{""episode_count"":44,""fall_rate"":0.29545454545454547,""mean_reached_riser"":7.931818181818182,""mean_return"":-4.542072269049558,""success_rate"":0.7045454545454546},""F2"":{""episode_count"":45,""fall_rate"":0.28888888888888886,""mean_reached_riser"":8.044444444444444,""mean_return"":-7.866481812795003,""success_rate"":0.7111111111111111},""F3"":{""episode_count"":37,""fall_rate"":0.5405405405405406,""mean_reached_riser"":9.216216216216216,""mean_return"":-12.365294624019313,""success_rate"":0.4594594594594595}}",0.36507936507936506,8.34920634920635,-8.026656845259287,0.6349206349206349,c85afb93741bc9b8ab4b1f9d28dd9cd34bfdeac5a8abe61d3ff25f4c828e0a43,e07008aabde522140e767cd2ae340591b17bf5fddafb67713313fe16fe5fd596,0.015416198410093784,8422.0,8254.58984375,0.444400891661644
mixed,mixed,LongDecay,15,15.332853317260742,2.5e-06,0.01529120106715709,0.0004665510496124625,8412,7.839701770736253,0.0656585693359375,"{""absolute_round"":15,""context_counts"":{""F1"":21,""F2"":21,""F3"":22},""episode_context_fixed"":true,""omitted_environment_ids"":{""F1"":14,""F2"":15,""F3"":null}}",15,5e-05,"{""actor_optimizer_steps"":true,""behavior_distribution_parameters"":true,""behavior_log_prob"":true,""critic_optimizer_steps"":true,""finite_core_metrics"":true,""no_KL_or_performance_gate"":true,""raw_action_storage"":true,""safe_action_execution_routing"":true,""teacher_reprojection"":true}",0.6239785552024841,0.15862438082695007,0.15891116857528687,0.0003666373959276825,"{""F1"":{""episode_count"":44,""fall_rate"":0.2727272727272727,""mean_reached_riser"":8.045454545454545,""mean_return"":-5.842819007960233,""success_rate"":0.7272727272727273},""F2"":{""episode_count"":45,""fall_rate"":0.4,""mean_reached_riser"":7.555555555555555,""mean_return"":-8.657089519500733,""success_rate"":0.6},""F3"":{""episode_count"":39,""fall_rate"":0.41025641025641024,""mean_reached_riser"":9.717948717948717,""mean_return"":-9.734020978976519,""success_rate"":0.5897435897435898}}",0.359375,8.3828125,-8.017811585217714,0.640625,fe276742a10a6992f06613a4039049516430edd974177fc236aea08f23f470f1,c85afb93741bc9b8ab4b1f9d28dd9cd34bfdeac5a8abe61d3ff25f4c828e0a43,0.015450579929165542,8412.0,8253.375,0.3792361356317997
mixed,mixed,LongDecay,16,19.70242691040039,2.5e-06,0.014712180127389729,0.0005797494086436927,8135,7.581547064305685,0.07867431640625,"{""absolute_round"":16,""context_counts"":{""F1"":22,""F2"":21,""F3"":21},""episode_context_fixed"":true,""omitted_environment_ids"":{""F1"":null,""F2"":16,""F3"":17}}",16,5e-05,"{""actor_optimizer_steps"":true,""behavior_distribution_parameters"":true,""behavior_log_prob"":true,""critic_optimizer_steps"":true,""finite_core_metrics"":true,""no_KL_or_performance_gate"":true,""raw_action_storage"":true,""safe_action_execution_routing"":true,""teacher_reprojection"":true}",0.6081021428108215,0.1551339477300644,0.15542109310626984,0.0004066831897944212,"{""F1"":{""episode_count"":45,""fall_rate"":0.26666666666666666,""mean_reached_riser"":8.155555555555555,""mean_return"":-5.6056053691440155,""success_rate"":0.7333333333333333},""F2"":{""episode_count"":44,""fall_rate"":0.3181818181818182,""mean_reached_riser"":7.704545454545454,""mean_return"":-6.031481948765841,""success_rate"":0.6818181818181818},""F3"":{""episode_count"":38,""fall_rate"":0.34210526315789475,""mean_reached_riser"":9.657894736842104,""mean_return"":-8.940722528256869,""success_rate"":0.6578947368421053}}",0.30708661417322836,8.448818897637794,-6.751062231739675,0.6929133858267716,5d24a0331eb18f32a35472cfb74e879a42c9e59ad562a250c55caa2baa158702,fe276742a10a6992f06613a4039049516430edd974177fc236aea08f23f470f1,0.014876339468173683,8135.0,7952.404296875,0.30228789895772934
mixed,mixed,LongDecay,17,20.35312843322754,2.5e-06,0.01464813423808664,0.0004643424181267619,8226,8.112426035502958,0.0671539306640625,"{""absolute_round"":17,""context_counts"":{""F1"":21,""F2"":22,""F3"":21},""episode_context_fixed"":true,""omitted_environment_ids"":{""F1"":16,""F2"":null,""F3"":18}}",17,5e-05,"{""actor_optimizer_steps"":true,""behavior_distribution_parameters"":true,""behavior_log_prob"":true,""critic_optimizer_steps"":true,""finite_core_metrics"":true,""no_KL_or_performance_gate"":true,""raw_action_storage"":true,""safe_action_execution_routing"":true,""teacher_reprojection"":true}",0.6050935387611389,0.15380053222179413,0.1541513353586197,0.00036900979466736317,"{""F1"":{""episode_count"":41,""fall_rate"":0.2926829268292683,""mean_reached_riser"":8.073170731707316,""mean_return"":-4.973782382360318,""success_rate"":0.7073170731707317},""F2"":{""episode_count"":46,""fall_rate"":0.43478260869565216,""mean_reached_riser"":7.782608695652174,""mean_return"":-7.803102586580359,""success_rate"":0.5652173913043478},""F3"":{""episode_count"":35,""fall_rate"":0.42857142857142855,""mean_reached_riser"":9.285714285714286,""mean_return"":-8.640805762154715,""success_rate"":0.5714285714285714}}",0.38524590163934425,8.311475409836065,-7.09259015028594,0.6147540983606558,1aa9bd1cde398cb658db2bf9065d942719e857e1e602b01d5443d97606271fd6,5d24a0331eb18f32a35472cfb74e879a42c9e59ad562a250c55caa2baa158702,0.014704031404107809,8226.0,8067.81396484375,0.2750871628522873
mixed,mixed,LongDecay,18,16.24207878112793,2.5e-06,0.015049510402604938,0.0006197091424837708,8347,8.088178294573643,0.1022491455078125,"{""absolute_round"":18,""context_counts"":{""F1"":21,""F2"":21,""F3"":22},""episode_context_fixed"":true,""omitted_environment_ids"":{""F1"":17,""F2"":18,""F3"":null}}",18,5e-05,"{""actor_optimizer_steps"":true,""behavior_distribution_parameters"":true,""behavior_log_prob"":true,""critic_optimizer_steps"":true,""finite_core_metrics"":true,""no_KL_or_performance_gate"":true,""raw_action_storage"":true,""safe_action_execution_routing"":true,""teacher_reprojection"":true}",0.6191900372505188,0.15752893686294556,0.15803484618663788,0.00046988821122795343,"{""F1"":{""episode_count"":42,""fall_rate"":0.21428571428571427,""mean_reached_riser"":8.30952380952381,""mean_return"":-5.079889535903931,""success_rate"":0.7857142857142857},""F2"":{""episode_count"":47,""fall_rate"":0.40425531914893614,""mean_reached_riser"":7.361702127659575,""mean_return"":-6.51862166790252,""success_rate"":0.5957446808510638},""F3"":{""episode_count"":36,""fall_rate"":0.3333333333333333,""mean_reached_riser"":9.36111111111111,""mean_return"":-9.043392525778877,""success_rate"":0.6666666666666666}}",0.32,8.256,-6.762341678619385,0.68,1daccd99a227b0b85df74900a8c0e14ef1e4a6e8db8c1e48ceb7af6bed002eee,1aa9bd1cde398cb658db2bf9065d942719e857e1e602b01d5443d97606271fd6,0.01529213530011475,8347.0,8171.55517578125,0.35565871000289917
mixed,mixed,LongDecay,19,13.995463371276855,1e-06,0.014267950085923076,0.0007059967610985041,7821,7.630243902439024,0.0847625732421875,"{""absolute_round"":19,""context_counts"":{""F1"":22,""F2"":21,""F3"":21},""episode_context_fixed"":true,""omitted_environment_ids"":{""F1"":null,""F2"":19,""F3"":20}}",19,2.5e-05,"{""actor_optimizer_steps"":true,""behavior_distribution_parameters"":true,""behavior_log_prob"":true,""critic_optimizer_steps"":true,""finite_core_metrics"":true,""no_KL_or_performance_gate"":true,""raw_action_storage"":true,""safe_action_execution_routing"":true,""teacher_reprojection"":true}",0.5948628783226013,0.15115462243556976,0.15180888772010803,0.00041721758316271007,"{""F1"":{""episode_count"":44,""fall_rate"":0.36363636363636365,""mean_reached_riser"":8.272727272727273,""mean_return"":-6.022936766797846,""success_rate"":0.6363636363636364},""F2"":{""episode_count"":45,""fall_rate"":0.3333333333333333,""mean_reached_riser"":7.733333333333333,""mean_return"":-6.111335616641575,""success_rate"":0.6666666666666666},""F3"":{""episode_count"":33,""fall_rate"":0.3333333333333333,""mean_reached_riser"":9.484848484848484,""mean_return"":-7.39456387722131,""success_rate"":0.6666666666666666}}",0.3442622950819672,8.401639344262295,-6.426556790461306,0.6557377049180327,62e6f7a2186bb0041482cabfbb3f8963837f44ec0e74599b17d9b058abfe697e,1daccd99a227b0b85df74900a8c0e14ef1e4a6e8db8c1e48ceb7af6bed002eee,0.014534841291606426,7821.0,7656.9384765625,0.2996349558234215
mixed,mixed,LongDecay,20,13.434126853942871,1e-06,0.014114645950030535,0.00030684686498716474,8158,7.9745845552297165,0.0894012451171875,"{""absolute_round"":20,""context_counts"":{""F1"":21,""F2"":22,""F3"":21},""episode_context_fixed"":true,""omitted_environment_ids"":{""F1"":19,""F2"":null,""F3"":21}}",20,2.5e-05,"{""actor_optimizer_steps"":true,""behavior_distribution_parameters"":true,""behavior_log_prob"":true,""critic_optimizer_steps"":true,""finite_core_metrics"":true,""no_KL_or_performance_gate"":true,""raw_action_storage"":true,""safe_action_execution_routing"":true,""teacher_reprojection"":true}",0.5950525999069214,0.1513984054327011,0.1522008776664734,0.00043593146256171167,"{""F1"":{""episode_count"":42,""fall_rate"":0.23809523809523808,""mean_reached_riser"":8.333333333333334,""mean_return"":-4.621968229611714,""success_rate"":0.7619047619047619},""F2"":{""episode_count"":44,""fall_rate"":0.3409090909090909,""mean_reached_riser"":8.0,""mean_return"":-6.913462530482899,""success_rate"":0.6590909090909091},""F3"":{""episode_count"":34,""fall_rate"":0.3235294117647059,""mean_reached_riser"":9.441176470588236,""mean_return"":-8.404566554462209,""success_rate"":0.6764705882352942}}",0.3,8.525,-6.5339189986387884,0.7,28a20856f1b45d14f409792ceb30a8d11f521ba0a011e417cbd8ac603343c378,62e6f7a2186bb0041482cabfbb3f8963837f44ec0e74599b17d9b058abfe697e,0.014468226581811905,8158.0,7968.80517578125,0.29377029091119766
mixed,mixed,LongDecay,21,13.578818321228027,1e-06,0.014526583370752633,0.0004680914571508765,8217,8.06378802747792,0.067626953125,"{""absolute_round"":21,""context_counts"":{""F1"":21,""F2"":21,""F3"":22},""episode_context_fixed"":true,""omitted_environment_ids"":{""F1"":20,""F2"":21,""F3"":null}}",21,2.5e-05,"{""actor_optimizer_steps"":true,""behavior_distribution_parameters"":true,""behavior_log_prob"":true,""critic_optimizer_steps"":true,""finite_core_metrics"":true,""no_KL_or_performance_gate"":true,""raw_action_storage"":true,""safe_action_execution_routing"":true,""teacher_reprojection"":true}",0.6026607751846313,0.15362676978111267,0.153961643576622,0.0003667050041258335,"{""F1"":{""episode_count"":43,""fall_rate"":0.3023255813953488,""mean_reached_riser"":8.069767441860465,""mean_return"":-5.472555925679761,""success_rate"":0.6976744186046512},""F2"":{""episode_count"":43,""fall_rate"":0.3488372093023256,""mean_reached_riser"":7.930232558139535,""mean_return"":-6.535323431325513,""success_rate"":0.6511627906976745},""F3"":{""episode_count"":36,""fall_rate"":0.5277777777777778,""mean_reached_riser"":9.194444444444445,""mean_return"":-10.344304667578804,""success_rate"":0.4722222222222222}}",0.38524590163934425,8.352459016393443,-7.284703117902161,0.6147540983606558,4a8033629141fd19ca7a5fe643f6fd06a078b04d783c6dd1f4425c493498ff3a,28a20856f1b45d14f409792ceb30a8d11f521ba0a011e417cbd8ac603343c378,0.01476106804329902,8217.0,8035.98583984375,0.3077007867395878
mixed,mixed,LongDecay,22,14.89716625213623,1e-06,0.014847820857539773,0.00031078970641829073,8242,7.746240601503759,0.04608154296875,"{""absolute_round"":22,""context_counts"":{""F1"":22,""F2"":21,""F3"":21},""episode_context_fixed"":true,""omitted_environment_ids"":{""F1"":null,""F2"":0,""F3"":1}}",22,2.5e-05,"{""actor_optimizer_steps"":true,""behavior_distribution_parameters"":true,""behavior_log_prob"":true,""critic_optimizer_steps"":true,""finite_core_metrics"":true,""no_KL_or_performance_gate"":true,""raw_action_storage"":true,""safe_action_execution_routing"":true,""teacher_reprojection"":true}",0.6139020323753357,0.15608826279640198,0.1566118597984314,0.00029736023861914873,"{""F1"":{""episode_count"":42,""fall_rate"":0.19047619047619047,""mean_reached_riser"":8.428571428571429,""mean_return"":-4.320465110597157,""success_rate"":0.8095238095238095},""F2"":{""episode_count"":40,""fall_rate"":0.3,""mean_reached_riser"":8.275,""mean_return"":-5.976411712169647,""success_rate"":0.7},""F3"":{""episode_count"":40,""fall_rate"":0.45,""mean_reached_riser"":9.475,""mean_return"":-11.066689932346344,""success_rate"":0.55}}",0.3114754098360656,8.721311475409836,-7.075275413325576,0.6885245901639344,0a7c20111705efe3cf756e7c2ae11ddb469279886474256962e2f2fd0847583c,4a8033629141fd19ca7a5fe643f6fd06a078b04d783c6dd1f4425c493498ff3a,0.015029975795187056,8242.0,8072.28369140625,0.30944736301898956
mixed,mixed,LongDecay,23,14.585250854492188,1e-06,0.014741590479388833,0.00027659523766487837,8044,7.517757009345795,0.053314208984375,"{""absolute_round"":23,""context_counts"":{""F1"":21,""F2"":22,""F3"":21},""episode_context_fixed"":true,""omitted_environment_ids"":{""F1"":0,""F2"":null,""F3"":2}}",23,2.5e-05,"{""actor_optimizer_steps"":true,""behavior_distribution_parameters"":true,""behavior_log_prob"":true,""critic_optimizer_steps"":true,""finite_core_metrics"":true,""no_KL_or_performance_gate"":true,""raw_action_storage"":true,""safe_action_execution_routing"":true,""teacher_reprojection"":true}",0.6090368628501892,0.15520530939102173,0.15570588409900665,0.0003200621868018061,"{""F1"":{""episode_count"":44,""fall_rate"":0.25,""mean_reached_riser"":8.181818181818182,""mean_return"":-4.0315738482908765,""success_rate"":0.75},""F2"":{""episode_count"":45,""fall_rate"":0.26666666666666666,""mean_reached_riser"":8.177777777777777,""mean_return"":-6.23479052649604,""success_rate"":0.7333333333333333},""F3"":{""episode_count"":39,""fall_rate"":0.46153846153846156,""mean_reached_riser"":8.76923076923077,""mean_return"":-10.156568698393993,""success_rate"":0.5384615384615384}}",0.3203125,8.359375,-6.6723515801131725,0.6796875,7739066c4bae5c56d47791773681e0c5dc3de750a042dcddd89c84a375c052b5,0a7c20111705efe3cf756e7c2ae11ddb469279886474256962e2f2fd0847583c,0.015038992278277874,8044.0,7860.88623046875,0.35324864462018013
mixed,mixed,LongDecay,24,14.171971321105957,1e-06,0.014770467765629292,0.0004348553775344044,8090,7.632075471698113,0.04486083984375,"{""absolute_round"":24,""context_counts"":{""F1"":21,""F2"":21,""F3"":22},""episode_context_fixed"":true,""omitted_environment_ids"":{""F1"":1,""F2"":2,""F3"":null}}",24,2.5e-05,"{""actor_optimizer_steps"":true,""behavior_distribution_parameters"":true,""behavior_log_prob"":true,""critic_optimizer_steps"":true,""finite_core_metrics"":true,""no_KL_or_performance_gate"":true,""raw_action_storage"":true,""safe_action_execution_routing"":true,""teacher_reprojection"":true}",0.6094891428947449,0.1551409214735031,0.15571661293506622,0.0002875692443922162,"{""F1"":{""episode_count"":42,""fall_rate"":0.3333333333333333,""mean_reached_riser"":8.523809523809524,""mean_return"":-6.533111975306556,""success_rate"":0.6666666666666666},""F2"":{""episode_count"":39,""fall_rate"":0.15384615384615385,""mean_reached_riser"":8.615384615384615,""mean_return"":-5.347516169914832,""success_rate"":0.8461538461538461},""F3"":{""episode_count"":39,""fall_rate"":0.38461538461538464,""mean_reached_riser"":9.384615384615385,""mean_return"":-9.935274613209259,""success_rate"":0.6153846153846154}}",0.2916666666666667,8.833333333333334,-7.253496195872625,0.7083333333333334,ef0d6a3c495753caaec9b44eaa306b859d4a259441de48e47c77f7984e0f5c22,7739066c4bae5c56d47791773681e0c5dc3de750a042dcddd89c84a375c052b5,0.015067934757098556,8090.0,7911.57763671875,0.4064273163676262
