domain,pair_index,evaluation_seed,environment_id,baseline_success,final_success,baseline_fell,final_fell,baseline_timed_out,final_timed_out,baseline_failure_type,final_failure_type,baseline_return,final_return,baseline_max_riser,final_max_riser,baseline_mean_slip_signal,final_mean_slip_signal,baseline_maximum_left_contact_slip_speed,final_maximum_left_contact_slip_speed,baseline_maximum_right_contact_slip_speed,final_maximum_right_contact_slip_speed,baseline_mean_contact_mismatch,final_mean_contact_mismatch,baseline_intervention_per_riser,final_intervention_per_riser,baseline_mean_correction_norm,final_mean_correction_norm,baseline_recovery_takeover,final_recovery_takeover
target,0,135000000,0,True,True,False,False,False,False,success,success,11.044258117675781,9.80888557434082,9,9,0.07086613029241562,0.08829737454652786,2.0,2.0,2.0,2.0,0.1428571492433548,0.14457830786705017,0.5555555820465088,1.3333333730697632,0.00043676758650690317,0.001953950384631753,True,True
target,1,135000000,1,False,False,True,True,False,False,contact_stability,lateral_heading_drift,-2.19291353225708,-5.833269119262695,4,6,0.10975462943315506,0.12336696684360504,2.0,2.0,2.0,1.7092992067337036,0.17253521084785461,0.19555556774139404,1.75,2.1666667461395264,0.0025324984453618526,0.006300756707787514,False,False
target,2,135000000,2,True,True,False,False,False,False,success,success,7.6026811599731445,8.773910522460938,9,9,0.10078035295009613,0.0854315459728241,2.0,1.6664161682128906,2.0,2.0,0.15596330165863037,0.14037854969501495,0.5555555820465088,0.5555555820465088,0.0007550068548880517,0.0006108396919444203,True,True
target,3,135000000,3,False,True,True,False,False,False,contact_stability,success,-1.5563428401947021,9.728044509887695,9,9,0.1048196479678154,0.08489096164703369,2.0,1.7473284006118774,2.0,2.0,0.15944881737232208,0.125,0.4444444477558136,0.4444444477558136,0.00020310257968958467,0.0008359234780073166,False,True
target,4,135000000,4,False,False,True,True,False,False,contact_stability,lateral_heading_drift,-2.6590304374694824,-1.002359390258789,9,7,0.1224050521850586,0.09091059118509293,2.0,1.361444354057312,2.0,2.0,0.18473894894123077,0.19624216854572296,1.3333333730697632,2.0,0.0025512324646115303,0.003054604632779956,False,False
target,5,135000000,5,False,True,True,False,False,False,contact_stability,success,-4.789869785308838,5.913635730743408,7,9,0.11266857385635376,0.10964761674404144,2.0,2.0,2.0,1.864335060119629,0.19117647409439087,0.15153631567955017,1.1428571939468384,2.8888888359069824,0.0009174775914289057,0.002049610484391451,False,True
target,6,135000000,6,True,True,False,False,False,False,success,success,8.281157493591309,6.968908309936523,9,9,0.08730822801589966,0.09584743529558182,1.9118541479110718,1.8802865743637085,2.0,2.0,0.13684210181236267,0.13879598677158356,0.2222222238779068,0.4444444477558136,0.00014087326417211443,0.00038143229903653264,True,True
target,7,135000000,7,True,True,False,False,False,False,success,success,9.818903923034668,9.085165023803711,9,9,0.07911818474531174,0.07876811921596527,2.0,1.2925996780395508,2.0,2.0,0.13983739912509918,0.1545138955116272,2.1111111640930176,0.7777777910232544,0.0020744027569890022,0.0007318612770177424,True,True
target,8,135000000,8,True,True,False,False,False,False,success,success,8.389555931091309,8.601916313171387,9,9,0.09372930973768234,0.09117285162210464,2.0,2.0,1.6574612855911255,1.50624418258667,0.14867424964904785,0.14041095972061157,0.8888888955116272,0.6666666865348816,0.0009874613024294376,0.000609438109677285,True,True
target,9,135000000,9,False,True,True,False,False,False,contact_stability,success,-2.6255483627319336,9.950904846191406,2,9,0.12752342224121094,0.08448109775781631,2.0,1.4368131160736084,1.2182106971740723,1.9460456371307373,0.20689654350280762,0.1413223147392273,4.5,1.6666666269302368,0.0038053197786211967,0.0021835409570485353,False,True
target,10,135000000,10,False,True,True,False,False,False,contact_stability,success,-2.8518285751342773,8.808845520019531,9,9,0.11023026704788208,0.09507958590984344,1.866939663887024,1.8357467651367188,2.0,2.0,0.1527777761220932,0.13298791646957397,1.2222222089767456,0.6666666865348816,0.0010547545971348882,0.002101047895848751,False,True
target,11,135000000,11,False,True,True,False,False,False,contact_stability,success,-4.409037113189697,5.845700740814209,8,9,0.0880722776055336,0.11242011934518814,1.6718034744262695,2.0,1.390925645828247,2.0,0.17171718180179596,0.17059890925884247,3.625,1.6666666269302368,0.012926961295306683,0.0015665640821680427,False,True
target,12,135000000,12,True,True,False,False,False,False,success,success,9.362020492553711,10.530248641967773,9,9,0.08475280553102493,0.0779431089758873,1.752182126045227,2.0,2.0,2.0,0.14208632707595825,0.13597245514392853,0.7777777910232544,0.7777777910232544,0.0006324847927317023,0.0008914796053431928,True,True
target,13,135000000,13,True,True,False,False,False,False,success,success,10.50291633605957,10.496177673339844,9,9,0.0743725374341011,0.08718802779912949,2.0,1.6599891185760498,1.859686255455017,2.0,0.1506514549255371,0.12611012160778046,0.8888888955116272,0.2222222238779068,0.0005109998164698482,0.0002928982430603355,True,True
target,14,135000000,14,False,True,True,False,False,False,contact_stability,success,-1.473602294921875,8.698694229125977,8,9,0.09778455644845963,0.08160107582807541,1.7731242179870605,2.0,2.0,2.0,0.1687898188829422,0.15189874172210693,2.25,1.6666666269302368,0.0023074792698025703,0.0011047873413190246,False,True
target,15,135000000,15,True,True,False,False,False,False,success,success,10.239870071411133,9.577093124389648,9,9,0.07761655002832413,0.08267565071582794,1.8166981935501099,2.0,2.0,1.652643084526062,0.12985865771770477,0.13384321331977844,0.4444444477558136,0.5555555820465088,0.0013288577320054173,0.000293034128844738,True,True
target,16,135000000,16,False,True,True,False,False,False,contact_stability,success,-7.638609886169434,9.555195808410645,3,9,0.09742928296327591,0.07285462319850922,2.0,2.0,2.0,2.0,0.2131979614496231,0.1297786682844162,6.0,0.3333333432674408,0.027979617938399315,0.0006511334795504808,False,True
target,17,135000000,17,True,False,False,True,False,False,success,contact_stability,10.673304557800293,-5.841710090637207,9,5,0.09506048262119293,0.09557073563337326,2.0,1.4909957647323608,2.0,2.0,0.15293185412883759,0.16779279708862305,2.0,5.800000190734863,0.002101949416100979,0.01690373755991459,True,False
target,18,135000000,18,False,True,True,False,False,False,lateral_heading_drift,success,-4.621720314025879,9.383447647094727,7,9,0.09802565723657608,0.08794814348220825,2.0,1.8494583368301392,2.0,2.0,0.18101544678211212,0.1347305327653885,1.7142858505249023,0.1111111119389534,0.0071599967777729034,1.2955787269675056e-06,False,True
target,19,135000000,19,False,True,True,False,False,False,contact_stability,success,-2.81520676612854,3.7772560119628906,5,9,0.1158260628581047,0.09685224294662476,2.0,2.0,2.0,2.0,0.19473685324192047,0.15689149498939514,2.200000047683716,2.6666667461395264,0.002737738424912095,0.004707653075456619,False,True
target,20,135000000,20,True,True,False,False,False,False,success,success,8.677236557006836,11.633689880371094,9,9,0.0689733698964119,0.076109878718853,2.0,2.0,2.0,2.0,0.1366412192583084,0.12051282078027725,1.1111111640930176,1.0,0.0007773657562211156,0.0010258483234792948,True,True
target,21,135000000,21,True,True,False,False,False,False,success,success,9.321060180664062,8.928900718688965,9,9,0.07966776937246323,0.08620143681764603,2.0,2.0,2.0,2.0,0.1555977165699005,0.14647378027439117,0.8888888955116272,0.5555555820465088,0.0011888289591297507,0.0007216382655315101,True,True
target,22,135000000,22,True,False,False,True,False,False,success,contact_stability,11.597108840942383,-1.4794950485229492,9,3,0.07508761435747147,0.12134694308042526,2.0,2.0,1.602604627609253,1.6166971921920776,0.14589235186576843,0.18888889253139496,2.6666667461395264,4.0,0.002189142629504204,0.0019170630257576704,True,False
target,23,135000000,23,True,True,False,False,False,False,success,success,10.04207992553711,11.715620040893555,9,9,0.08281510323286057,0.08201733976602554,1.4967961311340332,2.0,1.699802041053772,1.0451335906982422,0.12567812204360962,0.14241960644721985,0.4444444477558136,1.3333333730697632,0.0008748244144953787,0.0013236678205430508,True,True
target,24,135000000,24,False,True,True,False,False,False,contact_stability,success,-3.988720417022705,8.990196228027344,1,9,0.08766070753335953,0.08617565035820007,1.5573103427886963,1.775827407836914,1.6057738065719604,2.0,0.236111119389534,0.15000000596046448,0.0,0.3333333432674408,5.330804953018742e-08,0.00023213755048345774,False,True
target,25,135000000,25,True,True,False,False,False,False,success,success,9.47273063659668,8.504982948303223,9,9,0.07966502755880356,0.09559357166290283,2.0,2.0,2.0,2.0,0.1480075865983963,0.14859437942504883,0.3333333432674408,0.6666666865348816,0.00047516246559098363,0.0010366401402279735,True,True
target,26,135000000,26,True,True,False,False,False,False,success,success,9.96367359161377,9.063945770263672,9,9,0.08698238432407379,0.08855937421321869,1.7997581958770752,2.0,2.0,2.0,0.1419965624809265,0.1568627506494522,0.8888888955116272,0.7777777910232544,0.000997687689960003,0.0006370497867465019,True,True
target,27,135000000,27,False,True,True,False,False,False,contact_stability,success,-0.4994194507598877,11.184717178344727,7,9,0.10046782344579697,0.07788550853729248,2.0,1.7571587562561035,2.0,2.0,0.16989247500896454,0.14500792324543,3.142857313156128,1.3333333730697632,0.003759140847250819,0.0015004284214228392,False,True
target,28,135000000,28,True,True,False,False,False,False,success,success,10.199783325195312,10.60836124420166,9,9,0.08128514140844345,0.0873810350894928,1.4006761312484741,2.0,2.0,1.3937827348709106,0.14389067888259888,0.14080944657325745,1.5555555820465088,0.7777777910232544,0.0020897146314382553,0.0005634515546262264,True,True
target,29,135000000,29,True,True,False,False,False,False,success,success,9.415908813476562,10.529685020446777,9,9,0.0805220678448677,0.0788552388548851,2.0,1.9817132949829102,2.0,2.0,0.1462346762418747,0.1396797150373459,0.7777777910232544,0.4444444477558136,0.0014676782302558422,0.00032922159880399704,True,True
target,30,135000000,30,True,True,False,False,False,False,success,success,9.994820594787598,8.491896629333496,9,9,0.07988645136356354,0.07825019955635071,1.2098925113677979,1.1236752271652222,2.0,2.0,0.1181640625,0.13051822781562805,0.1111111119389534,0.2222222238779068,0.00013694819062948227,0.00038656892138533294,True,True
target,31,135000000,31,False,True,True,False,False,False,contact_stability,success,-4.589366912841797,9.244935989379883,2,9,0.1284954845905304,0.07806877046823502,2.0,2.0,2.0,2.0,0.23636363446712494,0.14169380068778992,4.5,1.888888955116272,0.011023145169019699,0.002092614071443677,False,True
target,32,135000000,32,False,True,True,False,False,False,lateral_heading_drift,success,-2.329554557800293,10.5693998336792,7,9,0.10599541664123535,0.08139608800411224,2.0,1.4468214511871338,2.0,2.0,0.18918919563293457,0.14415156841278076,3.4285717010498047,1.2222222089767456,0.006445106118917465,0.0013908685650676489,False,True
target,33,135000000,33,True,True,False,False,False,False,success,success,10.371235847473145,8.112866401672363,9,9,0.07917773723602295,0.08007514476776123,2.0,2.0,2.0,2.0,0.1472868174314499,0.14678899943828583,0.4444444477558136,0.7777777910232544,0.0007446719100698829,0.0006501179304905236,True,True
target,34,135000000,34,True,True,False,False,False,False,success,success,10.898287773132324,10.23304557800293,9,9,0.0800677239894867,0.0924585610628128,1.6681486368179321,1.7733063697814941,2.0,2.0,0.1305418759584427,0.13719511032104492,0.5555555820465088,1.3333333730697632,0.0004670283815357834,0.0011252457043156028,True,True
target,35,135000000,35,True,True,False,False,False,False,success,success,8.86804485321045,9.600229263305664,9,9,0.07998424768447876,0.08818253129720688,1.8643287420272827,2.0,2.0,2.0,0.1392190158367157,0.13827992975711823,1.1111111640930176,1.3333333730697632,0.0014919835375621915,0.0009485951741226017,True,True
target,36,135000000,36,True,True,False,False,False,False,success,success,9.549464225769043,10.160648345947266,9,9,0.08669477701187134,0.08720434457063675,2.0,2.0,1.2814271450042725,2.0,0.16194967925548553,0.1442006230354309,1.888888955116272,0.5555555820465088,0.001943734590895474,0.0004620870458893478,True,True
target,37,135000000,37,True,True,False,False,False,False,success,success,11.265085220336914,10.890392303466797,9,9,0.07783892750740051,0.09304092824459076,1.5521430969238281,2.0,2.0,2.0,0.13562092185020447,0.13648833334445953,1.4444444179534912,2.1111111640930176,0.0012220381759107113,0.001198992133140564,True,True
target,38,135000000,38,True,False,False,True,False,False,success,contact_stability,11.719926834106445,-4.9063944816589355,9,9,0.07335015386343002,0.08764244616031647,1.811350703239441,1.7286090850830078,2.0,2.0,0.13774733245372772,0.15604250133037567,2.0,2.222222328186035,0.0016212452901527286,0.0016627891454845667,True,False
target,39,135000000,39,True,True,False,False,False,False,success,success,9.686029434204102,10.451492309570312,9,9,0.0890744999051094,0.08478131145238876,1.8468172550201416,2.0,2.0,1.6108752489089966,0.1393728256225586,0.1424778699874878,0.6666666865348816,0.5555555820465088,0.0006538651650771499,0.0005068230093456805,True,True
target,40,135000000,40,True,True,False,False,False,False,success,success,9.760913848876953,8.823959350585938,9,9,0.08756521344184875,0.08570598810911179,1.8046778440475464,1.5179309844970703,2.0,2.0,0.1364421397447586,0.1436077058315277,1.2222222089767456,0.5555555820465088,0.0015551887918263674,0.0010336198611184955,True,True
target,41,135000000,41,True,True,False,False,False,False,success,success,12.635950088500977,9.078619003295898,9,9,0.08590033650398254,0.08994044363498688,2.0,2.0,1.1531016826629639,1.68663489818573,0.14713896811008453,0.1483420580625534,1.888888955116272,1.2222222089767456,0.0012996380683034658,0.0016561466036364436,True,True
target,42,135000000,42,False,True,True,False,False,False,contact_stability,success,-2.8345563411712646,9.51984691619873,4,9,0.09846596419811249,0.08520245552062988,1.8671411275863647,2.0,1.8566458225250244,1.7151859998703003,0.15839694440364838,0.1471135914325714,2.5,0.2222222238779068,0.011213403195142746,0.00026776394224725664,False,True
target,43,135000000,43,False,False,True,True,False,False,contact_stability,contact_stability,-0.5664641857147217,-2.741312026977539,7,8,0.11193495243787766,0.10625449568033218,2.0,1.4800496101379395,1.9362425804138184,2.0,0.14745308458805084,0.1739562600851059,1.4285714626312256,1.875,0.0006684861145913601,0.0025488599203526974,False,False
target,44,135000000,44,True,True,False,False,False,False,success,success,10.880621910095215,9.598857879638672,9,9,0.07809508591890335,0.08542238175868988,1.7526155710220337,2.0,2.0,2.0,0.13963964581489563,0.14591078460216522,1.0,0.6666666865348816,0.000723995384760201,0.0006379415281116962,True,True
target,45,135000000,45,True,False,False,True,False,False,success,contact_stability,10.404468536376953,-1.3318159580230713,9,6,0.08718694001436234,0.0998511090874672,1.2326689958572388,2.0,2.0,2.0,0.13250882923603058,0.1909937858581543,0.6666666865348816,1.1666667461395264,0.0010682825231924653,0.0018433867953717709,True,False
target,46,135000000,46,True,False,False,True,False,False,success,contact_stability,6.5965657234191895,-1.6977448463439941,9,4,0.0947529673576355,0.08636010438203812,2.0,2.0,2.0,1.5834136009216309,0.183625727891922,0.19696970283985138,3.555555582046509,1.25,0.0030951672233641148,0.000686580897308886,True,False
target,47,135000000,47,True,True,False,False,False,False,success,success,10.56645679473877,10.488565444946289,9,9,0.08957799524068832,0.09792093932628632,2.0,1.7786792516708374,2.0,2.0,0.1331057995557785,0.14568600058555603,1.5555555820465088,2.8888888359069824,0.0016622277908027172,0.002831589663401246,True,True
target,48,135000000,48,True,True,False,False,False,False,success,success,9.268730163574219,9.116883277893066,9,9,0.07372961938381195,0.08707519620656967,2.0,2.0,2.0,2.0,0.13969171047210693,0.13326653838157654,0.6666666865348816,0.0,0.0025585684925317764,5.871444486160726e-08,True,False
target,49,135000000,49,False,True,True,False,False,False,contact_stability,success,-3.1513750553131104,9.053621292114258,8,9,0.1097351685166359,0.08001288026571274,1.4916192293167114,2.0,2.0,2.0,0.18205128610134125,0.14065708220005035,0.875,0.4444444477558136,0.006194507237523794,0.00046085778740234673,False,True
target,50,135000000,50,True,True,False,False,False,False,success,success,8.843111038208008,9.32815170288086,9,9,0.08824408799409866,0.08264078199863434,1.7792260646820068,1.9083186388015747,2.0,2.0,0.14263075590133667,0.13650545477867126,1.0,0.4444444477558136,0.000597066362388432,0.0004068271373398602,True,True
target,51,135000000,51,True,True,False,False,False,False,success,success,10.911224365234375,7.096114158630371,9,9,0.08060313016176224,0.10828787088394165,2.0,2.0,2.0,2.0,0.14402619004249573,0.15370705723762512,0.8888888955116272,1.5555555820465088,0.000569039024412632,0.001794928452000022,True,True
target,52,135000000,52,False,True,True,False,False,False,contact_stability,success,-1.9906723499298096,9.421184539794922,3,9,0.09226884692907333,0.08797582238912582,2.0,1.816107988357544,2.0,1.9040789604187012,0.21244634687900543,0.1309121698141098,0.6666666865348816,0.3333333432674408,0.0003390509227756411,0.0002824238035827875,False,True
target,53,135000000,53,True,True,False,False,False,False,success,success,10.110687255859375,12.089488983154297,9,9,0.08414165675640106,0.07750204205513,1.8054665327072144,2.0,2.0,2.0,0.14569084346294403,0.14452554285526276,3.0,2.777777910232544,0.0025919759646058083,0.0027580249588936567,True,True
target,54,135000000,54,True,True,False,False,False,False,success,success,10.806967735290527,12.060129165649414,9,9,0.07828643172979355,0.08020428568124771,1.5413105487823486,2.0,2.0,2.0,0.125,0.13226300477981567,2.777777910232544,1.7777777910232544,0.004231912549585104,0.0016781449085101485,True,True
target,55,135000000,55,True,True,False,False,False,False,success,success,6.296905994415283,10.228023529052734,9,9,0.09716467559337616,0.08165097236633301,1.9598740339279175,2.0,1.7469440698623657,1.92110276222229,0.15263909101486206,0.1428571343421936,1.2222222089767456,0.4444444477558136,0.0011021244572475553,0.0003356977831572294,True,True
target,56,135000000,56,False,False,True,True,False,False,contact_stability,contact_stability,-4.790299892425537,-1.8567414283752441,7,3,0.0858759880065918,0.11472143977880478,2.0,2.0,2.0,1.5299774408340454,0.1788511723279953,0.1899999976158142,2.4285714626312256,0.6666666865348816,0.029421567916870117,0.0002617858408484608,False,False
target,57,135000000,57,True,True,False,False,False,False,success,success,8.349334716796875,8.859317779541016,9,9,0.10623657703399658,0.09429598599672318,2.0,2.0,1.6880038976669312,2.0,0.13126252591609955,0.1342756152153015,0.5555555820465088,0.6666666865348816,0.00032667600316926837,0.0006920962478034198,True,True
target,58,135000000,58,True,False,False,True,False,False,success,contact_stability,9.199165344238281,-3.143068790435791,9,9,0.08044160902500153,0.11081837862730026,1.1147135496139526,2.0,2.0,2.0,0.14614121615886688,0.14413517713546753,1.3333333730697632,2.1111111640930176,0.0012555173598229885,0.01880469173192978,True,False
target,59,135000000,59,False,True,True,False,False,False,contact_stability,success,-1.4497652053833008,10.111579895019531,5,9,0.11547325551509857,0.09363327920436859,2.0,1.676310420036316,1.370105504989624,2.0,0.1783333420753479,0.1375899314880371,0.4000000059604645,0.3333333432674408,0.00021647052199114114,0.0004853705468121916,False,True
target,60,135000000,60,True,True,False,False,False,False,success,success,10.030141830444336,6.79690408706665,9,9,0.08569968491792679,0.10223808884620667,2.0,2.0,2.0,2.0,0.13493376970291138,0.15436241030693054,1.0,1.3333333730697632,0.0012030465295538306,0.001068056677468121,True,True
target,61,135000000,61,True,True,False,False,False,False,success,success,10.969160079956055,10.697675704956055,9,9,0.08142687380313873,0.08349266648292542,2.0,2.0,2.0,1.6578208208084106,0.14370369911193848,0.14691558480262756,2.8888888359069824,1.6666666269302368,0.0035716211423277855,0.0019752499647438526,True,True
target,62,135000000,62,False,True,True,False,False,False,contact_stability,success,0.37932682037353516,7.693443298339844,6,9,0.10247766226530075,0.1073429211974144,1.8715819120407104,1.920907735824585,2.0,2.0,0.16173569858074188,0.14806202054023743,6.833333492279053,2.0,0.00478714145720005,0.0027717945631593466,False,True
target,63,135000000,63,True,False,False,True,False,False,success,contact_stability,9.904623031616211,-6.984086036682129,9,6,0.08922474831342697,0.10303974896669388,1.283591866493225,1.711089849472046,2.0,2.0,0.1446886509656906,0.16768291592597961,0.6666666865348816,4.0,0.000583129352889955,0.007575920317322016,True,False
target,64,135000000,64,False,True,True,False,False,False,contact_stability,success,-2.9418282508850098,6.5530500411987305,8,9,0.13297326862812042,0.08904007077217102,2.0,2.0,2.0,2.0,0.1671052724123001,0.15594854950904846,0.25,0.4444444477558136,6.771348853362724e-05,0.00028842012397944927,False,True
target,65,135000000,65,True,False,False,True,False,False,success,contact_stability,7.849386215209961,-13.273630142211914,9,6,0.08881207555532455,0.11180595308542252,2.0,2.0,2.0,2.0,0.1405038684606552,0.19056975841522217,0.2222222238779068,6.333333492279053,0.0001748496142681688,0.020171763375401497,True,False
target,66,135000000,66,True,False,False,True,False,False,success,contact_stability,10.468591690063477,-0.8479814529418945,9,3,0.08108396828174591,0.1265781819820404,2.0,1.3160319328308105,2.0,1.9669407606124878,0.12703582644462585,0.18550367653369904,1.4444444179534912,10.0,0.001178234233520925,0.003471557516604662,True,False
target,67,135000000,67,True,False,False,True,False,False,success,lateral_heading_drift,11.510382652282715,-2.434821367263794,9,5,0.08195573091506958,0.12238487601280212,2.0,1.7595347166061401,2.0,2.0,0.1390870213508606,0.17129629850387573,1.7777777910232544,2.200000047683716,0.0017650723457336426,0.001630484708584845,True,False
target,68,135000000,68,False,True,True,False,False,False,contact_stability,success,-2.9308481216430664,9.920492172241211,2,9,0.11163457483053207,0.07410015910863876,1.8528107404708862,1.868842601776123,1.3927357196807861,2.0,0.19298246502876282,0.1469026505947113,2.0,0.8888888955116272,0.004925497341901064,0.0009859027341008186,False,True
target,69,135000000,69,True,False,False,True,False,False,success,contact_stability,9.418333053588867,-4.9454145431518555,9,7,0.0893438458442688,0.1145743653178215,2.0,2.0,1.4223185777664185,1.6396571397781372,0.1417769342660904,0.17062313854694366,0.3333333432674408,1.2857143878936768,0.00039647051016800106,0.004272283520549536,True,False
target,70,135000000,70,False,False,True,True,False,False,contact_stability,contact_stability,-0.9472358226776123,-0.472975492477417,9,9,0.09131773561239243,0.11942289024591446,2.0,2.0,1.7300304174423218,2.0,0.1493108719587326,0.15461847186088562,1.0,2.222222328186035,0.0006742176483385265,0.003595388261601329,False,False
target,71,135000000,71,True,False,False,True,False,False,success,contact_stability,10.439767837524414,-1.066326379776001,9,7,0.0762573704123497,0.108221635222435,2.0,2.0,1.4817997217178345,2.0,0.13874788582324982,0.17391304671764374,0.8888888955116272,0.8571429252624512,0.0007378363516181707,0.000610219722148031,True,False
target,72,135000000,72,True,True,False,False,False,False,success,success,9.667642593383789,4.394078254699707,9,9,0.0930590033531189,0.11360933631658554,1.68582284450531,1.9478049278259277,1.931045651435852,2.0,0.13962264358997345,0.16382251679897308,0.4444444477558136,0.6666666865348816,0.00028947190730832517,0.0013132703024894,True,True
target,73,135000000,73,True,True,False,False,False,False,success,success,7.653080940246582,8.635586738586426,9,9,0.09463560581207275,0.09228700399398804,2.0,2.0,1.6058446168899536,2.0,0.14611005783081055,0.13813228905200958,0.4444444477558136,0.3333333432674408,0.0005828617722727358,0.0008197045535780489,True,True
target,74,135000000,74,True,True,False,False,False,False,success,success,10.48978328704834,10.06707763671875,9,9,0.06818193197250366,0.09692352265119553,2.0,1.8564714193344116,2.0,2.0,0.14056603610515594,0.1465827375650406,0.5555555820465088,0.6666666865348816,0.00024251379363704473,0.0005902998382225633,True,True
target,75,135000000,75,True,True,False,False,False,False,success,success,8.866875648498535,8.546083450317383,9,9,0.0932343378663063,0.09269310534000397,1.6365903615951538,2.0,2.0,1.722048044204712,0.13309352099895477,0.14154787361621857,0.6666666865348816,0.4444444477558136,0.000692336296197027,0.0004919808125123382,True,True
target,76,135000000,76,True,False,False,True,False,False,success,contact_stability,11.269712448120117,-5.256088733673096,9,7,0.07661506533622742,0.13595916330814362,2.0,2.0,1.50232994556427,2.0,0.14485980570316315,0.19556450843811035,1.3333333730697632,4.0,0.0013597582001239061,0.003991563338786364,True,False
target,77,135000000,77,False,True,True,False,False,False,contact_stability,success,-1.8624444007873535,9.897880554199219,6,9,0.08603837341070175,0.08645588159561157,1.3496959209442139,2.0,1.664311170578003,2.0,0.16349206864833832,0.1282527893781662,1.1666667461395264,0.2222222238779068,0.002012911019846797,0.00012315622007008642,False,True
target,78,135000000,78,True,True,False,False,False,False,success,success,10.196870803833008,10.827316284179688,9,9,0.08494070172309875,0.07876256108283997,1.9187102317810059,2.0,2.0,2.0,0.139229416847229,0.13949580490589142,0.3333333432674408,1.0,0.00014518166426569223,0.0005716497544199228,True,True
target,79,135000000,79,True,False,False,True,False,False,success,contact_stability,10.674859046936035,-1.157853364944458,9,7,0.07534671574831009,0.09126788377761841,1.614385962486267,2.0,2.0,1.7163234949111938,0.13743455708026886,0.15229110419750214,3.555555582046509,1.8571429252624512,0.0036327075213193893,0.0028137590270489454,True,False
target,80,135000000,80,True,True,False,False,False,False,success,success,8.3358736038208,9.010409355163574,9,9,0.08326055854558945,0.07945963740348816,2.0,2.0,2.0,2.0,0.172607883810997,0.13505154848098755,0.8888888955116272,0.2222222238779068,0.000682054553180933,0.00021565667702816427,True,True
target,81,135000000,81,False,True,True,False,False,False,contact_stability,success,-0.9084761142730713,11.036291122436523,9,9,0.09491784870624542,0.07668597251176834,2.0,2.0,1.7755746841430664,1.7232266664505005,0.15735293924808502,0.15191739797592163,1.3333333730697632,1.6666666269302368,0.0011286354856565595,0.0012647096300497651,False,True
target,82,135000000,82,True,True,False,False,False,False,success,success,10.629695892333984,8.439464569091797,9,9,0.08560854196548462,0.08256994932889938,1.3735992908477783,2.0,2.0,2.0,0.12813620269298553,0.1477079838514328,0.6666666865348816,1.2222222089767456,0.00040411509689874947,0.0011841334635391831,True,True
target,83,135000000,83,True,True,False,False,False,False,success,success,10.123608589172363,10.51975154876709,9,9,0.08480396121740341,0.0761793777346611,1.5468602180480957,1.6514004468917847,2.0,2.0,0.1440972238779068,0.14183835685253143,0.7777777910232544,1.0,0.0006906248163431883,0.0008877876680344343,True,True
target,84,135000000,84,True,True,False,False,False,False,success,success,9.504402160644531,9.099380493164062,9,9,0.08094409853219986,0.08468805998563766,2.0,1.6008598804473877,1.7271904945373535,1.8635329008102417,0.13680154085159302,0.12756052613258362,0.6666666865348816,0.1111111119389534,0.0007559915538877249,0.00016015736036933959,True,True
target,85,135000000,85,True,True,False,False,False,False,success,success,5.772414684295654,6.768816947937012,9,9,0.10729926824569702,0.08554918318986893,2.0,2.0,2.0,2.0,0.16239316761493683,0.1488095372915268,1.6666666269302368,0.3333333432674408,0.002140684751793742,0.0003101526526734233,True,True
target,86,135000000,86,False,False,True,True,False,False,contact_stability,contact_stability,-0.06843900680541992,-4.3069376945495605,6,4,0.10616429895162582,0.11977805942296982,1.9146839380264282,1.6131013631820679,1.9396673440933228,1.9912590980529785,0.18264248967170715,0.21061643958091736,2.0,4.5,0.003892825683578849,0.010589241050183773,False,False
target,87,135000000,87,False,False,True,True,False,False,contact_stability,contact_stability,-2.568694829940796,-5.454704284667969,9,1,0.09995583444833755,0.08134966343641281,1.649845004081726,0.9729229807853699,1.8568651676177979,1.2562018632888794,0.17177243530750275,0.2266666740179062,0.5555555820465088,8.0,0.0014424128457903862,0.015276328660547733,False,False
target,88,135000000,88,True,True,False,False,False,False,success,success,10.66957950592041,11.02471923828125,9,9,0.08833520114421844,0.08118314296007156,1.6427253484725952,1.8906261920928955,2.0,1.728149652481079,0.13190729916095734,0.13598673045635223,1.0,0.6666666865348816,0.0009937032591551542,0.0012406558962538838,True,True
target,89,135000000,89,True,True,False,False,False,False,success,success,9.45302963256836,9.161795616149902,9,9,0.07967236638069153,0.07927809655666351,1.782672643661499,2.0,2.0,2.0,0.14945653080940247,0.13238094747066498,0.6666666865348816,0.0,0.0006734185153618455,6.2065296901892e-08,True,False
target,90,135000000,90,True,False,False,True,False,False,success,contact_stability,9.838546752929688,-2.8009307384490967,9,7,0.07741893827915192,0.09662298858165741,2.0,2.0,2.0,1.8981471061706543,0.13454198837280273,0.162420392036438,0.7777777910232544,2.4285714626312256,0.0010535683250054717,0.003799211932346225,True,False
target,91,135000000,91,True,True,False,False,False,False,success,success,10.82880973815918,11.987808227539062,9,9,0.08556566387414932,0.07858389616012573,2.0,1.6774849891662598,2.0,2.0,0.14110930263996124,0.13806551694869995,1.5555555820465088,1.888888955116272,0.0013995039043948054,0.0016205658903345466,True,True
target,92,135000000,92,True,True,False,False,False,False,success,success,10.366476058959961,9.753746032714844,9,9,0.0893673300743103,0.09880823642015457,1.7524244785308838,2.0,2.0,2.0,0.13893653452396393,0.14166666567325592,0.4444444477558136,1.3333333730697632,0.0002055200020549819,0.001078677480109036,True,True
target,93,135000000,93,True,False,False,True,False,False,success,contact_stability,9.712854385375977,-1.7688961029052734,9,9,0.08406750857830048,0.09775665402412415,2.0,1.5309789180755615,2.0,2.0,0.151197612285614,0.16190476715564728,2.444444417953491,5.111111164093018,0.0030365234706550837,0.01207663118839264,True,False
target,94,135000000,94,True,True,False,False,False,False,success,success,10.982439994812012,10.338516235351562,9,9,0.08097915351390839,0.07754354923963547,1.9796338081359863,1.6455388069152832,2.0,1.8273450136184692,0.1378466635942459,0.14635957777500153,1.7777777910232544,3.1111111640930176,0.0015401128912344575,0.0032084553968161345,True,True
target,95,135000000,95,True,True,False,False,False,False,success,success,7.105465888977051,9.624489784240723,9,9,0.08824722468852997,0.07736697793006897,2.0,2.0,2.0,2.0,0.1474953591823578,0.14485982060432434,1.0,0.5555555820465088,0.0017272026743739843,0.001319062546826899,True,True
target,96,135000000,96,True,True,False,False,False,False,success,success,8.78887939453125,6.356431007385254,9,9,0.08618227392435074,0.09666513651609421,2.0,1.972049355506897,2.0,2.0,0.1289370059967041,0.14532019197940826,0.0,2.0,6.187566725657234e-08,0.0022427295334637165,False,True
target,97,135000000,97,True,True,False,False,False,False,success,success,11.089665412902832,9.93194580078125,9,9,0.07974191755056381,0.09277105331420898,2.0,2.0,2.0,1.8086971044540405,0.142414852976799,0.13458262383937836,1.5555555820465088,1.1111111640930176,0.0012594067957252264,0.0010851933620870113,True,True
target,98,135000000,98,True,False,False,True,False,False,success,contact_stability,6.851374626159668,-9.589641571044922,9,6,0.08152781426906586,0.14291641116142273,1.181999921798706,1.7004178762435913,2.0,2.0,0.14497041702270508,0.22676990926265717,1.2222222089767456,4.5,0.0019663881976157427,0.011943237856030464,True,False
target,99,135000000,99,True,True,False,False,False,False,success,success,10.254073143005371,9.872722625732422,9,9,0.08033043146133423,0.09472005069255829,2.0,1.6034647226333618,2.0,2.0,0.13780918717384338,0.12956522405147552,1.2222222089767456,0.6666666865348816,0.0015938342548906803,0.0010358620202168822,True,True
target,100,135000000,100,False,False,True,True,False,False,contact_stability,contact_stability,-3.556154251098633,-14.68248176574707,5,4,0.13258357346057892,0.16294129192829132,1.8846584558486938,2.0,2.0,2.0,0.18575850129127502,0.20779220759868622,4.200000286102295,11.5,0.0164048932492733,0.058560460805892944,False,False
target,101,135000000,101,True,True,False,False,False,False,success,success,9.73623275756836,10.90985107421875,9,9,0.08618192374706268,0.07828786969184875,1.557982325553894,1.671370029449463,1.5542643070220947,2.0,0.14939551055431366,0.13210701942443848,1.0,1.5555555820465088,0.0008268204401247203,0.002145736012607813,True,True
target,102,135000000,102,True,False,False,True,False,False,success,contact_stability,7.6298675537109375,-1.6348028182983398,9,4,0.10528050363063812,0.09075923264026642,1.9154645204544067,1.8707211017608643,2.0,1.487062692642212,0.16144199669361115,0.19594594836235046,3.3333332538604736,1.5,0.002465399680659175,0.0008094696095213294,True,False
target,103,135000000,103,True,True,False,False,False,False,success,success,9.664959907531738,10.581731796264648,9,9,0.08274048566818237,0.0806933343410492,2.0,1.8651396036148071,1.8720648288726807,2.0,0.13007380068302155,0.1209212988615036,0.7777777910232544,0.4444444477558136,0.0006539282621815801,0.00048640696331858635,True,True
target,104,135000000,104,False,False,True,True,False,False,contact_stability,contact_stability,-2.2162790298461914,-3.5299911499023438,9,5,0.12338920682668686,0.09627477824687958,2.0,1.9967896938323975,2.0,1.8479199409484863,0.1635294109582901,0.17959770560264587,0.8888888955116272,3.799999952316284,0.0009183521033264697,0.014653603546321392,False,False
target,105,135000000,105,False,True,True,False,False,False,contact_stability,success,-3.5475821495056152,10.86861801147461,9,9,0.11633187532424927,0.08355545252561569,2.0,1.8746626377105713,2.0,2.0,0.17807017266750336,0.14135338366031647,3.222222328186035,2.0,0.003438012907281518,0.002620212035253644,False,True
target,106,135000000,106,True,True,False,False,False,False,success,success,10.766303062438965,10.6318998336792,9,9,0.0896911472082138,0.08047843724489212,2.0,2.0,1.4304133653640747,2.0,0.14566929638385773,0.14081324636936188,1.0,2.0,0.0008365896646864712,0.0021532585378736258,True,True
target,107,135000000,107,False,True,True,False,False,False,contact_stability,success,-5.113411903381348,9.744881629943848,4,9,0.14636452496051788,0.07764579355716705,2.0,1.5699559450149536,2.0,2.0,0.2278287559747696,0.13969171047210693,3.5,0.5555555820465088,0.003214433090761304,0.0014010334853082895,False,True
target,108,135000000,108,True,False,False,True,False,False,success,contact_stability,10.358067512512207,-3.5656933784484863,9,3,0.0944572389125824,0.10763373970985413,2.0,0.9014201164245605,2.0,2.0,0.14686469733715057,0.19250646233558655,1.0,16.666667938232422,0.0005683684721589088,0.013427164405584335,True,False
target,109,135000000,109,True,False,False,True,False,False,success,contact_stability,10.657217025756836,-1.0767815113067627,9,9,0.08798948675394058,0.12008790671825409,2.0,2.0,2.0,1.758438229560852,0.14601019024848938,0.17971886694431305,1.5555555820465088,2.1111111640930176,0.0012490948429331183,0.002975666895508766,True,False
target,110,135000000,110,True,True,False,False,False,False,success,success,9.713876724243164,9.74172592163086,9,9,0.08071945607662201,0.08316604793071747,1.5730305910110474,2.0,2.0,2.0,0.13346613943576813,0.1327054798603058,0.3333333432674408,0.5555555820465088,0.00044656614772975445,0.0002656058350112289,True,True
target,111,135000000,111,True,True,False,False,False,False,success,success,10.694099426269531,10.825384140014648,9,9,0.08166402578353882,0.07906178385019302,1.5521150827407837,1.7149274349212646,2.0,2.0,0.13548387587070465,0.1426202356815338,1.2222222089767456,1.6666666269302368,0.0013080378994345665,0.0026491337921470404,True,True
target,112,135000000,112,False,True,True,False,False,False,contact_stability,success,-2.255760908126831,8.925629615783691,9,9,0.09988947957754135,0.09169092774391174,2.0,2.0,1.9648241996765137,2.0,0.15421456098556519,0.14615385234355927,0.5555555820465088,0.6666666865348816,0.0006314752390608191,0.001638371148146689,False,True
target,113,135000000,113,True,True,False,False,False,False,success,success,10.0355863571167,9.913870811462402,9,9,0.07693582773208618,0.08097131550312042,1.4561798572540283,2.0,1.785806655883789,2.0,0.15209472179412842,0.1329587996006012,0.5555555820465088,0.6666666865348816,0.0007100938819348812,0.0010875251609832048,True,True
target,114,135000000,114,False,True,True,False,False,False,lateral_heading_drift,success,-5.962560653686523,9.380363464355469,9,9,0.10424640029668808,0.08823761343955994,2.0,2.0,1.577695608139038,2.0,0.14440734684467316,0.13935969769954681,0.2222222238779068,0.4444444477558136,0.0009414709638804197,0.000705663813278079,False,True
target,115,135000000,115,True,True,False,False,False,False,success,success,11.240762710571289,9.08508586883545,9,9,0.08205714076757431,0.09110766649246216,2.0,2.0,2.0,1.3343605995178223,0.1342812031507492,0.1429809331893921,2.222222328186035,1.3333333730697632,0.002778857946395874,0.0015298309735953808,True,True
target,116,135000000,116,True,True,False,False,False,False,success,success,11.18991756439209,10.189506530761719,9,9,0.08308079838752747,0.08320130407810211,2.0,1.6586720943450928,2.0,2.0,0.12911184132099152,0.14003436267375946,0.4444444477558136,0.8888888955116272,0.00031811321969144046,0.000680518860463053,True,True
target,117,135000000,117,True,True,False,False,False,False,success,success,9.900699615478516,10.593997955322266,9,9,0.08074987679719925,0.09153945744037628,1.3539299964904785,1.5800622701644897,2.0,1.511149525642395,0.14450865983963013,0.13785046339035034,2.555555582046509,2.3333332538604736,0.003975849132984877,0.001825610757805407,True,True
target,118,135000000,118,True,True,False,False,False,False,success,success,7.063421249389648,9.416031837463379,9,9,0.08457931876182556,0.09503472596406937,2.0,2.0,2.0,2.0,0.1596701741218567,0.14949201047420502,1.7777777910232544,1.1111111640930176,0.00173623685259372,0.0008719352190382779,True,True
target,119,135000000,119,True,True,False,False,False,False,success,success,9.9693603515625,11.921476364135742,9,9,0.08294875919818878,0.06421554088592529,2.0,2.0,2.0,1.6460477113723755,0.14790576696395874,0.13018597662448883,1.888888955116272,2.555555582046509,0.0022166906856000423,0.0031981768552213907,True,True
target,120,135000000,120,True,False,False,True,False,False,success,contact_stability,10.509451866149902,-5.714705944061279,9,9,0.08457743376493454,0.1181502565741539,2.0,2.0,2.0,2.0,0.13980263471603394,0.1759425550699234,0.5555555820465088,0.8888888955116272,0.0003885874175466597,0.0017725443467497826,True,False
target,121,135000000,121,True,True,False,False,False,False,success,success,8.169527053833008,6.585613250732422,9,9,0.08813241124153137,0.09652979671955109,1.642471432685852,2.0,2.0,2.0,0.14547038078308105,0.15732087194919586,1.0,1.0,0.0007611197652295232,0.002077891491353512,True,True
target,122,135000000,122,False,False,True,True,False,False,lateral_heading_drift,contact_stability,-0.30037426948547363,-1.4039692878723145,5,6,0.11051087826490402,0.09730241447687149,1.3626677989959717,2.0,2.0,1.2143527269363403,0.1683291792869568,0.17191283404827118,4.0,2.5,0.004902326036244631,0.0036086556501686573,False,False
target,123,135000000,123,True,False,False,True,False,False,success,contact_stability,9.699649810791016,-3.8625011444091797,9,9,0.0897822380065918,0.10581199079751968,2.0,2.0,1.9088757038116455,2.0,0.13963964581489563,0.14055299758911133,2.0,0.7777777910232544,0.0023457517381757498,0.0004429010150488466,True,False
target,124,135000000,124,False,True,True,False,False,False,contact_stability,success,-1.8360795974731445,7.096210956573486,9,9,0.09983684122562408,0.1077829971909523,2.0,2.0,2.0,2.0,0.17669174075126648,0.16243194043636322,2.0,1.0,0.004976882599294186,0.0008984970045275986,False,True
target,125,135000000,125,True,True,False,False,False,False,success,success,8.114569664001465,11.881962776184082,9,9,0.08604765683412552,0.07427261024713516,1.4702345132827759,2.0,2.0,2.0,0.13293051719665527,0.133237823843956,0.7777777910232544,1.4444444179534912,0.0009100923198275268,0.0012447821209207177,True,True
target,126,135000000,126,True,True,False,False,False,False,success,success,8.955455780029297,9.428525924682617,9,9,0.08503837883472443,0.0874321386218071,2.0,2.0,2.0,1.674531102180481,0.13333334028720856,0.128544420003891,0.2222222238779068,0.4444444477558136,0.00024509377544745803,0.0014814080204814672,True,True
target,127,135000000,127,True,False,False,True,False,False,success,contact_stability,11.085140228271484,0.3680868148803711,9,9,0.08197445422410965,0.08979550004005432,2.0,1.5354808568954468,2.0,1.3731160163879395,0.1369047611951828,0.14473684132099152,1.1111111640930176,0.5555555820465088,0.0014701582258567214,0.000673821079544723,True,False
target,128,135000001,0,True,True,False,False,False,False,success,success,9.337620735168457,9.874333381652832,9,9,0.08013726770877838,0.08728781342506409,2.0,2.0,2.0,2.0,0.14573268592357635,0.14208632707595825,0.4444444477558136,0.4444444477558136,0.00031206911080516875,0.0002702841011341661,True,True
target,129,135000001,1,True,True,False,False,False,False,success,success,9.374383926391602,11.349573135375977,9,9,0.0894390121102333,0.07173434644937515,2.0,1.848356008529663,1.3113768100738525,1.967546820640564,0.1549755334854126,0.1448170691728592,1.4444444179534912,2.222222328186035,0.0017777117900550365,0.00260050012730062,True,True
target,130,135000001,2,True,True,False,False,False,False,success,success,9.124481201171875,10.459513664245605,9,9,0.08722139894962311,0.07320354133844376,2.0,2.0,2.0,2.0,0.14135020971298218,0.13412228226661682,0.1111111119389534,0.5555555820465088,0.0004896508762612939,0.0006969700334593654,True,True
target,131,135000001,3,False,True,True,False,False,False,lateral_heading_drift,success,-1.7773520946502686,8.885885238647461,8,9,0.08301490545272827,0.07604550570249557,1.3827416896820068,2.0,1.8374302387237549,2.0,0.16820701956748962,0.13546797633171082,1.375,1.5555555820465088,0.000893049465958029,0.0017988255713135004,False,True
target,132,135000001,4,True,True,False,False,False,False,success,success,8.419288635253906,8.588641166687012,9,9,0.09122134745121002,0.09473472088575363,1.5579766035079956,1.9814997911453247,2.0,1.5579510927200317,0.15154439210891724,0.13654224574565887,0.6666666865348816,0.4444444477558136,0.0006593246944248676,0.0008945067529566586,True,True
target,133,135000001,5,True,False,False,True,False,False,success,contact_stability,12.106500625610352,-5.349959850311279,9,9,0.07386188209056854,0.10553650557994843,1.677479863166809,2.0,2.0,1.8398301601409912,0.12770897150039673,0.16350364685058594,2.222222328186035,1.0,0.0016458816826343536,0.0008508599130436778,True,False
target,134,135000001,6,False,True,True,False,False,False,contact_stability,success,-5.341299533843994,10.515722274780273,8,9,0.12260302156209946,0.07144245505332947,2.0,1.9758832454681396,2.0,2.0,0.1768292635679245,0.13802559673786163,4.125,1.2222222089767456,0.010929546318948269,0.0015860790153965354,False,True
target,135,135000001,7,True,True,False,False,False,False,success,success,10.381458282470703,9.454541206359863,9,9,0.07154297083616257,0.08434903621673584,1.7983595132827759,1.762115478515625,2.0,1.5242172479629517,0.11832061409950256,0.12335216253995895,0.7777777910232544,0.2222222238779068,0.0011050476459786296,0.0002128169289790094,True,True
target,136,135000001,8,False,False,True,True,False,False,contact_stability,contact_stability,-1.5938739776611328,-1.0562372207641602,4,9,0.11088741570711136,0.10162477940320969,1.2140980958938599,1.8999388217926025,2.0,2.0,0.17827297747135162,0.17075039446353912,7.0,2.3333332538604736,0.010852796025574207,0.0029825489036738873,False,False
target,137,135000001,9,False,True,True,False,False,False,contact_stability,success,-1.4622435569763184,10.985221862792969,6,9,0.14883103966712952,0.08412422239780426,1.749746561050415,1.8525484800338745,2.0,2.0,0.19343066215515137,0.13703098893165588,4.0,1.6666666269302368,0.0033292744774371386,0.0013946089893579483,False,True
target,138,135000001,10,True,True,False,False,False,False,success,success,7.055863380432129,8.80793571472168,9,9,0.08453411608934402,0.08194361627101898,2.0,1.460212230682373,2.0,2.0,0.16458658874034882,0.14272890985012054,0.8888888955116272,0.7777777910232544,0.001384903211146593,0.0019096418982371688,True,True
target,139,135000001,11,True,True,False,False,False,False,success,success,10.593165397644043,10.229032516479492,9,9,0.08480121195316315,0.09629526734352112,2.0,2.0,1.7679433822631836,2.0,0.15153971314430237,0.14500001072883606,1.888888955116272,1.1111111640930176,0.0017138011753559113,0.0013460408663377166,True,True
target,140,135000001,12,True,False,False,True,False,False,success,contact_stability,8.321334838867188,-1.7613258361816406,9,7,0.0931318923830986,0.11791108548641205,2.0,2.0,2.0,1.6699299812316895,0.1481132060289383,0.15079365670681,0.4444444477558136,0.5714285969734192,0.0006072866381146014,0.0022012521512806416,True,False
target,141,135000001,13,True,False,False,True,False,False,success,contact_stability,9.679235458374023,-4.0254621505737305,9,9,0.07955854386091232,0.10981128364801407,1.8220454454421997,2.0,2.0,1.9093749523162842,0.13446970283985138,0.1640625,0.2222222238779068,1.1111111640930176,0.0006074146367609501,0.008020102046430111,True,False
target,142,135000001,14,True,True,False,False,False,False,success,success,10.923868179321289,11.419984817504883,9,9,0.07943936437368393,0.07028932869434357,1.6313682794570923,2.0,2.0,2.0,0.13075658679008484,0.14240506291389465,0.8888888955116272,1.1111111640930176,0.0009166459203697741,0.0014000405790284276,True,True
target,143,135000001,15,False,True,True,False,False,False,contact_stability,success,-3.131169319152832,9.53150749206543,7,9,0.10190483182668686,0.07734343409538269,2.0,2.0,2.0,2.0,0.17967146635055542,0.14455446600914001,1.1428571939468384,0.3333333432674408,0.0008764998055994511,0.0005172220407985151,False,True
target,144,135000001,16,True,True,False,False,False,False,success,success,5.9017486572265625,8.600550651550293,9,9,0.08468348532915115,0.08383440971374512,2.0,2.0,2.0,2.0,0.14768977463245392,0.12681159377098083,1.4444444179534912,0.2222222238779068,0.0032217015977948904,0.0004827630764339119,True,True
target,145,135000001,17,True,False,False,True,False,False,success,lateral_heading_drift,9.984991073608398,-2.029470682144165,9,3,0.09552884101867676,0.10866758972406387,2.0,1.2676117420196533,2.0,1.447434902191162,0.14690722525119781,0.1619718223810196,0.6666666865348816,2.3333334922790527,0.0003430398355703801,0.0007977357599884272,True,False
target,146,135000001,18,True,False,False,True,False,False,success,contact_stability,7.973538398742676,-1.7977464199066162,9,6,0.08357546478509903,0.0999578982591629,2.0,1.9947820901870728,1.898020625114441,1.9362678527832031,0.14674867689609528,0.18018019199371338,1.1111111640930176,0.3333333432674408,0.0012541065225377679,0.0005696462467312813,True,False
target,147,135000001,19,True,True,False,False,False,False,success,success,8.250971794128418,9.515703201293945,9,9,0.08533694595098495,0.08757133781909943,2.0,2.0,2.0,2.0,0.1427406221628189,0.1428571492433548,0.6666666865348816,0.5555555820465088,0.0006229745922610164,0.0004354532284196466,True,True
target,148,135000001,20,True,True,False,False,False,False,success,success,9.06011962890625,11.180100440979004,9,9,0.08664243668317795,0.07078845053911209,2.0,2.0,1.4145451784133911,2.0,0.16357503831386566,0.14169380068778992,1.888888955116272,1.888888955116272,0.0018079634755849838,0.0017882029060274363,True,True
target,149,135000001,21,False,True,True,False,False,False,contact_stability,success,-1.065197467803955,10.964700698852539,5,9,0.10752584785223007,0.08607466518878937,2.0,2.0,1.7167032957077026,1.6705467700958252,0.18771331012248993,0.13824503123760223,1.0,0.7777777910232544,0.0007530042203143239,0.0009607445681467652,False,True
target,150,135000001,22,False,True,True,False,False,False,contact_stability,success,-9.097051620483398,10.04410171508789,7,9,0.11109945178031921,0.08838209509849548,2.0,1.494974136352539,2.0,1.9941564798355103,0.17748478055000305,0.1483870893716812,2.5714287757873535,2.0,0.005692628212273121,0.001881073578260839,False,True
target,151,135000001,23,False,True,True,False,False,False,lateral_heading_drift,success,-3.154008388519287,9.964908599853516,9,9,0.10546115785837173,0.08732714504003525,2.0,2.0,2.0,2.0,0.17914438247680664,0.14614121615886688,1.5555555820465088,1.1111111640930176,0.0015382029814645648,0.000916101154871285,False,True
target,152,135000001,24,False,True,True,False,False,False,contact_stability,success,-1.1506571769714355,9.9576416015625,8,9,0.09398473799228668,0.082242950797081,2.0,1.573909878730774,2.0,2.0,0.1638554185628891,0.13611111044883728,0.625,0.4444444477558136,0.0006034057005308568,0.0005708821699954569,False,True
target,153,135000001,25,True,True,False,False,False,False,success,success,7.97828483581543,9.540831565856934,9,9,0.08602472394704819,0.08406944572925568,1.940279245376587,1.3536614179611206,2.0,2.0,0.16898147761821747,0.13333332538604736,1.6666666269302368,0.4444444477558136,0.002014166908338666,0.001149841700680554,True,True
target,154,135000001,26,True,False,False,True,False,False,success,lateral_heading_drift,10.627997398376465,0.7624168395996094,9,7,0.08157946914434433,0.09963778406381607,1.7449229955673218,2.0,2.0,1.9333710670471191,0.13481228053569794,0.15591397881507874,1.3333333730697632,1.571428656578064,0.0015141865005716681,0.002354671247303486,True,False
target,155,135000001,27,True,True,False,False,False,False,success,success,10.338940620422363,9.611960411071777,9,9,0.08041217178106308,0.09421074390411377,1.9473557472229004,2.0,2.0,2.0,0.1328740119934082,0.12454212456941605,0.7777777910232544,0.2222222238779068,0.0012905981857329607,0.0002656317374203354,True,True
target,156,135000001,28,False,True,True,False,False,False,contact_stability,success,-3.488982677459717,10.243247985839844,1,9,0.09747841954231262,0.08905693143606186,1.3883674144744873,1.6253715753555298,1.4623967409133911,1.7991753816604614,0.24657534062862396,0.14860427379608154,3.0,0.2222222238779068,0.0009665791294537485,0.0004532392485998571,False,True
target,157,135000001,29,True,True,False,False,False,False,success,success,10.790517807006836,9.95230484008789,9,9,0.08170944452285767,0.08162583410739899,2.0,1.619063138961792,1.3286874294281006,2.0,0.14349111914634705,0.14143094420433044,2.555555582046509,1.2222222089767456,0.0026716641150414944,0.0009282910614274442,True,True
target,158,135000001,30,True,True,False,False,False,False,success,success,8.168376922607422,9.792901992797852,9,9,0.09113249182701111,0.08313809335231781,2.0,2.0,1.5715019702911377,1.1573989391326904,0.15810811519622803,0.14907275140285492,2.1111111640930176,2.555555582046509,0.0017752752173691988,0.003455352270975709,True,True
target,159,135000001,31,True,True,False,False,False,False,success,success,11.601755142211914,11.541622161865234,9,9,0.06941510736942291,0.07381454110145569,2.0,2.0,2.0,2.0,0.12332838028669357,0.1430700421333313,2.444444417953491,1.7777777910232544,0.0024375487118959427,0.0015293017495423555,True,True
target,160,135000001,32,True,True,False,False,False,False,success,success,7.694864273071289,8.36749267578125,9,9,0.0958147794008255,0.08989167958498001,1.896812915802002,2.0,2.0,2.0,0.13056680560112,0.13136456906795502,0.0,0.0,5.8924367607460226e-08,5.856313833874083e-08,False,False
target,161,135000001,33,True,True,False,False,False,False,success,success,6.0846710205078125,9.394733428955078,9,9,0.11060164123773575,0.08680679649114609,1.872460126876831,2.0,2.0,2.0,0.15432098507881165,0.14084506034851074,0.8888888955116272,0.1111111119389534,0.001595176407136023,0.00040124577935785055,True,True
target,162,135000001,34,True,True,False,False,False,False,success,success,9.397608757019043,9.952095031738281,9,9,0.07916376739740372,0.07875313609838486,2.0,2.0,2.0,2.0,0.15018656849861145,0.13808664679527283,0.3333333432674408,0.6666666865348816,0.00046162359649315476,0.00042311809374950826,True,True
target,163,135000001,35,False,True,True,False,False,False,contact_stability,success,-4.290421485900879,8.259489059448242,8,9,0.10858593136072159,0.08552568405866623,1.4966195821762085,2.0,2.0,2.0,0.1818181723356247,0.13644689321517944,1.375,1.0,0.0021730419248342514,0.001102215494029224,False,True
target,164,135000001,36,False,False,True,True,False,False,contact_stability,contact_stability,-4.0544233322143555,-5.545549392700195,9,8,0.09825717657804489,0.09999998658895493,1.6877059936523438,1.7939599752426147,1.2328263521194458,2.0,0.1663619726896286,0.17588651180267334,1.4444444179534912,6.125,0.0017879825318232179,0.009131314232945442,False,False
target,165,135000001,37,False,True,True,False,False,False,contact_stability,success,-2.702409029006958,9.794027328491211,5,9,0.08066908270120621,0.08177720755338669,1.7293330430984497,2.0,1.3062825202941895,1.8562982082366943,0.18652036786079407,0.13983739912509918,2.0,1.1111111640930176,0.006802387535572052,0.0013618620578199625,False,True
target,166,135000001,38,True,False,False,True,False,False,success,lateral_heading_drift,9.8321533203125,-2.088397979736328,9,9,0.08016848564147949,0.08667963743209839,2.0,1.8156671524047852,1.7805569171905518,2.0,0.13816925883293152,0.16201117634773254,0.4444444477558136,0.4444444477558136,0.0003711546305567026,0.00040007682400755584,True,False
target,167,135000001,39,True,True,False,False,False,False,success,success,10.167774200439453,7.325480937957764,9,9,0.08424844592809677,0.09419506788253784,2.0,2.0,2.0,1.9971930980682373,0.13047444820404053,0.13970588147640228,0.7777777910232544,1.6666666269302368,0.0009802939603105187,0.0017084748251363635,True,True
target,168,135000001,40,True,False,False,True,False,False,success,contact_stability,8.018402099609375,-1.3572120666503906,9,5,0.08842838555574417,0.09671655297279358,1.5610471963882446,2.0,2.0,2.0,0.13276231288909912,0.1745762676000595,0.0,0.4000000059604645,6.179307376896759e-08,0.0001569848827784881,False,False
target,169,135000001,41,True,True,False,False,False,False,success,success,10.428318977355957,11.218682289123535,9,9,0.08070295304059982,0.07865913957357407,2.0,2.0,2.0,1.9228259325027466,0.15390506386756897,0.15834634006023407,1.4444444179534912,1.6666666269302368,0.0022133071906864643,0.0013976157642900944,True,True
target,170,135000001,42,True,True,False,False,False,False,success,success,10.46989631652832,8.538814544677734,9,9,0.08724506199359894,0.07873666286468506,1.977943778038025,2.0,2.0,1.9445414543151855,0.13047444820404053,0.14138439297676086,0.7777777910232544,1.0,0.0008274812716990709,0.0005498944083228707,True,True
target,171,135000001,43,True,False,False,True,False,False,success,contact_stability,7.02567720413208,-2.5394811630249023,9,3,0.08791247755289078,0.13482779264450073,2.0,2.0,2.0,1.9200557470321655,0.15393653512001038,0.19579288363456726,5.0,5.0,0.004555108956992626,0.004402823746204376,True,False
target,172,135000001,44,True,True,False,False,False,False,success,success,11.308850288391113,10.906455993652344,9,9,0.07182043790817261,0.08505851775407791,2.0,2.0,2.0,2.0,0.1324717253446579,0.13868066668510437,1.3333333730697632,2.222222328186035,0.0012594793224707246,0.0025472647976130247,True,True
target,173,135000001,45,True,True,False,False,False,False,success,success,10.624066352844238,10.127264022827148,9,9,0.07230906933546066,0.08472491055727005,2.0,2.0,2.0,2.0,0.14205607771873474,0.12376237660646439,0.5555555820465088,0.1111111119389534,0.00032903661485761404,0.0003303304547443986,True,True
target,174,135000001,46,True,True,False,False,False,False,success,success,10.289661407470703,8.949897766113281,9,9,0.07928971201181412,0.0858825296163559,2.0,2.0,2.0,1.4856340885162354,0.13056093454360962,0.13668429851531982,0.3333333432674408,0.3333333432674408,0.0003897257847711444,0.0001359542948193848,True,True
target,175,135000001,47,True,False,False,True,False,False,success,contact_stability,10.972070693969727,-1.32027268409729,9,3,0.07105211913585663,0.10132816433906555,1.368858814239502,2.0,2.0,2.0,0.14421668648719788,0.1821705400943756,3.0,3.3333334922790527,0.0032245167531073093,0.0021676169708371162,True,False
target,176,135000001,48,True,True,False,False,False,False,success,success,8.026229858398438,13.070680618286133,9,9,0.08148478716611862,0.07510507106781006,2.0,2.0,2.0,2.0,0.1403394341468811,0.15405777096748352,1.5555555820465088,3.0,0.00125699897762388,0.0020108127500861883,True,True
target,177,135000001,49,False,False,True,True,False,False,contact_stability,lateral_heading_drift,-2.6670045852661133,-3.080034017562866,9,9,0.11335783451795578,0.09266103059053421,2.0,1.6665796041488647,2.0,1.9635552167892456,0.1737668216228485,0.16179540753364563,0.0,0.1111111119389534,6.492057735840717e-08,6.626149115618318e-05,False,False
target,178,135000001,50,True,True,False,False,False,False,success,success,10.047685623168945,9.623069763183594,9,9,0.0764220803976059,0.0847950130701065,2.0,2.0,2.0,1.8495612144470215,0.15019379556179047,0.13601532578468323,0.4444444477558136,0.8888888955116272,0.0007424614741466939,0.0010806467616930604,True,True
target,179,135000001,51,True,False,False,True,False,False,success,contact_stability,8.845480918884277,0.0007152557373046875,9,7,0.08931054174900055,0.0857793316245079,2.0,1.764804720878601,1.4091116189956665,2.0,0.14156079292297363,0.16893424093723297,0.3333333432674408,1.4285714626312256,0.00023579011030960828,0.0019388743676245213,True,False
target,180,135000001,52,True,True,False,False,False,False,success,success,10.942094802856445,11.191057205200195,9,9,0.08083269000053406,0.07995326817035675,2.0,2.0,1.9678648710250854,2.0,0.13511186838150024,0.130087211728096,1.6666666269302368,2.1111111640930176,0.0017321333289146423,0.0020033239852637053,True,True
target,181,135000001,53,True,True,False,False,False,False,success,success,10.561742782592773,10.100836753845215,9,9,0.07837720215320587,0.08233378082513809,2.0,2.0,1.418165683746338,2.0,0.15016233921051025,0.13931888341903687,1.1111111640930176,1.7777777910232544,0.0013984782854095101,0.0021051287185400724,True,True
target,182,135000001,54,True,True,False,False,False,False,success,success,9.064973831176758,9.578054428100586,9,9,0.0954025387763977,0.07719608396291733,1.6433426141738892,2.0,2.0,2.0,0.13871635496616364,0.131474107503891,0.7777777910232544,0.4444444477558136,0.0009075576672330499,0.0004320077132433653,True,True
target,183,135000001,55,False,False,True,True,False,False,contact_stability,contact_stability,-2.0412845611572266,-2.619966506958008,6,7,0.1050555482506752,0.11153358966112137,2.0,1.7264833450317383,2.0,2.0,0.15302491188049316,0.15815085172653198,0.8333333730697632,1.2857143878936768,0.0005147194024175406,0.002411769237369299,False,False
target,184,135000001,56,True,False,False,True,False,False,success,contact_stability,10.60274600982666,-8.319650650024414,9,5,0.07580626010894775,0.1199311837553978,1.427211880683899,2.0,2.0,2.0,0.13468635082244873,0.203125,0.3333333432674408,2.200000047683716,0.0003059937444049865,0.006727409549057484,True,False
target,185,135000001,57,True,False,False,True,False,False,success,contact_stability,10.911316871643066,-1.9907026290893555,9,3,0.09261485934257507,0.08949436992406845,2.0,2.0,2.0,1.8618364334106445,0.1367781162261963,0.19847328960895538,0.8888888955116272,2.6666667461395264,0.0006336315418593585,0.003637248184531927,True,False
target,186,135000001,58,False,False,True,True,False,False,contact_stability,contact_stability,-2.4391934871673584,-3.7367258071899414,6,4,0.1099371537566185,0.16375146806240082,2.0,1.7317774295806885,1.9954068660736084,2.0,0.15860214829444885,0.19354838132858276,2.0,5.5,0.005499137565493584,0.007950122468173504,False,False
target,187,135000001,59,True,False,False,True,False,False,success,contact_stability,9.511150360107422,-10.94725227355957,9,8,0.094325490295887,0.12374212592840195,1.6095659732818604,2.0,2.0,2.0,0.13808664679527283,0.17244525253772736,0.6666666865348816,4.75,0.0005116909160278738,0.014141789637506008,True,False
target,188,135000001,60,False,False,True,True,False,False,contact_stability,contact_stability,-4.491305828094482,-2.63985538482666,5,9,0.0985984206199646,0.09865425527095795,1.720727801322937,2.0,2.0,2.0,0.1833810955286026,0.16181817650794983,3.6000001430511475,2.3333332538604736,0.014900799840688705,0.005691430065780878,False,False
target,189,135000001,61,False,False,True,True,False,False,contact_stability,contact_stability,-3.480483055114746,-0.9168663024902344,1,6,0.07278863340616226,0.09265665709972382,0.7223999500274658,2.0,1.672181248664856,2.0,0.18670886754989624,0.16203704476356506,5.0,0.6666666865348816,0.006341319996863604,0.0025983925443142653,False,False
target,190,135000001,62,True,True,False,False,False,False,success,success,8.216434478759766,9.842184066772461,9,9,0.09262364357709885,0.07331344485282898,1.8743202686309814,2.0,2.0,2.0,0.13016527891159058,0.13562753796577454,0.0,0.0,6.432884447349352e-08,6.084827219865474e-08,False,False
target,191,135000001,63,True,True,False,False,False,False,success,success,8.787713050842285,10.561469078063965,9,9,0.08954284340143204,0.07767847180366516,2.0,2.0,2.0,1.172012448310852,0.1666666716337204,0.13907849788665771,1.1111111640930176,1.7777777910232544,0.0010787876090034842,0.0018041322473436594,True,True
target,192,135000001,64,False,True,True,False,False,False,contact_stability,success,-2.988731861114502,8.694217681884766,5,9,0.132403165102005,0.09125695377588272,2.0,1.5319775342941284,1.9959135055541992,2.0,0.20255474746227264,0.1436672955751419,1.600000023841858,0.3333333432674408,0.00213036360219121,0.00027550727827474475,False,True
target,193,135000001,65,False,True,True,False,False,False,contact_stability,success,-0.7479350566864014,9.835458755493164,5,9,0.1092098206281662,0.07815652340650558,2.0,1.386080026626587,1.4691081047058105,2.0,0.16231884062290192,0.13518518209457397,2.0,0.8888888955116272,0.0016978980274870992,0.001328646787442267,False,True
target,194,135000001,66,True,True,False,False,False,False,success,success,9.150030136108398,8.922414779663086,9,9,0.07938037812709808,0.08545935899019241,2.0,2.0,2.0,2.0,0.14152891933918,0.1488763988018036,0.5555555820465088,0.4444444477558136,0.0006565975490957499,0.00047901590005494654,True,True
target,195,135000001,67,True,True,False,False,False,False,success,success,10.213776588439941,9.709583282470703,9,9,0.08728344738483429,0.09348836541175842,2.0,1.886629343032837,2.0,2.0,0.14423076808452606,0.16144199669361115,1.0,0.4444444477558136,0.0009662951342761517,0.00039316629408858716,True,True
target,196,135000001,68,True,True,False,False,False,False,success,success,9.088865280151367,9.506580352783203,9,9,0.07801304757595062,0.0758121982216835,2.0,2.0,1.634192943572998,2.0,0.15085388720035553,0.1405109465122223,0.2222222238779068,0.6666666865348816,0.00015429159975610673,0.0005719519103877246,True,True
target,197,135000001,69,False,False,True,True,False,False,contact_stability,contact_stability,-2.0146284103393555,-2.4704084396362305,9,4,0.08778724074363708,0.13184607028961182,1.3403902053833008,2.0,1.5383094549179077,1.768688440322876,0.1563745141029358,0.20652173459529877,1.2222222089767456,0.75,0.005505618639290333,0.000591278774663806,False,False
target,198,135000001,70,True,True,False,False,False,False,success,success,10.321878433227539,9.114389419555664,9,9,0.07855337858200073,0.07702833414077759,2.0,1.9577882289886475,2.0,1.404691457748413,0.13213703036308289,0.1529160737991333,2.0,2.777777910232544,0.0030305562540888786,0.002852502977475524,True,True
target,199,135000001,71,True,True,False,False,False,False,success,success,4.702062606811523,9.167291641235352,9,9,0.1096111312508583,0.08278842270374298,2.0,2.0,2.0,2.0,0.1482919305562973,0.13381743431091309,1.3333333730697632,0.2222222238779068,0.0015636695316061378,0.00032788151293061674,True,True
target,200,135000001,72,False,True,True,False,False,False,lateral_heading_drift,success,-1.573455810546875,9.693568229675293,9,9,0.0911262258887291,0.08067051321268082,2.0,1.715614914894104,2.0,2.0,0.1681957244873047,0.14885495603084564,1.0,1.4444444179534912,0.0006931396783329546,0.0017962437123060226,False,True
target,201,135000001,73,True,False,False,True,False,False,success,lateral_heading_drift,8.023470878601074,-10.979484558105469,9,9,0.09143854677677155,0.11053731292486191,2.0,2.0,1.519655704498291,2.0,0.14739413559436798,0.18042226135730743,1.0,0.8888888955116272,0.0007364912889897823,0.0008469619788229465,True,False
target,202,135000001,74,False,True,True,False,False,False,contact_stability,success,-4.962695121765137,11.584248542785645,2,9,0.15264302492141724,0.07994936406612396,2.0,1.2281314134597778,2.0,2.0,0.27336448431015015,0.1318681389093399,9.0,1.7777777910232544,0.010526265949010849,0.0019376428099349141,False,True
target,203,135000001,75,True,True,False,False,False,False,success,success,7.955268859863281,9.509854316711426,9,9,0.07400276511907578,0.08220077306032181,1.575910210609436,2.0,2.0,1.819854736328125,0.1384015679359436,0.15065912902355194,0.1111111119389534,0.3333333432674408,0.0007769590010866523,0.0005350670544430614,True,True
target,204,135000001,76,True,True,False,False,False,False,success,success,9.65546989440918,9.038871765136719,9,9,0.07992012798786163,0.08555024862289429,2.0,1.5179362297058105,2.0,2.0,0.1362815946340561,0.13928571343421936,0.8888888955116272,0.8888888955116272,0.0013781540328636765,0.0016192588955163956,True,True
target,205,135000001,77,True,True,False,False,False,False,success,success,7.064382553100586,7.279627323150635,9,9,0.1056867241859436,0.09365155547857285,2.0,2.0,1.946106195449829,1.6825690269470215,0.15153846144676208,0.1664179116487503,1.0,2.6666667461395264,0.0009570516995154321,0.0030544812325388193,True,True
target,206,135000001,78,True,True,False,False,False,False,success,success,8.252129554748535,9.984822273254395,9,9,0.087372325360775,0.08696989715099335,1.7963353395462036,2.0,2.0,2.0,0.1583094596862793,0.15726496279239655,2.6666667461395264,2.0,0.0022007948718965054,0.0020262079779058695,True,True
target,207,135000001,79,False,True,True,False,False,False,contact_stability,success,-0.06850242614746094,10.643932342529297,8,9,0.09343814104795456,0.07695820927619934,1.3649846315383911,1.6282546520233154,2.0,1.9060837030410767,0.15354330837726593,0.1428571343421936,2.375,2.1111111640930176,0.005875654052942991,0.0016637657536193728,False,True
target,208,135000001,80,False,True,True,False,False,False,contact_stability,success,-3.408874034881592,11.117977142333984,6,9,0.10910577327013016,0.08051370084285736,1.6094237565994263,1.6484512090682983,2.0,2.0,0.17330677807331085,0.1447574347257614,8.5,1.6666666269302368,0.009461134672164917,0.0013952350709587336,False,True
target,209,135000001,81,True,True,False,False,False,False,success,success,9.42916488647461,9.21014404296875,9,9,0.07780354470014572,0.07967320829629898,2.0,1.828404426574707,1.8754088878631592,2.0,0.16257089376449585,0.14940577745437622,0.7777777910232544,0.5555555820465088,0.001245294464752078,0.0017533909995108843,True,True
target,210,135000001,82,False,True,True,False,False,False,contact_stability,success,-3.521181344985962,10.350951194763184,9,9,0.1023702472448349,0.07591445744037628,1.3843859434127808,1.332586646080017,2.0,2.0,0.1772823929786682,0.14010989665985107,0.0,0.4444444477558136,6.261176110911038e-08,0.0005855027702637017,False,True
target,211,135000001,83,True,False,False,True,False,False,success,contact_stability,9.947643280029297,-4.759786605834961,9,5,0.08735043555498123,0.11389527469873428,2.0,2.0,1.9372810125350952,2.0,0.15749655663967133,0.20668059587478638,1.6666666269302368,1.399999976158142,0.0019584880210459232,0.0010204968275502324,True,False
target,212,135000001,84,True,True,False,False,False,False,success,success,11.331111907958984,10.606520652770996,9,9,0.07880933582782745,0.08304786682128906,1.8352789878845215,2.0,1.9395127296447754,1.9749761819839478,0.12905718386173248,0.1433878093957901,2.222222328186035,1.4444444179534912,0.0016324106836691499,0.001142457826063037,True,True
target,213,135000001,85,False,False,True,True,False,False,contact_stability,contact_stability,-7.910457134246826,-6.762903213500977,9,3,0.08959971368312836,0.0822434276342392,2.0,1.4881327152252197,2.0,1.1385173797607422,0.18373070657253265,0.20769231021404266,0.4444444477558136,5.6666669845581055,0.0006735135102644563,0.01955358125269413,False,False
target,214,135000001,86,True,False,False,True,False,False,success,contact_stability,10.299827575683594,-3.2801260948181152,9,7,0.07861152291297913,0.13399048149585724,2.0,2.0,2.0,2.0,0.1292775720357895,0.17164179682731628,0.3333333432674408,1.2857143878936768,0.0004663551226258278,0.0008461499237455428,True,False
target,215,135000001,87,False,False,True,True,False,False,contact_stability,contact_stability,-0.7230453491210938,-4.314756393432617,9,3,0.0977463647723198,0.1090719923377037,2.0,1.4816395044326782,2.0,2.0,0.15570175647735596,0.20460358262062073,1.5555555820465088,11.666666984558105,0.0010639437241479754,0.015926312655210495,False,False
target,216,135000001,88,True,False,False,True,False,False,success,contact_stability,9.176252365112305,-4.3386945724487305,9,9,0.09086820483207703,0.1150079220533371,2.0,2.0,2.0,1.5901131629943848,0.11985688656568527,0.16541354358196259,0.6666666865348816,2.6666667461395264,0.0008443859405815601,0.01326901838183403,True,False
target,217,135000001,89,True,False,False,True,False,False,success,lateral_heading_drift,11.245292663574219,-0.9215507507324219,9,5,0.06900501996278763,0.09680354595184326,1.8395169973373413,1.1701679229736328,2.0,1.2126340866088867,0.1335616409778595,0.16053922474384308,1.0,1.0,0.001686303410679102,0.0012738220393657684,True,False
target,218,135000001,90,True,True,False,False,False,False,success,success,9.17385196685791,9.805269241333008,9,9,0.08644566684961319,0.09258194267749786,2.0,1.9700636863708496,2.0,2.0,0.13750000298023224,0.13181817531585693,0.3333333432674408,0.4444444477558136,0.0004223368305247277,0.0008686153450980783,True,True
target,219,135000001,91,True,True,False,False,False,False,success,success,7.829784870147705,7.666547775268555,9,9,0.07924265414476395,0.08751844614744186,1.7789362668991089,1.2453962564468384,1.6797254085540771,2.0,0.1432078629732132,0.15809379518032074,1.4444444179534912,1.6666666269302368,0.002074313350021839,0.002159304218366742,True,True
target,220,135000001,92,False,True,True,False,False,False,contact_stability,success,-3.626546621322632,11.563541412353516,9,9,0.11149653792381287,0.07769392430782318,2.0,1.3912537097930908,2.0,2.0,0.17768594622612,0.14380165934562683,1.2222222089767456,1.1111111640930176,0.001712349010631442,0.0009468742646276951,False,True
target,221,135000001,93,True,False,False,True,False,False,success,contact_stability,8.989762306213379,-1.642798900604248,9,2,0.0908915102481842,0.11509696394205093,2.0,1.9541586637496948,1.4981746673583984,1.7915726900100708,0.1377633661031723,0.19341562688350677,0.8888888955116272,6.5,0.0008044964633882046,0.00363218504935503,True,False
target,222,135000001,94,False,False,True,True,False,False,lateral_heading_drift,contact_stability,-1.1870675086975098,-3.3987882137298584,7,1,0.09186865389347076,0.09193909168243408,2.0,1.4913054704666138,1.652016282081604,1.8026965856552124,0.15603645145893097,0.2430555522441864,2.0,1.0,0.0023841653019189835,5.688489181920886e-05,False,False
target,223,135000001,95,True,True,False,False,False,False,success,success,8.986421585083008,9.915428161621094,9,9,0.08138387650251389,0.07695378363132477,1.8056143522262573,2.0,1.8433421850204468,2.0,0.13740457594394684,0.1405038684606552,0.3333333432674408,0.2222222238779068,0.0004961569211445749,0.00020300423784647137,True,True
target,224,135000001,96,True,True,False,False,False,False,success,success,5.08218240737915,7.304061412811279,9,9,0.1122337058186531,0.09207069128751755,2.0,2.0,2.0,2.0,0.1565295159816742,0.16211877763271332,0.8888888955116272,0.7777777910232544,0.0014734931755810976,0.0012393725337460637,True,True
target,225,135000001,97,True,True,False,False,False,False,success,success,6.54907751083374,10.419732093811035,9,9,0.10397952795028687,0.08386331796646118,2.0,1.5134961605072021,2.0,1.3908330202102661,0.15048544108867645,0.1386292725801468,1.5555555820465088,1.5555555820465088,0.0015586272347718477,0.0016398848965764046,True,True
target,226,135000001,98,True,True,False,False,False,False,success,success,2.6645755767822266,10.743202209472656,9,9,0.12392282485961914,0.07451370358467102,2.0,2.0,2.0,2.0,0.18232044577598572,0.12881097197532654,1.7777777910232544,2.222222328186035,0.0017619311111047864,0.0027817010413855314,True,True
target,227,135000001,99,True,True,False,False,False,False,success,success,9.984888076782227,9.76108169555664,9,9,0.07672950625419617,0.08618716895580292,2.0,1.998740315437317,2.0,1.9646402597427368,0.14488637447357178,0.13162879645824432,0.2222222238779068,0.2222222238779068,0.0001415710139553994,0.000199065005290322,True,True
target,228,135000001,100,True,False,False,True,False,False,success,contact_stability,5.791369915008545,-1.9938251972198486,9,9,0.12202650308609009,0.10707814991474152,1.5912461280822754,1.9996987581253052,2.0,1.7885938882827759,0.17575758695602417,0.1503378450870514,1.5555555820465088,0.5555555820465088,0.0020197166595607996,0.0004947862471453846,True,False
target,229,135000001,101,True,False,False,True,False,False,success,contact_stability,3.6629786491394043,-1.544504165649414,9,4,0.10363311320543289,0.11947811394929886,2.0,1.933095932006836,2.0,1.7595881223678589,0.15980114042758942,0.1949806958436966,2.3333332538604736,1.25,0.0029297112487256527,0.0008778158808127046,True,False
target,230,135000001,102,True,False,False,True,False,False,success,contact_stability,8.863301277160645,-2.9276247024536133,9,5,0.08462102711200714,0.12147925049066544,1.574958324432373,2.0,2.0,2.0,0.1378026157617569,0.16489361226558685,0.4444444477558136,1.600000023841858,0.0001471542491344735,0.007103725336492062,True,False
target,231,135000001,103,False,True,True,False,False,False,contact_stability,success,-1.5507454872131348,9.19094181060791,9,9,0.10188016295433044,0.08008012920618057,2.0,1.0504781007766724,2.0,2.0,0.16877636313438416,0.15478424727916718,1.2222222089767456,0.2222222238779068,0.002763516502454877,3.1284460419556126e-05,False,True
target,232,135000001,104,True,True,False,False,False,False,success,success,9.230018615722656,4.7129292488098145,9,9,0.09180287271738052,0.09928449988365173,2.0,1.6053532361984253,2.0,2.0,0.13809522986412048,0.1421947479248047,0.5555555820465088,1.888888955116272,0.0003682308306451887,0.0031380339059978724,True,True
target,233,135000001,105,True,False,False,True,False,False,success,contact_stability,9.712821960449219,-1.9221723079681396,9,5,0.08464118838310242,0.10180380195379257,2.0,1.4300183057785034,1.6280295848846436,2.0,0.1318785548210144,0.1982758641242981,0.8888888955116272,1.8000000715255737,0.000934205309022218,0.0014027045108377934,True,False
target,234,135000001,106,True,False,False,True,False,False,success,contact_stability,11.104377746582031,-1.564117193222046,9,4,0.08446765691041946,0.11540352553129196,2.0,1.8682241439819336,2.0,2.0,0.14491653442382812,0.17966102063655853,1.888888955116272,2.75,0.001937833963893354,0.0035706746857613325,True,False
target,235,135000001,107,True,True,False,False,False,False,success,success,10.862091064453125,11.47907829284668,9,9,0.08126010000705719,0.07558990269899368,2.0,2.0,2.0,2.0,0.13852459192276,0.14788731932640076,1.2222222089767456,1.3333333730697632,0.001348448102362454,0.001315230387263,True,True
target,236,135000001,108,True,True,False,False,False,False,success,success,9.496307373046875,8.604883193969727,9,9,0.0813707783818245,0.08409593254327774,2.0,2.0,2.0,2.0,0.14102564752101898,0.13755019009113312,0.6666666865348816,0.2222222238779068,0.0006235127802938223,0.0006257185596041381,True,True
target,237,135000001,109,True,True,False,False,False,False,success,success,9.519767761230469,11.429793357849121,9,9,0.0963095873594284,0.081981360912323,2.0,2.0,1.5462037324905396,1.7350109815597534,0.142123281955719,0.1455882340669632,1.0,1.5555555820465088,0.0009240773506462574,0.001861997414380312,True,True
target,238,135000001,110,False,False,True,True,False,False,contact_stability,contact_stability,-0.29784417152404785,-3.4755046367645264,8,7,0.08474355936050415,0.11050626635551453,2.0,2.0,2.0,2.0,0.14910535514354706,0.1613588184118271,1.25,2.2857143878936768,0.0017051635077223182,0.006353654898703098,False,False
target,239,135000001,111,False,True,True,False,False,False,contact_stability,success,-1.68412446975708,9.319185256958008,5,9,0.12356077134609222,0.07713830471038818,2.0,2.0,2.0,2.0,0.17220903933048248,0.14365971088409424,6.800000190734863,1.4444444179534912,0.009205087088048458,0.001539054443128407,False,True
target,240,135000001,112,True,False,False,True,False,False,success,contact_stability,11.069437980651855,-1.7422075271606445,9,6,0.07232153415679932,0.10947667807340622,2.0,1.8128751516342163,2.0,2.0,0.1311754584312439,0.18292683362960815,0.6666666865348816,1.6666667461395264,0.000773799663875252,0.002415269613265991,True,False
target,241,135000001,113,True,True,False,False,False,False,success,success,9.470688819885254,9.059087753295898,9,9,0.0713881403207779,0.08450491726398468,2.0,2.0,2.0,2.0,0.1356736272573471,0.13593155145645142,0.7777777910232544,0.0,0.001456027734093368,6.122260742813523e-08,True,False
target,242,135000001,114,False,True,True,False,False,False,contact_stability,success,-2.2710037231445312,9.640522003173828,6,9,0.12585151195526123,0.08757003396749496,1.9588139057159424,2.0,1.7516924142837524,2.0,0.18427833914756775,0.12906309962272644,2.6666667461395264,0.1111111119389534,0.006348137278109789,3.151961209368892e-05,False,True
target,243,135000001,115,True,True,False,False,False,False,success,success,10.351561546325684,7.025409698486328,9,9,0.08002108335494995,0.10213153809309006,2.0,2.0,1.5015789270401,2.0,0.1299065500497818,0.1525862067937851,0.4444444477558136,0.6666666865348816,0.0005799272330477834,0.0007037594332359731,True,True
target,244,135000001,116,False,True,True,False,False,False,lateral_heading_drift,success,-1.6302375793457031,10.786346435546875,8,9,0.09849871695041656,0.08598898351192474,1.2172249555587769,2.0,2.0,1.6927101612091064,0.1750972718000412,0.14618973433971405,2.75,1.3333333730697632,0.0044793058186769485,0.0008295991574414074,False,True
target,245,135000001,117,True,True,False,False,False,False,success,success,9.910262107849121,9.121192932128906,9,9,0.08325254172086716,0.0836978480219841,1.5805189609527588,2.0,2.0,2.0,0.13816925883293152,0.15445859730243683,1.0,0.7777777910232544,0.0010004675714299083,0.0006688947905786335,True,True
target,246,135000001,118,True,True,False,False,False,False,success,success,9.102401733398438,10.379463195800781,9,9,0.08768768608570099,0.08162111788988113,2.0,2.0,1.6628689765930176,2.0,0.14312267303466797,0.1487603336572647,0.6666666865348816,0.3333333432674408,0.0005586796905845404,0.00016095962200779468,True,True
target,247,135000001,119,True,True,False,False,False,False,success,success,9.340974807739258,10.284905433654785,9,9,0.08179806917905807,0.08436685800552368,1.6484140157699585,2.0,2.0,2.0,0.14842455089092255,0.15264026820659637,0.8888888955116272,1.4444444179534912,0.0006053762044757605,0.0005788981798104942,True,True
target,248,135000001,120,True,True,False,False,False,False,success,success,10.565340042114258,9.651385307312012,9,9,0.07791794091463089,0.09119913727045059,2.0,2.0,1.8400993347167969,2.0,0.14869281649589539,0.1412859559059143,1.7777777910232544,1.3333333730697632,0.0014169822679832578,0.0015603462234139442,True,True
target,249,135000001,121,True,True,False,False,False,False,success,success,10.905420303344727,12.062966346740723,9,9,0.08338556438684464,0.08500102907419205,2.0,2.0,2.0,1.4716484546661377,0.14113475382328033,0.14905932545661926,2.3333332538604736,1.888888955116272,0.002344144508242607,0.001479912200011313,True,True
target,250,135000001,122,True,True,False,False,False,False,success,success,10.619372367858887,9.849584579467773,9,9,0.07738912105560303,0.08510321378707886,2.0,1.6228266954421997,2.0,2.0,0.12745097279548645,0.14886732399463654,0.7777777910232544,0.4444444477558136,0.0012618520995602012,0.0003317066002637148,True,True
target,251,135000001,123,False,False,True,True,False,False,contact_stability,contact_stability,-3.101339817047119,-5.941125392913818,8,6,0.11456898599863052,0.1064806804060936,2.0,2.0,2.0,2.0,0.17377398908138275,0.2100238800048828,1.5,3.3333334922790527,0.0020994062069803476,0.004418997559696436,False,False
target,252,135000001,124,True,True,False,False,False,False,success,success,10.535786628723145,11.892070770263672,9,9,0.08676919341087341,0.07347553968429565,2.0,1.9337852001190186,1.5535212755203247,2.0,0.1341463327407837,0.13219285011291504,1.6666666269302368,1.7777777910232544,0.001273655565455556,0.0010872294660657644,True,True
target,253,135000001,125,True,True,False,False,False,False,success,success,9.559290885925293,8.807884216308594,9,9,0.08892805874347687,0.08622810989618301,1.996013879776001,2.0,2.0,2.0,0.14324817061424255,0.1511193960905075,0.7777777910232544,0.3333333432674408,0.0008428704459220171,0.0006930793169885874,True,True
target,254,135000001,126,True,True,False,False,False,False,success,success,10.584366798400879,9.69023323059082,9,9,0.07914862036705017,0.08699548989534378,2.0,1.862235188484192,1.7916911840438843,1.8857512474060059,0.13969334959983826,0.15251299738883972,1.7777777910232544,1.4444444179534912,0.0016942578367888927,0.0011055903742089868,True,True
target,255,135000001,127,False,True,True,False,False,False,contact_stability,success,-5.265604496002197,3.858494281768799,9,9,0.10636893659830093,0.11787395179271698,2.0,1.9143130779266357,2.0,2.0,0.1750599592924118,0.1669691503047943,1.888888955116272,0.4444444477558136,0.016573520377278328,0.0004296287370380014,False,True
target,256,135000002,0,True,False,False,True,False,False,success,contact_stability,5.823154449462891,-4.93321418762207,9,5,0.10272381454706192,0.14278632402420044,2.0,2.0,2.0,2.0,0.14926590025424957,0.20058996975421906,0.7777777910232544,2.200000047683716,0.0007833554409444332,0.002095343079417944,True,False
target,257,135000002,1,False,False,True,True,False,False,contact_stability,contact_stability,-1.0649473667144775,-4.166465759277344,6,9,0.09197519719600677,0.12285066395998001,1.5301032066345215,2.0,1.8551931381225586,2.0,0.17478813230991364,0.17499999701976776,5.0,3.777777910232544,0.008576360531151295,0.004477288573980331,False,False
target,258,135000002,2,False,True,True,False,False,False,contact_stability,success,-4.016608238220215,9.831666946411133,1,9,0.0885085016489029,0.08503226935863495,1.4237720966339111,2.0,1.616819143295288,1.6084970235824585,0.23310811817646027,0.1473880559206009,2.0,0.3333333432674408,0.0031344247981905937,0.0006304619600996375,False,True
target,259,135000002,3,True,False,False,True,False,False,success,contact_stability,11.144935607910156,-3.3017098903656006,9,2,0.07207885384559631,0.09170293807983398,2.0,2.0,2.0,1.8390452861785889,0.1437908560037613,0.21394231915473938,1.4444444179534912,3.0,0.0013086277758702636,0.002487950725480914,True,False
target,260,135000002,4,True,True,False,False,False,False,success,success,10.393922805786133,11.077213287353516,9,9,0.09221828728914261,0.07802977412939072,2.0,1.9088598489761353,1.7701259851455688,2.0,0.14274193346500397,0.14946381747722626,1.6666666269302368,2.444444417953491,0.001512004411779344,0.0023267362266778946,True,True
target,261,135000002,5,True,False,False,True,False,False,success,contact_stability,10.465478897094727,-12.49262523651123,9,7,0.07330533862113953,0.12672315537929535,2.0,2.0,2.0,2.0,0.14157706499099731,0.18317757546901703,1.1111111640930176,4.857142925262451,0.0007221138803288341,0.017894629389047623,True,False
target,262,135000002,6,True,True,False,False,False,False,success,success,9.163114547729492,9.782039642333984,9,9,0.0994228720664978,0.07735931128263474,1.4231107234954834,2.0,2.0,1.9583683013916016,0.1473214328289032,0.13874346017837524,1.0,0.3333333432674408,0.0014276361325755715,0.0003091880353167653,True,True
target,263,135000002,7,False,True,True,False,False,False,lateral_heading_drift,success,-3.7100963592529297,7.812033653259277,9,9,0.10521110147237778,0.10465862601995468,2.0,2.0,1.2728002071380615,1.6586862802505493,0.14575645327568054,0.11935484409332275,0.2222222238779068,0.3333333432674408,8.290544792544097e-05,0.0002199492446379736,False,True
target,264,135000002,8,True,True,False,False,False,False,success,success,8.357892990112305,10.242229461669922,9,9,0.07494199275970459,0.08006369322538376,1.807030439376831,1.963937520980835,2.0,2.0,0.14179104566574097,0.131474107503891,0.2222222238779068,0.5555555820465088,0.0006106264772824943,0.0007764918264001608,True,True
target,265,135000002,9,True,True,False,False,False,False,success,success,4.920809745788574,10.19342041015625,9,9,0.08954920619726181,0.09845622628927231,2.0,2.0,1.9237282276153564,1.155129313468933,0.15921787917613983,0.15348102152347565,2.222222328186035,0.8888888955116272,0.002702462486922741,0.0006500083836726844,True,True
target,266,135000002,10,True,False,False,True,False,False,success,contact_stability,9.600923538208008,-2.2770819664001465,9,9,0.08298934996128082,0.10840713977813721,2.0,2.0,2.0,1.7689610719680786,0.14100000262260437,0.15605096518993378,0.1111111119389534,1.7777777910232544,0.0001319062866969034,0.005046708509325981,True,False
target,267,135000002,11,False,False,True,True,False,False,contact_stability,contact_stability,-3.7829627990722656,-6.499701023101807,8,7,0.08625970780849457,0.12712571024894714,2.0,2.0,1.4656819105148315,2.0,0.1782868504524231,0.1896207630634308,1.75,3.142857313156128,0.004935988690704107,0.004322256427258253,False,False
target,268,135000002,12,True,True,False,False,False,False,success,success,9.78799057006836,12.285364151000977,9,9,0.08431658148765564,0.07522793114185333,2.0,2.0,2.0,2.0,0.13273614645004272,0.12912912666797638,1.1111111640930176,2.1111111640930176,0.0013330450747162104,0.0018821913981810212,True,True
target,269,135000002,13,False,False,True,True,False,False,contact_stability,contact_stability,-3.6476147174835205,-1.284034252166748,5,6,0.14098912477493286,0.10899269580841064,1.559646725654602,1.7028863430023193,2.0,2.0,0.17363344132900238,0.16971279680728912,2.0,2.6666667461395264,0.003701739711686969,0.004398907534778118,False,False
target,270,135000002,14,True,True,False,False,False,False,success,success,8.531866073608398,9.887184143066406,9,9,0.09115912765264511,0.07552585750818253,1.6167393922805786,2.0,2.0,2.0,0.1569579392671585,0.13703703880310059,1.4444444179534912,0.6666666865348816,0.0014776205644011497,0.00105921714566648,True,True
target,271,135000002,15,False,True,True,False,False,False,contact_stability,success,-3.9172518253326416,10.272353172302246,2,9,0.0837993249297142,0.07893276959657669,1.152761697769165,2.0,1.4722990989685059,1.9528827667236328,0.22669491171836853,0.1387283205986023,5.5,0.3333333432674408,0.0032202533911913633,0.0005021996912546456,False,True
target,272,135000002,16,False,True,True,False,False,False,contact_stability,success,-4.7220635414123535,9.454597473144531,9,9,0.10061880946159363,0.08546354621648788,2.0,1.755842924118042,2.0,2.0,0.15881146490573883,0.13893653452396393,0.4444444477558136,0.7777777910232544,0.0003642166266217828,0.000830390490591526,False,True
target,273,135000002,17,False,False,True,True,False,False,contact_stability,contact_stability,-1.2735345363616943,-21.357620239257812,4,7,0.09493125975131989,0.12464797496795654,2.0,2.0,2.0,2.0,0.16935484111309052,0.18528367578983307,2.75,17.71428680419922,0.002592217642813921,0.10748298466205597,False,False
target,274,135000002,18,True,True,False,False,False,False,success,success,5.829705238342285,8.518742561340332,9,9,0.09702316671609879,0.09161970764398575,2.0,1.8144547939300537,2.0,1.5502500534057617,0.14809159934520721,0.12795275449752808,1.2222222089767456,0.2222222238779068,0.0017421714728698134,0.00021070180810056627,True,True
target,275,135000002,19,True,True,False,False,False,False,success,success,10.364446640014648,12.197715759277344,9,9,0.08137683570384979,0.0700950175523758,2.0,1.6187442541122437,2.0,2.0,0.13110749423503876,0.13277693092823029,2.0,2.222222328186035,0.0032528380397707224,0.00233667716383934,True,True
target,276,135000002,20,False,False,True,True,False,False,contact_stability,lateral_heading_drift,-2.0249457359313965,-2.7014288902282715,9,8,0.10222665965557098,0.1078491136431694,2.0,2.0,2.0,2.0,0.16063348948955536,0.17545638978481293,0.4444444477558136,2.25,0.0007536442717537284,0.0025265568401664495,False,False
target,277,135000002,21,True,True,False,False,False,False,success,success,8.454341888427734,10.454645156860352,9,9,0.09802301973104477,0.07719862461090088,1.798628330230713,2.0,2.0,2.0,0.1390070915222168,0.1438240259885788,1.888888955116272,1.0,0.001862511970102787,0.001077381893992424,True,True
target,278,135000002,22,True,True,False,False,False,False,success,success,8.615030288696289,9.062705993652344,9,9,0.09364821761846542,0.07703418284654617,2.0,2.0,2.0,1.9429465532302856,0.15302783250808716,0.15793651342391968,1.3333333730697632,2.555555582046509,0.0010168589651584625,0.0031443070620298386,True,True
target,279,135000002,23,True,True,False,False,False,False,success,success,9.838639259338379,9.524991989135742,9,9,0.08599095791578293,0.08386950939893723,1.6074074506759644,1.5092716217041016,2.0,2.0,0.13235294818878174,0.1346801370382309,1.1111111640930176,0.5555555820465088,0.001407003728672862,0.0010219309478998184,True,True
target,280,135000002,24,True,True,False,False,False,False,success,success,11.183147430419922,10.792414665222168,9,9,0.07323426753282547,0.08318404108285904,2.0,1.6161452531814575,1.8214205503463745,2.0,0.1501479297876358,0.15410497784614563,1.7777777910232544,1.6666666269302368,0.0013086282415315509,0.001074139610864222,True,True
target,281,135000002,25,True,True,False,False,False,False,success,success,10.074172019958496,10.323759078979492,9,9,0.09061835706233978,0.07998410612344742,2.0,2.0,1.4955997467041016,1.9215353727340698,0.13263358175754547,0.1391843855381012,0.1111111119389534,0.4444444477558136,0.00012745986168738455,0.0007937044138088822,True,True
target,282,135000002,26,True,True,False,False,False,False,success,success,11.230674743652344,8.457247734069824,9,9,0.08116753399372101,0.08443986624479294,2.0,2.0,2.0,2.0,0.12199313193559647,0.14560440182685852,1.0,0.6666666865348816,0.0010866801021620631,0.0005487203015945852,True,True
target,283,135000002,27,True,False,False,True,False,False,success,lateral_heading_drift,10.335525512695312,-2.2417197227478027,9,7,0.07952363789081573,0.09974025934934616,1.3500020503997803,1.7604217529296875,2.0,2.0,0.13013698160648346,0.17081448435783386,1.1111111640930176,4.428571701049805,0.0012428422924131155,0.012691683135926723,True,False
target,284,135000002,28,True,True,False,False,False,False,success,success,10.572693824768066,10.764360427856445,9,9,0.0704430416226387,0.09266561269760132,1.9043972492218018,1.187595009803772,2.0,2.0,0.13978494703769684,0.13436928391456604,0.6666666865348816,0.6666666865348816,0.0007876934832893312,0.0007455922313965857,True,True
target,285,135000002,29,True,True,False,False,False,False,success,success,9.062400817871094,9.099807739257812,9,9,0.08768322318792343,0.0806351751089096,2.0,2.0,2.0,2.0,0.13211381435394287,0.14560440182685852,0.1111111119389534,0.2222222238779068,1.2435544704203494e-05,0.00046843072050251067,True,True
target,286,135000002,30,True,True,False,False,False,False,success,success,8.179762840270996,4.306998252868652,9,9,0.10646845400333405,0.10514339804649353,2.0,1.8805809020996094,2.0,2.0,0.14473684132099152,0.16086235642433167,1.888888955116272,2.444444417953491,0.0016550917644053698,0.0023355530574917793,True,True
target,287,135000002,31,False,True,True,False,False,False,contact_stability,success,-1.997988224029541,9.457706451416016,4,9,0.09385409206151962,0.08036582171916962,1.687795877456665,2.0,2.0,1.5864707231521606,0.1850220263004303,0.137068971991539,1.0,0.4444444477558136,0.0005003302358090878,0.0002472482738085091,False,True
target,288,135000002,32,True,False,False,True,False,False,success,contact_stability,9.990394592285156,-3.626422166824341,9,9,0.10927125811576843,0.1062874048948288,2.0,2.0,2.0,2.0,0.1530054658651352,0.19092628359794617,2.1111111640930176,1.7777777910232544,0.002824963303282857,0.002871211152523756,True,False
target,289,135000002,33,True,False,False,True,False,False,success,contact_stability,10.861076354980469,-6.356625556945801,9,6,0.07787562161684036,0.10653874278068542,2.0,2.0,2.0,2.0,0.1272878497838974,0.17839999496936798,1.7777777910232544,4.6666669845581055,0.001396541832946241,0.0066223423928022385,True,False
target,290,135000002,34,True,True,False,False,False,False,success,success,9.96998405456543,9.582578659057617,9,9,0.08144740015268326,0.07423471659421921,2.0,2.0,2.0,2.0,0.12258686870336533,0.14528301358222961,0.4444444477558136,0.4444444477558136,0.0004834346764255315,0.0002347428526263684,True,True
target,291,135000002,35,True,True,False,False,False,False,success,success,9.086585998535156,11.236625671386719,9,9,0.08819247037172318,0.08032765239477158,2.0,1.6459531784057617,1.444804310798645,2.0,0.15186500549316406,0.13929146528244019,1.1111111640930176,1.2222222089767456,0.0009237771737389266,0.0014162830775603652,True,True
target,292,135000002,36,True,True,False,False,False,False,success,success,10.438953399658203,10.486006736755371,9,9,0.08319958299398422,0.07669468224048615,1.8063863515853882,2.0,2.0,2.0,0.13659794628620148,0.13983739912509918,0.8888888955116272,1.0,0.0008185920887626708,0.0008303471258841455,True,True
target,293,135000002,37,True,True,False,False,False,False,success,success,10.040725708007812,11.220100402832031,9,9,0.08446651697158813,0.08393482118844986,1.6884024143218994,2.0,2.0,2.0,0.14082278311252594,0.139776349067688,1.5555555820465088,1.2222222089767456,0.0017269846284762025,0.0014259228482842445,True,True
target,294,135000002,38,False,True,True,False,False,False,contact_stability,success,-3.0838098526000977,9.174283981323242,2,9,0.10070499777793884,0.08785385638475418,1.6197978258132935,1.4335788488388062,1.5156131982803345,2.0,0.17052023112773895,0.12524084746837616,2.5,0.1111111119389534,0.00442690122872591,5.880597200302873e-06,False,True
target,295,135000002,39,True,False,False,True,False,False,success,contact_stability,10.129768371582031,-2.14614200592041,9,4,0.09134873002767563,0.10427238792181015,2.0,2.0,2.0,1.7663685083389282,0.1376306563615799,0.180803582072258,0.8888888955116272,1.0,0.0010859087342396379,0.0006845720927231014,True,False
target,296,135000002,40,True,True,False,False,False,False,success,success,11.129114151000977,11.063431739807129,9,9,0.07493636757135391,0.07298281788825989,2.0,1.536895990371704,2.0,2.0,0.1272577941417694,0.14246824383735657,0.8888888955116272,0.6666666865348816,0.0009015407413244247,0.0005588557105511427,True,True
target,297,135000002,41,False,True,True,False,False,False,contact_stability,success,-4.789584159851074,9.04428768157959,9,9,0.1067262664437294,0.08176720142364502,2.0,1.6178069114685059,2.0,1.3165781497955322,0.1717289686203003,0.12404580414295197,1.2222222089767456,0.2222222238779068,0.006631673313677311,0.00023996076197363436,False,True
target,298,135000002,42,False,False,True,True,False,False,contact_stability,contact_stability,-1.6608293056488037,-3.4269514083862305,6,5,0.09913751482963562,0.12761978805065155,1.9068822860717773,2.0,1.966809630393982,2.0,0.162202388048172,0.17137809097766876,1.5,1.600000023841858,0.0021257945336401463,0.006831970065832138,False,False
target,299,135000002,43,False,True,True,False,False,False,contact_stability,success,-4.089255332946777,8.036850929260254,2,9,0.11061441153287888,0.09551364183425903,1.8372501134872437,2.0,1.618679404258728,2.0,0.23076924681663513,0.14650766551494598,2.0,0.5555555820465088,0.001839179894886911,0.0005456362850964069,False,True
target,300,135000002,44,True,True,False,False,False,False,success,success,7.878666877746582,9.464162826538086,9,9,0.09173853695392609,0.08073029667139053,2.0,1.920080542564392,2.0,2.0,0.14801444113254547,0.1328125,0.7777777910232544,0.4444444477558136,0.0011611523805186152,0.0005351370782591403,True,True
target,301,135000002,45,False,True,True,False,False,False,lateral_heading_drift,success,-2.286557197570801,10.913990020751953,9,9,0.12127161771059036,0.0743575170636177,2.0,2.0,2.0,2.0,0.15566037595272064,0.13604240119457245,0.5555555820465088,1.0,0.0003657963825389743,0.001033811247907579,False,True
target,302,135000002,46,True,True,False,False,False,False,success,success,8.125510215759277,9.905722618103027,9,9,0.09278670698404312,0.07368991523981094,1.740548014640808,2.0,2.0,2.0,0.14456520974636078,0.14618249237537384,0.3333333432674408,0.4444444477558136,0.0003998717584181577,0.00023032378521747887,True,True
target,303,135000002,47,True,True,False,False,False,False,success,success,9.148382186889648,9.786450386047363,9,9,0.08318711072206497,0.0797216147184372,2.0,1.3456536531448364,2.0,2.0,0.14124293625354767,0.1484794318675995,0.2222222238779068,0.6666666865348816,0.0002742753131315112,0.0005634017288684845,True,True
target,304,135000002,48,True,True,False,False,False,False,success,success,9.518264770507812,8.722673416137695,9,9,0.06932089477777481,0.08716019988059998,1.793045997619629,2.0,1.1744768619537354,1.7032544612884521,0.13054607808589935,0.12721893191337585,0.4444444477558136,0.6666666865348816,0.00041321697062812746,0.0010740221478044987,True,True
target,305,135000002,49,True,True,False,False,False,False,success,success,9.78691291809082,9.205013275146484,9,9,0.08318062126636505,0.10131359845399857,2.0,2.0,1.2336962223052979,2.0,0.1407599300146103,0.14488637447357178,0.6666666865348816,0.5555555820465088,0.00036705107777379453,0.0004388563393149525,True,True
target,306,135000002,50,False,True,True,False,False,False,contact_stability,success,-3.982236385345459,7.416487693786621,5,9,0.1059817224740982,0.09261702746152878,1.8019057512283325,2.0,2.0,2.0,0.17546583712100983,0.15017063915729523,3.200000047683716,0.7777777910232544,0.014326137490570545,0.0009746121941134334,False,True
target,307,135000002,51,False,True,True,False,False,False,contact_stability,success,-6.478981971740723,9.073707580566406,9,9,0.1267685443162918,0.07748600095510483,2.0,2.0,2.0,2.0,0.16989247500896454,0.1442125290632248,0.0,0.7777777910232544,6.276788155901158e-08,0.001769714173860848,False,True
target,308,135000002,52,True,True,False,False,False,False,success,success,11.021489143371582,10.647331237792969,9,9,0.08714103698730469,0.08003973215818405,1.6234498023986816,2.0,2.0,2.0,0.14245013892650604,0.13884156942367554,1.0,1.2222222089767456,0.0008481629774905741,0.001175094279460609,True,True
target,309,135000002,53,False,True,True,False,False,False,contact_stability,success,-3.738852024078369,9.080703735351562,4,9,0.15184959769248962,0.08551216125488281,2.0,2.0,2.0,2.0,0.22302158176898956,0.1473214328289032,4.0,0.5555555820465088,0.005469207651913166,0.0008543871808797121,False,True
target,310,135000002,54,True,False,False,True,False,False,success,lateral_heading_drift,11.764747619628906,-0.8272461891174316,9,9,0.06931110471487045,0.10306601971387863,1.9399962425231934,1.6971139907836914,2.0,2.0,0.1292569637298584,0.1704947054386139,2.1111111640930176,2.777777910232544,0.0018277590861544013,0.002298249863088131,True,False
target,311,135000002,55,True,False,False,True,False,False,success,contact_stability,10.695611953735352,-0.7779996395111084,9,8,0.07670889049768448,0.11694686859846115,1.6862237453460693,1.8094617128372192,2.0,2.0,0.13258785009384155,0.18876612186431885,2.3333332538604736,1.75,0.0034217205829918385,0.0019195708446204662,True,False
target,312,135000002,56,False,True,True,False,False,False,lateral_heading_drift,success,-4.517925262451172,10.273818969726562,8,9,0.12024714797735214,0.07524356245994568,2.0,2.0,2.0,2.0,0.16849015653133392,0.1467304676771164,1.625,1.0,0.003593707224354148,0.0009285297710448503,False,True
target,313,135000002,57,False,True,True,False,False,False,contact_stability,success,-0.7676022052764893,8.860578536987305,9,9,0.09811724722385406,0.08129759877920151,2.0,2.0,1.7620612382888794,1.773208498954773,0.1492411494255066,0.14320388436317444,0.3333333432674408,0.6666666865348816,6.213433516677469e-05,0.000597188132815063,False,True
target,314,135000002,58,True,True,False,False,False,False,success,success,9.662435531616211,10.291523933410645,9,9,0.0826931744813919,0.0835878774523735,2.0,2.0,2.0,2.0,0.13963964581489563,0.13172541558742523,0.3333333432674408,0.2222222238779068,0.0004132413596380502,0.00047130632447078824,True,True
target,315,135000002,59,True,True,False,False,False,False,success,success,9.248872756958008,10.939580917358398,9,9,0.09214084595441818,0.08598031103610992,2.0,2.0,1.9226185083389282,2.0,0.1380208432674408,0.14130434393882751,2.777777910232544,1.2222222089767456,0.002100460696965456,0.0008702956838533282,True,True
target,316,135000002,60,True,False,False,True,False,False,success,contact_stability,9.404562950134277,-3.2703299522399902,9,5,0.08260761201381683,0.1308339536190033,2.0,2.0,2.0,2.0,0.131386861205101,0.17667844891548157,0.4444444477558136,1.600000023841858,0.00035323933116160333,0.007849708199501038,True,False
target,317,135000002,61,True,True,False,False,False,False,success,success,10.223596572875977,8.27798843383789,9,9,0.09049844741821289,0.08361160755157471,1.9790315628051758,2.0,2.0,1.4005810022354126,0.13620689511299133,0.15050505101680756,1.1111111640930176,0.6666666865348816,0.0008216940332204103,0.0007112734601832926,True,True
target,318,135000002,62,True,True,False,False,False,False,success,success,9.755341529846191,11.04560661315918,9,9,0.08017952740192413,0.07974924892187119,1.4946136474609375,2.0,2.0,2.0,0.15335051715373993,0.140816330909729,2.444444417953491,2.1111111640930176,0.0018074132967740297,0.0017198278801515698,True,True
target,319,135000002,63,True,False,False,True,False,False,success,contact_stability,10.761028289794922,-4.9973859786987305,9,3,0.07791385054588318,0.11772724241018295,2.0,2.0,2.0,1.3836922645568848,0.14860427379608154,0.20694087445735931,1.6666666269302368,10.0,0.0023396967444568872,0.012527993880212307,True,False
target,320,135000002,64,True,True,False,False,False,False,success,success,10.207595825195312,9.01669979095459,9,9,0.07260191440582275,0.09035671502351761,2.0,2.0,2.0,1.6594712734222412,0.14215686917304993,0.1526479721069336,4.111111164093018,1.7777777910232544,0.004300596192479134,0.00292038731276989,True,True
target,321,135000002,65,True,True,False,False,False,False,success,success,9.067133903503418,9.953608512878418,9,9,0.0807933583855629,0.08748380094766617,2.0,2.0,2.0,2.0,0.15472312271595,0.14525139331817627,0.7777777910232544,0.6666666865348816,0.0008440827950835228,0.0009921359596773982,True,True
target,322,135000002,66,True,False,False,True,False,False,success,contact_stability,7.762887001037598,-4.133671283721924,9,4,0.09306018054485321,0.1480931043624878,2.0,1.6776148080825806,2.0,2.0,0.14821124076843262,0.19186046719551086,1.2222222089767456,1.0,0.0015002443687990308,0.0003777816891670227,True,False
target,323,135000002,67,False,False,True,True,False,False,contact_stability,contact_stability,-6.824643135070801,-2.030087947845459,8,9,0.11396154016256332,0.09619248658418655,2.0,1.8322874307632446,1.73435378074646,2.0,0.17518247663974762,0.17169812321662903,2.5,0.5555555820465088,0.02119949460029602,0.0005114823579788208,False,False
target,324,135000002,68,True,True,False,False,False,False,success,success,9.156111717224121,8.011215209960938,9,9,0.07786517590284348,0.08081376552581787,2.0,2.0,2.0,2.0,0.1473509967327118,0.14662756025791168,1.6666666269302368,2.777777910232544,0.0018848212203010917,0.002193767810240388,True,True
target,325,135000002,69,True,True,False,False,False,False,success,success,3.853142023086548,8.782134056091309,9,9,0.1010298803448677,0.08513227850198746,1.5027689933776855,2.0,2.0,2.0,0.16021671891212463,0.14960630238056183,1.2222222089767456,0.6666666865348816,0.002669404959306121,0.0009240489453077316,True,True
target,326,135000002,70,False,False,True,True,False,False,contact_stability,contact_stability,-1.1107444763183594,-7.644545555114746,6,9,0.10407702624797821,0.11919491738080978,1.7480401992797852,2.0,1.3566380739212036,2.0,0.19221411645412445,0.19957983493804932,1.0,3.1111111640930176,0.0007054022862575948,0.008871722035109997,False,False
target,327,135000002,71,True,True,False,False,False,False,success,success,6.885579586029053,8.390443801879883,9,9,0.10295922309160233,0.10459765046834946,1.9380614757537842,1.530663013458252,1.42022705078125,2.0,0.15676568448543549,0.1500711292028427,1.5555555820465088,0.7777777910232544,0.001669268007390201,0.0010839342139661312,True,True
target,328,135000002,72,False,True,True,False,False,False,lateral_heading_drift,success,-2.645120859146118,10.082717895507812,7,9,0.11519069969654083,0.09250609576702118,2.0,1.8307890892028809,2.0,2.0,0.18763326108455658,0.13973063230514526,2.5714287757873535,1.1111111640930176,0.005356916692107916,0.001830585882999003,False,True
target,329,135000002,73,True,True,False,False,False,False,success,success,8.449090957641602,9.642778396606445,9,9,0.08614478260278702,0.07556672394275665,2.0,1.4422293901443481,2.0,2.0,0.14040404558181763,0.12424243241548538,0.1111111119389534,0.3333333432674408,0.0005164492758922279,0.0005834483308717608,True,True
target,330,135000002,74,True,True,False,False,False,False,success,success,10.602344512939453,5.491391181945801,9,9,0.08021893352270126,0.10616517812013626,2.0,2.0,1.9501817226409912,2.0,0.13513514399528503,0.16237114369869232,0.3333333432674408,0.8888888955116272,0.0001680808054516092,0.0007505284738726914,True,True
target,331,135000002,75,False,False,True,True,False,False,contact_stability,contact_stability,-4.097719669342041,-3.9951701164245605,9,9,0.1132766529917717,0.1118585392832756,2.0,2.0,2.0,2.0,0.17880085110664368,0.1753246784210205,0.8888888955116272,0.4444444477558136,0.00551192183047533,0.0003763556887861341,False,False
target,332,135000002,76,False,True,True,False,False,False,contact_stability,success,-1.4823458194732666,11.20181655883789,9,9,0.09241963177919388,0.08742371946573257,1.6919344663619995,1.900936484336853,2.0,2.0,0.16518650949001312,0.12439024448394775,0.8888888955116272,0.6666666865348816,0.0017300450708717108,0.00038507531280629337,False,True
target,333,135000002,77,True,True,False,False,False,False,success,success,10.594779014587402,9.456256866455078,9,9,0.09343565255403519,0.07847991585731506,1.855266809463501,1.7498704195022583,1.6143441200256348,2.0,0.15432098507881165,0.15227271616458893,2.444444417953491,2.222222328186035,0.0026150767225772142,0.002485045697540045,True,True
target,334,135000002,78,True,True,False,False,False,False,success,success,11.647598266601562,9.495250701904297,9,9,0.08064864575862885,0.08760333806276321,1.794050693511963,2.0,2.0,1.7868664264678955,0.146487295627594,0.14469178020954132,1.1111111640930176,1.0,0.0014022733084857464,0.0009053855901584029,True,True
target,335,135000002,79,True,True,False,False,False,False,success,success,9.171337127685547,8.164838790893555,9,9,0.08270499855279922,0.098599873483181,2.0,2.0,2.0,2.0,0.14208632707595825,0.12683437764644623,0.3333333432674408,0.0,0.0002617170102894306,6.30463716788654e-08,True,False
target,336,135000002,80,True,True,False,False,False,False,success,success,11.050895690917969,6.792795181274414,9,9,0.07861786335706711,0.11406657099723816,2.0,2.0,2.0,2.0,0.13941480219364166,0.15793780982494354,1.2222222089767456,1.7777777910232544,0.0007736215484328568,0.0013491184217855334,True,True
target,337,135000002,81,True,True,False,False,False,False,success,success,8.518661499023438,8.684295654296875,9,9,0.09550531953573227,0.09773626923561096,2.0,1.8814911842346191,2.0,2.0,0.13864818215370178,0.15109890699386597,0.7777777910232544,1.4444444179534912,0.00041241711005568504,0.0013820236781612039,True,True
target,338,135000002,82,True,True,False,False,False,False,success,success,10.478633880615234,11.794065475463867,9,9,0.08631957322359085,0.07406274974346161,2.0,2.0,2.0,1.7189991474151611,0.14295874536037445,0.1321321427822113,3.444444417953491,3.444444417953491,0.002630403731018305,0.0033786874264478683,True,True
target,339,135000002,83,True,True,False,False,False,False,success,success,9.8719482421875,8.170156478881836,9,9,0.08029502630233765,0.08271123468875885,2.0,2.0,2.0,2.0,0.14092664420604706,0.1469026505947113,0.7777777910232544,0.5555555820465088,0.0005811220617033541,0.0007465709350071847,True,True
target,340,135000002,84,True,True,False,False,False,False,success,success,8.401915550231934,10.107269287109375,9,9,0.09183825552463531,0.08250056952238083,2.0,1.496986746788025,2.0,2.0,0.1449016034603119,0.12309160083532333,0.3333333432674408,0.2222222238779068,0.0003277381765656173,0.0002425897982902825,True,True
target,341,135000002,85,True,False,False,True,False,False,success,contact_stability,9.222299575805664,-3.0941896438598633,9,9,0.09760556370019913,0.10847381502389908,1.9261611700057983,1.5180096626281738,2.0,2.0,0.14694656431674957,0.16701681911945343,0.1111111119389534,0.5555555820465088,0.00016913692525122315,0.0022515261080116034,True,False
target,342,135000002,86,True,True,False,False,False,False,success,success,9.973506927490234,8.428332328796387,9,9,0.09802550822496414,0.11172451823949814,2.0,1.4930466413497925,2.0,2.0,0.13349515199661255,0.14946071803569794,1.1111111640930176,1.3333333730697632,0.000667839718516916,0.000972032779827714,True,True
target,343,135000002,87,True,True,False,False,False,False,success,success,9.179808616638184,9.478239059448242,9,9,0.08392123878002167,0.08471493422985077,2.0,1.9047490358352661,2.0,1.826636552810669,0.14272387325763702,0.14365671575069427,0.7777777910232544,0.2222222238779068,0.0012673669261857867,0.0006978504825383425,True,True
target,344,135000002,88,True,True,False,False,False,False,success,success,11.394454956054688,10.044937133789062,9,9,0.08328547328710556,0.07846251130104065,2.0,2.0,2.0,2.0,0.13165681064128876,0.14617691934108734,1.2222222089767456,2.222222328186035,0.00137125956825912,0.0025964626111090183,True,True
target,345,135000002,89,True,False,False,True,False,False,success,contact_stability,10.990649223327637,-2.5103201866149902,9,8,0.07163356989622116,0.10328736901283264,2.0,2.0,2.0,1.7853518724441528,0.13202247023582458,0.15426497161388397,0.6666666865348816,1.125,0.000997202005237341,0.0012571692932397127,True,False
target,346,135000002,90,True,False,False,True,False,False,success,contact_stability,9.564186096191406,0.17443418502807617,9,9,0.078151635825634,0.09609954804182053,2.0,1.9347362518310547,1.9024385213851929,2.0,0.1606864333152771,0.16505636274814606,1.888888955116272,2.1111111640930176,0.0025153481401503086,0.0016428149538114667,True,False
target,347,135000002,91,True,False,False,True,False,False,success,contact_stability,8.391168594360352,-1.7027544975280762,9,2,0.08913640677928925,0.10587268322706223,1.5265848636627197,1.623853087425232,2.0,1.7008930444717407,0.14892183244228363,0.19999998807907104,3.3333332538604736,6.0,0.003756909165531397,0.0046667661517858505,True,False
target,348,135000002,92,True,True,False,False,False,False,success,success,10.141738891601562,9.938671112060547,9,9,0.07802160829305649,0.08509891480207443,1.9973101615905762,2.0,1.8125368356704712,2.0,0.12404580414295197,0.1492805778980255,0.4444444477558136,0.4444444477558136,0.0003119429457001388,0.0005742661305703223,True,True
target,349,135000002,93,True,True,False,False,False,False,success,success,9.757492065429688,8.962634086608887,9,9,0.08929319679737091,0.08868976682424545,2.0,1.9677096605300903,2.0,2.0,0.16172106564044952,0.13458110392093658,1.1111111640930176,0.5555555820465088,0.0007067768601700664,0.00039052419015206397,True,True
target,350,135000002,94,True,False,False,True,False,False,success,contact_stability,11.007678985595703,-1.0411748886108398,9,6,0.09230556339025497,0.08584704250097275,2.0,1.4070979356765747,2.0,1.7767531871795654,0.14328809082508087,0.1621951162815094,1.5555555820465088,3.5,0.00137110345531255,0.006593146361410618,True,False
target,351,135000002,95,True,False,False,True,False,False,success,contact_stability,9.144647598266602,-1.4295344352722168,9,6,0.08957895636558533,0.12423726171255112,1.4398791790008545,1.7950797080993652,2.0,2.0,0.14311593770980835,0.18271954357624054,1.5555555820465088,0.8333333730697632,0.0018377985106781125,0.0010168099543079734,True,False
target,352,135000002,96,True,True,False,False,False,False,success,success,8.408241271972656,5.801158428192139,9,9,0.09301671385765076,0.10456044971942902,2.0,2.0,2.0,2.0,0.1450381726026535,0.1594982147216797,0.2222222238779068,1.4444444179534912,0.0003675110638141632,0.0013333281967788935,True,True
target,353,135000002,97,False,False,True,True,False,False,lateral_heading_drift,contact_stability,-0.9182562828063965,-3.913419008255005,7,4,0.10962556302547455,0.12074897438287735,2.0,1.763289451599121,2.0,2.0,0.17028985917568207,0.1871165633201599,1.7142858505249023,2.25,0.006631751079112291,0.003476519836112857,False,False
target,354,135000002,98,True,False,False,True,False,False,success,contact_stability,11.062637329101562,-1.6750593185424805,9,9,0.0821814090013504,0.10050220787525177,1.2701088190078735,1.8404902219772339,1.7529771327972412,1.4096205234527588,0.13141025602817535,0.16247905790805817,1.3333333730697632,0.8888888955116272,0.0011521714041009545,0.0007677924004383385,True,False
target,355,135000002,99,True,True,False,False,False,False,success,success,9.119787216186523,10.046455383300781,9,9,0.08410073071718216,0.08561444282531738,2.0,2.0,2.0,2.0,0.1510673314332962,0.13181817531585693,0.7777777910232544,0.5555555820465088,0.0006691999733448029,0.0013019306352362037,True,True
target,356,135000002,100,True,True,False,False,False,False,success,success,10.263467788696289,9.30313491821289,9,9,0.0836004987359047,0.10299750417470932,1.5965297222137451,2.0,2.0,1.4882863759994507,0.13145160675048828,0.15635739266872406,0.5555555820465088,1.5555555820465088,0.0004736138798762113,0.0016194358468055725,True,True
target,357,135000002,101,True,False,False,True,False,False,success,contact_stability,10.59183406829834,-7.676421165466309,9,7,0.07308809459209442,0.10720266401767731,2.0,1.7442909479141235,2.0,2.0,0.15196079015731812,0.17292490601539612,0.8888888955116272,3.142857313156128,0.0007336274138651788,0.0121274059638381,True,False
target,358,135000002,102,True,False,False,True,False,False,success,contact_stability,10.843399047851562,-1.6075232028961182,9,7,0.0802522674202919,0.11066069453954697,2.0,2.0,2.0,2.0,0.1405172348022461,0.17588932812213898,0.5555555820465088,3.5714287757873535,0.0006446194602176547,0.005840550176799297,True,False
target,359,135000002,103,True,True,False,False,False,False,success,success,8.837425231933594,9.135895729064941,9,9,0.08465128391981125,0.08995907753705978,2.0,2.0,2.0,2.0,0.12970297038555145,0.14230018854141235,0.1111111119389534,0.5555555820465088,0.0001539612130727619,0.0003056584973819554,True,True
target,360,135000002,104,True,True,False,False,False,False,success,success,10.069046974182129,8.201384544372559,9,9,0.0980147048830986,0.08433138579130173,2.0,2.0,2.0,2.0,0.13765542209148407,0.13892710208892822,0.4444444477558136,1.2222222089767456,0.0002845439885277301,0.0006379567785188556,True,True
target,361,135000002,105,True,True,False,False,False,False,success,success,7.6618876457214355,9.082390785217285,9,9,0.08596307039260864,0.08303900063037872,2.0,2.0,2.0,2.0,0.1551724076271057,0.13312368094921112,0.1111111119389534,0.4444444477558136,0.00044082102249376476,0.0007800402236171067,True,True
target,362,135000002,106,True,True,False,False,False,False,success,success,8.897374153137207,7.677254676818848,9,9,0.08943962305784225,0.1080753281712532,2.0,2.0,1.8470937013626099,2.0,0.1495145708322525,0.12417583167552948,0.5555555820465088,0.2222222238779068,0.0008671379764564335,0.0004444706719368696,True,True
target,363,135000002,107,True,True,False,False,False,False,success,success,10.019433975219727,10.11171817779541,9,9,0.08213797956705093,0.0774582028388977,2.0,1.9452003240585327,1.9816241264343262,2.0,0.13683432340621948,0.14991481602191925,1.3333333730697632,0.8888888955116272,0.0014346648240461946,0.0007238407270051539,True,True
target,364,135000002,108,True,True,False,False,False,False,success,success,11.550350189208984,10.175153732299805,9,9,0.07667311280965805,0.08239326626062393,2.0,1.2939186096191406,1.4003890752792358,1.3315976858139038,0.14013606309890747,0.1393568217754364,1.5555555820465088,1.888888955116272,0.0010826969519257545,0.0028081650380045176,True,True
target,365,135000002,109,True,True,False,False,False,False,success,success,10.700048446655273,10.017003059387207,9,9,0.07888491451740265,0.08465677499771118,1.5616763830184937,2.0,1.9995131492614746,2.0,0.1423785537481308,0.14776358008384705,1.1111111640930176,1.4444444179534912,0.0009219261119142175,0.0010437166783958673,True,True
target,366,135000002,110,True,True,False,False,False,False,success,success,11.199213027954102,5.13951301574707,9,9,0.07679879665374756,0.10205233842134476,1.4919345378875732,2.0,2.0,2.0,0.13613446056842804,0.15625,1.4444444179534912,0.4444444477558136,0.0011510909534990788,0.0003254561161156744,True,True
target,367,135000002,111,False,True,True,False,False,False,contact_stability,success,-4.5359368324279785,9.68237018585205,5,9,0.13986635208129883,0.07902640849351883,2.0,2.0,1.9742509126663208,2.0,0.2395833432674408,0.13327032327651978,2.200000047683716,0.4444444477558136,0.004704155959188938,0.0009109431994147599,False,True
target,368,135000002,112,True,True,False,False,False,False,success,success,10.105539321899414,9.480230331420898,9,9,0.08196725696325302,0.08522185683250427,2.0,2.0,2.0,2.0,0.1436077058315277,0.1359127014875412,0.3333333432674408,0.2222222238779068,0.0009086733916774392,0.00023259206500370055,True,True
target,369,135000002,113,True,False,False,True,False,False,success,contact_stability,9.983858108520508,-3.2275149822235107,9,9,0.0810658261179924,0.09005029499530792,2.0,2.0,2.0,2.0,0.1340508759021759,0.16555184125900269,0.7777777910232544,0.3333333432674408,0.0020731401164084673,0.00046755248331464827,True,False
target,370,135000002,114,True,True,False,False,False,False,success,success,10.5961275100708,9.671571731567383,9,9,0.07624194025993347,0.08342129737138748,2.0,1.5429071187973022,1.4591224193572998,2.0,0.13932980597019196,0.13636364042758942,1.1111111640930176,0.6666666865348816,0.0014877179637551308,0.0008310814155265689,True,True
target,371,135000002,115,False,False,True,True,False,False,contact_stability,contact_stability,-1.8543004989624023,-7.4594292640686035,4,8,0.10750705003738403,0.10060974955558777,1.907894492149353,2.0,2.0,1.3745810985565186,0.17581048607826233,0.18123862147331238,7.5,5.375,0.008953914977610111,0.030253054574131966,False,False
target,372,135000002,116,True,True,False,False,False,False,success,success,8.852725982666016,9.44968032836914,9,9,0.09223655611276627,0.07996529340744019,2.0,1.7047631740570068,1.201268196105957,1.7894433736801147,0.13346228003501892,0.1371428519487381,0.3333333432674408,0.8888888955116272,0.00020704221969936043,0.0011488498421385884,True,True
target,373,135000002,117,True,True,False,False,False,False,success,success,9.533591270446777,9.54578971862793,9,9,0.08342441916465759,0.08002343028783798,2.0,2.0,1.5210964679718018,2.0,0.13311688601970673,0.1507064402103424,0.4444444477558136,1.3333333730697632,0.0003491406387183815,0.0010455622104927897,True,True
target,374,135000002,118,True,True,False,False,False,False,success,success,9.999837875366211,10.35752010345459,9,9,0.0789312943816185,0.07926691323518753,2.0,1.750705599784851,1.6222381591796875,2.0,0.14220184087753296,0.1358024626970291,0.6666666865348816,0.2222222238779068,0.0006738553056493402,0.00019185332348570228,True,True
target,375,135000002,119,True,False,False,True,False,False,success,contact_stability,11.170738220214844,-0.11049985885620117,9,9,0.08623944967985153,0.10465499013662338,2.0,2.0,1.8500221967697144,2.0,0.13875968754291534,0.17499999701976776,1.6666666269302368,2.8888888359069824,0.0019079723861068487,0.0028527549002319574,True,False
target,376,135000002,120,True,True,False,False,False,False,success,success,10.215913772583008,10.744881629943848,9,9,0.08209369331598282,0.08257661014795303,2.0,2.0,2.0,1.5832738876342773,0.1295025795698166,0.1336134523153305,2.0,1.1111111640930176,0.0019887147936969995,0.0015239825006574392,True,True
target,377,135000002,121,False,True,True,False,False,False,contact_stability,success,-1.9193851947784424,11.480013847351074,9,9,0.10536101460456848,0.07077483832836151,1.7821968793869019,2.0,2.0,2.0,0.16472868621349335,0.14576801657676697,1.888888955116272,1.888888955116272,0.0023571294732391834,0.0015524706104770303,False,True
target,378,135000002,122,True,False,False,True,False,False,success,contact_stability,6.51273250579834,-0.6157069206237793,9,9,0.09802603721618652,0.0967782735824585,2.0,1.362327218055725,2.0,2.0,0.14176571369171143,0.15651261806488037,1.3333333730697632,1.7777777910232544,0.0014230509987100959,0.0034279620740562677,True,False
target,379,135000002,123,True,False,False,True,False,False,success,lateral_heading_drift,8.606302261352539,-3.6441097259521484,9,8,0.08673466742038727,0.11750135570764542,2.0,2.0,2.0,2.0,0.16011787950992584,0.18940937519073486,0.4444444477558136,1.25,0.0008798324270173907,0.001417250488884747,True,False
target,380,135000002,124,False,False,True,True,False,False,contact_stability,contact_stability,-1.7298195362091064,-10.517220497131348,4,8,0.08955077826976776,0.12026595324277878,0.7982640862464905,1.9556171894073486,1.3334238529205322,2.0,0.16737288236618042,0.19705341756343842,1.5,2.875,0.001057671383023262,0.012101829051971436,False,False
target,381,135000002,125,False,False,True,True,False,False,lateral_heading_drift,contact_stability,-1.0589759349822998,-8.346107482910156,9,6,0.10364513844251633,0.10869753360748291,1.993878960609436,2.0,2.0,2.0,0.16637323796749115,0.17687074840068817,1.3333333730697632,5.6666669845581055,0.001105356146581471,0.024032991379499435,False,False
target,382,135000002,126,True,True,False,False,False,False,success,success,7.859432220458984,8.228878021240234,9,9,0.09720919281244278,0.10139778256416321,2.0,1.7202316522598267,1.738288164138794,2.0,0.14203454554080963,0.14884135127067566,0.2222222238779068,0.8888888955116272,0.00018628155521582812,0.0008831011364236474,True,True
target,383,135000002,127,False,False,True,True,False,False,contact_stability,contact_stability,-2.646221160888672,-2.0472259521484375,4,3,0.10208454728126526,0.09497290849685669,2.0,1.5397087335586548,1.157072901725769,1.7746223211288452,0.17843866348266602,0.20815449953079224,1.25,0.3333333432674408,0.0019331029616296291,0.0001549618027638644,False,False
target,384,135000003,0,True,False,False,True,False,False,success,contact_stability,8.224113464355469,-2.2485523223876953,9,7,0.09706474095582962,0.11428579688072205,2.0,2.0,1.916223168373108,2.0,0.15298506617546082,0.181571826338768,0.6666666865348816,1.2857143878936768,0.00048723575309850276,0.002298494102433324,True,False
target,385,135000003,1,False,True,True,False,False,False,contact_stability,success,-3.362403392791748,10.750286102294922,1,9,0.08821766078472137,0.073283351957798,1.739679217338562,1.2378531694412231,2.0,2.0,0.24149659276008606,0.13520871102809906,1.0,0.8888888955116272,9.67249070527032e-05,0.000934554438572377,False,True
target,386,135000003,2,False,True,True,False,False,False,contact_stability,success,-1.4869730472564697,10.547880172729492,4,9,0.08351074159145355,0.07044550776481628,1.7030597925186157,1.1888853311538696,1.8478280305862427,2.0,0.16417910158634186,0.12857142090797424,0.5,0.5555555820465088,0.00017182316514663398,0.0009584062499925494,False,True
target,387,135000003,3,False,False,True,True,False,False,contact_stability,contact_stability,-9.050500869750977,-3.069864511489868,9,9,0.11860328912734985,0.10057546943426132,2.0,2.0,1.7047909498214722,1.6426056623458862,0.1896226406097412,0.17169812321662903,1.1111111640930176,2.444444417953491,0.0009589138207957149,0.007201096508651972,False,False
target,388,135000003,4,True,False,False,True,False,False,success,contact_stability,9.156342506408691,-8.552581787109375,9,8,0.09563399851322174,0.1009845957159996,1.4036837816238403,2.0,1.3655258417129517,2.0,0.14464285969734192,0.18099547922611237,0.8888888955116272,3.25,0.000846737006213516,0.03477160260081291,True,False
target,389,135000003,5,True,True,False,False,False,False,success,success,11.374231338500977,11.128400802612305,9,9,0.08776429295539856,0.08042477816343307,1.9869176149368286,2.0,2.0,2.0,0.13807189464569092,0.1399676352739334,1.5555555820465088,1.888888955116272,0.001504848594777286,0.0022242336999624968,True,True
target,390,135000003,6,True,True,False,False,False,False,success,success,9.892459869384766,7.715724468231201,9,9,0.0737023577094078,0.09504760801792145,2.0,2.0,2.0,1.5788612365722656,0.1494949609041214,0.14737793803215027,0.3333333432674408,0.8888888955116272,0.000512485858052969,0.0006481253076344728,True,True
target,391,135000003,7,False,True,True,False,False,False,lateral_heading_drift,success,-1.5402395725250244,8.136195182800293,6,9,0.07711497694253922,0.07810571044683456,2.0,2.0,2.0,2.0,0.17028985917568207,0.14311270415782928,3.0,1.4444444179534912,0.008520333096385002,0.0018806734587997198,False,True
target,392,135000003,8,False,True,True,False,False,False,lateral_heading_drift,success,-1.6726703643798828,7.774472236633301,9,9,0.1210104376077652,0.10142218321561813,2.0,2.0,2.0,2.0,0.162222221493721,0.1625475287437439,1.2222222089767456,0.6666666865348816,0.0016516030300408602,0.0006358486134558916,False,True
target,393,135000003,9,True,False,False,True,False,False,success,contact_stability,11.108196258544922,-4.129098892211914,9,6,0.06337587535381317,0.12909935414791107,2.0,2.0,1.8478107452392578,1.710949420928955,0.13831478357315063,0.187158465385437,1.0,0.6666666865348816,0.0013282842701300979,0.0004189606406725943,True,False
target,394,135000003,10,False,True,True,False,False,False,contact_stability,success,-1.0465724468231201,10.300897598266602,8,9,0.10005499422550201,0.07741521298885345,1.9416614770889282,1.8514388799667358,2.0,2.0,0.16554054617881775,0.12109375,1.625,0.4444444477558136,0.0023742052726447582,0.0006814033258706331,False,True
target,395,135000003,11,False,True,True,False,False,False,contact_stability,success,-0.44579648971557617,10.015643119812012,6,9,0.1019897311925888,0.09284565597772598,2.0,2.0,1.7191365957260132,1.4185338020324707,0.16571427881717682,0.14983443915843964,2.1666667461395264,1.0,0.0034248637966811657,0.0010302253067493439,False,True
target,396,135000003,12,True,True,False,False,False,False,success,success,8.778131484985352,9.155645370483398,9,9,0.08916887640953064,0.08339543640613556,1.4992456436157227,1.7418179512023926,2.0,1.9882709980010986,0.1372007429599762,0.1463414579629898,0.8888888955116272,1.5555555820465088,0.0007074438617564738,0.003040222218260169,True,True
target,397,135000003,13,True,True,False,False,False,False,success,success,9.820966720581055,10.197189331054688,9,9,0.08375351876020432,0.07510201632976532,1.9326081275939941,1.9970568418502808,2.0,2.0,0.13152804970741272,0.13471971452236176,0.2222222238779068,0.7777777910232544,0.00019664726278278977,0.0022157474886626005,True,True
target,398,135000003,14,True,True,False,False,False,False,success,success,10.279740333557129,10.148357391357422,9,9,0.0763842910528183,0.07775057107210159,1.6481364965438843,2.0,2.0,2.0,0.13783784210681915,0.1423220932483673,0.7777777910232544,0.5555555820465088,0.0007213301141746342,0.0006299407104961574,True,True
target,399,135000003,15,True,True,False,False,False,False,success,success,10.936063766479492,10.574409484863281,9,9,0.07984994351863861,0.0796409621834755,1.7725517749786377,2.0,2.0,0.9824770092964172,0.1419847309589386,0.15190839767456055,1.6666666269302368,2.222222328186035,0.001202851184643805,0.0018296948401257396,True,True
target,400,135000003,16,True,True,False,False,False,False,success,success,8.703898429870605,9.642789840698242,9,9,0.08847356587648392,0.08496134728193283,2.0,1.564741849899292,2.0,2.0,0.1344086080789566,0.13351254165172577,0.2222222238779068,1.0,0.00020932601182721555,0.0010449460241943598,True,True
target,401,135000003,17,False,True,True,False,False,False,contact_stability,success,-5.187897205352783,9.412894248962402,9,9,0.10446911305189133,0.09074417501688004,2.0,2.0,1.794831395149231,2.0,0.15067340433597565,0.127976194024086,0.2222222238779068,0.1111111119389534,0.0014378165360540152,0.00017039220256265253,False,True
target,402,135000003,18,False,False,True,True,False,False,contact_stability,contact_stability,-0.40024447441101074,-1.189389705657959,9,4,0.10182202607393265,0.08477090299129486,2.0,1.3462092876434326,2.0,1.814163088798523,0.1746031641960144,0.18793103098869324,1.6666666269302368,3.25,0.0017976649105548859,0.0037905198987573385,False,False
target,403,135000003,19,True,False,False,True,False,False,success,contact_stability,7.303906440734863,-2.360527992248535,9,9,0.10837188363075256,0.0975053533911705,2.0,1.7386811971664429,2.0,2.0,0.1663326621055603,0.16027088463306427,1.0,2.0,0.0011987953912466764,0.006773768458515406,True,False
target,404,135000003,20,True,True,False,False,False,False,success,success,11.89156723022461,9.468025207519531,9,9,0.0740247592329979,0.08766629546880722,1.6664271354675293,2.0,2.0,2.0,0.13941605389118195,0.15760870277881622,3.222222328186035,4.111111164093018,0.003564237616956234,0.0034747724421322346,True,True
target,405,135000003,21,True,True,False,False,False,False,success,success,8.271656036376953,9.533405303955078,9,9,0.08980797976255417,0.07683643698692322,1.8274447917938232,2.0,1.7862282991409302,2.0,0.16607142984867096,0.15259739756584167,0.5555555820465088,1.0,0.000696363509632647,0.0006768215098418295,True,True
target,406,135000003,22,True,True,False,False,False,False,success,success,10.205487251281738,7.940246105194092,9,9,0.08111501485109329,0.10216618329286575,2.0,1.909169316291809,2.0,2.0,0.13980582356452942,0.13883090019226074,0.3333333432674408,0.4444444477558136,0.0005418554064817727,0.00043746153824031353,True,True
target,407,135000003,23,True,True,False,False,False,False,success,success,9.990852355957031,10.027170181274414,9,9,0.08196272701025009,0.09648894518613815,2.0,2.0,2.0,1.4927966594696045,0.13333334028720856,0.15021459758281708,0.8888888955116272,1.0,0.001104783732444048,0.0013126335106790066,True,True
target,408,135000003,24,True,True,False,False,False,False,success,success,9.984790802001953,8.681069374084473,9,9,0.07219657301902771,0.07844086736440659,1.8277966976165771,2.0,2.0,2.0,0.13636364042758942,0.14078497886657715,0.7777777910232544,0.7777777910232544,0.0008302612695842981,0.000867691240273416,True,True
target,409,135000003,25,False,False,True,True,False,False,contact_stability,contact_stability,-3.3490495681762695,-7.896287441253662,9,5,0.11571856588125229,0.13213233649730682,2.0,1.3881800174713135,2.0,2.0,0.14902998507022858,0.18553458154201508,0.2222222238779068,3.799999952316284,0.0003291671455372125,0.02786300890147686,False,False
target,410,135000003,26,True,True,False,False,False,False,success,success,11.682209014892578,10.080639839172363,9,9,0.07517547905445099,0.08793843537569046,1.244345784187317,2.0,1.9109631776809692,2.0,0.13297045230865479,0.14565826952457428,2.0,2.444444417953491,0.0021298974752426147,0.0018243830418214202,True,True
target,411,135000003,27,True,False,False,True,False,False,success,contact_stability,10.08230972290039,-2.711127996444702,9,2,0.07824013382196426,0.1071821004152298,1.90077805519104,2.0,2.0,2.0,0.13188976049423218,0.24836601316928864,0.1111111119389534,1.0,0.0003713597543537617,0.0004082733066752553,True,False
target,412,135000003,28,True,False,False,True,False,False,success,contact_stability,9.804117202758789,-3.9412972927093506,9,4,0.0779886245727539,0.11115319281816483,1.9104650020599365,1.535758376121521,2.0,1.9151357412338257,0.1434359848499298,0.17613637447357178,1.2222222089767456,5.0,0.0012121228501200676,0.010702323168516159,True,False
target,413,135000003,29,True,True,False,False,False,False,success,success,10.606761932373047,9.539083480834961,9,9,0.08274082094430923,0.08714494109153748,2.0,1.8888005018234253,2.0,1.6355631351470947,0.1342729926109314,0.14830508828163147,2.1111111640930176,2.777777910232544,0.0011012492468580604,0.002310846233740449,True,True
target,414,135000003,30,True,True,False,False,False,False,success,success,10.043784141540527,9.618974685668945,9,9,0.07161958515644073,0.08401409536600113,2.0,2.0,2.0,2.0,0.1364503800868988,0.1423220932483673,0.6666666865348816,0.8888888955116272,0.0002956894168164581,0.0009833077201619744,True,True
target,415,135000003,31,True,True,False,False,False,False,success,success,11.875616073608398,10.590003967285156,9,9,0.07469454407691956,0.0916605070233345,2.0,2.0,2.0,2.0,0.13649851083755493,0.135869562625885,1.3333333730697632,1.1111111640930176,0.0011979962000623345,0.0011168640339747071,True,True
target,416,135000003,32,True,False,False,True,False,False,success,contact_stability,9.65517807006836,-3.389068126678467,9,7,0.07990103214979172,0.11706092208623886,2.0,2.0,2.0,2.0,0.1325301229953766,0.19110578298568726,0.2222222238779068,1.7142858505249023,0.00016671193588990718,0.0017912796465680003,True,False
target,417,135000003,33,False,True,True,False,False,False,contact_stability,success,-1.7132139205932617,10.352434158325195,8,9,0.10661611706018448,0.08097504079341888,2.0,2.0,2.0,2.0,0.17703862488269806,0.14576801657676697,3.0,2.1111111640930176,0.005052093882113695,0.001723640481941402,False,True
target,418,135000003,34,False,False,True,True,False,False,contact_stability,contact_stability,-2.770343065261841,-1.9291157722473145,9,8,0.10928329825401306,0.09114080667495728,2.0,2.0,2.0,2.0,0.18894830346107483,0.17041198909282684,2.555555582046509,3.0,0.0020791601855307817,0.0032468850258737803,False,False
target,419,135000003,35,True,True,False,False,False,False,success,success,8.314915657043457,8.575679779052734,9,9,0.08806594461202621,0.07042010873556137,2.0,2.0,1.7994643449783325,1.6395801305770874,0.15080644190311432,0.16286644339561462,1.1111111640930176,0.7777777910232544,0.0011191763915121555,0.0009490654338151217,True,True
target,420,135000003,36,True,True,False,False,False,False,success,success,10.443473815917969,10.920928001403809,9,9,0.08805853873491287,0.09228172898292542,2.0,1.8267176151275635,2.0,1.8810662031173706,0.13824884593486786,0.13944530487060547,2.0,1.4444444179534912,0.0026470678858458996,0.001648503472097218,True,True
target,421,135000003,37,True,False,False,True,False,False,success,contact_stability,10.617902755737305,-0.2888071537017822,9,7,0.08916331827640533,0.09142062067985535,2.0,2.0,1.6277927160263062,2.0,0.14499999582767487,0.16438356041908264,1.7777777910232544,2.4285714626312256,0.0015903826570138335,0.0031938354950398207,True,False
target,422,135000003,38,True,True,False,False,False,False,success,success,8.694406509399414,10.947216033935547,9,9,0.08901303261518478,0.07539862394332886,2.0,1.2351447343826294,2.0,2.0,0.14615385234355927,0.13535912334918976,0.4444444477558136,0.5555555820465088,0.0009144562063738704,0.00028777107945643365,True,True
target,423,135000003,39,True,True,False,False,False,False,success,success,8.849979400634766,8.421302795410156,9,9,0.09253709018230438,0.08108412474393845,2.0,2.0,2.0,2.0,0.1456310749053955,0.13883090019226074,0.3333333432674408,0.5555555820465088,0.0005388392019085586,0.0007576793432235718,True,True
target,424,135000003,40,True,True,False,False,False,False,success,success,9.564970970153809,10.347443580627441,9,9,0.09263516217470169,0.06971152871847153,1.5939700603485107,1.7410252094268799,2.0,2.0,0.1335616409778595,0.13807891309261322,0.5555555820465088,1.888888955116272,0.0006782902055419981,0.002101945923641324,True,True
target,425,135000003,41,False,True,True,False,False,False,lateral_heading_drift,success,-2.8570237159729004,9.98272705078125,9,9,0.11569911986589432,0.08526566624641418,1.983933687210083,1.4417296648025513,2.0,2.0,0.1697038859128952,0.1349911242723465,0.4444444477558136,0.6666666865348816,0.0010044671362265944,0.000911131442990154,False,True
target,426,135000003,42,True,False,False,True,False,False,success,contact_stability,11.306653022766113,-2.058748960494995,9,8,0.07288440316915512,0.12035220861434937,1.2379785776138306,1.647680401802063,2.0,2.0,0.1336805522441864,0.1631944477558136,0.3333333432674408,0.875,0.0005032474873587489,0.0030895061790943146,True,False
target,427,135000003,43,True,True,False,False,False,False,success,success,8.987405776977539,10.323193550109863,9,9,0.08881351351737976,0.08413684368133545,2.0,2.0,2.0,2.0,0.13153310120105743,0.14387917518615723,0.5555555820465088,1.4444444179534912,0.0007656440720893443,0.0017473764019086957,True,True
target,428,135000003,44,True,True,False,False,False,False,success,success,9.314804077148438,9.085260391235352,9,9,0.09085211902856827,0.0958247259259224,2.0,1.969838261604309,2.0,1.642818570137024,0.1438240259885788,0.16796875,1.2222222089767456,1.7777777910232544,0.0008231656393036246,0.001306645106524229,True,True
target,429,135000003,45,False,True,True,False,False,False,contact_stability,success,-4.787110328674316,10.43414306640625,9,9,0.09036380052566528,0.07511018961668015,2.0,2.0,1.627151608467102,2.0,0.16129031777381897,0.13973383605480194,2.555555582046509,0.3333333432674408,0.01374757755547762,0.0002285874361405149,False,True
target,430,135000003,46,True,True,False,False,False,False,success,success,9.617494583129883,10.284399032592773,9,9,0.09716666489839554,0.08680489659309387,2.0,1.6424262523651123,2.0,1.9574429988861084,0.13975155353546143,0.13986599445343018,1.5555555820465088,1.5555555820465088,0.0016661518020555377,0.0012650270946323872,True,True
target,431,135000003,47,False,True,True,False,False,False,contact_stability,success,-1.7969787120819092,5.224804878234863,4,9,0.0951932966709137,0.09634415060281754,2.0,2.0,2.0,2.0,0.1666666716337204,0.15163934230804443,3.0,0.3333333432674408,0.004836199805140495,7.951621228130534e-05,False,True
target,432,135000003,48,False,False,True,True,False,False,contact_stability,contact_stability,-2.0732123851776123,-3.832914352416992,7,5,0.10384251922369003,0.11815258115530014,1.7434427738189697,2.0,2.0,2.0,0.1719817817211151,0.1939058154821396,2.5714287757873535,2.799999952316284,0.0049876198172569275,0.005884820129722357,False,False
target,433,135000003,49,False,True,True,False,False,False,contact_stability,success,-0.18550753593444824,9.501914024353027,9,9,0.09465860575437546,0.09332659840583801,2.0,2.0,2.0,1.5493870973587036,0.16024653613567352,0.16378161311149597,1.888888955116272,3.555555582046509,0.0015393999638035893,0.0037208017893135548,False,True
target,434,135000003,50,True,True,False,False,False,False,success,success,3.068899154663086,8.815375328063965,9,9,0.1303509771823883,0.08191365748643875,2.0,2.0,2.0,2.0,0.17310549318790436,0.16333937644958496,1.6666666269302368,0.6666666865348816,0.0030700925271958113,0.000903882784768939,True,True
target,435,135000003,51,True,True,False,False,False,False,success,success,10.33719253540039,10.478477478027344,9,9,0.08867403864860535,0.0825987160205841,1.1450752019882202,2.0,2.0,2.0,0.1302083283662796,0.1316254436969757,1.2222222089767456,0.3333333432674408,0.0010722917504608631,0.00032412612927146256,True,True
target,436,135000003,52,True,True,False,False,False,False,success,success,10.58991813659668,11.189607620239258,9,9,0.0878278985619545,0.08178965002298355,2.0,1.736150860786438,2.0,1.5593453645706177,0.1399676352739334,0.14529331028461456,1.4444444179534912,2.555555582046509,0.0016491770511493087,0.0018909082282334566,True,True
target,437,135000003,53,True,True,False,False,False,False,success,success,9.779019355773926,10.581161499023438,9,9,0.09241802245378494,0.08954466134309769,1.9120004177093506,2.0,2.0,2.0,0.14121510088443756,0.14555920660495758,1.1111111640930176,1.0,0.0013327577617019415,0.0009524429333396256,True,True
target,438,135000003,54,True,False,False,True,False,False,success,contact_stability,9.078035354614258,-0.40044331550598145,9,7,0.101143479347229,0.09418269246816635,2.0,1.7312965393066406,1.865235447883606,2.0,0.15635451674461365,0.15731707215309143,1.0,0.8571429252624512,0.0007473543519154191,0.0011524901492521167,True,False
target,439,135000003,55,False,True,True,False,False,False,lateral_heading_drift,success,-1.7538776397705078,9.427270889282227,9,9,0.09078159183263779,0.07387947291135788,2.0,2.0,1.9739713668823242,2.0,0.1563829779624939,0.14590443670749664,1.6666666269302368,0.4444444477558136,0.006359839346259832,0.0012521203607320786,False,True
target,440,135000003,56,True,True,False,False,False,False,success,success,8.989618301391602,6.450298309326172,9,9,0.09105180203914642,0.09082050621509552,2.0,1.9457825422286987,2.0,2.0,0.14231498539447784,0.14100486040115356,0.2222222238779068,0.7777777910232544,0.00035053351894021034,0.0008661719039082527,True,True
target,441,135000003,57,True,True,False,False,False,False,success,success,10.42432975769043,10.002748489379883,9,9,0.07704340666532516,0.08602786064147949,2.0,1.7819126844406128,1.4658570289611816,1.3859525918960571,0.1307251900434494,0.13949275016784668,0.8888888955116272,0.4444444477558136,0.0006847594049759209,0.00020127125026192516,True,True
target,442,135000003,58,True,False,False,True,False,False,success,contact_stability,8.447365760803223,-5.253249168395996,9,8,0.08148826658725739,0.08816588670015335,1.637091040611267,2.0,1.8759957551956177,1.3684377670288086,0.15629419684410095,0.18273091316223145,2.444444417953491,5.5,0.0031405510380864143,0.020739786326885223,True,False
target,443,135000003,59,True,True,False,False,False,False,success,success,9.01999568939209,9.931863784790039,9,9,0.09923204779624939,0.08548171818256378,2.0,2.0,2.0,2.0,0.13703703880310059,0.13684210181236267,0.6666666865348816,0.6666666865348816,0.000732721237000078,0.001166005851700902,True,True
target,444,135000003,60,True,True,False,False,False,False,success,success,10.200069427490234,10.633864402770996,9,9,0.08032600581645966,0.08392516523599625,2.0,2.0,2.0,1.93470299243927,0.12999999523162842,0.13333334028720856,0.6666666865348816,1.1111111640930176,0.0006350296316668391,0.0012176295276731253,True,True
target,445,135000003,61,True,False,False,True,False,False,success,contact_stability,9.986614227294922,0.6223263740539551,9,9,0.08795446902513504,0.08902448415756226,1.4528074264526367,1.6294771432876587,1.161819338798523,1.102229118347168,0.14650766551494598,0.17232142388820648,1.3333333730697632,0.7777777910232544,0.0007625450380146503,0.0005588663625530899,True,False
target,446,135000003,62,True,True,False,False,False,False,success,success,8.164021492004395,9.074219703674316,9,9,0.09118574112653732,0.07844175398349762,2.0,2.0,2.0,2.0,0.13102120161056519,0.14831261336803436,0.1111111119389534,0.5555555820465088,5.474516001413576e-05,0.0012235203757882118,True,True
target,447,135000003,63,True,False,False,True,False,False,success,contact_stability,9.926902770996094,-0.5380139350891113,9,6,0.07747787982225418,0.11456760764122009,2.0,2.0,1.903181791305542,2.0,0.13311688601970673,0.1898876428604126,1.888888955116272,4.333333492279053,0.002430503023788333,0.005177250597625971,True,False
target,448,135000003,64,False,True,True,False,False,False,contact_stability,success,-15.120499610900879,10.38699722290039,9,9,0.12781213223934174,0.08396879583597183,1.9883570671081543,1.8506355285644531,2.0,2.0,0.1954365223646164,0.14380165934562683,3.555555582046509,0.8888888955116272,0.04318532347679138,0.0014174887910485268,False,True
target,449,135000003,65,False,True,True,False,False,False,contact_stability,success,-3.3998756408691406,10.063347816467285,5,9,0.12684521079063416,0.08422024548053741,2.0,1.993544578552246,2.0,2.0,0.17085953056812286,0.1447562724351883,5.400000095367432,2.777777910232544,0.004633947275578976,0.0031883767805993557,False,True
target,450,135000003,66,False,True,True,False,False,False,contact_stability,success,-1.9711811542510986,10.078768730163574,9,9,0.10235392302274704,0.08200143277645111,1.962080478668213,1.9259452819824219,2.0,1.7740583419799805,0.17224879562854767,0.1419529914855957,0.7777777910232544,1.7777777910232544,0.0013986260164529085,0.0025034225545823574,False,True
target,451,135000003,67,True,False,False,True,False,False,success,contact_stability,11.018162727355957,-1.932661771774292,9,9,0.077423594892025,0.09445212036371231,2.0,2.0,2.0,2.0,0.1332082599401474,0.15836012363433838,0.5555555820465088,0.3333333432674408,0.0003305756545159966,0.00032425581593997777,True,False
target,452,135000003,68,True,True,False,False,False,False,success,success,9.225547790527344,9.310837745666504,9,9,0.09951738268136978,0.08475104719400406,2.0,1.5298444032669067,2.0,2.0,0.1504504531621933,0.14579759538173676,1.1111111640930176,1.0,0.0010118180653080344,0.0016553985187783837,True,True
target,453,135000003,69,True,True,False,False,False,False,success,success,9.049768447875977,8.402179718017578,9,9,0.0774158164858818,0.09008824080228806,2.0,2.0,1.984900951385498,2.0,0.11947790533304214,0.14920949935913086,0.2222222238779068,0.1111111119389534,0.0009332817862741649,3.586971070035361e-05,True,True
target,454,135000003,70,True,True,False,False,False,False,success,success,10.784250259399414,8.107779502868652,9,9,0.07958128303289413,0.09327206015586853,2.0,2.0,2.0,2.0,0.13667233288288116,0.15195246040821075,1.1111111640930176,1.1111111640930176,0.0021384041756391525,0.0018008587649092078,True,True
target,455,135000003,71,True,True,False,False,False,False,success,success,9.163785934448242,8.676222801208496,9,9,0.08460348844528198,0.08336349576711655,2.0,1.5933603048324585,2.0,2.0,0.12818004190921783,0.13495145738124847,0.1111111119389534,0.3333333432674408,0.00014569768973160535,0.00045127622433938086,True,True
target,456,135000003,72,False,False,True,True,False,False,contact_stability,contact_stability,-5.093338489532471,-2.4149317741394043,3,3,0.15114034712314606,0.11089381575584412,1.9707900285720825,1.6042051315307617,1.6717888116836548,1.9551960229873657,0.2197183072566986,0.19379845261573792,7.0,5.0,0.007603256031870842,0.0025907903909683228,False,False
target,457,135000003,73,True,False,False,True,False,False,success,contact_stability,7.734536170959473,-3.3653337955474854,9,3,0.08606027811765671,0.11062752455472946,1.5725383758544922,2.0,1.7256767749786377,1.7124700546264648,0.1501677930355072,0.20596592128276825,1.0,8.0,0.002142239362001419,0.011598599143326283,True,False
target,458,135000003,74,True,True,False,False,False,False,success,success,10.276776313781738,9.853906631469727,9,9,0.09499470144510269,0.0787254273891449,1.3720980882644653,2.0,1.9785751104354858,2.0,0.1311926543712616,0.14030611515045166,0.3333333432674408,0.2222222238779068,0.0002903286076616496,0.0004032723081763834,True,True
target,459,135000003,75,True,True,False,False,False,False,success,success,10.160680770874023,7.136412143707275,9,9,0.07355349510908127,0.10019663721323013,2.0,2.0,1.6425902843475342,2.0,0.14501778781414032,0.14860427379608154,0.6666666865348816,0.7777777910232544,0.0005956849199719727,0.0014161240542307496,True,True
target,460,135000003,76,True,False,False,True,False,False,success,contact_stability,7.677379131317139,-1.8984215259552002,9,5,0.09939653426408768,0.1087939590215683,2.0,2.0,2.0,1.8587459325790405,0.142410010099411,0.1754617542028427,1.0,3.0,0.0013821340398862958,0.005781079176813364,True,False
target,461,135000003,77,True,True,False,False,False,False,success,success,7.977185249328613,7.977234840393066,9,9,0.08208033442497253,0.08576203137636185,2.0,2.0,2.0,2.0,0.1468254029750824,0.14782609045505524,1.4444444179534912,0.3333333432674408,0.0017242758767679334,0.0004076552577316761,True,True
target,462,135000003,78,True,True,False,False,False,False,success,success,10.00703239440918,9.49289321899414,9,9,0.0782308429479599,0.0818466916680336,2.0,2.0,2.0,1.474926233291626,0.1259615421295166,0.1395985335111618,0.4444444477558136,0.6666666865348816,0.0003403249429538846,0.0006935649435035884,True,True
target,463,135000003,79,True,True,False,False,False,False,success,success,8.179693222045898,4.331048965454102,9,9,0.09780281782150269,0.11574586480855942,2.0,1.9564810991287231,1.7901320457458496,2.0,0.15545454621315002,0.1562032848596573,0.2222222238779068,1.888888955116272,9.343506826553494e-05,0.0020027027931064367,True,True
target,464,135000003,80,True,True,False,False,False,False,success,success,10.381315231323242,10.951786041259766,9,9,0.07939944416284561,0.08411725610494614,1.6388047933578491,2.0,2.0,1.9055370092391968,0.1377633661031723,0.15080644190311432,1.4444444179534912,2.444444417953491,0.001687135430984199,0.0023465268313884735,True,True
target,465,135000003,81,True,False,False,True,False,False,success,contact_stability,10.351564407348633,-4.025913238525391,9,6,0.08531920611858368,0.10044217109680176,2.0,2.0,2.0,1.699242353439331,0.14719626307487488,0.20652174949645996,1.5555555820465088,7.833333492279053,0.0015585182700306177,0.01686488650739193,True,False
target,466,135000003,82,False,True,True,False,False,False,contact_stability,success,-2.3312339782714844,11.223785400390625,7,9,0.1168757900595665,0.07345972955226898,2.0,2.0,2.0,2.0,0.1635991781949997,0.14094488322734833,2.2857143878936768,1.6666666269302368,0.00315797608345747,0.001855397247709334,False,True
target,467,135000003,83,True,True,False,False,False,False,success,success,10.697959899902344,11.22781753540039,9,9,0.08139246702194214,0.08489792048931122,2.0,2.0,2.0,1.0383663177490234,0.1309904158115387,0.14092357456684113,2.0,1.6666666269302368,0.002400636672973633,0.0012325141578912735,True,True
target,468,135000003,84,False,False,True,True,False,False,contact_stability,contact_stability,-1.8516182899475098,-3.751258134841919,8,1,0.0964822992682457,0.0735183134675026,2.0,0.7441498637199402,1.6995798349380493,1.7954528331756592,0.17266948521137238,0.25704225897789,1.375,2.0,0.0011909926543012261,0.0025335948448628187,False,False
target,469,135000003,85,True,True,False,False,False,False,success,success,7.158047676086426,9.752108573913574,9,9,0.10101757198572159,0.07798265665769577,2.0,2.0,2.0,2.0,0.16442953050136566,0.14423076808452606,0.1111111119389534,0.5555555820465088,0.0008032347541302443,0.0008057947852648795,True,True
target,470,135000003,86,True,True,False,False,False,False,success,success,7.747315406799316,9.628461837768555,9,9,0.09208834916353226,0.08887059986591339,2.0,2.0,2.0,2.0,0.15781711041927338,0.1449912190437317,1.6666666269302368,0.7777777910232544,0.0022329376079142094,0.0012158657191321254,True,True
target,471,135000003,87,True,False,False,True,False,False,success,lateral_heading_drift,10.950401306152344,-7.559624671936035,9,7,0.09278895705938339,0.09974188357591629,2.0,2.0,2.0,2.0,0.13855421543121338,0.18884539604187012,0.4444444477558136,3.5714287757873535,0.00031052884878590703,0.01375527773052454,True,False
target,472,135000003,88,True,False,False,True,False,False,success,contact_stability,10.405878067016602,-0.05742025375366211,9,6,0.07807420939207077,0.10063726454973221,1.9063670635223389,2.0,1.8913686275482178,1.8465418815612793,0.15353037416934967,0.15610860288143158,1.3333333730697632,3.0,0.0013039064360782504,0.0026890819426625967,True,False
target,473,135000003,89,True,False,False,True,False,False,success,contact_stability,10.486642837524414,-4.0983805656433105,9,6,0.07664214819669724,0.13320279121398926,1.9325519800186157,1.9352463483810425,1.6861212253570557,2.0,0.1513437032699585,0.20197740197181702,1.7777777910232544,2.8333334922790527,0.0014679913874715567,0.004833241458982229,True,False
target,474,135000003,90,False,True,True,False,False,False,contact_stability,success,-4.627367973327637,9.794919967651367,9,9,0.11112091690301895,0.08182364702224731,1.8853040933609009,1.8886171579360962,1.699345350265503,2.0,0.17905405163764954,0.1318359375,1.4444444179534912,0.5555555820465088,0.011764835566282272,0.0014263975899666548,False,True
target,475,135000003,91,True,False,False,True,False,False,success,contact_stability,10.966336250305176,-0.7315576076507568,9,6,0.09315648674964905,0.09431735426187515,2.0,1.596924066543579,1.3546273708343506,1.763843059539795,0.1496865153312683,0.1515151560306549,1.4444444179534912,1.8333333730697632,0.0014075667131692171,0.002970626577734947,True,False
target,476,135000003,92,True,False,False,True,False,False,success,contact_stability,9.611617088317871,-3.373586654663086,9,8,0.0794425904750824,0.11762797087430954,1.9013171195983887,2.0,2.0,1.6337437629699707,0.1455882340669632,0.17114093899726868,1.4444444179534912,1.375,0.0009064701735042036,0.0013767144409939647,True,False
target,477,135000003,93,True,True,False,False,False,False,success,success,10.581300735473633,11.820120811462402,9,9,0.0839855745434761,0.06905188411474228,2.0,1.5566331148147583,2.0,2.0,0.14700855314731598,0.1274671107530594,0.6666666865348816,1.3333333730697632,0.0006839525885879993,0.0016019013710319996,True,True
target,478,135000003,94,True,False,False,True,False,False,success,contact_stability,12.076099395751953,0.3468189239501953,9,7,0.07576784491539001,0.10527466237545013,2.0,2.0,1.9358278512954712,2.0,0.1350148320198059,0.15094339847564697,1.888888955116272,7.428571701049805,0.001091942423954606,0.006376679986715317,True,False
target,479,135000003,95,True,True,False,False,False,False,success,success,12.084516525268555,9.833732604980469,9,9,0.0794258713722229,0.0955691784620285,2.0,1.9825117588043213,2.0,2.0,0.14496123790740967,0.1431034505367279,1.1111111640930176,1.6666666269302368,0.0011234950507059693,0.0020258785225450993,True,True
target,480,135000003,96,False,True,True,False,False,False,contact_stability,success,-3.0376710891723633,9.790277481079102,6,9,0.10942844301462173,0.08648932725191116,1.9592260122299194,1.832107424736023,1.8958510160446167,2.0,0.18536585569381714,0.14523449540138245,3.5,2.222222328186035,0.006105094216763973,0.003231348469853401,False,True
target,481,135000003,97,False,True,True,False,False,False,contact_stability,success,-1.9035403728485107,8.680306434631348,9,9,0.10967213660478592,0.10264766216278076,2.0,2.0,2.0,2.0,0.1559714823961258,0.14568965137004852,0.5555555820465088,0.5555555820465088,0.0013678859686478972,0.00033194400020875037,False,True
target,482,135000003,98,True,True,False,False,False,False,success,success,10.616077423095703,4.5452046394348145,9,9,0.06915206462144852,0.0968179926276207,1.985296607017517,2.0,2.0,2.0,0.13212928175926208,0.16419018805027008,0.3333333432674408,2.6666667461395264,0.00026605353923514485,0.003075539832934737,True,True
target,483,135000003,99,True,True,False,False,False,False,success,success,9.12293815612793,9.331392288208008,9,9,0.08436775952577591,0.07706907391548157,2.0,1.3196816444396973,2.0,2.0,0.14858490228652954,0.1380000114440918,2.0,0.0,0.0016817414434626698,6.285972631303594e-08,True,False
target,484,135000003,100,False,True,True,False,False,False,contact_stability,success,-3.005383253097534,6.9404706954956055,8,9,0.09521625190973282,0.1131327748298645,1.8734028339385986,2.0,1.5923343896865845,1.905504584312439,0.172374427318573,0.15047618746757507,2.5,1.0,0.011099877767264843,0.0014099001418799162,False,True
target,485,135000003,101,True,True,False,False,False,False,success,success,11.70560073852539,10.406889915466309,9,9,0.06979241967201233,0.08045686781406403,1.619430422782898,2.0,1.6874449253082275,2.0,0.12629757821559906,0.1352739781141281,1.1111111640930176,1.0,0.0008446493884548545,0.0013724088203161955,True,True
target,486,135000003,102,True,True,False,False,False,False,success,success,11.602252960205078,10.338083267211914,9,9,0.07659582793712616,0.08247988671064377,1.9772918224334717,1.6336438655853271,2.0,2.0,0.14052794873714447,0.15550239384174347,2.1111111640930176,1.3333333730697632,0.0021889209747314453,0.0020310289692133665,True,True
target,487,135000003,103,True,True,False,False,False,False,success,success,5.202672958374023,9.12005615234375,9,9,0.13673274219036102,0.08061328530311584,2.0,1.8698060512542725,2.0,1.5171810388565063,0.15191146731376648,0.14135338366031647,0.5555555820465088,2.222222328186035,0.0006172991124913096,0.0023734718561172485,True,True
target,488,135000003,104,True,True,False,False,False,False,success,success,10.97437858581543,9.597589492797852,9,9,0.0804566740989685,0.09659810364246368,1.4312286376953125,1.8659664392471313,2.0,1.3803668022155762,0.1285046637058258,0.14745762944221497,1.6666666269302368,0.8888888955116272,0.0019480539485812187,0.0006479118019342422,True,True
target,489,135000003,105,True,True,False,False,False,False,success,success,8.558399200439453,10.203472137451172,9,9,0.09490059316158295,0.08732853084802628,2.0,2.0,1.5453412532806396,1.1068884134292603,0.135472372174263,0.15206186473369598,0.6666666865348816,0.6666666865348816,0.0005729416734538972,0.00046507350634783506,True,True
target,490,135000003,106,False,False,True,True,False,False,contact_stability,contact_stability,-2.4391088485717773,-8.2675142288208,8,6,0.10289750248193741,0.14017245173454285,2.0,2.0,2.0,2.0,0.16084788739681244,0.208579882979393,0.75,2.0,0.0032771038822829723,0.013950460590422153,False,False
target,491,135000003,107,False,True,True,False,False,False,contact_stability,success,-3.5095365047454834,10.323415756225586,5,9,0.14274545013904572,0.07803396135568619,2.0,2.0,1.8625004291534424,2.0,0.1852409541606903,0.1343570053577423,3.6000001430511475,0.4444444477558136,0.007234605494886637,0.000600124360062182,False,True
target,492,135000003,108,False,False,True,True,False,False,contact_stability,contact_stability,-2.6804215908050537,-2.3619120121002197,4,6,0.10610053688287735,0.12147682160139084,2.0,2.0,2.0,2.0,0.19413407146930695,0.1894736886024475,2.5,2.3333334922790527,0.00695181917399168,0.003672038670629263,False,False
target,493,135000003,109,True,True,False,False,False,False,success,success,10.875872611999512,8.939701080322266,9,9,0.08298003673553467,0.09074914455413818,2.0,1.6430299282073975,2.0,2.0,0.14330217242240906,0.14618973433971405,1.1111111640930176,1.4444444179534912,0.001014455920085311,0.0016981817316263914,True,True
target,494,135000003,110,False,True,True,False,False,False,contact_stability,success,-4.186557292938232,11.202961921691895,7,9,0.08868427574634552,0.08496467024087906,1.8722302913665771,2.0,2.0,2.0,0.16225165128707886,0.13657407462596893,3.4285717010498047,1.5555555820465088,0.013828178867697716,0.0012352996272966266,False,True
target,495,135000003,111,True,True,False,False,False,False,success,success,2.1227948665618896,9.85455322265625,9,9,0.10176442563533783,0.07191560417413712,2.0,2.0,2.0,2.0,0.18555007874965668,0.15269461274147034,1.2222222089767456,0.1111111119389534,0.0020192039664834738,0.00016307196347042918,True,True
target,496,135000003,112,True,True,False,False,False,False,success,success,10.062479019165039,10.114522933959961,9,9,0.07658034563064575,0.07224231213331223,2.0,2.0,2.0,2.0,0.137159526348114,0.138671875,0.4444444477558136,0.4444444477558136,0.00030578678706660867,0.00043151009595021605,True,True
target,497,135000003,113,True,True,False,False,False,False,success,success,9.17094612121582,9.758356094360352,9,9,0.08422430604696274,0.08574176579713821,2.0,2.0,2.0,2.0,0.14818182587623596,0.12813101708889008,0.4444444477558136,0.8888888955116272,0.0004395287251099944,0.0013909769477322698,True,True
target,498,135000003,114,True,True,False,False,False,False,success,success,9.399984359741211,10.172752380371094,9,9,0.08950179815292358,0.07461192458868027,2.0,2.0,1.5023112297058105,2.0,0.12830188870429993,0.13781513273715973,0.5555555820465088,0.4444444477558136,0.000640848302282393,0.00020336886518634856,True,True
target,499,135000003,115,False,True,True,False,False,False,contact_stability,success,-6.10292911529541,9.078649520874023,7,9,0.1299198865890503,0.09504257887601852,2.0,2.0,2.0,2.0,0.18100358545780182,0.1504424810409546,3.7142858505249023,1.3333333730697632,0.005342166405171156,0.0012546287616714835,False,True
target,500,135000003,116,True,False,False,True,False,False,success,contact_stability,8.6006441116333,-21.481731414794922,9,5,0.07985751330852509,0.13730569183826447,2.0,1.5499489307403564,2.0,2.0,0.13774597644805908,0.19800569117069244,0.4444444477558136,7.400000095367432,0.00012353631609585136,0.06822916865348816,True,False
target,501,135000003,117,True,True,False,False,False,False,success,success,11.071674346923828,9.551395416259766,9,9,0.07319612801074982,0.08637667447328568,2.0,2.0,2.0,1.7048083543777466,0.13399280607700348,0.1469026505947113,0.4444444477558136,0.4444444477558136,0.0005620160372927785,0.0005480171530507505,True,True
target,502,135000003,118,False,False,True,True,False,False,contact_stability,contact_stability,-1.9588866233825684,-0.44417524337768555,9,6,0.12430034577846527,0.10016915202140808,1.8095638751983643,1.832589864730835,2.0,2.0,0.17911876738071442,0.1768447905778885,1.1111111640930176,1.0,0.0015026605688035488,0.0008442256948910654,False,False
target,503,135000003,119,True,True,False,False,False,False,success,success,11.327859878540039,10.660317420959473,9,9,0.08466305583715439,0.08014407753944397,2.0,2.0,1.8418368101119995,2.0,0.13743676245212555,0.14524206519126892,1.1111111640930176,1.0,0.0010984604014083743,0.0008478793315589428,True,True
target,504,135000003,120,False,True,True,False,False,False,lateral_heading_drift,success,-6.1529693603515625,10.248579978942871,5,9,0.11872007697820663,0.07540036737918854,2.0,1.6087284088134766,2.0,2.0,0.21137027442455292,0.14695340394973755,3.4000000953674316,0.8888888955116272,0.007383475545793772,0.0005575265386141837,False,True
target,505,135000003,121,True,True,False,False,False,False,success,success,10.093456268310547,10.220382690429688,9,9,0.07845691591501236,0.07832410931587219,2.0,2.0,2.0,2.0,0.14668770134449005,0.1416184902191162,1.0,2.1111111640930176,0.000864326604641974,0.0020498258527368307,True,True
target,506,135000003,122,False,True,True,False,False,False,contact_stability,success,-8.70969009399414,10.366961479187012,9,9,0.11636568605899811,0.09084297716617584,2.0,2.0,2.0,2.0,0.17706236243247986,0.13493530452251434,0.7777777910232544,0.4444444477558136,0.0014821423683315516,0.0003374669759068638,False,True
target,507,135000003,123,True,True,False,False,False,False,success,success,9.776834487915039,9.096378326416016,9,9,0.08277037739753723,0.08049441874027252,2.0,2.0,1.9203249216079712,2.0,0.14840182662010193,0.14962121844291687,2.0,0.4444444477558136,0.0016519009368494153,0.0008450521854683757,True,True
target,508,135000003,124,True,True,False,False,False,False,success,success,6.452132701873779,12.222469329833984,9,9,0.10253512114286423,0.0686173066496849,1.9369491338729858,1.5610368251800537,2.0,2.0,0.15240240097045898,0.12189441174268723,2.222222328186035,2.0,0.002902933396399021,0.001421247492544353,True,True
target,509,135000003,125,True,True,False,False,False,False,success,success,8.818437576293945,9.446318626403809,9,9,0.08672570437192917,0.0811425969004631,1.6666489839553833,1.9914840459823608,2.0,2.0,0.14476387202739716,0.14433962106704712,0.0,0.4444444477558136,6.033143762351756e-08,0.0003867551567964256,False,True
target,510,135000003,126,True,True,False,False,False,False,success,success,10.379889488220215,11.716050148010254,9,9,0.08186334371566772,0.07574190199375153,2.0,1.931773066520691,2.0,2.0,0.14050821959972382,0.14102564752101898,2.0,2.777777910232544,0.002767660189419985,0.003189593320712447,True,True
target,511,135000003,127,True,True,False,False,False,False,success,success,10.193531036376953,10.047513008117676,9,9,0.08244802057743073,0.08749061822891235,2.0,1.5678069591522217,1.8772214651107788,2.0,0.1328413337469101,0.13869862258434296,0.7777777910232544,0.7777777910232544,0.0008095066295936704,0.0014910356840118766,True,True
D0,0,136000000,0,True,True,False,False,False,False,success,success,9.279050827026367,8.119955062866211,6,6,0.06277728080749512,0.0678047463297844,2.0,0.9123367667198181,2.0,2.0,0.12394365668296814,0.1265060156583786,0.3333333432674408,0.0,0.0003798482066486031,5.931899593747403e-08,True,False
D0,1,136000000,1,True,True,False,False,False,False,success,success,7.756023406982422,7.989373207092285,6,6,0.059553973376750946,0.06524745374917984,1.1104711294174194,1.2052862644195557,2.0,2.0,0.16370558738708496,0.12424241751432419,0.1666666716337204,0.6666666865348816,3.2423031370854005e-05,0.0002538539411034435,True,True
D0,2,136000000,2,True,True,False,False,False,False,success,success,11.426344871520996,7.66023063659668,6,6,0.04048169031739235,0.06306222081184387,1.289128065109253,1.3127691745758057,2.0,2.0,0.22291994094848633,0.17632241547107697,0.8333333730697632,0.0,0.0007129547884687781,5.576867323497936e-08,True,False
D0,3,136000000,3,True,False,False,False,False,True,success,timeout,8.913813591003418,8.583230018615723,6,6,0.06848572939634323,0.032043881714344025,1.5396316051483154,2.0,1.8155158758163452,2.0,0.11604584753513336,0.2880000174045563,0.3333333432674408,0.6666666865348816,0.0006717986543662846,0.0005265915533527732,True,False
D0,4,136000000,4,True,True,False,False,False,False,success,success,10.520169258117676,9.234926223754883,6,6,0.05858443304896355,0.059276461601257324,1.403694748878479,1.4364380836486816,2.0,2.0,0.12114014476537704,0.14367815852165222,1.0,3.6666667461395264,0.001580473268404603,0.004918749909847975,True,True
D0,5,136000000,5,True,True,False,False,False,False,success,success,8.471004486083984,8.67613410949707,6,6,0.06194161996245384,0.051961738616228104,1.4410865306854248,1.086464524269104,2.0,2.0,0.1375739723443985,0.2315891534090042,0.5,0.0,0.0002957792894449085,5.1362672337518234e-08,True,False
D0,6,136000000,6,True,True,False,False,False,False,success,success,8.576258659362793,8.023639678955078,6,6,0.06942896544933319,0.056063175201416016,2.0,2.0,2.0,1.7092812061309814,0.13011695444583893,0.16756756603717804,0.3333333432674408,0.0,0.00028097457834519446,5.7900553684930856e-08,True,False
D0,7,136000000,7,True,True,False,False,False,False,success,success,7.603909969329834,8.310516357421875,6,6,0.07456205040216446,0.07014597207307816,1.7911450862884521,1.3588840961456299,2.0,2.0,0.1545189619064331,0.1289893537759781,0.0,1.6666667461395264,6.138591146509498e-08,0.0011511247139424086,False,True
D0,8,136000000,8,True,True,False,False,False,False,success,success,7.780774116516113,8.612756729125977,6,6,0.0755157545208931,0.0674859881401062,1.443707823753357,1.7285393476486206,2.0,2.0,0.13472223281860352,0.11924119293689728,0.1666666716337204,0.1666666716337204,5.452679033624008e-05,2.5237972295144573e-05,True,True
D0,9,136000000,9,True,True,False,False,False,False,success,success,8.530203819274902,7.962747573852539,6,6,0.06677712500095367,0.06585391610860825,1.960729956626892,1.3056977987289429,2.0,2.0,0.1366279125213623,0.1313432902097702,0.0,0.8333333730697632,5.996154328613557e-08,0.0006220772629603744,False,True
D0,10,136000000,10,True,True,False,False,False,False,success,success,7.594892501831055,7.873874664306641,6,6,0.06367254257202148,0.05325764790177345,0.8809306025505066,0.9849434494972229,2.0,1.4662877321243286,0.1286982297897339,0.2218542993068695,0.1666666716337204,0.0,0.00022584667021874338,5.092240229487288e-08,True,False
D0,11,136000000,11,True,True,False,False,False,False,success,success,7.798087120056152,8.91940975189209,6,6,0.056209806352853775,0.06277261674404144,2.0,2.0,2.0,2.0,0.17424242198467255,0.1391891986131668,0.0,0.0,5.491979138128045e-08,5.717109274883114e-08,False,False
D0,12,136000000,12,True,False,False,True,False,False,success,contact_stability,7.405280113220215,-3.916545867919922,6,6,0.07359585165977478,0.0747484564781189,1.2546720504760742,1.0538173913955688,2.0,2.0,0.12420382350683212,0.1972111612558365,0.0,4.833333492279053,5.981038242452996e-08,0.013504421338438988,False,False
D0,13,136000000,13,True,False,False,False,False,True,success,timeout,6.752002716064453,23.066133499145508,6,5,0.07710821181535721,0.01769854873418808,1.7977045774459839,1.0153545141220093,1.6639735698699951,1.4641337394714355,0.14134275913238525,0.3630000054836273,0.0,2.4000000953674316,6.124905382876022e-08,0.00012894174142275006,False,False
D0,14,136000000,14,True,True,False,False,False,False,success,success,8.224644660949707,8.007883071899414,6,6,0.061887774616479874,0.06875751912593842,2.0,2.0,2.0,2.0,0.16208791732788086,0.15191739797592163,0.1666666716337204,0.0,0.0004185652360320091,6.120036744050594e-08,True,False
D0,15,136000000,15,True,True,False,False,False,False,success,success,7.207485198974609,7.004971504211426,6,6,0.060820579528808594,0.0677705630660057,1.4024288654327393,1.1219847202301025,2.0,2.0,0.15348102152347565,0.13601036369800568,0.0,0.3333333432674408,6.009019415387229e-08,0.00018789141904562712,False,True
D0,16,136000000,16,False,True,False,False,True,False,timeout,success,2.4760234355926514,9.191201210021973,6,6,0.02295687049627304,0.06666077673435211,0.8992461562156677,0.9769835472106934,1.9712340831756592,1.8175877332687378,0.32350000739097595,0.16746988892555237,0.5,1.0,0.00019702943973243237,0.0006187062826938927,False,True
D0,17,136000000,17,True,True,False,False,False,False,success,success,8.271087646484375,8.37940788269043,6,6,0.05520777776837349,0.07165499031543732,1.3790507316589355,2.0,2.0,2.0,0.22003930807113647,0.11857143044471741,0.0,0.0,5.040631378960825e-08,6.021592469096504e-08,False,False
D0,18,136000000,18,True,True,False,False,False,False,success,success,8.090118408203125,7.196361541748047,6,6,0.04943086951971054,0.06899566948413849,0.7127355933189392,1.131348967552185,0.8645644187927246,2.0,0.1931818127632141,0.15644171833992004,0.0,0.0,5.552971771294324e-08,6.449288747489845e-08,False,False
D0,19,136000000,19,True,True,False,False,False,False,success,success,7.970767021179199,9.259658813476562,6,6,0.06635898351669312,0.05797257646918297,0.8903756141662598,0.7690906524658203,2.0,1.8621442317962646,0.13880597054958344,0.13750000298023224,0.6666666865348816,0.3333333432674408,0.0011139557464048266,0.00017671326349955052,True,True
D0,20,136000000,20,False,False,True,True,False,False,contact_stability,contact_stability,-5.769087791442871,-3.199470281600952,3,3,0.09693785011768341,0.08179622888565063,1.6664035320281982,0.7402490377426147,0.8388349413871765,1.3132071495056152,0.1744185984134674,0.18014706671237946,3.0,0.0,0.03731510043144226,5.494789334647976e-08,False,False
D0,21,136000000,21,True,True,False,False,False,False,success,success,8.234935760498047,9.780745506286621,6,6,0.061817508190870285,0.0381537601351738,2.0,0.7309258580207825,2.0,0.8880648016929626,0.1331360936164856,0.24955596029758453,0.3333333432674408,0.1666666716337204,8.270439866464585e-05,4.386771615827456e-05,True,True
D0,22,136000000,22,True,False,False,True,False,False,success,contact_stability,8.117866516113281,-2.137751579284668,6,6,0.06186790019273758,0.08926186710596085,1.1223658323287964,1.169772744178772,2.0,2.0,0.1280120462179184,0.13483145833015442,0.6666666865348816,0.0,0.0003944944473914802,6.149202391725339e-08,True,False
D0,23,136000000,23,True,True,False,False,False,False,success,success,8.70781421661377,6.710681438446045,6,6,0.05880088359117508,0.07628753781318665,2.0,1.7083098888397217,2.0,1.7868424654006958,0.12820512056350708,0.12738853693008423,0.3333333432674408,0.0,0.0001569076848682016,5.975056183160632e-08,True,False
D0,24,136000000,24,False,True,True,False,False,False,contact_stability,success,-3.9515271186828613,6.650554180145264,2,6,0.10493561625480652,0.0813046544790268,2.0,2.0,1.3725805282592773,2.0,0.1982758641242981,0.13973063230514526,2.0,0.0,0.011605121195316315,6.358515491911021e-08,False,False
D0,25,136000000,25,True,False,False,False,False,True,success,timeout,7.739679336547852,16.425018310546875,6,6,0.07058291137218475,0.04669345170259476,1.4854769706726074,1.4371453523635864,2.0,1.7913177013397217,0.1340361386537552,0.27549999952316284,0.1666666716337204,6.0,0.0003378982364665717,0.0017770607955753803,True,False
D0,26,136000000,26,True,True,False,False,False,False,success,success,7.980316162109375,8.121236801147461,6,6,0.06245417892932892,0.05103674530982971,1.111754059791565,1.119956374168396,2.0,2.0,0.13069908320903778,0.16750629246234894,0.0,0.1666666716337204,6.06228596211622e-08,0.00013752331142313778,False,True
D0,27,136000000,27,True,True,False,False,False,False,success,success,7.491558074951172,8.630838394165039,6,6,0.06897510588169098,0.06218746677041054,2.0,1.7972214221954346,2.0,2.0,0.12912912666797638,0.1253369301557541,0.0,0.6666666865348816,5.980275830097526e-08,0.0014883119147270918,False,True
D0,28,136000000,28,True,True,False,False,False,False,success,success,10.883718490600586,7.278875350952148,6,6,0.04943016171455383,0.06664560735225677,1.3031681776046753,1.2557097673416138,1.7966645956039429,1.8393051624298096,0.15585774183273315,0.13271604478359222,1.5,0.0,0.0006845028838142753,6.316685841056824e-08,True,False
D0,29,136000000,29,True,True,False,False,False,False,success,success,7.843166828155518,8.976393699645996,6,6,0.0583764910697937,0.05601136013865471,1.943189263343811,2.0,2.0,1.9061291217803955,0.12537764012813568,0.17026379704475403,0.1666666716337204,0.0,0.00019444381177891046,5.563547489373377e-08,True,False
D0,30,136000000,30,True,False,False,True,False,False,success,contact_stability,8.341402053833008,-3.6733686923980713,6,4,0.06420540809631348,0.10990302264690399,0.850395143032074,2.0,2.0,2.0,0.15322580933570862,0.17692308127880096,0.0,1.5,5.779559586471805e-08,0.00424114428460598,False,False
D0,31,136000000,31,True,True,False,False,False,False,success,success,7.127015590667725,6.842248439788818,6,6,0.06988678127527237,0.06322626024484634,1.8216769695281982,2.0,1.284225583076477,2.0,0.15857605636119843,0.1568627506494522,0.0,0.1666666716337204,6.310838784884254e-08,5.8230793911207e-06,False,True
D0,32,136000000,32,True,True,False,False,False,False,success,success,8.062477111816406,6.839088439941406,6,6,0.058746952563524246,0.0525352880358696,0.7955634593963623,1.0160422325134277,2.0,2.0,0.13165681064128876,0.254789263010025,0.3333333432674408,0.0,0.00011856858327519149,4.901330896700529e-08,True,False
D0,33,136000000,33,True,True,False,False,False,False,success,success,10.240046501159668,8.368651390075684,6,6,0.06292065978050232,0.06919263303279877,1.8491336107254028,1.4525989294052124,2.0,2.0,0.14551421999931335,0.13017751276493073,3.6666667461395264,0.0,0.0032252005767077208,6.057232582179495e-08,True,False
D0,34,136000000,34,True,True,False,False,False,False,success,success,7.698151588439941,7.835538864135742,6,6,0.06121191009879112,0.06189765781164169,1.5303874015808105,1.41752028465271,1.2825292348861694,1.3160375356674194,0.1501501500606537,0.17307692766189575,0.0,0.0,6.24151468286982e-08,5.847225992283711e-08,False,False
D0,35,136000000,35,True,True,False,False,False,False,success,success,10.738143920898438,7.19542121887207,6,6,0.04570475220680237,0.07583457976579666,1.697471261024475,1.3877216577529907,1.9227005243301392,2.0,0.24048706889152527,0.1428571343421936,0.1666666716337204,0.0,4.317134153097868e-05,6.012163566992967e-08,True,False
D0,36,136000000,36,True,True,False,False,False,False,success,success,8.336191177368164,9.245125770568848,6,6,0.0612466000020504,0.05740637332201004,1.2708979845046997,0.9419087171554565,1.949974536895752,2.0,0.12724551558494568,0.1662735939025879,0.0,0.0,5.814682424443163e-08,5.614199238834772e-08,False,False
D0,37,136000000,37,True,True,False,False,False,False,success,success,7.0846943855285645,7.4155473709106445,6,6,0.07082627713680267,0.06566919386386871,1.353914737701416,1.0465610027313232,1.3990960121154785,1.4950125217437744,0.13333334028720856,0.12006079405546188,0.1666666716337204,0.5,0.00014181445294525474,0.00021212697902228683,True,True
D0,38,136000000,38,True,True,False,False,False,False,success,success,6.684332847595215,7.871428489685059,6,6,0.07307051122188568,0.06503093987703323,2.0,1.274935007095337,2.0,2.0,0.14705882966518402,0.16576087474822998,0.0,0.1666666716337204,6.138647989928359e-08,0.000256457511568442,False,True
D0,39,136000000,39,True,True,False,False,False,False,success,success,7.085439682006836,8.005921363830566,6,6,0.06094072759151459,0.06210405007004738,1.3575432300567627,1.491694450378418,1.184104084968567,1.2114745378494263,0.13258785009384155,0.18937329947948456,0.0,0.0,6.069060276558957e-08,5.815332926317751e-08,False,False
D0,40,136000000,40,False,False,False,False,True,True,timeout,timeout,17.6452693939209,-3.866421699523926,6,6,0.038526032119989395,0.01942398212850094,2.0,2.0,2.0,1.154553771018982,0.32200002670288086,0.37050002813339233,1.6666667461395264,0.5,0.000675136863719672,0.0006271503516472876,False,False
D0,41,136000000,41,True,False,False,False,False,True,success,timeout,9.524682998657227,0.5845938324928284,6,6,0.06190713867545128,0.025390906259417534,1.860958456993103,1.378889560699463,1.6448664665222168,1.6613216400146484,0.13737623393535614,0.3290000259876251,1.3333333730697632,1.0,0.0007211602642200887,0.0003947386867366731,True,False
D0,42,136000000,42,True,True,False,False,False,False,success,success,8.546874046325684,7.507053375244141,6,6,0.052863240242004395,0.06751921027898788,1.9785226583480835,1.3181599378585815,1.6809779405593872,2.0,0.15633802115917206,0.15896739065647125,0.0,0.0,6.00101870418257e-08,5.9284054998443025e-08,False,False
D0,43,136000000,43,True,False,False,False,False,True,success,timeout,9.033172607421875,-0.4804407060146332,6,6,0.07224329560995102,0.02667037397623062,2.0,1.3353992700576782,2.0,2.0,0.12747524678707123,0.3335000276565552,2.5,0.6666666865348816,0.0028018932789564133,0.00013789978402201086,True,False
D0,44,136000000,44,True,True,False,False,False,False,success,success,7.876784324645996,7.900876045227051,6,6,0.06612399965524673,0.06479865312576294,0.7144601941108704,1.1381769180297852,1.9426709413528442,2.0,0.15030674636363983,0.136227548122406,0.0,0.1666666716337204,5.983358164485253e-08,0.00013410279643721879,False,True
D0,45,136000000,45,True,True,False,False,False,False,success,success,10.528280258178711,8.210098266601562,6,6,0.0603615939617157,0.07404077053070068,1.4793301820755005,1.6374269723892212,2.0,2.0,0.1498015969991684,0.11946902424097061,2.8333334922790527,0.1666666716337204,0.0016214698553085327,2.978341763082426e-05,True,True
D0,46,136000000,46,True,True,False,False,False,False,success,success,7.164242744445801,8.242840766906738,6,6,0.05819924548268318,0.06536111235618591,2.0,1.4042872190475464,1.36505925655365,1.35396146774292,0.19529084861278534,0.14714285731315613,0.1666666716337204,0.0,0.00018058806017506868,5.6962779382274675e-08,True,False
D0,47,136000000,47,True,True,False,False,False,False,success,success,8.377565383911133,8.377056121826172,6,6,0.05858068913221359,0.04686056077480316,2.0,0.9915205836296082,1.941399097442627,2.0,0.12831857800483704,0.2360074520111084,0.3333333432674408,0.0,0.00019682537822518498,4.961055921626212e-08,True,False
D0,48,136000000,48,True,False,False,False,False,True,success,timeout,11.47095775604248,20.426755905151367,6,6,0.04402380436658859,0.030333029106259346,0.7620723843574524,1.0232170820236206,2.0,2.0,0.19824841618537903,0.2980000078678131,2.5,6.333333492279053,0.0011509660398587584,0.0018971569370478392,True,False
D0,49,136000000,49,True,True,False,False,False,False,success,success,8.650588989257812,9.752924919128418,6,6,0.04769277945160866,0.04607638716697693,1.0027313232421875,0.9277529716491699,2.0,2.0,0.2424778789281845,0.2195121943950653,0.0,1.0,5.140637071576748e-08,0.00047223310684785247,False,True
D0,50,136000000,50,True,True,False,False,False,False,success,success,8.463374137878418,8.428313255310059,6,6,0.06569832563400269,0.06782238185405731,1.5656553506851196,2.0,2.0,2.0,0.12134502828121185,0.11370262503623962,0.1666666716337204,0.3333333432674408,0.00029903993709012866,0.0007482313667424023,True,True
D0,51,136000000,51,True,True,False,False,False,False,success,success,7.3765645027160645,6.839297294616699,6,6,0.059296946972608566,0.07240822166204453,2.0,1.8448091745376587,2.0,2.0,0.16760562360286713,0.1246056780219078,0.1666666716337204,0.0,0.000876676058396697,6.250702710985934e-08,True,False
D0,52,136000000,52,True,True,False,False,False,False,success,success,8.41048526763916,7.803110122680664,6,6,0.06308220326900482,0.06759709864854813,1.844415307044983,1.8979381322860718,2.0,2.0,0.14986376464366913,0.138888880610466,0.5,0.0,0.0003524657804518938,5.5809202592627116e-08,True,False
D0,53,136000000,53,True,True,False,False,False,False,success,success,6.3474249839782715,6.721951961517334,6,6,0.08053213357925415,0.0835808739066124,2.0,2.0,2.0,1.5517727136611938,0.15081967413425446,0.13111887872219086,0.0,0.0,5.972322014713427e-08,6.570090249624627e-08,False,False
D0,54,136000000,54,True,True,False,False,False,False,success,success,8.069585800170898,7.289834022521973,6,6,0.06561674922704697,0.06869558244943619,1.8949756622314453,1.3908227682113647,2.0,2.0,0.12721893191337585,0.15135136246681213,0.5,0.3333333432674408,0.00018150672258343548,3.180037310812622e-05,True,True
D0,55,136000000,55,True,True,False,False,False,False,success,success,7.190340042114258,8.918791770935059,6,6,0.07196388393640518,0.0663689598441124,1.3542917966842651,1.3056395053863525,2.0,2.0,0.1411411464214325,0.16343489289283752,0.0,0.0,5.813917880459485e-08,5.767976318793444e-08,False,False
D0,56,136000000,56,True,True,False,False,False,False,success,success,8.876626014709473,8.234132766723633,6,6,0.05596156418323517,0.05917690694332123,2.0,2.0,1.2302112579345703,1.5567536354064941,0.21469466388225555,0.1860189586877823,1.6666667461395264,0.3333333432674408,0.0015700438525527716,0.00012907470227219164,True,True
D0,57,136000000,57,True,True,False,False,False,False,success,success,10.423312187194824,9.291450500488281,6,6,0.05456528440117836,0.048129890114068985,1.5070128440856934,1.3597767353057861,2.0,2.0,0.1794871836900711,0.21554771065711975,0.5,0.0,0.00027108329231850803,4.9483301012287484e-08,True,False
D0,58,136000000,58,True,True,False,False,False,False,success,success,11.179092407226562,7.879345893859863,6,6,0.054391324520111084,0.07252568006515503,1.7863373756408691,1.4334795475006104,2.0,2.0,0.15019379556179047,0.13855421543121338,4.5,0.1666666716337204,0.0030674473382532597,7.401838047371712e-06,True,True
D0,59,136000000,59,True,True,False,False,False,False,success,success,10.721990585327148,8.140562057495117,6,6,0.037672653794288635,0.05885551869869232,2.0,2.0,0.8783681392669678,1.5812615156173706,0.25358423590660095,0.17131979763507843,0.3333333432674408,0.3333333432674408,0.00010754229879239574,0.0009015899850055575,True,True
D0,60,136000000,60,True,True,False,False,False,False,success,success,9.323850631713867,8.732030868530273,6,6,0.06732837855815887,0.05558507889509201,1.3314846754074097,1.525557041168213,1.111934781074524,2.0,0.13947990536689758,0.22832369804382324,0.8333333730697632,0.0,0.0005277310265228152,4.892788396659853e-08,True,False
D0,61,136000000,61,True,True,False,False,False,False,success,success,8.156249046325684,6.998994827270508,6,6,0.07026194781064987,0.06754498928785324,1.7053736448287964,1.4355127811431885,2.0,1.0226001739501953,0.12813369929790497,0.1428571492433548,0.5,0.0,0.00036041924613527954,6.40158503983912e-08,True,False
D0,62,136000000,62,True,True,False,False,False,False,success,success,8.28261661529541,6.807809829711914,6,6,0.041407208889722824,0.07528774440288544,1.7085343599319458,1.7350425720214844,1.6346468925476074,2.0,0.29024767875671387,0.16250000894069672,0.0,0.0,4.442506806867641e-08,6.075310921005439e-08,False,False
D0,63,136000000,63,True,True,False,False,False,False,success,success,7.754061698913574,10.330659866333008,6,6,0.06854041665792465,0.05766213312745094,0.8607175350189209,1.1354273557662964,2.0,1.998639702796936,0.1348484754562378,0.14189189672470093,0.5,3.8333334922790527,0.0004906330723315477,0.003067899728193879,True,True
D0,64,136000000,64,True,True,False,False,False,False,success,success,7.567389011383057,8.502610206604004,6,6,0.06598734110593796,0.05884999781847,1.3916188478469849,1.311447262763977,2.0,2.0,0.11356467008590698,0.21276594698429108,0.0,0.1666666716337204,6.077306835550189e-08,6.488291546702385e-05,False,True
D0,65,136000000,65,True,True,False,False,False,False,success,success,7.290935039520264,7.430171966552734,6,6,0.05713905766606331,0.06194261088967323,1.1119821071624756,1.5915604829788208,1.252840518951416,0.8847050070762634,0.1483870893716812,0.1331360936164856,0.0,0.0,6.089479143156495e-08,6.107856620474195e-08,False,False
D0,66,136000000,66,True,True,False,False,False,False,success,success,8.462061882019043,8.987115859985352,6,6,0.05031837150454521,0.05349101126194,1.5991270542144775,2.0,1.0436828136444092,1.6207752227783203,0.23641304671764374,0.20225873589515686,0.1666666716337204,0.5,1.1801689652202185e-05,0.0003092815459240228,True,True
D0,67,136000000,67,True,True,False,False,False,False,success,success,7.726843357086182,7.899634838104248,6,6,0.0612308643758297,0.06792504340410233,2.0,2.0,2.0,2.0,0.13166144490242004,0.1366279125213623,0.1666666716337204,0.1666666716337204,3.795304291998036e-05,0.0002981472935061902,True,True
D0,68,136000000,68,True,True,False,False,False,False,success,success,7.947025775909424,6.822007179260254,6,6,0.06190241873264313,0.05171604081988335,1.139715313911438,1.350794792175293,1.205615520477295,1.2334322929382324,0.13003095984458923,0.13254593312740326,0.3333333432674408,0.1666666716337204,0.0007517098565585911,3.7435467675095424e-05,True,True
D0,69,136000000,69,True,True,False,False,False,False,success,success,8.240028381347656,7.683171272277832,6,6,0.05991487577557564,0.07816486060619354,0.9163439273834229,1.3724260330200195,1.6999956369400024,2.0,0.14308175444602966,0.14423076808452606,0.0,0.0,5.768344735201936e-08,5.9461914503344815e-08,False,False
D0,70,136000000,70,True,True,False,False,False,False,success,success,7.892611503601074,8.671615600585938,6,6,0.05060967430472374,0.05443413183093071,1.21662437915802,0.7943297028541565,0.9516866207122803,1.128642201423645,0.23579546809196472,0.1605633795261383,0.0,0.0,5.076101672329969e-08,5.6005845294748724e-08,False,False
D0,71,136000000,71,True,True,False,False,False,False,success,success,7.669555187225342,7.9229736328125,6,6,0.061316147446632385,0.06734512746334076,1.134628415107727,2.0,2.0,2.0,0.1344410926103592,0.1358208954334259,0.3333333432674408,0.6666666865348816,0.0010390784591436386,0.0005357873742468655,True,True
D0,72,136000000,72,True,True,False,False,False,False,success,success,8.480056762695312,9.54336929321289,6,6,0.05637389421463013,0.06713684648275375,1.2417874336242676,2.0,2.0,2.0,0.17550505697727203,0.14718614518642426,0.0,2.6666667461395264,5.602564456808068e-08,0.0032392756547778845,False,True
D0,73,136000000,73,True,True,False,False,False,False,success,success,7.662657737731934,7.645026206970215,6,6,0.06676987558603287,0.0716179609298706,1.3305362462997437,1.3616130352020264,2.0,1.8585314750671387,0.12389380484819412,0.10410095006227493,0.3333333432674408,0.0,0.0002150830114260316,5.7534652597723834e-08,True,False
D0,74,136000000,74,True,True,False,False,False,False,success,success,7.409062385559082,7.361085891723633,6,6,0.06381531059741974,0.06396468728780746,1.3940833806991577,1.163873553276062,1.3456134796142578,2.0,0.14942528307437897,0.15143603086471558,0.1666666716337204,0.1666666716337204,0.00021840714907739311,2.0350023987703025e-05,True,True
D0,75,136000000,75,False,True,False,False,True,False,timeout,success,14.7532958984375,8.596834182739258,6,6,0.0315362885594368,0.06620762497186661,1.6674647331237793,2.0,2.0,2.0,0.30550000071525574,0.172991082072258,0.0,1.6666667461395264,3.984460050787675e-08,0.0017067933222278953,False,True
D0,76,136000000,76,True,True,False,False,False,False,success,success,10.070425987243652,7.671702861785889,6,6,0.04871151223778725,0.07096126675605774,1.4488540887832642,1.4863286018371582,0.8900284171104431,1.4751166105270386,0.1892712563276291,0.13871951401233673,0.0,0.0,5.2591239807497914e-08,5.978144201890245e-08,False,False
D0,77,136000000,77,True,True,False,False,False,False,success,success,7.496150016784668,6.94419527053833,6,6,0.07205592095851898,0.06293141096830368,2.0,1.434364914894104,1.9375882148742676,2.0,0.1410658210515976,0.14909638464450836,0.0,0.3333333432674408,6.051541845408792e-08,0.00022531858121510595,False,True
D0,78,136000000,78,True,True,False,False,False,False,success,success,12.508359909057617,8.506439208984375,6,6,0.034483540803194046,0.05809999257326126,2.0,1.4152960777282715,1.2560901641845703,1.3948006629943848,0.22826087474822998,0.15422885119915009,0.0,1.1666667461395264,4.67017429173211e-08,0.0017672531539574265,False,True
D0,79,136000000,79,True,True,False,False,False,False,success,success,8.010528564453125,8.267111778259277,6,6,0.05330726131796837,0.06205306947231293,1.5776236057281494,1.7073719501495361,2.0,2.0,0.22479838132858276,0.1308823525905609,0.0,0.5,5.097172106616199e-08,0.0003601295466069132,False,True
D0,80,136000000,80,True,True,False,False,False,False,success,success,9.364771842956543,7.150694847106934,6,6,0.061957746744155884,0.04600250720977783,1.0824283361434937,1.525402307510376,2.0,0.9253055453300476,0.13082900643348694,0.2572254240512848,0.8333333730697632,0.0,0.0010121488012373447,4.91499214660962e-08,True,False
D0,81,136000000,81,True,True,False,False,False,False,success,success,7.7044878005981445,7.852431297302246,6,6,0.06219014525413513,0.06971198320388794,0.9452143311500549,1.0807042121887207,1.9393748044967651,2.0,0.1501501500606537,0.1294642835855484,0.0,0.6666666865348816,5.719378748381132e-08,0.0006196757312864065,False,True
D0,82,136000000,82,True,True,False,False,False,False,success,success,10.835786819458008,14.435340881347656,6,6,0.05119658261537552,0.05184639245271683,1.1500576734542847,1.4738057851791382,2.0,2.0,0.23250000178813934,0.21146953105926514,0.1666666716337204,0.0,1.4229209227778483e-05,4.6123755481630724e-08,True,False
D0,83,136000000,83,False,True,False,False,True,False,timeout,success,21.20333480834961,6.263765335083008,6,6,0.02156982012093067,0.08577437698841095,2.0,1.7462105751037598,0.8241939544677734,2.0,0.3830000162124634,0.12631578743457794,0.3333333432674408,0.0,0.00017009436851367354,6.021814158430061e-08,False,False
D0,84,136000000,84,True,True,False,False,False,False,success,success,9.292884826660156,9.954728126525879,6,6,0.05922499671578407,0.04710312932729721,1.4303432703018188,1.345124363899231,2.0,2.0,0.18046709895133972,0.2160392850637436,1.1666667461395264,2.1666667461395264,0.0007960645598359406,0.0007226449670270085,True,True
D0,85,136000000,85,True,True,False,False,False,False,success,success,7.976229667663574,8.969169616699219,6,6,0.06518325954675674,0.06141321733593941,1.0928101539611816,1.9808512926101685,2.0,2.0,0.13731344044208527,0.12680114805698395,0.3333333432674408,0.3333333432674408,0.0003853692614939064,3.293254121672362e-05,True,True
D0,86,136000000,86,True,True,False,False,False,False,success,success,8.948015213012695,8.70522689819336,6,6,0.05771845206618309,0.06453792750835419,0.9579641222953796,0.882760226726532,2.0,1.8948918581008911,0.1548556387424469,0.12173913419246674,0.0,0.1666666716337204,5.672750447160979e-08,6.678208592347801e-05,False,True
D0,87,136000000,87,True,True,False,False,False,False,success,success,7.745699882507324,7.875216484069824,6,6,0.07256364077329636,0.06577137112617493,1.4477707147598267,1.1710398197174072,2.0,2.0,0.14820359647274017,0.12878787517547607,0.0,0.1666666716337204,6.024399112902756e-08,0.00015377583622466773,False,True
D0,88,136000000,88,True,True,False,False,False,False,success,success,5.335638046264648,6.836239814758301,6,6,0.05309596285223961,0.07510539144277573,1.5991997718811035,1.6546854972839355,1.5177994966506958,2.0,0.1826086938381195,0.15319864451885223,3.0,0.0,0.008438698947429657,6.044255940196308e-08,True,False
D0,89,136000000,89,True,True,False,False,False,False,success,success,7.942827224731445,8.112476348876953,6,6,0.07020870596170425,0.06069698929786682,1.6214454174041748,1.1155378818511963,1.975945234298706,2.0,0.13132911920547485,0.1268882155418396,0.0,0.1666666716337204,6.162454013747265e-08,3.725650822161697e-05,False,True
D0,90,136000000,90,False,True,False,False,True,False,timeout,success,21.699310302734375,6.655492305755615,6,6,0.022437311708927155,0.06213100627064705,1.9799655675888062,1.5096690654754639,1.8701997995376587,1.7250782251358032,0.3615000247955322,0.18493150174617767,0.0,0.1666666716337204,3.654982094758452e-08,0.00048768508713692427,False,True
D0,91,136000000,91,False,False,True,False,False,True,contact_stability,timeout,-4.5593695640563965,22.398704528808594,1,5,0.08809413760900497,0.01988922618329525,1.9251904487609863,1.3329575061798096,1.7274540662765503,1.9585407972335815,0.18518519401550293,0.37800002098083496,5.0,1.8000000715255737,0.022763052955269814,0.000562500674277544,False,False
D0,92,136000000,92,False,False,True,False,False,True,contact_stability,timeout,-3.2536234855651855,22.229185104370117,2,6,0.08499065786600113,0.019531086087226868,2.0,1.3644800186157227,1.273052453994751,1.3497651815414429,0.1825396865606308,0.3620000183582306,2.5,0.0,0.004989233799278736,3.582359298093252e-08,False,False
D0,93,136000000,93,True,True,False,False,False,False,success,success,7.221774101257324,7.467035293579102,6,6,0.0684790313243866,0.08125609904527664,1.8372106552124023,1.9522589445114136,1.8725835084915161,2.0,0.13050313293933868,0.13719511032104492,0.0,0.0,6.476363267893248e-08,6.067256919095598e-08,False,False
D0,94,136000000,94,True,True,False,False,False,False,success,success,11.175383567810059,7.19711971282959,6,6,0.052392374724149704,0.07405833154916763,0.6756511330604553,1.4369804859161377,2.0,2.0,0.13646532595157623,0.13865546882152557,1.6666667461395264,0.5,0.0014008787693455815,0.0036140992306172848,True,True
D0,95,136000000,95,True,True,False,False,False,False,success,success,10.05893611907959,9.758584976196289,6,6,0.051812827587127686,0.04628394544124603,1.7645916938781738,1.5374515056610107,2.0,2.0,0.18860511481761932,0.23402418196201324,0.6666666865348816,0.0,0.0005789304850623012,4.79231339056696e-08,True,False
D0,96,136000000,96,True,True,False,False,False,False,success,success,9.004755020141602,9.571784973144531,6,6,0.055034372955560684,0.03946312144398689,1.7176790237426758,1.4218928813934326,1.8141406774520874,1.817923665046692,0.17447306215763092,0.2629733383655548,1.3333333730697632,0.6666666865348816,0.0012995488941669464,0.00031220485107041895,True,True
D0,97,136000000,97,True,True,False,False,False,False,success,success,7.723143577575684,8.30444622039795,6,6,0.06526073813438416,0.06202951818704605,0.9788936972618103,0.9443877339363098,1.9520138502120972,2.0,0.1463414579629898,0.12537313997745514,0.0,0.0,5.97995324369549e-08,6.051368472981267e-08,False,False
D0,98,136000000,98,True,True,False,False,False,False,success,success,8.101279258728027,7.8096818923950195,6,6,0.06803343445062637,0.07217489182949066,1.6162797212600708,1.9292352199554443,2.0,2.0,0.1463068276643753,0.13467049598693848,0.0,0.0,5.975787331635729e-08,5.8765497357171625e-08,False,False
D0,99,136000000,99,True,True,False,False,False,False,success,success,11.87319564819336,7.451611518859863,6,6,0.061573710292577744,0.06095748767256737,1.4476045370101929,2.0,2.0,2.0,0.14886362850666046,0.12264150381088257,0.0,0.0,5.524696788938854e-08,6.020250964411389e-08,False,False
D0,100,136000000,100,True,True,False,False,False,False,success,success,7.518228054046631,7.791510105133057,6,6,0.07045730203390121,0.06524220108985901,1.2458945512771606,1.8008183240890503,2.0,2.0,0.1220238134264946,0.18433734774589539,0.0,0.0,5.852490403412958e-08,5.70812908051721e-08,False,False
D0,101,136000000,101,True,True,False,False,False,False,success,success,7.724486351013184,6.930893421173096,6,6,0.06771618127822876,0.06653107702732086,2.0,1.905413269996643,1.1619940996170044,2.0,0.1376582384109497,0.17337460815906525,0.0,0.3333333432674408,5.7992870949874487e-08,0.0001521789381513372,False,True
D0,102,136000000,102,True,False,False,False,False,True,success,timeout,8.585088729858398,22.07529640197754,6,6,0.05586109310388565,0.028169702738523483,1.283219337463379,2.0,2.0,2.0,0.13461539149284363,0.320000022649765,0.6666666865348816,0.8333333730697632,0.0008207553764805198,0.0004257976252119988,True,False
D0,103,136000000,103,False,True,False,False,True,False,timeout,success,4.8527140617370605,7.11708927154541,6,6,0.02220718190073967,0.08215543627738953,1.6965137720108032,1.3522957563400269,1.202803134918213,2.0,0.31200000643730164,0.13286712765693665,0.0,0.0,4.117954688354075e-08,6.07626944315598e-08,False,False
D0,104,136000000,104,True,True,False,False,False,False,success,success,8.43671703338623,8.293722152709961,6,6,0.05752388387918472,0.05849457532167435,1.4698777198791504,1.3461651802062988,0.8727786540985107,0.9108901619911194,0.1428571343421936,0.14139942824840546,0.0,0.0,6.147381270693586e-08,6.001113916909162e-08,False,False
D0,105,136000000,105,True,True,False,False,False,False,success,success,7.647492408752441,8.020472526550293,6,6,0.06341797113418579,0.062286753207445145,1.7040998935699463,1.0670562982559204,1.0600758790969849,2.0,0.1842818409204483,0.12794117629528046,0.0,0.3333333432674408,5.687282111921377e-08,0.00032128923339769244,False,True
D0,106,136000000,106,False,True,True,False,False,False,contact_stability,success,-4.234783172607422,7.895952224731445,5,6,0.06166369095444679,0.06932910531759262,1.6338845491409302,1.3792643547058105,0.886447012424469,2.0,0.20588235557079315,0.15256798267364502,5.400000095367432,0.0,0.0125238923355937,6.067433844236803e-08,False,False
D0,107,136000000,107,True,True,False,False,False,False,success,success,8.982973098754883,10.231643676757812,6,6,0.04710899665951729,0.057414460927248,1.612102746963501,1.3749984502792358,2.0,2.0,0.2378472238779068,0.1563192903995514,0.1666666716337204,0.8333333730697632,3.7312740460038185e-05,0.0007991258171387017,True,True
D0,108,136000000,108,True,True,False,False,False,False,success,success,7.249520301818848,6.87825345993042,6,6,0.08099052309989929,0.07608223706483841,1.388134241104126,2.0,2.0,1.508866548538208,0.1314878910779953,0.16112956404685974,0.0,0.1666666716337204,6.226699156286486e-08,4.26366095780395e-05,False,True
D0,109,136000000,109,True,True,False,False,False,False,success,success,7.887022972106934,12.343446731567383,6,6,0.06937635689973831,0.048041049391031265,1.5763112306594849,1.641518473625183,2.0,2.0,0.1366197168827057,0.18801313638687134,0.0,4.5,5.7295803657098077e-08,0.0034111097920686007,False,True
D0,110,136000000,110,True,True,False,False,False,False,success,success,8.861587524414062,6.670628070831299,6,6,0.05371102690696716,0.06369985640048981,1.1621688604354858,1.3557673692703247,1.808807373046875,2.0,0.15314136445522308,0.16085271537303925,0.1666666716337204,0.1666666716337204,3.1953400139173027e-06,0.0005363681702874601,True,True
D0,111,136000000,111,True,True,False,False,False,False,success,success,7.59323787689209,8.252546310424805,6,6,0.07856239378452301,0.05854913964867592,1.7743170261383057,1.1482912302017212,2.0,2.0,0.1300940364599228,0.15331491827964783,0.0,0.0,5.8018194692976977e-08,5.784494661043027e-08,False,False
D0,112,136000000,112,True,True,False,False,False,False,success,success,7.458309650421143,8.74911880493164,6,6,0.07300835847854614,0.058668725192546844,2.0,1.3614602088928223,2.0,2.0,0.12579618394374847,0.1972476989030838,0.0,0.0,6.082277081986831e-08,5.40118918479493e-08,False,False
D0,113,136000000,113,True,True,False,False,False,False,success,success,9.203500747680664,9.783790588378906,6,6,0.052119724452495575,0.06612032651901245,1.3315141201019287,1.6432512998580933,2.0,2.0,0.22435897588729858,0.1644880175590515,0.6666666865348816,0.1666666716337204,0.00044631073251366615,0.00036509428173303604,True,True
D0,114,136000000,114,True,True,False,False,False,False,success,success,9.209144592285156,8.338471412658691,6,6,0.057354189455509186,0.06904041767120361,1.756417155265808,1.0860579013824463,1.830187439918518,1.6378268003463745,0.140625,0.14133332669734955,0.5,0.0,0.00029513781191781163,6.238644800760085e-08,True,False
D0,115,136000000,115,True,True,False,False,False,False,success,success,14.010771751403809,8.546557426452637,6,6,0.03328779339790344,0.06423927843570709,1.3347058296203613,1.4193400144577026,2.0,2.0,0.2888513505458832,0.1428571492433548,0.0,0.0,4.3346563671775584e-08,5.708761463552037e-08,False,False
D0,116,136000000,116,True,False,False,True,False,False,success,contact_stability,9.258661270141602,-8.761209487915039,6,1,0.04876117780804634,0.08441127091646194,1.5685572624206543,2.0,1.409362554550171,0.9857455492019653,0.21703852713108063,0.19819819927215576,0.0,12.0,5.20304865858634e-08,0.06604659557342529,False,False
D0,117,136000000,117,True,False,False,True,False,False,success,contact_stability,7.960361480712891,-5.105371475219727,6,6,0.061179157346487045,0.06924024224281311,0.9525139927864075,1.80258047580719,2.0,1.067226529121399,0.13461539149284363,0.1803797483444214,0.5,2.8333334922790527,0.0003510305832605809,0.016038216650485992,True,False
D0,118,136000000,118,True,True,False,False,False,False,success,success,7.360145568847656,9.020711898803711,6,6,0.08329900354146957,0.06333321332931519,1.3292531967163086,1.34492826461792,1.4786403179168701,1.6146745681762695,0.1538461595773697,0.1149425283074379,0.0,0.3333333432674408,5.8424262761036516e-08,0.0003735960053745657,False,True
D0,119,136000000,119,True,True,False,False,False,False,success,success,8.26233196258545,8.406867980957031,6,6,0.051980167627334595,0.06398673355579376,1.332855224609375,1.352717399597168,1.0620825290679932,2.0,0.16931216418743134,0.14402173459529877,0.1666666716337204,0.3333333432674408,9.060577576747164e-05,0.0009646392427384853,True,True
D0,120,136000000,120,True,True,False,False,False,False,success,success,8.171764373779297,8.096491813659668,6,6,0.06493356078863144,0.054616089910268784,2.0,1.1066049337387085,1.9221785068511963,0.9025692939758301,0.13274335861206055,0.16379310190677643,0.1666666716337204,0.1666666716337204,4.098691715626046e-05,0.0002874524798244238,True,True
D0,121,136000000,121,False,True,False,False,True,False,timeout,success,22.047544479370117,6.48160457611084,5,6,0.021274322643876076,0.06749426573514938,1.6865928173065186,1.9137382507324219,1.299615740776062,2.0,0.3710000216960907,0.15810278058052063,1.8000000715255737,0.1666666716337204,0.0004113446339033544,0.000705945712979883,False,True
D0,122,136000000,122,True,True,False,False,False,False,success,success,8.89273738861084,7.1795220375061035,6,6,0.07307694852352142,0.07323164492845535,1.9008708000183105,1.0511826276779175,2.0,2.0,0.1446700543165207,0.13880597054958344,0.0,0.0,5.806948522035782e-08,6.017572218297573e-08,False,False
D0,123,136000000,123,True,True,False,False,False,False,success,success,9.189350128173828,7.22104024887085,6,6,0.04434756934642792,0.0707833468914032,2.0,1.3677741289138794,1.8215411901474,2.0,0.2299605756998062,0.1411764770746231,10.666666984558105,0.1666666716337204,0.011159121058881283,0.00027074036188423634,True,True
D0,124,136000000,124,True,True,False,False,False,False,success,success,14.120199203491211,7.174954891204834,6,6,0.05263715609908104,0.07558741420507431,1.1993584632873535,1.3080425262451172,2.0,2.0,0.1550094485282898,0.12908011674880981,1.0,0.0,0.0006391458446159959,5.896623278545121e-08,True,False
D0,125,136000000,125,True,False,False,False,False,True,success,timeout,8.578506469726562,18.393003463745117,6,6,0.0527012012898922,0.03172825649380684,0.9159431457519531,1.8245021104812622,2.0,2.0,0.15159574151039124,0.30300000309944153,0.8333333730697632,5.0,0.0005710296682082117,0.0026009255088865757,True,False
D0,126,136000000,126,False,False,False,False,True,True,timeout,timeout,22.22015380859375,19.637401580810547,5,6,0.019695069640874863,0.02761130779981613,2.0,1.8560116291046143,1.372786283493042,1.3062474727630615,0.37700000405311584,0.3540000021457672,1.2000000476837158,1.0,0.00042452351772226393,0.0021081864833831787,False,False
D0,127,136000000,127,True,True,False,False,False,False,success,success,7.287092208862305,8.829822540283203,6,6,0.07102847844362259,0.06687542796134949,1.455920696258545,2.0,1.590477466583252,2.0,0.13181817531585693,0.14567901194095612,0.0,0.5,5.7436231770680024e-08,0.0001350957027170807,False,True
D0,128,136000001,0,True,True,False,False,False,False,success,success,7.640214920043945,11.630428314208984,6,6,0.0711524710059166,0.05227881669998169,1.144471526145935,1.518452525138855,2.0,2.0,0.13430850207805634,0.15837937593460083,0.0,5.333333492279053,5.8683959025529475e-08,0.004320439416915178,False,True
D0,129,136000001,1,True,True,False,False,False,False,success,success,9.030683517456055,8.24817180633545,6,6,0.058014873415231705,0.06019921973347664,1.226772665977478,0.726993978023529,2.0,2.0,0.13005779683589935,0.1313432902097702,0.0,0.1666666716337204,6.115151762742244e-08,0.0001040383504005149,False,True
D0,130,136000001,2,True,False,False,False,False,True,success,timeout,7.527898788452148,13.901192665100098,6,6,0.0739390179514885,0.03239046409726143,1.4118926525115967,1.3251047134399414,2.0,2.0,0.13522012531757355,0.27900001406669617,0.0,0.0,6.40724096001577e-08,4.146601639831715e-08,False,False
D0,131,136000001,3,True,True,False,False,False,False,success,success,8.536757469177246,7.973404884338379,6,6,0.060380157083272934,0.059022124856710434,1.9657325744628906,1.6426026821136475,2.0,2.0,0.12985074520111084,0.14728683233261108,0.0,0.1666666716337204,5.996461283075405e-08,5.037614027969539e-05,False,True
D0,132,136000001,4,True,True,False,False,False,False,success,success,9.160799026489258,8.79460620880127,6,6,0.05617118254303932,0.06246638298034668,1.1509778499603271,1.3974666595458984,1.4348232746124268,2.0,0.11621621996164322,0.12092391401529312,0.6666666865348816,0.5,0.0008432117174379528,0.0004960711812600493,True,True
D0,133,136000001,5,True,True,False,False,False,False,success,success,7.352910995483398,7.454413890838623,6,6,0.07938230782747269,0.07047171145677567,1.2901101112365723,1.7158305644989014,2.0,1.799777626991272,0.15915492177009583,0.14705882966518402,0.3333333432674408,0.1666666716337204,0.0009439776185899973,0.00030550840892829,True,True
D0,134,136000001,6,True,False,False,False,False,True,success,timeout,9.210683822631836,22.755708694458008,6,5,0.0500597208738327,0.019959116354584694,1.8350101709365845,1.4830880165100098,1.6173056364059448,1.0734531879425049,0.20892494916915894,0.35200002789497375,0.0,1.2000000476837158,5.0829534359309037e-08,0.0002930110786110163,False,False
D0,135,136000001,7,True,True,False,False,False,False,success,success,7.965010643005371,8.967899322509766,6,6,0.07066894322633743,0.06374925374984741,1.4128804206848145,1.3481855392456055,2.0,2.0,0.13406939804553986,0.12890625,0.0,0.3333333432674408,6.303343269564721e-08,0.0003025881596840918,False,True
D0,136,136000001,8,True,True,False,False,False,False,success,success,7.559635162353516,8.239078521728516,6,6,0.06268523633480072,0.061485618352890015,1.5520753860473633,1.0569226741790771,1.053149938583374,2.0,0.14414414763450623,0.12724551558494568,0.0,0.6666666865348816,6.118661843856898e-08,0.0003985169460065663,False,True
D0,137,136000001,9,True,True,False,False,False,False,success,success,8.938162803649902,9.331035614013672,6,6,0.06707794964313507,0.05407479777932167,1.9042314291000366,1.0759704113006592,1.8952789306640625,1.7652416229248047,0.13989636301994324,0.16976743936538696,0.1666666716337204,0.0,0.00012838913244195282,5.495847332781523e-08,True,False
D0,138,136000001,10,True,True,False,False,False,False,success,success,9.247995376586914,8.01192855834961,6,6,0.05570527911186218,0.06505058705806732,1.0963958501815796,1.9913921356201172,1.2377195358276367,1.259377360343933,0.1428571343421936,0.13931888341903687,2.3333334922790527,0.0,0.0033908342011272907,6.156834331250138e-08,True,False
D0,139,136000001,11,True,True,False,False,False,False,success,success,9.841713905334473,8.413328170776367,6,6,0.052323125302791595,0.05807360261678696,1.079779863357544,0.9875624775886536,1.9468450546264648,2.0,0.15063291788101196,0.11390532553195953,0.1666666716337204,0.3333333432674408,0.00031135627068579197,0.0009929969673976302,True,True
D0,140,136000001,12,False,True,True,False,False,False,contact_stability,success,-4.260368824005127,5.973400115966797,1,6,0.07567432522773743,0.09427757561206818,0.9993980526924133,2.0,0.8647226691246033,1.920918345451355,0.20560747385025024,0.16603054106235504,2.0,0.1666666716337204,0.016583744436502457,0.0003915863635484129,False,True
D0,141,136000001,13,True,True,False,False,False,False,success,success,7.8851213455200195,8.093384742736816,6,6,0.06701382249593735,0.07003021240234375,2.0,1.9834903478622437,1.816937804222107,2.0,0.14367815852165222,0.12121211737394333,0.1666666716337204,0.0,0.0005743872025050223,6.320037471141404e-08,True,False
D0,142,136000001,14,True,True,False,False,False,False,success,success,9.528532028198242,8.09992504119873,6,6,0.06163087114691734,0.07062825560569763,1.584421157836914,1.9256925582885742,2.0,2.0,0.1425178200006485,0.13226744532585144,2.1666667461395264,0.1666666716337204,0.0016183890402317047,0.00032898838981054723,True,True
D0,143,136000001,15,True,True,False,False,False,False,success,success,7.637163162231445,7.751408576965332,6,6,0.05884331464767456,0.07154743373394012,2.0,1.7482541799545288,1.7318068742752075,2.0,0.14346590638160706,0.13050313293933868,0.0,0.0,5.950573367385914e-08,5.881316056388641e-08,False,False
D0,144,136000001,16,True,True,False,False,False,False,success,success,9.841052055358887,8.325977325439453,6,6,0.05345238745212555,0.06331530213356018,1.5065622329711914,1.3569244146347046,1.8319119215011597,2.0,0.23938879370689392,0.13684211671352386,0.1666666716337204,0.6666666865348816,0.00012449994392227381,0.0007153436890803277,True,True
D0,145,136000001,17,True,True,False,False,False,False,success,success,6.91506814956665,7.121013641357422,6,6,0.06956592202186584,0.07489772140979767,2.0,1.2507755756378174,2.0,2.0,0.12937062978744507,0.12456140667200089,0.0,0.0,6.225427995332211e-08,6.297322840964625e-08,False,False
D0,146,136000001,18,True,True,False,False,False,False,success,success,13.490421295166016,9.228851318359375,6,6,0.03956318274140358,0.058549560606479645,1.123197078704834,1.9762382507324219,1.8541802167892456,1.5460340976715088,0.1998394876718521,0.118055559694767,1.1666667461395264,0.1666666716337204,0.000766789133194834,0.0001585029240231961,True,True
D0,147,136000001,19,True,True,False,False,False,False,success,success,7.077188491821289,10.061803817749023,6,6,0.07512380182743073,0.04625631868839264,1.052313208580017,0.9263648390769958,2.0,2.0,0.13949842751026154,0.19056262075901031,0.0,0.8333333730697632,6.147003972500897e-08,0.0003049012739211321,False,True
D0,148,136000001,20,True,True,False,False,False,False,success,success,8.239145278930664,8.747102737426758,6,6,0.06085655093193054,0.06954088062047958,1.6386374235153198,1.197920560836792,0.9535773396492004,1.2565436363220215,0.11627906560897827,0.1249999925494194,0.1666666716337204,1.3333333730697632,0.0002684476785361767,0.0014187691267579794,True,True
D0,149,136000001,21,True,True,False,False,False,False,success,success,8.220428466796875,7.77861213684082,6,6,0.05872679501771927,0.07125849276781082,1.072971224784851,1.837431788444519,1.9413601160049438,2.0,0.1321321427822113,0.1340361386537552,0.5,0.5,0.0003633298329077661,0.00039562914753332734,True,True
D0,150,136000001,22,True,True,False,False,False,False,success,success,9.215692520141602,7.636312007904053,6,6,0.04725854843854904,0.06584929674863815,1.3157447576522827,1.3369125127792358,2.0,2.0,0.21351352334022522,0.12578615546226501,0.3333333432674408,0.0,0.00011353664740454406,6.042377975745694e-08,True,False
D0,151,136000001,23,True,True,False,False,False,False,success,success,6.631392955780029,7.214453220367432,6,6,0.07595857232809067,0.07244498282670975,1.497069001197815,1.569467306137085,1.446463942527771,1.3835813999176025,0.13686130940914154,0.1381578892469406,0.0,0.1666666716337204,6.443278977030786e-08,2.6822102881851606e-05,False,True
D0,152,136000001,24,True,True,False,False,False,False,success,success,8.113515853881836,7.688070297241211,6,6,0.06415020674467087,0.06267064064741135,0.9307897686958313,1.2102384567260742,2.0,1.5786795616149902,0.12652438879013062,0.1514705866575241,0.6666666865348816,0.0,0.0004246322496328503,6.033859989429402e-08,True,False
D0,153,136000001,25,True,True,False,False,False,False,success,success,10.488813400268555,11.64980697631836,6,6,0.06256261467933655,0.03662702068686485,1.396228313446045,1.2853538990020752,1.5821317434310913,1.2717012166976929,0.19337978959083557,0.27038368582725525,1.8333333730697632,0.1666666716337204,0.0006690446753054857,0.00010182389087276533,True,True
D0,154,136000001,26,True,True,False,False,False,False,success,success,11.008535385131836,6.302436828613281,6,6,0.056837111711502075,0.08950497955083847,1.6642611026763916,1.6666687726974487,2.0,1.65492582321167,0.1723790317773819,0.14506173133850098,0.3333333432674408,0.0,2.400796438450925e-05,6.836906152329902e-08,True,False
D0,155,136000001,27,True,True,False,False,False,False,success,success,11.38899040222168,11.79600715637207,6,6,0.05338507518172264,0.037598296999931335,0.7952893376350403,1.703550100326538,2.0,2.0,0.15313653647899628,0.262662798166275,4.1666669845581055,0.0,0.002636171877384186,4.506256701120037e-08,True,False
D0,156,136000001,28,True,True,False,False,False,False,success,success,8.930729866027832,8.556422233581543,6,6,0.058701980859041214,0.06718625128269196,1.2380001544952393,1.4024053812026978,2.0,2.0,0.14868421852588654,0.10869565606117249,0.1666666716337204,0.1666666716337204,0.00017342311912216246,0.0001566897117299959,True,True
D0,157,136000001,29,True,True,False,False,False,False,success,success,11.864917755126953,11.334081649780273,6,6,0.039128582924604416,0.03964837267994881,2.0,2.0,0.9031808972358704,1.638248324394226,0.22488756477832794,0.28304407000541687,0.3333333432674408,0.0,0.0001755980629241094,4.354034643938576e-08,True,False
D0,158,136000001,30,True,True,False,False,False,False,success,success,8.190451622009277,7.808223724365234,6,6,0.06175363436341286,0.06584534794092178,1.177476167678833,1.0757349729537964,1.9904431104660034,2.0,0.17810027301311493,0.1565934121608734,0.0,0.0,5.751282827759496e-08,5.842914063691751e-08,False,False
D0,159,136000001,31,True,True,False,False,False,False,success,success,7.673501014709473,8.24770736694336,6,6,0.07240483909845352,0.059150729328393936,1.4232735633850098,0.952172577381134,1.6162415742874146,2.0,0.1422155797481537,0.12908011674880981,0.0,0.5,6.239978489475106e-08,0.00038742812466807663,False,True
D0,160,136000001,32,True,True,False,False,False,False,success,success,6.712767601013184,8.997840881347656,6,6,0.05085204914212227,0.0592506006360054,1.4530707597732544,1.2209571599960327,2.0,1.7596163749694824,0.2549549639225006,0.125,0.0,0.5,5.10578246348814e-08,0.0006792801432311535,False,True
D0,161,136000001,33,True,True,False,False,False,False,success,success,7.757359504699707,8.187423706054688,6,6,0.06898636370897293,0.06711843609809875,1.8460110425949097,1.652741551399231,2.0,1.847633719444275,0.1661931872367859,0.15549598634243011,0.0,0.0,5.9532112572924234e-08,5.839341099544981e-08,False,False
D0,162,136000001,34,True,True,False,False,False,False,success,success,9.700819969177246,8.532148361206055,6,6,0.058049432933330536,0.07075897604227066,0.9439658522605896,1.1442463397979736,2.0,1.8609492778778076,0.14553014934062958,0.12957745790481567,6.1666669845581055,0.5,0.009481778368353844,0.0007000984041951597,True,True
D0,163,136000001,35,True,True,False,False,False,False,success,success,7.753259658813477,8.289795875549316,6,6,0.06218978390097618,0.060376860201358795,1.2580889463424683,1.2291489839553833,2.0,1.3547886610031128,0.1608695685863495,0.142414852976799,0.0,0.0,5.6558434380349354e-08,6.166260391182732e-08,False,False
D0,164,136000001,36,False,True,False,False,True,False,timeout,success,19.256671905517578,7.019281387329102,6,6,0.024519728496670723,0.04761296138167381,2.0,1.3571833372116089,1.2602416276931763,1.5322047472000122,0.33500000834465027,0.25102880597114563,2.6666667461395264,0.0,0.002237490378320217,4.715240464747694e-08,False,False
D0,165,136000001,37,True,True,False,False,False,False,success,success,7.6436004638671875,6.729527950286865,6,6,0.05853694677352905,0.08479906618595123,1.4527469873428345,2.0,1.1947864294052124,2.0,0.16576087474822998,0.1319444477558136,0.0,0.0,5.446795370289692e-08,6.32369818731604e-08,False,False
D0,166,136000001,38,False,True,True,False,False,False,contact_stability,success,-3.73327374458313,7.636274814605713,3,6,0.08964616060256958,0.07378941774368286,2.0,1.624802827835083,1.2991663217544556,1.2946292161941528,0.1955128163099289,0.12062937021255493,1.3333333730697632,0.0,0.004789202008396387,5.805822311799602e-08,False,False
D0,167,136000001,39,False,False,False,False,True,True,timeout,timeout,19.030960083007812,20.179536819458008,6,6,0.03375472500920296,0.0307783056050539,1.8431923389434814,1.2528156042099,2.0,1.9622719287872314,0.32350000739097595,0.3110000193119049,5.0,3.8333334922790527,0.002797888359054923,0.0014372867299243808,False,False
D0,168,136000001,40,True,False,False,False,False,True,success,timeout,7.441837310791016,-1.6230895519256592,6,6,0.06847146153450012,0.022202320396900177,1.2480159997940063,1.3862147331237793,2.0,1.1800713539123535,0.13531354069709778,0.3580000102519989,0.0,0.0,5.8226415688977795e-08,3.830443517927051e-08,False,False
D0,169,136000001,41,False,True,False,False,True,False,timeout,success,21.568967819213867,6.681970119476318,6,6,0.01835278980433941,0.06657058000564575,2.0,1.8351579904556274,1.082939624786377,1.1743987798690796,0.38450002670288086,0.1483870893716812,0.3333333432674408,0.0,2.5950143026420847e-05,6.14826873857055e-08,False,False
D0,170,136000001,42,True,True,False,False,False,False,success,success,9.286958694458008,8.454497337341309,6,6,0.0628814846277237,0.05570898950099945,1.5192337036132812,1.2879283428192139,1.458749532699585,1.9755139350891113,0.12408758699893951,0.14857882261276245,1.6666667461395264,0.1666666716337204,0.001987069845199585,0.0008233191329054534,True,True
D0,171,136000001,43,True,True,False,False,False,False,success,success,8.695550918579102,8.116543769836426,6,6,0.061200205236673355,0.06340555846691132,0.8633190393447876,1.2093983888626099,2.0,2.0,0.13513514399528503,0.15167094767093658,0.8333333730697632,0.5,0.0022737153340131044,0.0007093356689438224,True,True
D0,172,136000001,44,True,True,False,False,False,False,success,success,8.347283363342285,8.269722938537598,6,6,0.05814945697784424,0.05849999561905861,0.7593678832054138,1.8558781147003174,2.0,2.0,0.13569322228431702,0.13609467446804047,0.5,0.1666666716337204,0.00028702415875159204,0.00027601892361417413,True,True
D0,173,136000001,45,True,True,False,False,False,False,success,success,8.482479095458984,7.343039512634277,6,6,0.052979495376348495,0.06682230532169342,1.2081942558288574,2.0,1.9240198135375977,1.8223493099212646,0.20808081328868866,0.11254019290208817,0.0,0.0,5.226310051398286e-08,6.32269774314409e-08,False,False
D0,174,136000001,46,True,True,False,False,False,False,success,success,8.460235595703125,7.719945430755615,6,6,0.0386207178235054,0.05629754066467285,1.871331810951233,0.5441387295722961,1.9550557136535645,1.8576840162277222,0.28374454379081726,0.1689373254776001,0.1666666716337204,0.1666666716337204,1.044089367496781e-05,0.0001772239338606596,True,True
D0,175,136000001,47,True,True,False,False,False,False,success,success,9.16507339477539,9.138988494873047,6,6,0.05800986289978027,0.059257570654153824,0.8948495388031006,0.9486560821533203,2.0,1.9372824430465698,0.17840908467769623,0.125,0.0,0.3333333432674408,5.591670415583394e-08,0.0005286634550429881,False,True
D0,176,136000001,48,True,True,False,False,False,False,success,success,8.340831756591797,8.66734790802002,6,6,0.05740851163864136,0.05528980866074562,1.0848544836044312,1.0567654371261597,2.0,2.0,0.125,0.12463343143463135,0.1666666716337204,0.0,0.0006297615473158658,5.832920635384653e-08,True,False
D0,177,136000001,49,False,True,False,False,True,False,timeout,success,0.2256210297346115,7.653282165527344,6,6,0.024209795519709587,0.06425388157367706,1.9504956007003784,2.0,2.0,2.0,0.33000001311302185,0.145454540848732,0.6666666865348816,0.0,0.00029484275728464127,6.538472518968774e-08,False,False
D0,178,136000001,50,False,True,False,False,True,False,timeout,success,-1.3162081241607666,5.88715934753418,6,6,0.021160423755645752,0.08535581827163696,1.3861253261566162,2.0,1.2983407974243164,1.4033788442611694,0.35500001907348633,0.17399267852306366,0.0,0.3333333432674408,3.80765214913481e-08,0.0006755853537470102,False,True
D0,179,136000001,51,True,True,False,False,False,False,success,success,8.87038516998291,14.905075073242188,6,6,0.056579094380140305,0.04028378054499626,1.5248018503189087,1.2056635618209839,1.787720799446106,1.7911850214004517,0.13135592639446259,0.22294653952121735,0.0,3.0,5.96191611634822e-08,0.002169085666537285,False,True
D0,180,136000001,52,True,True,False,False,False,False,success,success,7.871216297149658,7.82866096496582,6,6,0.058129191398620605,0.06230856850743294,1.3190724849700928,1.2440537214279175,2.0,1.5514549016952515,0.21195651590824127,0.13946586847305298,0.0,0.1666666716337204,5.275846959307273e-08,0.00031628142460249364,False,True
D0,181,136000001,53,True,True,False,False,False,False,success,success,8.908187866210938,8.84050178527832,6,6,0.03600212186574936,0.06508743762969971,1.78367018699646,1.2097361087799072,1.634868860244751,1.1796549558639526,0.2567782998085022,0.12672176957130432,0.3333333432674408,0.5,1.594318382558413e-05,0.0006229385617189109,True,True
D0,182,136000001,54,True,True,False,False,False,False,success,success,11.638657569885254,10.944440841674805,6,6,0.0563858225941658,0.06218569725751877,1.3385827541351318,1.194313645362854,2.0,2.0,0.15175096690654755,0.149446502327919,3.6666667461395264,2.5,0.0022144047543406487,0.002137267030775547,True,True
D0,183,136000001,55,True,True,False,False,False,False,success,success,9.338677406311035,10.655531883239746,6,6,0.051007892936468124,0.05443328619003296,0.5455043315887451,0.9030395150184631,2.0,2.0,0.1509900987148285,0.1281464397907257,1.3333333730697632,2.6666667461395264,0.0014905777061358094,0.002144878264516592,True,True
D0,184,136000001,56,True,True,False,False,False,False,success,success,8.151814460754395,15.548921585083008,6,6,0.0639347955584526,0.036578334867954254,1.091465711593628,0.8848585486412048,2.0,1.0103514194488525,0.12272726744413376,0.25925928354263306,0.1666666716337204,0.3333333432674408,0.00012349859753157943,5.458464511320926e-05,True,True
D0,185,136000001,57,True,True,False,False,False,False,success,success,9.139810562133789,10.414069175720215,6,6,0.04853447154164314,0.060812219977378845,1.8128679990768433,0.9589070677757263,1.3927189111709595,1.529441237449646,0.1973140388727188,0.13273195922374725,0.1666666716337204,0.1666666716337204,0.00021278219355735928,5.080822575109778e-06,True,True
D0,186,136000001,58,True,True,False,False,False,False,success,success,8.27511215209961,7.109658241271973,6,6,0.06326260417699814,0.05153130367398262,1.3639109134674072,1.6353654861450195,1.985584020614624,1.2045260667800903,0.16711589694023132,0.252136766910553,0.0,0.0,5.547195414123962e-08,4.942727827028648e-08,False,False
D0,187,136000001,59,True,True,False,False,False,False,success,success,7.102334022521973,9.895418167114258,6,6,0.07211192697286606,0.05185891315340996,1.763871192932129,0.8121066689491272,1.3079378604888916,0.869375467300415,0.1498422771692276,0.2029411941766739,0.0,0.0,5.855121543163477e-08,5.354395327117345e-08,False,False
D0,188,136000001,60,True,True,False,False,False,False,success,success,8.251073837280273,8.81912612915039,6,6,0.05892124027013779,0.06575766205787659,1.1060253381729126,1.1353589296340942,2.0,2.0,0.14571428298950195,0.1259946972131729,0.0,1.3333333730697632,5.829926053024792e-08,0.0009884426835924387,False,True
D0,189,136000001,61,False,True,False,False,True,False,timeout,success,2.241898536682129,8.058448791503906,6,6,0.025614453479647636,0.060555409640073776,1.8085105419158936,1.0470776557922363,1.20613694190979,1.3225375413894653,0.33550000190734863,0.15454545617103577,0.0,0.0,4.010609799820486e-08,6.153734943836753e-08,False,False
D0,190,136000001,62,True,True,False,False,False,False,success,success,7.898859977722168,9.347434043884277,6,6,0.06406491249799728,0.07026363909244537,0.7459031939506531,1.07988440990448,1.998596429824829,2.0,0.14910025894641876,0.11757106333971024,0.6666666865348816,0.5,0.0004600044048856944,0.000716025591827929,True,True
D0,191,136000001,63,True,False,False,True,False,False,success,contact_stability,8.140336990356445,-7.344088554382324,6,1,0.05976761877536774,0.08250873535871506,0.8492308855056763,1.179890751838684,1.4445077180862427,1.6181732416152954,0.14130434393882751,0.2008928656578064,0.0,8.0,5.614790410390924e-08,0.04357030242681503,False,False
D0,192,136000001,64,True,True,False,False,False,False,success,success,8.078271865844727,11.93636703491211,6,6,0.05172521248459816,0.03190213441848755,1.7082267999649048,1.6046758890151978,1.3814098834991455,1.0285464525222778,0.22970086336135864,0.29046085476875305,0.0,0.1666666716337204,5.180056206199879e-08,4.9863243475556374e-05,False,True
D0,193,136000001,65,False,True,False,False,True,False,timeout,success,20.62468147277832,8.010366439819336,6,6,0.031422920525074005,0.06897387653589249,1.696559190750122,1.7931997776031494,2.0,2.0,0.3085000216960907,0.127692312002182,2.5,0.0,0.001319428556598723,5.782405665399892e-08,False,False
D0,194,136000001,66,True,True,False,False,False,False,success,success,8.061436653137207,8.105112075805664,6,6,0.06252741068601608,0.06426532566547394,1.0720072984695435,1.0789278745651245,2.0,2.0,0.13063062727451324,0.13204747438430786,0.8333333730697632,0.6666666865348816,0.0005395177868194878,0.00023058068472892046,True,True
D0,195,136000001,67,True,True,False,False,False,False,success,success,7.901969909667969,9.310723304748535,6,6,0.07054418325424194,0.057037319988012314,1.1239608526229858,1.3120852708816528,2.0,2.0,0.1582840234041214,0.1631944477558136,0.0,0.5,6.079609704556788e-08,0.0008729960536584258,False,True
D0,196,136000001,68,True,True,False,False,False,False,success,success,10.464872360229492,7.552210330963135,6,6,0.041862208396196365,0.06946038454771042,1.5463424921035767,1.8320342302322388,2.0,2.0,0.22932331264019012,0.12084592133760452,0.0,0.1666666716337204,4.736284608952701e-08,0.00035590349580161273,False,True
D0,197,136000001,69,False,True,False,False,True,False,timeout,success,5.146979331970215,12.463565826416016,6,6,0.0278379637748003,0.040334075689315796,1.4623678922653198,1.4351798295974731,2.0,2.0,0.31700000166893005,0.21751412749290466,0.1666666716337204,3.8333334922790527,2.9579345550700964e-07,0.0019883462227880955,False,True
D0,198,136000001,70,True,True,False,False,False,False,success,success,10.48383903503418,8.370777130126953,6,6,0.057756755501031876,0.05088571459054947,1.0857017040252686,1.2947759628295898,2.0,1.7628196477890015,0.15185949206352234,0.15573769807815552,4.1666669845581055,0.0,0.004335458856076002,5.835207161908329e-08,True,False
D0,199,136000001,71,True,True,False,False,False,False,success,success,8.156042098999023,8.164382934570312,6,6,0.05717778205871582,0.06104471907019615,0.9498608112335205,1.0597760677337646,2.0,1.6296073198318481,0.12721893191337585,0.12314540147781372,0.0,0.0,6.120304618661976e-08,6.172736988219185e-08,False,False
D0,200,136000001,72,True,True,False,False,False,False,success,success,7.760037422180176,7.710254669189453,6,6,0.06002519279718399,0.07887498289346695,1.1999945640563965,1.4602997303009033,1.3721919059753418,1.1945123672485352,0.1635638177394867,0.1435331255197525,0.1666666716337204,0.0,8.12009529909119e-05,5.832844252040559e-08,True,False
D0,201,136000001,73,True,True,False,False,False,False,success,success,8.105384826660156,5.840386390686035,6,6,0.0546843446791172,0.07556126266717911,0.8387225270271301,2.0,1.1807234287261963,2.0,0.16120217740535736,0.15181519091129303,0.1666666716337204,0.0,1.483830146753462e-05,6.598227741960727e-08,True,False
D0,202,136000001,74,True,True,False,False,False,False,success,success,8.066746711730957,8.357666969299316,6,6,0.066755510866642,0.06232719123363495,2.0,1.1790556907653809,2.0,1.311104655265808,0.14850136637687683,0.11206896603107452,0.0,0.5,5.653715362541334e-08,0.001512377057224512,False,True
D0,203,136000001,75,True,True,False,False,False,False,success,success,10.466760635375977,14.860210418701172,6,6,0.052933432161808014,0.04636378213763237,0.8184118270874023,0.895734965801239,1.917094349861145,1.9114362001419067,0.13411764800548553,0.16487455368041992,1.0,3.5,0.0008612113306298852,0.00219290005043149,True,True
D0,204,136000001,76,True,True,False,False,False,False,success,success,11.095769882202148,6.8481879234313965,6,6,0.05850665271282196,0.07404032349586487,1.3440475463867188,0.9961531758308411,2.0,2.0,0.1535508632659912,0.12457337230443954,2.1666667461395264,0.0,0.0016270836349576712,6.125708296167431e-08,True,False
D0,205,136000001,77,True,True,False,False,False,False,success,success,7.344053268432617,9.865911483764648,6,6,0.03904397413134575,0.034533463418483734,1.4428949356079102,2.0,1.5193668603897095,1.0865843296051025,0.2694214880466461,0.2634560763835907,0.0,1.0,4.7342393116878156e-08,0.000745524768717587,False,True
D0,206,136000001,78,True,True,False,False,False,False,success,success,10.515588760375977,8.62457275390625,6,6,0.057631585747003555,0.06559017300605774,1.4724899530410767,1.2277570962905884,1.8723645210266113,2.0,0.14979757368564606,0.12849161028862,6.5,0.6666666865348816,0.00615161657333374,0.001046426477842033,True,True
D0,207,136000001,79,True,True,False,False,False,False,success,success,8.286075592041016,6.868125915527344,6,6,0.06586509197950363,0.0757904201745987,1.1775628328323364,1.1042567491531372,2.0,2.0,0.1287499964237213,0.14626865088939667,0.6666666865348816,0.0,0.0003629965358413756,5.859973128963247e-08,True,False
D0,208,136000001,80,True,True,False,False,False,False,success,success,5.873223781585693,9.816183090209961,6,6,0.084573894739151,0.05694610998034477,1.3545002937316895,1.0354418754577637,1.8628567457199097,2.0,0.15535713732242584,0.1468682438135147,0.0,1.6666667461395264,6.135960006758978e-08,0.0012888781493529677,False,True
D0,209,136000001,81,True,True,False,False,False,False,success,success,8.175978660583496,8.032356262207031,6,6,0.06577123701572418,0.06548739969730377,0.970544695854187,1.1081522703170776,2.0,2.0,0.1220238134264946,0.12762762606143951,0.6666666865348816,0.3333333432674408,0.00040814760723151267,0.000287475879304111,True,True
D0,210,136000001,82,True,True,False,False,False,False,success,success,7.488880157470703,7.161938190460205,6,6,0.07042621076107025,0.043227046728134155,1.2055160999298096,1.2488104104995728,2.0,2.0,0.1225806400179863,0.26719576120376587,0.0,0.1666666716337204,6.098786542452217e-08,7.335741247516125e-05,False,True
D0,211,136000001,83,True,True,False,False,False,False,success,success,7.139161586761475,7.667930603027344,6,6,0.07710734009742737,0.07402969151735306,1.1777710914611816,1.1338409185409546,1.9130644798278809,1.9842724800109863,0.15434083342552185,0.1479099690914154,0.0,0.0,6.081746306563218e-08,5.7643170237042796e-08,False,False
D0,212,136000001,84,True,True,False,False,False,False,success,success,13.241600036621094,12.403560638427734,6,6,0.047225069254636765,0.046470869332551956,1.8535808324813843,1.2978731393814087,2.0,2.0,0.18579234182834625,0.1759410798549652,0.0,3.3333334922790527,4.792596186575793e-08,0.0018023266457021236,False,True
D0,213,136000001,85,True,True,False,False,False,False,success,success,9.514006614685059,7.319497108459473,6,6,0.043233271688222885,0.07507370412349701,1.9369699954986572,1.1082911491394043,2.0,2.0,0.24762658774852753,0.11538461595773697,0.0,0.5,4.867280267717433e-08,0.0018466830952093005,False,True
D0,214,136000001,86,True,True,False,False,False,False,success,success,9.802861213684082,7.833248138427734,6,6,0.058206167072057724,0.07498785108327866,1.758803129196167,1.5531891584396362,2.0,2.0,0.14393939077854156,0.13125000894069672,3.6666667461395264,0.0,0.0027782036922872066,6.35378469837633e-08,True,False
D0,215,136000001,87,True,True,False,False,False,False,success,success,8.291415214538574,7.375472068786621,6,6,0.06644556671380997,0.07488956302404404,1.3547228574752808,2.0,2.0,2.0,0.1438746452331543,0.12990936636924744,0.1666666716337204,0.0,0.00018602123600430787,5.8030604321857027e-08,True,False
D0,216,136000001,88,True,True,False,False,False,False,success,success,8.622427940368652,7.817907333374023,6,6,0.06512610614299774,0.04819081351161003,1.501030683517456,0.7401271462440491,1.9861392974853516,1.9031867980957031,0.15949366986751556,0.22373950481414795,0.5,0.0,0.0007112993043847382,4.986026524989029e-08,True,False
D0,217,136000001,89,True,True,False,False,False,False,success,success,7.966727256774902,8.12817668914795,6,6,0.06690429151058197,0.06301546096801758,2.0,2.0,1.770574927330017,2.0,0.1304347813129425,0.14830508828163147,0.1666666716337204,0.1666666716337204,0.0005089290789328516,0.000553225283510983,True,True
D0,218,136000001,90,True,True,False,False,False,False,success,success,8.555256843566895,6.4338603019714355,6,6,0.060866281390190125,0.08031238615512848,1.1712621450424194,1.4745527505874634,2.0,2.0,0.1310541331768036,0.1225806400179863,0.1666666716337204,0.1666666716337204,0.00037290056934580207,0.00016363045142497867,True,True
D0,219,136000001,91,True,True,False,False,False,False,success,success,9.292437553405762,8.8744478225708,6,6,0.06187836453318596,0.06354761123657227,1.1231571435928345,1.862667202949524,1.5646257400512695,1.8853756189346313,0.12572254240512848,0.1312849074602127,0.1666666716337204,0.1666666716337204,0.0003272597386967391,1.5227974472509231e-05,True,True
D0,220,136000001,92,True,True,False,False,False,False,success,success,7.967530727386475,8.042518615722656,6,6,0.06524605304002762,0.06882262974977493,0.9902970194816589,1.1909891366958618,1.9648746252059937,2.0,0.12084592133760452,0.13293051719665527,0.0,0.0,6.015886100385615e-08,5.936626479297047e-08,False,False
D0,221,136000001,93,True,True,False,False,False,False,success,success,9.109457015991211,10.340799331665039,6,6,0.06319344788789749,0.04750082269310951,1.9512450695037842,0.8668146729469299,2.0,1.8173848390579224,0.14194373786449432,0.20964913070201874,0.6666666865348816,0.8333333730697632,0.0005402482347562909,0.00037457479629665613,True,True
D0,222,136000001,94,True,True,False,False,False,False,success,success,7.964776039123535,8.217086791992188,6,6,0.05772053450345993,0.06335848569869995,0.6348491311073303,0.905417799949646,1.998391032218933,2.0,0.11818181723356247,0.13023953139781952,0.5,1.0,0.0007739716093055904,0.00061506760539487,True,True
D0,223,136000001,95,True,True,False,False,False,False,success,success,6.932502269744873,10.84536361694336,6,6,0.06504016369581223,0.05286858230829239,1.2818557024002075,1.646674394607544,2.0,1.8586387634277344,0.11754966527223587,0.1576763540506363,0.0,0.6666666865348816,6.377771910592855e-08,0.00013120596122462302,False,True
D0,224,136000001,96,True,True,False,False,False,False,success,success,10.006519317626953,7.734567642211914,6,6,0.06580162793397903,0.05712760239839554,1.0796183347702026,1.8150907754898071,2.0,2.0,0.12895376980304718,0.18615752458572388,1.6666667461395264,0.0,0.001726773800328374,5.3537213773324765e-08,True,False
D0,225,136000001,97,True,True,False,False,False,False,success,success,8.395599365234375,7.487558364868164,6,6,0.06504340469837189,0.07519087940454483,1.2394765615463257,1.9498414993286133,2.0,2.0,0.12099125981330872,0.12852664291858673,0.3333333432674408,0.0,0.0005187016795389354,5.796098889732093e-08,True,False
D0,226,136000001,98,True,True,False,False,False,False,success,success,12.142744064331055,7.806146144866943,6,6,0.04200582951307297,0.06577206403017044,1.0886529684066772,2.0,1.8416342735290527,2.0,0.19494584202766418,0.15285713970661163,0.1666666716337204,0.1666666716337204,2.2993988750386052e-05,2.307745671714656e-05,True,True
D0,227,136000001,99,True,True,False,False,False,False,success,success,8.047780990600586,6.393649101257324,6,6,0.07205764204263687,0.06873886287212372,1.0073577165603638,1.954299807548523,1.831626057624817,2.0,0.125,0.1461748629808426,0.0,0.1666666716337204,5.8938116609397184e-08,8.759273623581976e-05,False,True
D0,228,136000001,100,True,False,False,False,False,True,success,timeout,6.494219779968262,20.239534378051758,6,6,0.07231549173593521,0.029751114547252655,2.0,1.418684482574463,1.5086277723312378,0.9215370416641235,0.15673980116844177,0.34150001406669617,0.0,2.5,6.310717992619175e-08,0.0010428320383653045,False,False
D0,229,136000001,101,True,True,False,False,False,False,success,success,9.312753677368164,10.122682571411133,6,6,0.056570496410131454,0.060670096427202225,1.5817867517471313,1.3155872821807861,2.0,2.0,0.20528455078601837,0.12882095575332642,0.0,2.8333334922790527,5.055049001612133e-08,0.0019739035051316023,False,True
D0,230,136000001,102,True,True,False,False,False,False,success,success,7.957710266113281,7.763545036315918,6,6,0.06852448731660843,0.06661222875118256,1.4479964971542358,0.9674966931343079,2.0,2.0,0.14814814925193787,0.1462264060974121,0.0,0.1666666716337204,6.00184151267058e-08,0.00026991398772224784,False,True
D0,231,136000001,103,False,False,True,True,False,False,contact_stability,contact_stability,-1.9817233085632324,-5.497745037078857,6,6,0.0859653502702713,0.08390695601701736,1.7708485126495361,1.7662932872772217,1.8180654048919678,1.2518140077590942,0.14338235557079315,0.16025641560554504,0.0,0.0,6.248966144539736e-08,5.8860074148014974e-08,False,False
D0,232,136000001,104,True,True,False,False,False,False,success,success,8.176861763000488,7.7204670906066895,6,6,0.061783235520124435,0.06185762956738472,1.4470722675323486,1.334144115447998,0.8893723487854004,1.7599095106124878,0.14037854969501495,0.13015873730182648,0.1666666716337204,0.0,0.00022311045904643834,6.06263625968495e-08,True,False
D0,233,136000001,105,True,True,False,False,False,False,success,success,9.650117874145508,8.204147338867188,6,6,0.06365182250738144,0.06626094877719879,2.0,1.1372727155685425,1.5235779285430908,2.0,0.15955056250095367,0.12912912666797638,2.0,0.3333333432674408,0.0015017134137451649,4.9412818043492734e-05,True,True
D0,234,136000001,106,True,True,False,False,False,False,success,success,9.013116836547852,9.60820198059082,6,6,0.0661822259426117,0.06155409663915634,1.6994143724441528,1.9062775373458862,2.0,2.0,0.12845304608345032,0.13374999165534973,0.5,1.0,0.0003102171467617154,0.0010242004645988345,True,True
D0,235,136000001,107,True,True,False,False,False,False,success,success,9.205706596374512,8.29062271118164,6,6,0.05170416831970215,0.05593729764223099,1.6944031715393066,0.7895066142082214,1.943803310394287,2.0,0.13561643660068512,0.12831857800483704,0.1666666716337204,0.0,0.0002717821334954351,5.741702935324611e-08,True,False
D0,236,136000001,108,True,True,False,False,False,False,success,success,6.5549163818359375,7.621492385864258,6,6,0.06342717260122299,0.04004350304603577,1.252123475074768,1.300673484802246,1.9080730676651,1.1918467283248901,0.152112677693367,0.2730318307876587,0.0,0.0,6.055342538502373e-08,4.669181663530253e-08,False,False
D0,237,136000001,109,False,True,False,False,True,False,timeout,success,-0.48892512917518616,8.431971549987793,6,6,0.023006314411759377,0.063407763838768,1.1866238117218018,1.322716474533081,1.1280556917190552,0.8665889501571655,0.33650001883506775,0.13362069427967072,0.0,0.1666666716337204,3.933963554914044e-08,0.00026392017025500536,False,True
D0,238,136000001,110,False,False,False,False,True,True,timeout,timeout,18.143573760986328,18.27467918395996,6,6,0.024887431412935257,0.030896397307515144,1.1821048259735107,1.326206922531128,1.989426851272583,1.2047585248947144,0.3215000033378601,0.2900000214576721,2.6666667461395264,0.8333333730697632,0.0013347127242013812,0.00045480532571673393,False,False
D0,239,136000001,111,True,True,False,False,False,False,success,success,8.910603523254395,11.740468978881836,6,6,0.05291451886296272,0.05738786235451698,1.257569670677185,1.0431017875671387,2.0,2.0,0.11788617819547653,0.20525451004505157,1.0,2.1666667461395264,0.0006779160466976464,0.0014730446273460984,True,True
D0,240,136000001,112,True,True,False,False,False,False,success,success,9.76192855834961,9.009855270385742,6,6,0.06520282477140427,0.06742972880601883,1.366763949394226,1.0503374338150024,2.0,2.0,0.125,0.1319095492362976,0.6666666865348816,0.3333333432674408,0.0006690424052067101,0.0003424585156608373,True,True
D0,241,136000001,113,False,True,False,False,True,False,timeout,success,22.044349670410156,8.85556697845459,4,6,0.016754766926169395,0.051885031163692474,2.0,1.6136720180511475,1.0949143171310425,1.804445505142212,0.38100001215934753,0.22954091429710388,4.0,0.0,0.0014484603889286518,5.02786221545648e-08,False,False
D0,242,136000001,114,False,True,False,False,True,False,timeout,success,7.075451850891113,8.219242095947266,6,6,0.024578159675002098,0.0610494464635849,1.0197699069976807,0.8410468697547913,1.8399593830108643,2.0,0.3070000112056732,0.11275964230298996,0.0,0.1666666716337204,4.044773760369935e-08,6.625314563279971e-05,False,True
D0,243,136000001,115,False,True,False,False,True,False,timeout,success,1.9547028541564941,7.275439262390137,6,6,0.02438962459564209,0.06407902389764786,1.6687513589859009,1.192394733428955,2.0,1.5940355062484741,0.33650001883506775,0.12968750298023224,0.0,0.0,3.9278869934378235e-08,6.040556144171205e-08,False,False
D0,244,136000001,116,True,True,False,False,False,False,success,success,7.410162925720215,10.822696685791016,6,6,0.05432824417948723,0.03495066985487938,1.2190227508544922,1.4495422840118408,1.1375043392181396,1.135353684425354,0.13395638763904572,0.2537313401699066,0.1666666716337204,0.0,7.860040932428092e-05,4.44257395315617e-08,True,False
D0,245,136000001,117,True,True,False,False,False,False,success,success,9.719684600830078,11.787577629089355,6,6,0.0611693412065506,0.04839032143354416,1.47231924533844,0.8896427154541016,2.0,2.0,0.14037121832370758,0.20975609123706818,3.8333334922790527,0.5,0.003085515694692731,0.00015636901662219316,True,True
D0,246,136000001,118,True,True,False,False,False,False,success,success,7.88478422164917,10.256765365600586,6,6,0.04687483236193657,0.0545152984559536,1.2145377397537231,1.0380468368530273,2.0,2.0,0.2120000123977661,0.23680000007152557,0.1666666716337204,1.8333333730697632,0.0005007564905099571,0.0005075918161310256,True,True
D0,247,136000001,119,True,True,False,False,False,False,success,success,6.2073893547058105,9.112555503845215,6,6,0.0664953887462616,0.04623985290527344,1.9996120929718018,1.813653826713562,1.123416781425476,2.0,0.15916398167610168,0.24693520367145538,0.0,0.0,5.718016993228048e-08,4.618952686996636e-08,False,False
D0,248,136000001,120,True,True,False,False,False,False,success,success,7.375527381896973,8.866811752319336,6,6,0.06643717736005783,0.060883283615112305,1.6590721607208252,1.6745437383651733,0.9974378347396851,1.8804727792739868,0.12857143580913544,0.14749999344348907,0.0,0.3333333432674408,6.238771987909786e-08,7.19985764590092e-05,False,True
D0,249,136000001,121,True,True,False,False,False,False,success,success,12.790270805358887,9.488578796386719,6,6,0.04538845643401146,0.05292228236794472,1.63511323928833,1.0436004400253296,1.5423630475997925,2.0,0.2016129046678543,0.1789473593235016,0.8333333730697632,0.1666666716337204,0.00039669565740041435,8.791783329797909e-05,True,True
D0,250,136000001,122,True,True,False,False,False,False,success,success,7.404253005981445,7.685746192932129,6,6,0.06583784520626068,0.07570233196020126,1.5238709449768066,1.4413118362426758,0.9566933512687683,1.1974942684173584,0.13819876313209534,0.1410658210515976,0.1666666716337204,0.0,0.0006788420723751187,6.427413978826735e-08,True,False
D0,251,136000001,123,False,False,False,True,True,False,timeout,contact_stability,21.44438934326172,-3.4466724395751953,4,1,0.019615022465586662,0.06163977459073067,2.0,1.465542197227478,0.9937978982925415,0.8533272743225098,0.3750000298023224,0.1919642984867096,2.25,5.0,0.001569915097206831,0.007009426131844521,False,False
D0,252,136000001,124,True,True,False,False,False,False,success,success,7.1339616775512695,8.293124198913574,6,6,0.07094719260931015,0.06592290848493576,1.2820549011230469,1.6784108877182007,1.7947291135787964,0.8710446357727051,0.16524216532707214,0.1477900594472885,0.0,0.0,5.840598404915909e-08,6.15746245102855e-08,False,False
D0,253,136000001,125,True,True,False,False,False,False,success,success,7.957302093505859,8.181258201599121,6,6,0.06318327784538269,0.05652860924601555,2.0,2.0,2.0,2.0,0.1300940364599228,0.15454545617103577,0.0,0.1666666716337204,6.119469730947458e-08,0.00025789777282625437,False,True
D0,254,136000001,126,True,True,False,False,False,False,success,success,10.188705444335938,8.408123016357422,6,6,0.04064115136861801,0.0626499280333519,0.8366697430610657,1.4025448560714722,0.9414492249488831,0.9738790988922119,0.23295454680919647,0.13922156393527985,0.0,0.0,4.8226681315099995e-08,5.823174120678232e-08,False,False
D0,255,136000001,127,True,True,False,False,False,False,success,success,7.9922590255737305,8.283385276794434,6,6,0.05942448228597641,0.05927085131406784,0.8442968130111694,0.8338063359260559,2.0,1.9215055704116821,0.13432836532592773,0.12574851512908936,0.3333333432674408,0.1666666716337204,0.0010189510649070144,3.272569665568881e-05,True,True
