phase,context,arm,action_mean_shift,actor_gradient_clipped_fraction,actor_gradient_norm,actor_loss,behavior_approx_kl,cbf_intervention_count,cbf_intervention_per_riser,clip_fraction,epoch_moving_forward_kl_json,mean_cbf_correction_norm,mean_policy_to_target_distance_after_update,mean_policy_to_target_distance_before_update,mean_residual_target_norm,minibatch_diagnostics_json,moving_forward_kl,rollout_fall_rate,rollout_mean_reached_riser,rollout_mean_return,rollout_success_rate,round,round_end_actor_sha256,round_start_actor_sha256,teacher_error_after_action_00,teacher_error_after_action_01,teacher_error_after_action_02,teacher_error_after_action_03,teacher_error_after_action_04,teacher_error_after_action_05,teacher_error_after_action_06,teacher_error_after_action_07,teacher_error_after_action_08,teacher_error_after_action_09,teacher_error_after_action_10,teacher_error_after_action_11,teacher_error_before_action_00,teacher_error_before_action_01,teacher_error_before_action_02,teacher_error_before_action_03,teacher_error_before_action_04,teacher_error_before_action_05,teacher_error_before_action_06,teacher_error_before_action_07,teacher_error_before_action_08,teacher_error_before_action_09,teacher_error_before_action_10,teacher_error_before_action_11,teacher_eta,teacher_fraction_among_interventions,teacher_gate_mode,teacher_huber_loss_mean,teacher_loss,teacher_mode,teacher_smooth_l1_beta,teacher_transition_count,teacher_weight_sum,toe_riser_kick_event_count,value_loss
development,DEV,A0,0.004337111604399979,1.0,50.443138122558594,0.009870139881968498,0.002532261423766613,7867,6.390739440917969,0.3895263671875,"[0.0030689802952110767,0.0020983018912374973]",0.5921779870986938,0.0,0.0,0.0,"[{""action_mean_shift"":0.006675271317362785,""actor_gradient_norm_pre_clip"":10.440821647644043,""behavior_approximate_kl"":0.009180121123790741,""clip_fraction"":0.685546875,""epoch"":1,""minibatch"":1,""moving_forward_kl"":0.009511347860097885},{""action_mean_shift"":0.005976228043437004,""actor_gradient_norm_pre_clip"":50.443138122558594,""behavior_approximate_kl"":0.007914462126791477,""clip_fraction"":0.652587890625,""epoch"":1,""minibatch"":2,""moving_forward_kl"":0.00763030257076025},{""action_mean_shift"":0.004883184097707272,""actor_gradient_norm_pre_clip"":41.66968536376953,""behavior_approximate_kl"":0.005333923734724522,""clip_fraction"":0.590576171875,""epoch"":1,""minibatch"":3,""moving_forward_kl"":0.005058686714619398},{""action_mean_shift"":0.0037122289650142193,""actor_gradient_norm_pre_clip"":37.60841751098633,""behavior_approximate_kl"":0.003403750481083989,""clip_fraction"":0.46746826171875,""epoch"":1,""minibatch"":4,""moving_forward_kl"":0.0030484749004244804},{""action_mean_shift"":0.0034763484727591276,""actor_gradient_norm_pre_clip"":26.29510498046875,""behavior_approximate_kl"":0.0032751469407230616,""clip_fraction"":0.431396484375,""epoch"":2,""minibatch"":1,""moving_forward_kl"":0.0027062715962529182},{""action_mean_shift"":0.0035045084077864885,""actor_gradient_norm_pre_clip"":30.779001235961914,""behavior_approximate_kl"":0.003109603188931942,""clip_fraction"":0.45989990234375,""epoch"":2,""minibatch"":2,""moving_forward_kl"":0.0026299492456018925},{""action_mean_shift"":0.0033886756282299757,""actor_gradient_norm_pre_clip"":31.844514846801758,""behavior_approximate_kl"":0.002654041163623333,""clip_fraction"":0.44830322265625,""epoch"":2,""minibatch"":3,""moving_forward_kl"":0.0024535316042602062},{""action_mean_shift"":0.0030804479029029608,""actor_gradient_norm_pre_clip"":28.66036605834961,""behavior_approximate_kl"":0.0011796673061326146,""clip_fraction"":0.39105224609375,""epoch"":2,""minibatch"":4,""moving_forward_kl"":0.0021214489825069904}]",0.0020983018912374973,0.234375,8.28125,-4.67815875262022,0.765625,1,749339adc9b3ed85255552ba7066dd8d33ec27a46a50d0362b33b7b4ecdcd41c,7afed309902a323a43b47005c01529c84160944bb8cea2c45d000b38b18cc099,0.0,0.0,0.0,0.0,0.0,0.0,0.0,0.0,0.0,0.0,0.0,0.0,0.0,0.0,0.0,0.0,0.0,0.0,0.0,0.0,0.0,0.0,0.0,0.0,0.0,0.0,none,0.0,0.0,none,0.05,0.0,0.0,882.0,0.5524739846587181
development,DEV,A0,0.0020983233116567135,1.0,23.580020904541016,0.001146899929153733,0.0015652324073016644,7754,6.376644611358643,0.25360107421875,"[0.0009046370978467166,0.0010624467395246029]",0.5842159390449524,0.0,0.0,0.0,"[{""action_mean_shift"":0.0017011812888085842,""actor_gradient_norm_pre_clip"":12.69538688659668,""behavior_approximate_kl"":0.0009692863095551729,""clip_fraction"":0.14501953125,""epoch"":1,""minibatch"":1,""moving_forward_kl"":0.0006273681647144258},{""action_mean_shift"":0.0022836383432149887,""actor_gradient_norm_pre_clip"":16.416282653808594,""behavior_approximate_kl"":0.0017287719529122114,""clip_fraction"":0.26043701171875,""epoch"":1,""minibatch"":2,""moving_forward_kl"":0.001120773609727621},{""action_mean_shift"":0.0021252683363854885,""actor_gradient_norm_pre_clip"":19.819793701171875,""behavior_approximate_kl"":0.00089002720778808,""clip_fraction"":0.23046875,""epoch"":1,""minibatch"":3,""moving_forward_kl"":0.0009652896551415324},{""action_mean_shift"":0.002055025426670909,""actor_gradient_norm_pre_clip"":18.246963500976562,""behavior_approximate_kl"":0.000920842750929296,""clip_fraction"":0.2174072265625,""epoch"":1,""minibatch"":4,""moving_forward_kl"":0.0009026081534102559},{""action_mean_shift"":0.0018312945030629635,""actor_gradient_norm_pre_clip"":19.127971649169922,""behavior_approximate_kl"":0.0011281947372481227,""clip_fraction"":0.176025390625,""epoch"":2,""minibatch"":1,""moving_forward_kl"":0.0007275162497535348},{""action_mean_shift"":0.002324684988707304,""actor_gradient_norm_pre_clip"":12.500927925109863,""behavior_approximate_kl"":0.0014844057150185108,""clip_fraction"":0.27166748046875,""epoch"":2,""minibatch"":2,""moving_forward_kl"":0.0011673043482005596},{""action_mean_shift"":0.0022283357102423906,""actor_gradient_norm_pre_clip"":23.580020904541016,""behavior_approximate_kl"":0.001537224161438644,""clip_fraction"":0.2510986328125,""epoch"":2,""minibatch"":3,""moving_forward_kl"":0.001061718096025288},{""action_mean_shift"":0.0022371578961610794,""actor_gradient_norm_pre_clip"":19.589723587036133,""behavior_approximate_kl"":0.0017914744094014168,""clip_fraction"":0.2547607421875,""epoch"":2,""minibatch"":4,""moving_forward_kl"":0.0010531216394156218}]",0.0010624467395246029,0.2204724409448819,8.236220472440944,-5.564715447388296,0.7795275590551181,2,f68a1c1cddfe4898f04a0a5a5f676743301ae9a713b7fa7d20128325d8f7628e,749339adc9b3ed85255552ba7066dd8d33ec27a46a50d0362b33b7b4ecdcd41c,0.0,0.0,0.0,0.0,0.0,0.0,0.0,0.0,0.0,0.0,0.0,0.0,0.0,0.0,0.0,0.0,0.0,0.0,0.0,0.0,0.0,0.0,0.0,0.0,0.0,0.0,none,0.0,0.0,none,0.05,0.0,0.0,823.0,0.9815653339028358
development,DEV,A0,0.001934172963956371,1.0,27.889772415161133,0.0008778190240263939,0.0009715200867503881,8008,6.380876541137695,0.196746826171875,"[0.0007746649789623916,0.0007926527177914977]",0.6213288307189941,0.0,0.0,0.0,"[{""action_mean_shift"":0.0019462020136415958,""actor_gradient_norm_pre_clip"":10.755298614501953,""behavior_approximate_kl"":0.0011574807576835155,""clip_fraction"":0.19036865234375,""epoch"":1,""minibatch"":1,""moving_forward_kl"":0.0008958094986155629},{""action_mean_shift"":0.002207833109423518,""actor_gradient_norm_pre_clip"":27.889772415161133,""behavior_approximate_kl"":0.0006059915758669376,""clip_fraction"":0.25384521484375,""epoch"":1,""minibatch"":2,""moving_forward_kl"":0.0010480557102710009},{""action_mean_shift"":0.0018910911167040467,""actor_gradient_norm_pre_clip"":27.06807518005371,""behavior_approximate_kl"":0.0006618309416808188,""clip_fraction"":0.18475341796875,""epoch"":1,""minibatch"":3,""moving_forward_kl"":0.0007673801737837493},{""action_mean_shift"":0.0018871919019147754,""actor_gradient_norm_pre_clip"":20.97800064086914,""behavior_approximate_kl"":0.0007644593133591115,""clip_fraction"":0.18133544921875,""epoch"":1,""minibatch"":4,""moving_forward_kl"":0.0007714984240010381},{""action_mean_shift"":0.001850850647315383,""actor_gradient_norm_pre_clip"":18.726938247680664,""behavior_approximate_kl"":0.0007299343124032021,""clip_fraction"":0.17572021484375,""epoch"":2,""minibatch"":1,""moving_forward_kl"":0.0007305738399736583},{""action_mean_shift"":0.001981508918106556,""actor_gradient_norm_pre_clip"":21.438379287719727,""behavior_approximate_kl"":0.0005807702546007931,""clip_fraction"":0.203857421875,""epoch"":2,""minibatch"":2,""moving_forward_kl"":0.0008263351046480238},{""action_mean_shift"":0.0017739892937242985,""actor_gradient_norm_pre_clip"":21.79319190979004,""behavior_approximate_kl"":0.0009510023519396782,""clip_fraction"":0.1583251953125,""epoch"":2,""minibatch"":3,""moving_forward_kl"":0.0006721219979226589},{""action_mean_shift"":0.001934716710820794,""actor_gradient_norm_pre_clip"":18.064340591430664,""behavior_approximate_kl"":0.0006898741703480482,""clip_fraction"":0.198974609375,""epoch"":2,""minibatch"":4,""moving_forward_kl"":0.0007954231114126742}]",0.0007926527177914977,0.31007751937984496,8.054263565891473,-6.108871269595715,0.689922480620155,3,266020ed06e6e7b99fc1054a3904e577237585598c4c3ef5f2e1beace7c06666,f68a1c1cddfe4898f04a0a5a5f676743301ae9a713b7fa7d20128325d8f7628e,0.0,0.0,0.0,0.0,0.0,0.0,0.0,0.0,0.0,0.0,0.0,0.0,0.0,0.0,0.0,0.0,0.0,0.0,0.0,0.0,0.0,0.0,0.0,0.0,0.0,0.0,none,0.0,0.0,none,0.05,0.0,0.0,907.0,0.6016957461833954
development,DEV,A0,0.0018408869946142659,1.0,24.650075912475586,0.0005419919471023604,0.0008380319341085851,7899,6.3547868728637695,0.1407318115234375,"[0.0007073577726259828,0.0006063967593945563]",0.6122578978538513,0.0,0.0,0.0,"[{""action_mean_shift"":0.0016842761542648077,""actor_gradient_norm_pre_clip"":12.802886009216309,""behavior_approximate_kl"":0.001010289415717125,""clip_fraction"":0.14678955078125,""epoch"":1,""minibatch"":1,""moving_forward_kl"":0.000623697298578918},{""action_mean_shift"":0.002071296563372016,""actor_gradient_norm_pre_clip"":24.194751739501953,""behavior_approximate_kl"":0.0012093937257304788,""clip_fraction"":0.22320556640625,""epoch"":1,""minibatch"":2,""moving_forward_kl"":0.0009016311960294843},{""action_mean_shift"":0.0019926417153328657,""actor_gradient_norm_pre_clip"":24.650075912475586,""behavior_approximate_kl"":0.0011581822764128447,""clip_fraction"":0.209716796875,""epoch"":1,""minibatch"":3,""moving_forward_kl"":0.0008359389030374587},{""action_mean_shift"":0.0018287529237568378,""actor_gradient_norm_pre_clip"":21.95482635498047,""behavior_approximate_kl"":0.0011276471195742488,""clip_fraction"":0.172119140625,""epoch"":1,""minibatch"":4,""moving_forward_kl"":0.0007058823248371482},{""action_mean_shift"":0.0016422951593995094,""actor_gradient_norm_pre_clip"":19.437177658081055,""behavior_approximate_kl"":0.0002020117244683206,""clip_fraction"":0.1341552734375,""epoch"":2,""minibatch"":1,""moving_forward_kl"":0.0005829092115163803},{""action_mean_shift"":0.001987241441383958,""actor_gradient_norm_pre_clip"":15.725208282470703,""behavior_approximate_kl"":0.000925167347304523,""clip_fraction"":0.2110595703125,""epoch"":2,""minibatch"":2,""moving_forward_kl"":0.0008419907535426319},{""action_mean_shift"":0.001843202393501997,""actor_gradient_norm_pre_clip"":23.228012084960938,""behavior_approximate_kl"":0.0012670850846916437,""clip_fraction"":0.18072509765625,""epoch"":2,""minibatch"":3,""moving_forward_kl"":0.0007291630608960986},{""action_mean_shift"":0.0016773896059021354,""actor_gradient_norm_pre_clip"":18.43151092529297,""behavior_approximate_kl"":0.0006445234175771475,""clip_fraction"":0.1383056640625,""epoch"":2,""minibatch"":4,""moving_forward_kl"":0.0006082296022213995}]",0.0006063967593945563,0.265625,8.0546875,-5.5913027711212635,0.734375,4,c4e60b5764da5715ad2fb84c81636f38cc62bf1900f1e5abf5157bb90b204a88,266020ed06e6e7b99fc1054a3904e577237585598c4c3ef5f2e1beace7c06666,0.0,0.0,0.0,0.0,0.0,0.0,0.0,0.0,0.0,0.0,0.0,0.0,0.0,0.0,0.0,0.0,0.0,0.0,0.0,0.0,0.0,0.0,0.0,0.0,0.0,0.0,none,0.0,0.0,none,0.05,0.0,0.0,889.0,0.5861660689115524
development,DEV,A0,0.0018427254108246416,1.0,29.7052059173584,0.000738290291337762,0.0008370587602257729,7772,6.354865074157715,0.1775054931640625,"[0.0005466900765895844,0.0007266767788678408]",0.5837854146957397,0.0,0.0,0.0,"[{""action_mean_shift"":0.0017134303925558925,""actor_gradient_norm_pre_clip"":11.667447090148926,""behavior_approximate_kl"":0.0006214561872184277,""clip_fraction"":0.1556396484375,""epoch"":1,""minibatch"":1,""moving_forward_kl"":0.0006271235179156065},{""action_mean_shift"":0.002118496224284172,""actor_gradient_norm_pre_clip"":24.604055404663086,""behavior_approximate_kl"":0.001486065797507763,""clip_fraction"":0.23040771484375,""epoch"":1,""minibatch"":2,""moving_forward_kl"":0.0009491220116615295},{""action_mean_shift"":0.0018156683072447777,""actor_gradient_norm_pre_clip"":26.68291473388672,""behavior_approximate_kl"":0.0008199764415621758,""clip_fraction"":0.16265869140625,""epoch"":1,""minibatch"":3,""moving_forward_kl"":0.0007209774339571595},{""action_mean_shift"":0.0015858622500672936,""actor_gradient_norm_pre_clip"":20.305877685546875,""behavior_approximate_kl"":0.000421813951106742,""clip_fraction"":0.11627197265625,""epoch"":1,""minibatch"":4,""moving_forward_kl"":0.0005456758663058281},{""action_mean_shift"":0.0016009215032681823,""actor_gradient_norm_pre_clip"":15.893905639648438,""behavior_approximate_kl"":0.0005765733076259494,""clip_fraction"":0.12335205078125,""epoch"":2,""minibatch"":1,""moving_forward_kl"":0.0005369291175156832},{""action_mean_shift"":0.001952614402398467,""actor_gradient_norm_pre_clip"":19.008861541748047,""behavior_approximate_kl"":0.00046322031994350255,""clip_fraction"":0.1956787109375,""epoch"":2,""minibatch"":2,""moving_forward_kl"":0.000800091540440917},{""action_mean_shift"":0.002090573776513338,""actor_gradient_norm_pre_clip"":22.930011749267578,""behavior_approximate_kl"":0.001418116968125105,""clip_fraction"":0.22637939453125,""epoch"":2,""minibatch"":3,""moving_forward_kl"":0.0009175244485959411},{""action_mean_shift"":0.0018642364302650094,""actor_gradient_norm_pre_clip"":29.7052059173584,""behavior_approximate_kl"":0.0009268423309549689,""clip_fraction"":0.179931640625,""epoch"":2,""minibatch"":4,""moving_forward_kl"":0.0007240166887640953}]",0.0007266767788678408,0.26119402985074625,7.925373134328358,-5.075187457141592,0.7388059701492538,5,37dcff8c86b642da8d3d78140a85f81593350122f218ffb7f9a4f60c29c4279a,c4e60b5764da5715ad2fb84c81636f38cc62bf1900f1e5abf5157bb90b204a88,0.0,0.0,0.0,0.0,0.0,0.0,0.0,0.0,0.0,0.0,0.0,0.0,0.0,0.0,0.0,0.0,0.0,0.0,0.0,0.0,0.0,0.0,0.0,0.0,0.0,0.0,none,0.0,0.0,none,0.05,0.0,0.0,860.0,0.44590630382299423
development,DEV,A0,0.001532832560769748,1.0,20.61063003540039,0.00018179541802965105,0.0008656702702865005,7956,6.395498275756836,0.1342620849609375,"[0.0005231686518527567,0.0005851455498486757]",0.6116682887077332,0.0,0.0,0.0,"[{""action_mean_shift"":0.0009381512063555419,""actor_gradient_norm_pre_clip"":12.999756813049316,""behavior_approximate_kl"":0.0004343627078924328,""clip_fraction"":0.01922607421875,""epoch"":1,""minibatch"":1,""moving_forward_kl"":0.00019334227545186877},{""action_mean_shift"":0.0016516128089278936,""actor_gradient_norm_pre_clip"":11.665255546569824,""behavior_approximate_kl"":0.0007501945365220308,""clip_fraction"":0.1380615234375,""epoch"":1,""minibatch"":2,""moving_forward_kl"":0.0005821314407512546},{""action_mean_shift"":0.0015933268005028367,""actor_gradient_norm_pre_clip"":20.61063003540039,""behavior_approximate_kl"":0.0007170666358433664,""clip_fraction"":0.1187744140625,""epoch"":1,""minibatch"":3,""moving_forward_kl"":0.0005418554646894336},{""action_mean_shift"":0.00157512491568923,""actor_gradient_norm_pre_clip"":18.28021240234375,""behavior_approximate_kl"":3.70271154679358e-05,""clip_fraction"":0.12066650390625,""epoch"":1,""minibatch"":4,""moving_forward_kl"":0.0005219837184995413},{""action_mean_shift"":0.0015449458733201027,""actor_gradient_norm_pre_clip"":17.89789581298828,""behavior_approximate_kl"":8.757314935792238e-05,""clip_fraction"":0.114990234375,""epoch"":2,""minibatch"":1,""moving_forward_kl"":0.0005042109405621886},{""action_mean_shift"":0.0015984196215867996,""actor_gradient_norm_pre_clip"":18.441497802734375,""behavior_approximate_kl"":0.0007657770765945315,""clip_fraction"":0.125244140625,""epoch"":2,""minibatch"":2,""moving_forward_kl"":0.0005556253017857671},{""action_mean_shift"":0.0016965273534879088,""actor_gradient_norm_pre_clip"":20.07832145690918,""behavior_approximate_kl"":0.0006691270973533392,""clip_fraction"":0.1409912109375,""epoch"":2,""minibatch"":3,""moving_forward_kl"":0.0006187559920363128},{""action_mean_shift"":0.0016645519062876701,""actor_gradient_norm_pre_clip"":17.623048782348633,""behavior_approximate_kl"":0.001013311673887074,""clip_fraction"":0.13458251953125,""epoch"":2,""minibatch"":4,""moving_forward_kl"":0.0005861962563358247}]",0.0005851455498486757,0.2900763358778626,8.01526717557252,-5.2510617161525115,0.7099236641221374,6,c543bc32db9b54b2d9b1d3852098ab34590401e50165996ec90fe18699e1ab6f,37dcff8c86b642da8d3d78140a85f81593350122f218ffb7f9a4f60c29c4279a,0.0,0.0,0.0,0.0,0.0,0.0,0.0,0.0,0.0,0.0,0.0,0.0,0.0,0.0,0.0,0.0,0.0,0.0,0.0,0.0,0.0,0.0,0.0,0.0,0.0,0.0,none,0.0,0.0,none,0.05,0.0,0.0,896.0,0.4308539927005768
development,DEV,A0,0.001575587797560729,1.0,20.24773406982422,0.00022363345487974584,0.0007398537127301097,7919,6.225628852844238,0.10906982421875,"[0.0004888324765488505,0.0004992960602976382]",0.5915310978889465,0.0,0.0,0.0,"[{""action_mean_shift"":0.0011911892797797918,""actor_gradient_norm_pre_clip"":11.449732780456543,""behavior_approximate_kl"":5.3571013268083334e-05,""clip_fraction"":0.054443359375,""epoch"":1,""minibatch"":1,""moving_forward_kl"":0.0003163056680932641},{""action_mean_shift"":0.0018435874953866005,""actor_gradient_norm_pre_clip"":15.55317211151123,""behavior_approximate_kl"":0.0010394370183348656,""clip_fraction"":0.1822509765625,""epoch"":1,""minibatch"":2,""moving_forward_kl"":0.0007107972633093596},{""action_mean_shift"":0.0017734437715262175,""actor_gradient_norm_pre_clip"":20.24773406982422,""behavior_approximate_kl"":0.001104544848203659,""clip_fraction"":0.1627197265625,""epoch"":1,""minibatch"":3,""moving_forward_kl"":0.000665642146486789},{""action_mean_shift"":0.0015211635036394,""actor_gradient_norm_pre_clip"":19.443809509277344,""behavior_approximate_kl"":0.0006011491059325635,""clip_fraction"":0.1080322265625,""epoch"":1,""minibatch"":4,""moving_forward_kl"":0.0004921313957311213},{""action_mean_shift"":0.0015582266496494412,""actor_gradient_norm_pre_clip"":13.182634353637695,""behavior_approximate_kl"":0.0007989859441295266,""clip_fraction"":0.11492919921875,""epoch"":2,""minibatch"":1,""moving_forward_kl"":0.0005225059576332569},{""action_mean_shift"":0.001593736931681633,""actor_gradient_norm_pre_clip"":15.733369827270508,""behavior_approximate_kl"":0.0006055256817489862,""clip_fraction"":0.1282958984375,""epoch"":2,""minibatch"":2,""moving_forward_kl"":0.0005491975462064147},{""action_mean_shift"":0.0015850557247176766,""actor_gradient_norm_pre_clip"":17.082862854003906,""behavior_approximate_kl"":0.0006763057317584753,""clip_fraction"":0.12054443359375,""epoch"":2,""minibatch"":3,""moving_forward_kl"":0.0005315779126249254},{""action_mean_shift"":0.001538299024105072,""actor_gradient_norm_pre_clip"":17.67950439453125,""behavior_approximate_kl"":0.0008486239239573479,""clip_fraction"":0.10784912109375,""epoch"":2,""minibatch"":4,""moving_forward_kl"":0.0005009929300285876}]",0.0004992960602976382,0.26356589147286824,8.178294573643411,-4.931688399277916,0.7364341085271318,7,223478ff6f5110cca0cbdf8e360f3bc163704fe217fa21f11e3a19c24692d515,c543bc32db9b54b2d9b1d3852098ab34590401e50165996ec90fe18699e1ab6f,0.0,0.0,0.0,0.0,0.0,0.0,0.0,0.0,0.0,0.0,0.0,0.0,0.0,0.0,0.0,0.0,0.0,0.0,0.0,0.0,0.0,0.0,0.0,0.0,0.0,0.0,none,0.0,0.0,none,0.05,0.0,0.0,951.0,0.37370576709508896
development,DEV,A0,0.0015510964003624395,1.0,20.212566375732422,0.000239640059589874,0.0009736923966556787,7776,6.186157703399658,0.135528564453125,"[0.00046120185288600624,0.0005796024342998862]",0.5973532199859619,0.0,0.0,0.0,"[{""action_mean_shift"":0.001332055893726647,""actor_gradient_norm_pre_clip"":12.098705291748047,""behavior_approximate_kl"":0.0004825650539714843,""clip_fraction"":0.08001708984375,""epoch"":1,""minibatch"":1,""moving_forward_kl"":0.0003835239331237972},{""action_mean_shift"":0.0016688730102032423,""actor_gradient_norm_pre_clip"":14.23808479309082,""behavior_approximate_kl"":0.0010699003469198942,""clip_fraction"":0.14453125,""epoch"":1,""minibatch"":2,""moving_forward_kl"":0.0006130536203272641},{""action_mean_shift"":0.0015946292551234365,""actor_gradient_norm_pre_clip"":19.856224060058594,""behavior_approximate_kl"":0.0004477545735426247,""clip_fraction"":0.123779296875,""epoch"":1,""minibatch"":3,""moving_forward_kl"":0.0005523883155547082},{""action_mean_shift"":0.0014532224740833044,""actor_gradient_norm_pre_clip"":20.212566375732422,""behavior_approximate_kl"":0.0004870877310167998,""clip_fraction"":0.09906005859375,""epoch"":1,""minibatch"":4,""moving_forward_kl"":0.00045801399392075837},{""action_mean_shift"":0.0015206658281385899,""actor_gradient_norm_pre_clip"":14.863057136535645,""behavior_approximate_kl"":0.0007362854084931314,""clip_fraction"":0.108642578125,""epoch"":2,""minibatch"":1,""moving_forward_kl"":0.0005006978753954172},{""action_mean_shift"":0.0016356718260794878,""actor_gradient_norm_pre_clip"":15.185056686401367,""behavior_approximate_kl"":0.0010567265562713146,""clip_fraction"":0.1336669921875,""epoch"":2,""minibatch"":2,""moving_forward_kl"":0.0005815079202875495},{""action_mean_shift"":0.0015473765088245273,""actor_gradient_norm_pre_clip"":18.67096710205078,""behavior_approximate_kl"":0.0007724403403699398,""clip_fraction"":0.1099853515625,""epoch"":2,""minibatch"":3,""moving_forward_kl"":0.0005045635625720024},{""action_mean_shift"":0.0016562764067202806,""actor_gradient_norm_pre_clip"":17.106395721435547,""behavior_approximate_kl"":0.0004918513004668057,""clip_fraction"":0.13568115234375,""epoch"":2,""minibatch"":4,""moving_forward_kl"":0.0005839378573000431}]",0.0005796024342998862,0.24812030075187969,8.075187969924812,-4.748106113950112,0.7518796992481203,8,f628339994806b5a02589ef3f2eed3ea87cb070a54b326b9490fd524ac30cf51,223478ff6f5110cca0cbdf8e360f3bc163704fe217fa21f11e3a19c24692d515,0.0,0.0,0.0,0.0,0.0,0.0,0.0,0.0,0.0,0.0,0.0,0.0,0.0,0.0,0.0,0.0,0.0,0.0,0.0,0.0,0.0,0.0,0.0,0.0,0.0,0.0,none,0.0,0.0,none,0.05,0.0,0.0,875.0,0.38074322044849396
development,DEV,A1,0.03158541675657034,1.0,273.61895751953125,9.29842495918274,0.7701740264892578,7769,6.2401604652404785,0.9262237548828125,"[0.24502409994602203,0.7686619758605957]",0.586761474609375,0.5474986433982849,0.6114124059677124,0.6114124059677124,"[{""action_mean_shift"":0.00849165953695774,""actor_gradient_norm_pre_clip"":273.61895751953125,""behavior_approximate_kl"":0.020133402198553085,""clip_fraction"":0.6650390625,""epoch"":1,""minibatch"":1,""moving_forward_kl"":0.019091857597231865},{""action_mean_shift"":0.016044072806835175,""actor_gradient_norm_pre_clip"":203.07766723632812,""behavior_approximate_kl"":0.07300874590873718,""clip_fraction"":0.7923583984375,""epoch"":1,""minibatch"":2,""moving_forward_kl"":0.06952881067991257},{""action_mean_shift"":0.0228609386831522,""actor_gradient_norm_pre_clip"":184.88397216796875,""behavior_approximate_kl"":0.14312148094177246,""clip_fraction"":0.8392333984375,""epoch"":1,""minibatch"":3,""moving_forward_kl"":0.1444334089756012},{""action_mean_shift"":0.029523126780986786,""actor_gradient_norm_pre_clip"":164.22662353515625,""behavior_approximate_kl"":0.23909470438957214,""clip_fraction"":0.8743896484375,""epoch"":1,""minibatch"":4,""moving_forward_kl"":0.24245977401733398},{""action_mean_shift"":0.035749372094869614,""actor_gradient_norm_pre_clip"":149.27220153808594,""behavior_approximate_kl"":0.3580712080001831,""clip_fraction"":0.8961181640625,""epoch"":2,""minibatch"":1,""moving_forward_kl"":0.3597135543823242},{""action_mean_shift"":0.041715092957019806,""actor_gradient_norm_pre_clip"":136.0400390625,""behavior_approximate_kl"":0.5077943801879883,""clip_fraction"":0.90814208984375,""epoch"":2,""minibatch"":2,""moving_forward_kl"":0.49193793535232544},{""action_mean_shift"":0.04669162631034851,""actor_gradient_norm_pre_clip"":130.9584197998047,""behavior_approximate_kl"":0.6207716464996338,""clip_fraction"":0.92059326171875,""epoch"":2,""minibatch"":3,""moving_forward_kl"":0.6234397292137146},{""action_mean_shift"":0.05160744488239288,""actor_gradient_norm_pre_clip"":120.24059295654297,""behavior_approximate_kl"":0.7615466713905334,""clip_fraction"":0.92523193359375,""epoch"":2,""minibatch"":4,""moving_forward_kl"":0.7682727575302124}]",0.7686619758605957,0.26356589147286824,8.116279069767442,-4.866968931153763,0.7364341085271318,1,0c4cf91c77cb2393c7b026d8a3078a749257b98c73de38f54077a1b361a73165,7afed309902a323a43b47005c01529c84160944bb8cea2c45d000b38b18cc099,0.15147103369235992,0.06707920134067535,0.05782083049416542,0.2542206943035126,0.04667310044169426,0.04097970575094223,0.1572013646364212,0.0908372551202774,0.048400603234767914,0.18409359455108643,0.04504166170954704,0.04075256362557411,0.15786731243133545,0.06891439855098724,0.05820346996188164,0.2978549599647522,0.04653603211045265,0.040835317224264145,0.16421537101268768,0.09528232365846634,0.050631504505872726,0.20990177989006042,0.04706791043281555,0.04059715196490288,1.0,0.8620157241821289,local_success_50,0.0,90.83871841430664,full_action,0.05,6697.0,6561.36376953125,899.0,0.5704786255955696
development,DEV,A1,0.027042597765102983,1.0,252.63792419433594,9.42751955986023,0.6861917972564697,7300,5.849359035491943,0.9127655029296875,"[0.17001833021640778,0.6815958023071289]",0.5804558992385864,0.5449914932250977,0.6079249978065491,0.6079249978065491,"[{""action_mean_shift"":0.005645838566124439,""actor_gradient_norm_pre_clip"":252.63792419433594,""behavior_approximate_kl"":0.011544723063707352,""clip_fraction"":0.505615234375,""epoch"":1,""minibatch"":1,""moving_forward_kl"":0.009418698027729988},{""action_mean_shift"":0.011619285680353642,""actor_gradient_norm_pre_clip"":214.8952178955078,""behavior_approximate_kl"":0.03968933969736099,""clip_fraction"":0.69891357421875,""epoch"":1,""minibatch"":2,""moving_forward_kl"":0.03989463299512863},{""action_mean_shift"":0.017785925418138504,""actor_gradient_norm_pre_clip"":193.59954833984375,""behavior_approximate_kl"":0.0925641804933548,""clip_fraction"":0.78851318359375,""epoch"":1,""minibatch"":3,""moving_forward_kl"":0.09305916726589203},{""action_mean_shift"":0.024129867553710938,""actor_gradient_norm_pre_clip"":173.85560607910156,""behavior_approximate_kl"":0.17302218079566956,""clip_fraction"":0.84173583984375,""epoch"":1,""minibatch"":4,""moving_forward_kl"":0.17056022584438324},{""action_mean_shift"":0.03030599281191826,""actor_gradient_norm_pre_clip"":158.24049377441406,""behavior_approximate_kl"":0.2793850004673004,""clip_fraction"":0.871826171875,""epoch"":2,""minibatch"":1,""moving_forward_kl"":0.27081429958343506},{""action_mean_shift"":0.03651154041290283,""actor_gradient_norm_pre_clip"":140.34214782714844,""behavior_approximate_kl"":0.38672518730163574,""clip_fraction"":0.8885498046875,""epoch"":2,""minibatch"":2,""moving_forward_kl"":0.393195241689682},{""action_mean_shift"":0.042156245559453964,""actor_gradient_norm_pre_clip"":131.7212677001953,""behavior_approximate_kl"":0.531590461730957,""clip_fraction"":0.9000244140625,""epoch"":2,""minibatch"":3,""moving_forward_kl"":0.525713324546814},{""action_mean_shift"":0.04818608611822128,""actor_gradient_norm_pre_clip"":119.79505157470703,""behavior_approximate_kl"":0.6919171810150146,""clip_fraction"":0.9139404296875,""epoch"":2,""minibatch"":4,""moving_forward_kl"":0.6845062375068665}]",0.6815958023071289,0.30303030303030304,8.030303030303031,-4.887654253930757,0.696969696969697,2,e605ca1335ed2e5a38885f53baa8d59ee12aaf2a525fccb5eb01c47974d30ce5,0c4cf91c77cb2393c7b026d8a3078a749257b98c73de38f54077a1b361a73165,0.1467835009098053,0.06601465493440628,0.05796194449067116,0.2507937252521515,0.04676186665892601,0.040648866444826126,0.15589895844459534,0.09390588849782944,0.04820758104324341,0.18693488836288452,0.04649809002876282,0.040026143193244934,0.1536981165409088,0.06798305362462997,0.05883273854851723,0.2938362658023834,0.046405330300331116,0.04053052142262459,0.16309204697608948,0.09879755973815918,0.04973782226443291,0.21212004125118256,0.04824371635913849,0.03982962667942047,1.0,0.8521918058395386,local_success_50,0.0,92.61719799041748,full_action,0.05,6221.0,6081.9091796875,903.0,0.5239644348621368
development,DEV,A1,0.02766396146034822,1.0,249.58058166503906,8.636143147945404,0.6983547806739807,6995,5.555996894836426,0.9120025634765625,"[0.1837191879749298,0.6909058094024658]",0.5680564045906067,0.5188876390457153,0.5810801386833191,0.5810801386833191,"[{""action_mean_shift"":0.006075229961425066,""actor_gradient_norm_pre_clip"":249.58058166503906,""behavior_approximate_kl"":0.013787799514830112,""clip_fraction"":0.52398681640625,""epoch"":1,""minibatch"":1,""moving_forward_kl"":0.010908844880759716},{""action_mean_shift"":0.012286045588552952,""actor_gradient_norm_pre_clip"":202.35888671875,""behavior_approximate_kl"":0.044032022356987,""clip_fraction"":0.705322265625,""epoch"":1,""minibatch"":2,""moving_forward_kl"":0.044355642050504684},{""action_mean_shift"":0.018627550452947617,""actor_gradient_norm_pre_clip"":181.66073608398438,""behavior_approximate_kl"":0.10442206263542175,""clip_fraction"":0.7894287109375,""epoch"":1,""minibatch"":3,""moving_forward_kl"":0.10208219289779663},{""action_mean_shift"":0.024909181520342827,""actor_gradient_norm_pre_clip"":157.36363220214844,""behavior_approximate_kl"":0.18512475490570068,""clip_fraction"":0.8363037109375,""epoch"":1,""minibatch"":4,""moving_forward_kl"":0.18319490551948547},{""action_mean_shift"":0.03143353387713432,""actor_gradient_norm_pre_clip"":155.19485473632812,""behavior_approximate_kl"":0.29624316096305847,""clip_fraction"":0.8656005859375,""epoch"":2,""minibatch"":1,""moving_forward_kl"":0.2906619906425476},{""action_mean_shift"":0.03713320940732956,""actor_gradient_norm_pre_clip"":127.26309204101562,""behavior_approximate_kl"":0.41317641735076904,""clip_fraction"":0.885498046875,""epoch"":2,""minibatch"":2,""moving_forward_kl"":0.4078531265258789},{""action_mean_shift"":0.04256698489189148,""actor_gradient_norm_pre_clip"":124.4826431274414,""behavior_approximate_kl"":0.5406019687652588,""clip_fraction"":0.9012451171875,""epoch"":2,""minibatch"":3,""moving_forward_kl"":0.5389276146888733},{""action_mean_shift"":0.048279955983161926,""actor_gradient_norm_pre_clip"":109.72541809082031,""behavior_approximate_kl"":0.7100931406021118,""clip_fraction"":0.91436767578125,""epoch"":2,""minibatch"":4,""moving_forward_kl"":0.6975878477096558}]",0.6909058094024658,0.2878787878787879,7.954545454545454,-4.4121531916387156,0.7121212121212122,3,a024e526b12d58bb11b44a5319c1c931221ad405a34e780c343fa9a90d42987e,e605ca1335ed2e5a38885f53baa8d59ee12aaf2a525fccb5eb01c47974d30ce5,0.1455109715461731,0.06198188289999962,0.05500263720750809,0.24642717838287354,0.04780689999461174,0.04143349081277847,0.1442229002714157,0.08797562122344971,0.04661719873547554,0.17001286149024963,0.04570376127958298,0.04034620150923729,0.1522585153579712,0.06327170133590698,0.055101536214351654,0.2912314236164093,0.04728785157203674,0.04124165698885918,0.15043893456459045,0.09243503957986832,0.04805995896458626,0.19419430196285248,0.04703197255730629,0.0401172898709774,1.0,0.8587562441825867,local_success_50,0.0,84.5987319946289,full_action,0.05,6007.0,5852.296875,835.0,0.4905187338590622
development,DEV,A1,0.026529061840847135,1.0,239.97509765625,8.390037417411804,0.6584675312042236,6593,5.1467604637146,0.9053802490234375,"[0.17008869349956512,0.6532585620880127]",0.5821610689163208,0.507381796836853,0.5681657791137695,0.5681657791137695,"[{""action_mean_shift"":0.005732592195272446,""actor_gradient_norm_pre_clip"":239.97509765625,""behavior_approximate_kl"":0.010965067893266678,""clip_fraction"":0.50860595703125,""epoch"":1,""minibatch"":1,""moving_forward_kl"":0.009864473715424538},{""action_mean_shift"":0.011519581079483032,""actor_gradient_norm_pre_clip"":194.71632385253906,""behavior_approximate_kl"":0.042203955352306366,""clip_fraction"":0.68310546875,""epoch"":1,""minibatch"":2,""moving_forward_kl"":0.039968546479940414},{""action_mean_shift"":0.017722204327583313,""actor_gradient_norm_pre_clip"":180.2623748779297,""behavior_approximate_kl"":0.09184930473566055,""clip_fraction"":0.77716064453125,""epoch"":1,""minibatch"":3,""moving_forward_kl"":0.0942675769329071},{""action_mean_shift"":0.02380138821899891,""actor_gradient_norm_pre_clip"":154.21481323242188,""behavior_approximate_kl"":0.17606589198112488,""clip_fraction"":0.82952880859375,""epoch"":1,""minibatch"":4,""moving_forward_kl"":0.17033764719963074},{""action_mean_shift"":0.030026398599147797,""actor_gradient_norm_pre_clip"":148.2516632080078,""behavior_approximate_kl"":0.2787420153617859,""clip_fraction"":0.860107421875,""epoch"":2,""minibatch"":1,""moving_forward_kl"":0.27089276909828186},{""action_mean_shift"":0.03566264361143112,""actor_gradient_norm_pre_clip"":129.0919647216797,""behavior_approximate_kl"":0.38126516342163086,""clip_fraction"":0.88250732421875,""epoch"":2,""minibatch"":2,""moving_forward_kl"":0.38432690501213074},{""action_mean_shift"":0.04124853387475014,""actor_gradient_norm_pre_clip"":114.44053649902344,""behavior_approximate_kl"":0.5202078223228455,""clip_fraction"":0.8953857421875,""epoch"":2,""minibatch"":3,""moving_forward_kl"":0.5124044418334961},{""action_mean_shift"":0.04651915282011032,""actor_gradient_norm_pre_clip"":102.48446655273438,""behavior_approximate_kl"":0.6584469079971313,""clip_fraction"":0.90240478515625,""epoch"":2,""minibatch"":4,""moving_forward_kl"":0.6552869081497192}]",0.6532585620880127,0.24444444444444444,8.2,-4.167028029759725,0.7555555555555555,4,8ef1d7a0ae07283acce7650901b9bdd9add7b4a0cb800a41b2027a355678b675,a024e526b12d58bb11b44a5319c1c931221ad405a34e780c343fa9a90d42987e,0.14086993038654327,0.06549815833568573,0.05793958902359009,0.23697629570960999,0.045824918895959854,0.04115142673254013,0.13810710608959198,0.08813530206680298,0.0480230413377285,0.16713166236877441,0.04593975469470024,0.04023919627070427,0.14809224009513855,0.06685870885848999,0.05811123922467232,0.28327420353889465,0.0453312061727047,0.04099863022565842,0.14351607859134674,0.09230770170688629,0.04903518781065941,0.18923524022102356,0.04712631553411484,0.040128663182258606,1.0,0.8269376754760742,local_success_50,0.0,82.21988105773926,full_action,0.05,5452.0,5330.51953125,923.0,0.5578650236129761
development,DEV,A1,0.02571539126802236,1.0,240.05398559570312,8.033423483371735,0.6306906938552856,6016,4.426784515380859,0.9076080322265625,"[0.16275005042552948,0.6283803582191467]",0.5596937537193298,0.4939800202846527,0.5548526644706726,0.5548526644706726,"[{""action_mean_shift"":0.005470992065966129,""actor_gradient_norm_pre_clip"":240.05398559570312,""behavior_approximate_kl"":0.009151307865977287,""clip_fraction"":0.48114013671875,""epoch"":1,""minibatch"":1,""moving_forward_kl"":0.009253128431737423},{""action_mean_shift"":0.011397147551178932,""actor_gradient_norm_pre_clip"":204.4714813232422,""behavior_approximate_kl"":0.040476199239492416,""clip_fraction"":0.678466796875,""epoch"":1,""minibatch"":2,""moving_forward_kl"":0.039623893797397614},{""action_mean_shift"":0.01718527264893055,""actor_gradient_norm_pre_clip"":174.00869750976562,""behavior_approximate_kl"":0.08998967707157135,""clip_fraction"":0.7659912109375,""epoch"":1,""minibatch"":3,""moving_forward_kl"":0.0902288481593132},{""action_mean_shift"":0.022924400866031647,""actor_gradient_norm_pre_clip"":164.58697509765625,""behavior_approximate_kl"":0.16499261558055878,""clip_fraction"":0.8201904296875,""epoch"":1,""minibatch"":4,""moving_forward_kl"":0.1614139974117279},{""action_mean_shift"":0.029078315943479538,""actor_gradient_norm_pre_clip"":148.99838256835938,""behavior_approximate_kl"":0.2466602325439453,""clip_fraction"":0.85540771484375,""epoch"":2,""minibatch"":1,""moving_forward_kl"":0.25825977325439453},{""action_mean_shift"":0.034574057906866074,""actor_gradient_norm_pre_clip"":140.8700408935547,""behavior_approximate_kl"":0.37355512380599976,""clip_fraction"":0.8795166015625,""epoch"":2,""minibatch"":2,""moving_forward_kl"":0.3682518005371094},{""action_mean_shift"":0.03988707810640335,""actor_gradient_norm_pre_clip"":114.39177703857422,""behavior_approximate_kl"":0.5029877424240112,""clip_fraction"":0.8944091796875,""epoch"":2,""minibatch"":3,""moving_forward_kl"":0.4910150170326233},{""action_mean_shift"":0.04520586505532265,""actor_gradient_norm_pre_clip"":115.12671661376953,""behavior_approximate_kl"":0.6384003162384033,""clip_fraction"":0.90557861328125,""epoch"":2,""minibatch"":4,""moving_forward_kl"":0.6320139765739441}]",0.6283803582191467,0.26865671641791045,8.067164179104477,-3.728059298956572,0.7313432835820896,5,6407dbbeb6cc74cdbc419d10d19c372446c532f4e1a09e139367149a086a2c0e,8ef1d7a0ae07283acce7650901b9bdd9add7b4a0cb800a41b2027a355678b675,0.14119572937488556,0.06186171621084213,0.05757161229848862,0.24311113357543945,0.04640665650367737,0.04069388285279274,0.12578532099723816,0.08946060389280319,0.04428054764866829,0.15234307944774628,0.04596090689301491,0.040072377771139145,0.14868241548538208,0.06357923895120621,0.05792975425720215,0.2937101125717163,0.04570428282022476,0.040491845458745956,0.1290338635444641,0.0939873456954956,0.0448542945086956,0.17156049609184265,0.04675372317433357,0.03981126472353935,1.0,0.8342752456665039,local_success_50,0.0,78.81263828277588,full_action,0.05,5019.0,4882.51513671875,934.0,0.6147079318761826
development,DEV,A1,0.0251931375823915,1.0,236.72076416015625,9.36049735546112,0.6108482480049133,5901,4.3230767250061035,0.9055328369140625,"[0.1590907871723175,0.6038757562637329]",0.5772261619567871,0.5080510377883911,0.5692110657691956,0.5692110657691956,"[{""action_mean_shift"":0.005403332412242889,""actor_gradient_norm_pre_clip"":236.72076416015625,""behavior_approximate_kl"":0.009172691032290459,""clip_fraction"":0.47802734375,""epoch"":1,""minibatch"":1,""moving_forward_kl"":0.00921884085983038},{""action_mean_shift"":0.011187955737113953,""actor_gradient_norm_pre_clip"":205.05166625976562,""behavior_approximate_kl"":0.04267720878124237,""clip_fraction"":0.6806640625,""epoch"":1,""minibatch"":2,""moving_forward_kl"":0.03894259035587311},{""action_mean_shift"":0.01680266484618187,""actor_gradient_norm_pre_clip"":163.27835083007812,""behavior_approximate_kl"":0.0901784896850586,""clip_fraction"":0.7672119140625,""epoch"":1,""minibatch"":3,""moving_forward_kl"":0.08723543584346771},{""action_mean_shift"":0.0225272998213768,""actor_gradient_norm_pre_clip"":157.6209716796875,""behavior_approximate_kl"":0.16063961386680603,""clip_fraction"":0.82342529296875,""epoch"":1,""minibatch"":4,""moving_forward_kl"":0.15747487545013428},{""action_mean_shift"":0.028525885194540024,""actor_gradient_norm_pre_clip"":142.64263916015625,""behavior_approximate_kl"":0.2474072277545929,""clip_fraction"":0.859375,""epoch"":2,""minibatch"":1,""moving_forward_kl"":0.25062790513038635},{""action_mean_shift"":0.03406508266925812,""actor_gradient_norm_pre_clip"":138.6868896484375,""behavior_approximate_kl"":0.36793509125709534,""clip_fraction"":0.87750244140625,""epoch"":2,""minibatch"":2,""moving_forward_kl"":0.35924047231674194},{""action_mean_shift"":0.03902555629611015,""actor_gradient_norm_pre_clip"":117.21031951904297,""behavior_approximate_kl"":0.4830651879310608,""clip_fraction"":0.89459228515625,""epoch"":2,""minibatch"":3,""moving_forward_kl"":0.47355324029922485},{""action_mean_shift"":0.0440073236823082,""actor_gradient_norm_pre_clip"":107.32596588134766,""behavior_approximate_kl"":0.6164427995681763,""clip_fraction"":0.9068603515625,""epoch"":2,""minibatch"":4,""moving_forward_kl"":0.6053817868232727}]",0.6038757562637329,0.2714285714285714,7.957142857142857,-3.9385691353252956,0.7285714285714285,6,9f3385ad0174f8180653719b46eb6a28eddddd9faa65ef98e4f8de16b1ecade1,6407dbbeb6cc74cdbc419d10d19c372446c532f4e1a09e139367149a086a2c0e,0.14004647731781006,0.06129938364028931,0.057219285517930984,0.23777861893177032,0.04714590683579445,0.0402020663022995,0.1350039392709732,0.09866587072610855,0.04667074978351593,0.1653905063867569,0.047701798379421234,0.04035232216119766,0.1475752741098404,0.06243526190519333,0.05694887042045593,0.2900417149066925,0.04599304869771004,0.04004451632499695,0.13805685937404633,0.10367982089519501,0.04704234004020691,0.18442986905574799,0.04863213375210762,0.04018847644329071,1.0,0.8264700770378113,local_success_50,0.0,92.06891536712646,full_action,0.05,4877.0,4764.95703125,952.0,0.5346037000417709
development,DEV,A1,0.024729129509069026,1.0,240.29678344726562,8.292421877384186,0.5909044146537781,5502,3.9188034534454346,0.90533447265625,"[0.15247751772403717,0.5906473994255066]",0.5727396607398987,0.49368542432785034,0.553748607635498,0.553748607635498,"[{""action_mean_shift"":0.005270739085972309,""actor_gradient_norm_pre_clip"":240.29678344726562,""behavior_approximate_kl"":0.009582024067640305,""clip_fraction"":0.468017578125,""epoch"":1,""minibatch"":1,""moving_forward_kl"":0.00873070489615202},{""action_mean_shift"":0.010774696245789528,""actor_gradient_norm_pre_clip"":190.4866485595703,""behavior_approximate_kl"":0.03673955053091049,""clip_fraction"":0.6650390625,""epoch"":1,""minibatch"":2,""moving_forward_kl"":0.03639352694153786},{""action_mean_shift"":0.016411088407039642,""actor_gradient_norm_pre_clip"":162.56568908691406,""behavior_approximate_kl"":0.08412937819957733,""clip_fraction"":0.7628173828125,""epoch"":1,""minibatch"":3,""moving_forward_kl"":0.0837719738483429},{""action_mean_shift"":0.02204074151813984,""actor_gradient_norm_pre_clip"":160.6316680908203,""behavior_approximate_kl"":0.1463681161403656,""clip_fraction"":0.8189697265625,""epoch"":1,""minibatch"":4,""moving_forward_kl"":0.1507682502269745},{""action_mean_shift"":0.02786988392472267,""actor_gradient_norm_pre_clip"":138.40660095214844,""behavior_approximate_kl"":0.24165433645248413,""clip_fraction"":0.85333251953125,""epoch"":2,""minibatch"":1,""moving_forward_kl"":0.24064213037490845},{""action_mean_shift"":0.033341921865940094,""actor_gradient_norm_pre_clip"":135.689208984375,""behavior_approximate_kl"":0.3485735356807709,""clip_fraction"":0.87347412109375,""epoch"":2,""minibatch"":2,""moving_forward_kl"":0.348383367061615},{""action_mean_shift"":0.03856456279754639,""actor_gradient_norm_pre_clip"":111.8362808227539,""behavior_approximate_kl"":0.4646000564098358,""clip_fraction"":0.89044189453125,""epoch"":2,""minibatch"":3,""moving_forward_kl"":0.46322309970855713},{""action_mean_shift"":0.04355940222740173,""actor_gradient_norm_pre_clip"":113.11664581298828,""behavior_approximate_kl"":0.5891673564910889,""clip_fraction"":0.90679931640625,""epoch"":2,""minibatch"":4,""moving_forward_kl"":0.591286301612854}]",0.5906473994255066,0.30666666666666664,7.693333333333333,-3.8399572292963664,0.6933333333333334,7,69c49aed687215b95ee01fe56df4eaa2509d1ad54fc0a7de94ea49fa92d98431,9f3385ad0174f8180653719b46eb6a28eddddd9faa65ef98e4f8de16b1ecade1,0.1367994099855423,0.06083468720316887,0.05839550867676735,0.240278422832489,0.0459667406976223,0.04014512896537781,0.1239241510629654,0.09513288736343384,0.046093814074993134,0.15288326144218445,0.045195408165454865,0.04065850377082825,0.14379605650901794,0.06187485158443451,0.058075398206710815,0.2909747362136841,0.04460965096950531,0.04001300409436226,0.12684223055839539,0.1008547767996788,0.04631482809782028,0.17153504490852356,0.0460505485534668,0.040483299642801285,1.0,0.8097056150436401,local_success_50,0.0,81.45523929595947,full_action,0.05,4455.0,4325.88720703125,932.0,0.6257814019918442
development,DEV,A1,0.02486156387021765,1.0,233.3122100830078,8.353622913360596,0.592349648475647,5422,3.8399434089660645,0.9078369140625,"[0.1555764228105545,0.5888065099716187]",0.5922762155532837,0.49543505907058716,0.5565943717956543,0.5565943717956543,"[{""action_mean_shift"":0.005418508779257536,""actor_gradient_norm_pre_clip"":233.3122100830078,""behavior_approximate_kl"":0.008841272443532944,""clip_fraction"":0.4884033203125,""epoch"":1,""minibatch"":1,""moving_forward_kl"":0.009053056128323078},{""action_mean_shift"":0.010950073599815369,""actor_gradient_norm_pre_clip"":187.4412078857422,""behavior_approximate_kl"":0.03958699852228165,""clip_fraction"":0.68310546875,""epoch"":1,""minibatch"":2,""moving_forward_kl"":0.03722487390041351},{""action_mean_shift"":0.016594693064689636,""actor_gradient_norm_pre_clip"":176.57554626464844,""behavior_approximate_kl"":0.08724474906921387,""clip_fraction"":0.77789306640625,""epoch"":1,""minibatch"":3,""moving_forward_kl"":0.08526796102523804},{""action_mean_shift"":0.02237788587808609,""actor_gradient_norm_pre_clip"":156.29739379882812,""behavior_approximate_kl"":0.15505462884902954,""clip_fraction"":0.8326416015625,""epoch"":1,""minibatch"":4,""moving_forward_kl"":0.15451860427856445},{""action_mean_shift"":0.028115618973970413,""actor_gradient_norm_pre_clip"":136.7685089111328,""behavior_approximate_kl"":0.24729911983013153,""clip_fraction"":0.86029052734375,""epoch"":2,""minibatch"":1,""moving_forward_kl"":0.24476945400238037},{""action_mean_shift"":0.03381984308362007,""actor_gradient_norm_pre_clip"":129.3330841064453,""behavior_approximate_kl"":0.355660080909729,""clip_fraction"":0.88385009765625,""epoch"":2,""minibatch"":2,""moving_forward_kl"":0.3535158932209015},{""action_mean_shift"":0.03861541301012039,""actor_gradient_norm_pre_clip"":124.8389892578125,""behavior_approximate_kl"":0.4563828110694885,""clip_fraction"":0.9007568359375,""epoch"":2,""minibatch"":3,""moving_forward_kl"":0.46442124247550964},{""action_mean_shift"":0.0430004745721817,""actor_gradient_norm_pre_clip"":109.70683288574219,""behavior_approximate_kl"":0.6018866896629333,""clip_fraction"":0.90576171875,""epoch"":2,""minibatch"":4,""moving_forward_kl"":0.5855662822723389}]",0.5888065099716187,0.3103448275862069,7.772413793103448,-3.8593418828372297,0.6896551724137931,8,559ff642997f4e6a2989c5092f80ff3ab078fee8e8d0674e181b74265bdfd81e,69c49aed687215b95ee01fe56df4eaa2509d1ad54fc0a7de94ea49fa92d98431,0.13913506269454956,0.06302230060100555,0.05885619670152664,0.2404201328754425,0.04515054076910019,0.04087720811367035,0.12196782976388931,0.09646960347890854,0.047569334506988525,0.15293246507644653,0.04751177877187729,0.04044764116406441,0.14572036266326904,0.06405636668205261,0.058188967406749725,0.2943331301212311,0.04349048063158989,0.0406380295753479,0.12346214056015015,0.10196050256490707,0.04760277271270752,0.17014290392398834,0.04800420626997948,0.04037264734506607,1.0,0.7812615036964417,local_success_50,0.0,82.01090240478516,full_action,0.05,4236.0,4105.095703125,918.0,0.6301294192671776
development,DEV,A2,0.0042308486881665885,1.0,49.18669891357422,0.023704595980234444,0.002525109564885497,7924,6.2590837478637695,0.37994384765625,"[0.003743767971172929,0.0019470932893455029]",0.604377031326294,0.1538207232952118,0.15441375970840454,0.15441375970840454,"[{""action_mean_shift"":0.006583855953067541,""actor_gradient_norm_pre_clip"":10.63543701171875,""behavior_approximate_kl"":0.01021453645080328,""clip_fraction"":0.67431640625,""epoch"":1,""minibatch"":1,""moving_forward_kl"":0.009404134005308151},{""action_mean_shift"":0.005439915228635073,""actor_gradient_norm_pre_clip"":49.18669891357422,""behavior_approximate_kl"":0.007462673354893923,""clip_fraction"":0.62335205078125,""epoch"":1,""minibatch"":2,""moving_forward_kl"":0.006251043640077114},{""action_mean_shift"":0.0043835751712322235,""actor_gradient_norm_pre_clip"":34.261741638183594,""behavior_approximate_kl"":0.0038229862693697214,""clip_fraction"":0.53436279296875,""epoch"":1,""minibatch"":3,""moving_forward_kl"":0.004191533662378788},{""action_mean_shift"":0.004128257278352976,""actor_gradient_norm_pre_clip"":29.900676727294922,""behavior_approximate_kl"":0.003956847358494997,""clip_fraction"":0.52288818359375,""epoch"":1,""minibatch"":4,""moving_forward_kl"":0.0037361755967140198},{""action_mean_shift"":0.0037791598588228226,""actor_gradient_norm_pre_clip"":34.2805061340332,""behavior_approximate_kl"":0.003946837969124317,""clip_fraction"":0.48443603515625,""epoch"":2,""minibatch"":1,""moving_forward_kl"":0.003112543374300003},{""action_mean_shift"":0.00332938926294446,""actor_gradient_norm_pre_clip"":29.625614166259766,""behavior_approximate_kl"":0.0023427889682352543,""clip_fraction"":0.4237060546875,""epoch"":2,""minibatch"":2,""moving_forward_kl"":0.0024445834569633007},{""action_mean_shift"":0.0032152454368770123,""actor_gradient_norm_pre_clip"":25.366241455078125,""behavior_approximate_kl"":0.0025972723960876465,""clip_fraction"":0.41912841796875,""epoch"":2,""minibatch"":3,""moving_forward_kl"":0.002247524680569768},{""action_mean_shift"":0.0029873913154006004,""actor_gradient_norm_pre_clip"":25.547733306884766,""behavior_approximate_kl"":0.002081443089991808,""clip_fraction"":0.3746337890625,""epoch"":2,""minibatch"":4,""moving_forward_kl"":0.0019499888876453042}]",0.0019470932893455029,0.23076923076923078,8.23076923076923,-4.793916546381437,0.7692307692307693,1,382148b09811e58063fa2d2aa92888a1d6d84e9cf4d155f068a3b6f8c7196fc1,7afed309902a323a43b47005c01529c84160944bb8cea2c45d000b38b18cc099,0.035990092903375626,0.01359210442751646,0.009004165418446064,0.0719328448176384,0.0052491482347249985,0.002033984987065196,0.039868324995040894,0.02247566729784012,0.007838481105864048,0.049580127000808716,0.005218200385570526,0.0010757904965430498,0.035985469818115234,0.013558450154960155,0.008725856430828571,0.07151411473751068,0.004875733517110348,0.0010743591701611876,0.039395708590745926,0.022297535091638565,0.0077063459903001785,0.049604352563619614,0.004880252294242382,0.000882964173797518,0.25,1.0,all_interventions,0.014835284790024161,0.014835284790024161,residual,0.05,7924.0,7748.95361328125,896.0,0.6928699687123299
development,DEV,A2,0.0023969851608853787,1.0,31.575605392456055,0.016716046957299113,0.0014023188268765807,7809,6.3077545166015625,0.252227783203125,"[0.001128610922023654,0.0010610803728923202]",0.594731330871582,0.15170569717884064,0.15173041820526123,0.15173041820526123,"[{""action_mean_shift"":0.0025026104412972927,""actor_gradient_norm_pre_clip"":10.298113822937012,""behavior_approximate_kl"":0.0021624646615236998,""clip_fraction"":0.306884765625,""epoch"":1,""minibatch"":1,""moving_forward_kl"":0.0013375668786466122},{""action_mean_shift"":0.0029687248170375824,""actor_gradient_norm_pre_clip"":31.575605392456055,""behavior_approximate_kl"":0.0021538562141358852,""clip_fraction"":0.38201904296875,""epoch"":1,""minibatch"":2,""moving_forward_kl"":0.0018958391156047583},{""action_mean_shift"":0.0025944847147911787,""actor_gradient_norm_pre_clip"":30.219161987304688,""behavior_approximate_kl"":0.0011270109098404646,""clip_fraction"":0.3157958984375,""epoch"":1,""minibatch"":3,""moving_forward_kl"":0.0014311729464679956},{""action_mean_shift"":0.002276820596307516,""actor_gradient_norm_pre_clip"":24.99410629272461,""behavior_approximate_kl"":0.0015972844557836652,""clip_fraction"":0.2611083984375,""epoch"":1,""minibatch"":4,""moving_forward_kl"":0.0011223617475479841},{""action_mean_shift"":0.002040779683738947,""actor_gradient_norm_pre_clip"":20.732036590576172,""behavior_approximate_kl"":0.0010950741125270724,""clip_fraction"":0.21502685546875,""epoch"":2,""minibatch"":1,""moving_forward_kl"":0.0008905925787985325},{""action_mean_shift"":0.00222820695489645,""actor_gradient_norm_pre_clip"":19.363853454589844,""behavior_approximate_kl"":0.0007651782943867147,""clip_fraction"":0.2548828125,""epoch"":2,""minibatch"":2,""moving_forward_kl"":0.0010637524537742138},{""action_mean_shift"":0.0023387097753584385,""actor_gradient_norm_pre_clip"":23.30840301513672,""behavior_approximate_kl"":0.0012340100947767496,""clip_fraction"":0.27178955078125,""epoch"":2,""minibatch"":3,""moving_forward_kl"":0.0011758566834032536},{""action_mean_shift"":0.0022255443036556244,""actor_gradient_norm_pre_clip"":23.72551155090332,""behavior_approximate_kl"":0.0015665995888411999,""clip_fraction"":0.24859619140625,""epoch"":2,""minibatch"":4,""moving_forward_kl"":0.0010616088984534144}]",0.0010610803728923202,0.1953125,8.3359375,-4.348630663007498,0.8046875,2,632b78289cde2a77eca9a54381c08721da084a39daa380743c16931b00af4dbc,382148b09811e58063fa2d2aa92888a1d6d84e9cf4d155f068a3b6f8c7196fc1,0.035117924213409424,0.013108509592711926,0.008406554348766804,0.0703071653842926,0.004233147948980331,0.0013509751297533512,0.038417086005210876,0.021640188992023468,0.007429186720401049,0.050937872380018234,0.0056857457384467125,0.0010170403402298689,0.034511715173721313,0.012808936648070812,0.008410418406128883,0.07022762298583984,0.004349852446466684,0.0010228214086964726,0.03788077086210251,0.021773943677544594,0.0069330488331615925,0.050820376724004745,0.005077698267996311,0.0007811327814124525,0.25,0.9999999403953552,all_interventions,0.01444415282458067,0.01444415282458067,residual,0.05,7809.0,7647.91357421875,917.0,0.4644673354923725
development,DEV,A2,0.00191448291298002,1.0,24.638927459716797,0.015480083762668073,0.0010194232454523444,7996,6.3968000411987305,0.148712158203125,"[0.0007232930511236191,0.000650634232442826]",0.604188859462738,0.1536724716424942,0.15381641685962677,0.15381641685962677,"[{""action_mean_shift"":0.0017017453210428357,""actor_gradient_norm_pre_clip"":12.075603485107422,""behavior_approximate_kl"":0.0007074086461216211,""clip_fraction"":0.14410400390625,""epoch"":1,""minibatch"":1,""moving_forward_kl"":0.0006290869787335396},{""action_mean_shift"":0.0021173192653805017,""actor_gradient_norm_pre_clip"":22.642154693603516,""behavior_approximate_kl"":0.0011738021858036518,""clip_fraction"":0.2296142578125,""epoch"":1,""minibatch"":2,""moving_forward_kl"":0.0009537123842164874},{""action_mean_shift"":0.0019942980725318193,""actor_gradient_norm_pre_clip"":23.5676326751709,""behavior_approximate_kl"":0.0008785632671788335,""clip_fraction"":0.20294189453125,""epoch"":1,""minibatch"":3,""moving_forward_kl"":0.0008369479910470545},{""action_mean_shift"":0.001835289178416133,""actor_gradient_norm_pre_clip"":21.20884132385254,""behavior_approximate_kl"":0.0012709314469248056,""clip_fraction"":0.17254638671875,""epoch"":1,""minibatch"":4,""moving_forward_kl"":0.0007221613777801394},{""action_mean_shift"":0.0019529934506863356,""actor_gradient_norm_pre_clip"":15.892704963684082,""behavior_approximate_kl"":0.0010294824605807662,""clip_fraction"":0.19830322265625,""epoch"":2,""minibatch"":1,""moving_forward_kl"":0.000795590050984174},{""action_mean_shift"":0.0020899977535009384,""actor_gradient_norm_pre_clip"":18.51858901977539,""behavior_approximate_kl"":0.0013121856609359384,""clip_fraction"":0.22314453125,""epoch"":2,""minibatch"":2,""moving_forward_kl"":0.0009253995958715677},{""action_mean_shift"":0.0018900735303759575,""actor_gradient_norm_pre_clip"":24.638927459716797,""behavior_approximate_kl"":0.0010706805624067783,""clip_fraction"":0.17889404296875,""epoch"":2,""minibatch"":3,""moving_forward_kl"":0.0007910134154371917},{""action_mean_shift"":0.0017341467319056392,""actor_gradient_norm_pre_clip"":16.96304702758789,""behavior_approximate_kl"":0.0002471163752488792,""clip_fraction"":0.1544189453125,""epoch"":2,""minibatch"":4,""moving_forward_kl"":0.0006535239517688751}]",0.000650634232442826,0.2440944881889764,8.338582677165354,-5.478888759462852,0.7559055118110236,3,04bd277747c07c4a12c0f50e7afcd936bc0a195575a6cc6f26102f027b001d7b,632b78289cde2a77eca9a54381c08721da084a39daa380743c16931b00af4dbc,0.03640751168131828,0.014602398499846458,0.008599038235843182,0.07164755463600159,0.004787885583937168,0.0010398831218481064,0.03946160525083542,0.021091297268867493,0.007129964418709278,0.05046103149652481,0.005067503545433283,0.0009670414146967232,0.036089155822992325,0.014541847631335258,0.008531400933861732,0.07153785973787308,0.0046246773563325405,0.001038508489727974,0.039218246936798096,0.020943712443113327,0.0070800334215164185,0.05015808343887329,0.004901280160993338,0.0007751741213724017,0.25,1.0,all_interventions,0.01475158252287656,0.01475158252287656,residual,0.05,7996.0,7847.8642578125,911.0,0.557163268327713
development,DEV,A2,0.0017555925151100382,1.0,25.979114532470703,0.01501120813190937,0.000766653218306601,7969,6.489413738250732,0.15252685546875,"[0.0006406559841707349,0.0006350469193421304]",0.5910253524780273,0.15072666108608246,0.15102379024028778,0.15102379024028778,"[{""action_mean_shift"":0.0017283400520682335,""actor_gradient_norm_pre_clip"":9.530165672302246,""behavior_approximate_kl"":0.00041178023093380034,""clip_fraction"":0.15679931640625,""epoch"":1,""minibatch"":1,""moving_forward_kl"":0.000660234596580267},{""action_mean_shift"":0.002107561333104968,""actor_gradient_norm_pre_clip"":22.49980926513672,""behavior_approximate_kl"":0.0011942333076149225,""clip_fraction"":0.23260498046875,""epoch"":1,""minibatch"":2,""moving_forward_kl"":0.000956773292273283},{""action_mean_shift"":0.001861879602074623,""actor_gradient_norm_pre_clip"":25.979114532470703,""behavior_approximate_kl"":0.0005875808419659734,""clip_fraction"":0.181884765625,""epoch"":1,""minibatch"":3,""moving_forward_kl"":0.0007334897527471185},{""action_mean_shift"":0.001681028283201158,""actor_gradient_norm_pre_clip"":22.064525604248047,""behavior_approximate_kl"":0.0003290955501142889,""clip_fraction"":0.14276123046875,""epoch"":1,""minibatch"":4,""moving_forward_kl"":0.0006367516471073031},{""action_mean_shift"":0.0015570889227092266,""actor_gradient_norm_pre_clip"":19.276201248168945,""behavior_approximate_kl"":0.00010670580377336591,""clip_fraction"":0.11468505859375,""epoch"":2,""minibatch"":1,""moving_forward_kl"":0.0005228943773545325},{""action_mean_shift"":0.0016705798916518688,""actor_gradient_norm_pre_clip"":14.631439208984375,""behavior_approximate_kl"":0.0003336324589326978,""clip_fraction"":0.13970947265625,""epoch"":2,""minibatch"":2,""moving_forward_kl"":0.0005950390477664769},{""action_mean_shift"":0.0017167242476716638,""actor_gradient_norm_pre_clip"":21.066118240356445,""behavior_approximate_kl"":0.0007814036216586828,""clip_fraction"":0.1456298828125,""epoch"":2,""minibatch"":3,""moving_forward_kl"":0.0006465032929554582},{""action_mean_shift"":0.0017215377883985639,""actor_gradient_norm_pre_clip"":16.927492141723633,""behavior_approximate_kl"":0.0006120339967310429,""clip_fraction"":0.15325927734375,""epoch"":2,""minibatch"":4,""moving_forward_kl"":0.0006342239794321358}]",0.0006350469193421304,0.234375,8.1796875,-4.751809244975448,0.765625,4,43f3a8b0ab2799be6553e728a4a6caa6755fa85cc61dd9414d28b96afae1df4f,04bd277747c07c4a12c0f50e7afcd936bc0a195575a6cc6f26102f027b001d7b,0.03560451418161392,0.014974137768149376,0.00920844916254282,0.07122093439102173,0.005498177371919155,0.0011682113399729133,0.037548407912254333,0.020127132534980774,0.006540009751915932,0.04914678633213043,0.004908155649900436,0.0006584496004506946,0.035539597272872925,0.014826762489974499,0.009094717912375927,0.07104023545980453,0.004691666923463345,0.0011223939945921302,0.037360817193984985,0.02022142894566059,0.006278982851654291,0.04917041212320328,0.004756235051900148,0.0006798759568482637,0.25,1.0,all_interventions,0.014443215914070606,0.014443215914070606,residual,0.05,7969.0,7791.37939453125,885.0,0.4261445552110672
development,DEV,A2,0.00174441171111539,1.0,23.5511417388916,0.0158575790701434,0.0006563948118127882,8275,6.609425067901611,0.1353912353515625,"[0.0007766358321532607,0.0005929697072133422]",0.6251772046089172,0.15916761755943298,0.15948201715946198,0.15948201715946198,"[{""action_mean_shift"":0.0013956163311377168,""actor_gradient_norm_pre_clip"":10.689413070678711,""behavior_approximate_kl"":0.0006581114139407873,""clip_fraction"":0.0980224609375,""epoch"":1,""minibatch"":1,""moving_forward_kl"":0.0004485539975576103},{""action_mean_shift"":0.0017152936197817326,""actor_gradient_norm_pre_clip"":16.135974884033203,""behavior_approximate_kl"":0.00020454710465855896,""clip_fraction"":0.156494140625,""epoch"":1,""minibatch"":2,""moving_forward_kl"":0.0006619462510570884},{""action_mean_shift"":0.0017229432705789804,""actor_gradient_norm_pre_clip"":21.765214920043945,""behavior_approximate_kl"":0.0006066099740564823,""clip_fraction"":0.14923095703125,""epoch"":1,""minibatch"":3,""moving_forward_kl"":0.0006519219605252147},{""action_mean_shift"":0.0018542385660111904,""actor_gradient_norm_pre_clip"":18.970232009887695,""behavior_approximate_kl"":0.0003685585397761315,""clip_fraction"":0.17462158203125,""epoch"":1,""minibatch"":4,""moving_forward_kl"":0.0007726912153884768},{""action_mean_shift"":0.0018713881727308035,""actor_gradient_norm_pre_clip"":18.215620040893555,""behavior_approximate_kl"":0.00030825083376839757,""clip_fraction"":0.179931640625,""epoch"":2,""minibatch"":1,""moving_forward_kl"":0.0007836453733034432},{""action_mean_shift"":0.0019588812720030546,""actor_gradient_norm_pre_clip"":23.5511417388916,""behavior_approximate_kl"":0.0004743019526358694,""clip_fraction"":0.2000732421875,""epoch"":2,""minibatch"":2,""moving_forward_kl"":0.0008248731028288603},{""action_mean_shift"":0.0017763503128662705,""actor_gradient_norm_pre_clip"":21.402421951293945,""behavior_approximate_kl"":0.0006795299705117941,""clip_fraction"":0.16033935546875,""epoch"":2,""minibatch"":3,""moving_forward_kl"":0.0006847743643447757},{""action_mean_shift"":0.0016605821438133717,""actor_gradient_norm_pre_clip"":16.529556274414062,""behavior_approximate_kl"":0.00036944402381777763,""clip_fraction"":0.1307373046875,""epoch"":2,""minibatch"":4,""moving_forward_kl"":0.000592532625887543}]",0.0005929697072133422,0.373134328358209,7.7611940298507465,-6.326897985899627,0.6268656716417911,5,e64ec03000671e1cf2d1361ec11106cdce298bc1264dc02f934b20c6710ac101,43f3a8b0ab2799be6553e728a4a6caa6755fa85cc61dd9414d28b96afae1df4f,0.038472943007946014,0.016218170523643494,0.010552729479968548,0.07786790281534195,0.00568076316267252,0.0013313819654285908,0.03733300417661667,0.021093197166919708,0.006681709084659815,0.049187276512384415,0.005289650987833738,0.0007851296104490757,0.03860585391521454,0.015961315482854843,0.010060266591608524,0.07772035151720047,0.005343440920114517,0.001232340233400464,0.037254467606544495,0.020748695358633995,0.006408607587218285,0.049253154546022415,0.004907731432467699,0.0007413160637952387,0.25,1.0,all_interventions,0.015459870104677975,0.015459870104677975,residual,0.05,8275.0,8104.74267578125,870.0,0.49024104699492455
development,DEV,A2,0.0015756280772620812,1.0,20.766983032226562,0.014779315562918782,0.0010085985995829105,7856,6.315112590789795,0.145477294921875,"[0.0003652122395578772,0.0006405034800991416]",0.6038766503334045,0.15364818274974823,0.154152512550354,0.154152512550354,"[{""action_mean_shift"":0.0013733308296650648,""actor_gradient_norm_pre_clip"":11.82282829284668,""behavior_approximate_kl"":0.00028650189051404595,""clip_fraction"":0.09832763671875,""epoch"":1,""minibatch"":1,""moving_forward_kl"":0.0004337656428106129},{""action_mean_shift"":0.0017441950039938092,""actor_gradient_norm_pre_clip"":20.766983032226562,""behavior_approximate_kl"":0.0006002358859404922,""clip_fraction"":0.16259765625,""epoch"":1,""minibatch"":2,""moving_forward_kl"":0.0006589171825908124},{""action_mean_shift"":0.001495529431849718,""actor_gradient_norm_pre_clip"":20.637754440307617,""behavior_approximate_kl"":0.0003522747429087758,""clip_fraction"":0.09820556640625,""epoch"":1,""minibatch"":3,""moving_forward_kl"":0.0004771556123159826},{""action_mean_shift"":0.0013135927729308605,""actor_gradient_norm_pre_clip"":15.282443046569824,""behavior_approximate_kl"":0.0008456303621642292,""clip_fraction"":0.05926513671875,""epoch"":1,""minibatch"":4,""moving_forward_kl"":0.0003616559552028775},{""action_mean_shift"":0.0015975174028426409,""actor_gradient_norm_pre_clip"":12.832781791687012,""behavior_approximate_kl"":0.0008117628749459982,""clip_fraction"":0.12109375,""epoch"":2,""minibatch"":1,""moving_forward_kl"":0.0005462188855744898},{""action_mean_shift"":0.0017116591334342957,""actor_gradient_norm_pre_clip"":16.764678955078125,""behavior_approximate_kl"":0.0010803081095218658,""clip_fraction"":0.14678955078125,""epoch"":2,""minibatch"":2,""moving_forward_kl"":0.000622414518147707},{""action_mean_shift"":0.0016465357039123774,""actor_gradient_norm_pre_clip"":19.50168800354004,""behavior_approximate_kl"":0.0010970339644700289,""clip_fraction"":0.13323974609375,""epoch"":2,""minibatch"":3,""moving_forward_kl"":0.0005894155474379659},{""action_mean_shift"":0.0017226643394678831,""actor_gradient_norm_pre_clip"":19.347328186035156,""behavior_approximate_kl"":0.0012949560768902302,""clip_fraction"":0.14862060546875,""epoch"":2,""minibatch"":4,""moving_forward_kl"":0.0006519515300169587}]",0.0006405034800991416,0.26515151515151514,8.227272727272727,-5.1596111113374885,0.7348484848484849,6,930ebec95c2c0fd7dfd873d3c4f3df21d68855c6603559c722d6846136ddc027,e64ec03000671e1cf2d1361ec11106cdce298bc1264dc02f934b20c6710ac101,0.035836175084114075,0.013648726977407932,0.008795545436441898,0.07344385981559753,0.004807155579328537,0.0010533082531765103,0.03761574625968933,0.021013133227825165,0.007391178514808416,0.05015794187784195,0.005076665431261063,0.0009865600150078535,0.03581082075834274,0.013197236694395542,0.008662461303174496,0.07324052602052689,0.004681832157075405,0.0010576921049505472,0.037789490073919296,0.02096882089972496,0.007160279434174299,0.05017447844147682,0.004898455925285816,0.0007725807372480631,0.25,1.0,all_interventions,0.014697645441628993,0.014697645441628993,residual,0.05,7856.0,7689.2890625,865.0,0.40351561456918716
development,DEV,A2,0.0016060438356362283,1.0,22.127689361572266,0.015020475955680013,0.001037436188198626,7935,6.45646858215332,0.1585540771484375,"[0.00048196420539170504,0.0006529923994094133]",0.6049643754959106,0.1537960171699524,0.15433044731616974,0.15433044731616974,"[{""action_mean_shift"":0.0012368366587907076,""actor_gradient_norm_pre_clip"":10.72724723815918,""behavior_approximate_kl"":0.0002977412659674883,""clip_fraction"":0.06805419921875,""epoch"":1,""minibatch"":1,""moving_forward_kl"":0.0003397661494091153},{""action_mean_shift"":0.0017429603030905128,""actor_gradient_norm_pre_clip"":15.353653907775879,""behavior_approximate_kl"":0.0008729092078283429,""clip_fraction"":0.15802001953125,""epoch"":1,""minibatch"":2,""moving_forward_kl"":0.0006454498507082462},{""action_mean_shift"":0.0016126763075590134,""actor_gradient_norm_pre_clip"":22.127689361572266,""behavior_approximate_kl"":0.0006763589335605502,""clip_fraction"":0.12127685546875,""epoch"":1,""minibatch"":3,""moving_forward_kl"":0.0005417081993073225},{""action_mean_shift"":0.0014845547266304493,""actor_gradient_norm_pre_clip"":17.548843383789062,""behavior_approximate_kl"":0.0002609990769997239,""clip_fraction"":0.09588623046875,""epoch"":1,""minibatch"":4,""moving_forward_kl"":0.0004835824074689299},{""action_mean_shift"":0.0016135545447468758,""actor_gradient_norm_pre_clip"":12.707254409790039,""behavior_approximate_kl"":0.0006192049477249384,""clip_fraction"":0.1279296875,""epoch"":2,""minibatch"":1,""moving_forward_kl"":0.000577304046601057},{""action_mean_shift"":0.0016708225011825562,""actor_gradient_norm_pre_clip"":19.223587036132812,""behavior_approximate_kl"":0.0008262692717835307,""clip_fraction"":0.1396484375,""epoch"":2,""minibatch"":2,""moving_forward_kl"":0.000589201576076448},{""action_mean_shift"":0.0017288017552345991,""actor_gradient_norm_pre_clip"":16.1021671295166,""behavior_approximate_kl"":0.0007299855351448059,""clip_fraction"":0.15325927734375,""epoch"":2,""minibatch"":3,""moving_forward_kl"":0.0006417990080080926},{""action_mean_shift"":0.0017581438878551126,""actor_gradient_norm_pre_clip"":21.9575138092041,""behavior_approximate_kl"":0.0011128722690045834,""clip_fraction"":0.1580810546875,""epoch"":2,""minibatch"":4,""moving_forward_kl"":0.0006543962517753243}]",0.0006529923994094133,0.234375,8.2109375,-5.121412590146065,0.765625,7,b74a3eef331e706ebbd00edffdd9d92f70e8a841ae9d815d8636d42f5b04f982,930ebec95c2c0fd7dfd873d3c4f3df21d68855c6603559c722d6846136ddc027,0.035649530589580536,0.014118955470621586,0.008887101896107197,0.07099299877882004,0.004682586062699556,0.0011842886451631784,0.039243221282958984,0.02147662825882435,0.0066788336262106895,0.05211607366800308,0.005545958410948515,0.0007422750350087881,0.0354047492146492,0.01394121628254652,0.008861285634338856,0.07102685421705246,0.0044657220132648945,0.0010850828839465976,0.039329372346401215,0.021312305703759193,0.006529219914227724,0.051913078874349594,0.005113644525408745,0.0007067876867949963,0.25,1.0,all_interventions,0.014805989223532379,0.014805989223532379,residual,0.05,7935.0,7771.654296875,882.0,0.3891149088740349
development,DEV,A2,0.001642530769458972,1.0,24.43546485900879,0.015424150507897139,0.0007891386630944908,8075,6.501610279083252,0.1551513671875,"[0.00040557124884799123,0.0006594512378796935]",0.6099845170974731,0.15489763021469116,0.15566976368427277,0.15566976368427277,"[{""action_mean_shift"":0.0012047011405229568,""actor_gradient_norm_pre_clip"":13.698197364807129,""behavior_approximate_kl"":0.0009004001040011644,""clip_fraction"":0.05877685546875,""epoch"":1,""minibatch"":1,""moving_forward_kl"":0.00032501883106306195},{""action_mean_shift"":0.001761128194630146,""actor_gradient_norm_pre_clip"":15.949405670166016,""behavior_approximate_kl"":0.0007928190752863884,""clip_fraction"":0.16094970703125,""epoch"":1,""minibatch"":2,""moving_forward_kl"":0.0006788366590626538},{""action_mean_shift"":0.0017129206098616123,""actor_gradient_norm_pre_clip"":23.534015655517578,""behavior_approximate_kl"":0.0002871104225050658,""clip_fraction"":0.14501953125,""epoch"":1,""minibatch"":3,""moving_forward_kl"":0.0006295116036199033},{""action_mean_shift"":0.0013930142158642411,""actor_gradient_norm_pre_clip"":20.17411994934082,""behavior_approximate_kl"":0.0003504576161503792,""clip_fraction"":0.07659912109375,""epoch"":1,""minibatch"":4,""moving_forward_kl"":0.00040478259325027466},{""action_mean_shift"":0.0016418062150478363,""actor_gradient_norm_pre_clip"":11.725994110107422,""behavior_approximate_kl"":0.0008056650403887033,""clip_fraction"":0.13665771484375,""epoch"":2,""minibatch"":1,""moving_forward_kl"":0.0005595412803813815},{""action_mean_shift"":0.00175579939968884,""actor_gradient_norm_pre_clip"":18.293970108032227,""behavior_approximate_kl"":0.0005657865549437702,""clip_fraction"":0.154541015625,""epoch"":2,""minibatch"":2,""moving_forward_kl"":0.0006507067009806633},{""action_mean_shift"":0.0019177586073055863,""actor_gradient_norm_pre_clip"":19.350141525268555,""behavior_approximate_kl"":0.0008585234172642231,""clip_fraction"":0.1937255859375,""epoch"":2,""minibatch"":3,""moving_forward_kl"":0.0007871076231822371},{""action_mean_shift"":0.0017531177727505565,""actor_gradient_norm_pre_clip"":24.43546485900879,""behavior_approximate_kl"":0.0007222449639812112,""clip_fraction"":0.152099609375,""epoch"":2,""minibatch"":4,""moving_forward_kl"":0.0006606406532227993}]",0.0006594512378796935,0.3484848484848485,7.962121212121212,-5.955018085060698,0.6515151515151515,8,bd05777a648cd046dc4ccfb4374b4f14303820eae80b2e9c7ab2c597e1b32a97,b74a3eef331e706ebbd00edffdd9d92f70e8a841ae9d815d8636d42f5b04f982,0.03601525351405144,0.014576912857592106,0.010283301584422588,0.07148648798465729,0.0050902883522212505,0.0014037146465852857,0.03961959481239319,0.021585728973150253,0.007124733179807663,0.05044751241803169,0.005161601584404707,0.0009143532370217144,0.03620215877890587,0.014376724138855934,0.010148782283067703,0.07179390639066696,0.004900514148175716,0.0011873057810589671,0.03909127414226532,0.0214756578207016,0.006882411427795887,0.050810836255550385,0.0050406320951879025,0.0007715894025750458,0.25,1.0,all_interventions,0.015044207219034433,0.015044207219034433,residual,0.05,8075.0,7905.8388671875,852.0,0.40601733326911926
development,DEV,A3,0.0046807280741631985,1.0,50.949405670166016,0.04543517716228962,0.002923620631918311,8094,6.5751423835754395,0.3837127685546875,"[0.003560621291399002,0.0019827804062515497]",0.5944595336914062,0.30398863554000854,0.3039989769458771,0.3039989769458771,"[{""action_mean_shift"":0.007441507652401924,""actor_gradient_norm_pre_clip"":11.653801918029785,""behavior_approximate_kl"":0.013605175539851189,""clip_fraction"":0.70526123046875,""epoch"":1,""minibatch"":1,""moving_forward_kl"":0.011864976957440376},{""action_mean_shift"":0.006519628688693047,""actor_gradient_norm_pre_clip"":50.949405670166016,""behavior_approximate_kl"":0.008750950917601585,""clip_fraction"":0.67352294921875,""epoch"":1,""minibatch"":2,""moving_forward_kl"":0.00921769067645073},{""action_mean_shift"":0.005228231195360422,""actor_gradient_norm_pre_clip"":46.567256927490234,""behavior_approximate_kl"":0.0069780508056283,""clip_fraction"":0.59771728515625,""epoch"":1,""minibatch"":3,""moving_forward_kl"":0.006035615224391222},{""action_mean_shift"":0.0040555065497756,""actor_gradient_norm_pre_clip"":34.297088623046875,""behavior_approximate_kl"":0.002938224468380213,""clip_fraction"":0.5059814453125,""epoch"":1,""minibatch"":4,""moving_forward_kl"":0.0035458924248814583},{""action_mean_shift"":0.003937785048037767,""actor_gradient_norm_pre_clip"":29.95309829711914,""behavior_approximate_kl"":0.0031822803430259228,""clip_fraction"":0.49114990234375,""epoch"":2,""minibatch"":1,""moving_forward_kl"":0.003484977874904871},{""action_mean_shift"":0.0039651598781347275,""actor_gradient_norm_pre_clip"":28.776439666748047,""behavior_approximate_kl"":0.0034326654858887196,""clip_fraction"":0.505859375,""epoch"":2,""minibatch"":2,""moving_forward_kl"":0.00342162000015378},{""action_mean_shift"":0.003273006994277239,""actor_gradient_norm_pre_clip"":29.52414894104004,""behavior_approximate_kl"":0.0031029600650072098,""clip_fraction"":0.4222412109375,""epoch"":2,""minibatch"":3,""moving_forward_kl"":0.0022875131107866764},{""action_mean_shift"":0.0030249985866248608,""actor_gradient_norm_pre_clip"":28.172096252441406,""behavior_approximate_kl"":0.002649960806593299,""clip_fraction"":0.384521484375,""epoch"":2,""minibatch"":4,""moving_forward_kl"":0.001976254628971219}]",0.0019827804062515497,0.3153846153846154,7.884615384615385,-5.757679818226741,0.6846153846153846,1,4b7c683c50b45c81f85e36077869250e23d5e3a93b3f4691e137f9645947540d,7afed309902a323a43b47005c01529c84160944bb8cea2c45d000b38b18cc099,0.06976748257875443,0.028019381687045097,0.018186964094638824,0.13826996088027954,0.009098372422158718,0.002242128597572446,0.08019886910915375,0.04374290630221367,0.014228888787329197,0.10268016159534454,0.010382517240941525,0.0016810520319268107,0.06877224892377853,0.02749427780508995,0.017568323761224747,0.13825947046279907,0.008705075830221176,0.002121692756190896,0.07960791885852814,0.04342865198850632,0.013745149597525597,0.10219412297010422,0.010195054113864899,0.0015252107987180352,0.5,1.0,all_interventions,0.03450683830305934,0.03450683830305934,residual,0.05,8094.0,7908.796875,942.0,0.6357095092535019
development,DEV,A3,0.002421192213660106,1.0,28.851905822753906,0.03773150406777859,0.0011684801429510117,8149,6.566478729248047,0.19677734375,"[0.0011886687716469169,0.0008159353164955974]",0.6159416437149048,0.31414198875427246,0.31447654962539673,0.31447654962539673,"[{""action_mean_shift"":0.0025916574522852898,""actor_gradient_norm_pre_clip"":12.091614723205566,""behavior_approximate_kl"":0.0015730428276583552,""clip_fraction"":0.32489013671875,""epoch"":1,""minibatch"":1,""moving_forward_kl"":0.0014595803804695606},{""action_mean_shift"":0.00309972045943141,""actor_gradient_norm_pre_clip"":27.443748474121094,""behavior_approximate_kl"":0.001891442108899355,""clip_fraction"":0.39617919921875,""epoch"":1,""minibatch"":2,""moving_forward_kl"":0.0020660997834056616},{""action_mean_shift"":0.002711338922381401,""actor_gradient_norm_pre_clip"":28.851905822753906,""behavior_approximate_kl"":0.0018271078588441014,""clip_fraction"":0.33367919921875,""epoch"":1,""minibatch"":3,""moving_forward_kl"":0.0015769429737702012},{""action_mean_shift"":0.0023765242658555508,""actor_gradient_norm_pre_clip"":23.338764190673828,""behavior_approximate_kl"":0.001781201222911477,""clip_fraction"":0.28509521484375,""epoch"":1,""minibatch"":4,""moving_forward_kl"":0.001187904505059123},{""action_mean_shift"":0.002146804239600897,""actor_gradient_norm_pre_clip"":17.97678565979004,""behavior_approximate_kl"":0.00126968277618289,""clip_fraction"":0.23895263671875,""epoch"":2,""minibatch"":1,""moving_forward_kl"":0.0009974915301427245},{""action_mean_shift"":0.00222987262532115,""actor_gradient_norm_pre_clip"":18.707660675048828,""behavior_approximate_kl"":0.0011588059132918715,""clip_fraction"":0.247802734375,""epoch"":2,""minibatch"":2,""moving_forward_kl"":0.001083579147234559},{""action_mean_shift"":0.002260924084112048,""actor_gradient_norm_pre_clip"":20.343175888061523,""behavior_approximate_kl"":0.0010870341211557388,""clip_fraction"":0.25457763671875,""epoch"":2,""minibatch"":3,""moving_forward_kl"":0.0010990225709974766},{""action_mean_shift"":0.0019526956602931023,""actor_gradient_norm_pre_clip"":20.889305114746094,""behavior_approximate_kl"":0.0007545812986791134,""clip_fraction"":0.19500732421875,""epoch"":2,""minibatch"":4,""moving_forward_kl"":0.0008135179523378611}]",0.0008159353164955974,0.3153846153846154,8.115384615384615,-6.63123201406919,0.6846153846153846,2,70d165c602d6c6d64f78411a1f181eb22da434925e93f3943ea04943989c12ea,4b7c683c50b45c81f85e36077869250e23d5e3a93b3f4691e137f9645947540d,0.07562121003866196,0.03047957643866539,0.019111715257167816,0.14982254803180695,0.01040263194590807,0.0026862008962780237,0.07778611779212952,0.04175730422139168,0.014351880177855492,0.09927079826593399,0.010473339818418026,0.001527335844002664,0.07537432014942169,0.030232537537813187,0.018938647583127022,0.1500355452299118,0.00999416597187519,0.0023114250507205725,0.07786490023136139,0.04154230281710625,0.013798914849758148,0.09892148524522781,0.009996546432375908,0.001528622698970139,0.5,0.9999999403953552,all_interventions,0.03591567324474454,0.03591567324474454,residual,0.05,8149.0,7975.75341796875,904.0,0.6324157863855362
development,DEV,A3,0.001676525324000977,1.0,21.21211051940918,0.03410620545037091,0.0005611570086330175,7877,6.383306503295898,0.1762237548828125,"[0.0005297495517879725,0.0007601849501952529]",0.587114155292511,0.2998085916042328,0.3000994622707367,0.3000994622707367,"[{""action_mean_shift"":0.0015432194340974092,""actor_gradient_norm_pre_clip"":11.04463005065918,""behavior_approximate_kl"":0.0009974782587960362,""clip_fraction"":0.1263427734375,""epoch"":1,""minibatch"":1,""moving_forward_kl"":0.0005191279342398047},{""action_mean_shift"":0.0016439825994893909,""actor_gradient_norm_pre_clip"":21.21211051940918,""behavior_approximate_kl"":0.0005589656066149473,""clip_fraction"":0.13555908203125,""epoch"":1,""minibatch"":2,""moving_forward_kl"":0.0005769478157162666},{""action_mean_shift"":0.001727507682517171,""actor_gradient_norm_pre_clip"":16.329856872558594,""behavior_approximate_kl"":0.00013271693023853004,""clip_fraction"":0.1512451171875,""epoch"":1,""minibatch"":3,""moving_forward_kl"":0.0006354821380227804},{""action_mean_shift"":0.001572800101712346,""actor_gradient_norm_pre_clip"":20.91455078125,""behavior_approximate_kl"":0.0007899489719420671,""clip_fraction"":0.1182861328125,""epoch"":1,""minibatch"":4,""moving_forward_kl"":0.0005274434224702418},{""action_mean_shift"":0.0016418446321040392,""actor_gradient_norm_pre_clip"":14.819440841674805,""behavior_approximate_kl"":0.0008414838230237365,""clip_fraction"":0.13409423828125,""epoch"":2,""minibatch"":1,""moving_forward_kl"":0.0005885891732759774},{""action_mean_shift"":0.001726506045088172,""actor_gradient_norm_pre_clip"":18.61452865600586,""behavior_approximate_kl"":0.0007606921717524529,""clip_fraction"":0.14630126953125,""epoch"":2,""minibatch"":2,""moving_forward_kl"":0.0006360731786116958},{""action_mean_shift"":0.0017056118231266737,""actor_gradient_norm_pre_clip"":19.278905868530273,""behavior_approximate_kl"":0.0009184376103803515,""clip_fraction"":0.144287109375,""epoch"":2,""minibatch"":3,""moving_forward_kl"":0.0006273937178775668},{""action_mean_shift"":0.001850730273872614,""actor_gradient_norm_pre_clip"":18.921573638916016,""behavior_approximate_kl"":0.00045693403808400035,""clip_fraction"":0.17767333984375,""epoch"":2,""minibatch"":4,""moving_forward_kl"":0.0007592702750116587}]",0.0007601849501952529,0.30708661417322836,8.039370078740157,-5.692955319337019,0.6929133858267716,3,ae49ba98e953c0703616dafeae1294e03849097a231c24a92dbda13154b9c85e,70d165c602d6c6d64f78411a1f181eb22da434925e93f3943ea04943989c12ea,0.07305659353733063,0.027477530762553215,0.01740455813705921,0.1463630050420761,0.01001392025500536,0.0021367145236581564,0.07161202281713486,0.03829507529735565,0.012765777297317982,0.0948684886097908,0.009261618368327618,0.0014798095216974616,0.07286868244409561,0.02748904936015606,0.017399625852704048,0.1464008092880249,0.009443288668990135,0.0021349566522985697,0.0717369019985199,0.03807079792022705,0.012594222091138363,0.094682477414608,0.008999893441796303,0.00137240975163877,0.5,1.0,all_interventions,0.033688475377857685,0.033688475377857685,residual,0.05,7877.0,7700.5244140625,898.0,0.41041118279099464
development,DEV,A3,0.0018206007516710088,1.0,27.20507049560547,0.0348004293628037,0.0010306807234883308,7989,6.340476036071777,0.1870880126953125,"[0.0007659925613552332,0.0007828084635548294]",0.5922853350639343,0.3014276623725891,0.3021877408027649,0.3021877408027649,"[{""action_mean_shift"":0.0016441841144114733,""actor_gradient_norm_pre_clip"":11.325419425964355,""behavior_approximate_kl"":0.0005068415775895119,""clip_fraction"":0.14349365234375,""epoch"":1,""minibatch"":1,""moving_forward_kl"":0.0006480193114839494},{""action_mean_shift"":0.00195895042270422,""actor_gradient_norm_pre_clip"":25.430477142333984,""behavior_approximate_kl"":0.0010985438711941242,""clip_fraction"":0.19866943359375,""epoch"":1,""minibatch"":2,""moving_forward_kl"":0.0008331795688718557},{""action_mean_shift"":0.0015456664841622114,""actor_gradient_norm_pre_clip"":24.53525733947754,""behavior_approximate_kl"":0.0008527616737410426,""clip_fraction"":0.11004638671875,""epoch"":1,""minibatch"":3,""moving_forward_kl"":0.000525771058164537},{""action_mean_shift"":0.0018588574603199959,""actor_gradient_norm_pre_clip"":17.02324867248535,""behavior_approximate_kl"":0.0008124092710204422,""clip_fraction"":0.1748046875,""epoch"":1,""minibatch"":4,""moving_forward_kl"":0.0007684266893193126},{""action_mean_shift"":0.0019014200661331415,""actor_gradient_norm_pre_clip"":24.658475875854492,""behavior_approximate_kl"":0.0013133033644407988,""clip_fraction"":0.18505859375,""epoch"":2,""minibatch"":1,""moving_forward_kl"":0.0007736611878499389},{""action_mean_shift"":0.0017579374834895134,""actor_gradient_norm_pre_clip"":23.138357162475586,""behavior_approximate_kl"":0.0008557819528505206,""clip_fraction"":0.15228271484375,""epoch"":2,""minibatch"":2,""moving_forward_kl"":0.0006586828967556357},{""action_mean_shift"":0.001997174695134163,""actor_gradient_norm_pre_clip"":19.16339683532715,""behavior_approximate_kl"":0.0012866207398474216,""clip_fraction"":0.2025146484375,""epoch"":2,""minibatch"":3,""moving_forward_kl"":0.0008691864786669612},{""action_mean_shift"":0.001900615287013352,""actor_gradient_norm_pre_clip"":27.20507049560547,""behavior_approximate_kl"":0.0009679403156042099,""clip_fraction"":0.18487548828125,""epoch"":2,""minibatch"":4,""moving_forward_kl"":0.0007859303150326014}]",0.0007828084635548294,0.33076923076923076,8.323076923076924,-6.181277205393864,0.6692307692307692,4,9b9bbac57b1c512c7b3a699023749fb94a3dec3e7a55bfb354e2d0f8f03bed71,ae49ba98e953c0703616dafeae1294e03849097a231c24a92dbda13154b9c85e,0.07017622888088226,0.02735792100429535,0.017117418348789215,0.1412830650806427,0.009342706762254238,0.002118593780323863,0.07707726955413818,0.04047854617238045,0.013222903944551945,0.10000600665807724,0.01006188616156578,0.0014684108318760991,0.07001138478517532,0.027027470991015434,0.016692597419023514,0.1415075659751892,0.008978744968771935,0.002034527948126197,0.07691032439470291,0.040391676127910614,0.01312251202762127,0.10011313855648041,0.009999792091548443,0.0014314628206193447,0.5,1.0,all_interventions,0.03410936938598752,0.03410936938598752,residual,0.05,7989.0,7824.580078125,878.0,0.4430594742298126
development,DEV,A3,0.0016705307207303122,1.0,19.103818893432617,0.03650682419538498,0.0010349922813475132,7836,6.278846263885498,0.156402587890625,"[0.0006837394321337342,0.0006685795960947871]",0.6202161312103271,0.3167712986469269,0.3171245753765106,0.3171245753765106,"[{""action_mean_shift"":0.0013158184010535479,""actor_gradient_norm_pre_clip"":9.737390518188477,""behavior_approximate_kl"":0.00042429554741829634,""clip_fraction"":0.07891845703125,""epoch"":1,""minibatch"":1,""moving_forward_kl"":0.000390231900382787},{""action_mean_shift"":0.0016035110456869006,""actor_gradient_norm_pre_clip"":18.866199493408203,""behavior_approximate_kl"":0.0001300809672102332,""clip_fraction"":0.1314697265625,""epoch"":1,""minibatch"":2,""moving_forward_kl"":0.0005706457304768264},{""action_mean_shift"":0.0016653996426612139,""actor_gradient_norm_pre_clip"":17.51811408996582,""behavior_approximate_kl"":0.0005389695288613439,""clip_fraction"":0.1383056640625,""epoch"":1,""minibatch"":3,""moving_forward_kl"":0.000603634282015264},{""action_mean_shift"":0.00174714217428118,""actor_gradient_norm_pre_clip"":13.2330322265625,""behavior_approximate_kl"":0.000915196374990046,""clip_fraction"":0.158447265625,""epoch"":1,""minibatch"":4,""moving_forward_kl"":0.0006855858955532312},{""action_mean_shift"":0.0015405076555907726,""actor_gradient_norm_pre_clip"":15.447111129760742,""behavior_approximate_kl"":0.0007439986802637577,""clip_fraction"":0.1124267578125,""epoch"":2,""minibatch"":1,""moving_forward_kl"":0.0005070401821285486},{""action_mean_shift"":0.0019011913100257516,""actor_gradient_norm_pre_clip"":13.981890678405762,""behavior_approximate_kl"":0.0009734388440847397,""clip_fraction"":0.187255859375,""epoch"":2,""minibatch"":2,""moving_forward_kl"":0.0007985923439264297},{""action_mean_shift"":0.0018172278068959713,""actor_gradient_norm_pre_clip"":19.103818893432617,""behavior_approximate_kl"":0.0007333509856835008,""clip_fraction"":0.1646728515625,""epoch"":2,""minibatch"":3,""moving_forward_kl"":0.0007121497765183449},{""action_mean_shift"":0.0017734477296471596,""actor_gradient_norm_pre_clip"":15.813400268554688,""behavior_approximate_kl"":0.0007298182463273406,""clip_fraction"":0.15289306640625,""epoch"":2,""minibatch"":4,""moving_forward_kl"":0.000666246865876019}]",0.0006685795960947871,0.28346456692913385,7.960629921259843,-5.750870034450621,0.7165354330708661,5,60104f232346cbac8fa265b4b774d32117178d9877b480f5f7b3884deb64cde7,9b9bbac57b1c512c7b3a699023749fb94a3dec3e7a55bfb354e2d0f8f03bed71,0.07716434448957443,0.03545171022415161,0.023107318207621574,0.15269818902015686,0.010140360333025455,0.002946761902421713,0.0742466002702713,0.03912869840860367,0.01279622595757246,0.09659834951162338,0.00975231733173132,0.0016637396765872836,0.07724522054195404,0.03566316142678261,0.023205215111374855,0.15246693789958954,0.01024039275944233,0.002727274317294359,0.07411199808120728,0.03922858461737633,0.012651332654058933,0.09646501392126083,0.00940672680735588,0.0013663150602951646,0.5,1.0,all_interventions,0.03627488575875759,0.03627488575875759,residual,0.05,7836.0,7658.55224609375,900.0,0.7427978068590164
development,DEV,A3,0.0018213800503872335,1.0,27.32732582092285,0.03468305803835392,0.0007799426093697548,7893,6.244462013244629,0.13226318359375,"[0.0007035586750134826,0.0005903152050450444]",0.591834306716919,0.30226626992225647,0.30292555689811707,0.30292555689811707,"[{""action_mean_shift"":0.0016285659512504935,""actor_gradient_norm_pre_clip"":11.964340209960938,""behavior_approximate_kl"":0.000900816754437983,""clip_fraction"":0.141357421875,""epoch"":1,""minibatch"":1,""moving_forward_kl"":0.0006174702430143952},{""action_mean_shift"":0.0020889458246529102,""actor_gradient_norm_pre_clip"":21.580303192138672,""behavior_approximate_kl"":0.000849227886646986,""clip_fraction"":0.22930908203125,""epoch"":1,""minibatch"":2,""moving_forward_kl"":0.0009330756147392094},{""action_mean_shift"":0.0018250098219141364,""actor_gradient_norm_pre_clip"":27.32732582092285,""behavior_approximate_kl"":0.0012818523682653904,""clip_fraction"":0.17449951171875,""epoch"":1,""minibatch"":3,""moving_forward_kl"":0.0007169456221163273},{""action_mean_shift"":0.0017907650908455253,""actor_gradient_norm_pre_clip"":19.80202293395996,""behavior_approximate_kl"":0.0006855451501905918,""clip_fraction"":0.1571044921875,""epoch"":1,""minibatch"":4,""moving_forward_kl"":0.0006988179520703852},{""action_mean_shift"":0.001705954666249454,""actor_gradient_norm_pre_clip"":19.23119354248047,""behavior_approximate_kl"":0.001285304082557559,""clip_fraction"":0.14105224609375,""epoch"":2,""minibatch"":1,""moving_forward_kl"":0.0006155810551717877},{""action_mean_shift"":0.0019296372774988413,""actor_gradient_norm_pre_clip"":18.561344146728516,""behavior_approximate_kl"":0.0009328295709565282,""clip_fraction"":0.18853759765625,""epoch"":2,""minibatch"":2,""moving_forward_kl"":0.0008000098168849945},{""action_mean_shift"":0.0019479328766465187,""actor_gradient_norm_pre_clip"":20.21525764465332,""behavior_approximate_kl"":0.0008690760587342083,""clip_fraction"":0.193115234375,""epoch"":2,""minibatch"":3,""moving_forward_kl"":0.0008231906103901565},{""action_mean_shift"":0.0016542288940399885,""actor_gradient_norm_pre_clip"":21.33454132080078,""behavior_approximate_kl"":0.0004085322725586593,""clip_fraction"":0.12939453125,""epoch"":2,""minibatch"":4,""moving_forward_kl"":0.0005880514509044588}]",0.0005903152050450444,0.2619047619047619,8.261904761904763,-4.942453484686594,0.7380952380952381,6,3e03c86b8964a6d298e19b400c89509d822821a6d57cee5c8ae10a2dc69e90b0,60104f232346cbac8fa265b4b774d32117178d9877b480f5f7b3884deb64cde7,0.0733669251203537,0.02577848918735981,0.01796996034681797,0.14371763169765472,0.009350844658911228,0.002152248052880168,0.07581271976232529,0.03942865878343582,0.01308723445981741,0.09810356795787811,0.00982239656150341,0.0016618100926280022,0.07339867949485779,0.025658009573817253,0.01768198423087597,0.14401255548000336,0.009344721212983131,0.002131999935954809,0.07558981329202652,0.03910926356911659,0.013011101633310318,0.0980820432305336,0.00951750110834837,0.0014004622353240848,0.5,0.9999999403953552,all_interventions,0.03415997792035341,0.03415997792035341,residual,0.05,7893.0,7705.083984375,876.0,0.41606828570365906
development,DEV,A3,0.001710728494799696,1.0,27.12933921813965,0.034354618983343244,0.0009693022584542632,7801,6.306386470794678,0.1672821044921875,"[0.0007274755043908954,0.0006957483710721135]",0.5881397724151611,0.30000290274620056,0.3002225458621979,0.3002225458621979,"[{""action_mean_shift"":0.001521041034720838,""actor_gradient_norm_pre_clip"":11.581282615661621,""behavior_approximate_kl"":0.00040100503247231245,""clip_fraction"":0.12109375,""epoch"":1,""minibatch"":1,""moving_forward_kl"":0.0005079263355582952},{""action_mean_shift"":0.001891842344775796,""actor_gradient_norm_pre_clip"":25.903112411499023,""behavior_approximate_kl"":0.0008457086514681578,""clip_fraction"":0.1898193359375,""epoch"":1,""minibatch"":2,""moving_forward_kl"":0.0007612953777424991},{""action_mean_shift"":0.0016507655382156372,""actor_gradient_norm_pre_clip"":27.12933921813965,""behavior_approximate_kl"":0.0007128879660740495,""clip_fraction"":0.1380615234375,""epoch"":1,""minibatch"":3,""moving_forward_kl"":0.0005775491008535028},{""action_mean_shift"":0.0018434661906212568,""actor_gradient_norm_pre_clip"":23.084257125854492,""behavior_approximate_kl"":0.0013331458903849125,""clip_fraction"":0.17266845703125,""epoch"":1,""minibatch"":4,""moving_forward_kl"":0.0007331361994147301},{""action_mean_shift"":0.0017883446998894215,""actor_gradient_norm_pre_clip"":22.47939682006836,""behavior_approximate_kl"":0.0012604655930772424,""clip_fraction"":0.16583251953125,""epoch"":2,""minibatch"":1,""moving_forward_kl"":0.000667120679281652},{""action_mean_shift"":0.0016348253702744842,""actor_gradient_norm_pre_clip"":20.517436981201172,""behavior_approximate_kl"":0.0008522913558408618,""clip_fraction"":0.1258544921875,""epoch"":2,""minibatch"":2,""moving_forward_kl"":0.0005637216963805258},{""action_mean_shift"":0.0015488192439079285,""actor_gradient_norm_pre_clip"":20.914859771728516,""behavior_approximate_kl"":0.0005511159542948008,""clip_fraction"":0.1180419921875,""epoch"":2,""minibatch"":3,""moving_forward_kl"":0.000518216285854578},{""action_mean_shift"":0.0018067235359922051,""actor_gradient_norm_pre_clip"":18.276378631591797,""behavior_approximate_kl"":0.0008185318438336253,""clip_fraction"":0.16546630859375,""epoch"":2,""minibatch"":4,""moving_forward_kl"":0.000695530092343688}]",0.0006957483710721135,0.21705426356589147,8.372093023255815,-4.77148762784263,0.7829457364341085,7,b586eafe3eb450a3aab8faca1b6d72989c907159e8e9782a968a1b28f363a184,3e03c86b8964a6d298e19b400c89509d822821a6d57cee5c8ae10a2dc69e90b0,0.07009757310152054,0.029011240229010582,0.018674954771995544,0.14283518493175507,0.01001120638102293,0.0022876348812133074,0.07392682880163193,0.04074406996369362,0.013020351529121399,0.09736284613609314,0.009583299979567528,0.0014889801386743784,0.06987403333187103,0.028523661196231842,0.01837071217596531,0.14307208359241486,0.009384202770888805,0.0022785416804254055,0.07358863949775696,0.040311310440301895,0.012584389187395573,0.09695594012737274,0.009380064904689789,0.001361483009532094,0.5,1.0,all_interventions,0.033912232145667076,0.033912232145667076,residual,0.05,7801.0,7636.5927734375,880.0,0.37310832366347313
development,DEV,A3,0.0017318727332167327,1.0,21.08952522277832,0.03981493995524943,0.0007968812133185565,7887,6.454173564910889,0.1417694091796875,"[0.0007232703501358628,0.0006191631546244025]",0.664289116859436,0.3374767303466797,0.3380454182624817,0.3380454182624817,"[{""action_mean_shift"":0.0013084553647786379,""actor_gradient_norm_pre_clip"":12.788516998291016,""behavior_approximate_kl"":0.0006407529581338167,""clip_fraction"":0.072998046875,""epoch"":1,""minibatch"":1,""moving_forward_kl"":0.00037835631519556046},{""action_mean_shift"":0.0018601524643599987,""actor_gradient_norm_pre_clip"":14.716106414794922,""behavior_approximate_kl"":0.0012408244656398892,""clip_fraction"":0.1839599609375,""epoch"":1,""minibatch"":2,""moving_forward_kl"":0.0007573458133265376},{""action_mean_shift"":0.0017088771564885974,""actor_gradient_norm_pre_clip"":21.08952522277832,""behavior_approximate_kl"":0.0005608497885987163,""clip_fraction"":0.14288330078125,""epoch"":1,""minibatch"":3,""moving_forward_kl"":0.0006315604550763965},{""action_mean_shift"":0.001838195719756186,""actor_gradient_norm_pre_clip"":17.639698028564453,""behavior_approximate_kl"":0.0008391767623834312,""clip_fraction"":0.178466796875,""epoch"":1,""minibatch"":4,""moving_forward_kl"":0.0007197123486548662},{""action_mean_shift"":0.001915221568197012,""actor_gradient_norm_pre_clip"":15.375752449035645,""behavior_approximate_kl"":0.00072176952380687,""clip_fraction"":0.19183349609375,""epoch"":2,""minibatch"":1,""moving_forward_kl"":0.0007838737219572067},{""action_mean_shift"":0.001816953532397747,""actor_gradient_norm_pre_clip"":14.705211639404297,""behavior_approximate_kl"":0.0008323891088366508,""clip_fraction"":0.16607666015625,""epoch"":2,""minibatch"":2,""moving_forward_kl"":0.0007170399185270071},{""action_mean_shift"":0.0017212778329849243,""actor_gradient_norm_pre_clip"":16.652448654174805,""behavior_approximate_kl"":0.0009188426192849874,""clip_fraction"":0.1473388671875,""epoch"":2,""minibatch"":3,""moving_forward_kl"":0.000634986674413085},{""action_mean_shift"":0.0016858482267707586,""actor_gradient_norm_pre_clip"":13.551667213439941,""behavior_approximate_kl"":0.0008202095632441342,""clip_fraction"":0.14300537109375,""epoch"":2,""minibatch"":4,""moving_forward_kl"":0.0006141313933767378}]",0.0006191631546244025,0.25196850393700787,8.283464566929133,-6.7003281172804945,0.7480314960629921,8,c8b287d094fc21d597a450132043bc57db721bc90f49f5ebb6b5e827167ccf05,b586eafe3eb450a3aab8faca1b6d72989c907159e8e9782a968a1b28f363a184,0.08499833196401596,0.04769374802708626,0.031832173466682434,0.1634015589952469,0.01140011940151453,0.003939372021704912,0.07372910529375076,0.039973244071006775,0.012847045436501503,0.09761321544647217,0.010017018765211105,0.0015739606460556388,0.0848347619175911,0.047415684908628464,0.03169647604227066,0.16371849179267883,0.01153514999896288,0.0037937460001558065,0.07371853291988373,0.03970373794436455,0.012741194106638432,0.09767326712608337,0.009637506678700447,0.0013852802803739905,0.5,1.0,all_interventions,0.03971670428290963,0.03971670428290963,residual,0.05,7887.0,7745.6640625,865.0,1.0057387128472328
development,DEV,A4,0.004972633789293468,1.0,55.628944396972656,0.0914893988519907,0.0033199982717633247,8054,6.438049793243408,0.4337615966796875,"[0.005462312605232,0.0025300756096839905]",0.6232959628105164,0.6361755132675171,0.6356127262115479,0.6356127262115479,"[{""action_mean_shift"":0.008004294708371162,""actor_gradient_norm_pre_clip"":10.83437728881836,""behavior_approximate_kl"":0.015713687986135483,""clip_fraction"":0.7164306640625,""epoch"":1,""minibatch"":1,""moving_forward_kl"":0.01423061266541481},{""action_mean_shift"":0.006115446798503399,""actor_gradient_norm_pre_clip"":55.628944396972656,""behavior_approximate_kl"":0.00832878053188324,""clip_fraction"":0.66436767578125,""epoch"":1,""minibatch"":2,""moving_forward_kl"":0.007943546399474144},{""action_mean_shift"":0.005425045266747475,""actor_gradient_norm_pre_clip"":42.550079345703125,""behavior_approximate_kl"":0.00628876406699419,""clip_fraction"":0.62005615234375,""epoch"":1,""minibatch"":3,""moving_forward_kl"":0.00637018121778965},{""action_mean_shift"":0.0049176751635968685,""actor_gradient_norm_pre_clip"":38.53606033325195,""behavior_approximate_kl"":0.004478161688894033,""clip_fraction"":0.58404541015625,""epoch"":1,""minibatch"":4,""moving_forward_kl"":0.00542766647413373},{""action_mean_shift"":0.004399126395583153,""actor_gradient_norm_pre_clip"":35.05571365356445,""behavior_approximate_kl"":0.005478832870721817,""clip_fraction"":0.53668212890625,""epoch"":2,""minibatch"":1,""moving_forward_kl"":0.004322287160903215},{""action_mean_shift"":0.003967890050262213,""actor_gradient_norm_pre_clip"":36.875553131103516,""behavior_approximate_kl"":0.003878101473674178,""clip_fraction"":0.50189208984375,""epoch"":2,""minibatch"":2,""moving_forward_kl"":0.0034767179749906063},{""action_mean_shift"":0.003576196264475584,""actor_gradient_norm_pre_clip"":34.391387939453125,""behavior_approximate_kl"":0.004422890953719616,""clip_fraction"":0.45477294921875,""epoch"":2,""minibatch"":3,""moving_forward_kl"":0.0028680346440523863},{""action_mean_shift"":0.00337539566680789,""actor_gradient_norm_pre_clip"":29.558950424194336,""behavior_approximate_kl"":0.0026739616878330708,""clip_fraction"":0.43377685546875,""epoch"":2,""minibatch"":4,""moving_forward_kl"":0.0025332430377602577}]",0.0025300756096839905,0.2846153846153846,8.0,-5.696278419861427,0.7153846153846154,1,adda7a66e994f8cd26f27354b44f967a4b73fba2355e11187f6c3c9982e5c2ac,7afed309902a323a43b47005c01529c84160944bb8cea2c45d000b38b18cc099,0.1531134843826294,0.06460198014974594,0.037780456244945526,0.3019278347492218,0.022072574123740196,0.004794573877006769,0.15610627830028534,0.08013632893562317,0.02807561680674553,0.2007398158311844,0.020101552829146385,0.00365808024071157,0.15299582481384277,0.06409003585577011,0.037558574229478836,0.3005574643611908,0.021685432642698288,0.00459430692717433,0.15511904656887054,0.08055554330348969,0.027925368398427963,0.2004353106021881,0.019970281049609184,0.0032580625265836716,1.0,0.9999999403953552,all_interventions,0.0794712109491229,0.0794712109491229,residual,0.05,8054.0,7894.0986328125,891.0,0.6822075769305229
development,DEV,A4,0.0023638101120013744,1.0,32.12883377075195,0.08079301193356514,0.0010073245503008366,7899,6.254156589508057,0.2099456787109375,"[0.001127572264522314,0.0009006630862131715]",0.6153897643089294,0.6279686093330383,0.6287163496017456,0.6287163496017456,"[{""action_mean_shift"":0.0024870485067367554,""actor_gradient_norm_pre_clip"":11.220772743225098,""behavior_approximate_kl"":0.0012971570249646902,""clip_fraction"":0.30377197265625,""epoch"":1,""minibatch"":1,""moving_forward_kl"":0.0013310045469552279},{""action_mean_shift"":0.002788899000734091,""actor_gradient_norm_pre_clip"":32.12883377075195,""behavior_approximate_kl"":0.0018780343234539032,""clip_fraction"":0.3499755859375,""epoch"":1,""minibatch"":2,""moving_forward_kl"":0.0017037088982760906},{""action_mean_shift"":0.0023192833177745342,""actor_gradient_norm_pre_clip"":27.47694969177246,""behavior_approximate_kl"":0.0018149149836972356,""clip_fraction"":0.26611328125,""epoch"":1,""minibatch"":3,""moving_forward_kl"":0.0011675329878926277},{""action_mean_shift"":0.0022649846505373716,""actor_gradient_norm_pre_clip"":21.001741409301758,""behavior_approximate_kl"":0.0008876645588316023,""clip_fraction"":0.2509765625,""epoch"":1,""minibatch"":4,""moving_forward_kl"":0.0011276714503765106},{""action_mean_shift"":0.0024633794091641903,""actor_gradient_norm_pre_clip"":23.503175735473633,""behavior_approximate_kl"":0.0011934147914871573,""clip_fraction"":0.30230712890625,""epoch"":2,""minibatch"":1,""moving_forward_kl"":0.0012973551638424397},{""action_mean_shift"":0.002424068283289671,""actor_gradient_norm_pre_clip"":27.40522003173828,""behavior_approximate_kl"":0.0017848268616944551,""clip_fraction"":0.29248046875,""epoch"":2,""minibatch"":2,""moving_forward_kl"":0.0012387953465804458},{""action_mean_shift"":0.0021432270295917988,""actor_gradient_norm_pre_clip"":24.053844451904297,""behavior_approximate_kl"":0.0009734865743666887,""clip_fraction"":0.23480224609375,""epoch"":2,""minibatch"":3,""moving_forward_kl"":0.0009761442197486758},{""action_mean_shift"":0.002019590698182583,""actor_gradient_norm_pre_clip"":23.37933349609375,""behavior_approximate_kl"":0.0011210956145077944,""clip_fraction"":0.211669921875,""epoch"":2,""minibatch"":4,""moving_forward_kl"":0.0009010431822389364}]",0.0009006630862131715,0.2558139534883721,8.348837209302326,-5.191494182098744,0.7441860465116279,2,4b53e85f4fcbe7c314096de5cf9c862b6c138904d31038ab32f8a9e895458a5d,adda7a66e994f8cd26f27354b44f967a4b73fba2355e11187f6c3c9982e5c2ac,0.14883427321910858,0.05355742573738098,0.035824790596961975,0.29875943064689636,0.02051536738872528,0.004218103364109993,0.1567101627588272,0.08762458711862564,0.03103916347026825,0.2007056176662445,0.020435243844985962,0.0034862912725657225,0.14920677244663239,0.053593624383211136,0.035843703895807266,0.298956036567688,0.02003507874906063,0.004380717873573303,0.15635469555854797,0.08721879124641418,0.030741583555936813,0.200211763381958,0.02036665938794613,0.0034401232842355967,1.0,1.0,all_interventions,0.07884202431887388,0.07884202431887388,residual,0.05,7899.0,7726.900390625,865.0,0.5687994360923767
development,DEV,A4,0.0019757782574743032,1.0,31.945894241333008,0.07600051909685135,0.0008655101992189884,7790,6.23199987411499,0.1261444091796875,"[0.0007849285611882806,0.0005641158204525709]",0.5928788781166077,0.6066222190856934,0.6067025065422058,0.6067025065422058,"[{""action_mean_shift"":0.0019295845413580537,""actor_gradient_norm_pre_clip"":10.27530288696289,""behavior_approximate_kl"":0.0008857283974066377,""clip_fraction"":0.1942138671875,""epoch"":1,""minibatch"":1,""moving_forward_kl"":0.0007898395997472107},{""action_mean_shift"":0.002581674139946699,""actor_gradient_norm_pre_clip"":26.38694953918457,""behavior_approximate_kl"":0.0011156246764585376,""clip_fraction"":0.33062744140625,""epoch"":1,""minibatch"":2,""moving_forward_kl"":0.0013823870103806257},{""action_mean_shift"":0.0022396373096853495,""actor_gradient_norm_pre_clip"":31.945894241333008,""behavior_approximate_kl"":0.0010716140968725085,""clip_fraction"":0.25274658203125,""epoch"":1,""minibatch"":3,""moving_forward_kl"":0.0010499395430088043},{""action_mean_shift"":0.0018363390117883682,""actor_gradient_norm_pre_clip"":25.577617645263672,""behavior_approximate_kl"":0.0012150979600846767,""clip_fraction"":0.1639404296875,""epoch"":1,""minibatch"":4,""moving_forward_kl"":0.0007890727138146758},{""action_mean_shift"":0.0017933840863406658,""actor_gradient_norm_pre_clip"":16.829727172851562,""behavior_approximate_kl"":0.0009371038759127259,""clip_fraction"":0.16583251953125,""epoch"":2,""minibatch"":1,""moving_forward_kl"":0.0007023169309832156},{""action_mean_shift"":0.0019167882855981588,""actor_gradient_norm_pre_clip"":17.602388381958008,""behavior_approximate_kl"":0.001029656152240932,""clip_fraction"":0.190185546875,""epoch"":2,""minibatch"":2,""moving_forward_kl"":0.0007956044864840806},{""action_mean_shift"":0.0018881289288401604,""actor_gradient_norm_pre_clip"":20.436511993408203,""behavior_approximate_kl"":0.0010717266704887152,""clip_fraction"":0.18438720703125,""epoch"":2,""minibatch"":3,""moving_forward_kl"":0.0007510344148613513},{""action_mean_shift"":0.0016206897562369704,""actor_gradient_norm_pre_clip"":22.057071685791016,""behavior_approximate_kl"":0.000845006201416254,""clip_fraction"":0.1259765625,""epoch"":2,""minibatch"":4,""moving_forward_kl"":0.0005635022534988821}]",0.0005641158204525709,0.2932330827067669,7.917293233082707,-5.039673278206273,0.706766917293233,3,98469a2fe60888404c569436175a9a7e8e441d888ec66184c458bf6b710b0a92,4b53e85f4fcbe7c314096de5cf9c862b6c138904d31038ab32f8a9e895458a5d,0.14482766389846802,0.04871716350317001,0.0316460095345974,0.2935052812099457,0.019446030259132385,0.004048062022775412,0.15163813531398773,0.07920903712511063,0.023859785869717598,0.1973530352115631,0.019789811223745346,0.0028893188573420048,0.14497792720794678,0.04848440736532211,0.03171372413635254,0.2932356595993042,0.019124938175082207,0.0038905504625290632,0.1516408920288086,0.07904031127691269,0.02376660332083702,0.19698934257030487,0.01948435604572296,0.0025681015104055405,1.0,1.0,all_interventions,0.07509902771562338,0.07509902771562338,residual,0.05,7790.0,7607.720703125,880.0,0.4637029431760311
development,DEV,A4,0.001620193841517903,1.0,21.197097778320312,0.07421800307929516,0.0007955863839015365,7718,6.31587553024292,0.12725830078125,"[0.0005906062433496118,0.0005665764329023659]",0.5854527950286865,0.5983358025550842,0.5990027189254761,0.5990027189254761,"[{""action_mean_shift"":0.0011659737210720778,""actor_gradient_norm_pre_clip"":11.681713104248047,""behavior_approximate_kl"":0.0002242900081910193,""clip_fraction"":0.0439453125,""epoch"":1,""minibatch"":1,""moving_forward_kl"":0.00028530010604299605},{""action_mean_shift"":0.001728939707390964,""actor_gradient_norm_pre_clip"":14.539255142211914,""behavior_approximate_kl"":0.0007583124097436666,""clip_fraction"":0.156494140625,""epoch"":1,""minibatch"":2,""moving_forward_kl"":0.0006282931426540017},{""action_mean_shift"":0.0018152857664972544,""actor_gradient_norm_pre_clip"":21.011699676513672,""behavior_approximate_kl"":0.0007373935077339411,""clip_fraction"":0.16766357421875,""epoch"":1,""minibatch"":3,""moving_forward_kl"":0.0006798233953304589},{""action_mean_shift"":0.0016653849743306637,""actor_gradient_norm_pre_clip"":18.55240821838379,""behavior_approximate_kl"":0.000587655755225569,""clip_fraction"":0.138671875,""epoch"":1,""minibatch"":4,""moving_forward_kl"":0.000586892943829298},{""action_mean_shift"":0.0016320471186190844,""actor_gradient_norm_pre_clip"":16.08928871154785,""behavior_approximate_kl"":0.0007147741271182895,""clip_fraction"":0.13165283203125,""epoch"":2,""minibatch"":1,""moving_forward_kl"":0.0005618177819997072},{""action_mean_shift"":0.0017569053452461958,""actor_gradient_norm_pre_clip"":16.344507217407227,""behavior_approximate_kl"":0.001268997322767973,""clip_fraction"":0.1533203125,""epoch"":2,""minibatch"":2,""moving_forward_kl"":0.0006501460447907448},{""action_mean_shift"":0.0015708437422290444,""actor_gradient_norm_pre_clip"":21.197097778320312,""behavior_approximate_kl"":0.000498078647069633,""clip_fraction"":0.11737060546875,""epoch"":2,""minibatch"":3,""moving_forward_kl"":0.0005261343903839588},{""action_mean_shift"":0.0016261703567579389,""actor_gradient_norm_pre_clip"":17.690011978149414,""behavior_approximate_kl"":0.0006142828497104347,""clip_fraction"":0.12335205078125,""epoch"":2,""minibatch"":4,""moving_forward_kl"":0.000567188486456871}]",0.0005665764329023659,0.23484848484848486,8.143939393939394,-4.502366954630071,0.7651515151515151,4,c8011cc61cf49a1b21be33a215f36cc8bf64c8e7bfb1f21e60ca6d8f02b61b40,98469a2fe60888404c569436175a9a7e8e441d888ec66184c458bf6b710b0a92,0.14426545798778534,0.05003299564123154,0.033437684178352356,0.29265066981315613,0.019383061677217484,0.004334820434451103,0.1454252153635025,0.07568100094795227,0.02548641338944435,0.19029662013053894,0.018712449818849564,0.0029178555123507977,0.14435206353664398,0.04987916722893715,0.0332014337182045,0.29284846782684326,0.01899987831711769,0.004033309407532215,0.1447756439447403,0.07564256340265274,0.025452399626374245,0.19055046141147614,0.018479499965906143,0.0027971207164227962,1.0,0.9999999403953552,all_interventions,0.07397408597171307,0.07397408597171307,residual,0.05,7718.0,7538.3408203125,874.0,0.4077659323811531
development,DEV,A4,0.0017174315289594233,1.0,26.41975975036621,0.07416858710348606,0.0009256505873054266,7753,6.344517230987549,0.157196044921875,"[0.0005483193672262132,0.0006730018649250269]",0.5821305513381958,0.5926946997642517,0.5932224988937378,0.5932224988937378,"[{""action_mean_shift"":0.001569294137880206,""actor_gradient_norm_pre_clip"":13.06884479522705,""behavior_approximate_kl"":0.0005428339936770499,""clip_fraction"":0.126708984375,""epoch"":1,""minibatch"":1,""moving_forward_kl"":0.0005919553223066032},{""action_mean_shift"":0.0017520501278340816,""actor_gradient_norm_pre_clip"":24.796293258666992,""behavior_approximate_kl"":0.00043036832357756793,""clip_fraction"":0.1610107421875,""epoch"":1,""minibatch"":2,""moving_forward_kl"":0.000665586965624243},{""action_mean_shift"":0.0016303122974932194,""actor_gradient_norm_pre_clip"":22.4408016204834,""behavior_approximate_kl"":0.0007482346845790744,""clip_fraction"":0.13037109375,""epoch"":1,""minibatch"":3,""moving_forward_kl"":0.0005573725211434066},{""action_mean_shift"":0.001614323235116899,""actor_gradient_norm_pre_clip"":18.647878646850586,""behavior_approximate_kl"":0.0007346963975578547,""clip_fraction"":0.1256103515625,""epoch"":1,""minibatch"":4,""moving_forward_kl"":0.0005487268790602684},{""action_mean_shift"":0.0017187397461384535,""actor_gradient_norm_pre_clip"":18.89590072631836,""behavior_approximate_kl"":0.0002042528649326414,""clip_fraction"":0.144287109375,""epoch"":2,""minibatch"":1,""moving_forward_kl"":0.0006074912962503731},{""action_mean_shift"":0.001977053005248308,""actor_gradient_norm_pre_clip"":18.44805335998535,""behavior_approximate_kl"":0.0007304706377908587,""clip_fraction"":0.20098876953125,""epoch"":2,""minibatch"":2,""moving_forward_kl"":0.0008279323810711503},{""action_mean_shift"":0.0017314442666247487,""actor_gradient_norm_pre_clip"":26.41975975036621,""behavior_approximate_kl"":0.0011884665582329035,""clip_fraction"":0.15301513671875,""epoch"":2,""minibatch"":3,""moving_forward_kl"":0.0006241986993700266},{""action_mean_shift"":0.00174623541533947,""actor_gradient_norm_pre_clip"":20.83348274230957,""behavior_approximate_kl"":0.0009809872135519981,""clip_fraction"":0.15478515625,""epoch"":2,""minibatch"":4,""moving_forward_kl"":0.0006707603461109102}]",0.0006730018649250269,0.24427480916030533,8.267175572519085,-4.665942053758461,0.7557251908396947,5,c1d7694ea2d64cc4624c86d6a8a81b89460b6915f3a1ca31b8d7eeb9abd65462,c8011cc61cf49a1b21be33a215f36cc8bf64c8e7bfb1f21e60ca6d8f02b61b40,0.14088356494903564,0.05194051191210747,0.03412630409002304,0.28109994530677795,0.0178005900233984,0.004106436390429735,0.14744152128696442,0.07876817882061005,0.02612033113837242,0.1943974792957306,0.018743885681033134,0.003052768064662814,0.14079265296459198,0.051769353449344635,0.034049633890390396,0.28116169571876526,0.017715565860271454,0.004141629207879305,0.14764344692230225,0.0784386619925499,0.026112323626875877,0.19425399601459503,0.018758950755000114,0.0028372269589453936,1.0,1.0,all_interventions,0.07363313250243664,0.07363313250243664,residual,0.05,7753.0,7603.7939453125,894.0,0.40371164306998253
development,DEV,A4,0.001868670602561906,1.0,35.82163619995117,0.07549260463565588,0.0008057751692831516,7798,6.3605217933654785,0.1677398681640625,"[0.0006534061394631863,0.0006968190427869558]",0.586372435092926,0.5977610945701599,0.5980123281478882,0.5980123281478882,"[{""action_mean_shift"":0.0017408524872735143,""actor_gradient_norm_pre_clip"":10.648805618286133,""behavior_approximate_kl"":0.0010932713048532605,""clip_fraction"":0.1624755859375,""epoch"":1,""minibatch"":1,""moving_forward_kl"":0.0008022978436201811},{""action_mean_shift"":0.0022937573958188295,""actor_gradient_norm_pre_clip"":31.28067398071289,""behavior_approximate_kl"":0.0005377331981435418,""clip_fraction"":0.25628662109375,""epoch"":1,""minibatch"":2,""moving_forward_kl"":0.0012283592950552702},{""action_mean_shift"":0.0018449617782607675,""actor_gradient_norm_pre_clip"":35.82163619995117,""behavior_approximate_kl"":0.00019908463582396507,""clip_fraction"":0.17938232421875,""epoch"":1,""minibatch"":3,""moving_forward_kl"":0.0007157081854529679},{""action_mean_shift"":0.001743161235935986,""actor_gradient_norm_pre_clip"":24.099733352661133,""behavior_approximate_kl"":0.0009509880328550935,""clip_fraction"":0.158203125,""epoch"":1,""minibatch"":4,""moving_forward_kl"":0.0006502687465399504},{""action_mean_shift"":0.001792187336832285,""actor_gradient_norm_pre_clip"":23.082029342651367,""behavior_approximate_kl"":0.0003432448720559478,""clip_fraction"":0.1668701171875,""epoch"":2,""minibatch"":1,""moving_forward_kl"":0.0007249562768265605},{""action_mean_shift"":0.0018131801625713706,""actor_gradient_norm_pre_clip"":21.625518798828125,""behavior_approximate_kl"":0.0011835992336273193,""clip_fraction"":0.17083740234375,""epoch"":2,""minibatch"":2,""moving_forward_kl"":0.0007041378412395716},{""action_mean_shift"":0.0019046517554670572,""actor_gradient_norm_pre_clip"":23.140905380249023,""behavior_approximate_kl"":0.001225047279149294,""clip_fraction"":0.18994140625,""epoch"":2,""minibatch"":3,""moving_forward_kl"":0.0007639704854227602},{""action_mean_shift"":0.0018166126683354378,""actor_gradient_norm_pre_clip"":25.636890411376953,""behavior_approximate_kl"":0.0007552945171482861,""clip_fraction"":0.16314697265625,""epoch"":2,""minibatch"":4,""moving_forward_kl"":0.0007006254745647311}]",0.0006968190427869558,0.2109375,8.3828125,-4.609436737373471,0.7890625,6,61a711237579f507e14dabb6ea9a1018da73742ef005f2ed1b27bb53a0ef686a,c1d7694ea2d64cc4624c86d6a8a81b89460b6915f3a1ca31b8d7eeb9abd65462,0.141707643866539,0.056949518620967865,0.035949643701314926,0.286652535200119,0.018727479502558708,0.004375532269477844,0.1436840444803238,0.08055306226015091,0.02697698026895523,0.1902700960636139,0.018550759181380272,0.0031328436452895403,0.1413961797952652,0.056951358914375305,0.035970091819763184,0.28676939010620117,0.018598875030875206,0.004407360218465328,0.14345550537109375,0.08031108230352402,0.02684670314192772,0.1900380700826645,0.017939206212759018,0.0028969228733330965,1.0,1.0,all_interventions,0.07430370710790157,0.07430370710790157,residual,0.05,7798.0,7641.4580078125,875.0,0.36947671324014664
development,DEV,A4,0.0017871555464807898,1.0,20.340892791748047,0.0823061028495431,0.0010671326890587807,8203,6.620661735534668,0.13983154296875,"[0.0007131622405722737,0.0006285449489951134]",0.6371781826019287,0.6508763432502747,0.6514758467674255,0.6514758467674255,"[{""action_mean_shift"":0.0014202019665390253,""actor_gradient_norm_pre_clip"":10.086999893188477,""behavior_approximate_kl"":0.0007652696222066879,""clip_fraction"":0.10052490234375,""epoch"":1,""minibatch"":1,""moving_forward_kl"":0.00045317341573536396},{""action_mean_shift"":0.0019330191425979137,""actor_gradient_norm_pre_clip"":16.46633529663086,""behavior_approximate_kl"":0.000596661469899118,""clip_fraction"":0.18511962890625,""epoch"":1,""minibatch"":2,""moving_forward_kl"":0.0008020497625693679},{""action_mean_shift"":0.001698675798252225,""actor_gradient_norm_pre_clip"":20.340892791748047,""behavior_approximate_kl"":0.000403710815589875,""clip_fraction"":0.148681640625,""epoch"":1,""minibatch"":3,""moving_forward_kl"":0.0006223886739462614},{""action_mean_shift"":0.001828851643949747,""actor_gradient_norm_pre_clip"":13.394123077392578,""behavior_approximate_kl"":0.0007575236959382892,""clip_fraction"":0.171142578125,""epoch"":1,""minibatch"":4,""moving_forward_kl"":0.0007134932093322277},{""action_mean_shift"":0.0017818008782342076,""actor_gradient_norm_pre_clip"":15.917004585266113,""behavior_approximate_kl"":0.0010877347085624933,""clip_fraction"":0.1572265625,""epoch"":2,""minibatch"":1,""moving_forward_kl"":0.0006807817844673991},{""action_mean_shift"":0.001913700019940734,""actor_gradient_norm_pre_clip"":14.015985488891602,""behavior_approximate_kl"":0.00072914530755952,""clip_fraction"":0.1885986328125,""epoch"":2,""minibatch"":2,""moving_forward_kl"":0.0007850206457078457},{""action_mean_shift"":0.002023435663431883,""actor_gradient_norm_pre_clip"":15.136125564575195,""behavior_approximate_kl"":0.001912316889502108,""clip_fraction"":0.21221923828125,""epoch"":2,""minibatch"":3,""moving_forward_kl"":0.0008856866043061018},{""action_mean_shift"":0.0016975592589005828,""actor_gradient_norm_pre_clip"":19.788564682006836,""behavior_approximate_kl"":0.0012159313773736358,""clip_fraction"":0.13482666015625,""epoch"":2,""minibatch"":4,""moving_forward_kl"":0.0006308971787802875}]",0.0006285449489951134,0.2824427480916031,8.206106870229007,-6.562845634140131,0.7175572519083969,7,bb9b50aa68898caf94cfd4117203031b9a8cd9d348f452a69497425027ec39fa,61a711237579f507e14dabb6ea9a1018da73742ef005f2ed1b27bb53a0ef686a,0.13896729052066803,0.054829612374305725,0.034498270601034164,0.2795928418636322,0.018391171470284462,0.004516719374805689,0.1718926578760147,0.1139024868607521,0.03838316351175308,0.2212681919336319,0.02238219603896141,0.004522761795669794,0.1389923244714737,0.054769132286310196,0.034419815987348557,0.2796999216079712,0.018192477524280548,0.004260844085365534,0.17173060774803162,0.11379247903823853,0.03822716698050499,0.2213323414325714,0.022033531218767166,0.004380011465400457,1.0,1.0,all_interventions,0.08223839476704597,0.08223839476704597,residual,0.05,8203.0,8018.30712890625,908.0,0.814192496240139
development,DEV,A4,0.0015130540705285966,1.0,19.150453567504883,0.07614650763571262,0.0010430521797388792,7892,6.298483848571777,0.118682861328125,"[0.00045086443424224854,0.0005371280713006854]",0.5978873372077942,0.6093853712081909,0.6100217700004578,0.6100217700004578,"[{""action_mean_shift"":0.0011912814807146788,""actor_gradient_norm_pre_clip"":11.626667976379395,""behavior_approximate_kl"":0.00037021352909505367,""clip_fraction"":0.0755615234375,""epoch"":1,""minibatch"":1,""moving_forward_kl"":0.0003508856170810759},{""action_mean_shift"":0.001348043791949749,""actor_gradient_norm_pre_clip"":19.150453567504883,""behavior_approximate_kl"":0.0004950322327204049,""clip_fraction"":0.07806396484375,""epoch"":1,""minibatch"":2,""moving_forward_kl"":0.00039501197170466185},{""action_mean_shift"":0.0015163652133196592,""actor_gradient_norm_pre_clip"":15.06791877746582,""behavior_approximate_kl"":0.0007566312560811639,""clip_fraction"":0.10784912109375,""epoch"":1,""minibatch"":3,""moving_forward_kl"":0.0004928670823574066},{""action_mean_shift"":0.0014430866576731205,""actor_gradient_norm_pre_clip"":15.998896598815918,""behavior_approximate_kl"":0.0003781539562623948,""clip_fraction"":0.091552734375,""epoch"":1,""minibatch"":4,""moving_forward_kl"":0.0004484262317419052},{""action_mean_shift"":0.0015210933052003384,""actor_gradient_norm_pre_clip"":12.630804061889648,""behavior_approximate_kl"":0.0008328900439664721,""clip_fraction"":0.10467529296875,""epoch"":2,""minibatch"":1,""moving_forward_kl"":0.00048633417463861406},{""action_mean_shift"":0.0017851849552243948,""actor_gradient_norm_pre_clip"":15.657025337219238,""behavior_approximate_kl"":0.00152385956607759,""clip_fraction"":0.163818359375,""epoch"":2,""minibatch"":2,""moving_forward_kl"":0.000689211068674922},{""action_mean_shift"":0.00173535430803895,""actor_gradient_norm_pre_clip"":17.627269744873047,""behavior_approximate_kl"":0.0008672599215060472,""clip_fraction"":0.1475830078125,""epoch"":2,""minibatch"":3,""moving_forward_kl"":0.0006520056631416082},{""action_mean_shift"":0.0015640228521078825,""actor_gradient_norm_pre_clip"":16.76342010498047,""behavior_approximate_kl"":0.0011188905918970704,""clip_fraction"":0.11993408203125,""epoch"":2,""minibatch"":4,""moving_forward_kl"":0.0005362797528505325}]",0.0005371280713006854,0.33076923076923076,8.161538461538461,-5.71819370343135,0.6692307692307692,8,786f6100ef7cad712827180b1587f9f1432dff368ae3f6faa9d55099858be18e,bb9b50aa68898caf94cfd4117203031b9a8cd9d348f452a69497425027ec39fa,0.14247198402881622,0.06082771718502045,0.03765835613012314,0.2892865836620331,0.01936386711895466,0.004852095153182745,0.1488620936870575,0.08192694932222366,0.027606075629591942,0.19324223697185516,0.019720163196325302,0.0031464165076613426,0.14246787130832672,0.06068132072687149,0.037742018699645996,0.2894022762775421,0.01896888203918934,0.004663633648306131,0.14860320091247559,0.0819152295589447,0.027380257844924927,0.19336850941181183,0.019516048952937126,0.0030206493102014065,1.0,1.0,all_interventions,0.07615047879517078,0.07615047879517078,residual,0.05,7892.0,7730.4453125,908.0,0.37068794667720795
development,DEV,A5,0.005090632505016401,1.0,63.37137985229492,0.04552167607471347,0.0025517321191728115,7961,6.482899188995361,0.4104461669921875,"[0.004441461991518736,0.0021877738181501627]",0.6046144962310791,0.2916129231452942,0.29106757044792175,0.29106757044792175,"[{""action_mean_shift"":0.008277984336018562,""actor_gradient_norm_pre_clip"":12.214310646057129,""behavior_approximate_kl"":0.016584960743784904,""clip_fraction"":0.7198486328125,""epoch"":1,""minibatch"":1,""moving_forward_kl"":0.015723396092653275},{""action_mean_shift"":0.00697956420481205,""actor_gradient_norm_pre_clip"":63.37137985229492,""behavior_approximate_kl"":0.010827259160578251,""clip_fraction"":0.69635009765625,""epoch"":1,""minibatch"":2,""moving_forward_kl"":0.010564668104052544},{""action_mean_shift"":0.005256191827356815,""actor_gradient_norm_pre_clip"":52.149749755859375,""behavior_approximate_kl"":0.005708279088139534,""clip_fraction"":0.6002197265625,""epoch"":1,""minibatch"":3,""moving_forward_kl"":0.0060798004269599915},{""action_mean_shift"":0.004456966649740934,""actor_gradient_norm_pre_clip"":38.214149475097656,""behavior_approximate_kl"":0.0027298678178340197,""clip_fraction"":0.54571533203125,""epoch"":1,""minibatch"":4,""moving_forward_kl"":0.00439479760825634},{""action_mean_shift"":0.004484237637370825,""actor_gradient_norm_pre_clip"":38.13473129272461,""behavior_approximate_kl"":0.0047149658203125,""clip_fraction"":0.55523681640625,""epoch"":2,""minibatch"":1,""moving_forward_kl"":0.004321526736021042},{""action_mean_shift"":0.004338948987424374,""actor_gradient_norm_pre_clip"":42.77772903442383,""behavior_approximate_kl"":0.0043708765879273415,""clip_fraction"":0.54473876953125,""epoch"":2,""minibatch"":2,""moving_forward_kl"":0.004050713963806629},{""action_mean_shift"":0.0037604172248393297,""actor_gradient_norm_pre_clip"":38.96445846557617,""behavior_approximate_kl"":0.0030083763413131237,""clip_fraction"":0.47955322265625,""epoch"":2,""minibatch"":3,""moving_forward_kl"":0.0030266535468399525},{""action_mean_shift"":0.0031707491725683212,""actor_gradient_norm_pre_clip"":35.231597900390625,""behavior_approximate_kl"":0.003235405310988426,""clip_fraction"":0.40850830078125,""epoch"":2,""minibatch"":4,""moving_forward_kl"":0.002178340218961239}]",0.0021877738181501627,0.3076923076923077,7.976923076923077,-5.921260334895208,0.6923076923076923,1,d5179d4f102d915d6a97130aa3dbb09eb9fb984c9821e473978e964db5ba8a0d,7afed309902a323a43b47005c01529c84160944bb8cea2c45d000b38b18cc099,0.07275664806365967,0.02551128715276718,0.01696510799229145,0.1456921249628067,0.009282219223678112,0.0022126103285700083,0.07000569999217987,0.03463665768504143,0.012213400565087795,0.09085291624069214,0.008708950132131577,0.0015530536184087396,0.07207200676202774,0.025179453194141388,0.016730261966586113,0.1447436660528183,0.009179788641631603,0.002022000728175044,0.06949016451835632,0.03429939225316048,0.011674684472382069,0.09096276015043259,0.008523799479007721,0.0012159342877566814,0.5,0.8348197937011719,local_success_50,0.03226653253659606,0.03226653253659606,residual,0.05,6646.0,6503.21533203125,941.0,0.6309197545051575
development,DEV,A5,0.00257633940782398,1.0,37.1264533996582,0.035842689918354154,0.0010967524722218513,8261,6.630015850067139,0.2369842529296875,"[0.0011805616086348891,0.0010019014589488506]",0.6014296412467957,0.2954990565776825,0.2962615191936493,0.2962615191936493,"[{""action_mean_shift"":0.0027643167413771152,""actor_gradient_norm_pre_clip"":12.930760383605957,""behavior_approximate_kl"":0.0011387846898287535,""clip_fraction"":0.3345947265625,""epoch"":1,""minibatch"":1,""moving_forward_kl"":0.0016995880287140608},{""action_mean_shift"":0.0035552424378693104,""actor_gradient_norm_pre_clip"":34.699092864990234,""behavior_approximate_kl"":0.002857362851500511,""clip_fraction"":0.4603271484375,""epoch"":1,""minibatch"":2,""moving_forward_kl"":0.002705946797505021},{""action_mean_shift"":0.003129448276013136,""actor_gradient_norm_pre_clip"":37.1264533996582,""behavior_approximate_kl"":0.0013121458468958735,""clip_fraction"":0.41192626953125,""epoch"":1,""minibatch"":3,""moving_forward_kl"":0.0020539734978228807},{""action_mean_shift"":0.0023589865304529667,""actor_gradient_norm_pre_clip"":29.72753143310547,""behavior_approximate_kl"":0.0007893190486356616,""clip_fraction"":0.275634765625,""epoch"":1,""minibatch"":4,""moving_forward_kl"":0.0011739394394680858},{""action_mean_shift"":0.002010323805734515,""actor_gradient_norm_pre_clip"":25.232900619506836,""behavior_approximate_kl"":0.0017192856175825,""clip_fraction"":0.20233154296875,""epoch"":2,""minibatch"":1,""moving_forward_kl"":0.0008951367344707251},{""action_mean_shift"":0.002233776031062007,""actor_gradient_norm_pre_clip"":19.718782424926758,""behavior_approximate_kl"":0.0010125552071258426,""clip_fraction"":0.25506591796875,""epoch"":2,""minibatch"":2,""moving_forward_kl"":0.001077394001185894},{""action_mean_shift"":0.0024066101759672165,""actor_gradient_norm_pre_clip"":23.722394943237305,""behavior_approximate_kl"":0.0014227168867364526,""clip_fraction"":0.29071044921875,""epoch"":2,""minibatch"":3,""moving_forward_kl"":0.001225265208631754},{""action_mean_shift"":0.002152011264115572,""actor_gradient_norm_pre_clip"":29.255998611450195,""behavior_approximate_kl"":0.001006425591185689,""clip_fraction"":0.23193359375,""epoch"":2,""minibatch"":4,""moving_forward_kl"":0.0010016175219789147}]",0.0010019014589488506,0.3533834586466165,7.819548872180451,-6.493336553860428,0.6466165413533834,2,b333f7b628f6dbaee439a8df96d4f84db9caf5326ac171f6d34d740703c64158,d5179d4f102d915d6a97130aa3dbb09eb9fb984c9821e473978e964db5ba8a0d,0.07079124450683594,0.026217127218842506,0.017973460257053375,0.1432415395975113,0.009289178997278214,0.002232320373877883,0.07309288531541824,0.0378098227083683,0.011509593576192856,0.09574870020151138,0.009258241392672062,0.0012528767110779881,0.07079801708459854,0.02596638910472393,0.017559874802827835,0.14350904524326324,0.008678184822201729,0.0021220562048256397,0.07277563959360123,0.03753969073295593,0.0114006781950593,0.09569385647773743,0.00916905514895916,0.001219103578478098,0.5,0.8370656967163086,local_success_50,0.033155402168631554,0.033155402168631554,residual,0.05,6915.0,6769.6650390625,897.0,0.5701083466410637
development,DEV,A5,0.0018415929953334853,1.0,24.667539596557617,0.03344009560532868,0.0007649465696886182,7840,6.187845230102539,0.10986328125,"[0.0006869256030768156,0.0004991657333448529]",0.5931938290596008,0.29386064410209656,0.29416781663894653,0.29416781663894653,"[{""action_mean_shift"":0.0015359979588538408,""actor_gradient_norm_pre_clip"":10.221689224243164,""behavior_approximate_kl"":0.0006901131710037589,""clip_fraction"":0.1148681640625,""epoch"":1,""minibatch"":1,""moving_forward_kl"":0.0005158829735592008},{""action_mean_shift"":0.002033848315477371,""actor_gradient_norm_pre_clip"":18.49803924560547,""behavior_approximate_kl"":0.0009439506102353334,""clip_fraction"":0.21722412109375,""epoch"":1,""minibatch"":2,""moving_forward_kl"":0.0008688401430845261},{""action_mean_shift"":0.001973784063011408,""actor_gradient_norm_pre_clip"":24.667539596557617,""behavior_approximate_kl"":0.0012837013928219676,""clip_fraction"":0.20245361328125,""epoch"":1,""minibatch"":3,""moving_forward_kl"":0.0008337848703376949},{""action_mean_shift"":0.0017537451349198818,""actor_gradient_norm_pre_clip"":19.53594970703125,""behavior_approximate_kl"":0.00072532391641289,""clip_fraction"":0.1513671875,""epoch"":1,""minibatch"":4,""moving_forward_kl"":0.0006869158241897821},{""action_mean_shift"":0.0020032033789902925,""actor_gradient_norm_pre_clip"":14.953668594360352,""behavior_approximate_kl"":0.0006159261683933437,""clip_fraction"":0.2091064453125,""epoch"":2,""minibatch"":1,""moving_forward_kl"":0.00084120430983603},{""action_mean_shift"":0.002090700436383486,""actor_gradient_norm_pre_clip"":20.25603485107422,""behavior_approximate_kl"":0.0011504432186484337,""clip_fraction"":0.227294921875,""epoch"":2,""minibatch"":2,""moving_forward_kl"":0.00092152482829988},{""action_mean_shift"":0.001807402353733778,""actor_gradient_norm_pre_clip"":21.833881378173828,""behavior_approximate_kl"":0.0016337004490196705,""clip_fraction"":0.1673583984375,""epoch"":2,""minibatch"":3,""moving_forward_kl"":0.0007105026161298156},{""action_mean_shift"":0.0015340623212978244,""actor_gradient_norm_pre_clip"":18.91599464416504,""behavior_approximate_kl"":0.0006436142139136791,""clip_fraction"":0.1085205078125,""epoch"":2,""minibatch"":4,""moving_forward_kl"":0.0005014683702029288}]",0.0004991657333448529,0.2595419847328244,8.335877862595419,-5.1036300003983595,0.7404580152671756,3,4c6f5dffbdc56df5a22c89a10119791e9349e430cc2dae5cb5c38228caba5a58,b333f7b628f6dbaee439a8df96d4f84db9caf5326ac171f6d34d740703c64158,0.07221855223178864,0.024631652981042862,0.016243088990449905,0.1464899629354477,0.0092408312484622,0.0021367089357227087,0.07088346034288406,0.03540157899260521,0.011492696590721607,0.09330198913812637,0.009294864721596241,0.0014789245324209332,0.07229714840650558,0.024504592642188072,0.01615486666560173,0.14642080664634705,0.009045044891536236,0.001951217302121222,0.07081825286149979,0.03515736386179924,0.011422148905694485,0.0931386724114418,0.008994684554636478,0.0011992304353043437,0.5,0.8663265109062195,local_success_50,0.032660190016031265,0.032660190016031265,residual,0.05,6792.0,6625.7822265625,900.0,0.4697815403342247
development,DEV,A5,0.0018034907698165625,1.0,24.235389709472656,0.03363727359101176,0.0011534285731613636,7981,6.446688175201416,0.173736572265625,"[0.0007578985532745719,0.0007458351901732385]",0.5984129309654236,0.29582083225250244,0.2961655259132385,0.2961655259132385,"[{""action_mean_shift"":0.0016362844035029411,""actor_gradient_norm_pre_clip"":11.289848327636719,""behavior_approximate_kl"":0.0008753175497986376,""clip_fraction"":0.13970947265625,""epoch"":1,""minibatch"":1,""moving_forward_kl"":0.000585784437134862},{""action_mean_shift"":0.0020146069582551718,""actor_gradient_norm_pre_clip"":21.221899032592773,""behavior_approximate_kl"":0.0005234746495261788,""clip_fraction"":0.2142333984375,""epoch"":1,""minibatch"":2,""moving_forward_kl"":0.0008590078796260059},{""action_mean_shift"":0.0020241625607013702,""actor_gradient_norm_pre_clip"":24.235389709472656,""behavior_approximate_kl"":0.001043684664182365,""clip_fraction"":0.2132568359375,""epoch"":1,""minibatch"":3,""moving_forward_kl"":0.0008708179229870439},{""action_mean_shift"":0.001834506867453456,""actor_gradient_norm_pre_clip"":21.009897232055664,""behavior_approximate_kl"":0.00040576988249085844,""clip_fraction"":0.17138671875,""epoch"":1,""minibatch"":4,""moving_forward_kl"":0.0007462670910172164},{""action_mean_shift"":0.0016154012409970164,""actor_gradient_norm_pre_clip"":19.760601043701172,""behavior_approximate_kl"":0.0005635444540530443,""clip_fraction"":0.12744140625,""epoch"":2,""minibatch"":1,""moving_forward_kl"":0.0005793856107629836},{""action_mean_shift"":0.0015739904483780265,""actor_gradient_norm_pre_clip"":13.857912063598633,""behavior_approximate_kl"":0.00037974026054143906,""clip_fraction"":0.11529541015625,""epoch"":2,""minibatch"":2,""moving_forward_kl"":0.0005359351634979248},{""action_mean_shift"":0.0018741181120276451,""actor_gradient_norm_pre_clip"":13.275923728942871,""behavior_approximate_kl"":0.0013640888500958681,""clip_fraction"":0.18182373046875,""epoch"":2,""minibatch"":3,""moving_forward_kl"":0.0007790712406858802},{""action_mean_shift"":0.0018548555672168732,""actor_gradient_norm_pre_clip"":21.334156036376953,""behavior_approximate_kl"":0.0013289311900734901,""clip_fraction"":0.17132568359375,""epoch"":2,""minibatch"":4,""moving_forward_kl"":0.0007444062503054738}]",0.0007458351901732385,0.24615384615384617,8.169230769230769,-4.85657432446113,0.7538461538461538,4,578e272b3d8618935503c4c2665301c69fa494d51a20932c36825e34f1fe4e69,4c6f5dffbdc56df5a22c89a10119791e9349e430cc2dae5cb5c38228caba5a58,0.07224489003419876,0.024147311225533485,0.016691725701093674,0.14533130824565887,0.009663557633757591,0.002386061241850257,0.07266197353601456,0.03680850937962532,0.01169871911406517,0.09539470821619034,0.00957267452031374,0.0014851638115942478,0.07227133959531784,0.02411375753581524,0.016413316130638123,0.14522264897823334,0.009169758297502995,0.001970933750271797,0.07230928540229797,0.03611917793750763,0.011746013537049294,0.09513100236654282,0.008979430422186852,0.0012289690785109997,0.5,0.8658062815666199,local_success_50,0.03301936201751232,0.03301936201751232,residual,0.05,6910.0,6756.189453125,919.0,0.4696296267211437
development,DEV,A5,0.001683462061919272,1.0,23.55213165283203,0.03297007619403303,0.0009893457172438502,7807,6.210819244384766,0.1433563232421875,"[0.0006622300716117024,0.0006299015367403626]",0.5981037020683289,0.29400691390037537,0.2939682900905609,0.2939682900905609,"[{""action_mean_shift"":0.0013056129682809114,""actor_gradient_norm_pre_clip"":13.732010841369629,""behavior_approximate_kl"":0.0007188473828136921,""clip_fraction"":0.0753173828125,""epoch"":1,""minibatch"":1,""moving_forward_kl"":0.00038155197398737073},{""action_mean_shift"":0.0017247938085347414,""actor_gradient_norm_pre_clip"":16.118728637695312,""behavior_approximate_kl"":0.0006610651616938412,""clip_fraction"":0.15045166015625,""epoch"":1,""minibatch"":2,""moving_forward_kl"":0.0006452292436733842},{""action_mean_shift"":0.0017542772693559527,""actor_gradient_norm_pre_clip"":23.55213165283203,""behavior_approximate_kl"":0.0007040069322101772,""clip_fraction"":0.16033935546875,""epoch"":1,""minibatch"":3,""moving_forward_kl"":0.0006675675977021456},{""action_mean_shift"":0.001764471409842372,""actor_gradient_norm_pre_clip"":19.331186294555664,""behavior_approximate_kl"":0.0011888197623193264,""clip_fraction"":0.15069580078125,""epoch"":1,""minibatch"":4,""moving_forward_kl"":0.0006655969773419201},{""action_mean_shift"":0.0016348802018910646,""actor_gradient_norm_pre_clip"":18.398239135742188,""behavior_approximate_kl"":0.0006513292901217937,""clip_fraction"":0.12896728515625,""epoch"":2,""minibatch"":1,""moving_forward_kl"":0.0005671403487212956},{""action_mean_shift"":0.001767832669429481,""actor_gradient_norm_pre_clip"":17.33909034729004,""behavior_approximate_kl"":0.0006807835306972265,""clip_fraction"":0.1571044921875,""epoch"":2,""minibatch"":2,""moving_forward_kl"":0.0006664461106993258},{""action_mean_shift"":0.0018002851866185665,""actor_gradient_norm_pre_clip"":21.3343563079834,""behavior_approximate_kl"":0.0010015569860115647,""clip_fraction"":0.16595458984375,""epoch"":2,""minibatch"":3,""moving_forward_kl"":0.0007162461988627911},{""action_mean_shift"":0.0017155429814010859,""actor_gradient_norm_pre_clip"":19.048871994018555,""behavior_approximate_kl"":0.0013043644139543176,""clip_fraction"":0.1400146484375,""epoch"":2,""minibatch"":4,""moving_forward_kl"":0.0006304014823399484}]",0.0006299015367403626,0.3178294573643411,8.007751937984496,-5.278675493343856,0.6821705426356589,5,a3435457d135daa9293bd82c6b6672758606505c554ca5161e4352286240dd34,578e272b3d8618935503c4c2665301c69fa494d51a20932c36825e34f1fe4e69,0.07265441119670868,0.024605466052889824,0.01670675352215767,0.1466190665960312,0.009023758582770824,0.002046025125309825,0.07069800049066544,0.03515421971678734,0.011464869603514671,0.09323770552873611,0.008932171389460564,0.0014071009354665875,0.07236181944608688,0.02439618855714798,0.016612369567155838,0.1467636376619339,0.008941193111240864,0.002003933535888791,0.07066352665424347,0.03485153615474701,0.011330130510032177,0.09261635690927505,0.00875482801347971,0.0011927828891202807,0.5,0.8544895648956299,local_success_50,0.03264137776568532,0.03264137776568532,residual,0.05,6671.0,6517.3349609375,871.0,0.4431852251291275
development,DEV,A5,0.0018270760774612427,1.0,27.796539306640625,0.03283097641542554,0.0010770042426884174,7793,6.234399795532227,0.16217041015625,"[0.0006670716684311628,0.0006806884193792939]",0.6000245213508606,0.290449857711792,0.2908443808555603,0.2908443808555603,"[{""action_mean_shift"":0.001818051328882575,""actor_gradient_norm_pre_clip"":10.294023513793945,""behavior_approximate_kl"":0.0010753392707556486,""clip_fraction"":0.1800537109375,""epoch"":1,""minibatch"":1,""moving_forward_kl"":0.0007284823805093765},{""action_mean_shift"":0.0022213521879166365,""actor_gradient_norm_pre_clip"":24.620962142944336,""behavior_approximate_kl"":0.0008337455219589174,""clip_fraction"":0.25592041015625,""epoch"":1,""minibatch"":2,""moving_forward_kl"":0.0010817674919962883},{""action_mean_shift"":0.0017554766964167356,""actor_gradient_norm_pre_clip"":27.796539306640625,""behavior_approximate_kl"":0.0007439900655299425,""clip_fraction"":0.150146484375,""epoch"":1,""minibatch"":3,""moving_forward_kl"":0.0006554318242706358},{""action_mean_shift"":0.0017666311468929052,""actor_gradient_norm_pre_clip"":20.934606552124023,""behavior_approximate_kl"":0.0011974641820415854,""clip_fraction"":0.156005859375,""epoch"":1,""minibatch"":4,""moving_forward_kl"":0.0006696718046441674},{""action_mean_shift"":0.00181590358261019,""actor_gradient_norm_pre_clip"":18.934114456176758,""behavior_approximate_kl"":0.000641966937109828,""clip_fraction"":0.1708984375,""epoch"":2,""minibatch"":1,""moving_forward_kl"":0.0006924446206539869},{""action_mean_shift"":0.0018289366271346807,""actor_gradient_norm_pre_clip"":19.104461669921875,""behavior_approximate_kl"":0.001383636612445116,""clip_fraction"":0.17205810546875,""epoch"":2,""minibatch"":2,""moving_forward_kl"":0.0007224450237117708},{""action_mean_shift"":0.0016330883372575045,""actor_gradient_norm_pre_clip"":18.787118911743164,""behavior_approximate_kl"":8.071147021837533e-05,""clip_fraction"":0.13409423828125,""epoch"":2,""minibatch"":3,""moving_forward_kl"":0.0005872964975424111},{""action_mean_shift"":0.001777168712578714,""actor_gradient_norm_pre_clip"":15.891925811767578,""behavior_approximate_kl"":0.0007331991801038384,""clip_fraction"":0.162353515625,""epoch"":2,""minibatch"":4,""moving_forward_kl"":0.0006833476363681257}]",0.0006806884193792939,0.26153846153846155,8.223076923076922,-5.071724884326642,0.7384615384615385,6,410263180d722f0aa74893bc9fe2b8443b2a5c4426b3def28e92ea3daa6593c0,a3435457d135daa9293bd82c6b6672758606505c554ca5161e4352286240dd34,0.07088684290647507,0.02384989894926548,0.016053063794970512,0.14354382455348969,0.009273459203541279,0.0022886465303599834,0.0711912214756012,0.035612449049949646,0.011854727752506733,0.09296183288097382,0.008811570703983307,0.0012557595036923885,0.07092215865850449,0.023723486810922623,0.015950508415699005,0.14383602142333984,0.008860369212925434,0.001930352533236146,0.0709242895245552,0.0352807492017746,0.011567159555852413,0.09269557893276215,0.008680864237248898,0.0012110845418646932,0.5,0.8462722897529602,local_success_50,0.03226233320310712,0.03226233320310712,residual,0.05,6595.0,6453.1201171875,916.0,0.3835414759814739
development,DEV,A5,0.0017096808005589992,1.0,24.309350967407227,0.03332138294354081,0.0008859641966409981,7979,6.357769012451172,0.1479949951171875,"[0.0007211433257907629,0.0006451073568314314]",0.6113085746765137,0.2946590483188629,0.29516956210136414,0.29516956210136414,"[{""action_mean_shift"":0.0014365906827151775,""actor_gradient_norm_pre_clip"":13.784253120422363,""behavior_approximate_kl"":0.00041698492714203894,""clip_fraction"":0.09259033203125,""epoch"":1,""minibatch"":1,""moving_forward_kl"":0.0004469338455237448},{""action_mean_shift"":0.001889153616502881,""actor_gradient_norm_pre_clip"":19.617013931274414,""behavior_approximate_kl"":0.000975905335508287,""clip_fraction"":0.18408203125,""epoch"":1,""minibatch"":2,""moving_forward_kl"":0.0007623485871590674},{""action_mean_shift"":0.0018598546739667654,""actor_gradient_norm_pre_clip"":24.309350967407227,""behavior_approximate_kl"":0.0007258749683387578,""clip_fraction"":0.17724609375,""epoch"":1,""minibatch"":3,""moving_forward_kl"":0.0007548534194938838},{""action_mean_shift"":0.0018199773039668798,""actor_gradient_norm_pre_clip"":21.561243057250977,""behavior_approximate_kl"":0.00036272549186833203,""clip_fraction"":0.1689453125,""epoch"":1,""minibatch"":4,""moving_forward_kl"":0.0007158780936151743},{""action_mean_shift"":0.0017246967181563377,""actor_gradient_norm_pre_clip"":18.777666091918945,""behavior_approximate_kl"":0.000517652602866292,""clip_fraction"":0.144775390625,""epoch"":2,""minibatch"":1,""moving_forward_kl"":0.0006465875776484609},{""action_mean_shift"":0.0016635002102702856,""actor_gradient_norm_pre_clip"":17.97486686706543,""behavior_approximate_kl"":0.0012243357487022877,""clip_fraction"":0.13201904296875,""epoch"":2,""minibatch"":2,""moving_forward_kl"":0.0006014942191541195},{""action_mean_shift"":0.0015445773024111986,""actor_gradient_norm_pre_clip"":14.383153915405273,""behavior_approximate_kl"":0.0006115073338150978,""clip_fraction"":0.11083984375,""epoch"":2,""minibatch"":3,""moving_forward_kl"":0.0005182220484130085},{""action_mean_shift"":0.0017390958964824677,""actor_gradient_norm_pre_clip"":18.024471282958984,""behavior_approximate_kl"":0.0011084451107308269,""clip_fraction"":0.14678955078125,""epoch"":2,""minibatch"":4,""moving_forward_kl"":0.0006446004845201969}]",0.0006451073568314314,0.3333333333333333,7.86231884057971,-5.699502789455911,0.6666666666666666,7,b9ed234d09d301cf8fd56cb95b2d489d56b6db00ea2c05d90e561fd2c976178c,410263180d722f0aa74893bc9fe2b8443b2a5c4426b3def28e92ea3daa6593c0,0.0708485022187233,0.02378346025943756,0.01612767018377781,0.14416739344596863,0.008769790641963482,0.0020854442846029997,0.07280294597148895,0.0370342954993248,0.012225090526044369,0.09551990777254105,0.009702274575829506,0.0014032268663868308,0.07081548124551773,0.023729393258690834,0.015998413786292076,0.1441567987203598,0.008814814500510693,0.0019388971850275993,0.07256527245044708,0.03709802031517029,0.011960157193243504,0.09534270316362381,0.009072603657841682,0.0012544624041765928,0.5,0.8452187180519104,local_success_50,0.032833714969456196,0.032833714969456196,residual,0.05,6744.0,6609.3046875,857.0,0.4021971635520458
development,DEV,A5,0.0018345356947975233,1.0,25.248361587524414,0.033125572139397264,0.0006432474474422634,7856,6.249801158905029,0.1299285888671875,"[0.000835570739582181,0.0005843329709023237]",0.5826045870780945,0.29165199398994446,0.2921072840690613,0.2921072840690613,"[{""action_mean_shift"":0.001795561402104795,""actor_gradient_norm_pre_clip"":11.258777618408203,""behavior_approximate_kl"":0.0003960791218560189,""clip_fraction"":0.1680908203125,""epoch"":1,""minibatch"":1,""moving_forward_kl"":0.000697860203217715},{""action_mean_shift"":0.001983744092285633,""actor_gradient_norm_pre_clip"":20.9449405670166,""behavior_approximate_kl"":0.0009289038134738803,""clip_fraction"":0.2049560546875,""epoch"":1,""minibatch"":2,""moving_forward_kl"":0.0008437720825895667},{""action_mean_shift"":0.0019009159877896309,""actor_gradient_norm_pre_clip"":24.60888671875,""behavior_approximate_kl"":0.0006327365408651531,""clip_fraction"":0.19476318359375,""epoch"":1,""minibatch"":3,""moving_forward_kl"":0.000761399744078517},{""action_mean_shift"":0.001982862362638116,""actor_gradient_norm_pre_clip"":25.15804672241211,""behavior_approximate_kl"":0.0005644648335874081,""clip_fraction"":0.2083740234375,""epoch"":1,""minibatch"":4,""moving_forward_kl"":0.0008378536440432072},{""action_mean_shift"":0.0016225760336965322,""actor_gradient_norm_pre_clip"":19.803815841674805,""behavior_approximate_kl"":0.0007576496573165059,""clip_fraction"":0.12738037109375,""epoch"":2,""minibatch"":1,""moving_forward_kl"":0.0005637926515191793},{""action_mean_shift"":0.0017462678952142596,""actor_gradient_norm_pre_clip"":17.906660079956055,""behavior_approximate_kl"":0.0009811127092689276,""clip_fraction"":0.15631103515625,""epoch"":2,""minibatch"":2,""moving_forward_kl"":0.000668696709908545},{""action_mean_shift"":0.0020024029072374105,""actor_gradient_norm_pre_clip"":18.214338302612305,""behavior_approximate_kl"":0.0011963399592787027,""clip_fraction"":0.2022705078125,""epoch"":2,""minibatch"":3,""moving_forward_kl"":0.000872234464623034},{""action_mean_shift"":0.0016419548774138093,""actor_gradient_norm_pre_clip"":25.248361587524414,""behavior_approximate_kl"":0.00047990799066610634,""clip_fraction"":0.127197265625,""epoch"":2,""minibatch"":4,""moving_forward_kl"":0.0005836277268826962}]",0.0005843329709023237,0.27692307692307694,8.084615384615384,-4.897975551165067,0.7230769230769231,8,42463b11ac651aa54bab10da52111fd81ad57f9fe93d1f96dc16d2c53ee27b1c,b9ed234d09d301cf8fd56cb95b2d489d56b6db00ea2c05d90e561fd2c976178c,0.07132185995578766,0.024302605539560318,0.015867600217461586,0.14463134109973907,0.00903408695012331,0.001980265835300088,0.07113239169120789,0.03509223088622093,0.011438663117587566,0.0928533747792244,0.008896443992853165,0.001196576631627977,0.07117971032857895,0.024030735716223717,0.015833010897040367,0.14474362134933472,0.008854866027832031,0.001917234854772687,0.07104061543941498,0.03501824289560318,0.011418826878070831,0.09288214147090912,0.008809555321931839,0.0011899173259735107,0.5,0.8618890643119812,local_success_50,0.032379448879510164,0.032379448879510164,residual,0.05,6771.0,6615.05078125,888.0,0.35829971730709076
