training_seed,domain,pair_index,baseline_success,final_success,baseline_fell,final_fell,baseline_intervention_per_riser,final_intervention_per_riser
42,DQH,0,0,0,1,1,4.0,0.4000000059604645
42,DQH,1,0,0,1,1,1.8000000715255737,7.333333492279053
42,DQH,2,0,0,1,1,3.3333334922790527,2.375
42,DQH,3,0,0,1,1,0.375,2.857142925262451
42,DQH,4,0,0,1,1,1.625,1.875
42,DQH,5,0,0,1,1,2.1111111640930176,0.8888888955116272
42,DQH,6,0,1,1,0,5.0,0.1111111119389534
42,DQH,7,0,1,1,0,4.142857551574707,0.0
42,DQH,8,0,0,1,1,1.0,1.2222222089767456
42,DQH,9,1,1,0,0,0.0,0.1111111119389534
42,DQH,10,1,1,0,0,0.2222222238779068,0.6666666865348816
42,DQH,11,1,1,0,0,0.2222222238779068,0.1111111119389534
42,DQH,12,1,0,0,1,0.0,0.3333333432674408
42,DQH,13,0,1,1,0,1.0,0.1111111119389534
42,DQH,14,1,1,0,0,0.2222222238779068,0.0
42,DQH,15,1,1,0,0,0.2222222238779068,0.0
42,DQH,16,1,1,0,0,0.2222222238779068,0.3333333432674408
42,DQH,17,1,1,0,0,0.0,0.3333333432674408
42,DQH,18,1,0,0,1,0.2222222238779068,0.8888888955116272
42,DQH,19,1,1,0,0,0.1111111119389534,0.4444444477558136
42,DQH,20,1,1,0,0,0.1111111119389534,0.2222222238779068
42,DQH,21,1,1,0,0,0.0,0.0
42,DQH,22,1,1,0,0,0.0,0.2222222238779068
42,DQH,23,1,1,0,0,0.3333333432674408,0.1111111119389534
42,DQH,24,1,1,0,0,0.0,0.2222222238779068
42,DQH,25,1,1,0,0,0.1111111119389534,0.1111111119389534
42,DQH,26,1,1,0,0,0.2222222238779068,0.2222222238779068
42,DQH,27,1,1,0,0,0.6666666865348816,0.2222222238779068
42,DQH,28,1,1,0,0,0.4444444477558136,0.3333333432674408
42,DQH,29,1,1,0,0,0.1111111119389534,0.1111111119389534
42,DQH,30,1,1,0,0,0.5555555820465088,0.0
42,DQH,31,1,1,0,0,0.2222222238779068,0.2222222238779068
42,DQH,32,1,1,0,0,0.6666666865348816,0.2222222238779068
42,DQH,33,1,1,0,0,0.0,0.3333333432674408
42,DQH,34,1,1,0,0,0.4444444477558136,0.0
42,DQH,35,1,1,0,0,0.2222222238779068,0.3333333432674408
42,DQH,36,0,1,1,0,1.571428656578064,0.1111111119389534
42,DQH,37,1,1,0,0,0.2222222238779068,0.0
42,DQH,38,1,1,0,0,0.4444444477558136,0.2222222238779068
42,DQH,39,1,0,0,1,0.2222222238779068,3.0
42,DQH,40,0,1,1,0,0.3333333432674408,0.3333333432674408
42,DQH,41,1,1,0,0,0.3333333432674408,0.1111111119389534
42,DQH,42,1,1,0,0,0.2222222238779068,0.2222222238779068
42,DQH,43,1,1,0,0,0.0,0.3333333432674408
42,DQH,44,1,1,0,0,0.3333333432674408,0.0
42,DQH,45,1,1,0,0,0.2222222238779068,0.2222222238779068
42,DQH,46,1,1,0,0,0.3333333432674408,0.2222222238779068
42,DQH,47,1,1,0,0,0.1111111119389534,0.3333333432674408
42,DQH,48,1,0,0,1,0.1111111119389534,0.8888888955116272
42,DQH,49,1,1,0,0,0.2222222238779068,0.1111111119389534
42,DQH,50,1,1,0,0,0.4444444477558136,0.1111111119389534
42,DQH,51,1,1,0,0,0.2222222238779068,0.4444444477558136
42,DQH,52,1,1,0,0,0.1111111119389534,0.7777777910232544
42,DQH,53,1,1,0,0,0.2222222238779068,0.4444444477558136
42,DQH,54,1,1,0,0,0.5555555820465088,0.2222222238779068
42,DQH,55,1,1,0,0,0.2222222238779068,0.3333333432674408
42,DQH,56,1,1,0,0,0.7777777910232544,0.5555555820465088
42,DQH,57,1,1,0,0,0.3333333432674408,0.2222222238779068
42,DQH,58,1,1,0,0,0.1111111119389534,0.1111111119389534
42,DQH,59,1,1,0,0,0.3333333432674408,0.0
42,DQH,60,1,1,0,0,0.3333333432674408,0.4444444477558136
42,DQH,61,1,1,0,0,0.5555555820465088,0.1111111119389534
42,DQH,62,1,1,0,0,0.3333333432674408,1.0
42,DQH,63,1,1,0,0,0.2222222238779068,0.7777777910232544
42,DQH,64,1,1,0,0,0.4444444477558136,0.3333333432674408
42,DQH,65,1,1,0,0,0.4444444477558136,0.3333333432674408
42,DQH,66,1,1,0,0,0.4444444477558136,0.6666666865348816
42,DQH,67,1,1,0,0,0.2222222238779068,0.2222222238779068
42,DQH,68,1,1,0,0,0.3333333432674408,0.4444444477558136
42,DQH,69,1,1,0,0,1.1111111640930176,0.2222222238779068
42,DQH,70,1,1,0,0,0.2222222238779068,0.4444444477558136
42,DQH,71,1,1,0,0,0.6666666865348816,0.4444444477558136
42,DQH,72,1,1,0,0,0.5555555820465088,0.1111111119389534
42,DQH,73,1,1,0,0,0.5555555820465088,0.4444444477558136
42,DQH,74,1,1,0,0,1.2222222089767456,0.3333333432674408
42,DQH,75,1,1,0,0,1.6666666269302368,0.2222222238779068
42,DQH,76,1,1,0,0,0.7777777910232544,0.6666666865348816
42,DQH,77,1,1,0,0,0.5555555820465088,0.5555555820465088
42,DQH,78,1,1,0,0,0.3333333432674408,0.2222222238779068
42,DQH,79,1,1,0,0,1.2222222089767456,0.3333333432674408
42,DQH,80,1,1,0,0,0.3333333432674408,0.5555555820465088
42,DQH,81,1,1,0,0,0.4444444477558136,0.8888888955116272
42,DQH,82,1,1,0,0,0.6666666865348816,0.3333333432674408
42,DQH,83,1,1,0,0,0.6666666865348816,0.1111111119389534
42,DQH,84,1,1,0,0,1.2222222089767456,0.8888888955116272
42,DQH,85,1,1,0,0,0.6666666865348816,0.7777777910232544
42,DQH,86,1,1,0,0,1.5555555820465088,0.4444444477558136
42,DQH,87,1,1,0,0,0.3333333432674408,0.2222222238779068
42,DQH,88,1,1,0,0,0.6666666865348816,0.3333333432674408
42,DQH,89,1,1,0,0,0.7777777910232544,0.4444444477558136
42,DQH,90,1,1,0,0,0.6666666865348816,0.1111111119389534
42,DQH,91,1,1,0,0,0.4444444477558136,0.4444444477558136
42,DQH,92,1,1,0,0,0.1111111119389534,0.8888888955116272
42,DQH,93,1,1,0,0,1.1111111640930176,0.8888888955116272
42,DQH,94,1,1,0,0,1.1111111640930176,0.1111111119389534
42,DQH,95,1,1,0,0,0.5555555820465088,0.4444444477558136
42,DQH,96,1,1,0,0,0.6666666865348816,0.6666666865348816
42,DQH,97,1,1,0,0,0.6666666865348816,0.4444444477558136
42,DQH,98,1,1,0,0,1.0,1.1111111640930176
42,DQH,99,1,1,0,0,1.1111111640930176,0.5555555820465088
42,DQH,100,1,1,0,0,0.4444444477558136,1.2222222089767456
42,DQH,101,1,1,0,0,0.4444444477558136,0.4444444477558136
42,DQH,102,1,1,0,0,0.6666666865348816,1.3333333730697632
42,DQH,103,1,1,0,0,1.7777777910232544,1.2222222089767456
42,DQH,104,1,1,0,0,1.1111111640930176,0.7777777910232544
42,DQH,105,1,1,0,0,0.8888888955116272,0.6666666865348816
42,DQH,106,1,1,0,0,0.3333333432674408,0.0
42,DQH,107,1,1,0,0,0.6666666865348816,1.2222222089767456
42,DQH,108,1,1,0,0,1.1111111640930176,1.1111111640930176
42,DQH,109,1,1,0,0,1.4444444179534912,0.8888888955116272
42,DQH,110,1,1,0,0,1.0,2.1111111640930176
42,DQH,111,1,1,0,0,1.0,1.1111111640930176
42,DQH,112,1,1,0,0,1.1111111640930176,0.8888888955116272
42,DQH,113,1,1,0,0,0.4444444477558136,0.8888888955116272
42,DQH,114,1,1,0,0,0.3333333432674408,1.6666666269302368
42,DQH,115,1,1,0,0,1.3333333730697632,1.0
42,DQH,116,1,1,0,0,1.1111111640930176,1.3333333730697632
42,DQH,117,1,1,0,0,0.4444444477558136,1.0
42,DQH,118,1,1,0,0,1.888888955116272,1.0
42,DQH,119,1,1,0,0,1.1111111640930176,1.1111111640930176
42,DQH,120,1,1,0,0,1.1111111640930176,0.2222222238779068
42,DQH,121,1,1,0,0,1.888888955116272,1.0
42,DQH,122,1,1,0,0,1.7777777910232544,1.5555555820465088
42,DQH,123,1,1,0,0,1.3333333730697632,1.1111111640930176
42,DQH,124,1,1,0,0,1.5555555820465088,1.888888955116272
42,DQH,125,1,1,0,0,0.7777777910232544,0.5555555820465088
42,DQH,126,1,1,0,0,1.5555555820465088,1.7777777910232544
42,DQH,127,1,1,0,0,1.3333333730697632,1.888888955116272
42,DQH,128,0,0,1,1,8.5,9.5
42,DQH,129,0,0,1,1,2.25,0.6666666865348816
42,DQH,130,0,0,1,1,3.4000000953674316,2.142857313156128
42,DQH,131,0,0,1,1,3.0,1.25
42,DQH,132,0,0,1,1,1.4285714626312256,1.571428656578064
42,DQH,133,0,0,1,1,1.75,1.25
42,DQH,134,0,0,1,1,2.142857313156128,2.125
42,DQH,135,1,1,0,0,0.1111111119389534,0.0
42,DQH,136,0,1,1,0,0.7777777910232544,0.2222222238779068
42,DQH,137,1,1,0,0,0.1111111119389534,0.1111111119389534
42,DQH,138,1,1,0,0,0.1111111119389534,0.0
42,DQH,139,1,0,0,1,0.1111111119389534,1.5
42,DQH,140,1,0,0,1,0.2222222238779068,1.7142858505249023
42,DQH,141,0,1,1,0,3.125,0.0
42,DQH,142,0,1,1,0,0.7777777910232544,0.3333333432674408
42,DQH,143,1,1,0,0,0.2222222238779068,0.0
42,DQH,144,1,1,0,0,0.0,0.0
42,DQH,145,1,1,0,0,0.4444444477558136,0.3333333432674408
42,DQH,146,1,1,0,0,0.3333333432674408,0.1111111119389534
42,DQH,147,1,1,0,0,0.0,0.3333333432674408
42,DQH,148,1,1,0,0,0.1111111119389534,0.6666666865348816
42,DQH,149,1,1,0,0,0.5555555820465088,0.1111111119389534
42,DQH,150,1,1,0,0,0.4444444477558136,0.2222222238779068
42,DQH,151,1,0,0,1,0.0,1.2222222089767456
42,DQH,152,1,1,0,0,0.1111111119389534,0.3333333432674408
42,DQH,153,1,1,0,0,0.6666666865348816,0.2222222238779068
42,DQH,154,1,1,0,0,0.5555555820465088,0.4444444477558136
42,DQH,155,1,1,0,0,0.2222222238779068,0.3333333432674408
42,DQH,156,1,1,0,0,0.5555555820465088,0.1111111119389534
42,DQH,157,1,1,0,0,0.1111111119389534,0.2222222238779068
42,DQH,158,1,1,0,0,0.2222222238779068,0.1111111119389534
42,DQH,159,1,1,0,0,0.1111111119389534,0.1111111119389534
42,DQH,160,1,1,0,0,1.0,0.2222222238779068
42,DQH,161,1,0,0,1,0.3333333432674408,0.4444444477558136
42,DQH,162,1,0,0,1,0.3333333432674408,0.6666666865348816
42,DQH,163,1,1,0,0,0.3333333432674408,0.7777777910232544
42,DQH,164,1,1,0,0,0.2222222238779068,0.3333333432674408
42,DQH,165,0,1,1,0,1.1111111640930176,0.3333333432674408
42,DQH,166,1,1,0,0,0.0,0.3333333432674408
42,DQH,167,1,1,0,0,0.3333333432674408,0.3333333432674408
42,DQH,168,1,1,0,0,0.2222222238779068,0.6666666865348816
42,DQH,169,1,1,0,0,0.1111111119389534,0.3333333432674408
42,DQH,170,1,1,0,0,0.0,0.2222222238779068
42,DQH,171,1,0,0,1,0.6666666865348816,2.222222328186035
42,DQH,172,1,1,0,0,0.1111111119389534,0.3333333432674408
42,DQH,173,1,1,0,0,0.2222222238779068,0.4444444477558136
42,DQH,174,1,1,0,0,0.6666666865348816,0.2222222238779068
42,DQH,175,1,1,0,0,0.4444444477558136,0.6666666865348816
42,DQH,176,1,1,0,0,0.0,0.4444444477558136
42,DQH,177,1,1,0,0,0.2222222238779068,1.1111111640930176
42,DQH,178,1,1,0,0,0.1111111119389534,0.1111111119389534
42,DQH,179,1,1,0,0,0.3333333432674408,0.4444444477558136
42,DQH,180,1,1,0,0,0.3333333432674408,0.3333333432674408
42,DQH,181,1,1,0,0,0.5555555820465088,0.4444444477558136
42,DQH,182,1,1,0,0,0.1111111119389534,0.6666666865348816
42,DQH,183,1,1,0,0,0.2222222238779068,0.1111111119389534
42,DQH,184,1,1,0,0,0.3333333432674408,0.1111111119389534
42,DQH,185,1,1,0,0,0.3333333432674408,0.6666666865348816
42,DQH,186,1,1,0,0,0.2222222238779068,0.4444444477558136
42,DQH,187,1,1,0,0,0.2222222238779068,0.5555555820465088
42,DQH,188,1,1,0,0,0.0,0.4444444477558136
42,DQH,189,1,1,0,0,0.4444444477558136,0.1111111119389534
42,DQH,190,1,1,0,0,0.6666666865348816,0.4444444477558136
42,DQH,191,1,1,0,0,0.6666666865348816,0.2222222238779068
42,DQH,192,1,1,0,0,0.5555555820465088,0.8888888955116272
42,DQH,193,1,1,0,0,0.4444444477558136,0.7777777910232544
42,DQH,194,0,1,1,0,2.222222328186035,1.0
42,DQH,195,1,1,0,0,1.1111111640930176,0.0
42,DQH,196,1,1,0,0,0.4444444477558136,0.6666666865348816
42,DQH,197,1,1,0,0,0.3333333432674408,0.4444444477558136
42,DQH,198,1,1,0,0,0.6666666865348816,0.2222222238779068
42,DQH,199,1,1,0,0,0.2222222238779068,0.0
42,DQH,200,1,1,0,0,0.5555555820465088,0.6666666865348816
42,DQH,201,1,1,0,0,0.4444444477558136,0.3333333432674408
42,DQH,202,1,1,0,0,0.5555555820465088,0.3333333432674408
42,DQH,203,1,1,0,0,0.5555555820465088,0.3333333432674408
42,DQH,204,1,1,0,0,0.3333333432674408,0.5555555820465088
42,DQH,205,1,1,0,0,0.6666666865348816,0.3333333432674408
42,DQH,206,1,1,0,0,0.7777777910232544,0.5555555820465088
42,DQH,207,1,1,0,0,0.7777777910232544,0.6666666865348816
42,DQH,208,1,1,0,0,1.3333333730697632,1.2222222089767456
42,DQH,209,1,1,0,0,0.6666666865348816,0.5555555820465088
42,DQH,210,1,1,0,0,0.6666666865348816,1.1111111640930176
42,DQH,211,1,1,0,0,1.0,0.5555555820465088
42,DQH,212,1,1,0,0,0.3333333432674408,0.6666666865348816
42,DQH,213,1,1,0,0,0.3333333432674408,0.7777777910232544
42,DQH,214,1,1,0,0,0.0,0.5555555820465088
42,DQH,215,1,1,0,0,0.5555555820465088,1.1111111640930176
42,DQH,216,1,1,0,0,0.4444444477558136,1.6666666269302368
42,DQH,217,1,0,0,1,0.5555555820465088,0.4444444477558136
42,DQH,218,1,1,0,0,0.5555555820465088,0.6666666865348816
42,DQH,219,1,1,0,0,0.5555555820465088,1.3333333730697632
42,DQH,220,1,1,0,0,0.4444444477558136,0.5555555820465088
42,DQH,221,0,1,1,0,0.4444444477558136,0.2222222238779068
42,DQH,222,1,1,0,0,0.5555555820465088,1.6666666269302368
42,DQH,223,1,1,0,0,0.8888888955116272,1.7777777910232544
42,DQH,224,1,1,0,0,0.2222222238779068,1.2222222089767456
42,DQH,225,1,1,0,0,1.2222222089767456,0.1111111119389534
42,DQH,226,1,1,0,0,1.4444444179534912,0.7777777910232544
42,DQH,227,1,1,0,0,1.1111111640930176,0.5555555820465088
42,DQH,228,1,1,0,0,0.5555555820465088,1.4444444179534912
42,DQH,229,1,1,0,0,1.0,0.8888888955116272
42,DQH,230,1,1,0,0,0.3333333432674408,0.2222222238779068
42,DQH,231,1,1,0,0,0.8888888955116272,1.888888955116272
42,DQH,232,1,1,0,0,1.2222222089767456,0.4444444477558136
42,DQH,233,1,1,0,0,1.6666666269302368,1.2222222089767456
42,DQH,234,1,1,0,0,1.4444444179534912,0.1111111119389534
42,DQH,235,1,1,0,0,0.6666666865348816,0.6666666865348816
42,DQH,236,1,1,0,0,0.5555555820465088,0.8888888955116272
42,DQH,237,1,1,0,0,0.7777777910232544,2.1111111640930176
42,DQH,238,1,1,0,0,1.5555555820465088,1.1111111640930176
42,DQH,239,1,1,0,0,0.5555555820465088,1.2222222089767456
42,DQH,240,1,1,0,0,0.5555555820465088,1.6666666269302368
42,DQH,241,1,1,0,0,1.5555555820465088,1.0
42,DQH,242,1,1,0,0,1.3333333730697632,1.5555555820465088
42,DQH,243,1,1,0,0,1.2222222089767456,1.6666666269302368
42,DQH,244,1,1,0,0,1.0,1.2222222089767456
42,DQH,245,1,1,0,0,1.2222222089767456,1.5555555820465088
42,DQH,246,1,1,0,0,1.6666666269302368,0.2222222238779068
42,DQH,247,1,1,0,0,0.5555555820465088,1.3333333730697632
42,DQH,248,1,1,0,0,1.1111111640930176,1.3333333730697632
42,DQH,249,1,1,0,0,1.3333333730697632,0.7777777910232544
42,DQH,250,1,1,0,0,1.888888955116272,0.8888888955116272
42,DQH,251,1,1,0,0,0.7777777910232544,1.3333333730697632
42,DQH,252,1,1,0,0,1.6666666269302368,0.4444444477558136
42,DQH,253,1,1,0,0,2.1111111640930176,2.3333332538604736
42,DQH,254,1,1,0,0,1.0,1.888888955116272
42,DQH,255,1,1,0,0,2.222222328186035,0.7777777910232544
42,DQH,256,0,0,1,1,3.200000047683716,3.0
42,DQH,257,0,0,1,1,1.8333333730697632,2.0
42,DQH,258,0,0,1,1,2.2857143878936768,2.200000047683716
42,DQH,259,0,0,1,1,0.5555555820465088,3.799999952316284
42,DQH,260,1,0,0,1,0.2222222238779068,1.8333333730697632
42,DQH,261,1,0,0,1,0.3333333432674408,1.0
42,DQH,262,1,1,0,0,0.3333333432674408,0.1111111119389534
42,DQH,263,0,1,1,0,1.25,0.2222222238779068
42,DQH,264,1,1,0,0,0.1111111119389534,0.2222222238779068
42,DQH,265,0,1,1,0,4.0,0.1111111119389534
42,DQH,266,1,1,0,0,0.1111111119389534,0.0
42,DQH,267,1,1,0,0,0.0,0.0
42,DQH,268,1,1,0,0,0.0,0.3333333432674408
42,DQH,269,1,1,0,0,0.0,0.2222222238779068
42,DQH,270,1,1,0,0,0.2222222238779068,0.0
42,DQH,271,1,1,0,0,0.2222222238779068,0.1111111119389534
42,DQH,272,1,0,0,1,0.2222222238779068,0.3333333432674408
42,DQH,273,0,1,1,0,0.4444444477558136,0.2222222238779068
42,DQH,274,1,1,0,0,0.2222222238779068,0.0
42,DQH,275,1,1,0,0,0.1111111119389534,0.0
42,DQH,276,1,1,0,0,0.2222222238779068,0.2222222238779068
42,DQH,277,1,1,0,0,0.0,0.2222222238779068
42,DQH,278,1,1,0,0,0.4444444477558136,0.0
42,DQH,279,1,1,0,0,0.5555555820465088,0.0
42,DQH,280,1,1,0,0,0.3333333432674408,0.3333333432674408
42,DQH,281,1,1,0,0,0.2222222238779068,0.2222222238779068
42,DQH,282,1,1,0,0,0.1111111119389534,0.3333333432674408
42,DQH,283,1,1,0,0,0.2222222238779068,0.1111111119389534
42,DQH,284,1,1,0,0,0.1111111119389534,0.2222222238779068
42,DQH,285,1,1,0,0,0.2222222238779068,0.1111111119389534
42,DQH,286,1,1,0,0,0.2222222238779068,0.0
42,DQH,287,1,1,0,0,0.1111111119389534,0.2222222238779068
42,DQH,288,1,1,0,0,0.1111111119389534,0.1111111119389534
42,DQH,289,1,1,0,0,0.3333333432674408,0.5555555820465088
42,DQH,290,1,1,0,0,0.0,0.4444444477558136
42,DQH,291,1,1,0,0,0.6666666865348816,0.4444444477558136
42,DQH,292,1,1,0,0,0.2222222238779068,0.2222222238779068
42,DQH,293,1,1,0,0,0.3333333432674408,0.3333333432674408
42,DQH,294,1,1,0,0,0.2222222238779068,0.0
42,DQH,295,1,1,0,0,0.1111111119389534,0.2222222238779068
42,DQH,296,1,1,0,0,0.5555555820465088,0.3333333432674408
42,DQH,297,1,1,0,0,0.1111111119389534,0.1111111119389534
42,DQH,298,1,1,0,0,0.2222222238779068,0.5555555820465088
42,DQH,299,1,0,0,1,0.0,0.1111111119389534
42,DQH,300,1,1,0,0,0.4444444477558136,0.6666666865348816
42,DQH,301,1,1,0,0,0.0,0.0
42,DQH,302,1,1,0,0,0.4444444477558136,0.1111111119389534
42,DQH,303,1,1,0,0,0.2222222238779068,0.2222222238779068
42,DQH,304,1,1,0,0,0.4444444477558136,0.2222222238779068
42,DQH,305,1,1,0,0,0.1111111119389534,0.0
42,DQH,306,1,1,0,0,0.0,0.0
42,DQH,307,1,1,0,0,0.7777777910232544,0.1111111119389534
42,DQH,308,1,1,0,0,0.6666666865348816,0.3333333432674408
42,DQH,309,1,1,0,0,0.6666666865348816,0.2222222238779068
42,DQH,310,1,1,0,0,0.6666666865348816,0.2222222238779068
42,DQH,311,1,1,0,0,0.3333333432674408,0.1111111119389534
42,DQH,312,1,1,0,0,0.0,0.7777777910232544
42,DQH,313,1,1,0,0,0.1111111119389534,0.2222222238779068
42,DQH,314,1,1,0,0,0.2222222238779068,0.1111111119389534
42,DQH,315,1,1,0,0,0.2222222238779068,0.4444444477558136
42,DQH,316,1,1,0,0,0.2222222238779068,0.3333333432674408
42,DQH,317,1,1,0,0,1.1111111640930176,0.5555555820465088
42,DQH,318,1,1,0,0,0.1111111119389534,0.3333333432674408
42,DQH,319,1,1,0,0,0.3333333432674408,0.3333333432674408
42,DQH,320,1,1,0,0,0.2222222238779068,0.1111111119389534
42,DQH,321,1,1,0,0,0.4444444477558136,0.3333333432674408
42,DQH,322,1,1,0,0,0.4444444477558136,0.1111111119389534
42,DQH,323,1,1,0,0,0.0,0.7777777910232544
42,DQH,324,1,1,0,0,0.3333333432674408,0.4444444477558136
42,DQH,325,1,1,0,0,0.6666666865348816,0.2222222238779068
42,DQH,326,1,1,0,0,0.4444444477558136,0.2222222238779068
42,DQH,327,1,1,0,0,0.5555555820465088,0.3333333432674408
42,DQH,328,1,1,0,0,0.3333333432674408,0.0
42,DQH,329,0,1,1,0,2.3333332538604736,0.0
42,DQH,330,1,1,0,0,0.1111111119389534,0.5555555820465088
42,DQH,331,1,1,0,0,0.4444444477558136,0.7777777910232544
42,DQH,332,1,1,0,0,1.1111111640930176,0.3333333432674408
42,DQH,333,1,1,0,0,0.4444444477558136,0.8888888955116272
42,DQH,334,1,1,0,0,0.4444444477558136,0.2222222238779068
42,DQH,335,1,1,0,0,0.2222222238779068,0.3333333432674408
42,DQH,336,0,1,1,0,0.3333333432674408,0.1111111119389534
42,DQH,337,1,1,0,0,0.5555555820465088,0.2222222238779068
42,DQH,338,1,1,0,0,0.7777777910232544,1.7777777910232544
42,DQH,339,1,1,0,0,0.6666666865348816,0.2222222238779068
42,DQH,340,1,1,0,0,0.6666666865348816,0.3333333432674408
42,DQH,341,1,1,0,0,0.3333333432674408,0.3333333432674408
42,DQH,342,1,1,0,0,0.7777777910232544,0.2222222238779068
42,DQH,343,1,1,0,0,1.0,0.4444444477558136
42,DQH,344,1,1,0,0,0.7777777910232544,0.2222222238779068
42,DQH,345,1,1,0,0,1.1111111640930176,0.5555555820465088
42,DQH,346,0,1,1,0,0.4444444477558136,0.3333333432674408
42,DQH,347,1,1,0,0,0.4444444477558136,0.2222222238779068
42,DQH,348,0,1,1,0,2.0,0.3333333432674408
42,DQH,349,1,1,0,0,1.0,0.7777777910232544
42,DQH,350,1,0,0,1,0.5555555820465088,1.1111111640930176
42,DQH,351,1,1,0,0,0.6666666865348816,0.3333333432674408
42,DQH,352,1,1,0,0,1.2222222089767456,1.0
42,DQH,353,1,1,0,0,0.5555555820465088,0.4444444477558136
42,DQH,354,1,1,0,0,1.1111111640930176,1.0
42,DQH,355,1,1,0,0,0.6666666865348816,0.3333333432674408
42,DQH,356,1,0,0,1,1.3333333730697632,0.5555555820465088
42,DQH,357,1,1,0,0,0.6666666865348816,1.5555555820465088
42,DQH,358,1,1,0,0,0.3333333432674408,0.7777777910232544
42,DQH,359,1,1,0,0,0.1111111119389534,0.2222222238779068
42,DQH,360,1,1,0,0,1.2222222089767456,0.1111111119389534
42,DQH,361,1,1,0,0,0.3333333432674408,1.0
42,DQH,362,1,1,0,0,0.6666666865348816,0.5555555820465088
42,DQH,363,1,1,0,0,0.2222222238779068,1.5555555820465088
42,DQH,364,1,1,0,0,1.5555555820465088,1.3333333730697632
42,DQH,365,1,1,0,0,1.5555555820465088,0.3333333432674408
42,DQH,366,1,1,0,0,1.3333333730697632,0.6666666865348816
42,DQH,367,1,1,0,0,1.5555555820465088,0.5555555820465088
42,DQH,368,1,0,0,1,0.7777777910232544,0.8888888955116272
42,DQH,369,1,1,0,0,1.2222222089767456,0.7777777910232544
42,DQH,370,1,1,0,0,1.1111111640930176,1.3333333730697632
42,DQH,371,1,1,0,0,0.4444444477558136,0.0
42,DQH,372,1,1,0,0,1.0,0.4444444477558136
42,DQH,373,1,1,0,0,1.0,1.7777777910232544
42,DQH,374,1,1,0,0,0.8888888955116272,1.1111111640930176
42,DQH,375,1,1,0,0,0.5555555820465088,1.0
42,DQH,376,1,1,0,0,0.2222222238779068,0.7777777910232544
42,DQH,377,1,1,0,0,1.2222222089767456,0.7777777910232544
42,DQH,378,1,1,0,0,1.0,1.888888955116272
42,DQH,379,1,1,0,0,2.222222328186035,1.0
42,DQH,380,1,1,0,0,1.888888955116272,0.8888888955116272
42,DQH,381,1,1,0,0,1.4444444179534912,1.3333333730697632
42,DQH,382,1,1,0,0,1.2222222089767456,1.1111111640930176
42,DQH,383,1,1,0,0,2.8888888359069824,1.2222222089767456
42,DQH,384,0,0,1,1,2.5,9.5
42,DQH,385,0,0,1,1,2.7142858505249023,0.6666666865348816
42,DQH,386,0,0,1,1,3.7142858505249023,5.25
42,DQH,387,0,0,1,1,1.8571429252624512,0.5714285969734192
42,DQH,388,0,0,1,1,0.625,4.200000286102295
42,DQH,389,0,0,1,1,1.875,3.799999952316284
42,DQH,390,1,0,0,1,0.2222222238779068,3.5714287757873535
42,DQH,391,0,0,1,1,0.5555555820465088,3.8333334922790527
42,DQH,392,0,0,1,1,0.2222222238779068,0.8888888955116272
42,DQH,393,1,0,0,1,0.3333333432674408,0.4444444477558136
42,DQH,394,1,1,0,0,0.1111111119389534,0.1111111119389534
42,DQH,395,1,1,0,0,0.1111111119389534,0.0
42,DQH,396,1,1,0,0,0.1111111119389534,0.1111111119389534
42,DQH,397,0,1,1,0,2.5,0.3333333432674408
42,DQH,398,1,1,0,0,0.2222222238779068,0.6666666865348816
42,DQH,399,1,1,0,0,0.1111111119389534,0.0
42,DQH,400,1,1,0,0,0.0,0.2222222238779068
42,DQH,401,1,1,0,0,0.3333333432674408,0.0
42,DQH,402,1,1,0,0,0.0,0.0
42,DQH,403,1,1,0,0,0.2222222238779068,0.1111111119389534
42,DQH,404,1,1,0,0,0.1111111119389534,0.5555555820465088
42,DQH,405,1,1,0,0,0.4444444477558136,0.0
42,DQH,406,1,1,0,0,0.3333333432674408,0.3333333432674408
42,DQH,407,1,1,0,0,0.3333333432674408,0.1111111119389534
42,DQH,408,1,1,0,0,0.0,0.2222222238779068
42,DQH,409,1,1,0,0,0.3333333432674408,0.1111111119389534
42,DQH,410,1,1,0,0,0.2222222238779068,0.1111111119389534
42,DQH,411,1,1,0,0,0.0,0.2222222238779068
42,DQH,412,1,1,0,0,0.2222222238779068,0.1111111119389534
42,DQH,413,1,1,0,0,0.0,0.3333333432674408
42,DQH,414,1,1,0,0,1.2222222089767456,0.2222222238779068
42,DQH,415,1,1,0,0,0.1111111119389534,0.1111111119389534
42,DQH,416,1,1,0,0,0.0,0.4444444477558136
42,DQH,417,1,1,0,0,0.1111111119389534,0.2222222238779068
42,DQH,418,1,1,0,0,0.0,0.3333333432674408
42,DQH,419,0,1,1,0,2.5,0.0
42,DQH,420,0,0,1,1,0.5555555820465088,1.625
42,DQH,421,1,1,0,0,0.1111111119389534,0.3333333432674408
42,DQH,422,1,1,0,0,0.2222222238779068,0.6666666865348816
42,DQH,423,1,1,0,0,0.5555555820465088,0.3333333432674408
42,DQH,424,1,1,0,0,0.1111111119389534,0.3333333432674408
42,DQH,425,1,1,0,0,0.3333333432674408,0.4444444477558136
42,DQH,426,1,1,0,0,0.5555555820465088,0.4444444477558136
42,DQH,427,1,1,0,0,0.4444444477558136,0.4444444477558136
42,DQH,428,1,1,0,0,0.3333333432674408,0.2222222238779068
42,DQH,429,1,1,0,0,0.3333333432674408,0.4444444477558136
42,DQH,430,1,1,0,0,0.5555555820465088,0.4444444477558136
42,DQH,431,1,1,0,0,0.3333333432674408,0.1111111119389534
42,DQH,432,1,1,0,0,0.2222222238779068,0.1111111119389534
42,DQH,433,1,1,0,0,0.2222222238779068,0.2222222238779068
42,DQH,434,1,1,0,0,0.1111111119389534,0.4444444477558136
42,DQH,435,1,1,0,0,0.4444444477558136,0.2222222238779068
42,DQH,436,1,1,0,0,0.3333333432674408,0.4444444477558136
42,DQH,437,1,1,0,0,0.3333333432674408,0.2222222238779068
42,DQH,438,1,1,0,0,0.1111111119389534,0.2222222238779068
42,DQH,439,1,1,0,0,0.1111111119389534,0.3333333432674408
42,DQH,440,1,1,0,0,0.0,0.2222222238779068
42,DQH,441,1,1,0,0,0.7777777910232544,0.0
42,DQH,442,1,1,0,0,1.0,0.2222222238779068
42,DQH,443,1,1,0,0,0.5555555820465088,0.2222222238779068
42,DQH,444,0,1,1,0,2.375,0.2222222238779068
42,DQH,445,1,1,0,0,0.3333333432674408,0.3333333432674408
42,DQH,446,1,1,0,0,0.4444444477558136,0.1111111119389534
42,DQH,447,0,1,1,0,0.4444444477558136,0.4444444477558136
42,DQH,448,1,1,0,0,0.3333333432674408,0.7777777910232544
42,DQH,449,1,1,0,0,0.4444444477558136,0.4444444477558136
42,DQH,450,1,0,0,1,0.3333333432674408,0.8888888955116272
42,DQH,451,1,1,0,0,0.4444444477558136,0.2222222238779068
42,DQH,452,1,1,0,0,0.1111111119389534,0.5555555820465088
42,DQH,453,1,1,0,0,0.3333333432674408,0.2222222238779068
42,DQH,454,1,1,0,0,0.3333333432674408,0.4444444477558136
42,DQH,455,1,1,0,0,0.3333333432674408,1.1111111640930176
42,DQH,456,1,1,0,0,0.6666666865348816,0.4444444477558136
42,DQH,457,1,1,0,0,1.0,0.2222222238779068
42,DQH,458,1,1,0,0,0.5555555820465088,0.0
42,DQH,459,1,1,0,0,0.1111111119389534,0.6666666865348816
42,DQH,460,1,1,0,0,0.1111111119389534,0.3333333432674408
42,DQH,461,1,1,0,0,0.3333333432674408,0.7777777910232544
42,DQH,462,1,1,0,0,0.6666666865348816,0.5555555820465088
42,DQH,463,1,1,0,0,0.6666666865348816,0.3333333432674408
42,DQH,464,1,1,0,0,0.6666666865348816,0.4444444477558136
42,DQH,465,1,1,0,0,0.6666666865348816,0.1111111119389534
42,DQH,466,1,1,0,0,0.5555555820465088,0.2222222238779068
42,DQH,467,1,1,0,0,0.3333333432674408,0.5555555820465088
42,DQH,468,1,1,0,0,0.3333333432674408,0.3333333432674408
42,DQH,469,1,1,0,0,0.5555555820465088,0.2222222238779068
42,DQH,470,1,1,0,0,0.0,0.3333333432674408
42,DQH,471,0,1,1,0,0.6666666865348816,0.1111111119389534
42,DQH,472,1,1,0,0,0.7777777910232544,0.7777777910232544
42,DQH,473,1,1,0,0,1.0,0.5555555820465088
42,DQH,474,1,1,0,0,1.0,0.2222222238779068
42,DQH,475,1,1,0,0,0.5555555820465088,0.4444444477558136
42,DQH,476,1,1,0,0,0.4444444477558136,0.3333333432674408
42,DQH,477,1,0,0,1,1.2222222089767456,0.0
42,DQH,478,1,1,0,0,1.6666666269302368,0.6666666865348816
42,DQH,479,1,1,0,0,0.3333333432674408,0.6666666865348816
42,DQH,480,1,1,0,0,0.3333333432674408,1.6666666269302368
42,DQH,481,1,1,0,0,0.6666666865348816,0.1111111119389534
42,DQH,482,1,1,0,0,0.7777777910232544,0.5555555820465088
42,DQH,483,1,1,0,0,0.2222222238779068,0.3333333432674408
42,DQH,484,1,1,0,0,0.8888888955116272,1.0
42,DQH,485,1,1,0,0,0.6666666865348816,1.3333333730697632
42,DQH,486,1,1,0,0,1.1111111640930176,0.6666666865348816
42,DQH,487,1,1,0,0,0.6666666865348816,0.7777777910232544
42,DQH,488,1,1,0,0,0.6666666865348816,0.3333333432674408
42,DQH,489,1,1,0,0,0.8888888955116272,1.5555555820465088
42,DQH,490,1,1,0,0,0.5555555820465088,1.4444444179534912
42,DQH,491,1,1,0,0,1.0,0.1111111119389534
42,DQH,492,1,1,0,0,0.8888888955116272,1.888888955116272
42,DQH,493,1,1,0,0,0.4444444477558136,1.0
42,DQH,494,1,1,0,0,0.8888888955116272,1.0
42,DQH,495,1,1,0,0,0.2222222238779068,1.2222222089767456
42,DQH,496,1,1,0,0,1.1111111640930176,1.5555555820465088
42,DQH,497,1,1,0,0,0.7777777910232544,0.7777777910232544
42,DQH,498,1,1,0,0,0.7777777910232544,0.6666666865348816
42,DQH,499,1,1,0,0,0.8888888955116272,1.7777777910232544
42,DQH,500,1,1,0,0,0.7777777910232544,1.6666666269302368
42,DQH,501,1,1,0,0,1.3333333730697632,0.1111111119389534
42,DQH,502,1,1,0,0,1.2222222089767456,2.555555582046509
42,DQH,503,1,1,0,0,0.5555555820465088,1.7777777910232544
42,DQH,504,1,1,0,0,1.0,1.2222222089767456
42,DQH,505,1,1,0,0,1.2222222089767456,2.0
42,DQH,506,1,1,0,0,0.6666666865348816,0.4444444477558136
42,DQH,507,1,1,0,0,0.8888888955116272,1.0
42,DQH,508,1,1,0,0,1.4444444179534912,1.0
42,DQH,509,1,1,0,0,1.2222222089767456,2.555555582046509
42,DQH,510,1,1,0,0,1.2222222089767456,1.6666666269302368
42,DQH,511,1,0,0,1,3.3333332538604736,0.7777777910232544
142,DQH,0,0,0,1,1,3.3333334922790527,7.6666669845581055
142,DQH,1,0,0,1,1,3.6666667461395264,3.75
142,DQH,2,0,0,1,1,3.4000000953674316,0.5
142,DQH,3,0,0,1,1,4.75,1.399999976158142
142,DQH,4,0,0,1,1,1.8571429252624512,3.799999952316284
142,DQH,5,0,0,1,1,0.75,2.0
142,DQH,6,0,0,1,1,3.8333334922790527,0.5555555820465088
142,DQH,7,0,0,1,1,1.0,19.5
142,DQH,8,0,1,1,0,2.125,0.6666666865348816
142,DQH,9,0,1,1,0,0.2222222238779068,0.1111111119389534
142,DQH,10,1,1,0,0,0.2222222238779068,0.1111111119389534
142,DQH,11,1,1,0,0,0.1111111119389534,0.0
142,DQH,12,1,1,0,0,0.2222222238779068,0.0
142,DQH,13,1,1,0,0,0.3333333432674408,0.0
142,DQH,14,0,1,1,0,1.2222222089767456,0.2222222238779068
142,DQH,15,1,0,0,1,0.1111111119389534,3.25
142,DQH,16,1,1,0,0,0.3333333432674408,0.3333333432674408
142,DQH,17,1,1,0,0,0.2222222238779068,0.4444444477558136
142,DQH,18,0,1,1,0,3.0,0.2222222238779068
142,DQH,19,1,1,0,0,0.2222222238779068,0.3333333432674408
142,DQH,20,1,1,0,0,0.3333333432674408,0.2222222238779068
142,DQH,21,1,1,0,0,0.3333333432674408,0.2222222238779068
142,DQH,22,1,1,0,0,0.4444444477558136,0.2222222238779068
142,DQH,23,1,1,0,0,0.3333333432674408,0.2222222238779068
142,DQH,24,1,1,0,0,0.2222222238779068,0.3333333432674408
142,DQH,25,1,1,0,0,0.2222222238779068,0.0
142,DQH,26,1,1,0,0,0.0,0.2222222238779068
142,DQH,27,1,1,0,0,0.4444444477558136,0.2222222238779068
142,DQH,28,1,1,0,0,0.5555555820465088,0.1111111119389534
142,DQH,29,1,1,0,0,0.1111111119389534,0.3333333432674408
142,DQH,30,1,1,0,0,0.1111111119389534,0.1111111119389534
142,DQH,31,0,1,1,0,0.3333333432674408,0.3333333432674408
142,DQH,32,1,1,0,0,0.2222222238779068,0.2222222238779068
142,DQH,33,1,1,0,0,0.3333333432674408,0.3333333432674408
142,DQH,34,1,1,0,0,0.1111111119389534,0.5555555820465088
142,DQH,35,1,1,0,0,0.0,0.1111111119389534
142,DQH,36,1,1,0,0,0.1111111119389534,0.6666666865348816
142,DQH,37,1,1,0,0,0.4444444477558136,0.3333333432674408
142,DQH,38,1,1,0,0,0.4444444477558136,0.4444444477558136
142,DQH,39,1,1,0,0,0.1111111119389534,0.3333333432674408
142,DQH,40,1,1,0,0,0.1111111119389534,0.2222222238779068
142,DQH,41,1,1,0,0,0.4444444477558136,0.2222222238779068
142,DQH,42,1,1,0,0,0.4444444477558136,0.4444444477558136
142,DQH,43,1,1,0,0,0.3333333432674408,0.2222222238779068
142,DQH,44,1,1,0,0,0.2222222238779068,0.2222222238779068
142,DQH,45,1,1,0,0,0.0,0.2222222238779068
142,DQH,46,1,1,0,0,0.3333333432674408,0.3333333432674408
142,DQH,47,1,1,0,0,0.1111111119389534,0.2222222238779068
142,DQH,48,1,1,0,0,0.2222222238779068,0.7777777910232544
142,DQH,49,1,1,0,0,0.2222222238779068,0.3333333432674408
142,DQH,50,1,1,0,0,0.1111111119389534,0.4444444477558136
142,DQH,51,1,1,0,0,0.2222222238779068,0.2222222238779068
142,DQH,52,1,1,0,0,0.2222222238779068,0.1111111119389534
142,DQH,53,1,1,0,0,0.2222222238779068,0.2222222238779068
142,DQH,54,1,1,0,0,0.6666666865348816,0.3333333432674408
142,DQH,55,1,1,0,0,0.1111111119389534,0.2222222238779068
142,DQH,56,1,1,0,0,0.2222222238779068,0.3333333432674408
142,DQH,57,1,1,0,0,0.2222222238779068,0.1111111119389534
142,DQH,58,1,1,0,0,0.4444444477558136,0.8888888955116272
142,DQH,59,0,1,1,0,2.222222328186035,0.3333333432674408
142,DQH,60,1,1,0,0,0.1111111119389534,0.3333333432674408
142,DQH,61,1,1,0,0,0.6666666865348816,0.2222222238779068
142,DQH,62,1,1,0,0,0.3333333432674408,0.3333333432674408
142,DQH,63,0,1,1,0,3.375,0.6666666865348816
142,DQH,64,1,1,0,0,0.4444444477558136,0.7777777910232544
142,DQH,65,1,1,0,0,0.6666666865348816,1.0
142,DQH,66,1,1,0,0,0.4444444477558136,0.2222222238779068
142,DQH,67,1,1,0,0,0.4444444477558136,0.4444444477558136
142,DQH,68,1,1,0,0,0.3333333432674408,0.7777777910232544
142,DQH,69,1,1,0,0,0.8888888955116272,0.7777777910232544
142,DQH,70,1,1,0,0,0.4444444477558136,0.4444444477558136
142,DQH,71,1,1,0,0,0.6666666865348816,0.3333333432674408
142,DQH,72,1,1,0,0,0.5555555820465088,1.4444444179534912
142,DQH,73,1,1,0,0,1.2222222089767456,0.6666666865348816
142,DQH,74,1,1,0,0,1.1111111640930176,0.2222222238779068
142,DQH,75,1,1,0,0,0.6666666865348816,0.6666666865348816
142,DQH,76,1,1,0,0,0.5555555820465088,0.5555555820465088
142,DQH,77,1,1,0,0,0.8888888955116272,0.5555555820465088
142,DQH,78,1,1,0,0,0.4444444477558136,0.7777777910232544
142,DQH,79,1,1,0,0,0.6666666865348816,1.0
142,DQH,80,1,1,0,0,2.0,0.2222222238779068
142,DQH,81,1,1,0,0,0.3333333432674408,0.4444444477558136
142,DQH,82,0,1,1,0,0.5555555820465088,1.0
142,DQH,83,1,1,0,0,0.0,0.7777777910232544
142,DQH,84,1,1,0,0,1.5555555820465088,0.7777777910232544
142,DQH,85,1,1,0,0,0.5555555820465088,0.4444444477558136
142,DQH,86,1,1,0,0,0.5555555820465088,0.8888888955116272
142,DQH,87,1,1,0,0,0.8888888955116272,1.2222222089767456
142,DQH,88,1,1,0,0,0.7777777910232544,1.4444444179534912
142,DQH,89,1,1,0,0,1.3333333730697632,0.3333333432674408
142,DQH,90,1,1,0,0,0.8888888955116272,1.0
142,DQH,91,1,1,0,0,0.8888888955116272,0.2222222238779068
142,DQH,92,1,1,0,0,1.888888955116272,0.5555555820465088
142,DQH,93,1,1,0,0,1.0,0.2222222238779068
142,DQH,94,1,1,0,0,0.4444444477558136,0.4444444477558136
142,DQH,95,1,1,0,0,0.7777777910232544,0.8888888955116272
142,DQH,96,1,1,0,0,1.0,1.2222222089767456
142,DQH,97,1,1,0,0,0.6666666865348816,1.0
142,DQH,98,1,1,0,0,0.5555555820465088,1.2222222089767456
142,DQH,99,1,1,0,0,0.6666666865348816,1.888888955116272
142,DQH,100,1,1,0,0,1.6666666269302368,0.8888888955116272
142,DQH,101,1,1,0,0,1.2222222089767456,0.7777777910232544
142,DQH,102,1,1,0,0,1.4444444179534912,2.1111111640930176
142,DQH,103,1,1,0,0,0.5555555820465088,0.6666666865348816
142,DQH,104,1,1,0,0,1.6666666269302368,1.5555555820465088
142,DQH,105,1,1,0,0,0.6666666865348816,2.222222328186035
142,DQH,106,1,1,0,0,0.4444444477558136,1.7777777910232544
142,DQH,107,1,1,0,0,1.3333333730697632,1.1111111640930176
142,DQH,108,1,1,0,0,1.2222222089767456,1.0
142,DQH,109,1,1,0,0,0.7777777910232544,1.888888955116272
142,DQH,110,0,1,1,0,1.1111111640930176,1.7777777910232544
142,DQH,111,1,1,0,0,0.7777777910232544,1.5555555820465088
142,DQH,112,1,1,0,0,0.7777777910232544,1.4444444179534912
142,DQH,113,1,1,0,0,1.2222222089767456,1.0
142,DQH,114,1,1,0,0,1.1111111640930176,1.6666666269302368
142,DQH,115,0,1,1,0,1.3333333730697632,1.2222222089767456
142,DQH,116,1,1,0,0,1.1111111640930176,1.5555555820465088
142,DQH,117,1,1,0,0,1.2222222089767456,0.8888888955116272
142,DQH,118,1,1,0,0,0.4444444477558136,1.3333333730697632
142,DQH,119,1,1,0,0,0.4444444477558136,1.1111111640930176
142,DQH,120,1,1,0,0,1.1111111640930176,1.2222222089767456
142,DQH,121,1,1,0,0,1.2222222089767456,2.555555582046509
142,DQH,122,1,1,0,0,1.3333333730697632,0.8888888955116272
142,DQH,123,1,1,0,0,1.5555555820465088,3.0
142,DQH,124,1,1,0,0,3.1111111640930176,2.0
142,DQH,125,1,1,0,0,1.3333333730697632,2.777777910232544
142,DQH,126,1,1,0,0,1.5555555820465088,1.1111111640930176
142,DQH,127,1,0,0,1,0.7777777910232544,0.5555555820465088
142,DQH,128,0,0,1,1,2.1666667461395264,5.400000095367432
142,DQH,129,0,0,1,1,2.4285714626312256,5.400000095367432
142,DQH,130,0,0,1,1,3.4285717010498047,1.875
142,DQH,131,0,1,1,0,2.375,0.0
142,DQH,132,0,1,1,0,2.142857313156128,0.2222222238779068
142,DQH,133,0,1,1,0,0.0,0.1111111119389534
142,DQH,134,1,1,0,0,0.2222222238779068,0.1111111119389534
142,DQH,135,1,0,0,1,0.2222222238779068,0.7777777910232544
142,DQH,136,1,0,0,1,0.1111111119389534,1.888888955116272
142,DQH,137,1,1,0,0,0.0,0.3333333432674408
142,DQH,138,1,1,0,0,0.2222222238779068,0.1111111119389534
142,DQH,139,1,1,0,0,0.1111111119389534,0.2222222238779068
142,DQH,140,0,1,1,0,0.1111111119389534,0.0
142,DQH,141,1,1,0,0,0.1111111119389534,0.0
142,DQH,142,1,1,0,0,0.2222222238779068,0.2222222238779068
142,DQH,143,1,1,0,0,0.3333333432674408,0.2222222238779068
142,DQH,144,1,1,0,0,0.1111111119389534,0.3333333432674408
142,DQH,145,1,1,0,0,0.1111111119389534,0.3333333432674408
142,DQH,146,1,1,0,0,0.1111111119389534,0.0
142,DQH,147,1,1,0,0,0.0,0.2222222238779068
142,DQH,148,1,1,0,0,0.4444444477558136,0.0
142,DQH,149,1,1,0,0,0.1111111119389534,0.4444444477558136
142,DQH,150,1,1,0,0,0.2222222238779068,0.0
142,DQH,151,1,1,0,0,0.2222222238779068,0.1111111119389534
142,DQH,152,1,1,0,0,0.5555555820465088,0.5555555820465088
142,DQH,153,1,1,0,0,0.0,0.0
142,DQH,154,1,1,0,0,0.1111111119389534,0.3333333432674408
142,DQH,155,0,1,1,0,4.857142925262451,0.2222222238779068
142,DQH,156,1,1,0,0,0.1111111119389534,0.2222222238779068
142,DQH,157,1,0,0,1,0.5555555820465088,3.7142858505249023
142,DQH,158,1,0,0,1,0.2222222238779068,1.1111111640930176
142,DQH,159,1,0,0,1,0.6666666865348816,0.3333333432674408
142,DQH,160,1,1,0,0,0.1111111119389534,0.5555555820465088
142,DQH,161,1,1,0,0,0.3333333432674408,0.2222222238779068
142,DQH,162,1,1,0,0,0.1111111119389534,0.2222222238779068
142,DQH,163,1,1,0,0,0.2222222238779068,0.5555555820465088
142,DQH,164,1,1,0,0,0.3333333432674408,0.4444444477558136
142,DQH,165,1,1,0,0,0.1111111119389534,0.4444444477558136
142,DQH,166,1,1,0,0,0.3333333432674408,0.2222222238779068
142,DQH,167,1,1,0,0,0.0,0.1111111119389534
142,DQH,168,1,1,0,0,0.6666666865348816,0.3333333432674408
142,DQH,169,1,1,0,0,0.3333333432674408,0.3333333432674408
142,DQH,170,1,1,0,0,0.1111111119389534,0.1111111119389534
142,DQH,171,1,1,0,0,0.2222222238779068,0.6666666865348816
142,DQH,172,1,1,0,0,0.4444444477558136,0.5555555820465088
142,DQH,173,1,1,0,0,0.2222222238779068,0.1111111119389534
142,DQH,174,1,1,0,0,0.6666666865348816,0.3333333432674408
142,DQH,175,1,1,0,0,0.0,0.2222222238779068
142,DQH,176,1,1,0,0,0.1111111119389534,0.6666666865348816
142,DQH,177,1,1,0,0,0.2222222238779068,0.3333333432674408
142,DQH,178,1,1,0,0,0.2222222238779068,0.5555555820465088
142,DQH,179,1,1,0,0,0.3333333432674408,0.5555555820465088
142,DQH,180,1,1,0,0,0.1111111119389534,0.7777777910232544
142,DQH,181,1,1,0,0,0.1111111119389534,0.4444444477558136
142,DQH,182,0,1,1,0,0.75,0.5555555820465088
142,DQH,183,1,1,0,0,0.7777777910232544,0.7777777910232544
142,DQH,184,1,1,0,0,0.7777777910232544,1.0
142,DQH,185,1,1,0,0,0.4444444477558136,0.8888888955116272
142,DQH,186,1,1,0,0,0.1111111119389534,0.4444444477558136
142,DQH,187,1,1,0,0,0.2222222238779068,0.3333333432674408
142,DQH,188,1,1,0,0,0.3333333432674408,0.5555555820465088
142,DQH,189,1,1,0,0,0.5555555820465088,0.8888888955116272
142,DQH,190,1,1,0,0,0.3333333432674408,0.5555555820465088
142,DQH,191,1,1,0,0,0.1111111119389534,0.3333333432674408
142,DQH,192,1,1,0,0,0.8888888955116272,0.4444444477558136
142,DQH,193,1,1,0,0,0.2222222238779068,1.3333333730697632
142,DQH,194,1,1,0,0,0.1111111119389534,1.1111111640930176
142,DQH,195,1,1,0,0,0.0,0.5555555820465088
142,DQH,196,1,1,0,0,1.2222222089767456,0.2222222238779068
142,DQH,197,1,1,0,0,0.2222222238779068,1.3333333730697632
142,DQH,198,1,1,0,0,0.6666666865348816,0.2222222238779068
142,DQH,199,1,1,0,0,0.7777777910232544,0.6666666865348816
142,DQH,200,1,1,0,0,0.8888888955116272,0.8888888955116272
142,DQH,201,1,1,0,0,0.4444444477558136,0.4444444477558136
142,DQH,202,1,1,0,0,0.6666666865348816,0.6666666865348816
142,DQH,203,1,1,0,0,0.5555555820465088,0.4444444477558136
142,DQH,204,1,1,0,0,0.5555555820465088,0.7777777910232544
142,DQH,205,1,1,0,0,0.5555555820465088,0.4444444477558136
142,DQH,206,1,1,0,0,0.8888888955116272,1.3333333730697632
142,DQH,207,0,1,1,0,0.6666666865348816,0.6666666865348816
142,DQH,208,1,1,0,0,1.1111111640930176,0.7777777910232544
142,DQH,209,1,1,0,0,0.6666666865348816,0.6666666865348816
142,DQH,210,1,1,0,0,1.4444444179534912,0.2222222238779068
142,DQH,211,1,1,0,0,0.7777777910232544,0.8888888955116272
142,DQH,212,1,0,0,1,0.4444444477558136,0.4444444477558136
142,DQH,213,1,1,0,0,0.4444444477558136,0.3333333432674408
142,DQH,214,1,1,0,0,0.5555555820465088,0.8888888955116272
142,DQH,215,1,1,0,0,0.4444444477558136,0.5555555820465088
142,DQH,216,1,1,0,0,0.1111111119389534,0.8888888955116272
142,DQH,217,1,1,0,0,0.6666666865348816,0.7777777910232544
142,DQH,218,0,0,1,1,0.1111111119389534,0.5555555820465088
142,DQH,219,1,1,0,0,1.3333333730697632,1.0
142,DQH,220,1,1,0,0,0.6666666865348816,1.1111111640930176
142,DQH,221,1,1,0,0,0.3333333432674408,1.4444444179534912
142,DQH,222,1,1,0,0,0.5555555820465088,0.8888888955116272
142,DQH,223,1,1,0,0,0.4444444477558136,0.5555555820465088
142,DQH,224,1,1,0,0,0.8888888955116272,1.4444444179534912
142,DQH,225,1,1,0,0,0.8888888955116272,1.2222222089767456
142,DQH,226,1,1,0,0,1.0,0.6666666865348816
142,DQH,227,1,1,0,0,1.3333333730697632,1.1111111640930176
142,DQH,228,1,1,0,0,0.7777777910232544,0.6666666865348816
142,DQH,229,1,1,0,0,0.3333333432674408,0.3333333432674408
142,DQH,230,1,1,0,0,0.4444444477558136,0.6666666865348816
142,DQH,231,1,1,0,0,1.0,1.2222222089767456
142,DQH,232,1,1,0,0,0.4444444477558136,1.7777777910232544
142,DQH,233,0,1,1,0,1.6666666269302368,2.0
142,DQH,234,1,1,0,0,0.8888888955116272,0.4444444477558136
142,DQH,235,1,1,0,0,0.8888888955116272,1.0
142,DQH,236,1,0,0,1,0.4444444477558136,0.5555555820465088
142,DQH,237,1,0,0,1,1.4444444179534912,0.8888888955116272
142,DQH,238,1,1,0,0,1.0,1.7777777910232544
142,DQH,239,1,1,0,0,1.1111111640930176,0.7777777910232544
142,DQH,240,1,1,0,0,0.6666666865348816,1.6666666269302368
142,DQH,241,1,1,0,0,1.5555555820465088,1.4444444179534912
142,DQH,242,1,1,0,0,1.1111111640930176,1.3333333730697632
142,DQH,243,1,1,0,0,1.3333333730697632,0.4444444477558136
142,DQH,244,1,1,0,0,1.4444444179534912,1.888888955116272
142,DQH,245,1,1,0,0,0.7777777910232544,0.2222222238779068
142,DQH,246,1,1,0,0,0.2222222238779068,1.7777777910232544
142,DQH,247,1,1,0,0,0.6666666865348816,1.6666666269302368
142,DQH,248,1,1,0,0,1.2222222089767456,0.8888888955116272
142,DQH,249,1,1,0,0,1.1111111640930176,1.1111111640930176
142,DQH,250,1,1,0,0,1.4444444179534912,0.8888888955116272
142,DQH,251,1,1,0,0,1.7777777910232544,1.5555555820465088
142,DQH,252,1,0,0,1,1.2222222089767456,2.777777910232544
142,DQH,253,1,1,0,0,0.7777777910232544,1.6666666269302368
142,DQH,254,1,1,0,0,1.888888955116272,1.1111111640930176
142,DQH,255,1,1,0,0,1.7777777910232544,1.888888955116272
142,DQH,256,0,0,1,1,0.3333333432674408,2.5
142,DQH,257,0,0,1,1,2.5,1.6666667461395264
142,DQH,258,0,0,1,1,1.4285714626312256,1.4285714626312256
142,DQH,259,0,0,1,1,0.625,1.25
142,DQH,260,1,0,0,1,0.0,7.200000286102295
142,DQH,261,0,0,1,1,2.0,2.25
142,DQH,262,1,1,0,0,0.3333333432674408,0.0
142,DQH,263,0,1,1,0,1.625,0.2222222238779068
142,DQH,264,1,1,0,0,0.1111111119389534,0.2222222238779068
142,DQH,265,0,1,1,0,2.625,0.1111111119389534
142,DQH,266,1,1,0,0,0.0,0.0
142,DQH,267,1,1,0,0,0.0,0.4444444477558136
142,DQH,268,1,1,0,0,0.2222222238779068,0.1111111119389534
142,DQH,269,1,1,0,0,0.1111111119389534,0.3333333432674408
142,DQH,270,1,1,0,0,0.1111111119389534,0.3333333432674408
142,DQH,271,1,1,0,0,0.3333333432674408,0.0
142,DQH,272,1,1,0,0,0.1111111119389534,0.0
142,DQH,273,1,1,0,0,0.4444444477558136,0.1111111119389534
142,DQH,274,1,0,0,1,0.1111111119389534,0.3333333432674408
142,DQH,275,1,1,0,0,0.3333333432674408,0.2222222238779068
142,DQH,276,1,1,0,0,0.1111111119389534,0.1111111119389534
142,DQH,277,1,1,0,0,0.3333333432674408,0.1111111119389534
142,DQH,278,1,1,0,0,0.1111111119389534,0.2222222238779068
142,DQH,279,1,1,0,0,0.3333333432674408,0.2222222238779068
142,DQH,280,1,1,0,0,0.2222222238779068,0.2222222238779068
142,DQH,281,1,1,0,0,0.1111111119389534,0.5555555820465088
142,DQH,282,0,1,1,0,1.0,0.3333333432674408
142,DQH,283,0,1,1,0,0.3333333432674408,0.7777777910232544
142,DQH,284,1,1,0,0,0.3333333432674408,0.2222222238779068
142,DQH,285,1,1,0,0,0.1111111119389534,0.3333333432674408
142,DQH,286,1,1,0,0,0.2222222238779068,0.2222222238779068
142,DQH,287,1,1,0,0,0.1111111119389534,0.2222222238779068
142,DQH,288,1,1,0,0,0.4444444477558136,0.1111111119389534
142,DQH,289,1,1,0,0,0.2222222238779068,0.3333333432674408
142,DQH,290,1,1,0,0,0.1111111119389534,0.1111111119389534
142,DQH,291,1,1,0,0,0.4444444477558136,0.3333333432674408
142,DQH,292,1,1,0,0,0.2222222238779068,0.4444444477558136
142,DQH,293,1,1,0,0,0.3333333432674408,0.3333333432674408
142,DQH,294,1,1,0,0,0.6666666865348816,0.1111111119389534
142,DQH,295,1,1,0,0,0.1111111119389534,0.3333333432674408
142,DQH,296,1,1,0,0,0.3333333432674408,0.0
142,DQH,297,1,1,0,0,0.1111111119389534,0.7777777910232544
142,DQH,298,1,1,0,0,0.1111111119389534,0.1111111119389534
142,DQH,299,1,1,0,0,0.0,0.4444444477558136
142,DQH,300,1,1,0,0,0.0,0.2222222238779068
142,DQH,301,1,1,0,0,0.2222222238779068,0.2222222238779068
142,DQH,302,1,1,0,0,0.2222222238779068,0.1111111119389534
142,DQH,303,1,1,0,0,0.3333333432674408,0.3333333432674408
142,DQH,304,1,1,0,0,0.4444444477558136,0.2222222238779068
142,DQH,305,1,1,0,0,0.5555555820465088,0.3333333432674408
142,DQH,306,1,1,0,0,0.2222222238779068,0.6666666865348816
142,DQH,307,1,1,0,0,0.2222222238779068,0.4444444477558136
142,DQH,308,1,1,0,0,0.3333333432674408,0.3333333432674408
142,DQH,309,1,1,0,0,0.2222222238779068,0.5555555820465088
142,DQH,310,1,1,0,0,0.2222222238779068,0.0
142,DQH,311,1,1,0,0,1.0,0.5555555820465088
142,DQH,312,1,1,0,0,0.5555555820465088,0.3333333432674408
142,DQH,313,1,1,0,0,0.3333333432674408,0.1111111119389534
142,DQH,314,1,1,0,0,0.1111111119389534,0.1111111119389534
142,DQH,315,0,1,1,0,2.25,0.1111111119389534
142,DQH,316,1,1,0,0,0.3333333432674408,0.7777777910232544
142,DQH,317,1,0,0,1,1.1111111640930176,0.6666666865348816
142,DQH,318,1,1,0,0,0.4444444477558136,1.2222222089767456
142,DQH,319,1,1,0,0,0.7777777910232544,0.3333333432674408
142,DQH,320,1,1,0,0,0.6666666865348816,0.5555555820465088
142,DQH,321,1,0,0,1,0.4444444477558136,0.4444444477558136
142,DQH,322,1,1,0,0,1.2222222089767456,0.1111111119389534
142,DQH,323,1,1,0,0,0.3333333432674408,0.6666666865348816
142,DQH,324,1,1,0,0,0.3333333432674408,0.2222222238779068
142,DQH,325,1,1,0,0,0.5555555820465088,0.6666666865348816
142,DQH,326,1,1,0,0,0.3333333432674408,0.1111111119389534
142,DQH,327,1,1,0,0,0.3333333432674408,0.3333333432674408
142,DQH,328,1,1,0,0,0.5555555820465088,0.4444444477558136
142,DQH,329,1,1,0,0,0.3333333432674408,0.4444444477558136
142,DQH,330,1,1,0,0,0.7777777910232544,0.2222222238779068
142,DQH,331,1,1,0,0,0.4444444477558136,0.5555555820465088
142,DQH,332,1,1,0,0,0.4444444477558136,0.2222222238779068
142,DQH,333,1,1,0,0,0.4444444477558136,0.6666666865348816
142,DQH,334,1,1,0,0,0.4444444477558136,0.3333333432674408
142,DQH,335,1,1,0,0,0.4444444477558136,0.7777777910232544
142,DQH,336,1,1,0,0,0.2222222238779068,0.2222222238779068
142,DQH,337,1,1,0,0,0.5555555820465088,0.6666666865348816
142,DQH,338,1,1,0,0,0.8888888955116272,0.8888888955116272
142,DQH,339,1,1,0,0,1.1111111640930176,0.4444444477558136
142,DQH,340,1,1,0,0,0.1111111119389534,0.6666666865348816
142,DQH,341,1,0,0,1,1.3333333730697632,0.8888888955116272
142,DQH,342,1,0,0,1,0.3333333432674408,1.1111111640930176
142,DQH,343,1,1,0,0,0.5555555820465088,1.1111111640930176
142,DQH,344,1,1,0,0,0.3333333432674408,1.5555555820465088
142,DQH,345,1,1,0,0,0.5555555820465088,1.6666666269302368
142,DQH,346,1,1,0,0,0.2222222238779068,0.1111111119389534
142,DQH,347,1,1,0,0,0.7777777910232544,0.1111111119389534
142,DQH,348,1,1,0,0,0.4444444477558136,1.0
142,DQH,349,0,1,1,0,1.5555555820465088,1.2222222089767456
142,DQH,350,0,1,1,0,0.3333333432674408,0.6666666865348816
142,DQH,351,1,1,0,0,0.2222222238779068,0.1111111119389534
142,DQH,352,0,1,1,0,1.6666666269302368,0.7777777910232544
142,DQH,353,1,1,0,0,0.2222222238779068,1.2222222089767456
142,DQH,354,1,1,0,0,0.5555555820465088,0.4444444477558136
142,DQH,355,1,1,0,0,0.3333333432674408,0.5555555820465088
142,DQH,356,1,1,0,0,1.4444444179534912,0.2222222238779068
142,DQH,357,1,1,0,0,0.8888888955116272,0.8888888955116272
142,DQH,358,1,1,0,0,1.4444444179534912,0.8888888955116272
142,DQH,359,1,1,0,0,1.5555555820465088,1.4444444179534912
142,DQH,360,1,1,0,0,0.5555555820465088,1.2222222089767456
142,DQH,361,1,1,0,0,0.3333333432674408,1.2222222089767456
142,DQH,362,1,1,0,0,1.0,1.3333333730697632
142,DQH,363,1,1,0,0,0.5555555820465088,1.0
142,DQH,364,1,1,0,0,1.3333333730697632,2.0
142,DQH,365,1,1,0,0,1.4444444179534912,1.3333333730697632
142,DQH,366,1,1,0,0,0.8888888955116272,0.7777777910232544
142,DQH,367,1,1,0,0,1.0,1.888888955116272
142,DQH,368,1,1,0,0,0.8888888955116272,0.7777777910232544
142,DQH,369,1,1,0,0,0.8888888955116272,2.777777910232544
142,DQH,370,1,1,0,0,1.5555555820465088,0.4444444477558136
142,DQH,371,1,1,0,0,0.7777777910232544,2.1111111640930176
142,DQH,372,1,1,0,0,1.1111111640930176,1.1111111640930176
142,DQH,373,1,1,0,0,1.1111111640930176,0.6666666865348816
142,DQH,374,1,1,0,0,1.1111111640930176,2.1111111640930176
142,DQH,375,1,1,0,0,0.4444444477558136,1.2222222089767456
142,DQH,376,1,1,0,0,1.4444444179534912,2.0
142,DQH,377,1,1,0,0,1.2222222089767456,2.6666667461395264
142,DQH,378,1,1,0,0,1.7777777910232544,1.4444444179534912
142,DQH,379,0,1,1,0,2.222222328186035,2.444444417953491
142,DQH,380,1,1,0,0,0.4444444477558136,1.4444444179534912
142,DQH,381,1,1,0,0,1.4444444179534912,1.7777777910232544
142,DQH,382,1,1,0,0,1.2222222089767456,1.0
142,DQH,383,1,0,0,0,0.8888888955116272,18.88888931274414
142,DQH,384,0,0,1,1,0.3333333432674408,1.3333333730697632
142,DQH,385,0,0,1,1,1.3333333730697632,2.5
142,DQH,386,0,0,1,1,2.857142925262451,10.0
142,DQH,387,0,0,1,1,1.1428571939468384,1.875
142,DQH,388,0,0,1,1,2.0,1.125
142,DQH,389,0,0,1,1,0.2222222238779068,2.5
142,DQH,390,1,0,0,1,0.1111111119389534,0.2222222238779068
142,DQH,391,1,0,0,1,0.2222222238779068,1.125
142,DQH,392,1,1,0,0,0.2222222238779068,0.2222222238779068
142,DQH,393,1,1,0,0,0.0,0.1111111119389534
142,DQH,394,1,0,0,1,0.1111111119389534,0.6666666865348816
142,DQH,395,1,1,0,0,0.1111111119389534,0.0
142,DQH,396,1,1,0,0,0.3333333432674408,0.1111111119389534
142,DQH,397,0,1,1,0,2.444444417953491,0.2222222238779068
142,DQH,398,1,1,0,0,0.0,0.2222222238779068
142,DQH,399,1,1,0,0,0.1111111119389534,0.1111111119389534
142,DQH,400,1,1,0,0,0.2222222238779068,0.0
142,DQH,401,1,1,0,0,0.0,0.2222222238779068
142,DQH,402,1,1,0,0,0.7777777910232544,0.4444444477558136
142,DQH,403,1,1,0,0,0.0,0.1111111119389534
142,DQH,404,1,1,0,0,0.2222222238779068,0.2222222238779068
142,DQH,405,1,1,0,0,0.1111111119389534,0.2222222238779068
142,DQH,406,1,1,0,0,0.1111111119389534,0.1111111119389534
142,DQH,407,1,1,0,0,0.1111111119389534,0.3333333432674408
142,DQH,408,1,1,0,0,0.0,0.4444444477558136
142,DQH,409,1,1,0,0,0.0,0.1111111119389534
142,DQH,410,1,1,0,0,0.2222222238779068,0.1111111119389534
142,DQH,411,1,1,0,0,0.6666666865348816,0.1111111119389534
142,DQH,412,1,1,0,0,0.5555555820465088,0.3333333432674408
142,DQH,413,1,1,0,0,0.3333333432674408,0.2222222238779068
142,DQH,414,1,1,0,0,0.1111111119389534,0.1111111119389534
142,DQH,415,1,1,0,0,0.0,0.2222222238779068
142,DQH,416,1,1,0,0,0.3333333432674408,0.2222222238779068
142,DQH,417,1,1,0,0,0.3333333432674408,1.0
142,DQH,418,1,1,0,0,0.3333333432674408,0.1111111119389534
142,DQH,419,1,1,0,0,0.1111111119389534,0.1111111119389534
142,DQH,420,1,1,0,0,0.1111111119389534,0.3333333432674408
142,DQH,421,1,1,0,0,0.0,0.3333333432674408
142,DQH,422,1,1,0,0,0.0,0.0
142,DQH,423,1,1,0,0,0.1111111119389534,0.2222222238779068
142,DQH,424,0,1,1,0,0.8888888955116272,0.2222222238779068
142,DQH,425,1,1,0,0,0.1111111119389534,0.1111111119389534
142,DQH,426,0,1,1,0,3.375,0.3333333432674408
142,DQH,427,1,1,0,0,0.3333333432674408,0.0
142,DQH,428,1,1,0,0,0.4444444477558136,0.2222222238779068
142,DQH,429,1,1,0,0,0.2222222238779068,0.1111111119389534
142,DQH,430,1,1,0,0,0.0,0.1111111119389534
142,DQH,431,1,1,0,0,0.6666666865348816,0.4444444477558136
142,DQH,432,0,1,1,0,0.7777777910232544,0.1111111119389534
142,DQH,433,1,1,0,0,0.4444444477558136,0.1111111119389534
142,DQH,434,1,1,0,0,0.1111111119389534,0.3333333432674408
142,DQH,435,0,1,1,0,1.2222222089767456,0.2222222238779068
142,DQH,436,1,1,0,0,0.7777777910232544,0.1111111119389534
142,DQH,437,1,1,0,0,0.1111111119389534,0.8888888955116272
142,DQH,438,1,1,0,0,0.3333333432674408,0.2222222238779068
142,DQH,439,1,1,0,0,0.1111111119389534,0.4444444477558136
142,DQH,440,1,1,0,0,0.8888888955116272,0.2222222238779068
142,DQH,441,1,1,0,0,0.3333333432674408,0.3333333432674408
142,DQH,442,1,1,0,0,0.4444444477558136,0.1111111119389534
142,DQH,443,1,1,0,0,0.3333333432674408,0.4444444477558136
142,DQH,444,1,1,0,0,0.0,0.4444444477558136
142,DQH,445,1,1,0,0,0.2222222238779068,0.5555555820465088
142,DQH,446,1,0,0,1,0.4444444477558136,1.5
142,DQH,447,1,1,0,0,0.4444444477558136,0.6666666865348816
142,DQH,448,1,1,0,0,0.1111111119389534,0.2222222238779068
142,DQH,449,1,1,0,0,0.1111111119389534,0.4444444477558136
142,DQH,450,1,1,0,0,0.2222222238779068,0.2222222238779068
142,DQH,451,1,0,0,1,0.6666666865348816,1.875
142,DQH,452,1,1,0,0,0.1111111119389534,0.3333333432674408
142,DQH,453,1,1,0,0,0.4444444477558136,0.0
142,DQH,454,1,1,0,0,0.5555555820465088,0.4444444477558136
142,DQH,455,1,1,0,0,0.7777777910232544,0.5555555820465088
142,DQH,456,1,1,0,0,0.1111111119389534,0.4444444477558136
142,DQH,457,1,1,0,0,0.3333333432674408,0.5555555820465088
142,DQH,458,1,1,0,0,1.2222222089767456,0.5555555820465088
142,DQH,459,1,1,0,0,1.1111111640930176,0.4444444477558136
142,DQH,460,1,1,0,0,1.3333333730697632,0.3333333432674408
142,DQH,461,1,0,0,1,0.3333333432674408,0.5555555820465088
142,DQH,462,1,1,0,0,0.8888888955116272,0.3333333432674408
142,DQH,463,1,1,0,0,0.4444444477558136,0.1111111119389534
142,DQH,464,1,1,0,0,0.5555555820465088,0.6666666865348816
142,DQH,465,1,1,0,0,0.0,0.1111111119389534
142,DQH,466,1,1,0,0,0.2222222238779068,0.1111111119389534
142,DQH,467,1,1,0,0,0.5555555820465088,1.0
142,DQH,468,1,1,0,0,0.8888888955116272,0.6666666865348816
142,DQH,469,1,1,0,0,1.0,0.6666666865348816
142,DQH,470,1,1,0,0,1.1111111640930176,0.2222222238779068
142,DQH,471,1,1,0,0,0.5555555820465088,0.1111111119389534
142,DQH,472,1,1,0,0,0.8888888955116272,0.4444444477558136
142,DQH,473,0,1,1,0,0.8888888955116272,0.6666666865348816
142,DQH,474,1,1,0,0,1.1111111640930176,0.7777777910232544
142,DQH,475,1,1,0,0,0.8888888955116272,0.2222222238779068
142,DQH,476,1,1,0,0,0.2222222238779068,0.3333333432674408
142,DQH,477,1,1,0,0,0.5555555820465088,1.0
142,DQH,478,1,1,0,0,0.8888888955116272,0.8888888955116272
142,DQH,479,1,1,0,0,0.4444444477558136,1.0
142,DQH,480,1,1,0,0,0.2222222238779068,1.0
142,DQH,481,1,1,0,0,1.1111111640930176,0.7777777910232544
142,DQH,482,1,0,0,1,0.4444444477558136,0.1111111119389534
142,DQH,483,1,1,0,0,2.0,2.0
142,DQH,484,1,1,0,0,0.7777777910232544,1.0
142,DQH,485,1,1,0,0,0.8888888955116272,0.8888888955116272
142,DQH,486,1,1,0,0,1.1111111640930176,0.5555555820465088
142,DQH,487,1,1,0,0,1.4444444179534912,0.2222222238779068
142,DQH,488,1,1,0,0,0.4444444477558136,1.2222222089767456
142,DQH,489,1,1,0,0,0.4444444477558136,0.7777777910232544
142,DQH,490,1,1,0,0,1.0,1.2222222089767456
142,DQH,491,1,1,0,0,0.7777777910232544,2.1111111640930176
142,DQH,492,1,1,0,0,0.8888888955116272,1.3333333730697632
142,DQH,493,1,1,0,0,0.6666666865348816,1.3333333730697632
142,DQH,494,0,1,1,0,0.4444444477558136,1.888888955116272
142,DQH,495,1,1,0,0,1.4444444179534912,1.3333333730697632
142,DQH,496,1,1,0,0,1.5555555820465088,0.5555555820465088
142,DQH,497,1,1,0,0,1.6666666269302368,0.5555555820465088
142,DQH,498,1,1,0,0,0.6666666865348816,1.0
142,DQH,499,1,1,0,0,1.0,0.7777777910232544
142,DQH,500,1,1,0,0,0.8888888955116272,1.0
142,DQH,501,1,1,0,0,0.4444444477558136,0.7777777910232544
142,DQH,502,1,1,0,0,0.6666666865348816,0.3333333432674408
142,DQH,503,1,1,0,0,1.4444444179534912,1.3333333730697632
142,DQH,504,1,1,0,0,0.8888888955116272,1.1111111640930176
142,DQH,505,1,1,0,0,2.222222328186035,1.1111111640930176
142,DQH,506,1,1,0,0,1.2222222089767456,0.7777777910232544
142,DQH,507,1,1,0,0,2.6666667461395264,1.888888955116272
142,DQH,508,1,1,0,0,1.4444444179534912,2.444444417953491
142,DQH,509,1,1,0,0,1.1111111640930176,1.2222222089767456
142,DQH,510,1,1,0,0,1.2222222089767456,1.2222222089767456
142,DQH,511,1,1,0,0,3.777777910232544,1.1111111640930176
242,DQH,0,0,0,1,1,1.2000000476837158,1.0
242,DQH,1,0,0,1,1,0.6000000238418579,1.75
242,DQH,2,0,0,1,1,3.0,1.625
242,DQH,3,0,0,1,1,1.1428571939468384,1.3333333730697632
242,DQH,4,0,1,1,0,6.0,0.0
242,DQH,5,1,1,0,0,0.0,0.0
242,DQH,6,0,0,1,1,1.7142858505249023,0.8888888955116272
242,DQH,7,1,1,0,0,0.2222222238779068,0.2222222238779068
242,DQH,8,1,1,0,0,0.0,0.2222222238779068
242,DQH,9,1,1,0,0,0.1111111119389534,0.1111111119389534
242,DQH,10,1,0,0,1,0.0,3.857142925262451
242,DQH,11,1,1,0,0,0.0,0.2222222238779068
242,DQH,12,1,0,0,1,0.0,0.4444444477558136
242,DQH,13,0,0,1,1,0.3333333432674408,1.888888955116272
242,DQH,14,1,1,0,0,0.0,0.2222222238779068
242,DQH,15,1,1,0,0,0.2222222238779068,0.3333333432674408
242,DQH,16,1,1,0,0,0.2222222238779068,0.2222222238779068
242,DQH,17,1,1,0,0,0.2222222238779068,0.1111111119389534
242,DQH,18,1,1,0,0,0.1111111119389534,0.1111111119389534
242,DQH,19,1,1,0,0,0.0,0.2222222238779068
242,DQH,20,1,1,0,0,0.1111111119389534,0.0
242,DQH,21,1,1,0,0,0.2222222238779068,0.0
242,DQH,22,1,1,0,0,0.1111111119389534,0.1111111119389534
242,DQH,23,1,1,0,0,0.1111111119389534,0.1111111119389534
242,DQH,24,1,1,0,0,0.2222222238779068,0.0
242,DQH,25,1,1,0,0,0.3333333432674408,0.0
242,DQH,26,1,1,0,0,0.1111111119389534,0.2222222238779068
242,DQH,27,1,1,0,0,0.2222222238779068,0.6666666865348816
242,DQH,28,0,1,1,0,2.1111111640930176,0.4444444477558136
242,DQH,29,1,1,0,0,0.4444444477558136,0.4444444477558136
242,DQH,30,1,1,0,0,0.6666666865348816,0.3333333432674408
242,DQH,31,1,1,0,0,0.0,0.1111111119389534
242,DQH,32,1,1,0,0,0.2222222238779068,0.0
242,DQH,33,1,1,0,0,0.0,0.2222222238779068
242,DQH,34,0,1,1,0,0.5555555820465088,0.2222222238779068
242,DQH,35,1,1,0,0,0.1111111119389534,0.4444444477558136
242,DQH,36,1,1,0,0,0.1111111119389534,0.1111111119389534
242,DQH,37,1,0,0,1,0.5555555820465088,0.3333333432674408
242,DQH,38,1,1,0,0,0.2222222238779068,0.7777777910232544
242,DQH,39,1,1,0,0,0.3333333432674408,0.4444444477558136
242,DQH,40,1,1,0,0,0.2222222238779068,0.0
242,DQH,41,1,1,0,0,0.2222222238779068,0.2222222238779068
242,DQH,42,1,0,0,1,0.0,0.5555555820465088
242,DQH,43,1,1,0,0,1.1111111640930176,0.5555555820465088
242,DQH,44,1,1,0,0,0.3333333432674408,0.3333333432674408
242,DQH,45,1,1,0,0,0.0,0.4444444477558136
242,DQH,46,1,0,0,1,0.1111111119389534,2.8888888359069824
242,DQH,47,1,1,0,0,0.1111111119389534,0.4444444477558136
242,DQH,48,1,1,0,0,0.0,0.1111111119389534
242,DQH,49,1,1,0,0,0.1111111119389534,0.6666666865348816
242,DQH,50,1,1,0,0,0.1111111119389534,0.1111111119389534
242,DQH,51,1,1,0,0,0.2222222238779068,0.4444444477558136
242,DQH,52,1,1,0,0,0.1111111119389534,0.4444444477558136
242,DQH,53,1,1,0,0,0.3333333432674408,0.1111111119389534
242,DQH,54,0,1,1,0,0.5,0.2222222238779068
242,DQH,55,1,1,0,0,0.2222222238779068,0.1111111119389534
242,DQH,56,1,1,0,0,0.4444444477558136,0.3333333432674408
242,DQH,57,1,1,0,0,0.4444444477558136,0.3333333432674408
242,DQH,58,1,1,0,0,0.0,0.3333333432674408
242,DQH,59,1,1,0,0,0.6666666865348816,0.2222222238779068
242,DQH,60,1,1,0,0,0.3333333432674408,0.1111111119389534
242,DQH,61,1,1,0,0,0.7777777910232544,1.2222222089767456
242,DQH,62,1,1,0,0,1.2222222089767456,0.5555555820465088
242,DQH,63,1,1,0,0,0.2222222238779068,0.3333333432674408
242,DQH,64,1,1,0,0,0.1111111119389534,0.3333333432674408
242,DQH,65,1,1,0,0,0.8888888955116272,0.4444444477558136
242,DQH,66,1,1,0,0,0.7777777910232544,0.3333333432674408
242,DQH,67,1,1,0,0,0.2222222238779068,0.3333333432674408
242,DQH,68,1,1,0,0,0.7777777910232544,0.3333333432674408
242,DQH,69,1,1,0,0,0.5555555820465088,0.5555555820465088
242,DQH,70,1,1,0,0,0.1111111119389534,0.2222222238779068
242,DQH,71,1,1,0,0,0.3333333432674408,0.4444444477558136
242,DQH,72,1,1,0,0,0.3333333432674408,0.5555555820465088
242,DQH,73,1,1,0,0,0.8888888955116272,0.6666666865348816
242,DQH,74,1,1,0,0,0.6666666865348816,0.6666666865348816
242,DQH,75,1,1,0,0,0.5555555820465088,0.2222222238779068
242,DQH,76,1,1,0,0,0.2222222238779068,0.3333333432674408
242,DQH,77,1,1,0,0,0.5555555820465088,0.7777777910232544
242,DQH,78,1,1,0,0,0.6666666865348816,0.7777777910232544
242,DQH,79,1,1,0,0,0.5555555820465088,0.6666666865348816
242,DQH,80,1,1,0,0,0.1111111119389534,0.1111111119389534
242,DQH,81,1,1,0,0,0.5555555820465088,0.2222222238779068
242,DQH,82,1,1,0,0,0.5555555820465088,0.2222222238779068
242,DQH,83,1,1,0,0,0.7777777910232544,0.6666666865348816
242,DQH,84,1,1,0,0,0.2222222238779068,0.8888888955116272
242,DQH,85,1,1,0,0,0.4444444477558136,1.0
242,DQH,86,1,1,0,0,0.6666666865348816,0.7777777910232544
242,DQH,87,1,0,0,1,1.3333333730697632,0.4444444477558136
242,DQH,88,1,1,0,0,0.5555555820465088,1.888888955116272
242,DQH,89,1,1,0,0,0.7777777910232544,0.2222222238779068
242,DQH,90,1,1,0,0,2.1111111640930176,0.7777777910232544
242,DQH,91,1,1,0,0,0.2222222238779068,0.5555555820465088
242,DQH,92,1,1,0,0,0.5555555820465088,1.0
242,DQH,93,1,1,0,0,1.7777777910232544,0.8888888955116272
242,DQH,94,1,1,0,0,0.4444444477558136,0.6666666865348816
242,DQH,95,1,1,0,0,0.5555555820465088,0.6666666865348816
242,DQH,96,1,1,0,0,0.3333333432674408,0.6666666865348816
242,DQH,97,1,1,0,0,1.4444444179534912,1.6666666269302368
242,DQH,98,1,1,0,0,0.8888888955116272,0.8888888955116272
242,DQH,99,1,1,0,0,0.5555555820465088,0.6666666865348816
242,DQH,100,1,1,0,0,1.2222222089767456,0.6666666865348816
242,DQH,101,1,1,0,0,1.0,0.8888888955116272
242,DQH,102,1,1,0,0,0.6666666865348816,0.5555555820465088
242,DQH,103,1,1,0,0,1.3333333730697632,1.6666666269302368
242,DQH,104,1,1,0,0,0.7777777910232544,0.5555555820465088
242,DQH,105,0,1,1,0,3.000000238418579,1.7777777910232544
242,DQH,106,1,1,0,0,0.5555555820465088,1.3333333730697632
242,DQH,107,0,1,1,0,0.6666666865348816,1.2222222089767456
242,DQH,108,1,1,0,0,1.4444444179534912,1.2222222089767456
242,DQH,109,1,1,0,0,0.5555555820465088,0.8888888955116272
242,DQH,110,1,1,0,0,1.5555555820465088,0.5555555820465088
242,DQH,111,1,1,0,0,1.1111111640930176,1.2222222089767456
242,DQH,112,1,1,0,0,0.6666666865348816,1.1111111640930176
242,DQH,113,1,1,0,0,1.7777777910232544,1.1111111640930176
242,DQH,114,1,1,0,0,1.0,1.3333333730697632
242,DQH,115,1,1,0,0,1.4444444179534912,1.6666666269302368
242,DQH,116,1,1,0,0,0.7777777910232544,1.7777777910232544
242,DQH,117,1,1,0,0,1.3333333730697632,1.5555555820465088
242,DQH,118,1,1,0,0,1.888888955116272,0.8888888955116272
242,DQH,119,1,1,0,0,1.2222222089767456,1.6666666269302368
242,DQH,120,1,1,0,0,1.1111111640930176,0.8888888955116272
242,DQH,121,1,1,0,0,0.6666666865348816,1.7777777910232544
242,DQH,122,1,1,0,0,0.8888888955116272,0.6666666865348816
242,DQH,123,1,1,0,0,1.888888955116272,1.7777777910232544
242,DQH,124,1,1,0,0,1.5555555820465088,3.0
242,DQH,125,1,1,0,0,1.888888955116272,1.4444444179534912
242,DQH,126,1,1,0,0,0.6666666865348816,1.3333333730697632
242,DQH,127,1,1,0,0,0.8888888955116272,0.7777777910232544
242,DQH,128,0,0,1,1,1.3333333730697632,3.0
242,DQH,129,0,0,1,1,3.6000001430511475,0.4000000059604645
242,DQH,130,0,0,1,1,0.8571429252624512,1.2857143878936768
242,DQH,131,0,0,1,1,1.1428571939468384,2.857142925262451
242,DQH,132,0,0,1,1,1.888888955116272,1.5
242,DQH,133,0,0,1,1,3.5,3.25
242,DQH,134,0,0,1,1,0.8888888955116272,0.25
242,DQH,135,0,0,1,1,0.7777777910232544,2.200000047683716
242,DQH,136,0,0,1,1,1.3333333730697632,1.8000000715255737
242,DQH,137,1,0,0,1,0.1111111119389534,0.25
242,DQH,138,1,0,0,1,0.2222222238779068,2.222222328186035
242,DQH,139,1,1,0,0,0.0,0.3333333432674408
242,DQH,140,1,1,0,0,0.2222222238779068,0.1111111119389534
242,DQH,141,1,1,0,0,0.4444444477558136,0.1111111119389534
242,DQH,142,1,1,0,0,0.2222222238779068,0.1111111119389534
242,DQH,143,1,1,0,0,0.0,0.0
242,DQH,144,1,0,0,1,0.1111111119389534,1.0
242,DQH,145,1,1,0,0,0.2222222238779068,0.3333333432674408
242,DQH,146,1,1,0,0,0.1111111119389534,0.1111111119389534
242,DQH,147,1,1,0,0,0.1111111119389534,0.3333333432674408
242,DQH,148,1,1,0,0,0.1111111119389534,0.0
242,DQH,149,1,1,0,0,0.2222222238779068,0.2222222238779068
242,DQH,150,1,1,0,0,0.1111111119389534,0.1111111119389534
242,DQH,151,1,1,0,0,0.1111111119389534,0.1111111119389534
242,DQH,152,1,1,0,0,0.3333333432674408,0.0
242,DQH,153,1,1,0,0,0.1111111119389534,0.0
242,DQH,154,1,1,0,0,0.0,0.4444444477558136
242,DQH,155,1,1,0,0,0.1111111119389534,0.4444444477558136
242,DQH,156,1,1,0,0,0.3333333432674408,0.5555555820465088
242,DQH,157,1,1,0,0,0.1111111119389534,0.2222222238779068
242,DQH,158,1,1,0,0,0.0,0.1111111119389534
242,DQH,159,1,1,0,0,0.0,0.0
242,DQH,160,1,1,0,0,0.1111111119389534,0.3333333432674408
242,DQH,161,1,1,0,0,0.3333333432674408,0.2222222238779068
242,DQH,162,1,1,0,0,0.3333333432674408,0.2222222238779068
242,DQH,163,1,1,0,0,0.3333333432674408,0.3333333432674408
242,DQH,164,1,1,0,0,0.4444444477558136,0.2222222238779068
242,DQH,165,1,1,0,0,0.5555555820465088,0.4444444477558136
242,DQH,166,1,1,0,0,0.1111111119389534,0.2222222238779068
242,DQH,167,1,0,0,1,0.2222222238779068,0.3333333432674408
242,DQH,168,1,1,0,0,0.3333333432674408,0.2222222238779068
242,DQH,169,1,1,0,0,0.2222222238779068,0.6666666865348816
242,DQH,170,1,1,0,0,0.3333333432674408,0.2222222238779068
242,DQH,171,0,1,1,0,0.5555555820465088,0.6666666865348816
242,DQH,172,1,1,0,0,0.2222222238779068,0.1111111119389534
242,DQH,173,1,1,0,0,0.2222222238779068,0.0
242,DQH,174,1,0,0,1,0.2222222238779068,3.1111111640930176
242,DQH,175,1,1,0,0,0.5555555820465088,0.1111111119389534
242,DQH,176,1,1,0,0,0.4444444477558136,0.1111111119389534
242,DQH,177,1,1,0,0,0.0,0.3333333432674408
242,DQH,178,1,1,0,0,0.3333333432674408,0.1111111119389534
242,DQH,179,1,1,0,0,1.0,0.3333333432674408
242,DQH,180,1,1,0,0,0.5555555820465088,0.1111111119389534
242,DQH,181,1,1,0,0,0.2222222238779068,0.5555555820465088
242,DQH,182,1,1,0,0,0.5555555820465088,0.4444444477558136
242,DQH,183,1,1,0,0,0.2222222238779068,0.0
242,DQH,184,1,1,0,0,0.4444444477558136,0.1111111119389534
242,DQH,185,1,1,0,0,0.1111111119389534,0.4444444477558136
242,DQH,186,1,1,0,0,0.4444444477558136,0.1111111119389534
242,DQH,187,1,1,0,0,0.1111111119389534,0.7777777910232544
242,DQH,188,1,1,0,0,0.7777777910232544,0.4444444477558136
242,DQH,189,1,1,0,0,0.1111111119389534,0.4444444477558136
242,DQH,190,1,1,0,0,0.2222222238779068,0.0
242,DQH,191,1,1,0,0,0.6666666865348816,0.1111111119389534
242,DQH,192,1,1,0,0,0.2222222238779068,0.2222222238779068
242,DQH,193,1,1,0,0,0.5555555820465088,0.7777777910232544
242,DQH,194,1,1,0,0,0.5555555820465088,0.5555555820465088
242,DQH,195,1,1,0,0,1.0,0.3333333432674408
242,DQH,196,0,1,1,0,0.7777777910232544,0.3333333432674408
242,DQH,197,1,1,0,0,0.4444444477558136,0.4444444477558136
242,DQH,198,1,1,0,0,0.3333333432674408,0.1111111119389534
242,DQH,199,1,1,0,0,0.5555555820465088,0.3333333432674408
242,DQH,200,1,1,0,0,0.4444444477558136,0.2222222238779068
242,DQH,201,1,1,0,0,0.1111111119389534,0.2222222238779068
242,DQH,202,1,1,0,0,0.3333333432674408,0.8888888955116272
242,DQH,203,1,1,0,0,0.8888888955116272,0.3333333432674408
242,DQH,204,1,1,0,0,0.6666666865348816,0.6666666865348816
242,DQH,205,1,1,0,0,0.1111111119389534,0.3333333432674408
242,DQH,206,1,1,0,0,0.8888888955116272,0.8888888955116272
242,DQH,207,1,1,0,0,0.0,0.8888888955116272
242,DQH,208,1,1,0,0,0.7777777910232544,0.6666666865348816
242,DQH,209,1,1,0,0,0.4444444477558136,0.3333333432674408
242,DQH,210,1,1,0,0,0.3333333432674408,0.3333333432674408
242,DQH,211,1,1,0,0,0.5555555820465088,0.7777777910232544
242,DQH,212,1,1,0,0,0.7777777910232544,0.6666666865348816
242,DQH,213,1,1,0,0,0.5555555820465088,1.0
242,DQH,214,1,1,0,0,0.4444444477558136,0.4444444477558136
242,DQH,215,1,1,0,0,0.5555555820465088,0.5555555820465088
242,DQH,216,1,1,0,0,0.4444444477558136,1.888888955116272
242,DQH,217,1,1,0,0,0.3333333432674408,1.0
242,DQH,218,0,1,1,0,0.3333333432674408,0.4444444477558136
242,DQH,219,1,1,0,0,1.6666666269302368,0.4444444477558136
242,DQH,220,1,1,0,0,1.4444444179534912,0.5555555820465088
242,DQH,221,1,1,0,0,0.7777777910232544,0.6666666865348816
242,DQH,222,1,1,0,0,1.0,1.4444444179534912
242,DQH,223,1,1,0,0,0.5555555820465088,0.8888888955116272
242,DQH,224,1,1,0,0,0.7777777910232544,0.8888888955116272
242,DQH,225,1,1,0,0,0.7777777910232544,2.222222328186035
242,DQH,226,1,1,0,0,1.3333333730697632,0.6666666865348816
242,DQH,227,1,1,0,0,1.5555555820465088,1.2222222089767456
242,DQH,228,1,1,0,0,1.2222222089767456,0.7777777910232544
242,DQH,229,1,1,0,0,1.1111111640930176,0.3333333432674408
242,DQH,230,1,1,0,0,1.0,1.4444444179534912
242,DQH,231,1,1,0,0,1.0,0.4444444477558136
242,DQH,232,1,1,0,0,1.3333333730697632,1.2222222089767456
242,DQH,233,1,1,0,0,1.6666666269302368,0.6666666865348816
242,DQH,234,1,1,0,0,0.3333333432674408,0.8888888955116272
242,DQH,235,1,1,0,0,0.8888888955116272,1.6666666269302368
242,DQH,236,1,1,0,0,0.8888888955116272,0.7777777910232544
242,DQH,237,0,1,1,0,0.4444444477558136,0.7777777910232544
242,DQH,238,1,1,0,0,1.4444444179534912,1.1111111640930176
242,DQH,239,1,1,0,0,0.6666666865348816,2.0
242,DQH,240,1,1,0,0,0.7777777910232544,0.8888888955116272
242,DQH,241,1,1,0,0,0.2222222238779068,1.2222222089767456
242,DQH,242,1,1,0,0,1.0,1.2222222089767456
242,DQH,243,1,1,0,0,2.555555582046509,1.1111111640930176
242,DQH,244,1,1,0,0,1.6666666269302368,0.8888888955116272
242,DQH,245,1,1,0,0,1.888888955116272,1.0
242,DQH,246,1,1,0,0,1.6666666269302368,0.3333333432674408
242,DQH,247,1,1,0,0,0.7777777910232544,0.8888888955116272
242,DQH,248,1,1,0,0,1.4444444179534912,1.3333333730697632
242,DQH,249,1,1,0,0,1.3333333730697632,1.3333333730697632
242,DQH,250,1,1,0,0,1.1111111640930176,1.6666666269302368
242,DQH,251,1,1,0,0,1.1111111640930176,0.6666666865348816
242,DQH,252,1,1,0,0,1.6666666269302368,1.5555555820465088
242,DQH,253,0,1,1,0,1.6666666269302368,1.2222222089767456
242,DQH,254,0,0,1,1,3.777777910232544,1.5555555820465088
242,DQH,255,1,1,0,0,2.777777910232544,3.1111111640930176
242,DQH,256,0,0,1,1,1.6666667461395264,1.6666667461395264
242,DQH,257,0,0,1,1,2.0,4.333333492279053
242,DQH,258,0,0,1,1,1.0,4.1666669845581055
242,DQH,259,0,0,1,1,1.4444444179534912,1.5
242,DQH,260,0,0,1,1,2.857142925262451,2.125
242,DQH,261,1,1,0,0,0.2222222238779068,0.4444444477558136
242,DQH,262,1,1,0,0,0.6666666865348816,0.1111111119389534
242,DQH,263,0,1,1,0,2.4000000953674316,0.0
242,DQH,264,1,1,0,0,0.1111111119389534,0.2222222238779068
242,DQH,265,0,0,1,1,3.875,3.5
242,DQH,266,0,1,1,0,1.1666667461395264,0.0
242,DQH,267,1,1,0,0,0.1111111119389534,0.0
242,DQH,268,1,1,0,0,0.0,0.2222222238779068
242,DQH,269,1,1,0,0,0.0,0.2222222238779068
242,DQH,270,1,1,0,0,0.0,0.2222222238779068
242,DQH,271,1,1,0,0,0.2222222238779068,0.0
242,DQH,272,1,1,0,0,0.3333333432674408,0.1111111119389534
242,DQH,273,1,1,0,0,0.1111111119389534,0.1111111119389534
242,DQH,274,1,1,0,0,0.4444444477558136,0.1111111119389534
242,DQH,275,1,1,0,0,0.1111111119389534,0.4444444477558136
242,DQH,276,1,1,0,0,0.1111111119389534,0.2222222238779068
242,DQH,277,1,1,0,0,0.2222222238779068,0.2222222238779068
242,DQH,278,1,1,0,0,0.0,0.1111111119389534
242,DQH,279,1,1,0,0,0.3333333432674408,0.5555555820465088
242,DQH,280,1,1,0,0,0.2222222238779068,0.0
242,DQH,281,1,1,0,0,0.1111111119389534,0.6666666865348816
242,DQH,282,1,1,0,0,0.1111111119389534,0.1111111119389534
242,DQH,283,1,1,0,0,0.1111111119389534,0.3333333432674408
242,DQH,284,1,1,0,0,0.4444444477558136,0.3333333432674408
242,DQH,285,1,1,0,0,0.3333333432674408,0.2222222238779068
242,DQH,286,1,1,0,0,0.2222222238779068,0.5555555820465088
242,DQH,287,1,1,0,0,0.3333333432674408,0.0
242,DQH,288,1,1,0,0,0.0,0.4444444477558136
242,DQH,289,1,1,0,0,0.4444444477558136,0.2222222238779068
242,DQH,290,0,1,1,0,3.4285717010498047,0.1111111119389534
242,DQH,291,0,1,1,0,1.875,0.1111111119389534
242,DQH,292,1,1,0,0,0.6666666865348816,0.1111111119389534
242,DQH,293,1,1,0,0,0.3333333432674408,0.2222222238779068
242,DQH,294,1,1,0,0,0.2222222238779068,0.3333333432674408
242,DQH,295,1,1,0,0,0.1111111119389534,0.2222222238779068
242,DQH,296,1,1,0,0,0.3333333432674408,0.2222222238779068
242,DQH,297,1,1,0,0,0.1111111119389534,0.1111111119389534
242,DQH,298,1,1,0,0,0.0,0.1111111119389534
242,DQH,299,1,1,0,0,0.7777777910232544,0.1111111119389534
242,DQH,300,1,1,0,0,0.1111111119389534,0.4444444477558136
242,DQH,301,1,0,0,1,0.3333333432674408,1.0
242,DQH,302,1,1,0,0,0.3333333432674408,0.1111111119389534
242,DQH,303,1,1,0,0,0.0,0.2222222238779068
242,DQH,304,1,1,0,0,0.4444444477558136,0.2222222238779068
242,DQH,305,1,1,0,0,0.1111111119389534,0.1111111119389534
242,DQH,306,1,1,0,0,0.4444444477558136,0.4444444477558136
242,DQH,307,1,1,0,0,0.4444444477558136,0.4444444477558136
242,DQH,308,1,1,0,0,0.2222222238779068,0.3333333432674408
242,DQH,309,1,1,0,0,0.3333333432674408,0.4444444477558136
242,DQH,310,1,1,0,0,0.0,0.4444444477558136
242,DQH,311,1,1,0,0,0.1111111119389534,0.1111111119389534
242,DQH,312,1,1,0,0,0.3333333432674408,0.2222222238779068
242,DQH,313,1,1,0,0,0.4444444477558136,0.2222222238779068
242,DQH,314,1,1,0,0,0.1111111119389534,0.6666666865348816
242,DQH,315,1,1,0,0,0.2222222238779068,0.2222222238779068
242,DQH,316,1,1,0,0,0.2222222238779068,0.3333333432674408
242,DQH,317,1,1,0,0,0.4444444477558136,0.0
242,DQH,318,1,1,0,0,0.3333333432674408,0.5555555820465088
242,DQH,319,1,1,0,0,0.3333333432674408,0.5555555820465088
242,DQH,320,1,1,0,0,0.1111111119389534,0.5555555820465088
242,DQH,321,1,0,0,1,0.4444444477558136,0.3333333432674408
242,DQH,322,0,0,1,1,0.6666666865348816,3.75
242,DQH,323,1,1,0,0,0.4444444477558136,0.2222222238779068
242,DQH,324,1,1,0,0,0.3333333432674408,0.6666666865348816
242,DQH,325,1,1,0,0,0.6666666865348816,0.7777777910232544
242,DQH,326,1,1,0,0,0.3333333432674408,0.5555555820465088
242,DQH,327,1,1,0,0,0.2222222238779068,0.3333333432674408
242,DQH,328,1,1,0,0,0.4444444477558136,0.4444444477558136
242,DQH,329,1,1,0,0,0.5555555820465088,0.3333333432674408
242,DQH,330,1,1,0,0,0.3333333432674408,0.5555555820465088
242,DQH,331,1,1,0,0,0.2222222238779068,0.4444444477558136
242,DQH,332,1,1,0,0,1.0,0.3333333432674408
242,DQH,333,1,1,0,0,0.7777777910232544,0.3333333432674408
242,DQH,334,1,1,0,0,0.2222222238779068,0.4444444477558136
242,DQH,335,1,1,0,0,0.7777777910232544,0.2222222238779068
242,DQH,336,1,1,0,0,0.4444444477558136,0.3333333432674408
242,DQH,337,1,1,0,0,0.3333333432674408,0.3333333432674408
242,DQH,338,1,1,0,0,0.8888888955116272,0.2222222238779068
242,DQH,339,1,1,0,0,0.2222222238779068,0.1111111119389534
242,DQH,340,1,1,0,0,0.6666666865348816,0.4444444477558136
242,DQH,341,1,1,0,0,0.2222222238779068,0.2222222238779068
242,DQH,342,1,1,0,0,0.2222222238779068,0.3333333432674408
242,DQH,343,1,1,0,0,0.8888888955116272,0.7777777910232544
242,DQH,344,1,1,0,0,0.7777777910232544,0.5555555820465088
242,DQH,345,1,1,0,0,0.5555555820465088,0.6666666865348816
242,DQH,346,1,1,0,0,0.6666666865348816,0.3333333432674408
242,DQH,347,1,0,0,1,0.5555555820465088,5.75
242,DQH,348,1,0,0,1,0.3333333432674408,0.2222222238779068
242,DQH,349,1,1,0,0,0.2222222238779068,0.6666666865348816
242,DQH,350,1,1,0,0,0.5555555820465088,1.4444444179534912
242,DQH,351,1,0,0,1,1.0,3.1111111640930176
242,DQH,352,0,1,1,0,0.8888888955116272,0.6666666865348816
242,DQH,353,1,0,0,1,1.5555555820465088,1.6666666269302368
242,DQH,354,1,1,0,0,1.0,0.2222222238779068
242,DQH,355,1,1,0,0,0.5555555820465088,1.3333333730697632
242,DQH,356,1,1,0,0,0.4444444477558136,0.7777777910232544
242,DQH,357,1,1,0,0,0.7777777910232544,1.7777777910232544
242,DQH,358,1,1,0,0,0.5555555820465088,1.2222222089767456
242,DQH,359,1,1,0,0,1.6666666269302368,0.3333333432674408
242,DQH,360,1,1,0,0,1.0,0.5555555820465088
242,DQH,361,1,1,0,0,0.6666666865348816,0.6666666865348816
242,DQH,362,1,1,0,0,0.2222222238779068,0.8888888955116272
242,DQH,363,1,0,0,1,0.7777777910232544,1.3333333730697632
242,DQH,364,1,1,0,0,0.2222222238779068,0.7777777910232544
242,DQH,365,1,1,0,0,0.8888888955116272,0.8888888955116272
242,DQH,366,1,1,0,0,0.5555555820465088,1.4444444179534912
242,DQH,367,1,1,0,0,1.6666666269302368,0.7777777910232544
242,DQH,368,1,1,0,0,1.6666666269302368,0.8888888955116272
242,DQH,369,1,1,0,0,1.6666666269302368,0.7777777910232544
242,DQH,370,1,1,0,0,0.5555555820465088,0.7777777910232544
242,DQH,371,1,1,0,0,1.2222222089767456,1.3333333730697632
242,DQH,372,0,1,1,0,0.5555555820465088,0.5555555820465088
242,DQH,373,1,1,0,0,1.2222222089767456,0.5555555820465088
242,DQH,374,1,1,0,0,0.5555555820465088,0.5555555820465088
242,DQH,375,1,1,0,0,1.0,1.0
242,DQH,376,1,1,0,0,1.1111111640930176,0.4444444477558136
242,DQH,377,1,1,0,0,1.1111111640930176,0.6666666865348816
242,DQH,378,1,1,0,0,1.0,1.0
242,DQH,379,1,1,0,0,1.4444444179534912,1.5555555820465088
242,DQH,380,1,1,0,0,1.7777777910232544,0.6666666865348816
242,DQH,381,1,1,0,0,2.3333332538604736,1.2222222089767456
242,DQH,382,1,1,0,0,2.3333332538604736,0.7777777910232544
242,DQH,383,1,1,0,0,1.888888955116272,1.1111111640930176
242,DQH,384,0,0,1,1,1.0,4.5
242,DQH,385,0,0,1,1,1.0,2.8333334922790527
242,DQH,386,0,0,1,1,6.0,1.8000000715255737
242,DQH,387,0,0,1,1,3.0,1.1428571939468384
242,DQH,388,0,0,1,1,2.5714287757873535,4.599999904632568
242,DQH,389,0,0,1,1,3.142857313156128,6.6666669845581055
242,DQH,390,0,0,1,1,1.125,0.4444444477558136
242,DQH,391,1,0,0,1,0.0,2.5
242,DQH,392,1,0,0,1,0.4444444477558136,0.5555555820465088
242,DQH,393,1,1,0,0,0.0,0.1111111119389534
242,DQH,394,1,1,0,0,0.2222222238779068,0.1111111119389534
242,DQH,395,1,1,0,0,0.1111111119389534,0.1111111119389534
242,DQH,396,0,0,1,1,1.75,0.4444444477558136
242,DQH,397,1,1,0,0,0.2222222238779068,0.2222222238779068
242,DQH,398,1,1,0,0,0.1111111119389534,0.1111111119389534
242,DQH,399,1,1,0,0,0.1111111119389534,0.1111111119389534
242,DQH,400,1,0,0,1,0.1111111119389534,0.1111111119389534
242,DQH,401,1,1,0,0,0.1111111119389534,0.2222222238779068
242,DQH,402,1,1,0,0,0.2222222238779068,0.1111111119389534
242,DQH,403,1,1,0,0,0.2222222238779068,0.2222222238779068
242,DQH,404,1,1,0,0,0.1111111119389534,0.3333333432674408
242,DQH,405,1,1,0,0,0.1111111119389534,0.3333333432674408
242,DQH,406,1,1,0,0,0.3333333432674408,0.1111111119389534
242,DQH,407,1,1,0,0,0.3333333432674408,0.1111111119389534
242,DQH,408,1,1,0,0,0.1111111119389534,0.1111111119389534
242,DQH,409,1,1,0,0,0.2222222238779068,0.2222222238779068
242,DQH,410,1,1,0,0,0.4444444477558136,0.0
242,DQH,411,1,1,0,0,0.3333333432674408,0.3333333432674408
242,DQH,412,1,1,0,0,0.3333333432674408,0.0
242,DQH,413,1,1,0,0,0.0,0.0
242,DQH,414,1,1,0,0,0.6666666865348816,0.1111111119389534
242,DQH,415,1,1,0,0,0.1111111119389534,0.1111111119389534
242,DQH,416,1,1,0,0,0.6666666865348816,0.3333333432674408
242,DQH,417,0,1,1,0,0.8888888955116272,0.4444444477558136
242,DQH,418,0,1,1,0,0.2222222238779068,0.0
242,DQH,419,1,1,0,0,0.3333333432674408,0.0
242,DQH,420,1,1,0,0,0.4444444477558136,0.3333333432674408
242,DQH,421,1,1,0,0,0.4444444477558136,0.5555555820465088
242,DQH,422,1,1,0,0,0.1111111119389534,0.3333333432674408
242,DQH,423,1,1,0,0,0.2222222238779068,0.7777777910232544
242,DQH,424,1,1,0,0,0.3333333432674408,0.2222222238779068
242,DQH,425,1,1,0,0,0.1111111119389534,0.6666666865348816
242,DQH,426,1,1,0,0,0.3333333432674408,0.7777777910232544
242,DQH,427,1,1,0,0,0.1111111119389534,0.5555555820465088
242,DQH,428,1,1,0,0,0.1111111119389534,0.2222222238779068
242,DQH,429,1,1,0,0,0.3333333432674408,0.2222222238779068
242,DQH,430,1,1,0,0,0.7777777910232544,0.3333333432674408
242,DQH,431,1,1,0,0,0.3333333432674408,0.2222222238779068
242,DQH,432,1,1,0,0,0.4444444477558136,0.2222222238779068
242,DQH,433,1,1,0,0,0.0,0.8888888955116272
242,DQH,434,1,1,0,0,1.0,0.4444444477558136
242,DQH,435,1,1,0,0,0.1111111119389534,0.2222222238779068
242,DQH,436,1,0,0,1,0.5555555820465088,0.5555555820465088
242,DQH,437,1,1,0,0,0.4444444477558136,0.2222222238779068
242,DQH,438,1,1,0,0,0.2222222238779068,0.2222222238779068
242,DQH,439,1,1,0,0,0.6666666865348816,0.4444444477558136
242,DQH,440,1,1,0,0,0.7777777910232544,0.6666666865348816
242,DQH,441,1,1,0,0,0.3333333432674408,1.0
242,DQH,442,1,1,0,0,0.4444444477558136,0.3333333432674408
242,DQH,443,1,1,0,0,0.0,0.3333333432674408
242,DQH,444,1,1,0,0,0.5555555820465088,0.1111111119389534
242,DQH,445,1,1,0,0,1.0,0.4444444477558136
242,DQH,446,1,1,0,0,0.2222222238779068,0.4444444477558136
242,DQH,447,1,1,0,0,0.2222222238779068,0.7777777910232544
242,DQH,448,0,1,1,0,0.3333333432674408,0.0
242,DQH,449,1,1,0,0,0.5555555820465088,0.4444444477558136
242,DQH,450,1,1,0,0,0.2222222238779068,0.2222222238779068
242,DQH,451,1,1,0,0,0.1111111119389534,0.3333333432674408
242,DQH,452,1,1,0,0,0.4444444477558136,0.0
242,DQH,453,1,1,0,0,0.3333333432674408,0.6666666865348816
242,DQH,454,1,1,0,0,0.4444444477558136,0.7777777910232544
242,DQH,455,1,1,0,0,0.5555555820465088,0.3333333432674408
242,DQH,456,1,1,0,0,0.3333333432674408,1.1111111640930176
242,DQH,457,1,1,0,0,0.1111111119389534,0.7777777910232544
242,DQH,458,1,1,0,0,0.5555555820465088,0.0
242,DQH,459,1,1,0,0,0.3333333432674408,0.4444444477558136
242,DQH,460,1,1,0,0,0.6666666865348816,0.8888888955116272
242,DQH,461,1,1,0,0,1.0,0.4444444477558136
242,DQH,462,1,1,0,0,1.2222222089767456,0.4444444477558136
242,DQH,463,1,1,0,0,0.5555555820465088,0.2222222238779068
242,DQH,464,1,1,0,0,1.3333333730697632,0.8888888955116272
242,DQH,465,1,0,0,1,1.2222222089767456,1.888888955116272
242,DQH,466,1,1,0,0,0.5555555820465088,0.4444444477558136
242,DQH,467,1,1,0,0,1.2222222089767456,1.0
242,DQH,468,1,1,0,0,0.2222222238779068,0.5555555820465088
242,DQH,469,1,1,0,0,0.2222222238779068,0.3333333432674408
242,DQH,470,1,0,0,1,0.2222222238779068,0.8888888955116272
242,DQH,471,0,1,1,0,0.5555555820465088,0.8888888955116272
242,DQH,472,1,1,0,0,1.6666666269302368,1.0
242,DQH,473,1,1,0,0,0.6666666865348816,0.5555555820465088
242,DQH,474,0,1,1,0,0.5555555820465088,0.3333333432674408
242,DQH,475,1,1,0,0,0.8888888955116272,1.888888955116272
242,DQH,476,1,1,0,0,0.6666666865348816,0.8888888955116272
242,DQH,477,1,1,0,0,0.7777777910232544,1.2222222089767456
242,DQH,478,1,1,0,0,0.2222222238779068,0.6666666865348816
242,DQH,479,1,1,0,0,0.8888888955116272,0.8888888955116272
242,DQH,480,1,1,0,0,0.3333333432674408,0.3333333432674408
242,DQH,481,1,1,0,0,0.1111111119389534,0.3333333432674408
242,DQH,482,1,1,0,0,1.5555555820465088,1.0
242,DQH,483,1,1,0,0,1.5555555820465088,0.5555555820465088
242,DQH,484,1,1,0,0,0.6666666865348816,0.5555555820465088
242,DQH,485,1,1,0,0,1.1111111640930176,1.1111111640930176
242,DQH,486,1,1,0,0,1.2222222089767456,0.1111111119389534
242,DQH,487,1,1,0,0,0.2222222238779068,0.8888888955116272
242,DQH,488,1,1,0,0,0.6666666865348816,0.3333333432674408
242,DQH,489,0,1,1,0,1.0,0.6666666865348816
242,DQH,490,0,1,1,0,0.3333333432674408,1.0
242,DQH,491,1,1,0,0,0.8888888955116272,0.6666666865348816
242,DQH,492,1,1,0,0,1.888888955116272,1.2222222089767456
242,DQH,493,1,1,0,0,1.3333333730697632,1.5555555820465088
242,DQH,494,1,1,0,0,0.8888888955116272,0.6666666865348816
242,DQH,495,1,0,0,1,0.6666666865348816,0.6666666865348816
242,DQH,496,1,1,0,0,1.0,1.6666666269302368
242,DQH,497,1,1,0,0,0.3333333432674408,0.6666666865348816
242,DQH,498,1,1,0,0,1.0,0.8888888955116272
242,DQH,499,1,1,0,0,0.8888888955116272,1.3333333730697632
242,DQH,500,1,1,0,0,1.6666666269302368,1.0
242,DQH,501,1,1,0,0,2.0,1.2222222089767456
242,DQH,502,1,1,0,0,1.5555555820465088,1.888888955116272
242,DQH,503,1,1,0,0,1.7777777910232544,0.5555555820465088
242,DQH,504,1,1,0,0,0.3333333432674408,0.4444444477558136
242,DQH,505,1,1,0,0,1.3333333730697632,1.6666666269302368
242,DQH,506,1,1,0,0,0.5555555820465088,1.3333333730697632
242,DQH,507,1,1,0,0,0.8888888955116272,1.7777777910232544
242,DQH,508,1,1,0,0,1.3333333730697632,3.1111111640930176
242,DQH,509,0,1,1,0,1.5555555820465088,2.0
242,DQH,510,1,1,0,0,1.6666666269302368,1.4444444179534912
242,DQH,511,1,1,0,0,2.1111111640930176,2.222222328186035
42,D0,0,0,0,1,1,1.5,4.0
42,D0,1,0,0,1,1,4.0,6.0
42,D0,2,0,0,1,1,3.0,2.5
42,D0,3,0,0,1,1,1.0,0.0
42,D0,4,0,1,1,0,0.3333333432674408,0.0
42,D0,5,1,1,0,0,0.1666666716337204,0.0
42,D0,6,1,1,0,0,0.0,0.0
42,D0,7,1,1,0,0,0.1666666716337204,0.0
42,D0,8,1,1,0,0,0.3333333432674408,0.0
42,D0,9,1,1,0,0,0.0,0.0
42,D0,10,1,1,0,0,0.0,0.0
42,D0,11,1,1,0,0,0.0,0.0
42,D0,12,1,1,0,0,0.0,0.0
42,D0,13,1,1,0,0,0.0,0.0
42,D0,14,1,1,0,0,0.0,0.0
42,D0,15,1,1,0,0,0.3333333432674408,0.3333333432674408
42,D0,16,1,1,0,0,0.6666666865348816,0.0
42,D0,17,1,1,0,0,0.6666666865348816,0.5
42,D0,18,1,1,0,0,0.8333333730697632,0.1666666716337204
42,D0,19,1,1,0,0,0.5,0.3333333432674408
42,D0,20,1,1,0,0,0.3333333432674408,0.1666666716337204
42,D0,21,1,1,0,0,0.3333333432674408,0.1666666716337204
42,D0,22,1,1,0,0,0.1666666716337204,0.0
42,D0,23,1,1,0,0,0.0,0.3333333432674408
42,D0,24,1,1,0,0,0.3333333432674408,0.5
42,D0,25,1,1,0,0,0.5,0.6666666865348816
42,D0,26,1,1,0,0,0.0,0.1666666716337204
42,D0,27,1,1,0,0,0.3333333432674408,0.0
42,D0,28,1,1,0,0,0.1666666716337204,0.0
42,D0,29,1,1,0,0,0.0,0.3333333432674408
42,D0,30,1,1,0,0,0.3333333432674408,0.3333333432674408
42,D0,31,1,1,0,0,0.6666666865348816,0.0
42,D0,32,1,1,0,0,0.6666666865348816,1.0
42,D0,33,1,1,0,0,0.3333333432674408,0.3333333432674408
42,D0,34,1,1,0,0,0.6666666865348816,0.0
42,D0,35,1,1,0,0,0.0,0.0
42,D0,36,1,1,0,0,0.5,0.5
42,D0,37,1,1,0,0,0.0,0.1666666716337204
42,D0,38,1,1,0,0,0.0,0.0
42,D0,39,1,1,0,0,0.1666666716337204,0.0
42,D0,40,1,1,0,0,0.0,0.1666666716337204
42,D0,41,1,1,0,0,0.6666666865348816,0.5
42,D0,42,1,1,0,0,0.1666666716337204,0.1666666716337204
42,D0,43,1,1,0,0,0.0,0.0
42,D0,44,1,1,0,0,0.0,0.1666666716337204
42,D0,45,1,1,0,0,0.1666666716337204,0.0
42,D0,46,1,1,0,0,0.0,0.3333333432674408
42,D0,47,1,1,0,0,0.0,0.1666666716337204
42,D0,48,1,1,0,0,0.3333333432674408,0.0
42,D0,49,1,1,0,0,0.0,0.3333333432674408
42,D0,50,1,1,0,0,0.5,0.3333333432674408
42,D0,51,1,1,0,0,0.0,0.1666666716337204
42,D0,52,1,1,0,0,0.1666666716337204,0.5
42,D0,53,1,1,0,0,1.1666667461395264,0.0
42,D0,54,1,1,0,0,1.0,0.0
42,D0,55,1,1,0,0,0.0,0.1666666716337204
42,D0,56,1,1,0,0,0.8333333730697632,0.0
42,D0,57,1,1,0,0,0.6666666865348816,0.5
42,D0,58,1,1,0,0,0.3333333432674408,0.5
42,D0,59,1,1,0,0,0.0,0.0
42,D0,60,1,1,0,0,0.0,0.3333333432674408
42,D0,61,1,1,0,0,0.1666666716337204,0.6666666865348816
42,D0,62,1,1,0,0,1.0,0.1666666716337204
42,D0,63,1,1,0,0,1.0,1.5
42,D0,64,1,1,0,0,0.0,0.5
42,D0,65,1,1,0,0,0.0,0.6666666865348816
42,D0,66,1,1,0,0,1.3333333730697632,0.0
42,D0,67,1,1,0,0,0.6666666865348816,1.0
42,D0,68,1,1,0,0,0.3333333432674408,0.5
42,D0,69,1,1,0,0,2.0,0.0
42,D0,70,1,1,0,0,1.1666667461395264,2.3333334922790527
42,D0,71,1,1,0,0,0.6666666865348816,0.6666666865348816
42,D0,72,1,1,0,0,0.1666666716337204,1.0
42,D0,73,1,1,0,0,1.0,0.1666666716337204
42,D0,74,1,1,0,0,1.6666667461395264,0.0
42,D0,75,1,1,0,0,0.6666666865348816,1.1666667461395264
42,D0,76,1,1,0,0,1.5,1.5
42,D0,77,1,1,0,0,0.1666666716337204,0.0
42,D0,78,1,1,0,0,0.1666666716337204,1.0
42,D0,79,1,1,0,0,1.5,1.8333333730697632
42,D0,80,1,1,0,0,4.6666669845581055,0.0
42,D0,81,1,1,0,0,0.3333333432674408,0.0
42,D0,82,1,1,0,0,2.1666667461395264,0.0
42,D0,83,1,1,0,0,0.0,1.6666667461395264
42,D0,84,1,1,0,0,0.8333333730697632,2.5
42,D0,85,1,1,0,0,0.6666666865348816,0.0
42,D0,86,1,1,0,0,0.0,0.0
42,D0,87,1,1,0,0,0.1666666716337204,0.0
42,D0,88,1,1,0,0,0.1666666716337204,0.0
42,D0,89,1,1,0,0,6.6666669845581055,0.0
42,D0,90,1,1,0,0,0.0,0.3333333432674408
42,D0,91,1,1,0,0,0.0,0.0
42,D0,92,1,1,0,0,1.3333333730697632,0.0
42,D0,93,1,1,0,0,0.1666666716337204,2.0
42,D0,94,1,1,0,0,0.8333333730697632,5.5
42,D0,95,1,1,0,0,0.0,11.0
42,D0,96,1,1,0,0,4.1666669845581055,0.0
42,D0,97,1,1,0,0,0.0,0.3333333432674408
42,D0,98,1,1,0,0,0.6666666865348816,0.1666666716337204
42,D0,99,1,1,0,0,0.3333333432674408,0.3333333432674408
42,D0,100,1,1,0,0,1.8333333730697632,0.1666666716337204
42,D0,101,1,1,0,0,0.1666666716337204,2.8333334922790527
42,D0,102,1,1,0,0,0.6666666865348816,0.3333333432674408
42,D0,103,1,1,0,0,0.0,0.0
42,D0,104,1,1,0,0,0.3333333432674408,0.3333333432674408
42,D0,105,1,1,0,0,1.0,0.6666666865348816
42,D0,106,1,1,0,0,0.0,0.3333333432674408
42,D0,107,1,1,0,0,0.0,2.3333334922790527
42,D0,108,1,1,0,0,0.6666666865348816,0.1666666716337204
42,D0,109,1,1,0,0,0.0,0.8333333730697632
42,D0,110,1,1,0,0,0.1666666716337204,0.0
42,D0,111,1,1,0,0,3.6666667461395264,0.3333333432674408
42,D0,112,1,1,0,0,0.0,1.1666667461395264
42,D0,113,1,1,0,0,0.0,0.0
42,D0,114,1,1,0,0,1.5,0.6666666865348816
42,D0,115,0,1,0,0,5.1666669845581055,0.6666666865348816
42,D0,116,0,1,0,0,4.0,1.3333333730697632
42,D0,117,0,1,0,0,0.1666666716337204,2.1666667461395264
42,D0,118,0,1,0,0,0.0,0.1666666716337204
42,D0,119,0,1,0,0,0.3333333432674408,0.0
42,D0,120,0,1,0,0,0.6666666865348816,0.3333333432674408
42,D0,121,0,1,0,0,0.1666666716337204,6.5
42,D0,122,0,0,0,0,1.1666667461395264,0.1666666716337204
42,D0,123,0,0,0,0,0.0,3.0
42,D0,124,0,0,0,0,0.20000000298023224,1.75
42,D0,125,0,0,0,0,0.0,0.800000011920929
42,D0,126,0,0,0,0,0.3333333432674408,0.1666666716337204
42,D0,127,0,0,0,0,1.5,0.3333333432674408
42,D0,128,0,1,1,0,1.5,0.1666666716337204
42,D0,129,0,1,1,0,0.0,0.1666666716337204
42,D0,130,1,1,0,0,0.0,0.1666666716337204
42,D0,131,1,1,0,0,0.0,0.0
42,D0,132,1,1,0,0,0.0,0.0
42,D0,133,1,1,0,0,0.1666666716337204,0.0
42,D0,134,1,1,0,0,0.0,0.0
42,D0,135,1,1,0,0,0.0,0.0
42,D0,136,1,1,0,0,0.1666666716337204,0.0
42,D0,137,1,1,0,0,0.0,0.0
42,D0,138,1,1,0,0,0.0,0.0
42,D0,139,1,1,0,0,0.0,0.0
42,D0,140,1,1,0,0,0.0,0.0
42,D0,141,1,1,0,0,0.5,0.0
42,D0,142,1,1,0,0,0.5,0.0
42,D0,143,1,1,0,0,0.0,0.0
42,D0,144,1,1,0,0,0.0,0.1666666716337204
42,D0,145,1,1,0,0,0.0,0.0
42,D0,146,1,1,0,0,0.1666666716337204,0.0
42,D0,147,1,1,0,0,0.0,0.0
42,D0,148,1,1,0,0,0.3333333432674408,0.3333333432674408
42,D0,149,1,1,0,0,0.1666666716337204,0.1666666716337204
42,D0,150,1,1,0,0,0.5,0.3333333432674408
42,D0,151,1,1,0,0,0.1666666716337204,0.0
42,D0,152,1,1,0,0,0.0,0.0
42,D0,153,1,1,0,0,0.1666666716337204,0.0
42,D0,154,1,1,0,0,0.0,0.3333333432674408
42,D0,155,1,1,0,0,0.1666666716337204,0.0
42,D0,156,1,1,0,0,0.1666666716337204,0.1666666716337204
42,D0,157,1,1,0,0,0.6666666865348816,0.3333333432674408
42,D0,158,1,1,0,0,0.1666666716337204,0.0
42,D0,159,1,1,0,0,0.1666666716337204,0.5
42,D0,160,1,1,0,0,0.0,0.3333333432674408
42,D0,161,1,1,0,0,0.0,0.0
42,D0,162,1,1,0,0,0.0,0.1666666716337204
42,D0,163,1,1,0,0,0.0,0.0
42,D0,164,1,1,0,0,0.0,0.0
42,D0,165,1,1,0,0,0.1666666716337204,0.0
42,D0,166,1,1,0,0,0.0,0.0
42,D0,167,1,1,0,0,0.1666666716337204,0.0
42,D0,168,1,1,0,0,0.1666666716337204,0.1666666716337204
42,D0,169,1,1,0,0,0.0,0.1666666716337204
42,D0,170,1,1,0,0,0.0,0.1666666716337204
42,D0,171,1,1,0,0,0.3333333432674408,0.6666666865348816
42,D0,172,1,1,0,0,0.0,0.0
42,D0,173,1,1,0,0,0.0,0.5
42,D0,174,1,1,0,0,0.1666666716337204,0.3333333432674408
42,D0,175,1,1,0,0,0.5,0.1666666716337204
42,D0,176,1,1,0,0,0.0,0.0
42,D0,177,1,1,0,0,0.1666666716337204,0.3333333432674408
42,D0,178,1,1,0,0,0.0,0.3333333432674408
42,D0,179,1,1,0,0,0.5,0.0
42,D0,180,1,1,0,0,0.6666666865348816,0.3333333432674408
42,D0,181,1,1,0,0,0.1666666716337204,0.0
42,D0,182,1,1,0,0,0.0,0.0
42,D0,183,1,1,0,0,0.1666666716337204,0.0
42,D0,184,1,1,0,0,0.1666666716337204,0.0
42,D0,185,1,1,0,0,0.0,0.1666666716337204
42,D0,186,1,1,0,0,0.3333333432674408,0.6666666865348816
42,D0,187,1,1,0,0,0.0,0.1666666716337204
42,D0,188,1,1,0,0,0.5,0.5
42,D0,189,1,1,0,0,0.0,0.5
42,D0,190,1,1,0,0,0.0,0.1666666716337204
42,D0,191,1,1,0,0,0.1666666716337204,0.0
42,D0,192,1,1,0,0,0.0,0.1666666716337204
42,D0,193,1,1,0,0,1.1666667461395264,0.3333333432674408
42,D0,194,1,1,0,0,0.3333333432674408,0.8333333730697632
42,D0,195,1,1,0,0,0.0,0.1666666716337204
42,D0,196,1,1,0,0,0.0,0.3333333432674408
42,D0,197,1,1,0,0,0.6666666865348816,0.6666666865348816
42,D0,198,1,1,0,0,0.0,0.3333333432674408
42,D0,199,1,1,0,0,0.0,0.0
42,D0,200,1,1,0,0,1.5,0.1666666716337204
42,D0,201,1,1,0,0,0.6666666865348816,0.3333333432674408
42,D0,202,1,1,0,0,0.6666666865348816,0.6666666865348816
42,D0,203,1,1,0,0,0.6666666865348816,0.3333333432674408
42,D0,204,1,1,0,0,0.8333333730697632,0.6666666865348816
42,D0,205,1,1,0,0,0.5,0.5
42,D0,206,1,1,0,0,0.3333333432674408,1.3333333730697632
42,D0,207,1,1,0,0,0.0,2.1666667461395264
42,D0,208,1,1,0,0,0.1666666716337204,2.0
42,D0,209,1,1,0,0,0.6666666865348816,0.0
42,D0,210,1,1,0,0,0.1666666716337204,0.0
42,D0,211,1,1,0,0,0.0,0.5
42,D0,212,1,1,0,0,0.5,3.8333334922790527
42,D0,213,1,1,0,0,1.1666667461395264,2.3333334922790527
42,D0,214,1,1,0,0,0.1666666716337204,0.0
42,D0,215,1,1,0,0,0.1666666716337204,0.0
42,D0,216,1,1,0,0,3.0,1.1666667461395264
42,D0,217,1,1,0,0,0.0,3.1666667461395264
42,D0,218,1,1,0,0,1.8333333730697632,4.6666669845581055
42,D0,219,1,1,0,0,0.0,0.0
42,D0,220,1,1,0,0,2.3333334922790527,0.1666666716337204
42,D0,221,1,1,0,0,1.0,0.1666666716337204
42,D0,222,1,1,0,0,0.8333333730697632,0.3333333432674408
42,D0,223,1,1,0,0,0.6666666865348816,0.0
42,D0,224,1,1,0,0,0.0,1.1666667461395264
42,D0,225,1,1,0,0,5.1666669845581055,1.6666667461395264
42,D0,226,1,1,0,0,2.1666667461395264,2.3333334922790527
42,D0,227,1,1,0,0,0.1666666716337204,0.0
42,D0,228,1,1,0,0,0.0,1.0
42,D0,229,1,1,0,0,0.0,0.1666666716337204
42,D0,230,1,1,0,0,0.0,1.1666667461395264
42,D0,231,1,1,0,0,2.1666667461395264,1.0
42,D0,232,1,1,0,0,0.5,0.0
42,D0,233,1,1,0,0,0.0,0.0
42,D0,234,1,1,0,0,1.3333333730697632,2.6666667461395264
42,D0,235,1,1,0,0,3.5,5.5
42,D0,236,1,1,0,0,2.1666667461395264,0.8333333730697632
42,D0,237,1,1,0,0,0.0,0.8333333730697632
42,D0,238,1,1,0,0,0.0,0.0
42,D0,239,1,1,0,0,0.1666666716337204,0.1666666716337204
42,D0,240,1,1,0,0,2.0,0.1666666716337204
42,D0,241,1,1,0,0,0.0,1.1666667461395264
42,D0,242,1,1,0,0,1.8333333730697632,0.3333333432674408
42,D0,243,1,1,0,0,0.3333333432674408,1.6666667461395264
42,D0,244,1,1,0,0,0.0,0.0
42,D0,245,1,1,0,0,1.6666667461395264,0.0
42,D0,246,1,1,0,0,1.8333333730697632,2.0
42,D0,247,1,0,0,0,0.1666666716337204,1.0
42,D0,248,1,0,0,0,0.5,1.3333333730697632
42,D0,249,1,0,0,0,0.0,7.6666669845581055
42,D0,250,1,0,0,0,0.0,0.0
42,D0,251,1,0,0,0,0.0,0.0
42,D0,252,1,0,0,0,3.0,0.0
42,D0,253,1,0,0,0,3.0,0.0
42,D0,254,0,0,0,0,1.1666667461395264,0.0
42,D0,255,0,0,0,0,8.333333969116211,0.0
142,D0,0,0,0,1,1,5.0,5.0
142,D0,1,0,0,1,1,4.0,7.0
142,D0,2,0,0,1,1,0.3333333432674408,1.5
142,D0,3,1,1,0,0,0.8333333730697632,0.1666666716337204
142,D0,4,1,1,0,0,0.0,0.1666666716337204
142,D0,5,1,1,0,0,0.0,0.0
142,D0,6,1,1,0,0,0.0,0.0
142,D0,7,1,1,0,0,0.1666666716337204,0.1666666716337204
142,D0,8,1,1,0,0,0.0,0.1666666716337204
142,D0,9,1,1,0,0,0.0,0.0
142,D0,10,1,1,0,0,0.0,0.1666666716337204
142,D0,11,1,1,0,0,0.0,0.0
142,D0,12,1,1,0,0,0.0,0.1666666716337204
142,D0,13,1,1,0,0,0.1666666716337204,0.0
142,D0,14,1,1,0,0,0.0,0.1666666716337204
142,D0,15,1,1,0,0,0.1666666716337204,0.0
142,D0,16,1,1,0,0,0.1666666716337204,0.0
142,D0,17,1,1,0,0,0.0,0.0
142,D0,18,1,1,0,0,0.0,0.0
142,D0,19,1,1,0,0,0.0,0.0
142,D0,20,1,1,0,0,0.0,0.0
142,D0,21,1,1,0,0,0.0,0.5
142,D0,22,1,1,0,0,0.0,0.0
142,D0,23,1,1,0,0,0.0,0.1666666716337204
142,D0,24,1,1,0,0,0.0,0.1666666716337204
142,D0,25,1,1,0,0,0.0,0.0
142,D0,26,1,1,0,0,0.1666666716337204,0.6666666865348816
142,D0,27,1,1,0,0,0.0,0.0
142,D0,28,1,1,0,0,0.1666666716337204,0.6666666865348816
142,D0,29,1,1,0,0,0.3333333432674408,0.0
142,D0,30,1,1,0,0,0.5,0.0
142,D0,31,1,1,0,0,0.6666666865348816,0.1666666716337204
142,D0,32,1,1,0,0,0.0,0.5
142,D0,33,1,1,0,0,0.0,0.0
142,D0,34,1,1,0,0,0.5,0.0
142,D0,35,1,1,0,0,0.0,0.0
142,D0,36,1,1,0,0,0.0,0.0
142,D0,37,1,1,0,0,0.1666666716337204,0.1666666716337204
142,D0,38,1,1,0,0,0.1666666716337204,0.3333333432674408
142,D0,39,1,1,0,0,1.1666667461395264,0.3333333432674408
142,D0,40,1,1,0,0,0.5,0.0
142,D0,41,1,1,0,0,0.0,0.5
142,D0,42,1,1,0,0,0.1666666716337204,0.1666666716337204
142,D0,43,1,1,0,0,0.3333333432674408,0.0
142,D0,44,1,1,0,0,0.1666666716337204,0.0
142,D0,45,1,1,0,0,0.0,0.1666666716337204
142,D0,46,1,1,0,0,0.1666666716337204,0.1666666716337204
142,D0,47,1,1,0,0,0.0,0.3333333432674408
142,D0,48,1,1,0,0,0.0,0.0
142,D0,49,1,1,0,0,0.1666666716337204,0.0
142,D0,50,1,1,0,0,0.3333333432674408,0.0
142,D0,51,1,1,0,0,0.1666666716337204,0.5
142,D0,52,1,1,0,0,0.0,0.3333333432674408
142,D0,53,1,1,0,0,0.0,0.1666666716337204
142,D0,54,1,1,0,0,0.0,0.0
142,D0,55,1,1,0,0,0.3333333432674408,0.3333333432674408
142,D0,56,1,1,0,0,0.0,0.0
142,D0,57,1,1,0,0,0.0,0.3333333432674408
142,D0,58,1,1,0,0,0.0,0.1666666716337204
142,D0,59,1,1,0,0,0.0,0.3333333432674408
142,D0,60,1,1,0,0,0.0,0.0
142,D0,61,1,1,0,0,0.0,0.6666666865348816
142,D0,62,1,1,0,0,0.0,0.1666666716337204
142,D0,63,1,1,0,0,0.6666666865348816,0.1666666716337204
142,D0,64,1,1,0,0,1.0,0.0
142,D0,65,1,1,0,0,1.1666667461395264,0.0
142,D0,66,1,1,0,0,1.1666667461395264,0.6666666865348816
142,D0,67,1,1,0,0,0.1666666716337204,0.3333333432674408
142,D0,68,1,1,0,0,0.1666666716337204,0.1666666716337204
142,D0,69,1,1,0,0,0.8333333730697632,0.1666666716337204
142,D0,70,1,1,0,0,0.1666666716337204,0.8333333730697632
142,D0,71,1,1,0,0,1.1666667461395264,0.5
142,D0,72,1,1,0,0,0.3333333432674408,0.3333333432674408
142,D0,73,0,1,1,0,1.399999976158142,0.3333333432674408
142,D0,74,1,1,0,0,0.6666666865348816,0.0
142,D0,75,1,1,0,0,1.0,0.3333333432674408
142,D0,76,1,1,0,0,0.6666666865348816,0.5
142,D0,77,1,1,0,0,1.0,0.1666666716337204
142,D0,78,1,1,0,0,0.8333333730697632,0.1666666716337204
142,D0,79,1,1,0,0,0.0,1.1666667461395264
142,D0,80,1,1,0,0,0.8333333730697632,0.0
142,D0,81,1,1,0,0,1.6666667461395264,0.1666666716337204
142,D0,82,1,1,0,0,1.0,0.3333333432674408
142,D0,83,1,1,0,0,3.3333334922790527,0.3333333432674408
142,D0,84,1,1,0,0,3.0,0.1666666716337204
142,D0,85,1,1,0,0,0.0,1.1666667461395264
142,D0,86,1,1,0,0,0.0,0.0
142,D0,87,1,1,0,0,1.1666667461395264,0.6666666865348816
142,D0,88,1,1,0,0,0.6666666865348816,0.3333333432674408
142,D0,89,1,1,0,0,0.1666666716337204,0.0
142,D0,90,1,1,0,0,0.3333333432674408,0.1666666716337204
142,D0,91,1,1,0,0,5.0,1.0
142,D0,92,1,1,0,0,0.0,0.0
142,D0,93,1,1,0,0,1.8333333730697632,3.0
142,D0,94,1,1,0,0,0.8333333730697632,0.0
142,D0,95,1,1,0,0,0.5,0.5
142,D0,96,1,1,0,0,0.0,0.3333333432674408
142,D0,97,1,1,0,0,2.1666667461395264,0.6666666865348816
142,D0,98,1,1,0,0,0.0,1.6666667461395264
142,D0,99,1,1,0,0,1.1666667461395264,0.0
142,D0,100,1,1,0,0,0.0,0.5
142,D0,101,1,1,0,0,0.6666666865348816,0.1666666716337204
142,D0,102,1,1,0,0,0.1666666716337204,0.0
142,D0,103,1,1,0,0,0.3333333432674408,0.1666666716337204
142,D0,104,1,1,0,0,3.3333334922790527,0.8333333730697632
142,D0,105,1,1,0,0,2.5,0.0
142,D0,106,1,1,0,0,2.1666667461395264,0.1666666716337204
142,D0,107,1,1,0,0,1.0,0.0
142,D0,108,1,1,0,0,3.3333334922790527,0.1666666716337204
142,D0,109,1,1,0,0,0.8333333730697632,2.5
142,D0,110,1,1,0,0,1.1666667461395264,0.1666666716337204
142,D0,111,1,1,0,0,0.5,0.6666666865348816
142,D0,112,1,1,0,0,2.3333334922790527,0.0
142,D0,113,0,1,0,0,0.0,0.1666666716337204
142,D0,114,0,1,0,0,0.6666666865348816,5.0
142,D0,115,0,1,0,0,0.0,5.5
142,D0,116,0,1,0,0,0.1666666716337204,0.3333333432674408
142,D0,117,0,1,0,0,0.4000000059604645,6.333333492279053
142,D0,118,0,1,0,0,4.5,3.1666667461395264
142,D0,119,0,1,0,0,4.1666669845581055,0.0
142,D0,120,0,0,0,0,0.5,1.8000000715255737
142,D0,121,0,0,0,0,0.0,0.0
142,D0,122,0,0,0,0,0.3333333432674408,0.20000000298023224
142,D0,123,0,0,0,0,0.1666666716337204,0.0
142,D0,124,0,0,0,0,0.0,0.0
142,D0,125,0,0,0,0,0.0,0.0
142,D0,126,0,0,0,0,0.0,0.0
142,D0,127,0,0,0,0,0.5,0.8333333730697632
142,D0,128,0,1,1,0,4.0,0.1666666716337204
142,D0,129,1,1,0,0,0.0,0.1666666716337204
142,D0,130,1,1,0,0,0.0,0.1666666716337204
142,D0,131,1,1,0,0,0.0,0.0
142,D0,132,1,1,0,0,0.0,0.0
142,D0,133,1,1,0,0,0.1666666716337204,0.0
142,D0,134,1,1,0,0,0.0,0.0
142,D0,135,1,1,0,0,0.0,0.0
142,D0,136,1,1,0,0,0.0,0.1666666716337204
142,D0,137,1,1,0,0,0.1666666716337204,0.0
142,D0,138,1,1,0,0,0.0,0.0
142,D0,139,1,1,0,0,0.0,0.0
142,D0,140,1,1,0,0,0.0,0.0
142,D0,141,1,1,0,0,0.0,0.1666666716337204
142,D0,142,1,1,0,0,0.0,0.0
142,D0,143,1,1,0,0,0.3333333432674408,0.0
142,D0,144,1,1,0,0,0.0,0.0
142,D0,145,1,1,0,0,0.0,0.0
142,D0,146,1,1,0,0,0.0,0.1666666716337204
142,D0,147,1,1,0,0,0.0,0.1666666716337204
142,D0,148,1,1,0,0,0.0,0.0
142,D0,149,1,1,0,0,0.1666666716337204,0.0
142,D0,150,1,1,0,0,0.0,0.1666666716337204
142,D0,151,1,1,0,0,0.6666666865348816,0.0
142,D0,152,1,1,0,0,0.0,0.0
142,D0,153,1,1,0,0,0.0,0.0
142,D0,154,1,1,0,0,0.0,0.0
142,D0,155,1,1,0,0,0.6666666865348816,0.0
142,D0,156,1,1,0,0,0.0,0.3333333432674408
142,D0,157,1,1,0,0,0.1666666716337204,0.0
142,D0,158,1,1,0,0,0.5,0.3333333432674408
142,D0,159,1,1,0,0,0.1666666716337204,0.0
142,D0,160,1,1,0,0,0.1666666716337204,0.3333333432674408
142,D0,161,1,1,0,0,0.3333333432674408,0.0
142,D0,162,1,1,0,0,0.6666666865348816,0.3333333432674408
142,D0,163,1,1,0,0,0.3333333432674408,0.3333333432674408
142,D0,164,1,1,0,0,0.1666666716337204,0.3333333432674408
142,D0,165,1,1,0,0,0.6666666865348816,0.0
142,D0,166,1,1,0,0,0.0,0.5
142,D0,167,1,1,0,0,0.5,0.0
142,D0,168,1,1,0,0,0.8333333730697632,0.6666666865348816
142,D0,169,1,1,0,0,0.1666666716337204,0.0
142,D0,170,1,1,0,0,0.0,0.3333333432674408
142,D0,171,1,1,0,0,0.5,0.3333333432674408
142,D0,172,1,1,0,0,0.5,0.8333333730697632
142,D0,173,1,1,0,0,0.0,0.0
142,D0,174,1,1,0,0,0.0,0.3333333432674408
142,D0,175,1,1,0,0,0.1666666716337204,0.0
142,D0,176,1,1,0,0,0.0,0.0
142,D0,177,1,1,0,0,0.3333333432674408,0.3333333432674408
142,D0,178,1,1,0,0,0.0,0.3333333432674408
142,D0,179,1,1,0,0,0.5,0.0
142,D0,180,1,1,0,0,0.0,0.0
142,D0,181,1,1,0,0,0.0,0.1666666716337204
142,D0,182,1,1,0,0,1.0,0.0
142,D0,183,1,1,0,0,0.3333333432674408,0.3333333432674408
142,D0,184,1,1,0,0,0.0,0.1666666716337204
142,D0,185,1,1,0,0,0.0,0.1666666716337204
142,D0,186,1,1,0,0,0.1666666716337204,0.3333333432674408
142,D0,187,1,1,0,0,0.0,0.0
142,D0,188,1,1,0,0,0.0,0.0
142,D0,189,1,1,0,0,0.0,0.5
142,D0,190,1,1,0,0,0.0,0.0
142,D0,191,1,1,0,0,0.1666666716337204,0.5
142,D0,192,1,1,0,0,1.8333333730697632,0.3333333432674408
142,D0,193,1,1,0,0,0.0,0.3333333432674408
142,D0,194,1,1,0,0,0.3333333432674408,0.0
142,D0,195,1,1,0,0,1.3333333730697632,0.6666666865348816
142,D0,196,1,1,0,0,0.0,0.0
142,D0,197,1,1,0,0,0.8333333730697632,0.8333333730697632
142,D0,198,1,1,0,0,0.1666666716337204,0.1666666716337204
142,D0,199,1,1,0,0,0.3333333432674408,0.1666666716337204
142,D0,200,1,1,0,0,0.1666666716337204,1.3333333730697632
142,D0,201,1,1,0,0,0.0,0.0
142,D0,202,1,1,0,0,0.3333333432674408,0.6666666865348816
142,D0,203,1,1,0,0,0.0,0.6666666865348816
142,D0,204,1,1,0,0,0.0,1.6666667461395264
142,D0,205,1,1,0,0,1.0,0.0
142,D0,206,1,1,0,0,0.5,0.0
142,D0,207,1,1,0,0,1.1666667461395264,1.3333333730697632
142,D0,208,1,1,0,0,1.5,0.0
142,D0,209,1,1,0,0,0.8333333730697632,0.0
142,D0,210,1,1,0,0,1.5,0.0
142,D0,211,1,1,0,0,1.6666667461395264,0.3333333432674408
142,D0,212,1,1,0,0,0.0,0.0
142,D0,213,1,1,0,0,0.0,2.3333334922790527
142,D0,214,1,1,0,0,0.0,0.3333333432674408
142,D0,215,1,1,0,0,3.0,1.0
142,D0,216,1,1,0,0,0.0,0.5
142,D0,217,1,1,0,0,0.3333333432674408,0.5
142,D0,218,1,1,0,0,0.1666666716337204,0.0
142,D0,219,1,1,0,0,0.3333333432674408,0.0
142,D0,220,1,1,0,0,0.3333333432674408,0.1666666716337204
142,D0,221,1,1,0,0,0.3333333432674408,0.0
142,D0,222,1,1,0,0,3.0,2.6666667461395264
142,D0,223,1,1,0,0,0.1666666716337204,0.5
142,D0,224,1,1,0,0,0.1666666716337204,0.1666666716337204
142,D0,225,1,1,0,0,0.1666666716337204,0.0
142,D0,226,1,1,0,0,0.5,5.5
142,D0,227,1,1,0,0,1.5,0.3333333432674408
142,D0,228,1,1,0,0,7.5,0.1666666716337204
142,D0,229,1,1,0,0,2.3333334922790527,3.0
142,D0,230,1,1,0,0,0.0,0.0
142,D0,231,1,1,0,0,1.3333333730697632,0.0
142,D0,232,1,1,0,0,0.0,1.8333333730697632
142,D0,233,1,1,0,0,1.1666667461395264,0.5
142,D0,234,1,1,0,0,0.6666666865348816,0.0
142,D0,235,1,1,0,0,0.5,0.0
142,D0,236,1,1,0,0,4.5,0.3333333432674408
142,D0,237,1,1,0,0,0.8333333730697632,0.0
142,D0,238,1,1,0,0,0.6666666865348816,0.0
142,D0,239,1,1,0,0,2.1666667461395264,0.0
142,D0,240,1,1,0,0,0.1666666716337204,0.0
142,D0,241,0,1,0,0,2.3333334922790527,1.0
142,D0,242,0,1,0,0,3.0,2.0
142,D0,243,0,1,0,0,0.1666666716337204,0.8333333730697632
142,D0,244,0,1,0,0,0.3333333432674408,0.6666666865348816
142,D0,245,0,1,0,0,4.5,1.0
142,D0,246,0,1,0,0,0.8333333730697632,1.1666667461395264
142,D0,247,0,1,0,0,4.1666669845581055,0.3333333432674408
142,D0,248,0,1,0,0,3.8333334922790527,0.5
142,D0,249,0,1,0,0,0.1666666716337204,4.6666669845581055
142,D0,250,0,1,0,0,0.6666666865348816,0.1666666716337204
142,D0,251,0,0,0,0,0.1666666716337204,0.0
142,D0,252,0,0,0,0,1.8000000715255737,0.0
142,D0,253,0,0,0,0,0.5,1.8333333730697632
142,D0,254,0,0,0,0,0.0,1.6666667461395264
142,D0,255,0,0,0,0,0.3333333432674408,0.1666666716337204
242,D0,0,0,0,1,1,1.0,2.0
242,D0,1,0,0,1,1,6.333333492279053,17.0
242,D0,2,1,1,0,0,0.3333333432674408,0.1666666716337204
242,D0,3,1,1,0,0,0.0,0.1666666716337204
242,D0,4,1,1,0,0,0.1666666716337204,0.1666666716337204
242,D0,5,1,1,0,0,0.0,0.0
242,D0,6,1,1,0,0,0.0,0.0
242,D0,7,1,1,0,0,0.0,0.3333333432674408
242,D0,8,1,1,0,0,0.0,0.0
242,D0,9,1,1,0,0,0.0,0.0
242,D0,10,1,1,0,0,0.0,0.3333333432674408
242,D0,11,1,1,0,0,0.0,0.0
242,D0,12,1,1,0,0,0.0,0.0
242,D0,13,1,1,0,0,0.0,0.0
242,D0,14,1,1,0,0,0.1666666716337204,0.0
242,D0,15,1,1,0,0,0.0,0.0
242,D0,16,1,1,0,0,0.0,0.3333333432674408
242,D0,17,1,1,0,0,0.0,0.0
242,D0,18,1,1,0,0,0.0,0.5
242,D0,19,1,1,0,0,0.1666666716337204,0.0
242,D0,20,1,1,0,0,0.0,0.0
242,D0,21,1,1,0,0,0.1666666716337204,0.0
242,D0,22,1,1,0,0,0.1666666716337204,0.0
242,D0,23,1,1,0,0,0.0,0.1666666716337204
242,D0,24,1,1,0,0,0.1666666716337204,0.0
242,D0,25,1,1,0,0,0.3333333432674408,0.0
242,D0,26,1,1,0,0,0.0,0.1666666716337204
242,D0,27,1,1,0,0,0.0,0.0
242,D0,28,1,1,0,0,0.0,0.0
242,D0,29,1,1,0,0,0.6666666865348816,0.0
242,D0,30,1,1,0,0,0.1666666716337204,0.0
242,D0,31,1,1,0,0,0.0,0.1666666716337204
242,D0,32,1,1,0,0,0.3333333432674408,0.1666666716337204
242,D0,33,1,1,0,0,0.0,0.0
242,D0,34,1,1,0,0,0.0,0.5
242,D0,35,1,1,0,0,0.0,0.1666666716337204
242,D0,36,1,1,0,0,0.1666666716337204,0.6666666865348816
242,D0,37,1,1,0,0,0.8333333730697632,0.1666666716337204
242,D0,38,0,1,1,0,0.5,0.0
242,D0,39,1,1,0,0,0.0,0.3333333432674408
242,D0,40,1,1,0,0,0.0,0.5
242,D0,41,1,1,0,0,0.5,0.1666666716337204
242,D0,42,1,1,0,0,0.3333333432674408,0.5
242,D0,43,1,1,0,0,0.0,0.1666666716337204
242,D0,44,1,1,0,0,1.0,0.3333333432674408
242,D0,45,1,1,0,0,0.0,0.1666666716337204
242,D0,46,1,1,0,0,0.0,0.1666666716337204
242,D0,47,1,1,0,0,0.3333333432674408,0.0
242,D0,48,1,1,0,0,0.0,0.1666666716337204
242,D0,49,1,1,0,0,0.0,0.5
242,D0,50,1,1,0,0,0.1666666716337204,0.0
242,D0,51,1,1,0,0,0.3333333432674408,0.1666666716337204
242,D0,52,1,1,0,0,0.5,0.1666666716337204
242,D0,53,1,1,0,0,0.5,0.1666666716337204
242,D0,54,1,1,0,0,0.0,0.0
242,D0,55,1,1,0,0,0.0,0.1666666716337204
242,D0,56,1,1,0,0,0.1666666716337204,0.5
242,D0,57,1,1,0,0,0.5,0.1666666716337204
242,D0,58,1,1,0,0,0.1666666716337204,0.1666666716337204
242,D0,59,1,1,0,0,0.1666666716337204,0.3333333432674408
242,D0,60,1,1,0,0,0.0,0.0
242,D0,61,1,1,0,0,0.5,1.3333333730697632
242,D0,62,1,1,0,0,0.0,0.1666666716337204
242,D0,63,1,1,0,0,0.3333333432674408,0.1666666716337204
242,D0,64,1,1,0,0,0.0,0.0
242,D0,65,1,1,0,0,1.1666667461395264,0.1666666716337204
242,D0,66,1,1,0,0,0.0,0.1666666716337204
242,D0,67,1,1,0,0,0.3333333432674408,0.0
242,D0,68,1,1,0,0,0.6666666865348816,0.5
242,D0,69,1,1,0,0,1.1666667461395264,0.3333333432674408
242,D0,70,1,1,0,0,0.5,0.1666666716337204
242,D0,71,1,1,0,0,1.5,0.0
242,D0,72,1,1,0,0,1.0,0.1666666716337204
242,D0,73,1,1,0,0,0.1666666716337204,0.0
242,D0,74,1,1,0,0,0.0,0.1666666716337204
242,D0,75,1,1,0,0,0.5,1.1666667461395264
242,D0,76,1,1,0,0,0.5,0.5
242,D0,77,1,1,0,0,0.3333333432674408,0.1666666716337204
242,D0,78,1,1,0,0,1.3333333730697632,0.5
242,D0,79,1,1,0,0,0.0,1.1666667461395264
242,D0,80,1,1,0,0,0.3333333432674408,1.0
242,D0,81,1,1,0,0,0.1666666716337204,0.3333333432674408
242,D0,82,1,1,0,0,1.5,0.3333333432674408
242,D0,83,1,1,0,0,2.6666667461395264,0.1666666716337204
242,D0,84,1,1,0,0,1.6666667461395264,0.0
242,D0,85,1,1,0,0,0.3333333432674408,0.1666666716337204
242,D0,86,1,1,0,0,0.0,2.1666667461395264
242,D0,87,1,1,0,0,0.5,2.3333334922790527
242,D0,88,1,1,0,0,0.1666666716337204,1.0
242,D0,89,1,1,0,0,0.1666666716337204,0.3333333432674408
242,D0,90,1,1,0,0,0.0,0.0
242,D0,91,1,1,0,0,0.1666666716337204,0.1666666716337204
242,D0,92,1,1,0,0,0.0,2.0
242,D0,93,1,1,0,0,3.0,1.8333333730697632
242,D0,94,1,1,0,0,0.1666666716337204,1.0
242,D0,95,1,1,0,0,0.0,2.1666667461395264
242,D0,96,1,1,0,0,0.3333333432674408,0.0
242,D0,97,1,1,0,0,1.3333333730697632,6.333333492279053
242,D0,98,1,1,0,0,0.3333333432674408,2.3333334922790527
242,D0,99,1,1,0,0,0.0,0.0
242,D0,100,1,1,0,0,0.5,2.5
242,D0,101,1,1,0,0,0.0,0.0
242,D0,102,1,1,0,0,0.3333333432674408,0.0
242,D0,103,1,1,0,0,2.3333334922790527,0.0
242,D0,104,1,1,0,0,1.5,0.0
242,D0,105,1,1,0,0,2.6666667461395264,0.0
242,D0,106,1,1,0,0,1.6666667461395264,2.6666667461395264
242,D0,107,1,1,0,0,0.0,2.1666667461395264
242,D0,108,1,1,0,0,0.0,0.3333333432674408
242,D0,109,1,1,0,0,0.0,0.5
242,D0,110,1,1,0,0,2.6666667461395264,0.8333333730697632
242,D0,111,1,1,0,0,1.8333333730697632,0.5
242,D0,112,1,1,0,0,0.6666666865348816,0.0
242,D0,113,1,1,0,0,2.0,0.0
242,D0,114,1,1,0,0,0.6666666865348816,5.0
242,D0,115,1,1,0,0,0.3333333432674408,1.6666667461395264
242,D0,116,0,1,0,0,0.3333333432674408,1.0
242,D0,117,0,1,0,0,0.5,1.6666667461395264
242,D0,118,0,1,0,0,0.1666666716337204,1.3333333730697632
242,D0,119,0,1,0,0,1.1666667461395264,0.5
242,D0,120,0,1,0,0,0.8333333730697632,1.5
242,D0,121,0,1,0,0,0.0,0.0
242,D0,122,0,0,0,0,1.5,0.1666666716337204
242,D0,123,0,0,0,0,0.0,0.0
242,D0,124,0,0,0,0,0.0,0.1666666716337204
242,D0,125,0,0,0,0,7.833333492279053,1.0
242,D0,126,0,0,0,0,0.0,1.3333333730697632
242,D0,127,0,0,0,0,0.0,0.3333333432674408
242,D0,128,1,1,0,0,0.1666666716337204,0.0
242,D0,129,1,1,0,0,0.0,0.0
242,D0,130,1,1,0,0,0.0,0.1666666716337204
242,D0,131,1,1,0,0,0.0,0.0
242,D0,132,1,1,0,0,0.0,0.0
242,D0,133,1,1,0,0,0.1666666716337204,0.0
242,D0,134,1,1,0,0,0.0,0.0
242,D0,135,1,1,0,0,0.1666666716337204,0.0
242,D0,136,1,1,0,0,0.0,0.1666666716337204
242,D0,137,1,1,0,0,0.0,0.1666666716337204
242,D0,138,1,1,0,0,0.0,0.0
242,D0,139,1,1,0,0,0.0,0.0
242,D0,140,1,1,0,0,0.1666666716337204,0.0
242,D0,141,1,1,0,0,0.1666666716337204,0.0
242,D0,142,1,1,0,0,0.0,0.0
242,D0,143,1,1,0,0,0.0,0.0
242,D0,144,1,1,0,0,0.0,0.1666666716337204
242,D0,145,1,1,0,0,0.0,0.1666666716337204
242,D0,146,1,1,0,0,0.0,0.0
242,D0,147,1,1,0,0,0.1666666716337204,0.0
242,D0,148,1,1,0,0,0.0,0.0
242,D0,149,1,1,0,0,0.0,0.0
242,D0,150,1,1,0,0,0.3333333432674408,0.0
242,D0,151,1,1,0,0,0.6666666865348816,0.0
242,D0,152,1,1,0,0,0.5,0.0
242,D0,153,1,1,0,0,0.1666666716337204,0.1666666716337204
242,D0,154,1,1,0,0,0.0,0.0
242,D0,155,1,1,0,0,0.0,0.0
242,D0,156,1,1,0,0,0.0,0.5
242,D0,157,1,1,0,0,0.0,0.6666666865348816
242,D0,158,1,1,0,0,0.3333333432674408,0.3333333432674408
242,D0,159,1,1,0,0,0.0,0.3333333432674408
242,D0,160,1,1,0,0,0.8333333730697632,0.1666666716337204
242,D0,161,1,1,0,0,0.0,0.6666666865348816
242,D0,162,1,1,0,0,0.0,0.1666666716337204
242,D0,163,1,1,0,0,0.3333333432674408,0.3333333432674408
242,D0,164,1,1,0,0,0.0,0.1666666716337204
242,D0,165,1,1,0,0,0.0,0.3333333432674408
242,D0,166,1,1,0,0,0.1666666716337204,0.0
242,D0,167,1,1,0,0,0.1666666716337204,0.5
242,D0,168,1,1,0,0,0.0,0.0
242,D0,169,1,1,0,0,0.1666666716337204,0.0
242,D0,170,1,1,0,0,0.0,0.5
242,D0,171,1,1,0,0,0.0,0.5
242,D0,172,1,1,0,0,0.0,0.0
242,D0,173,1,1,0,0,0.0,0.8333333730697632
242,D0,174,1,1,0,0,0.1666666716337204,0.5
242,D0,175,1,1,0,0,0.1666666716337204,0.3333333432674408
242,D0,176,1,1,0,0,0.0,0.3333333432674408
242,D0,177,1,1,0,0,0.1666666716337204,0.0
242,D0,178,1,1,0,0,0.3333333432674408,0.1666666716337204
242,D0,179,1,1,0,0,0.0,0.0
242,D0,180,1,1,0,0,0.0,0.0
242,D0,181,1,1,0,0,0.1666666716337204,0.1666666716337204
242,D0,182,1,1,0,0,0.3333333432674408,0.8333333730697632
242,D0,183,1,1,0,0,0.6666666865348816,0.3333333432674408
242,D0,184,1,1,0,0,0.0,0.1666666716337204
242,D0,185,1,1,0,0,0.0,0.5
242,D0,186,1,1,0,0,1.0,0.0
242,D0,187,1,1,0,0,0.0,0.0
242,D0,188,1,1,0,0,1.0,0.1666666716337204
242,D0,189,1,1,0,0,1.1666667461395264,0.1666666716337204
242,D0,190,1,1,0,0,0.0,0.1666666716337204
242,D0,191,1,1,0,0,0.6666666865348816,0.3333333432674408
242,D0,192,1,1,0,0,0.8333333730697632,0.6666666865348816
242,D0,193,1,1,0,0,1.0,0.1666666716337204
242,D0,194,1,1,0,0,0.0,0.1666666716337204
242,D0,195,1,1,0,0,0.1666666716337204,0.6666666865348816
242,D0,196,1,1,0,0,0.6666666865348816,0.5
242,D0,197,1,1,0,0,0.0,0.0
242,D0,198,1,1,0,0,0.8333333730697632,0.1666666716337204
242,D0,199,1,1,0,0,0.1666666716337204,1.1666667461395264
242,D0,200,1,1,0,0,0.0,1.8333333730697632
242,D0,201,1,1,0,0,1.5,0.5
242,D0,202,1,1,0,0,0.0,0.0
242,D0,203,1,1,0,0,0.6666666865348816,2.6666667461395264
242,D0,204,1,1,0,0,0.3333333432674408,1.8333333730697632
242,D0,205,1,1,0,0,3.6666667461395264,1.5
242,D0,206,1,1,0,0,0.0,0.8333333730697632
242,D0,207,1,1,0,0,1.8333333730697632,1.1666667461395264
242,D0,208,1,1,0,0,0.0,0.8333333730697632
242,D0,209,1,1,0,0,0.0,1.0
242,D0,210,1,1,0,0,0.0,0.1666666716337204
242,D0,211,1,1,0,0,1.1666667461395264,0.0
242,D0,212,1,1,0,0,0.0,0.0
242,D0,213,1,1,0,0,0.1666666716337204,1.0
242,D0,214,1,1,0,0,0.0,0.1666666716337204
242,D0,215,1,1,0,0,0.8333333730697632,0.0
242,D0,216,1,1,0,0,0.0,1.1666667461395264
242,D0,217,1,1,0,0,0.3333333432674408,0.0
242,D0,218,1,1,0,0,2.8333334922790527,1.8333333730697632
242,D0,219,1,1,0,0,0.1666666716337204,0.1666666716337204
242,D0,220,1,1,0,0,0.0,0.0
242,D0,221,1,1,0,0,0.0,0.0
242,D0,222,1,1,0,0,0.0,0.3333333432674408
242,D0,223,1,1,0,0,0.0,0.0
242,D0,224,1,1,0,0,0.0,0.1666666716337204
242,D0,225,1,1,0,0,0.8333333730697632,0.3333333432674408
242,D0,226,1,1,0,0,1.1666667461395264,0.3333333432674408
242,D0,227,1,1,0,0,0.3333333432674408,0.0
242,D0,228,1,1,0,0,0.1666666716337204,1.0
242,D0,229,1,1,0,0,0.6666666865348816,0.5
242,D0,230,1,1,0,0,0.6666666865348816,0.6666666865348816
242,D0,231,1,1,0,0,0.8333333730697632,2.3333334922790527
242,D0,232,1,1,0,0,0.1666666716337204,0.6666666865348816
242,D0,233,1,1,0,0,1.6666667461395264,0.0
242,D0,234,1,1,0,0,2.6666667461395264,0.3333333432674408
242,D0,235,1,1,0,0,0.1666666716337204,0.1666666716337204
242,D0,236,1,1,0,0,2.6666667461395264,2.3333334922790527
242,D0,237,1,1,0,0,0.3333333432674408,2.0
242,D0,238,1,1,0,0,2.3333334922790527,2.6666667461395264
242,D0,239,1,1,0,0,1.3333333730697632,0.6666666865348816
242,D0,240,1,1,0,0,1.8333333730697632,2.0
242,D0,241,1,1,0,0,2.0,0.5
242,D0,242,1,1,0,0,0.8333333730697632,3.1666667461395264
242,D0,243,1,1,0,0,0.0,0.0
242,D0,244,1,1,0,0,0.5,0.5
242,D0,245,1,1,0,0,6.0,2.5
242,D0,246,1,1,0,0,0.5,0.0
242,D0,247,1,0,0,0,0.1666666716337204,0.0
242,D0,248,0,0,0,0,0.0,1.1666667461395264
242,D0,249,0,0,0,0,0.8333333730697632,0.1666666716337204
242,D0,250,0,0,0,0,0.6666666865348816,0.5
242,D0,251,0,0,0,0,3.3333334922790527,2.200000047683716
242,D0,252,0,0,0,0,4.833333492279053,3.5
242,D0,253,0,0,0,0,0.5,0.20000000298023224
242,D0,254,0,0,0,0,0.0,1.5
242,D0,255,0,0,0,0,0.0,3.6666667461395264
42,DQNH,0,0,0,1,1,10.5,5.25
42,DQNH,1,0,0,1,1,5.800000190734863,1.5
42,DQNH,2,0,0,1,1,1.4285714626312256,2.5
42,DQNH,3,0,0,1,1,2.0,0.4444444477558136
42,DQNH,4,1,0,0,1,0.2222222238779068,4.5
42,DQNH,5,1,0,0,1,0.0,1.5555555820465088
42,DQNH,6,1,0,0,1,0.1111111119389534,1.8333333730697632
42,DQNH,7,1,0,0,1,0.2222222238779068,1.4444444179534912
42,DQNH,8,1,1,0,0,0.0,0.2222222238779068
42,DQNH,9,1,1,0,0,0.2222222238779068,0.0
42,DQNH,10,1,1,0,0,0.3333333432674408,0.0
42,DQNH,11,1,1,0,0,0.3333333432674408,0.0
42,DQNH,12,1,1,0,0,0.2222222238779068,0.0
42,DQNH,13,1,1,0,0,0.1111111119389534,0.0
42,DQNH,14,1,1,0,0,0.2222222238779068,0.2222222238779068
42,DQNH,15,1,1,0,0,0.1111111119389534,0.0
42,DQNH,16,1,0,0,1,0.0,1.5555555820465088
42,DQNH,17,1,1,0,0,0.0,0.3333333432674408
42,DQNH,18,1,1,0,0,0.0,0.0
42,DQNH,19,1,1,0,0,0.0,0.0
42,DQNH,20,1,1,0,0,0.4444444477558136,0.1111111119389534
42,DQNH,21,1,1,0,0,0.0,0.1111111119389534
42,DQNH,22,1,1,0,0,0.5555555820465088,0.5555555820465088
42,DQNH,23,1,1,0,0,0.1111111119389534,0.3333333432674408
42,DQNH,24,1,1,0,0,0.2222222238779068,0.0
42,DQNH,25,1,1,0,0,0.2222222238779068,0.0
42,DQNH,26,1,1,0,0,0.2222222238779068,0.3333333432674408
42,DQNH,27,1,1,0,0,0.2222222238779068,0.4444444477558136
42,DQNH,28,1,1,0,0,0.0,1.0
42,DQNH,29,1,1,0,0,0.1111111119389534,0.4444444477558136
42,DQNH,30,1,1,0,0,0.3333333432674408,0.5555555820465088
42,DQNH,31,1,1,0,0,0.0,0.0
42,DQNH,32,1,0,0,1,0.1111111119389534,0.4444444477558136
42,DQNH,33,1,1,0,0,0.3333333432674408,0.2222222238779068
42,DQNH,34,1,1,0,0,0.1111111119389534,0.0
42,DQNH,35,1,1,0,0,0.8888888955116272,0.0
42,DQNH,36,1,1,0,0,0.3333333432674408,0.2222222238779068
42,DQNH,37,1,1,0,0,0.4444444477558136,0.1111111119389534
42,DQNH,38,1,1,0,0,0.2222222238779068,0.1111111119389534
42,DQNH,39,1,1,0,0,1.1111111640930176,0.2222222238779068
42,DQNH,40,1,1,0,0,0.2222222238779068,0.5555555820465088
42,DQNH,41,1,1,0,0,0.3333333432674408,0.1111111119389534
42,DQNH,42,1,1,0,0,0.3333333432674408,0.3333333432674408
42,DQNH,43,1,1,0,0,0.4444444477558136,0.3333333432674408
42,DQNH,44,1,1,0,0,0.2222222238779068,1.0
42,DQNH,45,0,1,1,0,5.142857551574707,0.4444444477558136
42,DQNH,46,0,1,1,0,1.0,1.0
42,DQNH,47,1,1,0,0,0.2222222238779068,0.2222222238779068
42,DQNH,48,1,1,0,0,0.4444444477558136,0.0
42,DQNH,49,1,1,0,0,0.3333333432674408,0.1111111119389534
42,DQNH,50,0,1,1,0,2.75,0.3333333432674408
42,DQNH,51,1,1,0,0,0.1111111119389534,0.5555555820465088
42,DQNH,52,0,1,1,0,0.6666666865348816,0.5555555820465088
42,DQNH,53,1,1,0,0,0.5555555820465088,0.3333333432674408
42,DQNH,54,1,1,0,0,0.6666666865348816,0.4444444477558136
42,DQNH,55,1,0,0,1,0.5555555820465088,1.2222222089767456
42,DQNH,56,1,1,0,0,0.2222222238779068,1.1111111640930176
42,DQNH,57,1,1,0,0,0.2222222238779068,0.5555555820465088
42,DQNH,58,1,1,0,0,0.2222222238779068,0.5555555820465088
42,DQNH,59,1,1,0,0,0.1111111119389534,1.3333333730697632
42,DQNH,60,1,1,0,0,0.3333333432674408,1.1111111640930176
42,DQNH,61,1,1,0,0,0.3333333432674408,0.3333333432674408
42,DQNH,62,1,1,0,0,0.6666666865348816,0.3333333432674408
42,DQNH,63,1,1,0,0,0.3333333432674408,0.0
42,DQNH,64,1,1,0,0,0.5555555820465088,0.2222222238779068
42,DQNH,65,1,1,0,0,0.7777777910232544,0.0
42,DQNH,66,1,1,0,0,0.2222222238779068,1.1111111640930176
42,DQNH,67,1,1,0,0,0.6666666865348816,0.2222222238779068
42,DQNH,68,1,1,0,0,0.1111111119389534,0.6666666865348816
42,DQNH,69,1,1,0,0,0.6666666865348816,0.3333333432674408
42,DQNH,70,1,1,0,0,1.1111111640930176,0.1111111119389534
42,DQNH,71,1,1,0,0,0.2222222238779068,0.5555555820465088
42,DQNH,72,1,1,0,0,0.2222222238779068,0.1111111119389534
42,DQNH,73,1,1,0,0,0.2222222238779068,0.6666666865348816
42,DQNH,74,1,1,0,0,0.2222222238779068,0.6666666865348816
42,DQNH,75,1,1,0,0,0.4444444477558136,1.2222222089767456
42,DQNH,76,1,1,0,0,0.5555555820465088,0.1111111119389534
42,DQNH,77,1,1,0,0,0.7777777910232544,0.3333333432674408
42,DQNH,78,0,1,1,0,2.1111111640930176,1.1111111640930176
42,DQNH,79,0,1,1,0,1.2222222089767456,0.4444444477558136
42,DQNH,80,1,1,0,0,0.5555555820465088,0.6666666865348816
42,DQNH,81,1,1,0,0,0.2222222238779068,0.6666666865348816
42,DQNH,82,1,1,0,0,0.4444444477558136,0.2222222238779068
42,DQNH,83,1,1,0,0,0.5555555820465088,0.6666666865348816
42,DQNH,84,1,1,0,0,0.7777777910232544,0.1111111119389534
42,DQNH,85,1,0,0,1,0.8888888955116272,0.6666666865348816
42,DQNH,86,1,1,0,0,0.8888888955116272,1.5555555820465088
42,DQNH,87,1,1,0,0,1.4444444179534912,0.6666666865348816
42,DQNH,88,1,1,0,0,1.2222222089767456,0.3333333432674408
42,DQNH,89,1,0,0,1,0.7777777910232544,0.3333333432674408
42,DQNH,90,1,1,0,0,0.2222222238779068,0.4444444477558136
42,DQNH,91,1,1,0,0,1.0,1.2222222089767456
42,DQNH,92,1,1,0,0,1.0,0.5555555820465088
42,DQNH,93,1,1,0,0,0.2222222238779068,0.7777777910232544
42,DQNH,94,0,1,1,0,0.6666666865348816,0.5555555820465088
42,DQNH,95,1,1,0,0,0.6666666865348816,1.1111111640930176
42,DQNH,96,0,1,1,0,0.8888888955116272,1.2222222089767456
42,DQNH,97,1,1,0,0,0.3333333432674408,0.8888888955116272
42,DQNH,98,1,1,0,0,0.7777777910232544,0.7777777910232544
42,DQNH,99,1,1,0,0,1.5555555820465088,0.8888888955116272
42,DQNH,100,1,1,0,0,0.1111111119389534,1.0
42,DQNH,101,1,1,0,0,0.6666666865348816,1.1111111640930176
42,DQNH,102,1,1,0,0,0.5555555820465088,1.0
42,DQNH,103,1,1,0,0,1.0,0.8888888955116272
42,DQNH,104,1,1,0,0,0.2222222238779068,1.3333333730697632
42,DQNH,105,1,1,0,0,0.4444444477558136,1.4444444179534912
42,DQNH,106,1,1,0,0,0.8888888955116272,1.7777777910232544
42,DQNH,107,1,1,0,0,0.6666666865348816,0.6666666865348816
42,DQNH,108,1,1,0,0,1.6666666269302368,2.444444417953491
42,DQNH,109,1,1,0,0,1.1111111640930176,1.1111111640930176
42,DQNH,110,1,1,0,0,1.6666666269302368,0.7777777910232544
42,DQNH,111,1,1,0,0,1.2222222089767456,1.6666666269302368
42,DQNH,112,1,1,0,0,0.8888888955116272,0.7777777910232544
42,DQNH,113,1,1,0,0,0.8888888955116272,1.4444444179534912
42,DQNH,114,1,1,0,0,1.0,1.4444444179534912
42,DQNH,115,1,1,0,0,1.4444444179534912,1.6666666269302368
42,DQNH,116,1,1,0,0,1.0,0.7777777910232544
42,DQNH,117,1,1,0,0,1.4444444179534912,0.6666666865348816
42,DQNH,118,1,1,0,0,0.7777777910232544,1.1111111640930176
42,DQNH,119,1,1,0,0,1.1111111640930176,1.6666666269302368
42,DQNH,120,0,1,1,0,5.5,1.7777777910232544
42,DQNH,121,1,0,0,1,0.0,0.1111111119389534
42,DQNH,122,1,1,0,0,1.4444444179534912,0.7777777910232544
42,DQNH,123,1,1,0,0,1.6666666269302368,1.1111111640930176
42,DQNH,124,1,1,0,0,1.3333333730697632,1.5555555820465088
42,DQNH,125,1,1,0,0,1.2222222089767456,1.0
42,DQNH,126,1,1,0,0,1.7777777910232544,1.5555555820465088
42,DQNH,127,1,1,0,0,2.0,0.5555555820465088
42,DQNH,128,0,0,1,1,0.2857142984867096,1.5
42,DQNH,129,0,0,1,1,1.5555555820465088,14.666666984558105
42,DQNH,130,1,0,0,1,0.1111111119389534,1.2857143878936768
42,DQNH,131,1,0,0,1,0.3333333432674408,5.5
42,DQNH,132,1,0,0,1,0.1111111119389534,3.0
42,DQNH,133,1,0,0,1,0.1111111119389534,2.0
42,DQNH,134,0,0,1,1,3.4285717010498047,2.555555582046509
42,DQNH,135,0,1,1,0,0.4444444477558136,0.2222222238779068
42,DQNH,136,1,1,0,0,0.2222222238779068,0.2222222238779068
42,DQNH,137,1,1,0,0,0.3333333432674408,0.3333333432674408
42,DQNH,138,1,1,0,0,0.3333333432674408,0.0
42,DQNH,139,1,1,0,0,0.0,0.2222222238779068
42,DQNH,140,1,1,0,0,0.2222222238779068,0.2222222238779068
42,DQNH,141,1,1,0,0,0.2222222238779068,0.0
42,DQNH,142,1,1,0,0,0.5555555820465088,0.1111111119389534
42,DQNH,143,1,1,0,0,0.4444444477558136,0.3333333432674408
42,DQNH,144,1,1,0,0,0.2222222238779068,0.3333333432674408
42,DQNH,145,1,1,0,0,0.5555555820465088,0.2222222238779068
42,DQNH,146,1,1,0,0,0.2222222238779068,0.1111111119389534
42,DQNH,147,1,1,0,0,0.1111111119389534,0.4444444477558136
42,DQNH,148,1,1,0,0,0.1111111119389534,0.4444444477558136
42,DQNH,149,1,1,0,0,0.3333333432674408,0.5555555820465088
42,DQNH,150,1,1,0,0,0.2222222238779068,0.2222222238779068
42,DQNH,151,1,1,0,0,0.1111111119389534,0.1111111119389534
42,DQNH,152,1,1,0,0,0.6666666865348816,0.2222222238779068
42,DQNH,153,1,1,0,0,0.2222222238779068,0.2222222238779068
42,DQNH,154,1,1,0,0,0.3333333432674408,0.0
42,DQNH,155,1,1,0,0,0.1111111119389534,0.5555555820465088
42,DQNH,156,1,1,0,0,1.1111111640930176,0.3333333432674408
42,DQNH,157,1,1,0,0,0.1111111119389534,0.5555555820465088
42,DQNH,158,1,1,0,0,0.1111111119389534,0.6666666865348816
42,DQNH,159,1,0,0,1,0.1111111119389534,4.857142925262451
42,DQNH,160,0,1,1,0,2.4285714626312256,0.5555555820465088
42,DQNH,161,1,0,0,1,0.3333333432674408,2.8888888359069824
42,DQNH,162,1,1,0,0,0.1111111119389534,0.6666666865348816
42,DQNH,163,1,1,0,0,0.2222222238779068,0.4444444477558136
42,DQNH,164,1,1,0,0,0.3333333432674408,0.4444444477558136
42,DQNH,165,1,1,0,0,0.3333333432674408,0.3333333432674408
42,DQNH,166,1,1,0,0,0.4444444477558136,0.5555555820465088
42,DQNH,167,1,1,0,0,0.3333333432674408,0.1111111119389534
42,DQNH,168,1,1,0,0,0.3333333432674408,0.3333333432674408
42,DQNH,169,1,1,0,0,0.5555555820465088,0.2222222238779068
42,DQNH,170,1,1,0,0,0.1111111119389534,0.2222222238779068
42,DQNH,171,0,1,1,0,1.2222222089767456,0.7777777910232544
42,DQNH,172,1,1,0,0,0.2222222238779068,0.1111111119389534
42,DQNH,173,1,1,0,0,0.3333333432674408,0.0
42,DQNH,174,1,1,0,0,0.2222222238779068,0.2222222238779068
42,DQNH,175,1,1,0,0,0.2222222238779068,0.1111111119389534
42,DQNH,176,1,1,0,0,0.2222222238779068,0.1111111119389534
42,DQNH,177,1,1,0,0,0.3333333432674408,0.3333333432674408
42,DQNH,178,1,1,0,0,0.4444444477558136,0.3333333432674408
42,DQNH,179,0,1,1,0,0.4444444477558136,0.3333333432674408
42,DQNH,180,1,1,0,0,0.1111111119389534,0.2222222238779068
42,DQNH,181,1,1,0,0,0.4444444477558136,0.3333333432674408
42,DQNH,182,1,1,0,0,0.2222222238779068,0.3333333432674408
42,DQNH,183,1,1,0,0,0.2222222238779068,0.3333333432674408
42,DQNH,184,1,1,0,0,0.5555555820465088,0.1111111119389534
42,DQNH,185,1,1,0,0,0.2222222238779068,0.0
42,DQNH,186,1,1,0,0,0.0,0.7777777910232544
42,DQNH,187,1,1,0,0,0.3333333432674408,0.2222222238779068
42,DQNH,188,1,1,0,0,0.3333333432674408,0.2222222238779068
42,DQNH,189,1,0,0,1,0.0,3.0
42,DQNH,190,1,1,0,0,0.7777777910232544,0.7777777910232544
42,DQNH,191,1,1,0,0,0.1111111119389534,0.5555555820465088
42,DQNH,192,1,0,0,1,0.4444444477558136,1.6666666269302368
42,DQNH,193,1,1,0,0,0.2222222238779068,0.5555555820465088
42,DQNH,194,1,1,0,0,0.0,0.7777777910232544
42,DQNH,195,1,1,0,0,0.3333333432674408,0.2222222238779068
42,DQNH,196,1,1,0,0,0.3333333432674408,1.1111111640930176
42,DQNH,197,1,1,0,0,0.7777777910232544,0.7777777910232544
42,DQNH,198,1,1,0,0,0.2222222238779068,0.2222222238779068
42,DQNH,199,1,1,0,0,0.1111111119389534,0.4444444477558136
42,DQNH,200,1,1,0,0,0.7777777910232544,0.5555555820465088
42,DQNH,201,1,1,0,0,0.3333333432674408,0.3333333432674408
42,DQNH,202,1,1,0,0,0.5555555820465088,0.2222222238779068
42,DQNH,203,1,1,0,0,0.2222222238779068,0.7777777910232544
42,DQNH,204,1,1,0,0,0.3333333432674408,0.2222222238779068
42,DQNH,205,1,1,0,0,0.3333333432674408,0.8888888955116272
42,DQNH,206,1,1,0,0,0.3333333432674408,0.1111111119389534
42,DQNH,207,1,1,0,0,0.4444444477558136,0.5555555820465088
42,DQNH,208,1,1,0,0,0.8888888955116272,0.4444444477558136
42,DQNH,209,1,1,0,0,0.4444444477558136,0.5555555820465088
42,DQNH,210,1,1,0,0,0.8888888955116272,0.3333333432674408
42,DQNH,211,1,1,0,0,0.7777777910232544,0.3333333432674408
42,DQNH,212,1,1,0,0,0.7777777910232544,0.6666666865348816
42,DQNH,213,1,0,0,1,1.2222222089767456,0.2222222238779068
42,DQNH,214,1,1,0,0,0.4444444477558136,0.7777777910232544
42,DQNH,215,0,1,1,0,1.1111111640930176,0.5555555820465088
42,DQNH,216,1,1,0,0,0.7777777910232544,0.3333333432674408
42,DQNH,217,1,0,0,1,0.7777777910232544,0.1111111119389534
42,DQNH,218,1,1,0,0,0.6666666865348816,0.7777777910232544
42,DQNH,219,1,1,0,0,0.5555555820465088,1.4444444179534912
42,DQNH,220,1,1,0,0,1.1111111640930176,0.8888888955116272
42,DQNH,221,1,1,0,0,0.4444444477558136,2.222222328186035
42,DQNH,222,1,1,0,0,0.8888888955116272,1.2222222089767456
42,DQNH,223,1,1,0,0,0.6666666865348816,0.6666666865348816
42,DQNH,224,1,1,0,0,0.5555555820465088,1.1111111640930176
42,DQNH,225,1,1,0,0,1.2222222089767456,0.7777777910232544
42,DQNH,226,1,1,0,0,1.888888955116272,0.8888888955116272
42,DQNH,227,1,1,0,0,1.6666666269302368,0.4444444477558136
42,DQNH,228,1,1,0,0,0.8888888955116272,0.8888888955116272
42,DQNH,229,1,1,0,0,1.0,0.8888888955116272
42,DQNH,230,1,1,0,0,1.0,1.2222222089767456
42,DQNH,231,0,1,1,0,2.8888888359069824,0.8888888955116272
42,DQNH,232,1,1,0,0,0.7777777910232544,1.4444444179534912
42,DQNH,233,1,0,0,1,0.8888888955116272,0.8888888955116272
42,DQNH,234,1,1,0,0,1.6666666269302368,2.1111111640930176
42,DQNH,235,1,1,0,0,1.1111111640930176,0.4444444477558136
42,DQNH,236,1,1,0,0,0.2222222238779068,1.0
42,DQNH,237,1,1,0,0,0.8888888955116272,0.4444444477558136
42,DQNH,238,1,1,0,0,1.2222222089767456,1.4444444179534912
42,DQNH,239,1,1,0,0,0.7777777910232544,1.0
42,DQNH,240,1,1,0,0,1.4444444179534912,0.5555555820465088
42,DQNH,241,1,1,0,0,1.0,1.7777777910232544
42,DQNH,242,1,1,0,0,1.3333333730697632,0.6666666865348816
42,DQNH,243,1,1,0,0,0.8888888955116272,1.888888955116272
42,DQNH,244,1,1,0,0,1.6666666269302368,1.2222222089767456
42,DQNH,245,1,1,0,0,1.1111111640930176,1.5555555820465088
42,DQNH,246,1,1,0,0,1.1111111640930176,1.6666666269302368
42,DQNH,247,1,1,0,0,1.4444444179534912,0.8888888955116272
42,DQNH,248,1,1,0,0,0.7777777910232544,1.4444444179534912
42,DQNH,249,1,1,0,0,1.3333333730697632,0.4444444477558136
42,DQNH,250,1,1,0,0,1.5555555820465088,1.2222222089767456
42,DQNH,251,1,1,0,0,1.2222222089767456,2.0
42,DQNH,252,1,1,0,0,1.5555555820465088,1.5555555820465088
42,DQNH,253,1,1,0,0,2.222222328186035,1.1111111640930176
42,DQNH,254,1,1,0,0,2.222222328186035,1.888888955116272
42,DQNH,255,1,1,0,0,2.0,1.7777777910232544
142,DQNH,0,0,0,1,1,3.6666667461395264,1.3333333730697632
142,DQNH,1,0,0,1,1,4.6666669845581055,1.1666667461395264
142,DQNH,2,0,1,1,0,3.4000000953674316,0.2222222238779068
142,DQNH,3,0,1,1,0,5.200000286102295,0.1111111119389534
142,DQNH,4,0,0,1,1,1.5,4.142857551574707
142,DQNH,5,0,1,1,0,13.333333969116211,0.5555555820465088
142,DQNH,6,0,1,1,0,1.7142858505249023,0.0
142,DQNH,7,0,0,1,1,0.7142857313156128,0.4444444477558136
142,DQNH,8,0,1,1,0,1.5555555820465088,0.2222222238779068
142,DQNH,9,1,1,0,0,0.1111111119389534,0.2222222238779068
142,DQNH,10,1,1,0,0,0.4444444477558136,0.1111111119389534
142,DQNH,11,1,0,0,1,0.2222222238779068,0.3333333432674408
142,DQNH,12,1,1,0,0,0.1111111119389534,0.0
142,DQNH,13,1,1,0,0,0.1111111119389534,0.2222222238779068
142,DQNH,14,1,1,0,0,0.0,0.0
142,DQNH,15,1,1,0,0,0.1111111119389534,0.4444444477558136
142,DQNH,16,1,1,0,0,0.1111111119389534,0.3333333432674408
142,DQNH,17,1,1,0,0,0.1111111119389534,0.0
142,DQNH,18,1,1,0,0,0.2222222238779068,0.2222222238779068
142,DQNH,19,1,1,0,0,0.2222222238779068,0.3333333432674408
142,DQNH,20,1,1,0,0,0.3333333432674408,0.1111111119389534
142,DQNH,21,1,1,0,0,0.3333333432674408,0.3333333432674408
142,DQNH,22,1,1,0,0,0.0,0.2222222238779068
142,DQNH,23,1,1,0,0,0.2222222238779068,0.1111111119389534
142,DQNH,24,1,1,0,0,0.1111111119389534,0.3333333432674408
142,DQNH,25,1,1,0,0,0.2222222238779068,0.0
142,DQNH,26,1,1,0,0,0.0,0.0
142,DQNH,27,1,1,0,0,0.3333333432674408,0.4444444477558136
142,DQNH,28,1,1,0,0,0.4444444477558136,0.6666666865348816
142,DQNH,29,1,1,0,0,0.6666666865348816,0.2222222238779068
142,DQNH,30,1,1,0,0,0.1111111119389534,0.1111111119389534
142,DQNH,31,1,0,0,1,0.5555555820465088,0.5555555820465088
142,DQNH,32,1,0,0,1,0.1111111119389534,5.125
142,DQNH,33,1,1,0,0,0.3333333432674408,0.1111111119389534
142,DQNH,34,1,1,0,0,0.2222222238779068,0.2222222238779068
142,DQNH,35,1,1,0,0,0.2222222238779068,0.5555555820465088
142,DQNH,36,1,1,0,0,0.4444444477558136,0.3333333432674408
142,DQNH,37,1,0,0,1,0.3333333432674408,0.4444444477558136
142,DQNH,38,1,1,0,0,0.5555555820465088,0.3333333432674408
142,DQNH,39,1,1,0,0,0.3333333432674408,0.3333333432674408
142,DQNH,40,1,1,0,0,0.2222222238779068,0.3333333432674408
142,DQNH,41,1,1,0,0,0.2222222238779068,0.6666666865348816
142,DQNH,42,1,1,0,0,0.4444444477558136,0.1111111119389534
142,DQNH,43,1,1,0,0,0.1111111119389534,0.1111111119389534
142,DQNH,44,1,1,0,0,0.2222222238779068,0.1111111119389534
142,DQNH,45,1,1,0,0,0.3333333432674408,0.6666666865348816
142,DQNH,46,1,1,0,0,0.1111111119389534,0.1111111119389534
142,DQNH,47,1,1,0,0,0.2222222238779068,0.1111111119389534
142,DQNH,48,1,1,0,0,0.8888888955116272,0.2222222238779068
142,DQNH,49,1,1,0,0,0.1111111119389534,0.1111111119389534
142,DQNH,50,1,1,0,0,1.888888955116272,0.8888888955116272
142,DQNH,51,1,1,0,0,0.3333333432674408,0.1111111119389534
142,DQNH,52,1,1,0,0,0.2222222238779068,0.3333333432674408
142,DQNH,53,1,1,0,0,0.1111111119389534,0.3333333432674408
142,DQNH,54,1,1,0,0,0.8888888955116272,0.0
142,DQNH,55,1,1,0,0,0.5555555820465088,0.7777777910232544
142,DQNH,56,1,1,0,0,0.5555555820465088,0.3333333432674408
142,DQNH,57,1,1,0,0,0.4444444477558136,0.2222222238779068
142,DQNH,58,1,1,0,0,0.2222222238779068,0.3333333432674408
142,DQNH,59,1,1,0,0,0.5555555820465088,1.1111111640930176
142,DQNH,60,1,1,0,0,0.8888888955116272,0.3333333432674408
142,DQNH,61,1,1,0,0,0.2222222238779068,0.3333333432674408
142,DQNH,62,1,1,0,0,0.7777777910232544,0.5555555820465088
142,DQNH,63,1,1,0,0,0.6666666865348816,1.0
142,DQNH,64,1,1,0,0,0.1111111119389534,0.0
142,DQNH,65,1,1,0,0,0.4444444477558136,0.1111111119389534
142,DQNH,66,1,1,0,0,1.6666666269302368,0.5555555820465088
142,DQNH,67,1,1,0,0,0.2222222238779068,0.7777777910232544
142,DQNH,68,1,1,0,0,1.3333333730697632,0.6666666865348816
142,DQNH,69,1,1,0,0,0.7777777910232544,1.0
142,DQNH,70,1,1,0,0,0.5555555820465088,1.3333333730697632
142,DQNH,71,1,1,0,0,0.5555555820465088,0.6666666865348816
142,DQNH,72,1,1,0,0,0.7777777910232544,0.6666666865348816
142,DQNH,73,1,1,0,0,0.5555555820465088,0.5555555820465088
142,DQNH,74,1,1,0,0,0.6666666865348816,0.7777777910232544
142,DQNH,75,1,1,0,0,0.6666666865348816,0.5555555820465088
142,DQNH,76,1,1,0,0,0.3333333432674408,0.5555555820465088
142,DQNH,77,1,1,0,0,0.7777777910232544,0.7777777910232544
142,DQNH,78,1,1,0,0,1.0,0.5555555820465088
142,DQNH,79,1,1,0,0,0.5555555820465088,1.1111111640930176
142,DQNH,80,1,1,0,0,0.4444444477558136,0.2222222238779068
142,DQNH,81,1,1,0,0,0.4444444477558136,0.4444444477558136
142,DQNH,82,1,1,0,0,0.2222222238779068,0.3333333432674408
142,DQNH,83,1,1,0,0,0.7777777910232544,0.6666666865348816
142,DQNH,84,0,1,1,0,2.5,1.0
142,DQNH,85,1,1,0,0,0.5555555820465088,1.5555555820465088
142,DQNH,86,1,1,0,0,1.0,0.4444444477558136
142,DQNH,87,0,1,1,0,1.0,1.1111111640930176
142,DQNH,88,1,1,0,0,0.4444444477558136,0.8888888955116272
142,DQNH,89,0,1,1,0,0.7777777910232544,0.7777777910232544
142,DQNH,90,1,1,0,0,1.2222222089767456,0.7777777910232544
142,DQNH,91,1,1,0,0,1.0,0.8888888955116272
142,DQNH,92,1,1,0,0,0.3333333432674408,0.7777777910232544
142,DQNH,93,1,1,0,0,0.7777777910232544,1.1111111640930176
142,DQNH,94,1,1,0,0,1.6666666269302368,0.6666666865348816
142,DQNH,95,1,1,0,0,1.0,1.5555555820465088
142,DQNH,96,1,1,0,0,1.2222222089767456,1.4444444179534912
142,DQNH,97,1,1,0,0,1.888888955116272,0.8888888955116272
142,DQNH,98,1,1,0,0,1.4444444179534912,0.4444444477558136
142,DQNH,99,1,1,0,0,0.6666666865348816,1.2222222089767456
142,DQNH,100,1,1,0,0,1.0,0.8888888955116272
142,DQNH,101,1,1,0,0,0.3333333432674408,1.6666666269302368
142,DQNH,102,1,1,0,0,0.2222222238779068,0.4444444477558136
142,DQNH,103,1,1,0,0,0.6666666865348816,1.5555555820465088
142,DQNH,104,1,0,0,1,0.5555555820465088,1.4444444179534912
142,DQNH,105,1,1,0,0,0.8888888955116272,1.2222222089767456
142,DQNH,106,1,1,0,0,1.3333333730697632,1.3333333730697632
142,DQNH,107,1,1,0,0,0.7777777910232544,0.4444444477558136
142,DQNH,108,1,1,0,0,1.2222222089767456,1.5555555820465088
142,DQNH,109,1,1,0,0,1.1111111640930176,1.0
142,DQNH,110,1,1,0,0,2.0,1.7777777910232544
142,DQNH,111,1,1,0,0,2.777777910232544,1.3333333730697632
142,DQNH,112,1,1,0,0,0.6666666865348816,1.7777777910232544
142,DQNH,113,1,1,0,0,0.5555555820465088,1.5555555820465088
142,DQNH,114,1,1,0,0,1.3333333730697632,0.7777777910232544
142,DQNH,115,1,1,0,0,2.0,1.6666666269302368
142,DQNH,116,1,1,0,0,0.8888888955116272,1.1111111640930176
142,DQNH,117,1,1,0,0,2.222222328186035,1.1111111640930176
142,DQNH,118,1,1,0,0,1.2222222089767456,2.8888888359069824
142,DQNH,119,1,1,0,0,1.888888955116272,1.0
142,DQNH,120,1,1,0,0,1.6666666269302368,1.888888955116272
142,DQNH,121,1,1,0,0,1.2222222089767456,1.4444444179534912
142,DQNH,122,1,1,0,0,1.0,1.0
142,DQNH,123,1,1,0,0,1.5555555820465088,1.2222222089767456
142,DQNH,124,1,1,0,0,1.4444444179534912,1.2222222089767456
142,DQNH,125,1,1,0,0,2.1111111640930176,1.7777777910232544
142,DQNH,126,1,1,0,0,1.6666666269302368,1.7777777910232544
142,DQNH,127,1,1,0,0,1.5555555820465088,1.7777777910232544
142,DQNH,128,0,0,1,1,1.3333333730697632,4.333333492279053
142,DQNH,129,0,0,1,1,0.5,0.5
142,DQNH,130,0,0,1,1,4.75,2.1666667461395264
142,DQNH,131,0,0,1,1,2.2857143878936768,2.75
142,DQNH,132,0,0,1,1,2.375,1.625
142,DQNH,133,1,0,0,1,0.0,4.285714626312256
142,DQNH,134,0,1,1,0,2.3333332538604736,0.0
142,DQNH,135,0,1,1,0,1.1111111640930176,0.1111111119389534
142,DQNH,136,1,1,0,0,0.1111111119389534,0.0
142,DQNH,137,1,0,0,1,0.0,1.7777777910232544
142,DQNH,138,1,1,0,0,0.2222222238779068,0.1111111119389534
142,DQNH,139,1,1,0,0,0.2222222238779068,0.1111111119389534
142,DQNH,140,1,1,0,0,0.5555555820465088,0.2222222238779068
142,DQNH,141,1,1,0,0,0.4444444477558136,0.2222222238779068
142,DQNH,142,1,1,0,0,0.5555555820465088,0.1111111119389534
142,DQNH,143,1,1,0,0,0.3333333432674408,0.0
142,DQNH,144,1,1,0,0,0.1111111119389534,0.3333333432674408
142,DQNH,145,1,1,0,0,0.2222222238779068,0.3333333432674408
142,DQNH,146,1,1,0,0,0.4444444477558136,0.2222222238779068
142,DQNH,147,1,1,0,0,0.0,0.1111111119389534
142,DQNH,148,1,1,0,0,0.3333333432674408,0.2222222238779068
142,DQNH,149,1,1,0,0,0.3333333432674408,0.4444444477558136
142,DQNH,150,1,1,0,0,0.2222222238779068,0.2222222238779068
142,DQNH,151,1,1,0,0,0.2222222238779068,0.1111111119389534
142,DQNH,152,1,1,0,0,0.4444444477558136,0.3333333432674408
142,DQNH,153,1,1,0,0,0.0,0.2222222238779068
142,DQNH,154,1,1,0,0,0.1111111119389534,0.3333333432674408
142,DQNH,155,1,1,0,0,0.3333333432674408,0.7777777910232544
142,DQNH,156,0,1,1,0,1.1111111640930176,0.3333333432674408
142,DQNH,157,1,0,0,1,0.4444444477558136,2.857142925262451
142,DQNH,158,1,0,0,1,0.1111111119389534,2.375
142,DQNH,159,1,0,0,1,0.1111111119389534,0.6666666865348816
142,DQNH,160,1,0,0,1,0.3333333432674408,1.2222222089767456
142,DQNH,161,1,0,0,1,0.5555555820465088,3.1666667461395264
142,DQNH,162,1,0,0,1,0.2222222238779068,3.777777910232544
142,DQNH,163,1,1,0,0,0.7777777910232544,0.2222222238779068
142,DQNH,164,1,1,0,0,0.4444444477558136,0.1111111119389534
142,DQNH,165,1,1,0,0,0.2222222238779068,0.1111111119389534
142,DQNH,166,1,1,0,0,0.1111111119389534,1.4444444179534912
142,DQNH,167,1,1,0,0,0.3333333432674408,0.4444444477558136
142,DQNH,168,1,0,0,1,0.2222222238779068,2.125
142,DQNH,169,1,1,0,0,0.2222222238779068,0.1111111119389534
142,DQNH,170,1,1,0,0,0.6666666865348816,0.4444444477558136
142,DQNH,171,1,1,0,0,1.0,0.2222222238779068
142,DQNH,172,1,1,0,0,0.6666666865348816,0.7777777910232544
142,DQNH,173,1,1,0,0,0.0,0.6666666865348816
142,DQNH,174,1,1,0,0,0.5555555820465088,0.4444444477558136
142,DQNH,175,1,1,0,0,0.5555555820465088,0.3333333432674408
142,DQNH,176,1,1,0,0,0.5555555820465088,0.1111111119389534
142,DQNH,177,1,1,0,0,0.1111111119389534,0.4444444477558136
142,DQNH,178,1,1,0,0,0.3333333432674408,0.7777777910232544
142,DQNH,179,1,1,0,0,0.3333333432674408,0.5555555820465088
142,DQNH,180,1,1,0,0,0.0,0.3333333432674408
142,DQNH,181,1,1,0,0,0.6666666865348816,0.1111111119389534
142,DQNH,182,1,1,0,0,0.6666666865348816,0.0
142,DQNH,183,1,1,0,0,0.3333333432674408,0.0
142,DQNH,184,1,1,0,0,0.0,0.1111111119389534
142,DQNH,185,1,1,0,0,0.1111111119389534,0.6666666865348816
142,DQNH,186,1,1,0,0,0.7777777910232544,0.5555555820465088
142,DQNH,187,1,1,0,0,0.5555555820465088,0.2222222238779068
142,DQNH,188,1,1,0,0,0.6666666865348816,0.3333333432674408
142,DQNH,189,1,1,0,0,1.1111111640930176,0.6666666865348816
142,DQNH,190,1,1,0,0,0.3333333432674408,0.5555555820465088
142,DQNH,191,1,1,0,0,0.3333333432674408,0.7777777910232544
142,DQNH,192,1,1,0,0,0.8888888955116272,2.0
142,DQNH,193,1,1,0,0,0.5555555820465088,0.2222222238779068
142,DQNH,194,1,1,0,0,0.4444444477558136,0.1111111119389534
142,DQNH,195,1,1,0,0,0.3333333432674408,0.2222222238779068
142,DQNH,196,1,1,0,0,0.3333333432674408,1.3333333730697632
142,DQNH,197,1,1,0,0,0.0,0.3333333432674408
142,DQNH,198,1,1,0,0,1.2222222089767456,1.0
142,DQNH,199,1,1,0,0,1.1111111640930176,0.7777777910232544
142,DQNH,200,1,1,0,0,0.4444444477558136,0.2222222238779068
142,DQNH,201,1,1,0,0,0.2222222238779068,0.7777777910232544
142,DQNH,202,1,1,0,0,0.6666666865348816,0.6666666865348816
142,DQNH,203,1,1,0,0,1.4444444179534912,1.0
142,DQNH,204,1,1,0,0,2.0,0.4444444477558136
142,DQNH,205,1,1,0,0,0.5555555820465088,0.2222222238779068
142,DQNH,206,1,1,0,0,0.4444444477558136,0.1111111119389534
142,DQNH,207,1,1,0,0,0.3333333432674408,1.3333333730697632
142,DQNH,208,1,1,0,0,1.1111111640930176,0.4444444477558136
142,DQNH,209,1,1,0,0,0.7777777910232544,1.1111111640930176
142,DQNH,210,1,1,0,0,0.7777777910232544,0.1111111119389534
142,DQNH,211,1,1,0,0,0.2222222238779068,0.6666666865348816
142,DQNH,212,1,1,0,0,0.7777777910232544,0.8888888955116272
142,DQNH,213,1,1,0,0,0.6666666865348816,0.3333333432674408
142,DQNH,214,1,1,0,0,1.2222222089767456,1.3333333730697632
142,DQNH,215,1,1,0,0,1.4444444179534912,1.0
142,DQNH,216,1,1,0,0,1.3333333730697632,1.5555555820465088
142,DQNH,217,1,1,0,0,0.6666666865348816,0.6666666865348816
142,DQNH,218,1,1,0,0,0.7777777910232544,0.1111111119389534
142,DQNH,219,1,1,0,0,0.7777777910232544,0.8888888955116272
142,DQNH,220,1,1,0,0,0.4444444477558136,0.7777777910232544
142,DQNH,221,1,1,0,0,0.8888888955116272,0.6666666865348816
142,DQNH,222,1,1,0,0,0.4444444477558136,1.3333333730697632
142,DQNH,223,1,1,0,0,0.8888888955116272,1.0
142,DQNH,224,1,1,0,0,0.8888888955116272,1.2222222089767456
142,DQNH,225,1,1,0,0,1.0,1.5555555820465088
142,DQNH,226,1,1,0,0,0.3333333432674408,0.5555555820465088
142,DQNH,227,1,1,0,0,2.3333332538604736,1.4444444179534912
142,DQNH,228,1,1,0,0,1.5555555820465088,0.5555555820465088
142,DQNH,229,1,1,0,0,0.8888888955116272,1.1111111640930176
142,DQNH,230,1,1,0,0,2.0,0.8888888955116272
142,DQNH,231,1,1,0,0,0.7777777910232544,1.0
142,DQNH,232,1,1,0,0,0.7777777910232544,1.3333333730697632
142,DQNH,233,1,1,0,0,1.7777777910232544,0.6666666865348816
142,DQNH,234,1,1,0,0,1.4444444179534912,0.4444444477558136
142,DQNH,235,1,1,0,0,0.7777777910232544,0.8888888955116272
142,DQNH,236,1,1,0,0,0.8888888955116272,1.5555555820465088
142,DQNH,237,1,1,0,0,1.4444444179534912,1.5555555820465088
142,DQNH,238,1,1,0,0,1.2222222089767456,1.6666666269302368
142,DQNH,239,1,1,0,0,0.5555555820465088,0.2222222238779068
142,DQNH,240,1,1,0,0,1.0,1.0
142,DQNH,241,1,0,0,1,1.6666666269302368,1.888888955116272
142,DQNH,242,1,1,0,0,0.7777777910232544,1.5555555820465088
142,DQNH,243,1,1,0,0,1.2222222089767456,0.7777777910232544
142,DQNH,244,1,1,0,0,1.888888955116272,0.7777777910232544
142,DQNH,245,1,1,0,0,1.7777777910232544,1.4444444179534912
142,DQNH,246,1,1,0,0,0.7777777910232544,0.6666666865348816
142,DQNH,247,1,1,0,0,1.4444444179534912,1.7777777910232544
142,DQNH,248,1,1,0,0,0.8888888955116272,2.222222328186035
142,DQNH,249,1,1,0,0,2.0,1.6666666269302368
142,DQNH,250,1,1,0,0,1.6666666269302368,1.3333333730697632
142,DQNH,251,1,1,0,0,1.6666666269302368,1.0
142,DQNH,252,1,1,0,0,1.0,2.3333332538604736
142,DQNH,253,1,1,0,0,1.6666666269302368,1.1111111640930176
142,DQNH,254,0,1,1,0,0.4444444477558136,0.5555555820465088
142,DQNH,255,1,0,0,1,1.3333333730697632,2.444444417953491
242,DQNH,0,0,0,1,1,5.0,0.25
242,DQNH,1,0,0,1,1,6.0,8.5
242,DQNH,2,0,0,1,1,2.3333334922790527,4.0
242,DQNH,3,0,0,1,1,2.625,0.4285714626312256
242,DQNH,4,0,0,1,1,1.875,1.571428656578064
242,DQNH,5,0,0,1,1,0.4444444477558136,14.0
242,DQNH,6,0,0,1,1,1.4285714626312256,2.875
242,DQNH,7,0,0,1,1,1.888888955116272,2.4285714626312256
242,DQNH,8,1,1,0,0,0.1111111119389534,0.5555555820465088
242,DQNH,9,1,1,0,0,0.2222222238779068,0.3333333432674408
242,DQNH,10,1,1,0,0,0.1111111119389534,0.5555555820465088
242,DQNH,11,1,1,0,0,0.5555555820465088,0.1111111119389534
242,DQNH,12,1,1,0,0,0.3333333432674408,0.3333333432674408
242,DQNH,13,1,1,0,0,0.0,0.1111111119389534
242,DQNH,14,1,1,0,0,0.0,0.1111111119389534
242,DQNH,15,1,1,0,0,0.1111111119389534,0.5555555820465088
242,DQNH,16,1,1,0,0,0.2222222238779068,0.2222222238779068
242,DQNH,17,1,1,0,0,0.3333333432674408,0.2222222238779068
242,DQNH,18,1,1,0,0,0.1111111119389534,0.2222222238779068
242,DQNH,19,1,1,0,0,0.4444444477558136,0.5555555820465088
242,DQNH,20,1,1,0,0,0.4444444477558136,0.0
242,DQNH,21,1,1,0,0,0.1111111119389534,0.1111111119389534
242,DQNH,22,1,1,0,0,0.1111111119389534,0.1111111119389534
242,DQNH,23,1,1,0,0,0.2222222238779068,0.0
242,DQNH,24,1,1,0,0,0.1111111119389534,0.1111111119389534
242,DQNH,25,1,1,0,0,0.0,0.4444444477558136
242,DQNH,26,1,1,0,0,0.1111111119389534,0.1111111119389534
242,DQNH,27,1,1,0,0,0.2222222238779068,0.2222222238779068
242,DQNH,28,1,1,0,0,0.6666666865348816,0.0
242,DQNH,29,1,1,0,0,0.4444444477558136,0.3333333432674408
242,DQNH,30,1,1,0,0,0.1111111119389534,0.1111111119389534
242,DQNH,31,1,1,0,0,0.1111111119389534,0.2222222238779068
242,DQNH,32,0,1,1,0,3.6666667461395264,0.5555555820465088
242,DQNH,33,1,1,0,0,0.4444444477558136,0.2222222238779068
242,DQNH,34,1,1,0,0,0.0,0.3333333432674408
242,DQNH,35,1,1,0,0,0.5555555820465088,0.1111111119389534
242,DQNH,36,1,1,0,0,0.2222222238779068,0.2222222238779068
242,DQNH,37,1,1,0,0,0.2222222238779068,0.1111111119389534
242,DQNH,38,1,1,0,0,0.6666666865348816,0.2222222238779068
242,DQNH,39,1,1,0,0,0.0,0.5555555820465088
242,DQNH,40,1,1,0,0,0.3333333432674408,0.3333333432674408
242,DQNH,41,1,1,0,0,0.1111111119389534,0.4444444477558136
242,DQNH,42,1,1,0,0,0.0,0.3333333432674408
242,DQNH,43,1,1,0,0,0.4444444477558136,0.2222222238779068
242,DQNH,44,0,1,1,0,1.2222222089767456,0.0
242,DQNH,45,1,1,0,0,0.2222222238779068,0.0
242,DQNH,46,1,1,0,0,0.2222222238779068,0.3333333432674408
242,DQNH,47,1,1,0,0,0.5555555820465088,0.1111111119389534
242,DQNH,48,1,1,0,0,0.6666666865348816,0.1111111119389534
242,DQNH,49,1,1,0,0,0.1111111119389534,0.0
242,DQNH,50,1,0,0,1,0.6666666865348816,1.1111111640930176
242,DQNH,51,1,1,0,0,0.1111111119389534,0.4444444477558136
242,DQNH,52,1,1,0,0,0.3333333432674408,0.7777777910232544
242,DQNH,53,1,1,0,0,0.1111111119389534,0.3333333432674408
242,DQNH,54,1,1,0,0,0.0,0.2222222238779068
242,DQNH,55,1,1,0,0,0.5555555820465088,1.2222222089767456
242,DQNH,56,1,1,0,0,0.4444444477558136,0.1111111119389534
242,DQNH,57,1,1,0,0,0.5555555820465088,0.5555555820465088
242,DQNH,58,1,1,0,0,0.2222222238779068,0.7777777910232544
242,DQNH,59,0,0,1,1,5.625,1.1111111640930176
242,DQNH,60,1,1,0,0,1.0,0.7777777910232544
242,DQNH,61,1,1,0,0,0.1111111119389534,1.6666666269302368
242,DQNH,62,0,1,1,0,5.0,0.0
242,DQNH,63,1,1,0,0,0.6666666865348816,0.7777777910232544
242,DQNH,64,1,1,0,0,0.3333333432674408,0.4444444477558136
242,DQNH,65,1,1,0,0,1.3333333730697632,1.0
242,DQNH,66,1,1,0,0,0.4444444477558136,0.1111111119389534
242,DQNH,67,1,1,0,0,0.3333333432674408,0.0
242,DQNH,68,1,1,0,0,0.4444444477558136,0.2222222238779068
242,DQNH,69,1,1,0,0,1.0,0.0
242,DQNH,70,1,1,0,0,1.1111111640930176,0.1111111119389534
242,DQNH,71,1,1,0,0,0.2222222238779068,1.1111111640930176
242,DQNH,72,1,1,0,0,0.5555555820465088,0.6666666865348816
242,DQNH,73,1,1,0,0,0.7777777910232544,0.4444444477558136
242,DQNH,74,1,1,0,0,0.5555555820465088,0.6666666865348816
242,DQNH,75,1,1,0,0,0.7777777910232544,1.6666666269302368
242,DQNH,76,1,1,0,0,0.2222222238779068,0.5555555820465088
242,DQNH,77,1,1,0,0,1.0,0.5555555820465088
242,DQNH,78,1,1,0,0,0.6666666865348816,0.5555555820465088
242,DQNH,79,1,1,0,0,1.1111111640930176,1.0
242,DQNH,80,1,1,0,0,0.7777777910232544,0.4444444477558136
242,DQNH,81,1,1,0,0,1.3333333730697632,0.2222222238779068
242,DQNH,82,1,1,0,0,0.6666666865348816,1.1111111640930176
242,DQNH,83,1,1,0,0,0.7777777910232544,0.3333333432674408
242,DQNH,84,1,1,0,0,0.4444444477558136,0.3333333432674408
242,DQNH,85,1,1,0,0,0.2222222238779068,0.6666666865348816
242,DQNH,86,1,1,0,0,0.5555555820465088,0.7777777910232544
242,DQNH,87,1,1,0,0,1.3333333730697632,0.2222222238779068
242,DQNH,88,1,1,0,0,1.2222222089767456,0.3333333432674408
242,DQNH,89,1,1,0,0,0.8888888955116272,0.8888888955116272
242,DQNH,90,1,1,0,0,0.4444444477558136,0.3333333432674408
242,DQNH,91,1,1,0,0,0.5555555820465088,0.6666666865348816
242,DQNH,92,1,1,0,0,0.4444444477558136,1.5555555820465088
242,DQNH,93,1,1,0,0,1.2222222089767456,1.1111111640930176
242,DQNH,94,1,1,0,0,0.4444444477558136,1.2222222089767456
242,DQNH,95,1,1,0,0,1.0,1.1111111640930176
242,DQNH,96,1,1,0,0,0.1111111119389534,0.3333333432674408
242,DQNH,97,1,1,0,0,0.3333333432674408,0.5555555820465088
242,DQNH,98,1,1,0,0,1.1111111640930176,0.4444444477558136
242,DQNH,99,1,1,0,0,1.1111111640930176,0.5555555820465088
242,DQNH,100,1,1,0,0,0.8888888955116272,0.4444444477558136
242,DQNH,101,1,1,0,0,1.1111111640930176,0.3333333432674408
242,DQNH,102,1,1,0,0,0.2222222238779068,0.7777777910232544
242,DQNH,103,1,1,0,0,0.5555555820465088,1.0
242,DQNH,104,1,1,0,0,0.5555555820465088,0.3333333432674408
242,DQNH,105,1,1,0,0,0.8888888955116272,1.1111111640930176
242,DQNH,106,1,1,0,0,2.0,1.3333333730697632
242,DQNH,107,1,1,0,0,1.2222222089767456,0.7777777910232544
242,DQNH,108,1,1,0,0,1.0,1.0
242,DQNH,109,1,1,0,0,0.5555555820465088,1.0
242,DQNH,110,1,1,0,0,0.5555555820465088,1.7777777910232544
242,DQNH,111,1,1,0,0,1.1111111640930176,1.0
242,DQNH,112,0,1,1,0,0.6666666865348816,1.5555555820465088
242,DQNH,113,0,1,1,0,1.2222222089767456,1.6666666269302368
242,DQNH,114,1,1,0,0,1.3333333730697632,0.6666666865348816
242,DQNH,115,1,1,0,0,1.2222222089767456,1.6666666269302368
242,DQNH,116,1,1,0,0,0.8888888955116272,0.7777777910232544
242,DQNH,117,1,1,0,0,1.3333333730697632,0.5555555820465088
242,DQNH,118,1,1,0,0,0.8888888955116272,0.5555555820465088
242,DQNH,119,1,1,0,0,0.7777777910232544,1.0
242,DQNH,120,1,1,0,0,0.5555555820465088,0.8888888955116272
242,DQNH,121,1,1,0,0,2.0,1.2222222089767456
242,DQNH,122,0,1,1,0,0.2222222238779068,2.6666667461395264
242,DQNH,123,1,1,0,0,1.0,2.1111111640930176
242,DQNH,124,1,1,0,0,1.0,1.5555555820465088
242,DQNH,125,1,0,0,1,1.5555555820465088,0.5555555820465088
242,DQNH,126,1,1,0,0,1.7777777910232544,1.4444444179534912
242,DQNH,127,1,1,0,0,2.3333332538604736,2.222222328186035
242,DQNH,128,0,0,1,1,4.333333492279053,2.75
242,DQNH,129,0,0,1,1,0.5714285969734192,0.4285714626312256
242,DQNH,130,0,0,1,1,1.75,1.8571429252624512
242,DQNH,131,1,0,0,1,0.1111111119389534,1.4285714626312256
242,DQNH,132,0,0,1,1,0.8888888955116272,4.200000286102295
242,DQNH,133,0,0,1,1,3.0,0.75
242,DQNH,134,1,0,0,1,0.3333333432674408,1.125
242,DQNH,135,0,0,1,1,1.7777777910232544,0.8888888955116272
242,DQNH,136,1,0,0,1,0.2222222238779068,2.5714287757873535
242,DQNH,137,1,0,0,1,0.0,1.3333333730697632
242,DQNH,138,0,0,1,1,2.375,1.25
242,DQNH,139,1,0,0,1,0.4444444477558136,1.4285714626312256
242,DQNH,140,1,1,0,0,0.1111111119389534,0.1111111119389534
242,DQNH,141,1,1,0,0,0.6666666865348816,0.4444444477558136
242,DQNH,142,1,1,0,0,0.5555555820465088,0.3333333432674408
242,DQNH,143,1,0,0,1,0.1111111119389534,0.5555555820465088
242,DQNH,144,0,1,1,0,0.3333333432674408,0.3333333432674408
242,DQNH,145,1,1,0,0,0.1111111119389534,0.1111111119389534
242,DQNH,146,1,1,0,0,0.1111111119389534,0.1111111119389534
242,DQNH,147,1,1,0,0,0.3333333432674408,0.0
242,DQNH,148,1,1,0,0,0.1111111119389534,0.8888888955116272
242,DQNH,149,1,1,0,0,0.1111111119389534,0.0
242,DQNH,150,1,1,0,0,0.0,0.0
242,DQNH,151,1,1,0,0,0.2222222238779068,0.4444444477558136
242,DQNH,152,1,1,0,0,0.6666666865348816,0.1111111119389534
242,DQNH,153,1,1,0,0,0.2222222238779068,0.1111111119389534
242,DQNH,154,1,1,0,0,0.2222222238779068,0.3333333432674408
242,DQNH,155,1,1,0,0,0.2222222238779068,0.6666666865348816
242,DQNH,156,1,1,0,0,0.0,0.0
242,DQNH,157,1,0,0,1,0.3333333432674408,0.75
242,DQNH,158,1,1,0,0,0.2222222238779068,0.1111111119389534
242,DQNH,159,1,1,0,0,0.7777777910232544,0.4444444477558136
242,DQNH,160,1,1,0,0,1.3333333730697632,0.0
242,DQNH,161,1,0,0,1,0.0,0.8888888955116272
242,DQNH,162,1,0,0,1,0.1111111119389534,1.5555555820465088
242,DQNH,163,0,1,1,0,1.1111111640930176,0.2222222238779068
242,DQNH,164,1,1,0,0,0.2222222238779068,0.0
242,DQNH,165,1,1,0,0,0.0,0.5555555820465088
242,DQNH,166,1,0,0,1,0.2222222238779068,5.0
242,DQNH,167,1,1,0,0,0.7777777910232544,0.2222222238779068
242,DQNH,168,1,1,0,0,0.0,0.3333333432674408
242,DQNH,169,0,1,1,0,3.25,0.6666666865348816
242,DQNH,170,0,1,1,0,0.1111111119389534,0.1111111119389534
242,DQNH,171,1,1,0,0,0.4444444477558136,0.5555555820465088
242,DQNH,172,1,1,0,0,0.2222222238779068,0.4444444477558136
242,DQNH,173,1,1,0,0,0.2222222238779068,0.2222222238779068
242,DQNH,174,1,1,0,0,0.4444444477558136,0.5555555820465088
242,DQNH,175,1,1,0,0,0.2222222238779068,0.1111111119389534
242,DQNH,176,1,1,0,0,0.1111111119389534,0.1111111119389534
242,DQNH,177,1,1,0,0,0.6666666865348816,0.2222222238779068
242,DQNH,178,1,1,0,0,0.2222222238779068,0.1111111119389534
242,DQNH,179,1,1,0,0,0.4444444477558136,0.1111111119389534
242,DQNH,180,1,1,0,0,0.0,0.1111111119389534
242,DQNH,181,1,1,0,0,1.2222222089767456,0.1111111119389534
242,DQNH,182,0,1,1,0,5.0,0.6666666865348816
242,DQNH,183,1,1,0,0,0.0,0.7777777910232544
242,DQNH,184,1,1,0,0,0.2222222238779068,0.3333333432674408
242,DQNH,185,1,1,0,0,0.7777777910232544,0.4444444477558136
242,DQNH,186,1,1,0,0,0.4444444477558136,0.2222222238779068
242,DQNH,187,1,1,0,0,1.3333333730697632,0.5555555820465088
242,DQNH,188,1,1,0,0,0.6666666865348816,0.7777777910232544
242,DQNH,189,1,1,0,0,0.2222222238779068,1.0
242,DQNH,190,1,1,0,0,0.2222222238779068,0.2222222238779068
242,DQNH,191,1,0,0,1,0.3333333432674408,0.3333333432674408
242,DQNH,192,1,1,0,0,0.5555555820465088,1.0
242,DQNH,193,1,0,0,1,0.8888888955116272,0.7777777910232544
242,DQNH,194,1,1,0,0,1.3333333730697632,0.6666666865348816
242,DQNH,195,1,1,0,0,0.4444444477558136,0.2222222238779068
242,DQNH,196,1,1,0,0,0.5555555820465088,0.5555555820465088
242,DQNH,197,1,1,0,0,0.5555555820465088,0.1111111119389534
242,DQNH,198,1,1,0,0,0.6666666865348816,0.3333333432674408
242,DQNH,199,1,1,0,0,0.7777777910232544,1.2222222089767456
242,DQNH,200,1,1,0,0,0.4444444477558136,0.3333333432674408
242,DQNH,201,1,1,0,0,0.3333333432674408,0.5555555820465088
242,DQNH,202,1,1,0,0,0.5555555820465088,0.8888888955116272
242,DQNH,203,1,1,0,0,0.4444444477558136,0.8888888955116272
242,DQNH,204,1,1,0,0,0.8888888955116272,0.4444444477558136
242,DQNH,205,1,1,0,0,0.2222222238779068,0.8888888955116272
242,DQNH,206,1,1,0,0,0.2222222238779068,0.1111111119389534
242,DQNH,207,1,1,0,0,0.2222222238779068,0.2222222238779068
242,DQNH,208,1,1,0,0,0.5555555820465088,0.4444444477558136
242,DQNH,209,1,1,0,0,0.6666666865348816,0.6666666865348816
242,DQNH,210,1,0,0,1,0.2222222238779068,5.0
242,DQNH,211,1,0,0,1,0.5555555820465088,0.8888888955116272
242,DQNH,212,1,1,0,0,0.5555555820465088,0.8888888955116272
242,DQNH,213,1,1,0,0,0.7777777910232544,1.3333333730697632
242,DQNH,214,1,1,0,0,0.4444444477558136,1.0
242,DQNH,215,1,1,0,0,1.4444444179534912,0.4444444477558136
242,DQNH,216,1,1,0,0,0.8888888955116272,0.8888888955116272
242,DQNH,217,1,1,0,0,0.8888888955116272,0.5555555820465088
242,DQNH,218,1,1,0,0,0.6666666865348816,1.6666666269302368
242,DQNH,219,1,1,0,0,0.8888888955116272,0.6666666865348816
242,DQNH,220,1,1,0,0,0.6666666865348816,0.7777777910232544
242,DQNH,221,1,1,0,0,0.7777777910232544,0.6666666865348816
242,DQNH,222,1,1,0,0,0.5555555820465088,1.4444444179534912
242,DQNH,223,1,1,0,0,1.0,0.5555555820465088
242,DQNH,224,1,1,0,0,1.0,1.1111111640930176
242,DQNH,225,1,1,0,0,0.5555555820465088,0.4444444477558136
242,DQNH,226,1,1,0,0,1.4444444179534912,0.6666666865348816
242,DQNH,227,1,1,0,0,0.6666666865348816,2.1111111640930176
242,DQNH,228,1,1,0,0,0.5555555820465088,0.7777777910232544
242,DQNH,229,1,1,0,0,1.5555555820465088,1.0
242,DQNH,230,1,1,0,0,1.3333333730697632,0.4444444477558136
242,DQNH,231,1,1,0,0,0.6666666865348816,1.2222222089767456
242,DQNH,232,1,1,0,0,0.8888888955116272,0.7777777910232544
242,DQNH,233,1,1,0,0,1.1111111640930176,0.7777777910232544
242,DQNH,234,1,1,0,0,1.1111111640930176,1.1111111640930176
242,DQNH,235,1,1,0,0,0.8888888955116272,0.6666666865348816
242,DQNH,236,1,1,0,0,1.0,1.0
242,DQNH,237,1,1,0,0,0.7777777910232544,0.8888888955116272
242,DQNH,238,1,1,0,0,2.444444417953491,1.888888955116272
242,DQNH,239,1,1,0,0,1.2222222089767456,1.1111111640930176
242,DQNH,240,1,1,0,0,0.7777777910232544,0.6666666865348816
242,DQNH,241,1,1,0,0,0.2222222238779068,1.4444444179534912
242,DQNH,242,1,1,0,0,1.1111111640930176,1.2222222089767456
242,DQNH,243,1,1,0,0,0.6666666865348816,1.7777777910232544
242,DQNH,244,1,1,0,0,0.4444444477558136,0.6666666865348816
242,DQNH,245,1,1,0,0,1.4444444179534912,0.7777777910232544
242,DQNH,246,1,1,0,0,1.2222222089767456,0.8888888955116272
242,DQNH,247,1,1,0,0,0.7777777910232544,2.1111111640930176
242,DQNH,248,1,1,0,0,1.6666666269302368,1.4444444179534912
242,DQNH,249,1,1,0,0,0.8888888955116272,2.0
242,DQNH,250,1,1,0,0,1.5555555820465088,2.3333332538604736
242,DQNH,251,1,1,0,0,1.888888955116272,1.2222222089767456
242,DQNH,252,1,1,0,0,1.5555555820465088,1.4444444179534912
242,DQNH,253,1,1,0,0,1.6666666269302368,0.2222222238779068
242,DQNH,254,1,1,0,0,1.3333333730697632,2.222222328186035
242,DQNH,255,1,1,0,0,0.8888888955116272,1.3333333730697632
