specialist_mode,evaluation_mode,evaluation_role,adaptation_seed,pair_index,baseline_success,final_success,baseline_fell,final_fell,baseline_failure_type,final_failure_type
lateral,lateral,diagonal_primary,42,0,0,0,1,1,lateral_heading_drift,non_lateral_balance_or_phase
lateral,lateral,diagonal_primary,42,1,0,0,1,1,non_lateral_balance_or_phase,non_lateral_balance_or_phase
lateral,lateral,diagonal_primary,42,2,0,0,1,1,non_lateral_high_cbf_demand,lateral_heading_drift
lateral,lateral,diagonal_primary,42,3,0,0,1,1,lateral_heading_drift,lateral_heading_drift
lateral,lateral,diagonal_primary,42,4,0,0,1,1,lateral_heading_drift,non_lateral_high_cbf_demand
lateral,lateral,diagonal_primary,42,5,0,0,1,1,lateral_heading_drift,lateral_heading_drift
lateral,lateral,diagonal_primary,42,6,0,0,1,1,non_lateral_balance_or_phase,non_lateral_high_cbf_demand
lateral,lateral,diagonal_primary,42,7,0,0,1,1,lateral_heading_drift,lateral_heading_drift
lateral,lateral,diagonal_primary,42,8,0,0,1,1,lateral_heading_drift,lateral_heading_drift
lateral,lateral,diagonal_primary,42,9,0,0,1,1,lateral_heading_drift,lateral_heading_drift
lateral,lateral,diagonal_primary,42,10,1,1,0,0,success,success
lateral,lateral,diagonal_primary,42,11,0,1,1,0,lateral_heading_drift,success
lateral,lateral,diagonal_primary,42,12,0,1,1,0,lateral_heading_drift,success
lateral,lateral,diagonal_primary,42,13,1,1,0,0,success,success
lateral,lateral,diagonal_primary,42,14,1,1,0,0,success,success
lateral,lateral,diagonal_primary,42,15,1,1,0,0,success,success
lateral,lateral,diagonal_primary,42,16,1,1,0,0,success,success
lateral,lateral,diagonal_primary,42,17,1,0,0,1,success,lateral_heading_drift
lateral,lateral,diagonal_primary,42,18,1,0,0,1,success,lateral_heading_drift
lateral,lateral,diagonal_primary,42,19,1,1,0,0,success,success
lateral,lateral,diagonal_primary,42,20,1,1,0,0,success,success
lateral,lateral,diagonal_primary,42,21,1,1,0,0,success,success
lateral,lateral,diagonal_primary,42,22,0,1,1,0,lateral_heading_drift,success
lateral,lateral,diagonal_primary,42,23,0,1,1,0,lateral_heading_drift,success
lateral,lateral,diagonal_primary,42,24,1,1,0,0,success,success
lateral,lateral,diagonal_primary,42,25,1,1,0,0,success,success
lateral,lateral,diagonal_primary,42,26,1,1,0,0,success,success
lateral,lateral,diagonal_primary,42,27,0,1,1,0,lateral_heading_drift,success
lateral,lateral,diagonal_primary,42,28,1,0,0,1,success,lateral_heading_drift
lateral,lateral,diagonal_primary,42,29,1,1,0,0,success,success
lateral,lateral,diagonal_primary,42,30,1,0,0,1,success,lateral_heading_drift
lateral,lateral,diagonal_primary,42,31,1,1,0,0,success,success
lateral,lateral,diagonal_primary,42,32,1,1,0,0,success,success
lateral,lateral,diagonal_primary,42,33,1,1,0,0,success,success
lateral,lateral,diagonal_primary,42,34,1,1,0,0,success,success
lateral,lateral,diagonal_primary,42,35,1,1,0,0,success,success
lateral,lateral,diagonal_primary,42,36,1,1,0,0,success,success
lateral,lateral,diagonal_primary,42,37,1,1,0,0,success,success
lateral,lateral,diagonal_primary,42,38,1,1,0,0,success,success
lateral,lateral,diagonal_primary,42,39,1,1,0,0,success,success
lateral,lateral,diagonal_primary,42,40,1,1,0,0,success,success
lateral,lateral,diagonal_primary,42,41,1,1,0,0,success,success
lateral,lateral,diagonal_primary,42,42,1,0,0,1,success,lateral_heading_drift
lateral,lateral,diagonal_primary,42,43,1,0,0,1,success,lateral_heading_drift
lateral,lateral,diagonal_primary,42,44,1,1,0,0,success,success
lateral,lateral,diagonal_primary,42,45,1,1,0,0,success,success
lateral,lateral,diagonal_primary,42,46,1,1,0,0,success,success
lateral,lateral,diagonal_primary,42,47,1,1,0,0,success,success
lateral,lateral,diagonal_primary,42,48,1,1,0,0,success,success
lateral,lateral,diagonal_primary,42,49,1,0,0,1,success,lateral_heading_drift
lateral,lateral,diagonal_primary,42,50,1,1,0,0,success,success
lateral,lateral,diagonal_primary,42,51,1,1,0,0,success,success
lateral,lateral,diagonal_primary,42,52,1,1,0,0,success,success
lateral,lateral,diagonal_primary,42,53,1,0,0,1,success,lateral_heading_drift
lateral,lateral,diagonal_primary,42,54,0,1,1,0,lateral_heading_drift,success
lateral,lateral,diagonal_primary,42,55,1,1,0,0,success,success
lateral,lateral,diagonal_primary,42,56,1,1,0,0,success,success
lateral,lateral,diagonal_primary,42,57,1,1,0,0,success,success
lateral,lateral,diagonal_primary,42,58,1,1,0,0,success,success
lateral,lateral,diagonal_primary,42,59,0,1,1,0,lateral_heading_drift,success
lateral,lateral,diagonal_primary,42,60,1,1,0,0,success,success
lateral,lateral,diagonal_primary,42,61,0,1,1,0,lateral_heading_drift,success
lateral,lateral,diagonal_primary,42,62,1,1,0,0,success,success
lateral,lateral,diagonal_primary,42,63,1,1,0,0,success,success
lateral,lateral,diagonal_primary,42,64,1,0,0,1,success,lateral_heading_drift
lateral,lateral,diagonal_primary,42,65,1,1,0,0,success,success
lateral,lateral,diagonal_primary,42,66,1,0,0,1,success,lateral_heading_drift
lateral,lateral,diagonal_primary,42,67,1,1,0,0,success,success
lateral,lateral,diagonal_primary,42,68,1,1,0,0,success,success
lateral,lateral,diagonal_primary,42,69,1,1,0,0,success,success
lateral,lateral,diagonal_primary,42,70,1,1,0,0,success,success
lateral,lateral,diagonal_primary,42,71,1,1,0,0,success,success
lateral,lateral,diagonal_primary,42,72,1,1,0,0,success,success
lateral,lateral,diagonal_primary,42,73,1,1,0,0,success,success
lateral,lateral,diagonal_primary,42,74,1,1,0,0,success,success
lateral,lateral,diagonal_primary,42,75,1,1,0,0,success,success
lateral,lateral,diagonal_primary,42,76,1,1,0,0,success,success
lateral,lateral,diagonal_primary,42,77,0,1,1,0,lateral_heading_drift,success
lateral,lateral,diagonal_primary,42,78,1,1,0,0,success,success
lateral,lateral,diagonal_primary,42,79,1,1,0,0,success,success
lateral,lateral,diagonal_primary,42,80,1,1,0,0,success,success
lateral,lateral,diagonal_primary,42,81,1,1,0,0,success,success
lateral,lateral,diagonal_primary,42,82,1,1,0,0,success,success
lateral,lateral,diagonal_primary,42,83,1,1,0,0,success,success
lateral,lateral,diagonal_primary,42,84,1,1,0,0,success,success
lateral,lateral,diagonal_primary,42,85,1,1,0,0,success,success
lateral,lateral,diagonal_primary,42,86,1,1,0,0,success,success
lateral,lateral,diagonal_primary,42,87,1,1,0,0,success,success
lateral,lateral,diagonal_primary,42,88,1,1,0,0,success,success
lateral,lateral,diagonal_primary,42,89,1,1,0,0,success,success
lateral,lateral,diagonal_primary,42,90,1,0,0,1,success,lateral_heading_drift
lateral,lateral,diagonal_primary,42,91,1,1,0,0,success,success
lateral,lateral,diagonal_primary,42,92,1,1,0,0,success,success
lateral,lateral,diagonal_primary,42,93,1,1,0,0,success,success
lateral,lateral,diagonal_primary,42,94,1,1,0,0,success,success
lateral,lateral,diagonal_primary,42,95,1,1,0,0,success,success
lateral,lateral,diagonal_primary,42,96,1,1,0,0,success,success
lateral,lateral,diagonal_primary,42,97,0,1,1,0,lateral_heading_drift,success
lateral,lateral,diagonal_primary,42,98,1,1,0,0,success,success
lateral,lateral,diagonal_primary,42,99,1,1,0,0,success,success
lateral,lateral,diagonal_primary,42,100,1,1,0,0,success,success
lateral,lateral,diagonal_primary,42,101,1,1,0,0,success,success
lateral,lateral,diagonal_primary,42,102,1,1,0,0,success,success
lateral,lateral,diagonal_primary,42,103,1,1,0,0,success,success
lateral,lateral,diagonal_primary,42,104,1,1,0,0,success,success
lateral,lateral,diagonal_primary,42,105,1,1,0,0,success,success
lateral,lateral,diagonal_primary,42,106,1,1,0,0,success,success
lateral,lateral,diagonal_primary,42,107,1,1,0,0,success,success
lateral,lateral,diagonal_primary,42,108,1,1,0,0,success,success
lateral,lateral,diagonal_primary,42,109,1,1,0,0,success,success
lateral,lateral,diagonal_primary,42,110,1,1,0,0,success,success
lateral,lateral,diagonal_primary,42,111,0,1,1,0,lateral_heading_drift,success
lateral,lateral,diagonal_primary,42,112,1,1,0,0,success,success
lateral,lateral,diagonal_primary,42,113,1,1,0,0,success,success
lateral,lateral,diagonal_primary,42,114,1,1,0,0,success,success
lateral,lateral,diagonal_primary,42,115,1,1,0,0,success,success
lateral,lateral,diagonal_primary,42,116,0,0,1,1,lateral_heading_drift,lateral_heading_drift
lateral,lateral,diagonal_primary,42,117,0,1,1,0,lateral_heading_drift,success
lateral,lateral,diagonal_primary,42,118,1,0,0,1,success,lateral_heading_drift
lateral,lateral,diagonal_primary,42,119,1,1,0,0,success,success
lateral,lateral,diagonal_primary,42,120,1,1,0,0,success,success
lateral,lateral,diagonal_primary,42,121,1,1,0,0,success,success
lateral,lateral,diagonal_primary,42,122,1,1,0,0,success,success
lateral,lateral,diagonal_primary,42,123,1,1,0,0,success,success
lateral,lateral,diagonal_primary,42,124,0,1,1,0,lateral_heading_drift,success
lateral,lateral,diagonal_primary,42,125,1,1,0,0,success,success
lateral,lateral,diagonal_primary,42,126,1,1,0,0,success,success
lateral,lateral,diagonal_primary,42,127,1,1,0,0,success,success
lateral,lateral,diagonal_primary,42,128,0,0,1,1,lateral_heading_drift,non_lateral_balance_or_phase
lateral,lateral,diagonal_primary,42,129,0,0,1,1,lateral_heading_drift,non_lateral_high_cbf_demand
lateral,lateral,diagonal_primary,42,130,0,0,1,1,lateral_heading_drift,non_lateral_high_cbf_demand
lateral,lateral,diagonal_primary,42,131,0,0,1,1,lateral_heading_drift,lateral_heading_drift
lateral,lateral,diagonal_primary,42,132,0,0,1,1,lateral_heading_drift,lateral_heading_drift
lateral,lateral,diagonal_primary,42,133,0,0,1,1,lateral_heading_drift,lateral_heading_drift
lateral,lateral,diagonal_primary,42,134,0,0,1,1,lateral_heading_drift,lateral_heading_drift
lateral,lateral,diagonal_primary,42,135,0,0,1,1,lateral_heading_drift,lateral_heading_drift
lateral,lateral,diagonal_primary,42,136,0,0,1,1,non_lateral_high_cbf_demand,lateral_heading_drift
lateral,lateral,diagonal_primary,42,137,0,0,1,1,lateral_heading_drift,lateral_heading_drift
lateral,lateral,diagonal_primary,42,138,1,1,0,0,success,success
lateral,lateral,diagonal_primary,42,139,0,1,1,0,non_lateral_high_cbf_demand,success
lateral,lateral,diagonal_primary,42,140,0,0,1,1,lateral_heading_drift,lateral_heading_drift
lateral,lateral,diagonal_primary,42,141,1,1,0,0,success,success
lateral,lateral,diagonal_primary,42,142,1,1,0,0,success,success
lateral,lateral,diagonal_primary,42,143,1,1,0,0,success,success
lateral,lateral,diagonal_primary,42,144,1,0,0,1,success,lateral_heading_drift
lateral,lateral,diagonal_primary,42,145,1,0,0,1,success,lateral_heading_drift
lateral,lateral,diagonal_primary,42,146,1,1,0,0,success,success
lateral,lateral,diagonal_primary,42,147,1,1,0,0,success,success
lateral,lateral,diagonal_primary,42,148,0,0,1,1,lateral_heading_drift,lateral_heading_drift
lateral,lateral,diagonal_primary,42,149,0,0,1,1,lateral_heading_drift,lateral_heading_drift
lateral,lateral,diagonal_primary,42,150,0,1,1,0,lateral_heading_drift,success
lateral,lateral,diagonal_primary,42,151,1,1,0,0,success,success
lateral,lateral,diagonal_primary,42,152,1,0,0,1,success,lateral_heading_drift
lateral,lateral,diagonal_primary,42,153,1,1,0,0,success,success
lateral,lateral,diagonal_primary,42,154,1,1,0,0,success,success
lateral,lateral,diagonal_primary,42,155,1,1,0,0,success,success
lateral,lateral,diagonal_primary,42,156,1,1,0,0,success,success
lateral,lateral,diagonal_primary,42,157,0,1,1,0,lateral_heading_drift,success
lateral,lateral,diagonal_primary,42,158,1,1,0,0,success,success
lateral,lateral,diagonal_primary,42,159,1,1,0,0,success,success
lateral,lateral,diagonal_primary,42,160,0,1,1,0,lateral_heading_drift,success
lateral,lateral,diagonal_primary,42,161,1,1,0,0,success,success
lateral,lateral,diagonal_primary,42,162,1,1,0,0,success,success
lateral,lateral,diagonal_primary,42,163,1,1,0,0,success,success
lateral,lateral,diagonal_primary,42,164,1,1,0,0,success,success
lateral,lateral,diagonal_primary,42,165,1,1,0,0,success,success
lateral,lateral,diagonal_primary,42,166,1,1,0,0,success,success
lateral,lateral,diagonal_primary,42,167,1,1,0,0,success,success
lateral,lateral,diagonal_primary,42,168,0,1,1,0,lateral_heading_drift,success
lateral,lateral,diagonal_primary,42,169,1,1,0,0,success,success
lateral,lateral,diagonal_primary,42,170,1,1,0,0,success,success
lateral,lateral,diagonal_primary,42,171,1,1,0,0,success,success
lateral,lateral,diagonal_primary,42,172,1,1,0,0,success,success
lateral,lateral,diagonal_primary,42,173,1,1,0,0,success,success
lateral,lateral,diagonal_primary,42,174,1,1,0,0,success,success
lateral,lateral,diagonal_primary,42,175,0,1,1,0,lateral_heading_drift,success
lateral,lateral,diagonal_primary,42,176,1,1,0,0,success,success
lateral,lateral,diagonal_primary,42,177,1,0,0,1,success,lateral_heading_drift
lateral,lateral,diagonal_primary,42,178,1,1,0,0,success,success
lateral,lateral,diagonal_primary,42,179,1,1,0,0,success,success
lateral,lateral,diagonal_primary,42,180,0,1,1,0,lateral_heading_drift,success
lateral,lateral,diagonal_primary,42,181,1,1,0,0,success,success
lateral,lateral,diagonal_primary,42,182,1,1,0,0,success,success
lateral,lateral,diagonal_primary,42,183,1,1,0,0,success,success
lateral,lateral,diagonal_primary,42,184,1,1,0,0,success,success
lateral,lateral,diagonal_primary,42,185,1,1,0,0,success,success
lateral,lateral,diagonal_primary,42,186,1,0,0,1,success,lateral_heading_drift
lateral,lateral,diagonal_primary,42,187,1,1,0,0,success,success
lateral,lateral,diagonal_primary,42,188,1,1,0,0,success,success
lateral,lateral,diagonal_primary,42,189,1,0,0,1,success,lateral_heading_drift
lateral,lateral,diagonal_primary,42,190,0,1,1,0,lateral_heading_drift,success
lateral,lateral,diagonal_primary,42,191,0,1,1,0,lateral_heading_drift,success
lateral,lateral,diagonal_primary,42,192,0,1,1,0,lateral_heading_drift,success
lateral,lateral,diagonal_primary,42,193,1,0,0,1,success,lateral_heading_drift
lateral,lateral,diagonal_primary,42,194,1,1,0,0,success,success
lateral,lateral,diagonal_primary,42,195,1,1,0,0,success,success
lateral,lateral,diagonal_primary,42,196,1,1,0,0,success,success
lateral,lateral,diagonal_primary,42,197,1,1,0,0,success,success
lateral,lateral,diagonal_primary,42,198,1,1,0,0,success,success
lateral,lateral,diagonal_primary,42,199,1,1,0,0,success,success
lateral,lateral,diagonal_primary,42,200,1,1,0,0,success,success
lateral,lateral,diagonal_primary,42,201,1,1,0,0,success,success
lateral,lateral,diagonal_primary,42,202,1,1,0,0,success,success
lateral,lateral,diagonal_primary,42,203,1,0,0,1,success,lateral_heading_drift
lateral,lateral,diagonal_primary,42,204,1,1,0,0,success,success
lateral,lateral,diagonal_primary,42,205,1,1,0,0,success,success
lateral,lateral,diagonal_primary,42,206,1,1,0,0,success,success
lateral,lateral,diagonal_primary,42,207,1,1,0,0,success,success
lateral,lateral,diagonal_primary,42,208,1,1,0,0,success,success
lateral,lateral,diagonal_primary,42,209,1,1,0,0,success,success
lateral,lateral,diagonal_primary,42,210,1,1,0,0,success,success
lateral,lateral,diagonal_primary,42,211,1,1,0,0,success,success
lateral,lateral,diagonal_primary,42,212,1,1,0,0,success,success
lateral,lateral,diagonal_primary,42,213,1,1,0,0,success,success
lateral,lateral,diagonal_primary,42,214,1,1,0,0,success,success
lateral,lateral,diagonal_primary,42,215,1,1,0,0,success,success
lateral,lateral,diagonal_primary,42,216,1,1,0,0,success,success
lateral,lateral,diagonal_primary,42,217,1,1,0,0,success,success
lateral,lateral,diagonal_primary,42,218,1,1,0,0,success,success
lateral,lateral,diagonal_primary,42,219,1,1,0,0,success,success
lateral,lateral,diagonal_primary,42,220,1,1,0,0,success,success
lateral,lateral,diagonal_primary,42,221,1,1,0,0,success,success
lateral,lateral,diagonal_primary,42,222,1,1,0,0,success,success
lateral,lateral,diagonal_primary,42,223,1,0,0,1,success,lateral_heading_drift
lateral,lateral,diagonal_primary,42,224,1,1,0,0,success,success
lateral,lateral,diagonal_primary,42,225,1,1,0,0,success,success
lateral,lateral,diagonal_primary,42,226,1,1,0,0,success,success
lateral,lateral,diagonal_primary,42,227,1,1,0,0,success,success
lateral,lateral,diagonal_primary,42,228,1,1,0,0,success,success
lateral,lateral,diagonal_primary,42,229,1,1,0,0,success,success
lateral,lateral,diagonal_primary,42,230,1,1,0,0,success,success
lateral,lateral,diagonal_primary,42,231,1,1,0,0,success,success
lateral,lateral,diagonal_primary,42,232,0,1,1,0,lateral_heading_drift,success
lateral,lateral,diagonal_primary,42,233,1,1,0,0,success,success
lateral,lateral,diagonal_primary,42,234,1,1,0,0,success,success
lateral,lateral,diagonal_primary,42,235,1,1,0,0,success,success
lateral,lateral,diagonal_primary,42,236,1,1,0,0,success,success
lateral,lateral,diagonal_primary,42,237,1,1,0,0,success,success
lateral,lateral,diagonal_primary,42,238,1,1,0,0,success,success
lateral,lateral,diagonal_primary,42,239,1,1,0,0,success,success
lateral,lateral,diagonal_primary,42,240,1,0,0,1,success,lateral_heading_drift
lateral,lateral,diagonal_primary,42,241,1,1,0,0,success,success
lateral,lateral,diagonal_primary,42,242,1,1,0,0,success,success
lateral,lateral,diagonal_primary,42,243,1,1,0,0,success,success
lateral,lateral,diagonal_primary,42,244,1,1,0,0,success,success
lateral,lateral,diagonal_primary,42,245,1,0,0,1,success,lateral_heading_drift
lateral,lateral,diagonal_primary,42,246,1,0,0,1,success,lateral_heading_drift
lateral,lateral,diagonal_primary,42,247,1,1,0,0,success,success
lateral,lateral,diagonal_primary,42,248,1,1,0,0,success,success
lateral,lateral,diagonal_primary,42,249,1,1,0,0,success,success
lateral,lateral,diagonal_primary,42,250,1,1,0,0,success,success
lateral,lateral,diagonal_primary,42,251,1,1,0,0,success,success
lateral,lateral,diagonal_primary,42,252,1,1,0,0,success,success
lateral,lateral,diagonal_primary,42,253,1,1,0,0,success,success
lateral,lateral,diagonal_primary,42,254,1,1,0,0,success,success
lateral,lateral,diagonal_primary,42,255,0,0,1,1,lateral_heading_drift,lateral_heading_drift
lateral,lateral,diagonal_primary,42,256,0,0,1,1,lateral_heading_drift,lateral_heading_drift
lateral,lateral,diagonal_primary,42,257,0,0,1,1,non_lateral_balance_or_phase,non_lateral_high_cbf_demand
lateral,lateral,diagonal_primary,42,258,0,0,1,1,non_lateral_high_cbf_demand,non_lateral_high_cbf_demand
lateral,lateral,diagonal_primary,42,259,0,0,1,1,non_lateral_balance_or_phase,non_lateral_high_cbf_demand
lateral,lateral,diagonal_primary,42,260,0,0,1,1,lateral_heading_drift,lateral_heading_drift
lateral,lateral,diagonal_primary,42,261,0,0,1,1,lateral_heading_drift,lateral_heading_drift
lateral,lateral,diagonal_primary,42,262,0,0,1,1,lateral_heading_drift,non_lateral_balance_or_phase
lateral,lateral,diagonal_primary,42,263,0,1,1,0,lateral_heading_drift,success
lateral,lateral,diagonal_primary,42,264,0,0,1,1,lateral_heading_drift,lateral_heading_drift
lateral,lateral,diagonal_primary,42,265,0,1,1,0,lateral_heading_drift,success
lateral,lateral,diagonal_primary,42,266,0,0,1,1,lateral_heading_drift,lateral_heading_drift
lateral,lateral,diagonal_primary,42,267,0,1,1,0,lateral_heading_drift,success
lateral,lateral,diagonal_primary,42,268,0,1,1,0,lateral_heading_drift,success
lateral,lateral,diagonal_primary,42,269,1,0,0,1,success,lateral_heading_drift
lateral,lateral,diagonal_primary,42,270,0,1,1,0,lateral_heading_drift,success
lateral,lateral,diagonal_primary,42,271,0,0,1,1,non_lateral_high_cbf_demand,lateral_heading_drift
lateral,lateral,diagonal_primary,42,272,0,0,1,1,lateral_heading_drift,lateral_heading_drift
lateral,lateral,diagonal_primary,42,273,0,0,1,1,lateral_heading_drift,lateral_heading_drift
lateral,lateral,diagonal_primary,42,274,0,0,1,1,non_lateral_high_cbf_demand,lateral_heading_drift
lateral,lateral,diagonal_primary,42,275,1,1,0,0,success,success
lateral,lateral,diagonal_primary,42,276,1,0,0,1,success,lateral_heading_drift
lateral,lateral,diagonal_primary,42,277,1,0,0,1,success,lateral_heading_drift
lateral,lateral,diagonal_primary,42,278,1,0,0,1,success,lateral_heading_drift
lateral,lateral,diagonal_primary,42,279,0,1,1,0,lateral_heading_drift,success
lateral,lateral,diagonal_primary,42,280,0,0,1,1,lateral_heading_drift,lateral_heading_drift
lateral,lateral,diagonal_primary,42,281,0,1,1,0,lateral_heading_drift,success
lateral,lateral,diagonal_primary,42,282,0,1,1,0,lateral_heading_drift,success
lateral,lateral,diagonal_primary,42,283,0,1,1,0,lateral_heading_drift,success
lateral,lateral,diagonal_primary,42,284,1,1,0,0,success,success
lateral,lateral,diagonal_primary,42,285,0,1,1,0,lateral_heading_drift,success
lateral,lateral,diagonal_primary,42,286,0,1,1,0,lateral_heading_drift,success
lateral,lateral,diagonal_primary,42,287,1,1,0,0,success,success
lateral,lateral,diagonal_primary,42,288,0,1,1,0,lateral_heading_drift,success
lateral,lateral,diagonal_primary,42,289,0,1,1,0,lateral_heading_drift,success
lateral,lateral,diagonal_primary,42,290,1,1,0,0,success,success
lateral,lateral,diagonal_primary,42,291,1,1,0,0,success,success
lateral,lateral,diagonal_primary,42,292,1,1,0,0,success,success
lateral,lateral,diagonal_primary,42,293,1,0,0,1,success,lateral_heading_drift
lateral,lateral,diagonal_primary,42,294,0,1,1,0,lateral_heading_drift,success
lateral,lateral,diagonal_primary,42,295,1,1,0,0,success,success
lateral,lateral,diagonal_primary,42,296,1,1,0,0,success,success
lateral,lateral,diagonal_primary,42,297,1,1,0,0,success,success
lateral,lateral,diagonal_primary,42,298,1,1,0,0,success,success
lateral,lateral,diagonal_primary,42,299,1,1,0,0,success,success
lateral,lateral,diagonal_primary,42,300,1,1,0,0,success,success
lateral,lateral,diagonal_primary,42,301,1,1,0,0,success,success
lateral,lateral,diagonal_primary,42,302,1,1,0,0,success,success
lateral,lateral,diagonal_primary,42,303,1,1,0,0,success,success
lateral,lateral,diagonal_primary,42,304,1,1,0,0,success,success
lateral,lateral,diagonal_primary,42,305,1,1,0,0,success,success
lateral,lateral,diagonal_primary,42,306,1,1,0,0,success,success
lateral,lateral,diagonal_primary,42,307,1,1,0,0,success,success
lateral,lateral,diagonal_primary,42,308,1,1,0,0,success,success
lateral,lateral,diagonal_primary,42,309,1,0,0,1,success,lateral_heading_drift
lateral,lateral,diagonal_primary,42,310,1,1,0,0,success,success
lateral,lateral,diagonal_primary,42,311,1,1,0,0,success,success
lateral,lateral,diagonal_primary,42,312,1,1,0,0,success,success
lateral,lateral,diagonal_primary,42,313,1,0,0,1,success,lateral_heading_drift
lateral,lateral,diagonal_primary,42,314,1,1,0,0,success,success
lateral,lateral,diagonal_primary,42,315,1,1,0,0,success,success
lateral,lateral,diagonal_primary,42,316,1,1,0,0,success,success
lateral,lateral,diagonal_primary,42,317,1,1,0,0,success,success
lateral,lateral,diagonal_primary,42,318,1,1,0,0,success,success
lateral,lateral,diagonal_primary,42,319,0,0,1,1,lateral_heading_drift,lateral_heading_drift
lateral,lateral,diagonal_primary,42,320,1,1,0,0,success,success
lateral,lateral,diagonal_primary,42,321,1,1,0,0,success,success
lateral,lateral,diagonal_primary,42,322,1,0,0,1,success,lateral_heading_drift
lateral,lateral,diagonal_primary,42,323,1,1,0,0,success,success
lateral,lateral,diagonal_primary,42,324,1,1,0,0,success,success
lateral,lateral,diagonal_primary,42,325,1,1,0,0,success,success
lateral,lateral,diagonal_primary,42,326,0,0,1,1,lateral_heading_drift,lateral_heading_drift
lateral,lateral,diagonal_primary,42,327,1,1,0,0,success,success
lateral,lateral,diagonal_primary,42,328,1,1,0,0,success,success
lateral,lateral,diagonal_primary,42,329,1,1,0,0,success,success
lateral,lateral,diagonal_primary,42,330,1,1,0,0,success,success
lateral,lateral,diagonal_primary,42,331,1,1,0,0,success,success
lateral,lateral,diagonal_primary,42,332,1,1,0,0,success,success
lateral,lateral,diagonal_primary,42,333,1,1,0,0,success,success
lateral,lateral,diagonal_primary,42,334,1,1,0,0,success,success
lateral,lateral,diagonal_primary,42,335,1,1,0,0,success,success
lateral,lateral,diagonal_primary,42,336,1,1,0,0,success,success
lateral,lateral,diagonal_primary,42,337,1,1,0,0,success,success
lateral,lateral,diagonal_primary,42,338,1,1,0,0,success,success
lateral,lateral,diagonal_primary,42,339,0,1,1,0,lateral_heading_drift,success
lateral,lateral,diagonal_primary,42,340,1,1,0,0,success,success
lateral,lateral,diagonal_primary,42,341,1,1,0,0,success,success
lateral,lateral,diagonal_primary,42,342,0,1,1,0,lateral_heading_drift,success
lateral,lateral,diagonal_primary,42,343,1,1,0,0,success,success
lateral,lateral,diagonal_primary,42,344,1,1,0,0,success,success
lateral,lateral,diagonal_primary,42,345,1,1,0,0,success,success
lateral,lateral,diagonal_primary,42,346,1,1,0,0,success,success
lateral,lateral,diagonal_primary,42,347,0,1,1,0,lateral_heading_drift,success
lateral,lateral,diagonal_primary,42,348,1,1,0,0,success,success
lateral,lateral,diagonal_primary,42,349,1,1,0,0,success,success
lateral,lateral,diagonal_primary,42,350,0,1,1,0,lateral_heading_drift,success
lateral,lateral,diagonal_primary,42,351,1,1,0,0,success,success
lateral,lateral,diagonal_primary,42,352,1,1,0,0,success,success
lateral,lateral,diagonal_primary,42,353,1,1,0,0,success,success
lateral,lateral,diagonal_primary,42,354,1,1,0,0,success,success
lateral,lateral,diagonal_primary,42,355,1,1,0,0,success,success
lateral,lateral,diagonal_primary,42,356,1,1,0,0,success,success
lateral,lateral,diagonal_primary,42,357,1,1,0,0,success,success
lateral,lateral,diagonal_primary,42,358,1,1,0,0,success,success
lateral,lateral,diagonal_primary,42,359,1,1,0,0,success,success
lateral,lateral,diagonal_primary,42,360,1,1,0,0,success,success
lateral,lateral,diagonal_primary,42,361,1,1,0,0,success,success
lateral,lateral,diagonal_primary,42,362,1,1,0,0,success,success
lateral,lateral,diagonal_primary,42,363,1,1,0,0,success,success
lateral,lateral,diagonal_primary,42,364,1,1,0,0,success,success
lateral,lateral,diagonal_primary,42,365,1,1,0,0,success,success
lateral,lateral,diagonal_primary,42,366,1,1,0,0,success,success
lateral,lateral,diagonal_primary,42,367,1,1,0,0,success,success
lateral,lateral,diagonal_primary,42,368,0,1,1,0,lateral_heading_drift,success
lateral,lateral,diagonal_primary,42,369,1,1,0,0,success,success
lateral,lateral,diagonal_primary,42,370,1,1,0,0,success,success
lateral,lateral,diagonal_primary,42,371,1,1,0,0,success,success
lateral,lateral,diagonal_primary,42,372,1,1,0,0,success,success
lateral,lateral,diagonal_primary,42,373,1,1,0,0,success,success
lateral,lateral,diagonal_primary,42,374,0,1,1,0,lateral_heading_drift,success
lateral,lateral,diagonal_primary,42,375,0,1,1,0,lateral_heading_drift,success
lateral,lateral,diagonal_primary,42,376,1,1,0,0,success,success
lateral,lateral,diagonal_primary,42,377,1,1,0,0,success,success
lateral,lateral,diagonal_primary,42,378,1,0,0,1,success,lateral_heading_drift
lateral,lateral,diagonal_primary,42,379,1,0,0,1,success,lateral_heading_drift
lateral,lateral,diagonal_primary,42,380,1,1,0,0,success,success
lateral,lateral,diagonal_primary,42,381,1,1,0,0,success,success
lateral,lateral,diagonal_primary,42,382,1,0,0,1,success,lateral_heading_drift
lateral,lateral,diagonal_primary,42,383,1,0,0,1,success,lateral_heading_drift
lateral,lateral,diagonal_primary,42,384,0,0,1,1,non_lateral_balance_or_phase,lateral_heading_drift
lateral,lateral,diagonal_primary,42,385,0,0,1,1,non_lateral_balance_or_phase,lateral_heading_drift
lateral,lateral,diagonal_primary,42,386,0,0,1,1,lateral_heading_drift,lateral_heading_drift
lateral,lateral,diagonal_primary,42,387,0,0,1,1,lateral_heading_drift,non_lateral_high_cbf_demand
lateral,lateral,diagonal_primary,42,388,0,0,1,1,non_lateral_balance_or_phase,lateral_heading_drift
lateral,lateral,diagonal_primary,42,389,0,0,1,1,lateral_heading_drift,lateral_heading_drift
lateral,lateral,diagonal_primary,42,390,0,0,1,1,lateral_heading_drift,lateral_heading_drift
lateral,lateral,diagonal_primary,42,391,0,1,1,0,lateral_heading_drift,success
lateral,lateral,diagonal_primary,42,392,0,0,1,1,lateral_heading_drift,lateral_heading_drift
lateral,lateral,diagonal_primary,42,393,0,0,1,1,lateral_heading_drift,lateral_heading_drift
lateral,lateral,diagonal_primary,42,394,0,0,1,1,lateral_heading_drift,lateral_heading_drift
lateral,lateral,diagonal_primary,42,395,0,0,1,1,lateral_heading_drift,lateral_heading_drift
lateral,lateral,diagonal_primary,42,396,1,0,0,1,success,lateral_heading_drift
lateral,lateral,diagonal_primary,42,397,0,0,1,1,lateral_heading_drift,lateral_heading_drift
lateral,lateral,diagonal_primary,42,398,1,0,0,1,success,lateral_heading_drift
lateral,lateral,diagonal_primary,42,399,1,0,0,1,success,lateral_heading_drift
lateral,lateral,diagonal_primary,42,400,0,1,1,0,lateral_heading_drift,success
lateral,lateral,diagonal_primary,42,401,1,1,0,0,success,success
lateral,lateral,diagonal_primary,42,402,1,1,0,0,success,success
lateral,lateral,diagonal_primary,42,403,1,0,0,1,success,non_lateral_high_cbf_demand
lateral,lateral,diagonal_primary,42,404,1,0,0,1,success,lateral_heading_drift
lateral,lateral,diagonal_primary,42,405,1,1,0,0,success,success
lateral,lateral,diagonal_primary,42,406,0,1,1,0,lateral_heading_drift,success
lateral,lateral,diagonal_primary,42,407,0,0,1,1,lateral_heading_drift,non_lateral_balance_or_phase
lateral,lateral,diagonal_primary,42,408,1,1,0,0,success,success
lateral,lateral,diagonal_primary,42,409,1,1,0,0,success,success
lateral,lateral,diagonal_primary,42,410,0,1,1,0,lateral_heading_drift,success
lateral,lateral,diagonal_primary,42,411,1,1,0,0,success,success
lateral,lateral,diagonal_primary,42,412,1,1,0,0,success,success
lateral,lateral,diagonal_primary,42,413,1,1,0,0,success,success
lateral,lateral,diagonal_primary,42,414,1,0,0,1,success,lateral_heading_drift
lateral,lateral,diagonal_primary,42,415,1,1,0,0,success,success
lateral,lateral,diagonal_primary,42,416,1,1,0,0,success,success
lateral,lateral,diagonal_primary,42,417,1,1,0,0,success,success
lateral,lateral,diagonal_primary,42,418,1,1,0,0,success,success
lateral,lateral,diagonal_primary,42,419,1,1,0,0,success,success
lateral,lateral,diagonal_primary,42,420,1,1,0,0,success,success
lateral,lateral,diagonal_primary,42,421,1,1,0,0,success,success
lateral,lateral,diagonal_primary,42,422,1,1,0,0,success,success
lateral,lateral,diagonal_primary,42,423,1,1,0,0,success,success
lateral,lateral,diagonal_primary,42,424,1,1,0,0,success,success
lateral,lateral,diagonal_primary,42,425,0,1,1,0,lateral_heading_drift,success
lateral,lateral,diagonal_primary,42,426,1,1,0,0,success,success
lateral,lateral,diagonal_primary,42,427,1,1,0,0,success,success
lateral,lateral,diagonal_primary,42,428,1,1,0,0,success,success
lateral,lateral,diagonal_primary,42,429,1,1,0,0,success,success
lateral,lateral,diagonal_primary,42,430,1,1,0,0,success,success
lateral,lateral,diagonal_primary,42,431,1,1,0,0,success,success
lateral,lateral,diagonal_primary,42,432,1,1,0,0,success,success
lateral,lateral,diagonal_primary,42,433,1,1,0,0,success,success
lateral,lateral,diagonal_primary,42,434,1,1,0,0,success,success
lateral,lateral,diagonal_primary,42,435,1,0,0,1,success,lateral_heading_drift
lateral,lateral,diagonal_primary,42,436,1,0,0,1,success,lateral_heading_drift
lateral,lateral,diagonal_primary,42,437,0,1,1,0,lateral_heading_drift,success
lateral,lateral,diagonal_primary,42,438,1,1,0,0,success,success
lateral,lateral,diagonal_primary,42,439,1,1,0,0,success,success
lateral,lateral,diagonal_primary,42,440,1,1,0,0,success,success
lateral,lateral,diagonal_primary,42,441,1,1,0,0,success,success
lateral,lateral,diagonal_primary,42,442,0,1,1,0,lateral_heading_drift,success
lateral,lateral,diagonal_primary,42,443,1,1,0,0,success,success
lateral,lateral,diagonal_primary,42,444,0,1,1,0,lateral_heading_drift,success
lateral,lateral,diagonal_primary,42,445,0,1,1,0,lateral_heading_drift,success
lateral,lateral,diagonal_primary,42,446,0,0,1,1,lateral_heading_drift,lateral_heading_drift
lateral,lateral,diagonal_primary,42,447,0,1,1,0,lateral_heading_drift,success
lateral,lateral,diagonal_primary,42,448,1,1,0,0,success,success
lateral,lateral,diagonal_primary,42,449,1,1,0,0,success,success
lateral,lateral,diagonal_primary,42,450,1,1,0,0,success,success
lateral,lateral,diagonal_primary,42,451,1,1,0,0,success,success
lateral,lateral,diagonal_primary,42,452,1,1,0,0,success,success
lateral,lateral,diagonal_primary,42,453,1,1,0,0,success,success
lateral,lateral,diagonal_primary,42,454,1,1,0,0,success,success
lateral,lateral,diagonal_primary,42,455,1,1,0,0,success,success
lateral,lateral,diagonal_primary,42,456,1,1,0,0,success,success
lateral,lateral,diagonal_primary,42,457,1,1,0,0,success,success
lateral,lateral,diagonal_primary,42,458,1,1,0,0,success,success
lateral,lateral,diagonal_primary,42,459,1,1,0,0,success,success
lateral,lateral,diagonal_primary,42,460,1,1,0,0,success,success
lateral,lateral,diagonal_primary,42,461,1,1,0,0,success,success
lateral,lateral,diagonal_primary,42,462,1,0,0,1,success,lateral_heading_drift
lateral,lateral,diagonal_primary,42,463,1,1,0,0,success,success
lateral,lateral,diagonal_primary,42,464,1,1,0,0,success,success
lateral,lateral,diagonal_primary,42,465,1,1,0,0,success,success
lateral,lateral,diagonal_primary,42,466,1,1,0,0,success,success
lateral,lateral,diagonal_primary,42,467,1,1,0,0,success,success
lateral,lateral,diagonal_primary,42,468,1,1,0,0,success,success
lateral,lateral,diagonal_primary,42,469,0,1,1,0,lateral_heading_drift,success
lateral,lateral,diagonal_primary,42,470,1,1,0,0,success,success
lateral,lateral,diagonal_primary,42,471,1,1,0,0,success,success
lateral,lateral,diagonal_primary,42,472,1,1,0,0,success,success
lateral,lateral,diagonal_primary,42,473,1,1,0,0,success,success
lateral,lateral,diagonal_primary,42,474,1,1,0,0,success,success
lateral,lateral,diagonal_primary,42,475,1,1,0,0,success,success
lateral,lateral,diagonal_primary,42,476,1,1,0,0,success,success
lateral,lateral,diagonal_primary,42,477,1,1,0,0,success,success
lateral,lateral,diagonal_primary,42,478,1,1,0,0,success,success
lateral,lateral,diagonal_primary,42,479,1,1,0,0,success,success
lateral,lateral,diagonal_primary,42,480,1,1,0,0,success,success
lateral,lateral,diagonal_primary,42,481,0,1,1,0,lateral_heading_drift,success
lateral,lateral,diagonal_primary,42,482,1,1,0,0,success,success
lateral,lateral,diagonal_primary,42,483,1,1,0,0,success,success
lateral,lateral,diagonal_primary,42,484,1,1,0,0,success,success
lateral,lateral,diagonal_primary,42,485,1,1,0,0,success,success
lateral,lateral,diagonal_primary,42,486,1,1,0,0,success,success
lateral,lateral,diagonal_primary,42,487,1,1,0,0,success,success
lateral,lateral,diagonal_primary,42,488,1,1,0,0,success,success
lateral,lateral,diagonal_primary,42,489,1,1,0,0,success,success
lateral,lateral,diagonal_primary,42,490,1,1,0,0,success,success
lateral,lateral,diagonal_primary,42,491,1,1,0,0,success,success
lateral,lateral,diagonal_primary,42,492,1,1,0,0,success,success
lateral,lateral,diagonal_primary,42,493,1,1,0,0,success,success
lateral,lateral,diagonal_primary,42,494,1,1,0,0,success,success
lateral,lateral,diagonal_primary,42,495,1,1,0,0,success,success
lateral,lateral,diagonal_primary,42,496,1,1,0,0,success,success
lateral,lateral,diagonal_primary,42,497,1,1,0,0,success,success
lateral,lateral,diagonal_primary,42,498,1,1,0,0,success,success
lateral,lateral,diagonal_primary,42,499,1,1,0,0,success,success
lateral,lateral,diagonal_primary,42,500,1,1,0,0,success,success
lateral,lateral,diagonal_primary,42,501,1,0,0,1,success,lateral_heading_drift
lateral,lateral,diagonal_primary,42,502,1,1,0,0,success,success
lateral,lateral,diagonal_primary,42,503,1,1,0,0,success,success
lateral,lateral,diagonal_primary,42,504,1,1,0,0,success,success
lateral,lateral,diagonal_primary,42,505,1,1,0,0,success,success
lateral,lateral,diagonal_primary,42,506,1,1,0,0,success,success
lateral,lateral,diagonal_primary,42,507,1,1,0,0,success,success
lateral,lateral,diagonal_primary,42,508,1,1,0,0,success,success
lateral,lateral,diagonal_primary,42,509,1,1,0,0,success,success
lateral,lateral,diagonal_primary,42,510,1,1,0,0,success,success
lateral,lateral,diagonal_primary,42,511,1,1,0,0,success,success
lateral,cbf,off_diagonal_report_only,42,0,0,0,1,1,lateral_heading_drift,non_lateral_high_cbf_demand
lateral,cbf,off_diagonal_report_only,42,1,0,0,1,1,non_lateral_high_cbf_demand,non_lateral_high_cbf_demand
lateral,cbf,off_diagonal_report_only,42,2,0,0,1,1,non_lateral_high_cbf_demand,non_lateral_high_cbf_demand
lateral,cbf,off_diagonal_report_only,42,3,0,0,1,1,non_lateral_high_cbf_demand,non_lateral_balance_or_phase
lateral,cbf,off_diagonal_report_only,42,4,0,0,1,1,non_lateral_balance_or_phase,non_lateral_high_cbf_demand
lateral,cbf,off_diagonal_report_only,42,5,0,0,1,1,non_lateral_high_cbf_demand,non_lateral_high_cbf_demand
lateral,cbf,off_diagonal_report_only,42,6,0,0,1,1,non_lateral_high_cbf_demand,non_lateral_high_cbf_demand
lateral,cbf,off_diagonal_report_only,42,7,0,0,1,1,non_lateral_high_cbf_demand,non_lateral_high_cbf_demand
lateral,cbf,off_diagonal_report_only,42,8,0,0,1,1,non_lateral_high_cbf_demand,non_lateral_balance_or_phase
lateral,cbf,off_diagonal_report_only,42,9,0,0,1,1,non_lateral_high_cbf_demand,non_lateral_high_cbf_demand
lateral,cbf,off_diagonal_report_only,42,10,0,0,1,1,non_lateral_high_cbf_demand,non_lateral_high_cbf_demand
lateral,cbf,off_diagonal_report_only,42,11,0,0,1,1,lateral_heading_drift,non_lateral_high_cbf_demand
lateral,cbf,off_diagonal_report_only,42,12,0,0,1,1,lateral_heading_drift,non_lateral_high_cbf_demand
lateral,cbf,off_diagonal_report_only,42,13,0,0,1,1,non_lateral_high_cbf_demand,non_lateral_high_cbf_demand
lateral,cbf,off_diagonal_report_only,42,14,0,0,1,1,non_lateral_high_cbf_demand,non_lateral_high_cbf_demand
lateral,cbf,off_diagonal_report_only,42,15,0,0,1,1,non_lateral_high_cbf_demand,non_lateral_high_cbf_demand
lateral,cbf,off_diagonal_report_only,42,16,0,0,1,1,non_lateral_high_cbf_demand,non_lateral_balance_or_phase
lateral,cbf,off_diagonal_report_only,42,17,0,0,1,1,non_lateral_high_cbf_demand,non_lateral_high_cbf_demand
lateral,cbf,off_diagonal_report_only,42,18,0,0,1,1,non_lateral_high_cbf_demand,lateral_heading_drift
lateral,cbf,off_diagonal_report_only,42,19,0,0,1,1,lateral_heading_drift,non_lateral_high_cbf_demand
lateral,cbf,off_diagonal_report_only,42,20,0,0,1,1,non_lateral_high_cbf_demand,lateral_heading_drift
lateral,cbf,off_diagonal_report_only,42,21,0,1,1,0,lateral_heading_drift,success
lateral,cbf,off_diagonal_report_only,42,22,0,0,1,1,non_lateral_high_cbf_demand,lateral_heading_drift
lateral,cbf,off_diagonal_report_only,42,23,0,0,1,1,non_lateral_high_cbf_demand,lateral_heading_drift
lateral,cbf,off_diagonal_report_only,42,24,0,0,1,1,non_lateral_balance_or_phase,lateral_heading_drift
lateral,cbf,off_diagonal_report_only,42,25,0,1,1,0,non_lateral_high_cbf_demand,success
lateral,cbf,off_diagonal_report_only,42,26,0,1,1,0,non_lateral_high_cbf_demand,success
lateral,cbf,off_diagonal_report_only,42,27,0,1,1,0,non_lateral_high_cbf_demand,success
lateral,cbf,off_diagonal_report_only,42,28,0,1,1,0,lateral_heading_drift,success
lateral,cbf,off_diagonal_report_only,42,29,0,1,1,0,lateral_heading_drift,success
lateral,cbf,off_diagonal_report_only,42,30,0,1,1,0,non_lateral_high_cbf_demand,success
lateral,cbf,off_diagonal_report_only,42,31,0,1,1,0,lateral_heading_drift,success
lateral,cbf,off_diagonal_report_only,42,32,1,1,0,0,success,success
lateral,cbf,off_diagonal_report_only,42,33,1,0,0,1,success,non_lateral_high_cbf_demand
lateral,cbf,off_diagonal_report_only,42,34,1,1,0,0,success,success
lateral,cbf,off_diagonal_report_only,42,35,1,1,0,0,success,success
lateral,cbf,off_diagonal_report_only,42,36,1,1,0,0,success,success
lateral,cbf,off_diagonal_report_only,42,37,1,1,0,0,success,success
lateral,cbf,off_diagonal_report_only,42,38,1,1,0,0,success,success
lateral,cbf,off_diagonal_report_only,42,39,1,1,0,0,success,success
lateral,cbf,off_diagonal_report_only,42,40,1,1,0,0,success,success
lateral,cbf,off_diagonal_report_only,42,41,1,1,0,0,success,success
lateral,cbf,off_diagonal_report_only,42,42,1,1,0,0,success,success
lateral,cbf,off_diagonal_report_only,42,43,0,1,1,0,lateral_heading_drift,success
lateral,cbf,off_diagonal_report_only,42,44,1,1,0,0,success,success
lateral,cbf,off_diagonal_report_only,42,45,1,1,0,0,success,success
lateral,cbf,off_diagonal_report_only,42,46,1,1,0,0,success,success
lateral,cbf,off_diagonal_report_only,42,47,1,1,0,0,success,success
lateral,cbf,off_diagonal_report_only,42,48,1,1,0,0,success,success
lateral,cbf,off_diagonal_report_only,42,49,0,1,1,0,lateral_heading_drift,success
lateral,cbf,off_diagonal_report_only,42,50,1,1,0,0,success,success
lateral,cbf,off_diagonal_report_only,42,51,1,1,0,0,success,success
lateral,cbf,off_diagonal_report_only,42,52,1,1,0,0,success,success
lateral,cbf,off_diagonal_report_only,42,53,1,1,0,0,success,success
lateral,cbf,off_diagonal_report_only,42,54,1,1,0,0,success,success
lateral,cbf,off_diagonal_report_only,42,55,1,1,0,0,success,success
lateral,cbf,off_diagonal_report_only,42,56,1,1,0,0,success,success
lateral,cbf,off_diagonal_report_only,42,57,1,1,0,0,success,success
lateral,cbf,off_diagonal_report_only,42,58,1,1,0,0,success,success
lateral,cbf,off_diagonal_report_only,42,59,1,1,0,0,success,success
lateral,cbf,off_diagonal_report_only,42,60,1,1,0,0,success,success
lateral,cbf,off_diagonal_report_only,42,61,1,1,0,0,success,success
lateral,cbf,off_diagonal_report_only,42,62,1,1,0,0,success,success
lateral,cbf,off_diagonal_report_only,42,63,1,1,0,0,success,success
lateral,cbf,off_diagonal_report_only,42,64,1,1,0,0,success,success
lateral,cbf,off_diagonal_report_only,42,65,1,1,0,0,success,success
lateral,cbf,off_diagonal_report_only,42,66,1,1,0,0,success,success
lateral,cbf,off_diagonal_report_only,42,67,1,1,0,0,success,success
lateral,cbf,off_diagonal_report_only,42,68,1,1,0,0,success,success
lateral,cbf,off_diagonal_report_only,42,69,1,1,0,0,success,success
lateral,cbf,off_diagonal_report_only,42,70,1,1,0,0,success,success
lateral,cbf,off_diagonal_report_only,42,71,1,1,0,0,success,success
lateral,cbf,off_diagonal_report_only,42,72,1,1,0,0,success,success
lateral,cbf,off_diagonal_report_only,42,73,1,1,0,0,success,success
lateral,cbf,off_diagonal_report_only,42,74,1,1,0,0,success,success
lateral,cbf,off_diagonal_report_only,42,75,1,1,0,0,success,success
lateral,cbf,off_diagonal_report_only,42,76,1,1,0,0,success,success
lateral,cbf,off_diagonal_report_only,42,77,1,1,0,0,success,success
lateral,cbf,off_diagonal_report_only,42,78,1,1,0,0,success,success
lateral,cbf,off_diagonal_report_only,42,79,1,1,0,0,success,success
lateral,cbf,off_diagonal_report_only,42,80,1,1,0,0,success,success
lateral,cbf,off_diagonal_report_only,42,81,1,1,0,0,success,success
lateral,cbf,off_diagonal_report_only,42,82,0,1,1,0,lateral_heading_drift,success
lateral,cbf,off_diagonal_report_only,42,83,1,1,0,0,success,success
lateral,cbf,off_diagonal_report_only,42,84,1,1,0,0,success,success
lateral,cbf,off_diagonal_report_only,42,85,1,0,0,1,success,lateral_heading_drift
lateral,cbf,off_diagonal_report_only,42,86,1,1,0,0,success,success
lateral,cbf,off_diagonal_report_only,42,87,1,1,0,0,success,success
lateral,cbf,off_diagonal_report_only,42,88,1,1,0,0,success,success
lateral,cbf,off_diagonal_report_only,42,89,1,1,0,0,success,success
lateral,cbf,off_diagonal_report_only,42,90,1,1,0,0,success,success
lateral,cbf,off_diagonal_report_only,42,91,1,1,0,0,success,success
lateral,cbf,off_diagonal_report_only,42,92,1,1,0,0,success,success
lateral,cbf,off_diagonal_report_only,42,93,0,1,1,0,lateral_heading_drift,success
lateral,cbf,off_diagonal_report_only,42,94,1,1,0,0,success,success
lateral,cbf,off_diagonal_report_only,42,95,1,1,0,0,success,success
lateral,cbf,off_diagonal_report_only,42,96,1,1,0,0,success,success
lateral,cbf,off_diagonal_report_only,42,97,1,1,0,0,success,success
lateral,cbf,off_diagonal_report_only,42,98,1,1,0,0,success,success
lateral,cbf,off_diagonal_report_only,42,99,1,1,0,0,success,success
lateral,cbf,off_diagonal_report_only,42,100,1,1,0,0,success,success
lateral,cbf,off_diagonal_report_only,42,101,1,1,0,0,success,success
lateral,cbf,off_diagonal_report_only,42,102,1,1,0,0,success,success
lateral,cbf,off_diagonal_report_only,42,103,1,1,0,0,success,success
lateral,cbf,off_diagonal_report_only,42,104,1,1,0,0,success,success
lateral,cbf,off_diagonal_report_only,42,105,1,1,0,0,success,success
lateral,cbf,off_diagonal_report_only,42,106,1,1,0,0,success,success
lateral,cbf,off_diagonal_report_only,42,107,1,1,0,0,success,success
lateral,cbf,off_diagonal_report_only,42,108,1,1,0,0,success,success
lateral,cbf,off_diagonal_report_only,42,109,1,1,0,0,success,success
lateral,cbf,off_diagonal_report_only,42,110,1,1,0,0,success,success
lateral,cbf,off_diagonal_report_only,42,111,1,1,0,0,success,success
lateral,cbf,off_diagonal_report_only,42,112,1,1,0,0,success,success
lateral,cbf,off_diagonal_report_only,42,113,1,1,0,0,success,success
lateral,cbf,off_diagonal_report_only,42,114,1,1,0,0,success,success
lateral,cbf,off_diagonal_report_only,42,115,1,1,0,0,success,success
lateral,cbf,off_diagonal_report_only,42,116,1,1,0,0,success,success
lateral,cbf,off_diagonal_report_only,42,117,1,1,0,0,success,success
lateral,cbf,off_diagonal_report_only,42,118,1,1,0,0,success,success
lateral,cbf,off_diagonal_report_only,42,119,1,1,0,0,success,success
lateral,cbf,off_diagonal_report_only,42,120,1,1,0,0,success,success
lateral,cbf,off_diagonal_report_only,42,121,1,1,0,0,success,success
lateral,cbf,off_diagonal_report_only,42,122,1,0,0,1,success,lateral_heading_drift
lateral,cbf,off_diagonal_report_only,42,123,1,1,0,0,success,success
lateral,cbf,off_diagonal_report_only,42,124,1,1,0,0,success,success
lateral,cbf,off_diagonal_report_only,42,125,1,1,0,0,success,success
lateral,cbf,off_diagonal_report_only,42,126,1,1,0,0,success,success
lateral,cbf,off_diagonal_report_only,42,127,1,1,0,0,success,success
lateral,cbf,off_diagonal_report_only,42,128,0,0,1,1,non_lateral_high_cbf_demand,non_lateral_high_cbf_demand
lateral,cbf,off_diagonal_report_only,42,129,0,0,1,1,lateral_heading_drift,non_lateral_high_cbf_demand
lateral,cbf,off_diagonal_report_only,42,130,0,0,1,1,lateral_heading_drift,non_lateral_high_cbf_demand
lateral,cbf,off_diagonal_report_only,42,131,0,0,1,1,non_lateral_balance_or_phase,non_lateral_balance_or_phase
lateral,cbf,off_diagonal_report_only,42,132,0,0,1,1,non_lateral_high_cbf_demand,non_lateral_high_cbf_demand
lateral,cbf,off_diagonal_report_only,42,133,0,0,1,1,non_lateral_high_cbf_demand,non_lateral_high_cbf_demand
lateral,cbf,off_diagonal_report_only,42,134,0,0,1,1,non_lateral_high_cbf_demand,non_lateral_high_cbf_demand
lateral,cbf,off_diagonal_report_only,42,135,0,0,1,1,non_lateral_high_cbf_demand,non_lateral_high_cbf_demand
lateral,cbf,off_diagonal_report_only,42,136,0,0,1,1,non_lateral_high_cbf_demand,non_lateral_high_cbf_demand
lateral,cbf,off_diagonal_report_only,42,137,0,0,1,1,non_lateral_balance_or_phase,non_lateral_high_cbf_demand
lateral,cbf,off_diagonal_report_only,42,138,0,0,1,1,non_lateral_high_cbf_demand,non_lateral_high_cbf_demand
lateral,cbf,off_diagonal_report_only,42,139,0,0,1,1,non_lateral_high_cbf_demand,non_lateral_balance_or_phase
lateral,cbf,off_diagonal_report_only,42,140,0,0,1,1,non_lateral_balance_or_phase,non_lateral_high_cbf_demand
lateral,cbf,off_diagonal_report_only,42,141,0,0,1,1,non_lateral_high_cbf_demand,non_lateral_high_cbf_demand
lateral,cbf,off_diagonal_report_only,42,142,0,0,1,1,lateral_heading_drift,non_lateral_high_cbf_demand
lateral,cbf,off_diagonal_report_only,42,143,0,0,1,1,lateral_heading_drift,non_lateral_high_cbf_demand
lateral,cbf,off_diagonal_report_only,42,144,0,0,1,1,lateral_heading_drift,non_lateral_high_cbf_demand
lateral,cbf,off_diagonal_report_only,42,145,0,0,1,1,non_lateral_high_cbf_demand,non_lateral_high_cbf_demand
lateral,cbf,off_diagonal_report_only,42,146,0,0,1,1,non_lateral_high_cbf_demand,non_lateral_high_cbf_demand
lateral,cbf,off_diagonal_report_only,42,147,0,0,1,1,non_lateral_high_cbf_demand,non_lateral_high_cbf_demand
lateral,cbf,off_diagonal_report_only,42,148,0,0,1,1,lateral_heading_drift,lateral_heading_drift
lateral,cbf,off_diagonal_report_only,42,149,0,0,1,1,non_lateral_high_cbf_demand,non_lateral_high_cbf_demand
lateral,cbf,off_diagonal_report_only,42,150,0,0,1,1,non_lateral_high_cbf_demand,non_lateral_high_cbf_demand
lateral,cbf,off_diagonal_report_only,42,151,0,0,1,1,lateral_heading_drift,lateral_heading_drift
lateral,cbf,off_diagonal_report_only,42,152,0,0,1,1,non_lateral_high_cbf_demand,non_lateral_high_cbf_demand
lateral,cbf,off_diagonal_report_only,42,153,0,0,1,1,non_lateral_high_cbf_demand,lateral_heading_drift
lateral,cbf,off_diagonal_report_only,42,154,0,0,1,1,lateral_heading_drift,lateral_heading_drift
lateral,cbf,off_diagonal_report_only,42,155,0,0,1,1,non_lateral_high_cbf_demand,non_lateral_high_cbf_demand
lateral,cbf,off_diagonal_report_only,42,156,0,0,1,1,lateral_heading_drift,non_lateral_high_cbf_demand
lateral,cbf,off_diagonal_report_only,42,157,1,0,0,1,success,non_lateral_high_cbf_demand
lateral,cbf,off_diagonal_report_only,42,158,1,0,0,1,success,non_lateral_high_cbf_demand
lateral,cbf,off_diagonal_report_only,42,159,1,1,0,0,success,success
lateral,cbf,off_diagonal_report_only,42,160,1,0,0,1,success,non_lateral_high_cbf_demand
lateral,cbf,off_diagonal_report_only,42,161,1,1,0,0,success,success
lateral,cbf,off_diagonal_report_only,42,162,1,1,0,0,success,success
lateral,cbf,off_diagonal_report_only,42,163,1,1,0,0,success,success
lateral,cbf,off_diagonal_report_only,42,164,1,1,0,0,success,success
lateral,cbf,off_diagonal_report_only,42,165,1,1,0,0,success,success
lateral,cbf,off_diagonal_report_only,42,166,1,1,0,0,success,success
lateral,cbf,off_diagonal_report_only,42,167,1,1,0,0,success,success
lateral,cbf,off_diagonal_report_only,42,168,1,1,0,0,success,success
lateral,cbf,off_diagonal_report_only,42,169,1,1,0,0,success,success
lateral,cbf,off_diagonal_report_only,42,170,1,1,0,0,success,success
lateral,cbf,off_diagonal_report_only,42,171,1,1,0,0,success,success
lateral,cbf,off_diagonal_report_only,42,172,1,1,0,0,success,success
lateral,cbf,off_diagonal_report_only,42,173,1,1,0,0,success,success
lateral,cbf,off_diagonal_report_only,42,174,1,1,0,0,success,success
lateral,cbf,off_diagonal_report_only,42,175,1,1,0,0,success,success
lateral,cbf,off_diagonal_report_only,42,176,1,1,0,0,success,success
lateral,cbf,off_diagonal_report_only,42,177,1,1,0,0,success,success
lateral,cbf,off_diagonal_report_only,42,178,1,1,0,0,success,success
lateral,cbf,off_diagonal_report_only,42,179,1,1,0,0,success,success
lateral,cbf,off_diagonal_report_only,42,180,1,1,0,0,success,success
lateral,cbf,off_diagonal_report_only,42,181,1,1,0,0,success,success
lateral,cbf,off_diagonal_report_only,42,182,1,1,0,0,success,success
lateral,cbf,off_diagonal_report_only,42,183,1,1,0,0,success,success
lateral,cbf,off_diagonal_report_only,42,184,1,1,0,0,success,success
lateral,cbf,off_diagonal_report_only,42,185,1,1,0,0,success,success
lateral,cbf,off_diagonal_report_only,42,186,1,1,0,0,success,success
lateral,cbf,off_diagonal_report_only,42,187,0,1,1,0,lateral_heading_drift,success
lateral,cbf,off_diagonal_report_only,42,188,1,1,0,0,success,success
lateral,cbf,off_diagonal_report_only,42,189,1,1,0,0,success,success
lateral,cbf,off_diagonal_report_only,42,190,1,1,0,0,success,success
lateral,cbf,off_diagonal_report_only,42,191,1,1,0,0,success,success
lateral,cbf,off_diagonal_report_only,42,192,1,1,0,0,success,success
lateral,cbf,off_diagonal_report_only,42,193,1,1,0,0,success,success
lateral,cbf,off_diagonal_report_only,42,194,1,1,0,0,success,success
lateral,cbf,off_diagonal_report_only,42,195,1,1,0,0,success,success
lateral,cbf,off_diagonal_report_only,42,196,1,1,0,0,success,success
lateral,cbf,off_diagonal_report_only,42,197,1,1,0,0,success,success
lateral,cbf,off_diagonal_report_only,42,198,1,1,0,0,success,success
lateral,cbf,off_diagonal_report_only,42,199,1,1,0,0,success,success
lateral,cbf,off_diagonal_report_only,42,200,1,0,0,1,success,lateral_heading_drift
lateral,cbf,off_diagonal_report_only,42,201,1,1,0,0,success,success
lateral,cbf,off_diagonal_report_only,42,202,1,1,0,0,success,success
lateral,cbf,off_diagonal_report_only,42,203,1,1,0,0,success,success
lateral,cbf,off_diagonal_report_only,42,204,1,1,0,0,success,success
lateral,cbf,off_diagonal_report_only,42,205,1,1,0,0,success,success
lateral,cbf,off_diagonal_report_only,42,206,1,1,0,0,success,success
lateral,cbf,off_diagonal_report_only,42,207,1,1,0,0,success,success
lateral,cbf,off_diagonal_report_only,42,208,1,1,0,0,success,success
lateral,cbf,off_diagonal_report_only,42,209,1,1,0,0,success,success
lateral,cbf,off_diagonal_report_only,42,210,1,1,0,0,success,success
lateral,cbf,off_diagonal_report_only,42,211,1,1,0,0,success,success
lateral,cbf,off_diagonal_report_only,42,212,1,1,0,0,success,success
lateral,cbf,off_diagonal_report_only,42,213,1,1,0,0,success,success
lateral,cbf,off_diagonal_report_only,42,214,1,1,0,0,success,success
lateral,cbf,off_diagonal_report_only,42,215,0,1,1,0,lateral_heading_drift,success
lateral,cbf,off_diagonal_report_only,42,216,1,1,0,0,success,success
lateral,cbf,off_diagonal_report_only,42,217,1,1,0,0,success,success
lateral,cbf,off_diagonal_report_only,42,218,1,1,0,0,success,success
lateral,cbf,off_diagonal_report_only,42,219,1,1,0,0,success,success
lateral,cbf,off_diagonal_report_only,42,220,1,1,0,0,success,success
lateral,cbf,off_diagonal_report_only,42,221,1,1,0,0,success,success
lateral,cbf,off_diagonal_report_only,42,222,1,1,0,0,success,success
lateral,cbf,off_diagonal_report_only,42,223,1,1,0,0,success,success
lateral,cbf,off_diagonal_report_only,42,224,1,1,0,0,success,success
lateral,cbf,off_diagonal_report_only,42,225,1,1,0,0,success,success
lateral,cbf,off_diagonal_report_only,42,226,1,1,0,0,success,success
lateral,cbf,off_diagonal_report_only,42,227,1,1,0,0,success,success
lateral,cbf,off_diagonal_report_only,42,228,1,1,0,0,success,success
lateral,cbf,off_diagonal_report_only,42,229,1,1,0,0,success,success
lateral,cbf,off_diagonal_report_only,42,230,1,1,0,0,success,success
lateral,cbf,off_diagonal_report_only,42,231,1,1,0,0,success,success
lateral,cbf,off_diagonal_report_only,42,232,0,1,1,0,lateral_heading_drift,success
lateral,cbf,off_diagonal_report_only,42,233,1,1,0,0,success,success
lateral,cbf,off_diagonal_report_only,42,234,1,1,0,0,success,success
lateral,cbf,off_diagonal_report_only,42,235,1,1,0,0,success,success
lateral,cbf,off_diagonal_report_only,42,236,1,1,0,0,success,success
lateral,cbf,off_diagonal_report_only,42,237,1,1,0,0,success,success
lateral,cbf,off_diagonal_report_only,42,238,0,1,1,0,lateral_heading_drift,success
lateral,cbf,off_diagonal_report_only,42,239,1,1,0,0,success,success
lateral,cbf,off_diagonal_report_only,42,240,1,1,0,0,success,success
lateral,cbf,off_diagonal_report_only,42,241,1,1,0,0,success,success
lateral,cbf,off_diagonal_report_only,42,242,1,1,0,0,success,success
lateral,cbf,off_diagonal_report_only,42,243,1,1,0,0,success,success
lateral,cbf,off_diagonal_report_only,42,244,1,1,0,0,success,success
lateral,cbf,off_diagonal_report_only,42,245,1,1,0,0,success,success
lateral,cbf,off_diagonal_report_only,42,246,1,1,0,0,success,success
lateral,cbf,off_diagonal_report_only,42,247,1,1,0,0,success,success
lateral,cbf,off_diagonal_report_only,42,248,1,1,0,0,success,success
lateral,cbf,off_diagonal_report_only,42,249,1,1,0,0,success,success
lateral,cbf,off_diagonal_report_only,42,250,1,1,0,0,success,success
lateral,cbf,off_diagonal_report_only,42,251,0,1,1,0,lateral_heading_drift,success
lateral,cbf,off_diagonal_report_only,42,252,1,1,0,0,success,success
lateral,cbf,off_diagonal_report_only,42,253,1,1,0,0,success,success
lateral,cbf,off_diagonal_report_only,42,254,1,1,0,0,success,success
lateral,cbf,off_diagonal_report_only,42,255,1,1,0,0,success,success
lateral,balance,off_diagonal_report_only,42,0,0,0,1,1,non_lateral_high_cbf_demand,non_lateral_balance_or_phase
lateral,balance,off_diagonal_report_only,42,1,0,0,1,1,non_lateral_balance_or_phase,non_lateral_balance_or_phase
lateral,balance,off_diagonal_report_only,42,2,0,0,1,1,non_lateral_balance_or_phase,non_lateral_balance_or_phase
lateral,balance,off_diagonal_report_only,42,3,0,0,1,1,non_lateral_high_cbf_demand,non_lateral_balance_or_phase
lateral,balance,off_diagonal_report_only,42,4,0,0,1,1,non_lateral_balance_or_phase,non_lateral_balance_or_phase
lateral,balance,off_diagonal_report_only,42,5,0,0,1,1,non_lateral_high_cbf_demand,non_lateral_balance_or_phase
lateral,balance,off_diagonal_report_only,42,6,0,0,1,1,lateral_heading_drift,lateral_heading_drift
lateral,balance,off_diagonal_report_only,42,7,0,0,1,1,non_lateral_balance_or_phase,non_lateral_balance_or_phase
lateral,balance,off_diagonal_report_only,42,8,0,0,1,1,non_lateral_high_cbf_demand,non_lateral_high_cbf_demand
lateral,balance,off_diagonal_report_only,42,9,0,0,1,1,non_lateral_balance_or_phase,non_lateral_balance_or_phase
lateral,balance,off_diagonal_report_only,42,10,0,0,1,1,lateral_heading_drift,non_lateral_balance_or_phase
lateral,balance,off_diagonal_report_only,42,11,0,0,1,1,non_lateral_balance_or_phase,non_lateral_balance_or_phase
lateral,balance,off_diagonal_report_only,42,12,0,0,1,1,non_lateral_balance_or_phase,non_lateral_high_cbf_demand
lateral,balance,off_diagonal_report_only,42,13,0,0,1,1,non_lateral_balance_or_phase,non_lateral_balance_or_phase
lateral,balance,off_diagonal_report_only,42,14,1,0,0,1,success,non_lateral_balance_or_phase
lateral,balance,off_diagonal_report_only,42,15,0,0,1,1,non_lateral_balance_or_phase,non_lateral_high_cbf_demand
lateral,balance,off_diagonal_report_only,42,16,0,0,1,1,non_lateral_balance_or_phase,lateral_heading_drift
lateral,balance,off_diagonal_report_only,42,17,1,0,0,1,success,non_lateral_balance_or_phase
lateral,balance,off_diagonal_report_only,42,18,1,0,0,1,success,lateral_heading_drift
lateral,balance,off_diagonal_report_only,42,19,0,0,1,1,non_lateral_high_cbf_demand,lateral_heading_drift
lateral,balance,off_diagonal_report_only,42,20,1,0,0,1,success,lateral_heading_drift
lateral,balance,off_diagonal_report_only,42,21,1,0,0,1,success,lateral_heading_drift
lateral,balance,off_diagonal_report_only,42,22,1,0,0,1,success,lateral_heading_drift
lateral,balance,off_diagonal_report_only,42,23,1,0,0,1,success,non_lateral_high_cbf_demand
lateral,balance,off_diagonal_report_only,42,24,1,1,0,0,success,success
lateral,balance,off_diagonal_report_only,42,25,1,1,0,0,success,success
lateral,balance,off_diagonal_report_only,42,26,1,1,0,0,success,success
lateral,balance,off_diagonal_report_only,42,27,1,1,0,0,success,success
lateral,balance,off_diagonal_report_only,42,28,1,0,0,1,success,non_lateral_balance_or_phase
lateral,balance,off_diagonal_report_only,42,29,1,1,0,0,success,success
lateral,balance,off_diagonal_report_only,42,30,0,1,1,0,lateral_heading_drift,success
lateral,balance,off_diagonal_report_only,42,31,1,0,0,1,success,non_lateral_high_cbf_demand
lateral,balance,off_diagonal_report_only,42,32,1,1,0,0,success,success
lateral,balance,off_diagonal_report_only,42,33,1,1,0,0,success,success
lateral,balance,off_diagonal_report_only,42,34,1,1,0,0,success,success
lateral,balance,off_diagonal_report_only,42,35,1,1,0,0,success,success
lateral,balance,off_diagonal_report_only,42,36,1,1,0,0,success,success
lateral,balance,off_diagonal_report_only,42,37,1,1,0,0,success,success
lateral,balance,off_diagonal_report_only,42,38,1,1,0,0,success,success
lateral,balance,off_diagonal_report_only,42,39,1,1,0,0,success,success
lateral,balance,off_diagonal_report_only,42,40,1,1,0,0,success,success
lateral,balance,off_diagonal_report_only,42,41,1,1,0,0,success,success
lateral,balance,off_diagonal_report_only,42,42,1,1,0,0,success,success
lateral,balance,off_diagonal_report_only,42,43,1,1,0,0,success,success
lateral,balance,off_diagonal_report_only,42,44,0,1,1,0,lateral_heading_drift,success
lateral,balance,off_diagonal_report_only,42,45,1,1,0,0,success,success
lateral,balance,off_diagonal_report_only,42,46,1,1,0,0,success,success
lateral,balance,off_diagonal_report_only,42,47,1,1,0,0,success,success
lateral,balance,off_diagonal_report_only,42,48,1,1,0,0,success,success
lateral,balance,off_diagonal_report_only,42,49,1,1,0,0,success,success
lateral,balance,off_diagonal_report_only,42,50,1,1,0,0,success,success
lateral,balance,off_diagonal_report_only,42,51,1,1,0,0,success,success
lateral,balance,off_diagonal_report_only,42,52,1,1,0,0,success,success
lateral,balance,off_diagonal_report_only,42,53,1,1,0,0,success,success
lateral,balance,off_diagonal_report_only,42,54,1,0,0,1,success,lateral_heading_drift
lateral,balance,off_diagonal_report_only,42,55,1,1,0,0,success,success
lateral,balance,off_diagonal_report_only,42,56,1,1,0,0,success,success
lateral,balance,off_diagonal_report_only,42,57,1,1,0,0,success,success
lateral,balance,off_diagonal_report_only,42,58,1,1,0,0,success,success
lateral,balance,off_diagonal_report_only,42,59,1,1,0,0,success,success
lateral,balance,off_diagonal_report_only,42,60,1,1,0,0,success,success
lateral,balance,off_diagonal_report_only,42,61,1,1,0,0,success,success
lateral,balance,off_diagonal_report_only,42,62,1,1,0,0,success,success
lateral,balance,off_diagonal_report_only,42,63,1,1,0,0,success,success
lateral,balance,off_diagonal_report_only,42,64,1,1,0,0,success,success
lateral,balance,off_diagonal_report_only,42,65,1,1,0,0,success,success
lateral,balance,off_diagonal_report_only,42,66,1,1,0,0,success,success
lateral,balance,off_diagonal_report_only,42,67,1,1,0,0,success,success
lateral,balance,off_diagonal_report_only,42,68,1,1,0,0,success,success
lateral,balance,off_diagonal_report_only,42,69,1,1,0,0,success,success
lateral,balance,off_diagonal_report_only,42,70,1,1,0,0,success,success
lateral,balance,off_diagonal_report_only,42,71,1,1,0,0,success,success
lateral,balance,off_diagonal_report_only,42,72,1,1,0,0,success,success
lateral,balance,off_diagonal_report_only,42,73,1,1,0,0,success,success
lateral,balance,off_diagonal_report_only,42,74,1,1,0,0,success,success
lateral,balance,off_diagonal_report_only,42,75,1,1,0,0,success,success
lateral,balance,off_diagonal_report_only,42,76,1,1,0,0,success,success
lateral,balance,off_diagonal_report_only,42,77,1,1,0,0,success,success
lateral,balance,off_diagonal_report_only,42,78,1,1,0,0,success,success
lateral,balance,off_diagonal_report_only,42,79,0,1,1,0,non_lateral_balance_or_phase,success
lateral,balance,off_diagonal_report_only,42,80,1,1,0,0,success,success
lateral,balance,off_diagonal_report_only,42,81,1,1,0,0,success,success
lateral,balance,off_diagonal_report_only,42,82,0,1,1,0,lateral_heading_drift,success
lateral,balance,off_diagonal_report_only,42,83,1,1,0,0,success,success
lateral,balance,off_diagonal_report_only,42,84,1,1,0,0,success,success
lateral,balance,off_diagonal_report_only,42,85,1,1,0,0,success,success
lateral,balance,off_diagonal_report_only,42,86,1,1,0,0,success,success
lateral,balance,off_diagonal_report_only,42,87,1,1,0,0,success,success
lateral,balance,off_diagonal_report_only,42,88,1,1,0,0,success,success
lateral,balance,off_diagonal_report_only,42,89,1,1,0,0,success,success
lateral,balance,off_diagonal_report_only,42,90,1,1,0,0,success,success
lateral,balance,off_diagonal_report_only,42,91,1,1,0,0,success,success
lateral,balance,off_diagonal_report_only,42,92,1,1,0,0,success,success
lateral,balance,off_diagonal_report_only,42,93,1,1,0,0,success,success
lateral,balance,off_diagonal_report_only,42,94,1,1,0,0,success,success
lateral,balance,off_diagonal_report_only,42,95,1,1,0,0,success,success
lateral,balance,off_diagonal_report_only,42,96,1,1,0,0,success,success
lateral,balance,off_diagonal_report_only,42,97,1,1,0,0,success,success
lateral,balance,off_diagonal_report_only,42,98,1,1,0,0,success,success
lateral,balance,off_diagonal_report_only,42,99,1,1,0,0,success,success
lateral,balance,off_diagonal_report_only,42,100,1,1,0,0,success,success
lateral,balance,off_diagonal_report_only,42,101,1,1,0,0,success,success
lateral,balance,off_diagonal_report_only,42,102,1,1,0,0,success,success
lateral,balance,off_diagonal_report_only,42,103,1,1,0,0,success,success
lateral,balance,off_diagonal_report_only,42,104,1,1,0,0,success,success
lateral,balance,off_diagonal_report_only,42,105,1,1,0,0,success,success
lateral,balance,off_diagonal_report_only,42,106,1,1,0,0,success,success
lateral,balance,off_diagonal_report_only,42,107,1,1,0,0,success,success
lateral,balance,off_diagonal_report_only,42,108,1,1,0,0,success,success
lateral,balance,off_diagonal_report_only,42,109,1,1,0,0,success,success
lateral,balance,off_diagonal_report_only,42,110,1,1,0,0,success,success
lateral,balance,off_diagonal_report_only,42,111,1,1,0,0,success,success
lateral,balance,off_diagonal_report_only,42,112,1,1,0,0,success,success
lateral,balance,off_diagonal_report_only,42,113,1,1,0,0,success,success
lateral,balance,off_diagonal_report_only,42,114,1,1,0,0,success,success
lateral,balance,off_diagonal_report_only,42,115,1,1,0,0,success,success
lateral,balance,off_diagonal_report_only,42,116,1,1,0,0,success,success
lateral,balance,off_diagonal_report_only,42,117,1,1,0,0,success,success
lateral,balance,off_diagonal_report_only,42,118,1,1,0,0,success,success
lateral,balance,off_diagonal_report_only,42,119,1,1,0,0,success,success
lateral,balance,off_diagonal_report_only,42,120,1,1,0,0,success,success
lateral,balance,off_diagonal_report_only,42,121,1,1,0,0,success,success
lateral,balance,off_diagonal_report_only,42,122,1,1,0,0,success,success
lateral,balance,off_diagonal_report_only,42,123,1,0,0,1,success,lateral_heading_drift
lateral,balance,off_diagonal_report_only,42,124,1,1,0,0,success,success
lateral,balance,off_diagonal_report_only,42,125,1,1,0,0,success,success
lateral,balance,off_diagonal_report_only,42,126,1,1,0,0,success,success
lateral,balance,off_diagonal_report_only,42,127,1,1,0,0,success,success
lateral,balance,off_diagonal_report_only,42,128,0,0,1,1,non_lateral_balance_or_phase,non_lateral_balance_or_phase
lateral,balance,off_diagonal_report_only,42,129,0,0,1,1,non_lateral_high_cbf_demand,non_lateral_balance_or_phase
lateral,balance,off_diagonal_report_only,42,130,0,0,1,1,non_lateral_balance_or_phase,non_lateral_balance_or_phase
lateral,balance,off_diagonal_report_only,42,131,0,0,1,1,non_lateral_balance_or_phase,non_lateral_high_cbf_demand
lateral,balance,off_diagonal_report_only,42,132,0,0,1,1,non_lateral_high_cbf_demand,non_lateral_high_cbf_demand
lateral,balance,off_diagonal_report_only,42,133,0,0,1,1,non_lateral_balance_or_phase,non_lateral_balance_or_phase
lateral,balance,off_diagonal_report_only,42,134,0,0,1,1,non_lateral_balance_or_phase,non_lateral_balance_or_phase
lateral,balance,off_diagonal_report_only,42,135,0,0,1,1,non_lateral_balance_or_phase,non_lateral_balance_or_phase
lateral,balance,off_diagonal_report_only,42,136,0,0,1,1,lateral_heading_drift,non_lateral_balance_or_phase
lateral,balance,off_diagonal_report_only,42,137,0,0,1,1,non_lateral_balance_or_phase,non_lateral_balance_or_phase
lateral,balance,off_diagonal_report_only,42,138,0,0,1,1,non_lateral_balance_or_phase,non_lateral_balance_or_phase
lateral,balance,off_diagonal_report_only,42,139,0,0,1,1,lateral_heading_drift,non_lateral_high_cbf_demand
lateral,balance,off_diagonal_report_only,42,140,0,0,1,1,lateral_heading_drift,non_lateral_balance_or_phase
lateral,balance,off_diagonal_report_only,42,141,0,0,1,1,non_lateral_balance_or_phase,non_lateral_high_cbf_demand
lateral,balance,off_diagonal_report_only,42,142,0,0,1,1,non_lateral_balance_or_phase,non_lateral_balance_or_phase
lateral,balance,off_diagonal_report_only,42,143,0,0,1,1,non_lateral_balance_or_phase,lateral_heading_drift
lateral,balance,off_diagonal_report_only,42,144,0,0,1,1,non_lateral_balance_or_phase,non_lateral_high_cbf_demand
lateral,balance,off_diagonal_report_only,42,145,0,0,1,1,lateral_heading_drift,non_lateral_balance_or_phase
lateral,balance,off_diagonal_report_only,42,146,0,0,1,1,non_lateral_high_cbf_demand,non_lateral_balance_or_phase
lateral,balance,off_diagonal_report_only,42,147,0,0,1,1,non_lateral_balance_or_phase,lateral_heading_drift
lateral,balance,off_diagonal_report_only,42,148,1,0,0,1,success,non_lateral_high_cbf_demand
lateral,balance,off_diagonal_report_only,42,149,0,0,1,1,lateral_heading_drift,lateral_heading_drift
lateral,balance,off_diagonal_report_only,42,150,0,0,1,1,lateral_heading_drift,lateral_heading_drift
lateral,balance,off_diagonal_report_only,42,151,1,0,0,1,success,non_lateral_balance_or_phase
lateral,balance,off_diagonal_report_only,42,152,0,1,1,0,lateral_heading_drift,success
lateral,balance,off_diagonal_report_only,42,153,0,1,1,0,non_lateral_balance_or_phase,success
lateral,balance,off_diagonal_report_only,42,154,1,1,0,0,success,success
lateral,balance,off_diagonal_report_only,42,155,1,1,0,0,success,success
lateral,balance,off_diagonal_report_only,42,156,1,0,0,1,success,non_lateral_balance_or_phase
lateral,balance,off_diagonal_report_only,42,157,1,1,0,0,success,success
lateral,balance,off_diagonal_report_only,42,158,1,1,0,0,success,success
lateral,balance,off_diagonal_report_only,42,159,0,1,1,0,non_lateral_high_cbf_demand,success
lateral,balance,off_diagonal_report_only,42,160,1,1,0,0,success,success
lateral,balance,off_diagonal_report_only,42,161,1,1,0,0,success,success
lateral,balance,off_diagonal_report_only,42,162,1,1,0,0,success,success
lateral,balance,off_diagonal_report_only,42,163,1,1,0,0,success,success
lateral,balance,off_diagonal_report_only,42,164,1,1,0,0,success,success
lateral,balance,off_diagonal_report_only,42,165,0,1,1,0,lateral_heading_drift,success
lateral,balance,off_diagonal_report_only,42,166,0,1,1,0,non_lateral_balance_or_phase,success
lateral,balance,off_diagonal_report_only,42,167,1,1,0,0,success,success
lateral,balance,off_diagonal_report_only,42,168,1,1,1,0,non_lateral_balance_or_phase,success
lateral,balance,off_diagonal_report_only,42,169,1,1,0,0,success,success
lateral,balance,off_diagonal_report_only,42,170,1,1,0,0,success,success
lateral,balance,off_diagonal_report_only,42,171,1,1,0,0,success,success
lateral,balance,off_diagonal_report_only,42,172,1,1,0,0,success,success
lateral,balance,off_diagonal_report_only,42,173,0,1,1,0,lateral_heading_drift,success
lateral,balance,off_diagonal_report_only,42,174,1,1,0,0,success,success
lateral,balance,off_diagonal_report_only,42,175,1,1,0,0,success,success
lateral,balance,off_diagonal_report_only,42,176,1,1,0,0,success,success
lateral,balance,off_diagonal_report_only,42,177,1,1,0,0,success,success
lateral,balance,off_diagonal_report_only,42,178,1,1,0,0,success,success
lateral,balance,off_diagonal_report_only,42,179,1,1,0,0,success,success
lateral,balance,off_diagonal_report_only,42,180,1,1,0,0,success,success
lateral,balance,off_diagonal_report_only,42,181,1,1,0,0,success,success
lateral,balance,off_diagonal_report_only,42,182,1,1,0,0,success,success
lateral,balance,off_diagonal_report_only,42,183,1,1,0,0,success,success
lateral,balance,off_diagonal_report_only,42,184,1,1,0,0,success,success
lateral,balance,off_diagonal_report_only,42,185,1,1,0,0,success,success
lateral,balance,off_diagonal_report_only,42,186,1,1,0,0,success,success
lateral,balance,off_diagonal_report_only,42,187,1,1,0,0,success,success
lateral,balance,off_diagonal_report_only,42,188,1,1,0,0,success,success
lateral,balance,off_diagonal_report_only,42,189,1,1,0,0,success,success
lateral,balance,off_diagonal_report_only,42,190,1,1,0,0,success,success
lateral,balance,off_diagonal_report_only,42,191,1,1,0,0,success,success
lateral,balance,off_diagonal_report_only,42,192,1,1,0,0,success,success
lateral,balance,off_diagonal_report_only,42,193,1,1,0,0,success,success
lateral,balance,off_diagonal_report_only,42,194,1,1,0,0,success,success
lateral,balance,off_diagonal_report_only,42,195,1,1,0,0,success,success
lateral,balance,off_diagonal_report_only,42,196,1,1,0,0,success,success
lateral,balance,off_diagonal_report_only,42,197,1,1,0,0,success,success
lateral,balance,off_diagonal_report_only,42,198,1,1,0,0,success,success
lateral,balance,off_diagonal_report_only,42,199,1,1,0,0,success,success
lateral,balance,off_diagonal_report_only,42,200,1,0,0,1,success,non_lateral_balance_or_phase
lateral,balance,off_diagonal_report_only,42,201,1,1,0,0,success,success
lateral,balance,off_diagonal_report_only,42,202,1,1,0,0,success,success
lateral,balance,off_diagonal_report_only,42,203,1,1,0,0,success,success
lateral,balance,off_diagonal_report_only,42,204,1,1,0,0,success,success
lateral,balance,off_diagonal_report_only,42,205,1,1,0,0,success,success
lateral,balance,off_diagonal_report_only,42,206,1,1,0,0,success,success
lateral,balance,off_diagonal_report_only,42,207,1,1,0,0,success,success
lateral,balance,off_diagonal_report_only,42,208,0,1,1,0,lateral_heading_drift,success
lateral,balance,off_diagonal_report_only,42,209,1,1,0,0,success,success
lateral,balance,off_diagonal_report_only,42,210,1,1,0,0,success,success
lateral,balance,off_diagonal_report_only,42,211,1,1,0,0,success,success
lateral,balance,off_diagonal_report_only,42,212,1,1,0,0,success,success
lateral,balance,off_diagonal_report_only,42,213,1,1,0,0,success,success
lateral,balance,off_diagonal_report_only,42,214,1,1,0,0,success,success
lateral,balance,off_diagonal_report_only,42,215,1,1,0,0,success,success
lateral,balance,off_diagonal_report_only,42,216,1,1,0,0,success,success
lateral,balance,off_diagonal_report_only,42,217,1,1,0,0,success,success
lateral,balance,off_diagonal_report_only,42,218,1,1,0,0,success,success
lateral,balance,off_diagonal_report_only,42,219,1,1,0,0,success,success
lateral,balance,off_diagonal_report_only,42,220,1,1,0,0,success,success
lateral,balance,off_diagonal_report_only,42,221,1,1,0,0,success,success
lateral,balance,off_diagonal_report_only,42,222,1,1,0,0,success,success
lateral,balance,off_diagonal_report_only,42,223,1,1,0,0,success,success
lateral,balance,off_diagonal_report_only,42,224,1,1,0,0,success,success
lateral,balance,off_diagonal_report_only,42,225,1,1,0,0,success,success
lateral,balance,off_diagonal_report_only,42,226,1,1,0,0,success,success
lateral,balance,off_diagonal_report_only,42,227,1,1,0,0,success,success
lateral,balance,off_diagonal_report_only,42,228,1,1,0,0,success,success
lateral,balance,off_diagonal_report_only,42,229,1,1,0,0,success,success
lateral,balance,off_diagonal_report_only,42,230,1,1,0,0,success,success
lateral,balance,off_diagonal_report_only,42,231,1,1,0,0,success,success
lateral,balance,off_diagonal_report_only,42,232,1,1,0,0,success,success
lateral,balance,off_diagonal_report_only,42,233,1,1,0,0,success,success
lateral,balance,off_diagonal_report_only,42,234,1,1,0,0,success,success
lateral,balance,off_diagonal_report_only,42,235,1,1,0,0,success,success
lateral,balance,off_diagonal_report_only,42,236,1,1,0,0,success,success
lateral,balance,off_diagonal_report_only,42,237,1,1,0,0,success,success
lateral,balance,off_diagonal_report_only,42,238,1,1,0,0,success,success
lateral,balance,off_diagonal_report_only,42,239,1,1,0,0,success,success
lateral,balance,off_diagonal_report_only,42,240,1,1,0,0,success,success
lateral,balance,off_diagonal_report_only,42,241,1,1,0,0,success,success
lateral,balance,off_diagonal_report_only,42,242,1,1,0,0,success,success
lateral,balance,off_diagonal_report_only,42,243,1,1,0,0,success,success
lateral,balance,off_diagonal_report_only,42,244,1,1,0,0,success,success
lateral,balance,off_diagonal_report_only,42,245,1,1,0,0,success,success
lateral,balance,off_diagonal_report_only,42,246,1,1,0,0,success,success
lateral,balance,off_diagonal_report_only,42,247,1,1,0,0,success,success
lateral,balance,off_diagonal_report_only,42,248,0,1,1,0,lateral_heading_drift,success
lateral,balance,off_diagonal_report_only,42,249,1,1,0,0,success,success
lateral,balance,off_diagonal_report_only,42,250,1,1,0,0,success,success
lateral,balance,off_diagonal_report_only,42,251,1,1,0,0,success,success
lateral,balance,off_diagonal_report_only,42,252,1,1,0,0,success,success
lateral,balance,off_diagonal_report_only,42,253,1,1,0,0,success,success
lateral,balance,off_diagonal_report_only,42,254,1,1,0,0,success,success
lateral,balance,off_diagonal_report_only,42,255,1,1,0,0,success,success
lateral,D0,d0_catastrophic,42,0,0,0,1,1,non_lateral_high_cbf_demand,non_lateral_balance_or_phase
lateral,D0,d0_catastrophic,42,1,1,0,0,1,success,non_lateral_high_cbf_demand
lateral,D0,d0_catastrophic,42,2,1,1,0,0,success,success
lateral,D0,d0_catastrophic,42,3,1,1,0,0,success,success
lateral,D0,d0_catastrophic,42,4,1,1,0,0,success,success
lateral,D0,d0_catastrophic,42,5,1,1,0,0,success,success
lateral,D0,d0_catastrophic,42,6,1,1,0,0,success,success
lateral,D0,d0_catastrophic,42,7,1,1,0,0,success,success
lateral,D0,d0_catastrophic,42,8,1,1,0,0,success,success
lateral,D0,d0_catastrophic,42,9,1,1,0,0,success,success
lateral,D0,d0_catastrophic,42,10,1,1,0,0,success,success
lateral,D0,d0_catastrophic,42,11,1,1,0,0,success,success
lateral,D0,d0_catastrophic,42,12,1,1,0,0,success,success
lateral,D0,d0_catastrophic,42,13,1,1,0,0,success,success
lateral,D0,d0_catastrophic,42,14,1,1,0,0,success,success
lateral,D0,d0_catastrophic,42,15,1,1,0,0,success,success
lateral,D0,d0_catastrophic,42,16,1,1,0,0,success,success
lateral,D0,d0_catastrophic,42,17,1,1,0,0,success,success
lateral,D0,d0_catastrophic,42,18,1,1,0,0,success,success
lateral,D0,d0_catastrophic,42,19,1,1,0,0,success,success
lateral,D0,d0_catastrophic,42,20,1,1,0,0,success,success
lateral,D0,d0_catastrophic,42,21,1,1,0,0,success,success
lateral,D0,d0_catastrophic,42,22,1,1,0,0,success,success
lateral,D0,d0_catastrophic,42,23,1,1,0,0,success,success
lateral,D0,d0_catastrophic,42,24,1,1,0,0,success,success
lateral,D0,d0_catastrophic,42,25,1,1,0,0,success,success
lateral,D0,d0_catastrophic,42,26,1,1,0,0,success,success
lateral,D0,d0_catastrophic,42,27,1,1,0,0,success,success
lateral,D0,d0_catastrophic,42,28,1,1,0,0,success,success
lateral,D0,d0_catastrophic,42,29,1,1,0,0,success,success
lateral,D0,d0_catastrophic,42,30,1,1,0,0,success,success
lateral,D0,d0_catastrophic,42,31,1,1,0,0,success,success
lateral,D0,d0_catastrophic,42,32,1,1,0,0,success,success
lateral,D0,d0_catastrophic,42,33,1,1,0,0,success,success
lateral,D0,d0_catastrophic,42,34,1,1,0,0,success,success
lateral,D0,d0_catastrophic,42,35,1,1,0,0,success,success
lateral,D0,d0_catastrophic,42,36,1,1,0,0,success,success
lateral,D0,d0_catastrophic,42,37,1,1,0,0,success,success
lateral,D0,d0_catastrophic,42,38,1,1,0,0,success,success
lateral,D0,d0_catastrophic,42,39,1,1,0,0,success,success
lateral,D0,d0_catastrophic,42,40,1,1,0,0,success,success
lateral,D0,d0_catastrophic,42,41,1,1,0,0,success,success
lateral,D0,d0_catastrophic,42,42,1,1,0,0,success,success
lateral,D0,d0_catastrophic,42,43,1,1,0,0,success,success
lateral,D0,d0_catastrophic,42,44,1,1,0,0,success,success
lateral,D0,d0_catastrophic,42,45,1,1,0,0,success,success
lateral,D0,d0_catastrophic,42,46,1,1,0,0,success,success
lateral,D0,d0_catastrophic,42,47,1,1,0,0,success,success
lateral,D0,d0_catastrophic,42,48,1,1,0,0,success,success
lateral,D0,d0_catastrophic,42,49,1,1,0,0,success,success
lateral,D0,d0_catastrophic,42,50,1,1,0,0,success,success
lateral,D0,d0_catastrophic,42,51,1,1,0,0,success,success
lateral,D0,d0_catastrophic,42,52,1,1,0,0,success,success
lateral,D0,d0_catastrophic,42,53,1,1,0,0,success,success
lateral,D0,d0_catastrophic,42,54,1,1,0,0,success,success
lateral,D0,d0_catastrophic,42,55,1,1,0,0,success,success
lateral,D0,d0_catastrophic,42,56,1,1,0,0,success,success
lateral,D0,d0_catastrophic,42,57,1,1,0,0,success,success
lateral,D0,d0_catastrophic,42,58,1,1,0,0,success,success
lateral,D0,d0_catastrophic,42,59,1,1,0,0,success,success
lateral,D0,d0_catastrophic,42,60,1,1,0,0,success,success
lateral,D0,d0_catastrophic,42,61,1,1,0,0,success,success
lateral,D0,d0_catastrophic,42,62,1,1,0,0,success,success
lateral,D0,d0_catastrophic,42,63,1,1,0,0,success,success
lateral,D0,d0_catastrophic,42,64,1,1,0,0,success,success
lateral,D0,d0_catastrophic,42,65,1,1,0,0,success,success
lateral,D0,d0_catastrophic,42,66,1,1,0,0,success,success
lateral,D0,d0_catastrophic,42,67,1,1,0,0,success,success
lateral,D0,d0_catastrophic,42,68,1,1,0,0,success,success
lateral,D0,d0_catastrophic,42,69,1,1,0,0,success,success
lateral,D0,d0_catastrophic,42,70,1,1,0,0,success,success
lateral,D0,d0_catastrophic,42,71,1,1,0,0,success,success
lateral,D0,d0_catastrophic,42,72,1,1,0,0,success,success
lateral,D0,d0_catastrophic,42,73,1,1,0,0,success,success
lateral,D0,d0_catastrophic,42,74,1,1,0,0,success,success
lateral,D0,d0_catastrophic,42,75,1,1,0,0,success,success
lateral,D0,d0_catastrophic,42,76,1,1,0,0,success,success
lateral,D0,d0_catastrophic,42,77,1,1,0,0,success,success
lateral,D0,d0_catastrophic,42,78,1,1,0,0,success,success
lateral,D0,d0_catastrophic,42,79,1,1,0,0,success,success
lateral,D0,d0_catastrophic,42,80,1,1,0,0,success,success
lateral,D0,d0_catastrophic,42,81,1,1,0,0,success,success
lateral,D0,d0_catastrophic,42,82,1,1,0,0,success,success
lateral,D0,d0_catastrophic,42,83,1,1,0,0,success,success
lateral,D0,d0_catastrophic,42,84,1,1,0,0,success,success
lateral,D0,d0_catastrophic,42,85,1,1,0,0,success,success
lateral,D0,d0_catastrophic,42,86,1,1,0,0,success,success
lateral,D0,d0_catastrophic,42,87,1,1,0,0,success,success
lateral,D0,d0_catastrophic,42,88,1,1,0,0,success,success
lateral,D0,d0_catastrophic,42,89,1,1,0,0,success,success
lateral,D0,d0_catastrophic,42,90,1,1,0,0,success,success
lateral,D0,d0_catastrophic,42,91,1,1,0,0,success,success
lateral,D0,d0_catastrophic,42,92,1,1,0,0,success,success
lateral,D0,d0_catastrophic,42,93,1,1,0,0,success,success
lateral,D0,d0_catastrophic,42,94,1,1,0,0,success,success
lateral,D0,d0_catastrophic,42,95,1,1,0,0,success,success
lateral,D0,d0_catastrophic,42,96,1,1,0,0,success,success
lateral,D0,d0_catastrophic,42,97,1,1,0,0,success,success
lateral,D0,d0_catastrophic,42,98,1,1,0,0,success,success
lateral,D0,d0_catastrophic,42,99,1,1,0,0,success,success
lateral,D0,d0_catastrophic,42,100,1,1,0,0,success,success
lateral,D0,d0_catastrophic,42,101,1,1,0,0,success,success
lateral,D0,d0_catastrophic,42,102,1,1,0,0,success,success
lateral,D0,d0_catastrophic,42,103,1,1,0,0,success,success
lateral,D0,d0_catastrophic,42,104,1,1,0,0,success,success
lateral,D0,d0_catastrophic,42,105,1,1,0,0,success,success
lateral,D0,d0_catastrophic,42,106,1,1,0,0,success,success
lateral,D0,d0_catastrophic,42,107,1,1,0,0,success,success
lateral,D0,d0_catastrophic,42,108,1,1,0,0,success,success
lateral,D0,d0_catastrophic,42,109,1,1,0,0,success,success
lateral,D0,d0_catastrophic,42,110,1,1,0,0,success,success
lateral,D0,d0_catastrophic,42,111,1,1,0,0,success,success
lateral,D0,d0_catastrophic,42,112,1,1,0,0,success,success
lateral,D0,d0_catastrophic,42,113,1,1,0,0,success,success
lateral,D0,d0_catastrophic,42,114,1,1,0,0,success,success
lateral,D0,d0_catastrophic,42,115,1,1,0,0,success,success
lateral,D0,d0_catastrophic,42,116,1,1,0,0,success,success
lateral,D0,d0_catastrophic,42,117,1,0,0,0,success,timeout_or_other_nonfall
lateral,D0,d0_catastrophic,42,118,1,0,0,0,success,timeout_or_other_nonfall
lateral,D0,d0_catastrophic,42,119,0,0,0,0,timeout_or_other_nonfall,timeout_or_other_nonfall
lateral,D0,d0_catastrophic,42,120,0,0,0,0,timeout_or_other_nonfall,timeout_or_other_nonfall
lateral,D0,d0_catastrophic,42,121,0,0,0,0,timeout_or_other_nonfall,timeout_or_other_nonfall
lateral,D0,d0_catastrophic,42,122,0,0,0,0,timeout_or_other_nonfall,timeout_or_other_nonfall
lateral,D0,d0_catastrophic,42,123,0,0,0,0,timeout_or_other_nonfall,timeout_or_other_nonfall
lateral,D0,d0_catastrophic,42,124,0,0,0,0,timeout_or_other_nonfall,timeout_or_other_nonfall
lateral,D0,d0_catastrophic,42,125,0,0,0,0,timeout_or_other_nonfall,timeout_or_other_nonfall
lateral,D0,d0_catastrophic,42,126,0,0,0,0,timeout_or_other_nonfall,timeout_or_other_nonfall
lateral,D0,d0_catastrophic,42,127,0,0,0,0,timeout_or_other_nonfall,timeout_or_other_nonfall
lateral,D0,d0_catastrophic,42,128,1,0,0,1,success,non_lateral_high_cbf_demand
lateral,D0,d0_catastrophic,42,129,1,1,0,0,success,success
lateral,D0,d0_catastrophic,42,130,1,1,0,0,success,success
lateral,D0,d0_catastrophic,42,131,1,1,0,0,success,success
lateral,D0,d0_catastrophic,42,132,1,1,0,0,success,success
lateral,D0,d0_catastrophic,42,133,1,1,0,0,success,success
lateral,D0,d0_catastrophic,42,134,1,1,0,0,success,success
lateral,D0,d0_catastrophic,42,135,1,1,0,0,success,success
lateral,D0,d0_catastrophic,42,136,1,1,0,0,success,success
lateral,D0,d0_catastrophic,42,137,1,1,0,0,success,success
lateral,D0,d0_catastrophic,42,138,1,1,0,0,success,success
lateral,D0,d0_catastrophic,42,139,1,1,0,0,success,success
lateral,D0,d0_catastrophic,42,140,1,1,0,0,success,success
lateral,D0,d0_catastrophic,42,141,1,1,0,0,success,success
lateral,D0,d0_catastrophic,42,142,1,1,0,0,success,success
lateral,D0,d0_catastrophic,42,143,1,1,0,0,success,success
lateral,D0,d0_catastrophic,42,144,1,1,0,0,success,success
lateral,D0,d0_catastrophic,42,145,1,1,0,0,success,success
lateral,D0,d0_catastrophic,42,146,1,1,0,0,success,success
lateral,D0,d0_catastrophic,42,147,1,1,0,0,success,success
lateral,D0,d0_catastrophic,42,148,1,1,0,0,success,success
lateral,D0,d0_catastrophic,42,149,1,1,0,0,success,success
lateral,D0,d0_catastrophic,42,150,1,1,0,0,success,success
lateral,D0,d0_catastrophic,42,151,1,1,0,0,success,success
lateral,D0,d0_catastrophic,42,152,1,1,0,0,success,success
lateral,D0,d0_catastrophic,42,153,1,1,0,0,success,success
lateral,D0,d0_catastrophic,42,154,1,1,0,0,success,success
lateral,D0,d0_catastrophic,42,155,1,1,0,0,success,success
lateral,D0,d0_catastrophic,42,156,1,1,0,0,success,success
lateral,D0,d0_catastrophic,42,157,1,1,0,0,success,success
lateral,D0,d0_catastrophic,42,158,1,1,0,0,success,success
lateral,D0,d0_catastrophic,42,159,1,1,0,0,success,success
lateral,D0,d0_catastrophic,42,160,1,1,0,0,success,success
lateral,D0,d0_catastrophic,42,161,1,1,0,0,success,success
lateral,D0,d0_catastrophic,42,162,1,1,0,0,success,success
lateral,D0,d0_catastrophic,42,163,1,1,0,0,success,success
lateral,D0,d0_catastrophic,42,164,1,1,0,0,success,success
lateral,D0,d0_catastrophic,42,165,1,1,0,0,success,success
lateral,D0,d0_catastrophic,42,166,1,1,0,0,success,success
lateral,D0,d0_catastrophic,42,167,1,1,0,0,success,success
lateral,D0,d0_catastrophic,42,168,1,1,0,0,success,success
lateral,D0,d0_catastrophic,42,169,1,1,0,0,success,success
lateral,D0,d0_catastrophic,42,170,1,1,0,0,success,success
lateral,D0,d0_catastrophic,42,171,1,1,0,0,success,success
lateral,D0,d0_catastrophic,42,172,1,1,0,0,success,success
lateral,D0,d0_catastrophic,42,173,1,1,0,0,success,success
lateral,D0,d0_catastrophic,42,174,1,1,0,0,success,success
lateral,D0,d0_catastrophic,42,175,1,1,0,0,success,success
lateral,D0,d0_catastrophic,42,176,1,1,0,0,success,success
lateral,D0,d0_catastrophic,42,177,1,1,0,0,success,success
lateral,D0,d0_catastrophic,42,178,1,1,0,0,success,success
lateral,D0,d0_catastrophic,42,179,1,1,0,0,success,success
lateral,D0,d0_catastrophic,42,180,1,1,0,0,success,success
lateral,D0,d0_catastrophic,42,181,1,1,0,0,success,success
lateral,D0,d0_catastrophic,42,182,1,1,0,0,success,success
lateral,D0,d0_catastrophic,42,183,1,1,0,0,success,success
lateral,D0,d0_catastrophic,42,184,1,1,0,0,success,success
lateral,D0,d0_catastrophic,42,185,1,1,0,0,success,success
lateral,D0,d0_catastrophic,42,186,1,1,0,0,success,success
lateral,D0,d0_catastrophic,42,187,1,1,0,0,success,success
lateral,D0,d0_catastrophic,42,188,1,1,0,0,success,success
lateral,D0,d0_catastrophic,42,189,1,1,0,0,success,success
lateral,D0,d0_catastrophic,42,190,1,1,0,0,success,success
lateral,D0,d0_catastrophic,42,191,1,1,0,0,success,success
lateral,D0,d0_catastrophic,42,192,1,1,0,0,success,success
lateral,D0,d0_catastrophic,42,193,1,1,0,0,success,success
lateral,D0,d0_catastrophic,42,194,1,1,0,0,success,success
lateral,D0,d0_catastrophic,42,195,1,1,0,0,success,success
lateral,D0,d0_catastrophic,42,196,1,1,0,0,success,success
lateral,D0,d0_catastrophic,42,197,1,1,0,0,success,success
lateral,D0,d0_catastrophic,42,198,1,1,0,0,success,success
lateral,D0,d0_catastrophic,42,199,1,1,0,0,success,success
lateral,D0,d0_catastrophic,42,200,1,1,0,0,success,success
lateral,D0,d0_catastrophic,42,201,1,1,0,0,success,success
lateral,D0,d0_catastrophic,42,202,1,1,0,0,success,success
lateral,D0,d0_catastrophic,42,203,1,1,0,0,success,success
lateral,D0,d0_catastrophic,42,204,1,1,0,0,success,success
lateral,D0,d0_catastrophic,42,205,1,1,0,0,success,success
lateral,D0,d0_catastrophic,42,206,1,1,0,0,success,success
lateral,D0,d0_catastrophic,42,207,1,1,0,0,success,success
lateral,D0,d0_catastrophic,42,208,1,1,0,0,success,success
lateral,D0,d0_catastrophic,42,209,1,1,0,0,success,success
lateral,D0,d0_catastrophic,42,210,1,1,0,0,success,success
lateral,D0,d0_catastrophic,42,211,1,1,0,0,success,success
lateral,D0,d0_catastrophic,42,212,1,1,0,0,success,success
lateral,D0,d0_catastrophic,42,213,1,1,0,0,success,success
lateral,D0,d0_catastrophic,42,214,1,1,0,0,success,success
lateral,D0,d0_catastrophic,42,215,1,1,0,0,success,success
lateral,D0,d0_catastrophic,42,216,1,1,0,0,success,success
lateral,D0,d0_catastrophic,42,217,1,1,0,0,success,success
lateral,D0,d0_catastrophic,42,218,1,1,0,0,success,success
lateral,D0,d0_catastrophic,42,219,1,1,0,0,success,success
lateral,D0,d0_catastrophic,42,220,1,1,0,0,success,success
lateral,D0,d0_catastrophic,42,221,1,1,0,0,success,success
lateral,D0,d0_catastrophic,42,222,1,1,0,0,success,success
lateral,D0,d0_catastrophic,42,223,1,1,0,0,success,success
lateral,D0,d0_catastrophic,42,224,1,1,0,0,success,success
lateral,D0,d0_catastrophic,42,225,1,1,0,0,success,success
lateral,D0,d0_catastrophic,42,226,1,1,0,0,success,success
lateral,D0,d0_catastrophic,42,227,1,1,0,0,success,success
lateral,D0,d0_catastrophic,42,228,1,1,0,0,success,success
lateral,D0,d0_catastrophic,42,229,1,1,0,0,success,success
lateral,D0,d0_catastrophic,42,230,1,1,0,0,success,success
lateral,D0,d0_catastrophic,42,231,1,1,0,0,success,success
lateral,D0,d0_catastrophic,42,232,1,1,0,0,success,success
lateral,D0,d0_catastrophic,42,233,1,1,0,0,success,success
lateral,D0,d0_catastrophic,42,234,1,1,0,0,success,success
lateral,D0,d0_catastrophic,42,235,1,1,0,0,success,success
lateral,D0,d0_catastrophic,42,236,1,1,0,0,success,success
lateral,D0,d0_catastrophic,42,237,1,1,0,0,success,success
lateral,D0,d0_catastrophic,42,238,1,1,0,0,success,success
lateral,D0,d0_catastrophic,42,239,1,1,0,0,success,success
lateral,D0,d0_catastrophic,42,240,1,1,0,0,success,success
lateral,D0,d0_catastrophic,42,241,1,1,0,0,success,success
lateral,D0,d0_catastrophic,42,242,1,1,0,0,success,success
lateral,D0,d0_catastrophic,42,243,1,1,0,0,success,success
lateral,D0,d0_catastrophic,42,244,1,1,0,0,success,success
lateral,D0,d0_catastrophic,42,245,1,0,0,0,success,timeout_or_other_nonfall
lateral,D0,d0_catastrophic,42,246,1,0,0,0,success,timeout_or_other_nonfall
lateral,D0,d0_catastrophic,42,247,1,0,0,0,success,timeout_or_other_nonfall
lateral,D0,d0_catastrophic,42,248,0,0,0,0,timeout_or_other_nonfall,timeout_or_other_nonfall
lateral,D0,d0_catastrophic,42,249,0,0,0,0,timeout_or_other_nonfall,timeout_or_other_nonfall
lateral,D0,d0_catastrophic,42,250,0,0,0,0,timeout_or_other_nonfall,timeout_or_other_nonfall
lateral,D0,d0_catastrophic,42,251,0,0,0,0,timeout_or_other_nonfall,timeout_or_other_nonfall
lateral,D0,d0_catastrophic,42,252,0,0,0,0,timeout_or_other_nonfall,timeout_or_other_nonfall
lateral,D0,d0_catastrophic,42,253,0,0,0,0,timeout_or_other_nonfall,timeout_or_other_nonfall
lateral,D0,d0_catastrophic,42,254,0,0,0,0,timeout_or_other_nonfall,timeout_or_other_nonfall
lateral,D0,d0_catastrophic,42,255,0,0,0,0,timeout_or_other_nonfall,timeout_or_other_nonfall
lateral,lateral,diagonal_primary,142,0,0,0,1,1,lateral_heading_drift,non_lateral_high_cbf_demand
lateral,lateral,diagonal_primary,142,1,0,0,1,1,non_lateral_balance_or_phase,lateral_heading_drift
lateral,lateral,diagonal_primary,142,2,0,0,1,1,non_lateral_balance_or_phase,non_lateral_high_cbf_demand
lateral,lateral,diagonal_primary,142,3,0,0,1,1,lateral_heading_drift,lateral_heading_drift
lateral,lateral,diagonal_primary,142,4,0,0,1,1,lateral_heading_drift,non_lateral_balance_or_phase
lateral,lateral,diagonal_primary,142,5,0,0,1,1,lateral_heading_drift,lateral_heading_drift
lateral,lateral,diagonal_primary,142,6,0,0,1,1,lateral_heading_drift,lateral_heading_drift
lateral,lateral,diagonal_primary,142,7,0,0,1,1,lateral_heading_drift,lateral_heading_drift
lateral,lateral,diagonal_primary,142,8,0,1,1,0,lateral_heading_drift,success
lateral,lateral,diagonal_primary,142,9,1,1,0,0,success,success
lateral,lateral,diagonal_primary,142,10,0,1,1,0,non_lateral_high_cbf_demand,success
lateral,lateral,diagonal_primary,142,11,1,1,0,0,success,success
lateral,lateral,diagonal_primary,142,12,0,0,1,1,lateral_heading_drift,lateral_heading_drift
lateral,lateral,diagonal_primary,142,13,1,0,0,1,success,lateral_heading_drift
lateral,lateral,diagonal_primary,142,14,1,0,0,1,success,lateral_heading_drift
lateral,lateral,diagonal_primary,142,15,0,1,1,0,lateral_heading_drift,success
lateral,lateral,diagonal_primary,142,16,0,1,1,0,lateral_heading_drift,success
lateral,lateral,diagonal_primary,142,17,1,1,0,0,success,success
lateral,lateral,diagonal_primary,142,18,0,0,1,1,lateral_heading_drift,lateral_heading_drift
lateral,lateral,diagonal_primary,142,19,0,1,1,0,lateral_heading_drift,success
lateral,lateral,diagonal_primary,142,20,1,0,0,1,success,lateral_heading_drift
lateral,lateral,diagonal_primary,142,21,0,0,1,1,lateral_heading_drift,lateral_heading_drift
lateral,lateral,diagonal_primary,142,22,1,0,0,1,success,lateral_heading_drift
lateral,lateral,diagonal_primary,142,23,1,1,0,0,success,success
lateral,lateral,diagonal_primary,142,24,0,1,1,0,lateral_heading_drift,success
lateral,lateral,diagonal_primary,142,25,0,0,1,1,lateral_heading_drift,lateral_heading_drift
lateral,lateral,diagonal_primary,142,26,1,1,0,0,success,success
lateral,lateral,diagonal_primary,142,27,0,0,1,1,lateral_heading_drift,lateral_heading_drift
lateral,lateral,diagonal_primary,142,28,1,1,0,0,success,success
lateral,lateral,diagonal_primary,142,29,1,1,0,0,success,success
lateral,lateral,diagonal_primary,142,30,0,1,1,0,lateral_heading_drift,success
lateral,lateral,diagonal_primary,142,31,1,0,0,1,success,lateral_heading_drift
lateral,lateral,diagonal_primary,142,32,0,1,1,0,lateral_heading_drift,success
lateral,lateral,diagonal_primary,142,33,1,1,0,0,success,success
lateral,lateral,diagonal_primary,142,34,1,1,0,0,success,success
lateral,lateral,diagonal_primary,142,35,1,1,0,0,success,success
lateral,lateral,diagonal_primary,142,36,1,1,0,0,success,success
lateral,lateral,diagonal_primary,142,37,1,1,0,0,success,success
lateral,lateral,diagonal_primary,142,38,1,1,0,0,success,success
lateral,lateral,diagonal_primary,142,39,1,1,0,0,success,success
lateral,lateral,diagonal_primary,142,40,1,1,0,0,success,success
lateral,lateral,diagonal_primary,142,41,1,1,0,0,success,success
lateral,lateral,diagonal_primary,142,42,1,1,0,0,success,success
lateral,lateral,diagonal_primary,142,43,1,1,0,0,success,success
lateral,lateral,diagonal_primary,142,44,1,0,0,1,success,lateral_heading_drift
lateral,lateral,diagonal_primary,142,45,1,1,0,0,success,success
lateral,lateral,diagonal_primary,142,46,1,1,0,0,success,success
lateral,lateral,diagonal_primary,142,47,1,1,0,0,success,success
lateral,lateral,diagonal_primary,142,48,1,0,0,1,success,lateral_heading_drift
lateral,lateral,diagonal_primary,142,49,1,1,0,0,success,success
lateral,lateral,diagonal_primary,142,50,1,1,0,0,success,success
lateral,lateral,diagonal_primary,142,51,1,1,0,0,success,success
lateral,lateral,diagonal_primary,142,52,0,1,1,0,lateral_heading_drift,success
lateral,lateral,diagonal_primary,142,53,1,0,0,1,success,lateral_heading_drift
lateral,lateral,diagonal_primary,142,54,1,0,0,1,success,lateral_heading_drift
lateral,lateral,diagonal_primary,142,55,0,1,1,0,lateral_heading_drift,success
lateral,lateral,diagonal_primary,142,56,0,1,1,0,lateral_heading_drift,success
lateral,lateral,diagonal_primary,142,57,1,1,0,0,success,success
lateral,lateral,diagonal_primary,142,58,0,1,1,0,lateral_heading_drift,success
lateral,lateral,diagonal_primary,142,59,0,1,1,0,lateral_heading_drift,success
lateral,lateral,diagonal_primary,142,60,1,1,0,0,success,success
lateral,lateral,diagonal_primary,142,61,0,1,1,0,lateral_heading_drift,success
lateral,lateral,diagonal_primary,142,62,0,1,1,0,lateral_heading_drift,success
lateral,lateral,diagonal_primary,142,63,1,1,0,0,success,success
lateral,lateral,diagonal_primary,142,64,1,1,0,0,success,success
lateral,lateral,diagonal_primary,142,65,1,1,0,0,success,success
lateral,lateral,diagonal_primary,142,66,1,1,0,0,success,success
lateral,lateral,diagonal_primary,142,67,1,1,0,0,success,success
lateral,lateral,diagonal_primary,142,68,1,1,0,0,success,success
lateral,lateral,diagonal_primary,142,69,1,1,0,0,success,success
lateral,lateral,diagonal_primary,142,70,1,1,0,0,success,success
lateral,lateral,diagonal_primary,142,71,1,1,0,0,success,success
lateral,lateral,diagonal_primary,142,72,1,1,0,0,success,success
lateral,lateral,diagonal_primary,142,73,1,0,0,1,success,lateral_heading_drift
lateral,lateral,diagonal_primary,142,74,1,1,0,0,success,success
lateral,lateral,diagonal_primary,142,75,1,1,0,0,success,success
lateral,lateral,diagonal_primary,142,76,1,1,0,0,success,success
lateral,lateral,diagonal_primary,142,77,1,1,0,0,success,success
lateral,lateral,diagonal_primary,142,78,1,1,0,0,success,success
lateral,lateral,diagonal_primary,142,79,1,1,0,0,success,success
lateral,lateral,diagonal_primary,142,80,1,1,0,0,success,success
lateral,lateral,diagonal_primary,142,81,1,1,0,0,success,success
lateral,lateral,diagonal_primary,142,82,1,1,0,0,success,success
lateral,lateral,diagonal_primary,142,83,1,1,0,0,success,success
lateral,lateral,diagonal_primary,142,84,1,1,0,0,success,success
lateral,lateral,diagonal_primary,142,85,1,1,0,0,success,success
lateral,lateral,diagonal_primary,142,86,1,1,0,0,success,success
lateral,lateral,diagonal_primary,142,87,1,1,0,0,success,success
lateral,lateral,diagonal_primary,142,88,1,1,0,0,success,success
lateral,lateral,diagonal_primary,142,89,1,1,0,0,success,success
lateral,lateral,diagonal_primary,142,90,1,1,0,0,success,success
lateral,lateral,diagonal_primary,142,91,1,1,0,0,success,success
lateral,lateral,diagonal_primary,142,92,1,1,0,0,success,success
lateral,lateral,diagonal_primary,142,93,0,1,1,0,lateral_heading_drift,success
lateral,lateral,diagonal_primary,142,94,1,1,0,0,success,success
lateral,lateral,diagonal_primary,142,95,0,1,1,0,lateral_heading_drift,success
lateral,lateral,diagonal_primary,142,96,1,1,0,0,success,success
lateral,lateral,diagonal_primary,142,97,1,1,0,0,success,success
lateral,lateral,diagonal_primary,142,98,1,1,0,0,success,success
lateral,lateral,diagonal_primary,142,99,1,1,0,0,success,success
lateral,lateral,diagonal_primary,142,100,1,1,0,0,success,success
lateral,lateral,diagonal_primary,142,101,1,1,0,0,success,success
lateral,lateral,diagonal_primary,142,102,1,1,0,0,success,success
lateral,lateral,diagonal_primary,142,103,1,0,0,1,success,lateral_heading_drift
lateral,lateral,diagonal_primary,142,104,1,1,0,0,success,success
lateral,lateral,diagonal_primary,142,105,1,1,0,0,success,success
lateral,lateral,diagonal_primary,142,106,1,0,0,1,success,lateral_heading_drift
lateral,lateral,diagonal_primary,142,107,0,1,1,0,lateral_heading_drift,success
lateral,lateral,diagonal_primary,142,108,1,1,0,0,success,success
lateral,lateral,diagonal_primary,142,109,1,1,0,0,success,success
lateral,lateral,diagonal_primary,142,110,1,1,0,0,success,success
lateral,lateral,diagonal_primary,142,111,1,1,0,0,success,success
lateral,lateral,diagonal_primary,142,112,1,1,0,0,success,success
lateral,lateral,diagonal_primary,142,113,1,1,0,0,success,success
lateral,lateral,diagonal_primary,142,114,1,1,0,0,success,success
lateral,lateral,diagonal_primary,142,115,1,1,0,0,success,success
lateral,lateral,diagonal_primary,142,116,1,1,0,0,success,success
lateral,lateral,diagonal_primary,142,117,1,1,0,0,success,success
lateral,lateral,diagonal_primary,142,118,1,1,0,0,success,success
lateral,lateral,diagonal_primary,142,119,1,1,0,0,success,success
lateral,lateral,diagonal_primary,142,120,1,1,0,0,success,success
lateral,lateral,diagonal_primary,142,121,1,1,0,0,success,success
lateral,lateral,diagonal_primary,142,122,1,1,0,0,success,success
lateral,lateral,diagonal_primary,142,123,1,1,0,0,success,success
lateral,lateral,diagonal_primary,142,124,1,1,0,0,success,success
lateral,lateral,diagonal_primary,142,125,1,1,0,0,success,success
lateral,lateral,diagonal_primary,142,126,1,1,0,0,success,success
lateral,lateral,diagonal_primary,142,127,1,1,0,0,success,success
lateral,lateral,diagonal_primary,142,128,0,0,1,1,lateral_heading_drift,non_lateral_balance_or_phase
lateral,lateral,diagonal_primary,142,129,0,0,1,1,non_lateral_balance_or_phase,non_lateral_high_cbf_demand
lateral,lateral,diagonal_primary,142,130,0,0,1,1,non_lateral_balance_or_phase,non_lateral_high_cbf_demand
lateral,lateral,diagonal_primary,142,131,0,0,1,1,non_lateral_high_cbf_demand,lateral_heading_drift
lateral,lateral,diagonal_primary,142,132,0,0,1,1,non_lateral_high_cbf_demand,lateral_heading_drift
lateral,lateral,diagonal_primary,142,133,0,0,1,1,non_lateral_high_cbf_demand,lateral_heading_drift
lateral,lateral,diagonal_primary,142,134,0,0,1,1,lateral_heading_drift,lateral_heading_drift
lateral,lateral,diagonal_primary,142,135,0,1,1,0,non_lateral_balance_or_phase,success
lateral,lateral,diagonal_primary,142,136,1,0,0,1,success,lateral_heading_drift
lateral,lateral,diagonal_primary,142,137,1,1,0,0,success,success
lateral,lateral,diagonal_primary,142,138,1,0,0,1,success,lateral_heading_drift
lateral,lateral,diagonal_primary,142,139,1,1,0,0,success,success
lateral,lateral,diagonal_primary,142,140,0,1,1,0,lateral_heading_drift,success
lateral,lateral,diagonal_primary,142,141,0,1,1,0,lateral_heading_drift,success
lateral,lateral,diagonal_primary,142,142,0,0,1,1,lateral_heading_drift,lateral_heading_drift
lateral,lateral,diagonal_primary,142,143,1,1,0,0,success,success
lateral,lateral,diagonal_primary,142,144,0,0,1,1,lateral_heading_drift,lateral_heading_drift
lateral,lateral,diagonal_primary,142,145,0,0,1,1,lateral_heading_drift,lateral_heading_drift
lateral,lateral,diagonal_primary,142,146,0,0,1,1,lateral_heading_drift,lateral_heading_drift
lateral,lateral,diagonal_primary,142,147,0,1,1,0,lateral_heading_drift,success
lateral,lateral,diagonal_primary,142,148,0,1,1,0,lateral_heading_drift,success
lateral,lateral,diagonal_primary,142,149,1,1,0,0,success,success
lateral,lateral,diagonal_primary,142,150,1,1,0,0,success,success
lateral,lateral,diagonal_primary,142,151,1,1,0,0,success,success
lateral,lateral,diagonal_primary,142,152,1,1,0,0,success,success
lateral,lateral,diagonal_primary,142,153,0,1,1,0,lateral_heading_drift,success
lateral,lateral,diagonal_primary,142,154,1,1,0,0,success,success
lateral,lateral,diagonal_primary,142,155,1,1,0,0,success,success
lateral,lateral,diagonal_primary,142,156,1,1,0,0,success,success
lateral,lateral,diagonal_primary,142,157,1,1,0,0,success,success
lateral,lateral,diagonal_primary,142,158,1,1,0,0,success,success
lateral,lateral,diagonal_primary,142,159,1,1,0,0,success,success
lateral,lateral,diagonal_primary,142,160,1,1,0,0,success,success
lateral,lateral,diagonal_primary,142,161,1,1,0,0,success,success
lateral,lateral,diagonal_primary,142,162,1,1,0,0,success,success
lateral,lateral,diagonal_primary,142,163,1,1,0,0,success,success
lateral,lateral,diagonal_primary,142,164,1,1,0,0,success,success
lateral,lateral,diagonal_primary,142,165,1,1,0,0,success,success
lateral,lateral,diagonal_primary,142,166,0,1,1,0,lateral_heading_drift,success
lateral,lateral,diagonal_primary,142,167,1,1,0,0,success,success
lateral,lateral,diagonal_primary,142,168,1,1,0,0,success,success
lateral,lateral,diagonal_primary,142,169,1,1,0,0,success,success
lateral,lateral,diagonal_primary,142,170,1,1,0,0,success,success
lateral,lateral,diagonal_primary,142,171,1,1,0,0,success,success
lateral,lateral,diagonal_primary,142,172,1,1,0,0,success,success
lateral,lateral,diagonal_primary,142,173,0,1,1,0,lateral_heading_drift,success
lateral,lateral,diagonal_primary,142,174,1,1,0,0,success,success
lateral,lateral,diagonal_primary,142,175,1,1,0,0,success,success
lateral,lateral,diagonal_primary,142,176,1,1,0,0,success,success
lateral,lateral,diagonal_primary,142,177,1,0,0,1,success,lateral_heading_drift
lateral,lateral,diagonal_primary,142,178,0,1,1,0,lateral_heading_drift,success
lateral,lateral,diagonal_primary,142,179,1,1,0,0,success,success
lateral,lateral,diagonal_primary,142,180,1,0,0,1,success,lateral_heading_drift
lateral,lateral,diagonal_primary,142,181,1,1,0,0,success,success
lateral,lateral,diagonal_primary,142,182,1,0,0,1,success,lateral_heading_drift
lateral,lateral,diagonal_primary,142,183,1,0,0,1,success,lateral_heading_drift
lateral,lateral,diagonal_primary,142,184,1,1,0,0,success,success
lateral,lateral,diagonal_primary,142,185,1,1,0,0,success,success
lateral,lateral,diagonal_primary,142,186,1,0,0,1,success,lateral_heading_drift
lateral,lateral,diagonal_primary,142,187,1,0,0,1,success,lateral_heading_drift
lateral,lateral,diagonal_primary,142,188,1,1,0,0,success,success
lateral,lateral,diagonal_primary,142,189,1,1,0,0,success,success
lateral,lateral,diagonal_primary,142,190,1,1,0,0,success,success
lateral,lateral,diagonal_primary,142,191,1,1,0,0,success,success
lateral,lateral,diagonal_primary,142,192,1,1,0,0,success,success
lateral,lateral,diagonal_primary,142,193,1,1,0,0,success,success
lateral,lateral,diagonal_primary,142,194,0,1,1,0,lateral_heading_drift,success
lateral,lateral,diagonal_primary,142,195,1,1,0,0,success,success
lateral,lateral,diagonal_primary,142,196,1,1,0,0,success,success
lateral,lateral,diagonal_primary,142,197,1,1,0,0,success,success
lateral,lateral,diagonal_primary,142,198,1,1,0,0,success,success
lateral,lateral,diagonal_primary,142,199,1,1,0,0,success,success
lateral,lateral,diagonal_primary,142,200,1,1,0,0,success,success
lateral,lateral,diagonal_primary,142,201,1,1,0,0,success,success
lateral,lateral,diagonal_primary,142,202,1,1,0,0,success,success
lateral,lateral,diagonal_primary,142,203,1,1,0,0,success,success
lateral,lateral,diagonal_primary,142,204,1,1,0,0,success,success
lateral,lateral,diagonal_primary,142,205,1,1,0,0,success,success
lateral,lateral,diagonal_primary,142,206,1,1,0,0,success,success
lateral,lateral,diagonal_primary,142,207,1,1,0,0,success,success
lateral,lateral,diagonal_primary,142,208,1,1,0,0,success,success
lateral,lateral,diagonal_primary,142,209,1,1,0,0,success,success
lateral,lateral,diagonal_primary,142,210,1,1,0,0,success,success
lateral,lateral,diagonal_primary,142,211,1,1,0,0,success,success
lateral,lateral,diagonal_primary,142,212,1,1,0,0,success,success
lateral,lateral,diagonal_primary,142,213,1,1,0,0,success,success
lateral,lateral,diagonal_primary,142,214,1,1,0,0,success,success
lateral,lateral,diagonal_primary,142,215,1,1,0,0,success,success
lateral,lateral,diagonal_primary,142,216,1,1,0,0,success,success
lateral,lateral,diagonal_primary,142,217,1,1,0,0,success,success
lateral,lateral,diagonal_primary,142,218,0,1,1,0,lateral_heading_drift,success
lateral,lateral,diagonal_primary,142,219,1,1,0,0,success,success
lateral,lateral,diagonal_primary,142,220,1,1,0,0,success,success
lateral,lateral,diagonal_primary,142,221,1,1,0,0,success,success
lateral,lateral,diagonal_primary,142,222,0,1,1,0,lateral_heading_drift,success
lateral,lateral,diagonal_primary,142,223,1,1,0,0,success,success
lateral,lateral,diagonal_primary,142,224,1,1,0,0,success,success
lateral,lateral,diagonal_primary,142,225,1,0,0,1,success,lateral_heading_drift
lateral,lateral,diagonal_primary,142,226,1,1,0,0,success,success
lateral,lateral,diagonal_primary,142,227,1,1,0,0,success,success
lateral,lateral,diagonal_primary,142,228,1,1,0,0,success,success
lateral,lateral,diagonal_primary,142,229,1,1,0,0,success,success
lateral,lateral,diagonal_primary,142,230,1,0,0,1,success,lateral_heading_drift
lateral,lateral,diagonal_primary,142,231,1,1,0,0,success,success
lateral,lateral,diagonal_primary,142,232,1,1,0,0,success,success
lateral,lateral,diagonal_primary,142,233,1,0,0,1,success,lateral_heading_drift
lateral,lateral,diagonal_primary,142,234,1,0,0,1,success,lateral_heading_drift
lateral,lateral,diagonal_primary,142,235,1,1,0,0,success,success
lateral,lateral,diagonal_primary,142,236,1,1,0,0,success,success
lateral,lateral,diagonal_primary,142,237,1,1,0,0,success,success
lateral,lateral,diagonal_primary,142,238,1,1,0,0,success,success
lateral,lateral,diagonal_primary,142,239,1,1,0,0,success,success
lateral,lateral,diagonal_primary,142,240,1,1,0,0,success,success
lateral,lateral,diagonal_primary,142,241,1,1,0,0,success,success
lateral,lateral,diagonal_primary,142,242,1,1,0,0,success,success
lateral,lateral,diagonal_primary,142,243,0,1,1,0,lateral_heading_drift,success
lateral,lateral,diagonal_primary,142,244,0,1,1,0,lateral_heading_drift,success
lateral,lateral,diagonal_primary,142,245,0,1,1,0,lateral_heading_drift,success
lateral,lateral,diagonal_primary,142,246,1,0,0,1,success,lateral_heading_drift
lateral,lateral,diagonal_primary,142,247,1,1,0,0,success,success
lateral,lateral,diagonal_primary,142,248,1,1,0,0,success,success
lateral,lateral,diagonal_primary,142,249,1,1,0,0,success,success
lateral,lateral,diagonal_primary,142,250,1,1,0,0,success,success
lateral,lateral,diagonal_primary,142,251,1,1,0,0,success,success
lateral,lateral,diagonal_primary,142,252,1,1,0,0,success,success
lateral,lateral,diagonal_primary,142,253,1,1,0,0,success,success
lateral,lateral,diagonal_primary,142,254,0,1,1,0,lateral_heading_drift,success
lateral,lateral,diagonal_primary,142,255,1,1,0,0,success,success
lateral,lateral,diagonal_primary,142,256,0,0,1,1,non_lateral_balance_or_phase,non_lateral_high_cbf_demand
lateral,lateral,diagonal_primary,142,257,0,0,1,1,lateral_heading_drift,non_lateral_high_cbf_demand
lateral,lateral,diagonal_primary,142,258,0,0,1,1,lateral_heading_drift,non_lateral_balance_or_phase
lateral,lateral,diagonal_primary,142,259,0,0,1,1,non_lateral_high_cbf_demand,non_lateral_high_cbf_demand
lateral,lateral,diagonal_primary,142,260,0,0,1,1,lateral_heading_drift,lateral_heading_drift
lateral,lateral,diagonal_primary,142,261,0,0,1,1,non_lateral_high_cbf_demand,lateral_heading_drift
lateral,lateral,diagonal_primary,142,262,0,0,1,1,lateral_heading_drift,lateral_heading_drift
lateral,lateral,diagonal_primary,142,263,0,0,1,1,lateral_heading_drift,lateral_heading_drift
lateral,lateral,diagonal_primary,142,264,0,0,1,1,lateral_heading_drift,lateral_heading_drift
lateral,lateral,diagonal_primary,142,265,1,0,0,1,success,non_lateral_balance_or_phase
lateral,lateral,diagonal_primary,142,266,0,0,1,1,lateral_heading_drift,lateral_heading_drift
lateral,lateral,diagonal_primary,142,267,0,0,1,1,lateral_heading_drift,non_lateral_high_cbf_demand
lateral,lateral,diagonal_primary,142,268,0,0,1,1,lateral_heading_drift,non_lateral_high_cbf_demand
lateral,lateral,diagonal_primary,142,269,1,0,0,1,success,non_lateral_balance_or_phase
lateral,lateral,diagonal_primary,142,270,0,0,1,1,lateral_heading_drift,lateral_heading_drift
lateral,lateral,diagonal_primary,142,271,1,0,0,1,success,lateral_heading_drift
lateral,lateral,diagonal_primary,142,272,0,0,1,1,lateral_heading_drift,lateral_heading_drift
lateral,lateral,diagonal_primary,142,273,1,0,0,1,success,lateral_heading_drift
lateral,lateral,diagonal_primary,142,274,0,1,1,0,lateral_heading_drift,success
lateral,lateral,diagonal_primary,142,275,0,1,1,0,lateral_heading_drift,success
lateral,lateral,diagonal_primary,142,276,0,1,1,0,lateral_heading_drift,success
lateral,lateral,diagonal_primary,142,277,1,1,0,0,success,success
lateral,lateral,diagonal_primary,142,278,1,1,0,0,success,success
lateral,lateral,diagonal_primary,142,279,1,1,0,0,success,success
lateral,lateral,diagonal_primary,142,280,1,0,0,1,success,lateral_heading_drift
lateral,lateral,diagonal_primary,142,281,1,1,0,0,success,success
lateral,lateral,diagonal_primary,142,282,1,1,0,0,success,success
lateral,lateral,diagonal_primary,142,283,1,1,0,0,success,success
lateral,lateral,diagonal_primary,142,284,1,0,0,1,success,lateral_heading_drift
lateral,lateral,diagonal_primary,142,285,1,1,0,0,success,success
lateral,lateral,diagonal_primary,142,286,1,1,0,0,success,success
lateral,lateral,diagonal_primary,142,287,1,1,0,0,success,success
lateral,lateral,diagonal_primary,142,288,1,1,0,0,success,success
lateral,lateral,diagonal_primary,142,289,1,1,0,0,success,success
lateral,lateral,diagonal_primary,142,290,1,1,0,0,success,success
lateral,lateral,diagonal_primary,142,291,1,1,0,0,success,success
lateral,lateral,diagonal_primary,142,292,1,1,0,0,success,success
lateral,lateral,diagonal_primary,142,293,0,1,1,0,lateral_heading_drift,success
lateral,lateral,diagonal_primary,142,294,1,0,0,1,success,lateral_heading_drift
lateral,lateral,diagonal_primary,142,295,1,1,0,0,success,success
lateral,lateral,diagonal_primary,142,296,1,1,0,0,success,success
lateral,lateral,diagonal_primary,142,297,1,1,0,0,success,success
lateral,lateral,diagonal_primary,142,298,1,1,0,0,success,success
lateral,lateral,diagonal_primary,142,299,1,1,0,0,success,success
lateral,lateral,diagonal_primary,142,300,1,1,0,0,success,success
lateral,lateral,diagonal_primary,142,301,1,1,0,0,success,success
lateral,lateral,diagonal_primary,142,302,1,0,0,1,success,lateral_heading_drift
lateral,lateral,diagonal_primary,142,303,1,1,0,0,success,success
lateral,lateral,diagonal_primary,142,304,1,1,0,0,success,success
lateral,lateral,diagonal_primary,142,305,1,1,0,0,success,success
lateral,lateral,diagonal_primary,142,306,0,1,1,0,lateral_heading_drift,success
lateral,lateral,diagonal_primary,142,307,1,1,0,0,success,success
lateral,lateral,diagonal_primary,142,308,1,1,0,0,success,success
lateral,lateral,diagonal_primary,142,309,1,1,0,0,success,success
lateral,lateral,diagonal_primary,142,310,1,1,0,0,success,success
lateral,lateral,diagonal_primary,142,311,0,1,1,0,lateral_heading_drift,success
lateral,lateral,diagonal_primary,142,312,1,1,0,0,success,success
lateral,lateral,diagonal_primary,142,313,1,1,0,0,success,success
lateral,lateral,diagonal_primary,142,314,1,1,0,0,success,success
lateral,lateral,diagonal_primary,142,315,1,1,0,0,success,success
lateral,lateral,diagonal_primary,142,316,1,1,0,0,success,success
lateral,lateral,diagonal_primary,142,317,1,1,0,0,success,success
lateral,lateral,diagonal_primary,142,318,1,1,0,0,success,success
lateral,lateral,diagonal_primary,142,319,1,1,0,0,success,success
lateral,lateral,diagonal_primary,142,320,1,1,0,0,success,success
lateral,lateral,diagonal_primary,142,321,0,1,1,0,lateral_heading_drift,success
lateral,lateral,diagonal_primary,142,322,1,1,0,0,success,success
lateral,lateral,diagonal_primary,142,323,0,1,1,0,lateral_heading_drift,success
lateral,lateral,diagonal_primary,142,324,1,1,0,0,success,success
lateral,lateral,diagonal_primary,142,325,1,1,0,0,success,success
lateral,lateral,diagonal_primary,142,326,1,1,0,0,success,success
lateral,lateral,diagonal_primary,142,327,1,1,0,0,success,success
lateral,lateral,diagonal_primary,142,328,1,1,0,0,success,success
lateral,lateral,diagonal_primary,142,329,0,1,1,0,lateral_heading_drift,success
lateral,lateral,diagonal_primary,142,330,1,0,0,1,success,lateral_heading_drift
lateral,lateral,diagonal_primary,142,331,0,1,1,0,lateral_heading_drift,success
lateral,lateral,diagonal_primary,142,332,1,1,0,0,success,success
lateral,lateral,diagonal_primary,142,333,1,1,0,0,success,success
lateral,lateral,diagonal_primary,142,334,1,1,0,0,success,success
lateral,lateral,diagonal_primary,142,335,1,1,0,0,success,success
lateral,lateral,diagonal_primary,142,336,1,1,0,0,success,success
lateral,lateral,diagonal_primary,142,337,1,1,0,0,success,success
lateral,lateral,diagonal_primary,142,338,1,1,0,0,success,success
lateral,lateral,diagonal_primary,142,339,1,1,0,0,success,success
lateral,lateral,diagonal_primary,142,340,1,1,0,0,success,success
lateral,lateral,diagonal_primary,142,341,1,0,0,1,success,lateral_heading_drift
lateral,lateral,diagonal_primary,142,342,1,1,0,0,success,success
lateral,lateral,diagonal_primary,142,343,1,1,0,0,success,success
lateral,lateral,diagonal_primary,142,344,1,1,0,0,success,success
lateral,lateral,diagonal_primary,142,345,1,0,0,1,success,lateral_heading_drift
lateral,lateral,diagonal_primary,142,346,1,1,0,0,success,success
lateral,lateral,diagonal_primary,142,347,1,1,0,0,success,success
lateral,lateral,diagonal_primary,142,348,1,0,0,1,success,lateral_heading_drift
lateral,lateral,diagonal_primary,142,349,1,1,0,0,success,success
lateral,lateral,diagonal_primary,142,350,1,1,0,0,success,success
lateral,lateral,diagonal_primary,142,351,1,1,0,0,success,success
lateral,lateral,diagonal_primary,142,352,1,1,0,0,success,success
lateral,lateral,diagonal_primary,142,353,1,1,0,0,success,success
lateral,lateral,diagonal_primary,142,354,1,1,0,0,success,success
lateral,lateral,diagonal_primary,142,355,1,1,0,0,success,success
lateral,lateral,diagonal_primary,142,356,1,0,0,1,success,lateral_heading_drift
lateral,lateral,diagonal_primary,142,357,1,0,0,1,success,lateral_heading_drift
lateral,lateral,diagonal_primary,142,358,1,1,0,0,success,success
lateral,lateral,diagonal_primary,142,359,1,1,0,0,success,success
lateral,lateral,diagonal_primary,142,360,0,1,1,0,lateral_heading_drift,success
lateral,lateral,diagonal_primary,142,361,1,1,0,0,success,success
lateral,lateral,diagonal_primary,142,362,1,1,0,0,success,success
lateral,lateral,diagonal_primary,142,363,0,1,1,0,lateral_heading_drift,success
lateral,lateral,diagonal_primary,142,364,1,1,0,0,success,success
lateral,lateral,diagonal_primary,142,365,1,1,0,0,success,success
lateral,lateral,diagonal_primary,142,366,1,1,0,0,success,success
lateral,lateral,diagonal_primary,142,367,1,0,0,1,success,lateral_heading_drift
lateral,lateral,diagonal_primary,142,368,1,1,0,0,success,success
lateral,lateral,diagonal_primary,142,369,1,1,0,0,success,success
lateral,lateral,diagonal_primary,142,370,1,1,0,0,success,success
lateral,lateral,diagonal_primary,142,371,1,1,0,0,success,success
lateral,lateral,diagonal_primary,142,372,1,1,0,0,success,success
lateral,lateral,diagonal_primary,142,373,1,0,0,1,success,lateral_heading_drift
lateral,lateral,diagonal_primary,142,374,1,1,0,0,success,success
lateral,lateral,diagonal_primary,142,375,1,1,0,0,success,success
lateral,lateral,diagonal_primary,142,376,1,1,0,0,success,success
lateral,lateral,diagonal_primary,142,377,1,1,0,0,success,success
lateral,lateral,diagonal_primary,142,378,0,1,1,0,lateral_heading_drift,success
lateral,lateral,diagonal_primary,142,379,1,0,0,1,success,lateral_heading_drift
lateral,lateral,diagonal_primary,142,380,1,1,0,0,success,success
lateral,lateral,diagonal_primary,142,381,1,1,0,0,success,success
lateral,lateral,diagonal_primary,142,382,1,1,0,0,success,success
lateral,lateral,diagonal_primary,142,383,1,1,0,0,success,success
lateral,lateral,diagonal_primary,142,384,0,0,1,1,non_lateral_high_cbf_demand,lateral_heading_drift
lateral,lateral,diagonal_primary,142,385,0,0,1,1,lateral_heading_drift,lateral_heading_drift
lateral,lateral,diagonal_primary,142,386,0,0,1,1,non_lateral_high_cbf_demand,non_lateral_balance_or_phase
lateral,lateral,diagonal_primary,142,387,0,0,1,1,non_lateral_high_cbf_demand,lateral_heading_drift
lateral,lateral,diagonal_primary,142,388,0,0,1,1,non_lateral_high_cbf_demand,non_lateral_balance_or_phase
lateral,lateral,diagonal_primary,142,389,0,0,1,1,lateral_heading_drift,non_lateral_balance_or_phase
lateral,lateral,diagonal_primary,142,390,0,0,1,1,lateral_heading_drift,non_lateral_high_cbf_demand
lateral,lateral,diagonal_primary,142,391,0,0,1,1,non_lateral_high_cbf_demand,lateral_heading_drift
lateral,lateral,diagonal_primary,142,392,0,0,1,1,lateral_heading_drift,lateral_heading_drift
lateral,lateral,diagonal_primary,142,393,0,0,1,1,non_lateral_high_cbf_demand,lateral_heading_drift
lateral,lateral,diagonal_primary,142,394,0,0,1,1,lateral_heading_drift,lateral_heading_drift
lateral,lateral,diagonal_primary,142,395,0,0,1,1,non_lateral_high_cbf_demand,non_lateral_high_cbf_demand
lateral,lateral,diagonal_primary,142,396,0,1,1,0,lateral_heading_drift,success
lateral,lateral,diagonal_primary,142,397,1,0,0,1,success,lateral_heading_drift
lateral,lateral,diagonal_primary,142,398,1,1,0,0,success,success
lateral,lateral,diagonal_primary,142,399,1,1,0,0,success,success
lateral,lateral,diagonal_primary,142,400,1,1,0,0,success,success
lateral,lateral,diagonal_primary,142,401,1,1,0,0,success,success
lateral,lateral,diagonal_primary,142,402,1,0,0,1,success,lateral_heading_drift
lateral,lateral,diagonal_primary,142,403,1,1,0,0,success,success
lateral,lateral,diagonal_primary,142,404,1,1,0,0,success,success
lateral,lateral,diagonal_primary,142,405,1,1,0,0,success,success
lateral,lateral,diagonal_primary,142,406,1,1,0,0,success,success
lateral,lateral,diagonal_primary,142,407,1,1,0,0,success,success
lateral,lateral,diagonal_primary,142,408,1,1,0,0,success,success
lateral,lateral,diagonal_primary,142,409,0,1,1,0,lateral_heading_drift,success
lateral,lateral,diagonal_primary,142,410,0,1,1,0,lateral_heading_drift,success
lateral,lateral,diagonal_primary,142,411,1,1,0,0,success,success
lateral,lateral,diagonal_primary,142,412,1,1,0,0,success,success
lateral,lateral,diagonal_primary,142,413,1,1,0,0,success,success
lateral,lateral,diagonal_primary,142,414,1,1,0,0,success,success
lateral,lateral,diagonal_primary,142,415,1,1,0,0,success,success
lateral,lateral,diagonal_primary,142,416,1,1,0,0,success,success
lateral,lateral,diagonal_primary,142,417,1,1,0,0,success,success
lateral,lateral,diagonal_primary,142,418,1,1,0,0,success,success
lateral,lateral,diagonal_primary,142,419,1,1,0,0,success,success
lateral,lateral,diagonal_primary,142,420,0,1,1,0,lateral_heading_drift,success
lateral,lateral,diagonal_primary,142,421,1,1,0,0,success,success
lateral,lateral,diagonal_primary,142,422,1,1,0,0,success,success
lateral,lateral,diagonal_primary,142,423,1,1,0,0,success,success
lateral,lateral,diagonal_primary,142,424,1,1,0,0,success,success
lateral,lateral,diagonal_primary,142,425,1,1,0,0,success,success
lateral,lateral,diagonal_primary,142,426,1,1,0,0,success,success
lateral,lateral,diagonal_primary,142,427,1,1,0,0,success,success
lateral,lateral,diagonal_primary,142,428,1,1,0,0,success,success
lateral,lateral,diagonal_primary,142,429,1,1,0,0,success,success
lateral,lateral,diagonal_primary,142,430,0,1,1,0,lateral_heading_drift,success
lateral,lateral,diagonal_primary,142,431,1,1,0,0,success,success
lateral,lateral,diagonal_primary,142,432,0,1,1,0,lateral_heading_drift,success
lateral,lateral,diagonal_primary,142,433,1,0,0,1,success,lateral_heading_drift
lateral,lateral,diagonal_primary,142,434,1,1,0,0,success,success
lateral,lateral,diagonal_primary,142,435,1,1,0,0,success,success
lateral,lateral,diagonal_primary,142,436,1,0,0,1,success,lateral_heading_drift
lateral,lateral,diagonal_primary,142,437,1,0,0,1,success,lateral_heading_drift
lateral,lateral,diagonal_primary,142,438,0,1,1,0,lateral_heading_drift,success
lateral,lateral,diagonal_primary,142,439,1,1,0,0,success,success
lateral,lateral,diagonal_primary,142,440,1,1,0,0,success,success
lateral,lateral,diagonal_primary,142,441,1,1,0,0,success,success
lateral,lateral,diagonal_primary,142,442,1,1,0,0,success,success
lateral,lateral,diagonal_primary,142,443,1,0,0,1,success,lateral_heading_drift
lateral,lateral,diagonal_primary,142,444,1,1,0,0,success,success
lateral,lateral,diagonal_primary,142,445,1,1,0,0,success,success
lateral,lateral,diagonal_primary,142,446,1,1,0,0,success,success
lateral,lateral,diagonal_primary,142,447,1,1,0,0,success,success
lateral,lateral,diagonal_primary,142,448,1,1,0,0,success,success
lateral,lateral,diagonal_primary,142,449,1,1,0,0,success,success
lateral,lateral,diagonal_primary,142,450,1,1,0,0,success,success
lateral,lateral,diagonal_primary,142,451,1,1,0,0,success,success
lateral,lateral,diagonal_primary,142,452,1,1,0,0,success,success
lateral,lateral,diagonal_primary,142,453,1,1,0,0,success,success
lateral,lateral,diagonal_primary,142,454,1,1,0,0,success,success
lateral,lateral,diagonal_primary,142,455,0,1,1,0,lateral_heading_drift,success
lateral,lateral,diagonal_primary,142,456,1,1,0,0,success,success
lateral,lateral,diagonal_primary,142,457,1,1,0,0,success,success
lateral,lateral,diagonal_primary,142,458,1,1,0,0,success,success
lateral,lateral,diagonal_primary,142,459,0,1,1,0,lateral_heading_drift,success
lateral,lateral,diagonal_primary,142,460,1,1,0,0,success,success
lateral,lateral,diagonal_primary,142,461,1,1,0,0,success,success
lateral,lateral,diagonal_primary,142,462,0,1,1,0,lateral_heading_drift,success
lateral,lateral,diagonal_primary,142,463,1,1,0,0,success,success
lateral,lateral,diagonal_primary,142,464,1,1,0,0,success,success
lateral,lateral,diagonal_primary,142,465,1,1,0,0,success,success
lateral,lateral,diagonal_primary,142,466,1,1,0,0,success,success
lateral,lateral,diagonal_primary,142,467,1,1,0,0,success,success
lateral,lateral,diagonal_primary,142,468,1,1,0,0,success,success
lateral,lateral,diagonal_primary,142,469,1,0,0,1,success,lateral_heading_drift
lateral,lateral,diagonal_primary,142,470,1,1,0,0,success,success
lateral,lateral,diagonal_primary,142,471,1,1,0,0,success,success
lateral,lateral,diagonal_primary,142,472,1,1,0,0,success,success
lateral,lateral,diagonal_primary,142,473,1,1,0,0,success,success
lateral,lateral,diagonal_primary,142,474,1,1,0,0,success,success
lateral,lateral,diagonal_primary,142,475,1,1,0,0,success,success
lateral,lateral,diagonal_primary,142,476,1,1,0,0,success,success
lateral,lateral,diagonal_primary,142,477,0,1,1,0,lateral_heading_drift,success
lateral,lateral,diagonal_primary,142,478,1,1,0,0,success,success
lateral,lateral,diagonal_primary,142,479,0,1,1,0,lateral_heading_drift,success
lateral,lateral,diagonal_primary,142,480,1,1,0,0,success,success
lateral,lateral,diagonal_primary,142,481,1,1,0,0,success,success
lateral,lateral,diagonal_primary,142,482,1,1,0,0,success,success
lateral,lateral,diagonal_primary,142,483,1,0,0,1,success,lateral_heading_drift
lateral,lateral,diagonal_primary,142,484,1,1,0,0,success,success
lateral,lateral,diagonal_primary,142,485,1,1,0,0,success,success
lateral,lateral,diagonal_primary,142,486,1,1,0,0,success,success
lateral,lateral,diagonal_primary,142,487,1,1,0,0,success,success
lateral,lateral,diagonal_primary,142,488,0,1,1,0,lateral_heading_drift,success
lateral,lateral,diagonal_primary,142,489,1,1,0,0,success,success
lateral,lateral,diagonal_primary,142,490,0,1,1,0,lateral_heading_drift,success
lateral,lateral,diagonal_primary,142,491,1,1,0,0,success,success
lateral,lateral,diagonal_primary,142,492,1,1,0,0,success,success
lateral,lateral,diagonal_primary,142,493,1,1,0,0,success,success
lateral,lateral,diagonal_primary,142,494,1,1,0,0,success,success
lateral,lateral,diagonal_primary,142,495,1,1,0,0,success,success
lateral,lateral,diagonal_primary,142,496,1,1,0,0,success,success
lateral,lateral,diagonal_primary,142,497,1,1,0,0,success,success
lateral,lateral,diagonal_primary,142,498,1,1,0,0,success,success
lateral,lateral,diagonal_primary,142,499,1,1,0,0,success,success
lateral,lateral,diagonal_primary,142,500,1,1,0,0,success,success
lateral,lateral,diagonal_primary,142,501,1,1,0,0,success,success
lateral,lateral,diagonal_primary,142,502,1,1,0,0,success,success
lateral,lateral,diagonal_primary,142,503,1,1,0,0,success,success
lateral,lateral,diagonal_primary,142,504,1,1,0,0,success,success
lateral,lateral,diagonal_primary,142,505,1,0,0,1,success,lateral_heading_drift
lateral,lateral,diagonal_primary,142,506,1,1,0,0,success,success
lateral,lateral,diagonal_primary,142,507,1,1,0,0,success,success
lateral,lateral,diagonal_primary,142,508,1,0,0,1,success,lateral_heading_drift
lateral,lateral,diagonal_primary,142,509,1,0,0,1,success,lateral_heading_drift
lateral,lateral,diagonal_primary,142,510,1,1,0,0,success,success
lateral,lateral,diagonal_primary,142,511,1,0,0,1,success,lateral_heading_drift
lateral,cbf,off_diagonal_report_only,142,0,0,0,1,1,non_lateral_high_cbf_demand,non_lateral_high_cbf_demand
lateral,cbf,off_diagonal_report_only,142,1,0,0,1,1,non_lateral_high_cbf_demand,non_lateral_high_cbf_demand
lateral,cbf,off_diagonal_report_only,142,2,0,0,1,1,non_lateral_high_cbf_demand,non_lateral_high_cbf_demand
lateral,cbf,off_diagonal_report_only,142,3,0,0,1,1,non_lateral_high_cbf_demand,non_lateral_high_cbf_demand
lateral,cbf,off_diagonal_report_only,142,4,0,0,1,1,non_lateral_high_cbf_demand,non_lateral_high_cbf_demand
lateral,cbf,off_diagonal_report_only,142,5,0,0,1,1,non_lateral_high_cbf_demand,non_lateral_high_cbf_demand
lateral,cbf,off_diagonal_report_only,142,6,0,0,1,1,non_lateral_high_cbf_demand,non_lateral_balance_or_phase
lateral,cbf,off_diagonal_report_only,142,7,0,0,1,1,non_lateral_high_cbf_demand,non_lateral_high_cbf_demand
lateral,cbf,off_diagonal_report_only,142,8,0,0,1,1,non_lateral_high_cbf_demand,non_lateral_high_cbf_demand
lateral,cbf,off_diagonal_report_only,142,9,0,0,1,1,non_lateral_high_cbf_demand,non_lateral_high_cbf_demand
lateral,cbf,off_diagonal_report_only,142,10,0,0,1,1,lateral_heading_drift,non_lateral_high_cbf_demand
lateral,cbf,off_diagonal_report_only,142,11,0,0,1,1,non_lateral_high_cbf_demand,non_lateral_high_cbf_demand
lateral,cbf,off_diagonal_report_only,142,12,0,0,1,1,lateral_heading_drift,lateral_heading_drift
lateral,cbf,off_diagonal_report_only,142,13,0,0,1,1,non_lateral_high_cbf_demand,non_lateral_high_cbf_demand
lateral,cbf,off_diagonal_report_only,142,14,0,1,1,0,non_lateral_high_cbf_demand,success
lateral,cbf,off_diagonal_report_only,142,15,1,1,0,0,success,success
lateral,cbf,off_diagonal_report_only,142,16,1,1,0,0,success,success
lateral,cbf,off_diagonal_report_only,142,17,1,1,0,0,success,success
lateral,cbf,off_diagonal_report_only,142,18,1,1,0,0,success,success
lateral,cbf,off_diagonal_report_only,142,19,1,1,0,0,success,success
lateral,cbf,off_diagonal_report_only,142,20,1,1,0,0,success,success
lateral,cbf,off_diagonal_report_only,142,21,1,0,0,1,success,non_lateral_high_cbf_demand
lateral,cbf,off_diagonal_report_only,142,22,1,1,0,0,success,success
lateral,cbf,off_diagonal_report_only,142,23,1,1,0,0,success,success
lateral,cbf,off_diagonal_report_only,142,24,1,1,0,0,success,success
lateral,cbf,off_diagonal_report_only,142,25,1,1,0,0,success,success
lateral,cbf,off_diagonal_report_only,142,26,1,1,0,0,success,success
lateral,cbf,off_diagonal_report_only,142,27,1,1,0,0,success,success
lateral,cbf,off_diagonal_report_only,142,28,1,1,0,0,success,success
lateral,cbf,off_diagonal_report_only,142,29,1,1,0,0,success,success
lateral,cbf,off_diagonal_report_only,142,30,1,1,0,0,success,success
lateral,cbf,off_diagonal_report_only,142,31,1,1,0,0,success,success
lateral,cbf,off_diagonal_report_only,142,32,1,1,0,0,success,success
lateral,cbf,off_diagonal_report_only,142,33,1,1,0,0,success,success
lateral,cbf,off_diagonal_report_only,142,34,1,1,0,0,success,success
lateral,cbf,off_diagonal_report_only,142,35,1,1,0,0,success,success
lateral,cbf,off_diagonal_report_only,142,36,1,0,0,1,success,non_lateral_high_cbf_demand
lateral,cbf,off_diagonal_report_only,142,37,0,1,1,0,lateral_heading_drift,success
lateral,cbf,off_diagonal_report_only,142,38,1,1,0,0,success,success
lateral,cbf,off_diagonal_report_only,142,39,1,1,0,0,success,success
lateral,cbf,off_diagonal_report_only,142,40,1,1,0,0,success,success
lateral,cbf,off_diagonal_report_only,142,41,1,1,0,0,success,success
lateral,cbf,off_diagonal_report_only,142,42,1,1,0,0,success,success
lateral,cbf,off_diagonal_report_only,142,43,1,1,0,0,success,success
lateral,cbf,off_diagonal_report_only,142,44,1,1,0,0,success,success
lateral,cbf,off_diagonal_report_only,142,45,1,1,0,0,success,success
lateral,cbf,off_diagonal_report_only,142,46,1,0,0,1,success,lateral_heading_drift
lateral,cbf,off_diagonal_report_only,142,47,1,0,0,1,success,non_lateral_high_cbf_demand
lateral,cbf,off_diagonal_report_only,142,48,1,1,0,0,success,success
lateral,cbf,off_diagonal_report_only,142,49,1,1,0,0,success,success
lateral,cbf,off_diagonal_report_only,142,50,1,1,0,0,success,success
lateral,cbf,off_diagonal_report_only,142,51,1,1,0,0,success,success
lateral,cbf,off_diagonal_report_only,142,52,0,1,1,0,lateral_heading_drift,success
lateral,cbf,off_diagonal_report_only,142,53,1,1,0,0,success,success
lateral,cbf,off_diagonal_report_only,142,54,1,1,0,0,success,success
lateral,cbf,off_diagonal_report_only,142,55,1,1,0,0,success,success
lateral,cbf,off_diagonal_report_only,142,56,1,1,0,0,success,success
lateral,cbf,off_diagonal_report_only,142,57,1,1,0,0,success,success
lateral,cbf,off_diagonal_report_only,142,58,1,1,0,0,success,success
lateral,cbf,off_diagonal_report_only,142,59,1,1,0,0,success,success
lateral,cbf,off_diagonal_report_only,142,60,1,1,0,0,success,success
lateral,cbf,off_diagonal_report_only,142,61,1,1,0,0,success,success
lateral,cbf,off_diagonal_report_only,142,62,1,1,0,0,success,success
lateral,cbf,off_diagonal_report_only,142,63,1,1,0,0,success,success
lateral,cbf,off_diagonal_report_only,142,64,1,1,0,0,success,success
lateral,cbf,off_diagonal_report_only,142,65,1,1,0,0,success,success
lateral,cbf,off_diagonal_report_only,142,66,0,1,1,0,lateral_heading_drift,success
lateral,cbf,off_diagonal_report_only,142,67,1,1,0,0,success,success
lateral,cbf,off_diagonal_report_only,142,68,1,1,0,0,success,success
lateral,cbf,off_diagonal_report_only,142,69,1,1,0,0,success,success
lateral,cbf,off_diagonal_report_only,142,70,1,1,0,0,success,success
lateral,cbf,off_diagonal_report_only,142,71,1,1,0,0,success,success
lateral,cbf,off_diagonal_report_only,142,72,0,1,1,0,lateral_heading_drift,success
lateral,cbf,off_diagonal_report_only,142,73,0,1,1,0,lateral_heading_drift,success
lateral,cbf,off_diagonal_report_only,142,74,1,1,0,0,success,success
lateral,cbf,off_diagonal_report_only,142,75,1,1,0,0,success,success
lateral,cbf,off_diagonal_report_only,142,76,1,1,0,0,success,success
lateral,cbf,off_diagonal_report_only,142,77,1,1,0,0,success,success
lateral,cbf,off_diagonal_report_only,142,78,1,1,0,0,success,success
lateral,cbf,off_diagonal_report_only,142,79,1,0,0,1,success,lateral_heading_drift
lateral,cbf,off_diagonal_report_only,142,80,1,0,0,1,success,lateral_heading_drift
lateral,cbf,off_diagonal_report_only,142,81,1,0,0,1,success,lateral_heading_drift
lateral,cbf,off_diagonal_report_only,142,82,1,1,0,0,success,success
lateral,cbf,off_diagonal_report_only,142,83,1,1,0,0,success,success
lateral,cbf,off_diagonal_report_only,142,84,1,1,0,0,success,success
lateral,cbf,off_diagonal_report_only,142,85,1,1,0,0,success,success
lateral,cbf,off_diagonal_report_only,142,86,1,1,0,0,success,success
lateral,cbf,off_diagonal_report_only,142,87,1,1,0,0,success,success
lateral,cbf,off_diagonal_report_only,142,88,1,1,0,0,success,success
lateral,cbf,off_diagonal_report_only,142,89,1,1,0,0,success,success
lateral,cbf,off_diagonal_report_only,142,90,1,1,0,0,success,success
lateral,cbf,off_diagonal_report_only,142,91,1,1,0,0,success,success
lateral,cbf,off_diagonal_report_only,142,92,1,1,0,0,success,success
lateral,cbf,off_diagonal_report_only,142,93,1,1,0,0,success,success
lateral,cbf,off_diagonal_report_only,142,94,1,1,0,0,success,success
lateral,cbf,off_diagonal_report_only,142,95,1,1,0,0,success,success
lateral,cbf,off_diagonal_report_only,142,96,1,1,0,0,success,success
lateral,cbf,off_diagonal_report_only,142,97,1,1,0,0,success,success
lateral,cbf,off_diagonal_report_only,142,98,1,1,0,0,success,success
lateral,cbf,off_diagonal_report_only,142,99,1,1,0,0,success,success
lateral,cbf,off_diagonal_report_only,142,100,1,1,0,0,success,success
lateral,cbf,off_diagonal_report_only,142,101,1,1,0,0,success,success
lateral,cbf,off_diagonal_report_only,142,102,1,1,0,0,success,success
lateral,cbf,off_diagonal_report_only,142,103,1,1,0,0,success,success
lateral,cbf,off_diagonal_report_only,142,104,1,1,0,0,success,success
lateral,cbf,off_diagonal_report_only,142,105,1,0,0,1,success,lateral_heading_drift
lateral,cbf,off_diagonal_report_only,142,106,1,1,0,0,success,success
lateral,cbf,off_diagonal_report_only,142,107,1,1,0,0,success,success
lateral,cbf,off_diagonal_report_only,142,108,1,1,0,0,success,success
lateral,cbf,off_diagonal_report_only,142,109,1,0,0,1,success,lateral_heading_drift
lateral,cbf,off_diagonal_report_only,142,110,1,1,0,0,success,success
lateral,cbf,off_diagonal_report_only,142,111,1,1,0,0,success,success
lateral,cbf,off_diagonal_report_only,142,112,1,1,0,0,success,success
lateral,cbf,off_diagonal_report_only,142,113,1,1,0,0,success,success
lateral,cbf,off_diagonal_report_only,142,114,1,1,0,0,success,success
lateral,cbf,off_diagonal_report_only,142,115,1,1,0,0,success,success
lateral,cbf,off_diagonal_report_only,142,116,1,1,0,0,success,success
lateral,cbf,off_diagonal_report_only,142,117,1,1,0,0,success,success
lateral,cbf,off_diagonal_report_only,142,118,0,1,1,0,lateral_heading_drift,success
lateral,cbf,off_diagonal_report_only,142,119,1,1,0,0,success,success
lateral,cbf,off_diagonal_report_only,142,120,1,1,0,0,success,success
lateral,cbf,off_diagonal_report_only,142,121,1,1,0,0,success,success
lateral,cbf,off_diagonal_report_only,142,122,1,1,0,0,success,success
lateral,cbf,off_diagonal_report_only,142,123,1,1,0,0,success,success
lateral,cbf,off_diagonal_report_only,142,124,1,0,0,1,success,lateral_heading_drift
lateral,cbf,off_diagonal_report_only,142,125,1,1,0,0,success,success
lateral,cbf,off_diagonal_report_only,142,126,1,1,0,0,success,success
lateral,cbf,off_diagonal_report_only,142,127,1,1,0,0,success,success
lateral,cbf,off_diagonal_report_only,142,128,0,0,1,1,non_lateral_high_cbf_demand,lateral_heading_drift
lateral,cbf,off_diagonal_report_only,142,129,0,0,1,1,non_lateral_high_cbf_demand,non_lateral_high_cbf_demand
lateral,cbf,off_diagonal_report_only,142,130,0,0,1,1,non_lateral_high_cbf_demand,non_lateral_high_cbf_demand
lateral,cbf,off_diagonal_report_only,142,131,0,0,1,1,lateral_heading_drift,non_lateral_high_cbf_demand
lateral,cbf,off_diagonal_report_only,142,132,0,0,1,1,non_lateral_high_cbf_demand,non_lateral_high_cbf_demand
lateral,cbf,off_diagonal_report_only,142,133,0,0,1,1,lateral_heading_drift,non_lateral_high_cbf_demand
lateral,cbf,off_diagonal_report_only,142,134,0,0,1,1,non_lateral_high_cbf_demand,lateral_heading_drift
lateral,cbf,off_diagonal_report_only,142,135,0,0,1,1,non_lateral_high_cbf_demand,non_lateral_high_cbf_demand
lateral,cbf,off_diagonal_report_only,142,136,0,0,1,1,non_lateral_high_cbf_demand,non_lateral_high_cbf_demand
lateral,cbf,off_diagonal_report_only,142,137,0,0,1,1,non_lateral_high_cbf_demand,non_lateral_high_cbf_demand
lateral,cbf,off_diagonal_report_only,142,138,0,0,1,1,non_lateral_high_cbf_demand,lateral_heading_drift
lateral,cbf,off_diagonal_report_only,142,139,0,0,1,1,non_lateral_high_cbf_demand,non_lateral_high_cbf_demand
lateral,cbf,off_diagonal_report_only,142,140,0,0,1,1,non_lateral_high_cbf_demand,lateral_heading_drift
lateral,cbf,off_diagonal_report_only,142,141,0,0,1,1,non_lateral_high_cbf_demand,lateral_heading_drift
lateral,cbf,off_diagonal_report_only,142,142,0,0,1,1,lateral_heading_drift,non_lateral_high_cbf_demand
lateral,cbf,off_diagonal_report_only,142,143,0,0,1,1,non_lateral_high_cbf_demand,non_lateral_high_cbf_demand
lateral,cbf,off_diagonal_report_only,142,144,0,0,1,1,non_lateral_high_cbf_demand,non_lateral_high_cbf_demand
lateral,cbf,off_diagonal_report_only,142,145,0,0,1,1,non_lateral_high_cbf_demand,non_lateral_high_cbf_demand
lateral,cbf,off_diagonal_report_only,142,146,0,0,1,1,non_lateral_high_cbf_demand,non_lateral_high_cbf_demand
lateral,cbf,off_diagonal_report_only,142,147,0,0,1,1,non_lateral_high_cbf_demand,non_lateral_high_cbf_demand
lateral,cbf,off_diagonal_report_only,142,148,0,0,1,1,non_lateral_high_cbf_demand,non_lateral_high_cbf_demand
lateral,cbf,off_diagonal_report_only,142,149,0,0,1,1,non_lateral_high_cbf_demand,non_lateral_high_cbf_demand
lateral,cbf,off_diagonal_report_only,142,150,0,0,1,1,non_lateral_high_cbf_demand,non_lateral_high_cbf_demand
lateral,cbf,off_diagonal_report_only,142,151,0,1,1,0,lateral_heading_drift,success
lateral,cbf,off_diagonal_report_only,142,152,0,0,1,1,lateral_heading_drift,non_lateral_high_cbf_demand
lateral,cbf,off_diagonal_report_only,142,153,0,1,1,0,non_lateral_high_cbf_demand,success
lateral,cbf,off_diagonal_report_only,142,154,0,1,1,0,non_lateral_high_cbf_demand,success
lateral,cbf,off_diagonal_report_only,142,155,0,1,1,0,lateral_heading_drift,success
lateral,cbf,off_diagonal_report_only,142,156,1,1,0,0,success,success
lateral,cbf,off_diagonal_report_only,142,157,0,1,1,0,lateral_heading_drift,success
lateral,cbf,off_diagonal_report_only,142,158,0,1,1,0,non_lateral_high_cbf_demand,success
lateral,cbf,off_diagonal_report_only,142,159,1,1,0,0,success,success
lateral,cbf,off_diagonal_report_only,142,160,1,1,0,0,success,success
lateral,cbf,off_diagonal_report_only,142,161,1,0,0,1,success,non_lateral_high_cbf_demand
lateral,cbf,off_diagonal_report_only,142,162,1,1,0,0,success,success
lateral,cbf,off_diagonal_report_only,142,163,1,1,0,0,success,success
lateral,cbf,off_diagonal_report_only,142,164,1,1,0,0,success,success
lateral,cbf,off_diagonal_report_only,142,165,1,1,0,0,success,success
lateral,cbf,off_diagonal_report_only,142,166,1,1,0,0,success,success
lateral,cbf,off_diagonal_report_only,142,167,1,1,0,0,success,success
lateral,cbf,off_diagonal_report_only,142,168,1,1,0,0,success,success
lateral,cbf,off_diagonal_report_only,142,169,1,1,0,0,success,success
lateral,cbf,off_diagonal_report_only,142,170,1,1,0,0,success,success
lateral,cbf,off_diagonal_report_only,142,171,1,1,0,0,success,success
lateral,cbf,off_diagonal_report_only,142,172,1,1,0,0,success,success
lateral,cbf,off_diagonal_report_only,142,173,0,1,1,0,non_lateral_high_cbf_demand,success
lateral,cbf,off_diagonal_report_only,142,174,1,1,0,0,success,success
lateral,cbf,off_diagonal_report_only,142,175,1,1,0,0,success,success
lateral,cbf,off_diagonal_report_only,142,176,1,1,0,0,success,success
lateral,cbf,off_diagonal_report_only,142,177,1,1,0,0,success,success
lateral,cbf,off_diagonal_report_only,142,178,1,1,0,0,success,success
lateral,cbf,off_diagonal_report_only,142,179,1,1,0,0,success,success
lateral,cbf,off_diagonal_report_only,142,180,1,1,0,0,success,success
lateral,cbf,off_diagonal_report_only,142,181,1,1,0,0,success,success
lateral,cbf,off_diagonal_report_only,142,182,1,1,0,0,success,success
lateral,cbf,off_diagonal_report_only,142,183,1,1,0,0,success,success
lateral,cbf,off_diagonal_report_only,142,184,1,1,0,0,success,success
lateral,cbf,off_diagonal_report_only,142,185,1,1,0,0,success,success
lateral,cbf,off_diagonal_report_only,142,186,1,1,0,0,success,success
lateral,cbf,off_diagonal_report_only,142,187,1,1,0,0,success,success
lateral,cbf,off_diagonal_report_only,142,188,0,1,1,0,non_lateral_high_cbf_demand,success
lateral,cbf,off_diagonal_report_only,142,189,1,1,0,0,success,success
lateral,cbf,off_diagonal_report_only,142,190,1,1,0,0,success,success
lateral,cbf,off_diagonal_report_only,142,191,1,1,0,0,success,success
lateral,cbf,off_diagonal_report_only,142,192,1,1,0,0,success,success
lateral,cbf,off_diagonal_report_only,142,193,1,1,0,0,success,success
lateral,cbf,off_diagonal_report_only,142,194,1,1,0,0,success,success
lateral,cbf,off_diagonal_report_only,142,195,1,1,0,0,success,success
lateral,cbf,off_diagonal_report_only,142,196,1,1,0,0,success,success
lateral,cbf,off_diagonal_report_only,142,197,1,1,0,0,success,success
lateral,cbf,off_diagonal_report_only,142,198,1,1,0,0,success,success
lateral,cbf,off_diagonal_report_only,142,199,1,1,0,0,success,success
lateral,cbf,off_diagonal_report_only,142,200,1,0,0,1,success,lateral_heading_drift
lateral,cbf,off_diagonal_report_only,142,201,1,1,0,0,success,success
lateral,cbf,off_diagonal_report_only,142,202,1,1,0,0,success,success
lateral,cbf,off_diagonal_report_only,142,203,1,1,0,0,success,success
lateral,cbf,off_diagonal_report_only,142,204,1,1,0,0,success,success
lateral,cbf,off_diagonal_report_only,142,205,1,1,0,0,success,success
lateral,cbf,off_diagonal_report_only,142,206,1,1,0,0,success,success
lateral,cbf,off_diagonal_report_only,142,207,1,1,0,0,success,success
lateral,cbf,off_diagonal_report_only,142,208,1,1,0,0,success,success
lateral,cbf,off_diagonal_report_only,142,209,1,1,0,0,success,success
lateral,cbf,off_diagonal_report_only,142,210,1,1,0,0,success,success
lateral,cbf,off_diagonal_report_only,142,211,1,1,0,0,success,success
lateral,cbf,off_diagonal_report_only,142,212,1,1,0,0,success,success
lateral,cbf,off_diagonal_report_only,142,213,1,1,0,0,success,success
lateral,cbf,off_diagonal_report_only,142,214,1,1,0,0,success,success
lateral,cbf,off_diagonal_report_only,142,215,1,1,0,0,success,success
lateral,cbf,off_diagonal_report_only,142,216,1,1,0,0,success,success
lateral,cbf,off_diagonal_report_only,142,217,1,1,0,0,success,success
lateral,cbf,off_diagonal_report_only,142,218,1,1,0,0,success,success
lateral,cbf,off_diagonal_report_only,142,219,0,1,1,0,lateral_heading_drift,success
lateral,cbf,off_diagonal_report_only,142,220,1,1,0,0,success,success
lateral,cbf,off_diagonal_report_only,142,221,1,1,0,0,success,success
lateral,cbf,off_diagonal_report_only,142,222,1,0,0,1,success,lateral_heading_drift
lateral,cbf,off_diagonal_report_only,142,223,1,1,0,0,success,success
lateral,cbf,off_diagonal_report_only,142,224,1,1,0,0,success,success
lateral,cbf,off_diagonal_report_only,142,225,1,1,0,0,success,success
lateral,cbf,off_diagonal_report_only,142,226,1,1,0,0,success,success
lateral,cbf,off_diagonal_report_only,142,227,1,1,0,0,success,success
lateral,cbf,off_diagonal_report_only,142,228,1,1,0,0,success,success
lateral,cbf,off_diagonal_report_only,142,229,1,1,0,0,success,success
lateral,cbf,off_diagonal_report_only,142,230,1,1,0,0,success,success
lateral,cbf,off_diagonal_report_only,142,231,1,1,0,0,success,success
lateral,cbf,off_diagonal_report_only,142,232,1,1,0,0,success,success
lateral,cbf,off_diagonal_report_only,142,233,1,1,0,0,success,success
lateral,cbf,off_diagonal_report_only,142,234,1,1,0,0,success,success
lateral,cbf,off_diagonal_report_only,142,235,1,1,0,0,success,success
lateral,cbf,off_diagonal_report_only,142,236,1,1,0,0,success,success
lateral,cbf,off_diagonal_report_only,142,237,1,1,0,0,success,success
lateral,cbf,off_diagonal_report_only,142,238,0,1,1,0,lateral_heading_drift,success
lateral,cbf,off_diagonal_report_only,142,239,1,1,0,0,success,success
lateral,cbf,off_diagonal_report_only,142,240,1,1,0,0,success,success
lateral,cbf,off_diagonal_report_only,142,241,1,1,0,0,success,success
lateral,cbf,off_diagonal_report_only,142,242,1,1,0,0,success,success
lateral,cbf,off_diagonal_report_only,142,243,1,1,0,0,success,success
lateral,cbf,off_diagonal_report_only,142,244,1,1,0,0,success,success
lateral,cbf,off_diagonal_report_only,142,245,1,1,0,0,success,success
lateral,cbf,off_diagonal_report_only,142,246,1,1,0,0,success,success
lateral,cbf,off_diagonal_report_only,142,247,1,1,0,0,success,success
lateral,cbf,off_diagonal_report_only,142,248,1,1,0,0,success,success
lateral,cbf,off_diagonal_report_only,142,249,1,1,0,0,success,success
lateral,cbf,off_diagonal_report_only,142,250,1,1,0,0,success,success
lateral,cbf,off_diagonal_report_only,142,251,1,1,0,0,success,success
lateral,cbf,off_diagonal_report_only,142,252,1,1,0,0,success,success
lateral,cbf,off_diagonal_report_only,142,253,1,1,0,0,success,success
lateral,cbf,off_diagonal_report_only,142,254,0,1,1,0,lateral_heading_drift,success
lateral,cbf,off_diagonal_report_only,142,255,1,0,0,1,success,lateral_heading_drift
lateral,balance,off_diagonal_report_only,142,0,0,0,1,1,non_lateral_balance_or_phase,non_lateral_balance_or_phase
lateral,balance,off_diagonal_report_only,142,1,0,0,1,1,non_lateral_balance_or_phase,non_lateral_balance_or_phase
lateral,balance,off_diagonal_report_only,142,2,0,0,1,1,non_lateral_balance_or_phase,non_lateral_balance_or_phase
lateral,balance,off_diagonal_report_only,142,3,0,0,1,1,non_lateral_balance_or_phase,non_lateral_balance_or_phase
lateral,balance,off_diagonal_report_only,142,4,0,0,1,1,lateral_heading_drift,non_lateral_high_cbf_demand
lateral,balance,off_diagonal_report_only,142,5,0,0,1,1,non_lateral_balance_or_phase,lateral_heading_drift
lateral,balance,off_diagonal_report_only,142,6,0,0,1,1,lateral_heading_drift,lateral_heading_drift
lateral,balance,off_diagonal_report_only,142,7,0,0,1,1,non_lateral_balance_or_phase,lateral_heading_drift
lateral,balance,off_diagonal_report_only,142,8,0,0,1,1,lateral_heading_drift,non_lateral_balance_or_phase
lateral,balance,off_diagonal_report_only,142,9,0,0,1,1,non_lateral_balance_or_phase,lateral_heading_drift
lateral,balance,off_diagonal_report_only,142,10,0,0,1,1,non_lateral_balance_or_phase,non_lateral_balance_or_phase
lateral,balance,off_diagonal_report_only,142,11,0,0,1,1,lateral_heading_drift,non_lateral_balance_or_phase
lateral,balance,off_diagonal_report_only,142,12,0,0,1,1,lateral_heading_drift,non_lateral_balance_or_phase
lateral,balance,off_diagonal_report_only,142,13,0,0,1,1,non_lateral_balance_or_phase,lateral_heading_drift
lateral,balance,off_diagonal_report_only,142,14,0,1,1,0,non_lateral_balance_or_phase,success
lateral,balance,off_diagonal_report_only,142,15,0,0,1,1,non_lateral_balance_or_phase,lateral_heading_drift
lateral,balance,off_diagonal_report_only,142,16,0,1,1,0,non_lateral_balance_or_phase,success
lateral,balance,off_diagonal_report_only,142,17,0,0,1,1,non_lateral_high_cbf_demand,non_lateral_balance_or_phase
lateral,balance,off_diagonal_report_only,142,18,0,0,1,1,non_lateral_high_cbf_demand,non_lateral_balance_or_phase
lateral,balance,off_diagonal_report_only,142,19,0,1,1,0,non_lateral_balance_or_phase,success
lateral,balance,off_diagonal_report_only,142,20,0,1,1,0,non_lateral_high_cbf_demand,success
lateral,balance,off_diagonal_report_only,142,21,0,1,1,0,non_lateral_high_cbf_demand,success
lateral,balance,off_diagonal_report_only,142,22,0,1,1,0,non_lateral_high_cbf_demand,success
lateral,balance,off_diagonal_report_only,142,23,0,1,1,0,non_lateral_balance_or_phase,success
lateral,balance,off_diagonal_report_only,142,24,0,1,1,0,non_lateral_balance_or_phase,success
lateral,balance,off_diagonal_report_only,142,25,0,1,1,0,non_lateral_balance_or_phase,success
lateral,balance,off_diagonal_report_only,142,26,0,1,1,0,non_lateral_high_cbf_demand,success
lateral,balance,off_diagonal_report_only,142,27,1,1,0,0,success,success
lateral,balance,off_diagonal_report_only,142,28,1,1,0,0,success,success
lateral,balance,off_diagonal_report_only,142,29,0,1,1,0,non_lateral_balance_or_phase,success
lateral,balance,off_diagonal_report_only,142,30,1,1,0,0,success,success
lateral,balance,off_diagonal_report_only,142,31,1,1,0,0,success,success
lateral,balance,off_diagonal_report_only,142,32,1,1,0,0,success,success
lateral,balance,off_diagonal_report_only,142,33,1,1,0,0,success,success
lateral,balance,off_diagonal_report_only,142,34,1,1,0,0,success,success
lateral,balance,off_diagonal_report_only,142,35,1,1,0,0,success,success
lateral,balance,off_diagonal_report_only,142,36,1,1,0,0,success,success
lateral,balance,off_diagonal_report_only,142,37,1,1,0,0,success,success
lateral,balance,off_diagonal_report_only,142,38,1,1,0,0,success,success
lateral,balance,off_diagonal_report_only,142,39,1,1,0,0,success,success
lateral,balance,off_diagonal_report_only,142,40,1,1,0,0,success,success
lateral,balance,off_diagonal_report_only,142,41,1,1,0,0,success,success
lateral,balance,off_diagonal_report_only,142,42,1,1,0,0,success,success
lateral,balance,off_diagonal_report_only,142,43,1,1,0,0,success,success
lateral,balance,off_diagonal_report_only,142,44,1,0,0,1,success,non_lateral_high_cbf_demand
lateral,balance,off_diagonal_report_only,142,45,1,1,0,0,success,success
lateral,balance,off_diagonal_report_only,142,46,1,1,0,0,success,success
lateral,balance,off_diagonal_report_only,142,47,0,1,1,0,non_lateral_balance_or_phase,success
lateral,balance,off_diagonal_report_only,142,48,1,1,0,0,success,success
lateral,balance,off_diagonal_report_only,142,49,1,1,0,0,success,success
lateral,balance,off_diagonal_report_only,142,50,1,1,0,0,success,success
lateral,balance,off_diagonal_report_only,142,51,1,0,0,1,success,non_lateral_balance_or_phase
lateral,balance,off_diagonal_report_only,142,52,1,1,0,0,success,success
lateral,balance,off_diagonal_report_only,142,53,1,1,0,0,success,success
lateral,balance,off_diagonal_report_only,142,54,1,1,0,0,success,success
lateral,balance,off_diagonal_report_only,142,55,1,1,0,0,success,success
lateral,balance,off_diagonal_report_only,142,56,1,1,0,0,success,success
lateral,balance,off_diagonal_report_only,142,57,1,1,0,0,success,success
lateral,balance,off_diagonal_report_only,142,58,1,1,0,0,success,success
lateral,balance,off_diagonal_report_only,142,59,1,1,0,0,success,success
lateral,balance,off_diagonal_report_only,142,60,1,1,0,0,success,success
lateral,balance,off_diagonal_report_only,142,61,0,1,1,0,lateral_heading_drift,success
lateral,balance,off_diagonal_report_only,142,62,0,1,1,0,non_lateral_high_cbf_demand,success
lateral,balance,off_diagonal_report_only,142,63,1,1,0,0,success,success
lateral,balance,off_diagonal_report_only,142,64,1,1,0,0,success,success
lateral,balance,off_diagonal_report_only,142,65,1,1,0,0,success,success
lateral,balance,off_diagonal_report_only,142,66,1,1,0,0,success,success
lateral,balance,off_diagonal_report_only,142,67,1,1,0,0,success,success
lateral,balance,off_diagonal_report_only,142,68,1,1,0,0,success,success
lateral,balance,off_diagonal_report_only,142,69,1,1,0,0,success,success
lateral,balance,off_diagonal_report_only,142,70,1,1,0,0,success,success
lateral,balance,off_diagonal_report_only,142,71,1,1,0,0,success,success
lateral,balance,off_diagonal_report_only,142,72,1,1,0,0,success,success
lateral,balance,off_diagonal_report_only,142,73,1,1,0,0,success,success
lateral,balance,off_diagonal_report_only,142,74,1,1,0,0,success,success
lateral,balance,off_diagonal_report_only,142,75,1,1,0,0,success,success
lateral,balance,off_diagonal_report_only,142,76,1,1,0,0,success,success
lateral,balance,off_diagonal_report_only,142,77,1,1,0,0,success,success
lateral,balance,off_diagonal_report_only,142,78,1,1,0,0,success,success
lateral,balance,off_diagonal_report_only,142,79,0,1,1,0,non_lateral_balance_or_phase,success
lateral,balance,off_diagonal_report_only,142,80,1,1,0,0,success,success
lateral,balance,off_diagonal_report_only,142,81,1,1,0,0,success,success
lateral,balance,off_diagonal_report_only,142,82,1,1,0,0,success,success
lateral,balance,off_diagonal_report_only,142,83,1,1,0,0,success,success
lateral,balance,off_diagonal_report_only,142,84,1,1,0,0,success,success
lateral,balance,off_diagonal_report_only,142,85,1,1,0,0,success,success
lateral,balance,off_diagonal_report_only,142,86,1,1,0,0,success,success
lateral,balance,off_diagonal_report_only,142,87,0,1,1,0,lateral_heading_drift,success
lateral,balance,off_diagonal_report_only,142,88,1,1,0,0,success,success
lateral,balance,off_diagonal_report_only,142,89,1,1,0,0,success,success
lateral,balance,off_diagonal_report_only,142,90,1,1,0,0,success,success
lateral,balance,off_diagonal_report_only,142,91,1,1,0,0,success,success
lateral,balance,off_diagonal_report_only,142,92,1,1,0,0,success,success
lateral,balance,off_diagonal_report_only,142,93,1,1,0,0,success,success
lateral,balance,off_diagonal_report_only,142,94,1,1,0,0,success,success
lateral,balance,off_diagonal_report_only,142,95,1,1,0,0,success,success
lateral,balance,off_diagonal_report_only,142,96,1,1,0,0,success,success
lateral,balance,off_diagonal_report_only,142,97,1,1,0,0,success,success
lateral,balance,off_diagonal_report_only,142,98,1,1,0,0,success,success
lateral,balance,off_diagonal_report_only,142,99,1,1,0,0,success,success
lateral,balance,off_diagonal_report_only,142,100,1,1,0,0,success,success
lateral,balance,off_diagonal_report_only,142,101,1,1,0,0,success,success
lateral,balance,off_diagonal_report_only,142,102,1,1,0,0,success,success
lateral,balance,off_diagonal_report_only,142,103,1,1,0,0,success,success
lateral,balance,off_diagonal_report_only,142,104,1,1,0,0,success,success
lateral,balance,off_diagonal_report_only,142,105,1,1,0,0,success,success
lateral,balance,off_diagonal_report_only,142,106,1,1,0,0,success,success
lateral,balance,off_diagonal_report_only,142,107,1,1,0,0,success,success
lateral,balance,off_diagonal_report_only,142,108,1,1,0,0,success,success
lateral,balance,off_diagonal_report_only,142,109,1,1,0,0,success,success
lateral,balance,off_diagonal_report_only,142,110,1,1,0,0,success,success
lateral,balance,off_diagonal_report_only,142,111,1,1,0,0,success,success
lateral,balance,off_diagonal_report_only,142,112,1,1,0,0,success,success
lateral,balance,off_diagonal_report_only,142,113,1,1,0,0,success,success
lateral,balance,off_diagonal_report_only,142,114,1,1,0,0,success,success
lateral,balance,off_diagonal_report_only,142,115,1,1,0,0,success,success
lateral,balance,off_diagonal_report_only,142,116,1,1,0,0,success,success
lateral,balance,off_diagonal_report_only,142,117,1,1,0,0,success,success
lateral,balance,off_diagonal_report_only,142,118,1,1,0,0,success,success
lateral,balance,off_diagonal_report_only,142,119,1,1,0,0,success,success
lateral,balance,off_diagonal_report_only,142,120,1,1,0,0,success,success
lateral,balance,off_diagonal_report_only,142,121,1,1,0,0,success,success
lateral,balance,off_diagonal_report_only,142,122,1,1,0,0,success,success
lateral,balance,off_diagonal_report_only,142,123,1,1,0,0,success,success
lateral,balance,off_diagonal_report_only,142,124,1,1,0,0,success,success
lateral,balance,off_diagonal_report_only,142,125,1,1,0,0,success,success
lateral,balance,off_diagonal_report_only,142,126,1,1,0,0,success,success
lateral,balance,off_diagonal_report_only,142,127,1,1,0,0,success,success
lateral,balance,off_diagonal_report_only,142,128,0,0,1,1,non_lateral_high_cbf_demand,non_lateral_balance_or_phase
lateral,balance,off_diagonal_report_only,142,129,0,0,1,1,non_lateral_high_cbf_demand,non_lateral_balance_or_phase
lateral,balance,off_diagonal_report_only,142,130,0,0,1,1,non_lateral_balance_or_phase,non_lateral_balance_or_phase
lateral,balance,off_diagonal_report_only,142,131,0,0,1,1,non_lateral_balance_or_phase,non_lateral_balance_or_phase
lateral,balance,off_diagonal_report_only,142,132,0,0,1,1,non_lateral_balance_or_phase,non_lateral_high_cbf_demand
lateral,balance,off_diagonal_report_only,142,133,0,0,1,1,non_lateral_balance_or_phase,non_lateral_balance_or_phase
lateral,balance,off_diagonal_report_only,142,134,0,0,1,1,non_lateral_balance_or_phase,non_lateral_balance_or_phase
lateral,balance,off_diagonal_report_only,142,135,0,0,1,1,non_lateral_balance_or_phase,non_lateral_balance_or_phase
lateral,balance,off_diagonal_report_only,142,136,0,0,1,1,non_lateral_balance_or_phase,non_lateral_balance_or_phase
lateral,balance,off_diagonal_report_only,142,137,0,0,1,1,non_lateral_high_cbf_demand,non_lateral_balance_or_phase
lateral,balance,off_diagonal_report_only,142,138,0,0,1,1,non_lateral_balance_or_phase,lateral_heading_drift
lateral,balance,off_diagonal_report_only,142,139,0,0,1,1,non_lateral_balance_or_phase,non_lateral_balance_or_phase
lateral,balance,off_diagonal_report_only,142,140,0,0,1,1,non_lateral_balance_or_phase,non_lateral_high_cbf_demand
lateral,balance,off_diagonal_report_only,142,141,0,0,1,1,non_lateral_balance_or_phase,lateral_heading_drift
lateral,balance,off_diagonal_report_only,142,142,0,0,1,1,non_lateral_balance_or_phase,lateral_heading_drift
lateral,balance,off_diagonal_report_only,142,143,0,0,1,1,non_lateral_high_cbf_demand,non_lateral_high_cbf_demand
lateral,balance,off_diagonal_report_only,142,144,0,0,1,1,non_lateral_balance_or_phase,lateral_heading_drift
lateral,balance,off_diagonal_report_only,142,145,0,0,1,1,non_lateral_balance_or_phase,lateral_heading_drift
lateral,balance,off_diagonal_report_only,142,146,0,0,1,1,lateral_heading_drift,lateral_heading_drift
lateral,balance,off_diagonal_report_only,142,147,0,0,1,1,non_lateral_high_cbf_demand,non_lateral_balance_or_phase
lateral,balance,off_diagonal_report_only,142,148,0,0,1,1,non_lateral_balance_or_phase,lateral_heading_drift
lateral,balance,off_diagonal_report_only,142,149,0,1,1,0,non_lateral_high_cbf_demand,success
lateral,balance,off_diagonal_report_only,142,150,1,0,0,1,success,non_lateral_balance_or_phase
lateral,balance,off_diagonal_report_only,142,151,1,1,0,0,success,success
lateral,balance,off_diagonal_report_only,142,152,1,0,0,1,success,lateral_heading_drift
lateral,balance,off_diagonal_report_only,142,153,1,1,0,0,success,success
lateral,balance,off_diagonal_report_only,142,154,1,0,0,1,success,lateral_heading_drift
lateral,balance,off_diagonal_report_only,142,155,1,1,0,0,success,success
lateral,balance,off_diagonal_report_only,142,156,1,1,0,0,success,success
lateral,balance,off_diagonal_report_only,142,157,1,0,0,1,success,lateral_heading_drift
lateral,balance,off_diagonal_report_only,142,158,0,1,1,0,lateral_heading_drift,success
lateral,balance,off_diagonal_report_only,142,159,1,1,0,0,success,success
lateral,balance,off_diagonal_report_only,142,160,0,0,1,1,non_lateral_balance_or_phase,non_lateral_balance_or_phase
lateral,balance,off_diagonal_report_only,142,161,1,1,0,0,success,success
lateral,balance,off_diagonal_report_only,142,162,1,1,0,0,success,success
lateral,balance,off_diagonal_report_only,142,163,1,1,0,0,success,success
lateral,balance,off_diagonal_report_only,142,164,1,0,0,1,success,lateral_heading_drift
lateral,balance,off_diagonal_report_only,142,165,0,1,1,0,lateral_heading_drift,success
lateral,balance,off_diagonal_report_only,142,166,1,1,0,0,success,success
lateral,balance,off_diagonal_report_only,142,167,1,1,0,0,success,success
lateral,balance,off_diagonal_report_only,142,168,1,1,0,0,success,success
lateral,balance,off_diagonal_report_only,142,169,1,1,0,0,success,success
lateral,balance,off_diagonal_report_only,142,170,1,1,0,0,success,success
lateral,balance,off_diagonal_report_only,142,171,1,1,0,0,success,success
lateral,balance,off_diagonal_report_only,142,172,1,1,0,0,success,success
lateral,balance,off_diagonal_report_only,142,173,1,1,0,0,success,success
lateral,balance,off_diagonal_report_only,142,174,1,1,0,0,success,success
lateral,balance,off_diagonal_report_only,142,175,1,1,0,0,success,success
lateral,balance,off_diagonal_report_only,142,176,0,1,1,0,non_lateral_high_cbf_demand,success
lateral,balance,off_diagonal_report_only,142,177,1,1,0,0,success,success
lateral,balance,off_diagonal_report_only,142,178,1,1,0,0,success,success
lateral,balance,off_diagonal_report_only,142,179,1,1,0,0,success,success
lateral,balance,off_diagonal_report_only,142,180,1,1,0,0,success,success
lateral,balance,off_diagonal_report_only,142,181,1,1,0,0,success,success
lateral,balance,off_diagonal_report_only,142,182,1,1,0,0,success,success
lateral,balance,off_diagonal_report_only,142,183,1,1,0,0,success,success
lateral,balance,off_diagonal_report_only,142,184,1,1,0,0,success,success
lateral,balance,off_diagonal_report_only,142,185,1,1,0,0,success,success
lateral,balance,off_diagonal_report_only,142,186,0,1,1,0,non_lateral_balance_or_phase,success
lateral,balance,off_diagonal_report_only,142,187,1,1,0,0,success,success
lateral,balance,off_diagonal_report_only,142,188,1,1,0,0,success,success
lateral,balance,off_diagonal_report_only,142,189,1,1,0,0,success,success
lateral,balance,off_diagonal_report_only,142,190,1,1,0,0,success,success
lateral,balance,off_diagonal_report_only,142,191,1,1,0,0,success,success
lateral,balance,off_diagonal_report_only,142,192,1,1,0,0,success,success
lateral,balance,off_diagonal_report_only,142,193,1,1,0,0,success,success
lateral,balance,off_diagonal_report_only,142,194,1,1,0,0,success,success
lateral,balance,off_diagonal_report_only,142,195,1,1,0,0,success,success
lateral,balance,off_diagonal_report_only,142,196,1,1,0,0,success,success
lateral,balance,off_diagonal_report_only,142,197,0,1,1,0,lateral_heading_drift,success
lateral,balance,off_diagonal_report_only,142,198,1,1,0,0,success,success
lateral,balance,off_diagonal_report_only,142,199,1,1,0,0,success,success
lateral,balance,off_diagonal_report_only,142,200,1,1,0,0,success,success
lateral,balance,off_diagonal_report_only,142,201,1,1,0,0,success,success
lateral,balance,off_diagonal_report_only,142,202,1,1,0,0,success,success
lateral,balance,off_diagonal_report_only,142,203,1,1,0,0,success,success
lateral,balance,off_diagonal_report_only,142,204,1,1,0,0,success,success
lateral,balance,off_diagonal_report_only,142,205,1,1,0,0,success,success
lateral,balance,off_diagonal_report_only,142,206,1,1,0,0,success,success
lateral,balance,off_diagonal_report_only,142,207,1,1,0,0,success,success
lateral,balance,off_diagonal_report_only,142,208,1,1,0,0,success,success
lateral,balance,off_diagonal_report_only,142,209,1,1,0,0,success,success
lateral,balance,off_diagonal_report_only,142,210,1,1,0,0,success,success
lateral,balance,off_diagonal_report_only,142,211,1,1,0,0,success,success
lateral,balance,off_diagonal_report_only,142,212,1,1,0,0,success,success
lateral,balance,off_diagonal_report_only,142,213,1,1,0,0,success,success
lateral,balance,off_diagonal_report_only,142,214,1,1,0,0,success,success
lateral,balance,off_diagonal_report_only,142,215,1,1,0,0,success,success
lateral,balance,off_diagonal_report_only,142,216,1,1,0,0,success,success
lateral,balance,off_diagonal_report_only,142,217,1,1,0,0,success,success
lateral,balance,off_diagonal_report_only,142,218,1,1,0,0,success,success
lateral,balance,off_diagonal_report_only,142,219,1,1,0,0,success,success
lateral,balance,off_diagonal_report_only,142,220,1,1,0,0,success,success
lateral,balance,off_diagonal_report_only,142,221,1,1,0,0,success,success
lateral,balance,off_diagonal_report_only,142,222,1,1,0,0,success,success
lateral,balance,off_diagonal_report_only,142,223,1,1,0,0,success,success
lateral,balance,off_diagonal_report_only,142,224,1,1,0,0,success,success
lateral,balance,off_diagonal_report_only,142,225,1,1,0,0,success,success
lateral,balance,off_diagonal_report_only,142,226,1,1,0,0,success,success
lateral,balance,off_diagonal_report_only,142,227,1,1,0,0,success,success
lateral,balance,off_diagonal_report_only,142,228,1,1,0,0,success,success
lateral,balance,off_diagonal_report_only,142,229,1,1,0,0,success,success
lateral,balance,off_diagonal_report_only,142,230,1,1,0,0,success,success
lateral,balance,off_diagonal_report_only,142,231,1,1,0,0,success,success
lateral,balance,off_diagonal_report_only,142,232,1,1,0,0,success,success
lateral,balance,off_diagonal_report_only,142,233,1,1,0,0,success,success
lateral,balance,off_diagonal_report_only,142,234,1,1,0,0,success,success
lateral,balance,off_diagonal_report_only,142,235,1,1,0,0,success,success
lateral,balance,off_diagonal_report_only,142,236,1,1,0,0,success,success
lateral,balance,off_diagonal_report_only,142,237,1,1,0,0,success,success
lateral,balance,off_diagonal_report_only,142,238,1,1,0,0,success,success
lateral,balance,off_diagonal_report_only,142,239,1,1,0,0,success,success
lateral,balance,off_diagonal_report_only,142,240,1,1,0,0,success,success
lateral,balance,off_diagonal_report_only,142,241,1,1,0,0,success,success
lateral,balance,off_diagonal_report_only,142,242,1,1,0,0,success,success
lateral,balance,off_diagonal_report_only,142,243,1,1,0,0,success,success
lateral,balance,off_diagonal_report_only,142,244,1,1,0,0,success,success
lateral,balance,off_diagonal_report_only,142,245,1,1,0,0,success,success
lateral,balance,off_diagonal_report_only,142,246,1,1,0,0,success,success
lateral,balance,off_diagonal_report_only,142,247,1,1,0,0,success,success
lateral,balance,off_diagonal_report_only,142,248,1,1,0,0,success,success
lateral,balance,off_diagonal_report_only,142,249,1,1,0,0,success,success
lateral,balance,off_diagonal_report_only,142,250,1,1,0,0,success,success
lateral,balance,off_diagonal_report_only,142,251,1,1,0,0,success,success
lateral,balance,off_diagonal_report_only,142,252,1,1,0,0,success,success
lateral,balance,off_diagonal_report_only,142,253,1,1,0,0,success,success
lateral,balance,off_diagonal_report_only,142,254,1,1,0,0,success,success
lateral,balance,off_diagonal_report_only,142,255,1,1,0,0,success,success
lateral,D0,d0_catastrophic,142,0,0,1,1,0,non_lateral_balance_or_phase,success
lateral,D0,d0_catastrophic,142,1,1,1,0,0,success,success
lateral,D0,d0_catastrophic,142,2,1,1,0,0,success,success
lateral,D0,d0_catastrophic,142,3,1,1,0,0,success,success
lateral,D0,d0_catastrophic,142,4,1,1,0,0,success,success
lateral,D0,d0_catastrophic,142,5,1,1,0,0,success,success
lateral,D0,d0_catastrophic,142,6,1,1,0,0,success,success
lateral,D0,d0_catastrophic,142,7,1,1,0,0,success,success
lateral,D0,d0_catastrophic,142,8,1,1,0,0,success,success
lateral,D0,d0_catastrophic,142,9,1,1,0,0,success,success
lateral,D0,d0_catastrophic,142,10,1,1,0,0,success,success
lateral,D0,d0_catastrophic,142,11,1,1,0,0,success,success
lateral,D0,d0_catastrophic,142,12,1,1,0,0,success,success
lateral,D0,d0_catastrophic,142,13,1,1,0,0,success,success
lateral,D0,d0_catastrophic,142,14,1,1,0,0,success,success
lateral,D0,d0_catastrophic,142,15,1,1,0,0,success,success
lateral,D0,d0_catastrophic,142,16,1,1,0,0,success,success
lateral,D0,d0_catastrophic,142,17,1,1,0,0,success,success
lateral,D0,d0_catastrophic,142,18,1,1,0,0,success,success
lateral,D0,d0_catastrophic,142,19,1,1,0,0,success,success
lateral,D0,d0_catastrophic,142,20,1,1,0,0,success,success
lateral,D0,d0_catastrophic,142,21,1,1,0,0,success,success
lateral,D0,d0_catastrophic,142,22,1,1,0,0,success,success
lateral,D0,d0_catastrophic,142,23,1,1,0,0,success,success
lateral,D0,d0_catastrophic,142,24,1,1,0,0,success,success
lateral,D0,d0_catastrophic,142,25,1,1,0,0,success,success
lateral,D0,d0_catastrophic,142,26,1,1,0,0,success,success
lateral,D0,d0_catastrophic,142,27,1,1,0,0,success,success
lateral,D0,d0_catastrophic,142,28,1,1,0,0,success,success
lateral,D0,d0_catastrophic,142,29,1,1,0,0,success,success
lateral,D0,d0_catastrophic,142,30,1,1,0,0,success,success
lateral,D0,d0_catastrophic,142,31,1,1,0,0,success,success
lateral,D0,d0_catastrophic,142,32,1,1,0,0,success,success
lateral,D0,d0_catastrophic,142,33,1,1,0,0,success,success
lateral,D0,d0_catastrophic,142,34,1,1,0,0,success,success
lateral,D0,d0_catastrophic,142,35,1,1,0,0,success,success
lateral,D0,d0_catastrophic,142,36,1,1,0,0,success,success
lateral,D0,d0_catastrophic,142,37,1,1,0,0,success,success
lateral,D0,d0_catastrophic,142,38,1,1,0,0,success,success
lateral,D0,d0_catastrophic,142,39,1,1,0,0,success,success
lateral,D0,d0_catastrophic,142,40,1,1,0,0,success,success
lateral,D0,d0_catastrophic,142,41,1,1,0,0,success,success
lateral,D0,d0_catastrophic,142,42,1,1,0,0,success,success
lateral,D0,d0_catastrophic,142,43,1,1,0,0,success,success
lateral,D0,d0_catastrophic,142,44,1,1,0,0,success,success
lateral,D0,d0_catastrophic,142,45,1,1,0,0,success,success
lateral,D0,d0_catastrophic,142,46,1,1,0,0,success,success
lateral,D0,d0_catastrophic,142,47,1,1,0,0,success,success
lateral,D0,d0_catastrophic,142,48,1,1,0,0,success,success
lateral,D0,d0_catastrophic,142,49,1,0,0,1,success,non_lateral_high_cbf_demand
lateral,D0,d0_catastrophic,142,50,1,1,0,0,success,success
lateral,D0,d0_catastrophic,142,51,1,1,0,0,success,success
lateral,D0,d0_catastrophic,142,52,1,1,0,0,success,success
lateral,D0,d0_catastrophic,142,53,1,1,0,0,success,success
lateral,D0,d0_catastrophic,142,54,1,1,0,0,success,success
lateral,D0,d0_catastrophic,142,55,1,1,0,0,success,success
lateral,D0,d0_catastrophic,142,56,1,1,0,0,success,success
lateral,D0,d0_catastrophic,142,57,1,1,0,0,success,success
lateral,D0,d0_catastrophic,142,58,1,1,0,0,success,success
lateral,D0,d0_catastrophic,142,59,1,1,0,0,success,success
lateral,D0,d0_catastrophic,142,60,1,1,0,0,success,success
lateral,D0,d0_catastrophic,142,61,1,1,0,0,success,success
lateral,D0,d0_catastrophic,142,62,1,1,0,0,success,success
lateral,D0,d0_catastrophic,142,63,1,1,0,0,success,success
lateral,D0,d0_catastrophic,142,64,1,1,0,0,success,success
lateral,D0,d0_catastrophic,142,65,1,1,0,0,success,success
lateral,D0,d0_catastrophic,142,66,1,1,0,0,success,success
lateral,D0,d0_catastrophic,142,67,1,1,0,0,success,success
lateral,D0,d0_catastrophic,142,68,1,1,0,0,success,success
lateral,D0,d0_catastrophic,142,69,1,1,0,0,success,success
lateral,D0,d0_catastrophic,142,70,1,1,0,0,success,success
lateral,D0,d0_catastrophic,142,71,1,1,0,0,success,success
lateral,D0,d0_catastrophic,142,72,1,1,0,0,success,success
lateral,D0,d0_catastrophic,142,73,1,1,0,0,success,success
lateral,D0,d0_catastrophic,142,74,1,1,0,0,success,success
lateral,D0,d0_catastrophic,142,75,1,1,0,0,success,success
lateral,D0,d0_catastrophic,142,76,1,1,0,0,success,success
lateral,D0,d0_catastrophic,142,77,1,1,0,0,success,success
lateral,D0,d0_catastrophic,142,78,1,1,0,0,success,success
lateral,D0,d0_catastrophic,142,79,0,0,1,1,non_lateral_high_cbf_demand,lateral_heading_drift
lateral,D0,d0_catastrophic,142,80,1,1,0,0,success,success
lateral,D0,d0_catastrophic,142,81,1,1,0,0,success,success
lateral,D0,d0_catastrophic,142,82,1,1,0,0,success,success
lateral,D0,d0_catastrophic,142,83,1,1,0,0,success,success
lateral,D0,d0_catastrophic,142,84,1,1,0,0,success,success
lateral,D0,d0_catastrophic,142,85,1,1,0,0,success,success
lateral,D0,d0_catastrophic,142,86,1,1,0,0,success,success
lateral,D0,d0_catastrophic,142,87,1,1,0,0,success,success
lateral,D0,d0_catastrophic,142,88,1,1,0,0,success,success
lateral,D0,d0_catastrophic,142,89,1,1,0,0,success,success
lateral,D0,d0_catastrophic,142,90,1,1,0,0,success,success
lateral,D0,d0_catastrophic,142,91,1,1,0,0,success,success
lateral,D0,d0_catastrophic,142,92,1,1,0,0,success,success
lateral,D0,d0_catastrophic,142,93,1,1,0,0,success,success
lateral,D0,d0_catastrophic,142,94,1,1,0,0,success,success
lateral,D0,d0_catastrophic,142,95,1,1,0,0,success,success
lateral,D0,d0_catastrophic,142,96,1,1,0,0,success,success
lateral,D0,d0_catastrophic,142,97,1,1,0,0,success,success
lateral,D0,d0_catastrophic,142,98,1,1,0,0,success,success
lateral,D0,d0_catastrophic,142,99,1,1,0,0,success,success
lateral,D0,d0_catastrophic,142,100,1,1,0,0,success,success
lateral,D0,d0_catastrophic,142,101,1,1,0,0,success,success
lateral,D0,d0_catastrophic,142,102,1,1,0,0,success,success
lateral,D0,d0_catastrophic,142,103,1,1,0,0,success,success
lateral,D0,d0_catastrophic,142,104,1,1,0,0,success,success
lateral,D0,d0_catastrophic,142,105,1,1,0,0,success,success
lateral,D0,d0_catastrophic,142,106,1,1,0,0,success,success
lateral,D0,d0_catastrophic,142,107,1,1,0,0,success,success
lateral,D0,d0_catastrophic,142,108,1,1,0,0,success,success
lateral,D0,d0_catastrophic,142,109,1,1,0,0,success,success
lateral,D0,d0_catastrophic,142,110,1,1,0,0,success,success
lateral,D0,d0_catastrophic,142,111,1,1,0,0,success,success
lateral,D0,d0_catastrophic,142,112,1,1,0,0,success,success
lateral,D0,d0_catastrophic,142,113,1,1,0,0,success,success
lateral,D0,d0_catastrophic,142,114,0,1,0,0,timeout_or_other_nonfall,success
lateral,D0,d0_catastrophic,142,115,0,1,0,0,timeout_or_other_nonfall,success
lateral,D0,d0_catastrophic,142,116,0,1,0,0,timeout_or_other_nonfall,success
lateral,D0,d0_catastrophic,142,117,0,1,0,0,timeout_or_other_nonfall,success
lateral,D0,d0_catastrophic,142,118,0,1,0,0,timeout_or_other_nonfall,success
lateral,D0,d0_catastrophic,142,119,0,0,0,0,timeout_or_other_nonfall,timeout_or_other_nonfall
lateral,D0,d0_catastrophic,142,120,0,0,0,0,timeout_or_other_nonfall,timeout_or_other_nonfall
lateral,D0,d0_catastrophic,142,121,0,0,0,0,timeout_or_other_nonfall,timeout_or_other_nonfall
lateral,D0,d0_catastrophic,142,122,0,0,0,0,timeout_or_other_nonfall,timeout_or_other_nonfall
lateral,D0,d0_catastrophic,142,123,0,0,0,0,timeout_or_other_nonfall,timeout_or_other_nonfall
lateral,D0,d0_catastrophic,142,124,0,0,0,0,timeout_or_other_nonfall,timeout_or_other_nonfall
lateral,D0,d0_catastrophic,142,125,0,0,0,0,timeout_or_other_nonfall,timeout_or_other_nonfall
lateral,D0,d0_catastrophic,142,126,0,0,0,0,timeout_or_other_nonfall,timeout_or_other_nonfall
lateral,D0,d0_catastrophic,142,127,0,0,0,0,timeout_or_other_nonfall,timeout_or_other_nonfall
lateral,D0,d0_catastrophic,142,128,0,1,1,0,non_lateral_balance_or_phase,success
lateral,D0,d0_catastrophic,142,129,0,1,1,0,non_lateral_high_cbf_demand,success
lateral,D0,d0_catastrophic,142,130,1,1,0,0,success,success
lateral,D0,d0_catastrophic,142,131,1,1,0,0,success,success
lateral,D0,d0_catastrophic,142,132,1,1,0,0,success,success
lateral,D0,d0_catastrophic,142,133,1,1,0,0,success,success
lateral,D0,d0_catastrophic,142,134,1,1,0,0,success,success
lateral,D0,d0_catastrophic,142,135,1,1,0,0,success,success
lateral,D0,d0_catastrophic,142,136,1,1,0,0,success,success
lateral,D0,d0_catastrophic,142,137,1,1,0,0,success,success
lateral,D0,d0_catastrophic,142,138,1,1,0,0,success,success
lateral,D0,d0_catastrophic,142,139,1,1,0,0,success,success
lateral,D0,d0_catastrophic,142,140,1,1,0,0,success,success
lateral,D0,d0_catastrophic,142,141,1,1,0,0,success,success
lateral,D0,d0_catastrophic,142,142,1,1,0,0,success,success
lateral,D0,d0_catastrophic,142,143,1,1,0,0,success,success
lateral,D0,d0_catastrophic,142,144,1,1,0,0,success,success
lateral,D0,d0_catastrophic,142,145,1,1,0,0,success,success
lateral,D0,d0_catastrophic,142,146,1,1,0,0,success,success
lateral,D0,d0_catastrophic,142,147,1,1,0,0,success,success
lateral,D0,d0_catastrophic,142,148,1,1,0,0,success,success
lateral,D0,d0_catastrophic,142,149,1,1,0,0,success,success
lateral,D0,d0_catastrophic,142,150,1,1,0,0,success,success
lateral,D0,d0_catastrophic,142,151,1,1,0,0,success,success
lateral,D0,d0_catastrophic,142,152,1,1,0,0,success,success
lateral,D0,d0_catastrophic,142,153,1,1,0,0,success,success
lateral,D0,d0_catastrophic,142,154,1,1,0,0,success,success
lateral,D0,d0_catastrophic,142,155,1,1,0,0,success,success
lateral,D0,d0_catastrophic,142,156,1,1,0,0,success,success
lateral,D0,d0_catastrophic,142,157,1,1,0,0,success,success
lateral,D0,d0_catastrophic,142,158,1,1,0,0,success,success
lateral,D0,d0_catastrophic,142,159,1,1,0,0,success,success
lateral,D0,d0_catastrophic,142,160,1,1,0,0,success,success
lateral,D0,d0_catastrophic,142,161,1,1,0,0,success,success
lateral,D0,d0_catastrophic,142,162,1,1,0,0,success,success
lateral,D0,d0_catastrophic,142,163,1,1,0,0,success,success
lateral,D0,d0_catastrophic,142,164,1,1,0,0,success,success
lateral,D0,d0_catastrophic,142,165,1,1,0,0,success,success
lateral,D0,d0_catastrophic,142,166,1,1,0,0,success,success
lateral,D0,d0_catastrophic,142,167,1,1,0,0,success,success
lateral,D0,d0_catastrophic,142,168,1,1,0,0,success,success
lateral,D0,d0_catastrophic,142,169,1,1,0,0,success,success
lateral,D0,d0_catastrophic,142,170,1,1,0,0,success,success
lateral,D0,d0_catastrophic,142,171,1,1,0,0,success,success
lateral,D0,d0_catastrophic,142,172,1,1,0,0,success,success
lateral,D0,d0_catastrophic,142,173,1,1,0,0,success,success
lateral,D0,d0_catastrophic,142,174,1,1,0,0,success,success
lateral,D0,d0_catastrophic,142,175,1,1,0,0,success,success
lateral,D0,d0_catastrophic,142,176,1,1,0,0,success,success
lateral,D0,d0_catastrophic,142,177,1,1,0,0,success,success
lateral,D0,d0_catastrophic,142,178,1,1,0,0,success,success
lateral,D0,d0_catastrophic,142,179,1,1,0,0,success,success
lateral,D0,d0_catastrophic,142,180,1,1,0,0,success,success
lateral,D0,d0_catastrophic,142,181,1,1,0,0,success,success
lateral,D0,d0_catastrophic,142,182,1,1,0,0,success,success
lateral,D0,d0_catastrophic,142,183,1,1,0,0,success,success
lateral,D0,d0_catastrophic,142,184,1,1,0,0,success,success
lateral,D0,d0_catastrophic,142,185,1,1,0,0,success,success
lateral,D0,d0_catastrophic,142,186,1,1,0,0,success,success
lateral,D0,d0_catastrophic,142,187,1,1,0,0,success,success
lateral,D0,d0_catastrophic,142,188,1,1,0,0,success,success
lateral,D0,d0_catastrophic,142,189,1,1,0,0,success,success
lateral,D0,d0_catastrophic,142,190,1,1,0,0,success,success
lateral,D0,d0_catastrophic,142,191,1,1,0,0,success,success
lateral,D0,d0_catastrophic,142,192,1,1,0,0,success,success
lateral,D0,d0_catastrophic,142,193,1,1,0,0,success,success
lateral,D0,d0_catastrophic,142,194,1,1,0,0,success,success
lateral,D0,d0_catastrophic,142,195,1,1,0,0,success,success
lateral,D0,d0_catastrophic,142,196,1,1,0,0,success,success
lateral,D0,d0_catastrophic,142,197,1,1,0,0,success,success
lateral,D0,d0_catastrophic,142,198,1,1,0,0,success,success
lateral,D0,d0_catastrophic,142,199,1,1,0,0,success,success
lateral,D0,d0_catastrophic,142,200,1,1,0,0,success,success
lateral,D0,d0_catastrophic,142,201,1,1,0,0,success,success
lateral,D0,d0_catastrophic,142,202,1,1,0,0,success,success
lateral,D0,d0_catastrophic,142,203,1,1,0,0,success,success
lateral,D0,d0_catastrophic,142,204,1,1,0,0,success,success
lateral,D0,d0_catastrophic,142,205,1,1,0,0,success,success
lateral,D0,d0_catastrophic,142,206,1,1,0,0,success,success
lateral,D0,d0_catastrophic,142,207,1,1,0,0,success,success
lateral,D0,d0_catastrophic,142,208,1,1,0,0,success,success
lateral,D0,d0_catastrophic,142,209,1,1,0,0,success,success
lateral,D0,d0_catastrophic,142,210,1,1,0,0,success,success
lateral,D0,d0_catastrophic,142,211,1,1,0,0,success,success
lateral,D0,d0_catastrophic,142,212,1,1,0,0,success,success
lateral,D0,d0_catastrophic,142,213,1,1,0,0,success,success
lateral,D0,d0_catastrophic,142,214,1,1,0,0,success,success
lateral,D0,d0_catastrophic,142,215,1,1,0,0,success,success
lateral,D0,d0_catastrophic,142,216,1,1,0,0,success,success
lateral,D0,d0_catastrophic,142,217,1,1,0,0,success,success
lateral,D0,d0_catastrophic,142,218,1,1,0,0,success,success
lateral,D0,d0_catastrophic,142,219,1,1,0,0,success,success
lateral,D0,d0_catastrophic,142,220,1,1,0,0,success,success
lateral,D0,d0_catastrophic,142,221,1,1,0,0,success,success
lateral,D0,d0_catastrophic,142,222,1,1,0,0,success,success
lateral,D0,d0_catastrophic,142,223,1,1,0,0,success,success
lateral,D0,d0_catastrophic,142,224,1,1,0,0,success,success
lateral,D0,d0_catastrophic,142,225,1,1,0,0,success,success
lateral,D0,d0_catastrophic,142,226,1,1,0,0,success,success
lateral,D0,d0_catastrophic,142,227,1,1,0,0,success,success
lateral,D0,d0_catastrophic,142,228,1,1,0,0,success,success
lateral,D0,d0_catastrophic,142,229,1,1,0,0,success,success
lateral,D0,d0_catastrophic,142,230,1,1,0,0,success,success
lateral,D0,d0_catastrophic,142,231,1,1,0,0,success,success
lateral,D0,d0_catastrophic,142,232,1,1,0,0,success,success
lateral,D0,d0_catastrophic,142,233,1,1,0,0,success,success
lateral,D0,d0_catastrophic,142,234,1,1,0,0,success,success
lateral,D0,d0_catastrophic,142,235,1,1,0,0,success,success
lateral,D0,d0_catastrophic,142,236,1,1,0,0,success,success
lateral,D0,d0_catastrophic,142,237,1,1,0,0,success,success
lateral,D0,d0_catastrophic,142,238,1,1,0,0,success,success
lateral,D0,d0_catastrophic,142,239,1,1,0,0,success,success
lateral,D0,d0_catastrophic,142,240,1,1,0,0,success,success
lateral,D0,d0_catastrophic,142,241,1,1,0,0,success,success
lateral,D0,d0_catastrophic,142,242,1,1,0,0,success,success
lateral,D0,d0_catastrophic,142,243,1,1,0,0,success,success
lateral,D0,d0_catastrophic,142,244,0,1,0,0,timeout_or_other_nonfall,success
lateral,D0,d0_catastrophic,142,245,0,1,0,0,timeout_or_other_nonfall,success
lateral,D0,d0_catastrophic,142,246,0,1,0,0,timeout_or_other_nonfall,success
lateral,D0,d0_catastrophic,142,247,0,1,0,0,timeout_or_other_nonfall,success
lateral,D0,d0_catastrophic,142,248,0,1,0,0,timeout_or_other_nonfall,success
lateral,D0,d0_catastrophic,142,249,0,1,0,0,timeout_or_other_nonfall,success
lateral,D0,d0_catastrophic,142,250,0,1,0,0,timeout_or_other_nonfall,success
lateral,D0,d0_catastrophic,142,251,0,0,0,0,timeout_or_other_nonfall,timeout_or_other_nonfall
lateral,D0,d0_catastrophic,142,252,0,0,0,0,timeout_or_other_nonfall,timeout_or_other_nonfall
lateral,D0,d0_catastrophic,142,253,0,0,0,0,timeout_or_other_nonfall,timeout_or_other_nonfall
lateral,D0,d0_catastrophic,142,254,0,0,0,0,timeout_or_other_nonfall,timeout_or_other_nonfall
lateral,D0,d0_catastrophic,142,255,0,0,0,0,timeout_or_other_nonfall,timeout_or_other_nonfall
lateral,lateral,diagonal_primary,242,0,0,0,1,1,non_lateral_balance_or_phase,non_lateral_high_cbf_demand
lateral,lateral,diagonal_primary,242,1,0,0,1,1,lateral_heading_drift,non_lateral_high_cbf_demand
lateral,lateral,diagonal_primary,242,2,0,0,1,1,non_lateral_high_cbf_demand,lateral_heading_drift
lateral,lateral,diagonal_primary,242,3,0,0,1,1,lateral_heading_drift,non_lateral_high_cbf_demand
lateral,lateral,diagonal_primary,242,4,0,0,1,1,lateral_heading_drift,lateral_heading_drift
lateral,lateral,diagonal_primary,242,5,0,0,1,1,lateral_heading_drift,lateral_heading_drift
lateral,lateral,diagonal_primary,242,6,0,0,1,1,lateral_heading_drift,lateral_heading_drift
lateral,lateral,diagonal_primary,242,7,0,0,1,1,non_lateral_high_cbf_demand,lateral_heading_drift
lateral,lateral,diagonal_primary,242,8,0,0,1,1,lateral_heading_drift,lateral_heading_drift
lateral,lateral,diagonal_primary,242,9,0,0,1,1,lateral_heading_drift,non_lateral_high_cbf_demand
lateral,lateral,diagonal_primary,242,10,0,1,1,0,lateral_heading_drift,success
lateral,lateral,diagonal_primary,242,11,0,0,1,1,lateral_heading_drift,lateral_heading_drift
lateral,lateral,diagonal_primary,242,12,0,0,1,1,non_lateral_balance_or_phase,non_lateral_high_cbf_demand
lateral,lateral,diagonal_primary,242,13,0,1,1,0,lateral_heading_drift,success
lateral,lateral,diagonal_primary,242,14,0,1,1,0,non_lateral_high_cbf_demand,success
lateral,lateral,diagonal_primary,242,15,0,1,1,0,non_lateral_balance_or_phase,success
lateral,lateral,diagonal_primary,242,16,0,1,1,0,lateral_heading_drift,success
lateral,lateral,diagonal_primary,242,17,1,1,0,0,success,success
lateral,lateral,diagonal_primary,242,18,0,1,1,0,lateral_heading_drift,success
lateral,lateral,diagonal_primary,242,19,1,0,0,1,success,lateral_heading_drift
lateral,lateral,diagonal_primary,242,20,0,0,1,1,lateral_heading_drift,lateral_heading_drift
lateral,lateral,diagonal_primary,242,21,1,1,0,0,success,success
lateral,lateral,diagonal_primary,242,22,0,0,1,1,lateral_heading_drift,lateral_heading_drift
lateral,lateral,diagonal_primary,242,23,1,0,0,1,success,lateral_heading_drift
lateral,lateral,diagonal_primary,242,24,0,1,1,0,lateral_heading_drift,success
lateral,lateral,diagonal_primary,242,25,1,0,0,1,success,lateral_heading_drift
lateral,lateral,diagonal_primary,242,26,0,1,1,0,lateral_heading_drift,success
lateral,lateral,diagonal_primary,242,27,1,1,0,0,success,success
lateral,lateral,diagonal_primary,242,28,1,1,0,0,success,success
lateral,lateral,diagonal_primary,242,29,1,1,0,0,success,success
lateral,lateral,diagonal_primary,242,30,1,0,0,1,success,lateral_heading_drift
lateral,lateral,diagonal_primary,242,31,0,1,1,0,lateral_heading_drift,success
lateral,lateral,diagonal_primary,242,32,1,0,0,1,success,lateral_heading_drift
lateral,lateral,diagonal_primary,242,33,1,1,0,0,success,success
lateral,lateral,diagonal_primary,242,34,1,1,0,0,success,success
lateral,lateral,diagonal_primary,242,35,1,1,0,0,success,success
lateral,lateral,diagonal_primary,242,36,0,1,1,0,lateral_heading_drift,success
lateral,lateral,diagonal_primary,242,37,1,1,0,0,success,success
lateral,lateral,diagonal_primary,242,38,1,1,0,0,success,success
lateral,lateral,diagonal_primary,242,39,0,1,1,0,lateral_heading_drift,success
lateral,lateral,diagonal_primary,242,40,1,1,0,0,success,success
lateral,lateral,diagonal_primary,242,41,1,1,0,0,success,success
lateral,lateral,diagonal_primary,242,42,1,1,0,0,success,success
lateral,lateral,diagonal_primary,242,43,0,1,1,0,lateral_heading_drift,success
lateral,lateral,diagonal_primary,242,44,1,1,0,0,success,success
lateral,lateral,diagonal_primary,242,45,1,1,0,0,success,success
lateral,lateral,diagonal_primary,242,46,1,0,0,1,success,lateral_heading_drift
lateral,lateral,diagonal_primary,242,47,1,1,0,0,success,success
lateral,lateral,diagonal_primary,242,48,1,1,0,0,success,success
lateral,lateral,diagonal_primary,242,49,1,1,0,0,success,success
lateral,lateral,diagonal_primary,242,50,1,1,0,0,success,success
lateral,lateral,diagonal_primary,242,51,1,1,0,0,success,success
lateral,lateral,diagonal_primary,242,52,1,1,0,0,success,success
lateral,lateral,diagonal_primary,242,53,1,1,0,0,success,success
lateral,lateral,diagonal_primary,242,54,1,1,0,0,success,success
lateral,lateral,diagonal_primary,242,55,1,1,0,0,success,success
lateral,lateral,diagonal_primary,242,56,1,1,0,0,success,success
lateral,lateral,diagonal_primary,242,57,1,1,0,0,success,success
lateral,lateral,diagonal_primary,242,58,1,1,0,0,success,success
lateral,lateral,diagonal_primary,242,59,1,1,0,0,success,success
lateral,lateral,diagonal_primary,242,60,0,1,1,0,lateral_heading_drift,success
lateral,lateral,diagonal_primary,242,61,0,1,1,0,lateral_heading_drift,success
lateral,lateral,diagonal_primary,242,62,1,1,0,0,success,success
lateral,lateral,diagonal_primary,242,63,0,0,1,1,lateral_heading_drift,lateral_heading_drift
lateral,lateral,diagonal_primary,242,64,0,1,1,0,lateral_heading_drift,success
lateral,lateral,diagonal_primary,242,65,1,1,0,0,success,success
lateral,lateral,diagonal_primary,242,66,1,1,0,0,success,success
lateral,lateral,diagonal_primary,242,67,0,1,1,0,lateral_heading_drift,success
lateral,lateral,diagonal_primary,242,68,1,1,0,0,success,success
lateral,lateral,diagonal_primary,242,69,1,1,0,0,success,success
lateral,lateral,diagonal_primary,242,70,0,1,1,0,lateral_heading_drift,success
lateral,lateral,diagonal_primary,242,71,1,1,0,0,success,success
lateral,lateral,diagonal_primary,242,72,1,1,0,0,success,success
lateral,lateral,diagonal_primary,242,73,1,0,0,1,success,lateral_heading_drift
lateral,lateral,diagonal_primary,242,74,0,1,1,0,lateral_heading_drift,success
lateral,lateral,diagonal_primary,242,75,1,1,0,0,success,success
lateral,lateral,diagonal_primary,242,76,1,1,0,0,success,success
lateral,lateral,diagonal_primary,242,77,1,1,0,0,success,success
lateral,lateral,diagonal_primary,242,78,1,1,0,0,success,success
lateral,lateral,diagonal_primary,242,79,1,1,0,0,success,success
lateral,lateral,diagonal_primary,242,80,1,1,0,0,success,success
lateral,lateral,diagonal_primary,242,81,1,1,0,0,success,success
lateral,lateral,diagonal_primary,242,82,1,1,0,0,success,success
lateral,lateral,diagonal_primary,242,83,1,1,0,0,success,success
lateral,lateral,diagonal_primary,242,84,1,0,0,1,success,lateral_heading_drift
lateral,lateral,diagonal_primary,242,85,1,1,0,0,success,success
lateral,lateral,diagonal_primary,242,86,1,1,0,0,success,success
lateral,lateral,diagonal_primary,242,87,1,1,0,0,success,success
lateral,lateral,diagonal_primary,242,88,1,1,0,0,success,success
lateral,lateral,diagonal_primary,242,89,1,1,0,0,success,success
lateral,lateral,diagonal_primary,242,90,1,1,0,0,success,success
lateral,lateral,diagonal_primary,242,91,1,1,0,0,success,success
lateral,lateral,diagonal_primary,242,92,1,1,0,0,success,success
lateral,lateral,diagonal_primary,242,93,0,1,1,0,lateral_heading_drift,success
lateral,lateral,diagonal_primary,242,94,1,1,0,0,success,success
lateral,lateral,diagonal_primary,242,95,1,1,0,0,success,success
lateral,lateral,diagonal_primary,242,96,1,1,0,0,success,success
lateral,lateral,diagonal_primary,242,97,1,1,0,0,success,success
lateral,lateral,diagonal_primary,242,98,1,1,0,0,success,success
lateral,lateral,diagonal_primary,242,99,1,1,0,0,success,success
lateral,lateral,diagonal_primary,242,100,1,0,0,1,success,lateral_heading_drift
lateral,lateral,diagonal_primary,242,101,1,1,0,0,success,success
lateral,lateral,diagonal_primary,242,102,1,1,0,0,success,success
lateral,lateral,diagonal_primary,242,103,1,1,0,0,success,success
lateral,lateral,diagonal_primary,242,104,1,0,0,1,success,lateral_heading_drift
lateral,lateral,diagonal_primary,242,105,0,1,1,0,lateral_heading_drift,success
lateral,lateral,diagonal_primary,242,106,0,1,1,0,lateral_heading_drift,success
lateral,lateral,diagonal_primary,242,107,1,0,0,1,success,lateral_heading_drift
lateral,lateral,diagonal_primary,242,108,0,1,1,0,lateral_heading_drift,success
lateral,lateral,diagonal_primary,242,109,1,1,0,0,success,success
lateral,lateral,diagonal_primary,242,110,1,1,0,0,success,success
lateral,lateral,diagonal_primary,242,111,1,1,0,0,success,success
lateral,lateral,diagonal_primary,242,112,1,1,0,0,success,success
lateral,lateral,diagonal_primary,242,113,1,1,0,0,success,success
lateral,lateral,diagonal_primary,242,114,1,1,0,0,success,success
lateral,lateral,diagonal_primary,242,115,1,1,0,0,success,success
lateral,lateral,diagonal_primary,242,116,1,1,0,0,success,success
lateral,lateral,diagonal_primary,242,117,1,1,0,0,success,success
lateral,lateral,diagonal_primary,242,118,1,1,0,0,success,success
lateral,lateral,diagonal_primary,242,119,1,1,0,0,success,success
lateral,lateral,diagonal_primary,242,120,1,1,0,0,success,success
lateral,lateral,diagonal_primary,242,121,1,0,0,1,success,lateral_heading_drift
lateral,lateral,diagonal_primary,242,122,1,1,0,0,success,success
lateral,lateral,diagonal_primary,242,123,1,1,0,0,success,success
lateral,lateral,diagonal_primary,242,124,1,1,0,0,success,success
lateral,lateral,diagonal_primary,242,125,1,1,0,0,success,success
lateral,lateral,diagonal_primary,242,126,0,1,1,0,lateral_heading_drift,success
lateral,lateral,diagonal_primary,242,127,1,1,0,0,success,success
lateral,lateral,diagonal_primary,242,128,0,0,1,1,lateral_heading_drift,lateral_heading_drift
lateral,lateral,diagonal_primary,242,129,0,0,1,1,lateral_heading_drift,non_lateral_balance_or_phase
lateral,lateral,diagonal_primary,242,130,0,0,1,1,lateral_heading_drift,lateral_heading_drift
lateral,lateral,diagonal_primary,242,131,0,0,1,1,lateral_heading_drift,lateral_heading_drift
lateral,lateral,diagonal_primary,242,132,0,0,1,1,non_lateral_high_cbf_demand,lateral_heading_drift
lateral,lateral,diagonal_primary,242,133,0,0,1,1,lateral_heading_drift,lateral_heading_drift
lateral,lateral,diagonal_primary,242,134,0,0,1,1,non_lateral_high_cbf_demand,lateral_heading_drift
lateral,lateral,diagonal_primary,242,135,0,0,1,1,lateral_heading_drift,non_lateral_high_cbf_demand
lateral,lateral,diagonal_primary,242,136,1,0,0,1,success,lateral_heading_drift
lateral,lateral,diagonal_primary,242,137,0,0,1,1,lateral_heading_drift,lateral_heading_drift
lateral,lateral,diagonal_primary,242,138,0,0,1,1,lateral_heading_drift,lateral_heading_drift
lateral,lateral,diagonal_primary,242,139,0,0,1,1,lateral_heading_drift,lateral_heading_drift
lateral,lateral,diagonal_primary,242,140,0,0,1,1,non_lateral_high_cbf_demand,non_lateral_high_cbf_demand
lateral,lateral,diagonal_primary,242,141,0,0,1,1,lateral_heading_drift,lateral_heading_drift
lateral,lateral,diagonal_primary,242,142,0,0,1,1,lateral_heading_drift,lateral_heading_drift
lateral,lateral,diagonal_primary,242,143,0,1,1,0,lateral_heading_drift,success
lateral,lateral,diagonal_primary,242,144,0,1,1,0,non_lateral_balance_or_phase,success
lateral,lateral,diagonal_primary,242,145,1,1,0,0,success,success
lateral,lateral,diagonal_primary,242,146,1,1,0,0,success,success
lateral,lateral,diagonal_primary,242,147,1,0,0,1,success,lateral_heading_drift
lateral,lateral,diagonal_primary,242,148,1,1,0,0,success,success
lateral,lateral,diagonal_primary,242,149,1,1,0,0,success,success
lateral,lateral,diagonal_primary,242,150,1,1,0,0,success,success
lateral,lateral,diagonal_primary,242,151,1,1,0,0,success,success
lateral,lateral,diagonal_primary,242,152,0,1,1,0,lateral_heading_drift,success
lateral,lateral,diagonal_primary,242,153,0,1,1,0,lateral_heading_drift,success
lateral,lateral,diagonal_primary,242,154,1,1,0,0,success,success
lateral,lateral,diagonal_primary,242,155,1,1,0,0,success,success
lateral,lateral,diagonal_primary,242,156,1,1,0,0,success,success
lateral,lateral,diagonal_primary,242,157,0,1,1,0,lateral_heading_drift,success
lateral,lateral,diagonal_primary,242,158,1,1,0,0,success,success
lateral,lateral,diagonal_primary,242,159,1,1,0,0,success,success
lateral,lateral,diagonal_primary,242,160,0,1,1,0,lateral_heading_drift,success
lateral,lateral,diagonal_primary,242,161,1,1,0,0,success,success
lateral,lateral,diagonal_primary,242,162,1,1,0,0,success,success
lateral,lateral,diagonal_primary,242,163,1,0,0,1,success,lateral_heading_drift
lateral,lateral,diagonal_primary,242,164,1,1,0,0,success,success
lateral,lateral,diagonal_primary,242,165,1,1,0,0,success,success
lateral,lateral,diagonal_primary,242,166,1,1,0,0,success,success
lateral,lateral,diagonal_primary,242,167,1,1,0,0,success,success
lateral,lateral,diagonal_primary,242,168,1,1,0,0,success,success
lateral,lateral,diagonal_primary,242,169,1,1,0,0,success,success
lateral,lateral,diagonal_primary,242,170,1,1,0,0,success,success
lateral,lateral,diagonal_primary,242,171,1,1,0,0,success,success
lateral,lateral,diagonal_primary,242,172,1,1,0,0,success,success
lateral,lateral,diagonal_primary,242,173,1,1,0,0,success,success
lateral,lateral,diagonal_primary,242,174,1,1,0,0,success,success
lateral,lateral,diagonal_primary,242,175,1,1,0,0,success,success
lateral,lateral,diagonal_primary,242,176,1,1,0,0,success,success
lateral,lateral,diagonal_primary,242,177,1,1,0,0,success,success
lateral,lateral,diagonal_primary,242,178,1,0,0,1,success,lateral_heading_drift
lateral,lateral,diagonal_primary,242,179,0,1,1,0,lateral_heading_drift,success
lateral,lateral,diagonal_primary,242,180,1,1,0,0,success,success
lateral,lateral,diagonal_primary,242,181,1,1,0,0,success,success
lateral,lateral,diagonal_primary,242,182,1,1,0,0,success,success
lateral,lateral,diagonal_primary,242,183,1,1,0,0,success,success
lateral,lateral,diagonal_primary,242,184,1,1,0,0,success,success
lateral,lateral,diagonal_primary,242,185,0,1,1,0,lateral_heading_drift,success
lateral,lateral,diagonal_primary,242,186,1,1,0,0,success,success
lateral,lateral,diagonal_primary,242,187,0,1,1,0,lateral_heading_drift,success
lateral,lateral,diagonal_primary,242,188,1,1,0,0,success,success
lateral,lateral,diagonal_primary,242,189,0,1,1,0,lateral_heading_drift,success
lateral,lateral,diagonal_primary,242,190,0,1,1,0,lateral_heading_drift,success
lateral,lateral,diagonal_primary,242,191,0,1,1,0,lateral_heading_drift,success
lateral,lateral,diagonal_primary,242,192,1,1,0,0,success,success
lateral,lateral,diagonal_primary,242,193,0,0,1,1,lateral_heading_drift,lateral_heading_drift
lateral,lateral,diagonal_primary,242,194,1,0,0,1,success,lateral_heading_drift
lateral,lateral,diagonal_primary,242,195,1,1,0,0,success,success
lateral,lateral,diagonal_primary,242,196,0,1,1,0,lateral_heading_drift,success
lateral,lateral,diagonal_primary,242,197,1,1,0,0,success,success
lateral,lateral,diagonal_primary,242,198,1,1,0,0,success,success
lateral,lateral,diagonal_primary,242,199,1,1,0,0,success,success
lateral,lateral,diagonal_primary,242,200,1,0,0,1,success,lateral_heading_drift
lateral,lateral,diagonal_primary,242,201,1,1,0,0,success,success
lateral,lateral,diagonal_primary,242,202,1,1,0,0,success,success
lateral,lateral,diagonal_primary,242,203,1,1,0,0,success,success
lateral,lateral,diagonal_primary,242,204,1,0,0,1,success,lateral_heading_drift
lateral,lateral,diagonal_primary,242,205,1,1,0,0,success,success
lateral,lateral,diagonal_primary,242,206,1,1,0,0,success,success
lateral,lateral,diagonal_primary,242,207,1,1,0,0,success,success
lateral,lateral,diagonal_primary,242,208,1,0,0,1,success,lateral_heading_drift
lateral,lateral,diagonal_primary,242,209,1,1,0,0,success,success
lateral,lateral,diagonal_primary,242,210,1,1,0,0,success,success
lateral,lateral,diagonal_primary,242,211,1,1,0,0,success,success
lateral,lateral,diagonal_primary,242,212,0,1,1,0,lateral_heading_drift,success
lateral,lateral,diagonal_primary,242,213,1,1,0,0,success,success
lateral,lateral,diagonal_primary,242,214,1,1,0,0,success,success
lateral,lateral,diagonal_primary,242,215,1,1,0,0,success,success
lateral,lateral,diagonal_primary,242,216,1,1,0,0,success,success
lateral,lateral,diagonal_primary,242,217,1,1,0,0,success,success
lateral,lateral,diagonal_primary,242,218,1,1,0,0,success,success
lateral,lateral,diagonal_primary,242,219,1,1,0,0,success,success
lateral,lateral,diagonal_primary,242,220,1,1,0,0,success,success
lateral,lateral,diagonal_primary,242,221,1,1,0,0,success,success
lateral,lateral,diagonal_primary,242,222,1,1,0,0,success,success
lateral,lateral,diagonal_primary,242,223,0,1,1,0,lateral_heading_drift,success
lateral,lateral,diagonal_primary,242,224,1,1,0,0,success,success
lateral,lateral,diagonal_primary,242,225,1,1,0,0,success,success
lateral,lateral,diagonal_primary,242,226,1,1,0,0,success,success
lateral,lateral,diagonal_primary,242,227,1,1,0,0,success,success
lateral,lateral,diagonal_primary,242,228,1,1,0,0,success,success
lateral,lateral,diagonal_primary,242,229,1,1,0,0,success,success
lateral,lateral,diagonal_primary,242,230,0,1,1,0,lateral_heading_drift,success
lateral,lateral,diagonal_primary,242,231,1,1,0,0,success,success
lateral,lateral,diagonal_primary,242,232,1,0,0,1,success,lateral_heading_drift
lateral,lateral,diagonal_primary,242,233,1,1,0,0,success,success
lateral,lateral,diagonal_primary,242,234,1,1,0,0,success,success
lateral,lateral,diagonal_primary,242,235,1,1,0,0,success,success
lateral,lateral,diagonal_primary,242,236,1,0,0,1,success,lateral_heading_drift
lateral,lateral,diagonal_primary,242,237,1,1,0,0,success,success
lateral,lateral,diagonal_primary,242,238,1,1,0,0,success,success
lateral,lateral,diagonal_primary,242,239,1,1,0,0,success,success
lateral,lateral,diagonal_primary,242,240,1,1,0,0,success,success
lateral,lateral,diagonal_primary,242,241,1,1,0,0,success,success
lateral,lateral,diagonal_primary,242,242,1,1,0,0,success,success
lateral,lateral,diagonal_primary,242,243,1,1,0,0,success,success
lateral,lateral,diagonal_primary,242,244,1,1,0,0,success,success
lateral,lateral,diagonal_primary,242,245,1,0,0,1,success,lateral_heading_drift
lateral,lateral,diagonal_primary,242,246,1,1,0,0,success,success
lateral,lateral,diagonal_primary,242,247,1,1,0,0,success,success
lateral,lateral,diagonal_primary,242,248,1,1,0,0,success,success
lateral,lateral,diagonal_primary,242,249,1,1,0,0,success,success
lateral,lateral,diagonal_primary,242,250,1,1,0,0,success,success
lateral,lateral,diagonal_primary,242,251,1,1,0,0,success,success
lateral,lateral,diagonal_primary,242,252,1,1,0,0,success,success
lateral,lateral,diagonal_primary,242,253,1,1,0,0,success,success
lateral,lateral,diagonal_primary,242,254,1,1,0,0,success,success
lateral,lateral,diagonal_primary,242,255,1,0,0,1,success,lateral_heading_drift
lateral,lateral,diagonal_primary,242,256,0,0,1,1,lateral_heading_drift,non_lateral_balance_or_phase
lateral,lateral,diagonal_primary,242,257,0,0,1,1,lateral_heading_drift,non_lateral_high_cbf_demand
lateral,lateral,diagonal_primary,242,258,0,0,1,1,lateral_heading_drift,non_lateral_balance_or_phase
lateral,lateral,diagonal_primary,242,259,0,0,1,1,non_lateral_balance_or_phase,lateral_heading_drift
lateral,lateral,diagonal_primary,242,260,0,0,1,1,lateral_heading_drift,lateral_heading_drift
lateral,lateral,diagonal_primary,242,261,0,0,1,1,non_lateral_high_cbf_demand,non_lateral_high_cbf_demand
lateral,lateral,diagonal_primary,242,262,0,0,1,1,non_lateral_high_cbf_demand,lateral_heading_drift
lateral,lateral,diagonal_primary,242,263,0,0,1,1,non_lateral_high_cbf_demand,non_lateral_high_cbf_demand
lateral,lateral,diagonal_primary,242,264,0,1,1,0,lateral_heading_drift,success
lateral,lateral,diagonal_primary,242,265,1,1,0,0,success,success
lateral,lateral,diagonal_primary,242,266,1,1,0,0,success,success
lateral,lateral,diagonal_primary,242,267,1,1,0,0,success,success
lateral,lateral,diagonal_primary,242,268,0,1,1,0,lateral_heading_drift,success
lateral,lateral,diagonal_primary,242,269,0,1,1,0,lateral_heading_drift,success
lateral,lateral,diagonal_primary,242,270,1,1,0,0,success,success
lateral,lateral,diagonal_primary,242,271,0,1,1,0,lateral_heading_drift,success
lateral,lateral,diagonal_primary,242,272,1,1,0,0,success,success
lateral,lateral,diagonal_primary,242,273,1,0,0,1,success,lateral_heading_drift
lateral,lateral,diagonal_primary,242,274,0,0,1,1,lateral_heading_drift,lateral_heading_drift
lateral,lateral,diagonal_primary,242,275,1,0,0,1,success,lateral_heading_drift
lateral,lateral,diagonal_primary,242,276,0,1,1,0,lateral_heading_drift,success
lateral,lateral,diagonal_primary,242,277,1,1,0,0,success,success
lateral,lateral,diagonal_primary,242,278,1,0,0,1,success,lateral_heading_drift
lateral,lateral,diagonal_primary,242,279,1,0,0,1,success,lateral_heading_drift
lateral,lateral,diagonal_primary,242,280,1,1,0,0,success,success
lateral,lateral,diagonal_primary,242,281,1,0,0,1,success,lateral_heading_drift
lateral,lateral,diagonal_primary,242,282,1,1,0,0,success,success
lateral,lateral,diagonal_primary,242,283,0,0,1,1,lateral_heading_drift,lateral_heading_drift
lateral,lateral,diagonal_primary,242,284,0,1,1,0,lateral_heading_drift,success
lateral,lateral,diagonal_primary,242,285,1,0,0,1,success,lateral_heading_drift
lateral,lateral,diagonal_primary,242,286,1,1,0,0,success,success
lateral,lateral,diagonal_primary,242,287,1,1,0,0,success,success
lateral,lateral,diagonal_primary,242,288,1,1,0,0,success,success
lateral,lateral,diagonal_primary,242,289,1,1,0,0,success,success
lateral,lateral,diagonal_primary,242,290,1,1,0,0,success,success
lateral,lateral,diagonal_primary,242,291,1,0,0,1,success,lateral_heading_drift
lateral,lateral,diagonal_primary,242,292,1,1,0,0,success,success
lateral,lateral,diagonal_primary,242,293,1,1,0,0,success,success
lateral,lateral,diagonal_primary,242,294,1,1,0,0,success,success
lateral,lateral,diagonal_primary,242,295,1,1,0,0,success,success
lateral,lateral,diagonal_primary,242,296,1,1,0,0,success,success
lateral,lateral,diagonal_primary,242,297,1,0,0,1,success,lateral_heading_drift
lateral,lateral,diagonal_primary,242,298,1,1,0,0,success,success
lateral,lateral,diagonal_primary,242,299,1,1,0,0,success,success
lateral,lateral,diagonal_primary,242,300,0,1,1,0,lateral_heading_drift,success
lateral,lateral,diagonal_primary,242,301,1,1,0,0,success,success
lateral,lateral,diagonal_primary,242,302,1,1,0,0,success,success
lateral,lateral,diagonal_primary,242,303,1,1,0,0,success,success
lateral,lateral,diagonal_primary,242,304,1,1,0,0,success,success
lateral,lateral,diagonal_primary,242,305,1,1,0,0,success,success
lateral,lateral,diagonal_primary,242,306,1,1,0,0,success,success
lateral,lateral,diagonal_primary,242,307,1,1,0,0,success,success
lateral,lateral,diagonal_primary,242,308,1,1,0,0,success,success
lateral,lateral,diagonal_primary,242,309,1,0,0,1,success,lateral_heading_drift
lateral,lateral,diagonal_primary,242,310,1,0,0,1,success,lateral_heading_drift
lateral,lateral,diagonal_primary,242,311,0,1,1,0,lateral_heading_drift,success
lateral,lateral,diagonal_primary,242,312,1,1,0,0,success,success
lateral,lateral,diagonal_primary,242,313,1,0,0,1,success,lateral_heading_drift
lateral,lateral,diagonal_primary,242,314,1,1,0,0,success,success
lateral,lateral,diagonal_primary,242,315,0,1,1,0,lateral_heading_drift,success
lateral,lateral,diagonal_primary,242,316,1,0,0,1,success,lateral_heading_drift
lateral,lateral,diagonal_primary,242,317,1,1,0,0,success,success
lateral,lateral,diagonal_primary,242,318,1,1,0,0,success,success
lateral,lateral,diagonal_primary,242,319,1,1,0,0,success,success
lateral,lateral,diagonal_primary,242,320,1,0,0,1,success,lateral_heading_drift
lateral,lateral,diagonal_primary,242,321,1,1,0,0,success,success
lateral,lateral,diagonal_primary,242,322,1,1,0,0,success,success
lateral,lateral,diagonal_primary,242,323,0,1,1,0,lateral_heading_drift,success
lateral,lateral,diagonal_primary,242,324,1,1,0,0,success,success
lateral,lateral,diagonal_primary,242,325,0,1,1,0,lateral_heading_drift,success
lateral,lateral,diagonal_primary,242,326,1,1,0,0,success,success
lateral,lateral,diagonal_primary,242,327,1,1,0,0,success,success
lateral,lateral,diagonal_primary,242,328,1,1,0,0,success,success
lateral,lateral,diagonal_primary,242,329,1,1,0,0,success,success
lateral,lateral,diagonal_primary,242,330,1,1,0,0,success,success
lateral,lateral,diagonal_primary,242,331,1,1,0,0,success,success
lateral,lateral,diagonal_primary,242,332,1,1,0,0,success,success
lateral,lateral,diagonal_primary,242,333,1,1,0,0,success,success
lateral,lateral,diagonal_primary,242,334,1,1,0,0,success,success
lateral,lateral,diagonal_primary,242,335,1,1,0,0,success,success
lateral,lateral,diagonal_primary,242,336,1,1,0,0,success,success
lateral,lateral,diagonal_primary,242,337,1,1,0,0,success,success
lateral,lateral,diagonal_primary,242,338,1,1,0,0,success,success
lateral,lateral,diagonal_primary,242,339,1,1,0,0,success,success
lateral,lateral,diagonal_primary,242,340,1,1,0,0,success,success
lateral,lateral,diagonal_primary,242,341,1,1,0,0,success,success
lateral,lateral,diagonal_primary,242,342,0,1,1,0,lateral_heading_drift,success
lateral,lateral,diagonal_primary,242,343,1,1,0,0,success,success
lateral,lateral,diagonal_primary,242,344,1,0,0,1,success,lateral_heading_drift
lateral,lateral,diagonal_primary,242,345,1,1,0,0,success,success
lateral,lateral,diagonal_primary,242,346,1,1,0,0,success,success
lateral,lateral,diagonal_primary,242,347,1,1,0,0,success,success
lateral,lateral,diagonal_primary,242,348,1,1,0,0,success,success
lateral,lateral,diagonal_primary,242,349,1,1,0,0,success,success
lateral,lateral,diagonal_primary,242,350,1,1,0,0,success,success
lateral,lateral,diagonal_primary,242,351,1,1,0,0,success,success
lateral,lateral,diagonal_primary,242,352,1,1,0,0,success,success
lateral,lateral,diagonal_primary,242,353,1,0,0,1,success,lateral_heading_drift
lateral,lateral,diagonal_primary,242,354,1,1,0,0,success,success
lateral,lateral,diagonal_primary,242,355,1,0,0,1,success,lateral_heading_drift
lateral,lateral,diagonal_primary,242,356,1,1,0,0,success,success
lateral,lateral,diagonal_primary,242,357,1,1,0,0,success,success
lateral,lateral,diagonal_primary,242,358,1,1,0,0,success,success
lateral,lateral,diagonal_primary,242,359,1,1,0,0,success,success
lateral,lateral,diagonal_primary,242,360,0,1,1,0,lateral_heading_drift,success
lateral,lateral,diagonal_primary,242,361,1,1,0,0,success,success
lateral,lateral,diagonal_primary,242,362,1,1,0,0,success,success
lateral,lateral,diagonal_primary,242,363,1,1,0,0,success,success
lateral,lateral,diagonal_primary,242,364,1,1,0,0,success,success
lateral,lateral,diagonal_primary,242,365,1,1,0,0,success,success
lateral,lateral,diagonal_primary,242,366,1,1,0,0,success,success
lateral,lateral,diagonal_primary,242,367,1,1,0,0,success,success
lateral,lateral,diagonal_primary,242,368,1,0,0,1,success,lateral_heading_drift
lateral,lateral,diagonal_primary,242,369,1,1,0,0,success,success
lateral,lateral,diagonal_primary,242,370,1,1,0,0,success,success
lateral,lateral,diagonal_primary,242,371,1,1,0,0,success,success
lateral,lateral,diagonal_primary,242,372,1,1,0,0,success,success
lateral,lateral,diagonal_primary,242,373,1,1,0,0,success,success
lateral,lateral,diagonal_primary,242,374,1,1,0,0,success,success
lateral,lateral,diagonal_primary,242,375,1,1,0,0,success,success
lateral,lateral,diagonal_primary,242,376,1,1,0,0,success,success
lateral,lateral,diagonal_primary,242,377,1,1,0,0,success,success
lateral,lateral,diagonal_primary,242,378,1,1,0,0,success,success
lateral,lateral,diagonal_primary,242,379,0,1,1,0,lateral_heading_drift,success
lateral,lateral,diagonal_primary,242,380,1,1,0,0,success,success
lateral,lateral,diagonal_primary,242,381,1,1,0,0,success,success
lateral,lateral,diagonal_primary,242,382,1,1,0,0,success,success
lateral,lateral,diagonal_primary,242,383,1,1,0,0,success,success
lateral,lateral,diagonal_primary,242,384,0,0,1,1,non_lateral_high_cbf_demand,non_lateral_balance_or_phase
lateral,lateral,diagonal_primary,242,385,0,0,1,1,lateral_heading_drift,non_lateral_high_cbf_demand
lateral,lateral,diagonal_primary,242,386,0,0,1,1,non_lateral_balance_or_phase,non_lateral_high_cbf_demand
lateral,lateral,diagonal_primary,242,387,0,0,1,1,non_lateral_balance_or_phase,non_lateral_high_cbf_demand
lateral,lateral,diagonal_primary,242,388,0,0,1,1,lateral_heading_drift,non_lateral_balance_or_phase
lateral,lateral,diagonal_primary,242,389,0,0,1,1,lateral_heading_drift,non_lateral_balance_or_phase
lateral,lateral,diagonal_primary,242,390,0,0,1,1,lateral_heading_drift,lateral_heading_drift
lateral,lateral,diagonal_primary,242,391,0,0,1,1,lateral_heading_drift,non_lateral_balance_or_phase
lateral,lateral,diagonal_primary,242,392,0,0,1,1,lateral_heading_drift,lateral_heading_drift
lateral,lateral,diagonal_primary,242,393,1,0,0,1,success,lateral_heading_drift
lateral,lateral,diagonal_primary,242,394,0,0,1,1,lateral_heading_drift,lateral_heading_drift
lateral,lateral,diagonal_primary,242,395,0,0,1,1,lateral_heading_drift,lateral_heading_drift
lateral,lateral,diagonal_primary,242,396,0,0,1,1,non_lateral_high_cbf_demand,lateral_heading_drift
lateral,lateral,diagonal_primary,242,397,1,0,0,1,success,lateral_heading_drift
lateral,lateral,diagonal_primary,242,398,1,0,0,1,success,lateral_heading_drift
lateral,lateral,diagonal_primary,242,399,0,0,1,1,lateral_heading_drift,lateral_heading_drift
lateral,lateral,diagonal_primary,242,400,0,1,1,0,non_lateral_high_cbf_demand,success
lateral,lateral,diagonal_primary,242,401,1,1,0,0,success,success
lateral,lateral,diagonal_primary,242,402,1,1,0,0,success,success
lateral,lateral,diagonal_primary,242,403,1,0,0,1,success,lateral_heading_drift
lateral,lateral,diagonal_primary,242,404,1,1,0,0,success,success
lateral,lateral,diagonal_primary,242,405,1,0,0,1,success,lateral_heading_drift
lateral,lateral,diagonal_primary,242,406,0,1,1,0,lateral_heading_drift,success
lateral,lateral,diagonal_primary,242,407,1,1,0,0,success,success
lateral,lateral,diagonal_primary,242,408,1,1,0,0,success,success
lateral,lateral,diagonal_primary,242,409,0,1,1,0,lateral_heading_drift,success
lateral,lateral,diagonal_primary,242,410,0,1,1,0,lateral_heading_drift,success
lateral,lateral,diagonal_primary,242,411,1,0,0,1,success,lateral_heading_drift
lateral,lateral,diagonal_primary,242,412,1,1,0,0,success,success
lateral,lateral,diagonal_primary,242,413,1,1,0,0,success,success
lateral,lateral,diagonal_primary,242,414,0,1,1,0,lateral_heading_drift,success
lateral,lateral,diagonal_primary,242,415,1,1,0,0,success,success
lateral,lateral,diagonal_primary,242,416,1,1,0,0,success,success
lateral,lateral,diagonal_primary,242,417,1,1,0,0,success,success
lateral,lateral,diagonal_primary,242,418,1,1,0,0,success,success
lateral,lateral,diagonal_primary,242,419,1,1,0,0,success,success
lateral,lateral,diagonal_primary,242,420,1,1,0,0,success,success
lateral,lateral,diagonal_primary,242,421,1,1,0,0,success,success
lateral,lateral,diagonal_primary,242,422,1,1,0,0,success,success
lateral,lateral,diagonal_primary,242,423,1,1,0,0,success,success
lateral,lateral,diagonal_primary,242,424,1,1,0,0,success,success
lateral,lateral,diagonal_primary,242,425,1,1,0,0,success,success
lateral,lateral,diagonal_primary,242,426,1,1,0,0,success,success
lateral,lateral,diagonal_primary,242,427,1,1,0,0,success,success
lateral,lateral,diagonal_primary,242,428,1,1,0,0,success,success
lateral,lateral,diagonal_primary,242,429,1,0,0,1,success,lateral_heading_drift
lateral,lateral,diagonal_primary,242,430,1,1,0,0,success,success
lateral,lateral,diagonal_primary,242,431,1,1,0,0,success,success
lateral,lateral,diagonal_primary,242,432,1,1,0,0,success,success
lateral,lateral,diagonal_primary,242,433,1,1,0,0,success,success
lateral,lateral,diagonal_primary,242,434,1,1,0,0,success,success
lateral,lateral,diagonal_primary,242,435,1,1,0,0,success,success
lateral,lateral,diagonal_primary,242,436,1,1,0,0,success,success
lateral,lateral,diagonal_primary,242,437,1,1,0,0,success,success
lateral,lateral,diagonal_primary,242,438,0,1,1,0,lateral_heading_drift,success
lateral,lateral,diagonal_primary,242,439,1,1,0,0,success,success
lateral,lateral,diagonal_primary,242,440,0,1,1,0,lateral_heading_drift,success
lateral,lateral,diagonal_primary,242,441,1,1,0,0,success,success
lateral,lateral,diagonal_primary,242,442,1,1,0,0,success,success
lateral,lateral,diagonal_primary,242,443,1,1,0,0,success,success
lateral,lateral,diagonal_primary,242,444,0,1,1,0,lateral_heading_drift,success
lateral,lateral,diagonal_primary,242,445,1,1,0,0,success,success
lateral,lateral,diagonal_primary,242,446,1,0,0,1,success,lateral_heading_drift
lateral,lateral,diagonal_primary,242,447,1,1,0,0,success,success
lateral,lateral,diagonal_primary,242,448,1,1,0,0,success,success
lateral,lateral,diagonal_primary,242,449,1,1,0,0,success,success
lateral,lateral,diagonal_primary,242,450,1,1,0,0,success,success
lateral,lateral,diagonal_primary,242,451,1,1,0,0,success,success
lateral,lateral,diagonal_primary,242,452,1,1,0,0,success,success
lateral,lateral,diagonal_primary,242,453,1,1,0,0,success,success
lateral,lateral,diagonal_primary,242,454,1,1,0,0,success,success
lateral,lateral,diagonal_primary,242,455,1,1,0,0,success,success
lateral,lateral,diagonal_primary,242,456,1,1,0,0,success,success
lateral,lateral,diagonal_primary,242,457,1,1,0,0,success,success
lateral,lateral,diagonal_primary,242,458,1,1,0,0,success,success
lateral,lateral,diagonal_primary,242,459,1,1,0,0,success,success
lateral,lateral,diagonal_primary,242,460,1,1,0,0,success,success
lateral,lateral,diagonal_primary,242,461,1,1,0,0,success,success
lateral,lateral,diagonal_primary,242,462,1,1,0,0,success,success
lateral,lateral,diagonal_primary,242,463,1,1,0,0,success,success
lateral,lateral,diagonal_primary,242,464,1,1,0,0,success,success
lateral,lateral,diagonal_primary,242,465,1,1,0,0,success,success
lateral,lateral,diagonal_primary,242,466,1,1,0,0,success,success
lateral,lateral,diagonal_primary,242,467,1,1,0,0,success,success
lateral,lateral,diagonal_primary,242,468,1,1,0,0,success,success
lateral,lateral,diagonal_primary,242,469,1,1,0,0,success,success
lateral,lateral,diagonal_primary,242,470,1,1,0,0,success,success
lateral,lateral,diagonal_primary,242,471,1,1,0,0,success,success
lateral,lateral,diagonal_primary,242,472,1,1,0,0,success,success
lateral,lateral,diagonal_primary,242,473,1,1,0,0,success,success
lateral,lateral,diagonal_primary,242,474,1,1,0,0,success,success
lateral,lateral,diagonal_primary,242,475,1,0,0,1,success,lateral_heading_drift
lateral,lateral,diagonal_primary,242,476,1,1,0,0,success,success
lateral,lateral,diagonal_primary,242,477,1,0,0,1,success,lateral_heading_drift
lateral,lateral,diagonal_primary,242,478,1,1,0,0,success,success
lateral,lateral,diagonal_primary,242,479,1,1,0,0,success,success
lateral,lateral,diagonal_primary,242,480,1,0,0,1,success,lateral_heading_drift
lateral,lateral,diagonal_primary,242,481,0,1,1,0,lateral_heading_drift,success
lateral,lateral,diagonal_primary,242,482,0,1,1,0,lateral_heading_drift,success
lateral,lateral,diagonal_primary,242,483,1,1,0,0,success,success
lateral,lateral,diagonal_primary,242,484,1,1,0,0,success,success
lateral,lateral,diagonal_primary,242,485,1,1,0,0,success,success
lateral,lateral,diagonal_primary,242,486,1,1,0,0,success,success
lateral,lateral,diagonal_primary,242,487,1,1,0,0,success,success
lateral,lateral,diagonal_primary,242,488,1,1,0,0,success,success
lateral,lateral,diagonal_primary,242,489,1,1,0,0,success,success
lateral,lateral,diagonal_primary,242,490,1,1,0,0,success,success
lateral,lateral,diagonal_primary,242,491,1,1,0,0,success,success
lateral,lateral,diagonal_primary,242,492,1,1,0,0,success,success
lateral,lateral,diagonal_primary,242,493,1,1,0,0,success,success
lateral,lateral,diagonal_primary,242,494,1,1,0,0,success,success
lateral,lateral,diagonal_primary,242,495,1,1,0,0,success,success
lateral,lateral,diagonal_primary,242,496,1,1,0,0,success,success
lateral,lateral,diagonal_primary,242,497,1,1,0,0,success,success
lateral,lateral,diagonal_primary,242,498,1,1,0,0,success,success
lateral,lateral,diagonal_primary,242,499,1,1,0,0,success,success
lateral,lateral,diagonal_primary,242,500,1,0,0,1,success,lateral_heading_drift
lateral,lateral,diagonal_primary,242,501,1,1,0,0,success,success
lateral,lateral,diagonal_primary,242,502,1,0,0,1,success,lateral_heading_drift
lateral,lateral,diagonal_primary,242,503,1,1,0,0,success,success
lateral,lateral,diagonal_primary,242,504,0,1,1,0,lateral_heading_drift,success
lateral,lateral,diagonal_primary,242,505,1,1,0,0,success,success
lateral,lateral,diagonal_primary,242,506,1,1,0,0,success,success
lateral,lateral,diagonal_primary,242,507,1,0,0,1,success,lateral_heading_drift
lateral,lateral,diagonal_primary,242,508,1,0,0,1,success,lateral_heading_drift
lateral,lateral,diagonal_primary,242,509,1,1,0,0,success,success
lateral,lateral,diagonal_primary,242,510,0,1,1,0,lateral_heading_drift,success
lateral,lateral,diagonal_primary,242,511,1,1,0,0,success,success
lateral,cbf,off_diagonal_report_only,242,0,0,0,1,1,non_lateral_high_cbf_demand,lateral_heading_drift
lateral,cbf,off_diagonal_report_only,242,1,0,0,1,1,lateral_heading_drift,non_lateral_high_cbf_demand
lateral,cbf,off_diagonal_report_only,242,2,0,0,1,1,non_lateral_high_cbf_demand,non_lateral_high_cbf_demand
lateral,cbf,off_diagonal_report_only,242,3,0,0,1,1,non_lateral_balance_or_phase,lateral_heading_drift
lateral,cbf,off_diagonal_report_only,242,4,0,0,1,1,non_lateral_balance_or_phase,non_lateral_high_cbf_demand
lateral,cbf,off_diagonal_report_only,242,5,0,0,1,1,non_lateral_high_cbf_demand,non_lateral_balance_or_phase
lateral,cbf,off_diagonal_report_only,242,6,0,0,1,1,non_lateral_high_cbf_demand,non_lateral_high_cbf_demand
lateral,cbf,off_diagonal_report_only,242,7,0,0,1,1,non_lateral_high_cbf_demand,lateral_heading_drift
lateral,cbf,off_diagonal_report_only,242,8,0,0,1,1,non_lateral_high_cbf_demand,non_lateral_high_cbf_demand
lateral,cbf,off_diagonal_report_only,242,9,0,0,1,1,non_lateral_high_cbf_demand,non_lateral_high_cbf_demand
lateral,cbf,off_diagonal_report_only,242,10,0,0,1,1,non_lateral_high_cbf_demand,non_lateral_high_cbf_demand
lateral,cbf,off_diagonal_report_only,242,11,0,0,1,1,non_lateral_high_cbf_demand,non_lateral_high_cbf_demand
lateral,cbf,off_diagonal_report_only,242,12,0,0,1,1,non_lateral_high_cbf_demand,non_lateral_balance_or_phase
lateral,cbf,off_diagonal_report_only,242,13,0,0,1,1,non_lateral_balance_or_phase,non_lateral_high_cbf_demand
lateral,cbf,off_diagonal_report_only,242,14,0,0,1,1,non_lateral_high_cbf_demand,non_lateral_high_cbf_demand
lateral,cbf,off_diagonal_report_only,242,15,0,0,1,1,non_lateral_high_cbf_demand,non_lateral_balance_or_phase
lateral,cbf,off_diagonal_report_only,242,16,0,0,1,1,non_lateral_high_cbf_demand,lateral_heading_drift
lateral,cbf,off_diagonal_report_only,242,17,0,0,1,1,non_lateral_high_cbf_demand,non_lateral_high_cbf_demand
lateral,cbf,off_diagonal_report_only,242,18,0,0,1,1,lateral_heading_drift,non_lateral_high_cbf_demand
lateral,cbf,off_diagonal_report_only,242,19,0,0,1,1,non_lateral_balance_or_phase,lateral_heading_drift
lateral,cbf,off_diagonal_report_only,242,20,0,0,1,1,non_lateral_high_cbf_demand,non_lateral_balance_or_phase
lateral,cbf,off_diagonal_report_only,242,21,0,0,1,1,non_lateral_high_cbf_demand,non_lateral_high_cbf_demand
lateral,cbf,off_diagonal_report_only,242,22,0,0,1,1,non_lateral_high_cbf_demand,non_lateral_high_cbf_demand
lateral,cbf,off_diagonal_report_only,242,23,0,0,1,1,non_lateral_balance_or_phase,non_lateral_high_cbf_demand
lateral,cbf,off_diagonal_report_only,242,24,0,0,1,1,lateral_heading_drift,lateral_heading_drift
lateral,cbf,off_diagonal_report_only,242,25,0,1,1,0,non_lateral_balance_or_phase,success
lateral,cbf,off_diagonal_report_only,242,26,0,1,1,0,non_lateral_high_cbf_demand,success
lateral,cbf,off_diagonal_report_only,242,27,0,1,1,0,non_lateral_high_cbf_demand,success
lateral,cbf,off_diagonal_report_only,242,28,0,1,1,0,non_lateral_high_cbf_demand,success
lateral,cbf,off_diagonal_report_only,242,29,0,1,1,0,non_lateral_high_cbf_demand,success
lateral,cbf,off_diagonal_report_only,242,30,1,1,0,0,success,success
lateral,cbf,off_diagonal_report_only,242,31,1,1,0,0,success,success
lateral,cbf,off_diagonal_report_only,242,32,0,1,1,0,lateral_heading_drift,success
lateral,cbf,off_diagonal_report_only,242,33,1,1,0,0,success,success
lateral,cbf,off_diagonal_report_only,242,34,0,1,1,0,non_lateral_high_cbf_demand,success
lateral,cbf,off_diagonal_report_only,242,35,0,1,1,0,non_lateral_high_cbf_demand,success
lateral,cbf,off_diagonal_report_only,242,36,1,0,0,1,success,lateral_heading_drift
lateral,cbf,off_diagonal_report_only,242,37,0,1,1,0,non_lateral_high_cbf_demand,success
lateral,cbf,off_diagonal_report_only,242,38,1,1,0,0,success,success
lateral,cbf,off_diagonal_report_only,242,39,1,1,0,0,success,success
lateral,cbf,off_diagonal_report_only,242,40,1,1,0,0,success,success
lateral,cbf,off_diagonal_report_only,242,41,1,1,0,0,success,success
lateral,cbf,off_diagonal_report_only,242,42,1,1,0,0,success,success
lateral,cbf,off_diagonal_report_only,242,43,1,1,0,0,success,success
lateral,cbf,off_diagonal_report_only,242,44,1,1,0,0,success,success
lateral,cbf,off_diagonal_report_only,242,45,1,1,0,0,success,success
lateral,cbf,off_diagonal_report_only,242,46,1,1,0,0,success,success
lateral,cbf,off_diagonal_report_only,242,47,1,0,0,1,success,lateral_heading_drift
lateral,cbf,off_diagonal_report_only,242,48,0,1,1,0,lateral_heading_drift,success
lateral,cbf,off_diagonal_report_only,242,49,1,1,0,0,success,success
lateral,cbf,off_diagonal_report_only,242,50,1,1,0,0,success,success
lateral,cbf,off_diagonal_report_only,242,51,1,1,0,0,success,success
lateral,cbf,off_diagonal_report_only,242,52,0,1,1,0,non_lateral_high_cbf_demand,success
lateral,cbf,off_diagonal_report_only,242,53,1,1,0,0,success,success
lateral,cbf,off_diagonal_report_only,242,54,1,1,0,0,success,success
lateral,cbf,off_diagonal_report_only,242,55,1,1,0,0,success,success
lateral,cbf,off_diagonal_report_only,242,56,1,1,0,0,success,success
lateral,cbf,off_diagonal_report_only,242,57,0,1,1,0,lateral_heading_drift,success
lateral,cbf,off_diagonal_report_only,242,58,1,1,0,0,success,success
lateral,cbf,off_diagonal_report_only,242,59,1,1,0,0,success,success
lateral,cbf,off_diagonal_report_only,242,60,1,1,0,0,success,success
lateral,cbf,off_diagonal_report_only,242,61,1,1,0,0,success,success
lateral,cbf,off_diagonal_report_only,242,62,1,1,0,0,success,success
lateral,cbf,off_diagonal_report_only,242,63,1,1,0,0,success,success
lateral,cbf,off_diagonal_report_only,242,64,1,1,0,0,success,success
lateral,cbf,off_diagonal_report_only,242,65,1,1,0,0,success,success
lateral,cbf,off_diagonal_report_only,242,66,1,1,0,0,success,success
lateral,cbf,off_diagonal_report_only,242,67,1,1,0,0,success,success
lateral,cbf,off_diagonal_report_only,242,68,1,1,0,0,success,success
lateral,cbf,off_diagonal_report_only,242,69,1,1,0,0,success,success
lateral,cbf,off_diagonal_report_only,242,70,1,1,0,0,success,success
lateral,cbf,off_diagonal_report_only,242,71,1,1,0,0,success,success
lateral,cbf,off_diagonal_report_only,242,72,1,1,0,0,success,success
lateral,cbf,off_diagonal_report_only,242,73,1,1,0,0,success,success
lateral,cbf,off_diagonal_report_only,242,74,1,1,0,0,success,success
lateral,cbf,off_diagonal_report_only,242,75,0,1,1,0,lateral_heading_drift,success
lateral,cbf,off_diagonal_report_only,242,76,1,1,0,0,success,success
lateral,cbf,off_diagonal_report_only,242,77,1,1,0,0,success,success
lateral,cbf,off_diagonal_report_only,242,78,1,1,0,0,success,success
lateral,cbf,off_diagonal_report_only,242,79,0,1,1,0,lateral_heading_drift,success
lateral,cbf,off_diagonal_report_only,242,80,1,1,0,0,success,success
lateral,cbf,off_diagonal_report_only,242,81,1,1,0,0,success,success
lateral,cbf,off_diagonal_report_only,242,82,1,1,0,0,success,success
lateral,cbf,off_diagonal_report_only,242,83,1,1,0,0,success,success
lateral,cbf,off_diagonal_report_only,242,84,1,1,0,0,success,success
lateral,cbf,off_diagonal_report_only,242,85,1,1,0,0,success,success
lateral,cbf,off_diagonal_report_only,242,86,1,1,0,0,success,success
lateral,cbf,off_diagonal_report_only,242,87,1,1,0,0,success,success
lateral,cbf,off_diagonal_report_only,242,88,1,1,0,0,success,success
lateral,cbf,off_diagonal_report_only,242,89,1,1,0,0,success,success
lateral,cbf,off_diagonal_report_only,242,90,1,1,0,0,success,success
lateral,cbf,off_diagonal_report_only,242,91,1,1,0,0,success,success
lateral,cbf,off_diagonal_report_only,242,92,1,1,0,0,success,success
lateral,cbf,off_diagonal_report_only,242,93,1,1,0,0,success,success
lateral,cbf,off_diagonal_report_only,242,94,1,1,0,0,success,success
lateral,cbf,off_diagonal_report_only,242,95,1,1,0,0,success,success
lateral,cbf,off_diagonal_report_only,242,96,1,1,0,0,success,success
lateral,cbf,off_diagonal_report_only,242,97,1,1,0,0,success,success
lateral,cbf,off_diagonal_report_only,242,98,1,1,0,0,success,success
lateral,cbf,off_diagonal_report_only,242,99,1,1,0,0,success,success
lateral,cbf,off_diagonal_report_only,242,100,1,1,0,0,success,success
lateral,cbf,off_diagonal_report_only,242,101,1,1,0,0,success,success
lateral,cbf,off_diagonal_report_only,242,102,1,1,0,0,success,success
lateral,cbf,off_diagonal_report_only,242,103,0,1,1,0,lateral_heading_drift,success
lateral,cbf,off_diagonal_report_only,242,104,1,1,0,0,success,success
lateral,cbf,off_diagonal_report_only,242,105,1,1,0,0,success,success
lateral,cbf,off_diagonal_report_only,242,106,1,1,0,0,success,success
lateral,cbf,off_diagonal_report_only,242,107,1,1,0,0,success,success
lateral,cbf,off_diagonal_report_only,242,108,1,1,0,0,success,success
lateral,cbf,off_diagonal_report_only,242,109,1,1,0,0,success,success
lateral,cbf,off_diagonal_report_only,242,110,1,1,0,0,success,success
lateral,cbf,off_diagonal_report_only,242,111,1,1,0,0,success,success
lateral,cbf,off_diagonal_report_only,242,112,1,1,0,0,success,success
lateral,cbf,off_diagonal_report_only,242,113,1,1,0,0,success,success
lateral,cbf,off_diagonal_report_only,242,114,1,1,0,0,success,success
lateral,cbf,off_diagonal_report_only,242,115,1,0,0,1,success,lateral_heading_drift
lateral,cbf,off_diagonal_report_only,242,116,1,0,0,1,success,lateral_heading_drift
lateral,cbf,off_diagonal_report_only,242,117,1,0,0,1,success,lateral_heading_drift
lateral,cbf,off_diagonal_report_only,242,118,1,1,0,0,success,success
lateral,cbf,off_diagonal_report_only,242,119,1,1,0,0,success,success
lateral,cbf,off_diagonal_report_only,242,120,1,1,0,0,success,success
lateral,cbf,off_diagonal_report_only,242,121,1,1,0,0,success,success
lateral,cbf,off_diagonal_report_only,242,122,1,1,0,0,success,success
lateral,cbf,off_diagonal_report_only,242,123,1,1,0,0,success,success
lateral,cbf,off_diagonal_report_only,242,124,1,1,0,0,success,success
lateral,cbf,off_diagonal_report_only,242,125,1,1,0,0,success,success
lateral,cbf,off_diagonal_report_only,242,126,1,1,0,0,success,success
lateral,cbf,off_diagonal_report_only,242,127,1,1,0,0,success,success
lateral,cbf,off_diagonal_report_only,242,128,0,0,1,1,non_lateral_high_cbf_demand,non_lateral_high_cbf_demand
lateral,cbf,off_diagonal_report_only,242,129,0,0,1,1,non_lateral_high_cbf_demand,non_lateral_high_cbf_demand
lateral,cbf,off_diagonal_report_only,242,130,0,0,1,1,non_lateral_high_cbf_demand,non_lateral_balance_or_phase
lateral,cbf,off_diagonal_report_only,242,131,0,0,1,1,non_lateral_high_cbf_demand,non_lateral_high_cbf_demand
lateral,cbf,off_diagonal_report_only,242,132,0,0,1,1,non_lateral_high_cbf_demand,non_lateral_high_cbf_demand
lateral,cbf,off_diagonal_report_only,242,133,0,0,1,1,non_lateral_high_cbf_demand,non_lateral_high_cbf_demand
lateral,cbf,off_diagonal_report_only,242,134,0,0,1,1,non_lateral_high_cbf_demand,non_lateral_high_cbf_demand
lateral,cbf,off_diagonal_report_only,242,135,0,0,1,1,non_lateral_high_cbf_demand,non_lateral_high_cbf_demand
lateral,cbf,off_diagonal_report_only,242,136,0,0,1,1,non_lateral_high_cbf_demand,non_lateral_high_cbf_demand
lateral,cbf,off_diagonal_report_only,242,137,0,0,1,1,lateral_heading_drift,non_lateral_high_cbf_demand
lateral,cbf,off_diagonal_report_only,242,138,0,0,1,1,non_lateral_high_cbf_demand,lateral_heading_drift
lateral,cbf,off_diagonal_report_only,242,139,0,0,1,1,non_lateral_high_cbf_demand,non_lateral_high_cbf_demand
lateral,cbf,off_diagonal_report_only,242,140,1,0,0,1,success,non_lateral_high_cbf_demand
lateral,cbf,off_diagonal_report_only,242,141,1,0,0,1,success,lateral_heading_drift
lateral,cbf,off_diagonal_report_only,242,142,1,0,0,1,success,non_lateral_high_cbf_demand
lateral,cbf,off_diagonal_report_only,242,143,1,0,0,1,success,non_lateral_high_cbf_demand
lateral,cbf,off_diagonal_report_only,242,144,1,0,0,1,success,non_lateral_high_cbf_demand
lateral,cbf,off_diagonal_report_only,242,145,1,0,0,1,success,non_lateral_high_cbf_demand
lateral,cbf,off_diagonal_report_only,242,146,1,0,0,1,success,non_lateral_high_cbf_demand
lateral,cbf,off_diagonal_report_only,242,147,1,1,0,0,success,success
lateral,cbf,off_diagonal_report_only,242,148,1,0,0,1,success,non_lateral_high_cbf_demand
lateral,cbf,off_diagonal_report_only,242,149,1,0,0,1,success,non_lateral_high_cbf_demand
lateral,cbf,off_diagonal_report_only,242,150,1,0,0,1,success,non_lateral_high_cbf_demand
lateral,cbf,off_diagonal_report_only,242,151,1,0,0,1,success,lateral_heading_drift
lateral,cbf,off_diagonal_report_only,242,152,1,1,0,0,success,success
lateral,cbf,off_diagonal_report_only,242,153,1,1,0,0,success,success
lateral,cbf,off_diagonal_report_only,242,154,1,1,0,0,success,success
lateral,cbf,off_diagonal_report_only,242,155,1,0,0,1,success,non_lateral_high_cbf_demand
lateral,cbf,off_diagonal_report_only,242,156,1,1,0,0,success,success
lateral,cbf,off_diagonal_report_only,242,157,1,1,0,0,success,success
lateral,cbf,off_diagonal_report_only,242,158,1,1,0,0,success,success
lateral,cbf,off_diagonal_report_only,242,159,1,1,0,0,success,success
lateral,cbf,off_diagonal_report_only,242,160,1,1,0,0,success,success
lateral,cbf,off_diagonal_report_only,242,161,1,1,0,0,success,success
lateral,cbf,off_diagonal_report_only,242,162,1,0,0,1,success,lateral_heading_drift
lateral,cbf,off_diagonal_report_only,242,163,1,1,0,0,success,success
lateral,cbf,off_diagonal_report_only,242,164,0,1,1,0,lateral_heading_drift,success
lateral,cbf,off_diagonal_report_only,242,165,1,1,0,0,success,success
lateral,cbf,off_diagonal_report_only,242,166,1,1,0,0,success,success
lateral,cbf,off_diagonal_report_only,242,167,1,1,0,0,success,success
lateral,cbf,off_diagonal_report_only,242,168,1,1,0,0,success,success
lateral,cbf,off_diagonal_report_only,242,169,1,1,0,0,success,success
lateral,cbf,off_diagonal_report_only,242,170,1,1,0,0,success,success
lateral,cbf,off_diagonal_report_only,242,171,1,1,0,0,success,success
lateral,cbf,off_diagonal_report_only,242,172,1,1,0,0,success,success
lateral,cbf,off_diagonal_report_only,242,173,1,1,0,0,success,success
lateral,cbf,off_diagonal_report_only,242,174,1,1,0,0,success,success
lateral,cbf,off_diagonal_report_only,242,175,1,1,0,0,success,success
lateral,cbf,off_diagonal_report_only,242,176,1,1,0,0,success,success
lateral,cbf,off_diagonal_report_only,242,177,1,1,0,0,success,success
lateral,cbf,off_diagonal_report_only,242,178,1,1,0,0,success,success
lateral,cbf,off_diagonal_report_only,242,179,0,1,1,0,non_lateral_high_cbf_demand,success
lateral,cbf,off_diagonal_report_only,242,180,1,1,0,0,success,success
lateral,cbf,off_diagonal_report_only,242,181,1,1,0,0,success,success
lateral,cbf,off_diagonal_report_only,242,182,1,0,0,1,success,non_lateral_high_cbf_demand
lateral,cbf,off_diagonal_report_only,242,183,0,0,1,1,lateral_heading_drift,non_lateral_high_cbf_demand
lateral,cbf,off_diagonal_report_only,242,184,1,1,0,0,success,success
lateral,cbf,off_diagonal_report_only,242,185,1,1,0,0,success,success
lateral,cbf,off_diagonal_report_only,242,186,1,1,0,0,success,success
lateral,cbf,off_diagonal_report_only,242,187,1,0,0,1,success,lateral_heading_drift
lateral,cbf,off_diagonal_report_only,242,188,1,1,0,0,success,success
lateral,cbf,off_diagonal_report_only,242,189,1,1,0,0,success,success
lateral,cbf,off_diagonal_report_only,242,190,1,1,0,0,success,success
lateral,cbf,off_diagonal_report_only,242,191,1,1,0,0,success,success
lateral,cbf,off_diagonal_report_only,242,192,1,1,0,0,success,success
lateral,cbf,off_diagonal_report_only,242,193,1,1,0,0,success,success
lateral,cbf,off_diagonal_report_only,242,194,1,1,0,0,success,success
lateral,cbf,off_diagonal_report_only,242,195,1,1,0,0,success,success
lateral,cbf,off_diagonal_report_only,242,196,1,1,0,0,success,success
lateral,cbf,off_diagonal_report_only,242,197,0,1,1,0,non_lateral_high_cbf_demand,success
lateral,cbf,off_diagonal_report_only,242,198,1,1,0,0,success,success
lateral,cbf,off_diagonal_report_only,242,199,1,1,0,0,success,success
lateral,cbf,off_diagonal_report_only,242,200,1,1,0,0,success,success
lateral,cbf,off_diagonal_report_only,242,201,1,1,0,0,success,success
lateral,cbf,off_diagonal_report_only,242,202,1,1,0,0,success,success
lateral,cbf,off_diagonal_report_only,242,203,1,1,0,0,success,success
lateral,cbf,off_diagonal_report_only,242,204,1,1,0,0,success,success
lateral,cbf,off_diagonal_report_only,242,205,1,1,0,0,success,success
lateral,cbf,off_diagonal_report_only,242,206,1,1,0,0,success,success
lateral,cbf,off_diagonal_report_only,242,207,1,1,0,0,success,success
lateral,cbf,off_diagonal_report_only,242,208,1,1,0,0,success,success
lateral,cbf,off_diagonal_report_only,242,209,1,1,0,0,success,success
lateral,cbf,off_diagonal_report_only,242,210,1,1,0,0,success,success
lateral,cbf,off_diagonal_report_only,242,211,1,1,0,0,success,success
lateral,cbf,off_diagonal_report_only,242,212,1,1,0,0,success,success
lateral,cbf,off_diagonal_report_only,242,213,1,1,0,0,success,success
lateral,cbf,off_diagonal_report_only,242,214,1,1,0,0,success,success
lateral,cbf,off_diagonal_report_only,242,215,1,1,0,0,success,success
lateral,cbf,off_diagonal_report_only,242,216,1,1,0,0,success,success
lateral,cbf,off_diagonal_report_only,242,217,1,1,0,0,success,success
lateral,cbf,off_diagonal_report_only,242,218,1,1,0,0,success,success
lateral,cbf,off_diagonal_report_only,242,219,0,1,1,0,non_lateral_high_cbf_demand,success
lateral,cbf,off_diagonal_report_only,242,220,1,1,0,0,success,success
lateral,cbf,off_diagonal_report_only,242,221,1,1,0,0,success,success
lateral,cbf,off_diagonal_report_only,242,222,1,1,0,0,success,success
lateral,cbf,off_diagonal_report_only,242,223,1,1,0,0,success,success
lateral,cbf,off_diagonal_report_only,242,224,1,1,0,0,success,success
lateral,cbf,off_diagonal_report_only,242,225,1,1,0,0,success,success
lateral,cbf,off_diagonal_report_only,242,226,1,1,0,0,success,success
lateral,cbf,off_diagonal_report_only,242,227,0,1,1,0,lateral_heading_drift,success
lateral,cbf,off_diagonal_report_only,242,228,1,1,0,0,success,success
lateral,cbf,off_diagonal_report_only,242,229,1,1,0,0,success,success
lateral,cbf,off_diagonal_report_only,242,230,1,1,0,0,success,success
lateral,cbf,off_diagonal_report_only,242,231,1,1,0,0,success,success
lateral,cbf,off_diagonal_report_only,242,232,1,1,0,0,success,success
lateral,cbf,off_diagonal_report_only,242,233,1,1,0,0,success,success
lateral,cbf,off_diagonal_report_only,242,234,1,1,0,0,success,success
lateral,cbf,off_diagonal_report_only,242,235,1,1,0,0,success,success
lateral,cbf,off_diagonal_report_only,242,236,1,0,0,1,success,lateral_heading_drift
lateral,cbf,off_diagonal_report_only,242,237,1,1,0,0,success,success
lateral,cbf,off_diagonal_report_only,242,238,1,1,0,0,success,success
lateral,cbf,off_diagonal_report_only,242,239,0,1,1,0,lateral_heading_drift,success
lateral,cbf,off_diagonal_report_only,242,240,1,1,0,0,success,success
lateral,cbf,off_diagonal_report_only,242,241,1,1,0,0,success,success
lateral,cbf,off_diagonal_report_only,242,242,1,1,0,0,success,success
lateral,cbf,off_diagonal_report_only,242,243,1,1,0,0,success,success
lateral,cbf,off_diagonal_report_only,242,244,1,1,0,0,success,success
lateral,cbf,off_diagonal_report_only,242,245,1,0,0,1,success,lateral_heading_drift
lateral,cbf,off_diagonal_report_only,242,246,1,0,0,1,success,lateral_heading_drift
lateral,cbf,off_diagonal_report_only,242,247,1,1,0,0,success,success
lateral,cbf,off_diagonal_report_only,242,248,1,1,0,0,success,success
lateral,cbf,off_diagonal_report_only,242,249,1,0,0,1,success,lateral_heading_drift
lateral,cbf,off_diagonal_report_only,242,250,1,1,0,0,success,success
lateral,cbf,off_diagonal_report_only,242,251,1,1,0,0,success,success
lateral,cbf,off_diagonal_report_only,242,252,1,1,0,0,success,success
lateral,cbf,off_diagonal_report_only,242,253,1,1,0,0,success,success
lateral,cbf,off_diagonal_report_only,242,254,1,1,0,0,success,success
lateral,cbf,off_diagonal_report_only,242,255,1,1,0,0,success,success
lateral,balance,off_diagonal_report_only,242,0,0,0,1,1,non_lateral_balance_or_phase,non_lateral_high_cbf_demand
lateral,balance,off_diagonal_report_only,242,1,0,0,1,1,non_lateral_balance_or_phase,non_lateral_balance_or_phase
lateral,balance,off_diagonal_report_only,242,2,0,0,1,1,non_lateral_balance_or_phase,non_lateral_balance_or_phase
lateral,balance,off_diagonal_report_only,242,3,0,0,1,1,non_lateral_balance_or_phase,non_lateral_high_cbf_demand
lateral,balance,off_diagonal_report_only,242,4,0,0,1,1,non_lateral_balance_or_phase,non_lateral_balance_or_phase
lateral,balance,off_diagonal_report_only,242,5,0,0,1,1,non_lateral_balance_or_phase,non_lateral_balance_or_phase
lateral,balance,off_diagonal_report_only,242,6,0,0,1,1,non_lateral_high_cbf_demand,non_lateral_balance_or_phase
lateral,balance,off_diagonal_report_only,242,7,0,0,1,1,non_lateral_balance_or_phase,non_lateral_high_cbf_demand
lateral,balance,off_diagonal_report_only,242,8,0,0,1,1,non_lateral_balance_or_phase,non_lateral_balance_or_phase
lateral,balance,off_diagonal_report_only,242,9,0,0,1,1,lateral_heading_drift,non_lateral_balance_or_phase
lateral,balance,off_diagonal_report_only,242,10,0,0,1,1,non_lateral_high_cbf_demand,non_lateral_balance_or_phase
lateral,balance,off_diagonal_report_only,242,11,0,0,1,1,lateral_heading_drift,non_lateral_balance_or_phase
lateral,balance,off_diagonal_report_only,242,12,0,0,1,1,non_lateral_balance_or_phase,non_lateral_balance_or_phase
lateral,balance,off_diagonal_report_only,242,13,0,0,1,1,lateral_heading_drift,lateral_heading_drift
lateral,balance,off_diagonal_report_only,242,14,0,0,1,1,non_lateral_high_cbf_demand,lateral_heading_drift
lateral,balance,off_diagonal_report_only,242,15,0,0,1,1,non_lateral_balance_or_phase,non_lateral_balance_or_phase
lateral,balance,off_diagonal_report_only,242,16,0,0,1,1,non_lateral_balance_or_phase,non_lateral_balance_or_phase
lateral,balance,off_diagonal_report_only,242,17,0,0,1,1,non_lateral_balance_or_phase,non_lateral_high_cbf_demand
lateral,balance,off_diagonal_report_only,242,18,0,0,1,1,non_lateral_balance_or_phase,non_lateral_balance_or_phase
lateral,balance,off_diagonal_report_only,242,19,0,0,1,1,non_lateral_balance_or_phase,lateral_heading_drift
lateral,balance,off_diagonal_report_only,242,20,0,1,1,0,lateral_heading_drift,success
lateral,balance,off_diagonal_report_only,242,21,0,1,1,0,non_lateral_high_cbf_demand,success
lateral,balance,off_diagonal_report_only,242,22,1,1,0,0,success,success
lateral,balance,off_diagonal_report_only,242,23,0,0,1,1,non_lateral_balance_or_phase,lateral_heading_drift
lateral,balance,off_diagonal_report_only,242,24,1,1,0,0,success,success
lateral,balance,off_diagonal_report_only,242,25,1,0,0,1,success,non_lateral_balance_or_phase
lateral,balance,off_diagonal_report_only,242,26,1,1,0,0,success,success
lateral,balance,off_diagonal_report_only,242,27,1,0,0,1,success,non_lateral_balance_or_phase
lateral,balance,off_diagonal_report_only,242,28,1,1,0,0,success,success
lateral,balance,off_diagonal_report_only,242,29,1,1,0,0,success,success
lateral,balance,off_diagonal_report_only,242,30,1,1,0,0,success,success
lateral,balance,off_diagonal_report_only,242,31,1,0,0,1,success,non_lateral_balance_or_phase
lateral,balance,off_diagonal_report_only,242,32,1,1,0,0,success,success
lateral,balance,off_diagonal_report_only,242,33,1,0,0,1,success,lateral_heading_drift
lateral,balance,off_diagonal_report_only,242,34,1,1,0,0,success,success
lateral,balance,off_diagonal_report_only,242,35,1,1,0,0,success,success
lateral,balance,off_diagonal_report_only,242,36,1,1,0,0,success,success
lateral,balance,off_diagonal_report_only,242,37,1,1,0,0,success,success
lateral,balance,off_diagonal_report_only,242,38,1,1,0,0,success,success
lateral,balance,off_diagonal_report_only,242,39,1,1,0,0,success,success
lateral,balance,off_diagonal_report_only,242,40,1,1,0,0,success,success
lateral,balance,off_diagonal_report_only,242,41,1,1,0,0,success,success
lateral,balance,off_diagonal_report_only,242,42,1,1,0,0,success,success
lateral,balance,off_diagonal_report_only,242,43,1,1,0,0,success,success
lateral,balance,off_diagonal_report_only,242,44,1,1,0,0,success,success
lateral,balance,off_diagonal_report_only,242,45,1,1,0,0,success,success
lateral,balance,off_diagonal_report_only,242,46,1,1,0,0,success,success
lateral,balance,off_diagonal_report_only,242,47,1,1,0,0,success,success
lateral,balance,off_diagonal_report_only,242,48,1,1,0,0,success,success
lateral,balance,off_diagonal_report_only,242,49,1,1,0,0,success,success
lateral,balance,off_diagonal_report_only,242,50,1,1,0,0,success,success
lateral,balance,off_diagonal_report_only,242,51,1,1,0,0,success,success
lateral,balance,off_diagonal_report_only,242,52,1,1,0,0,success,success
lateral,balance,off_diagonal_report_only,242,53,1,1,0,0,success,success
lateral,balance,off_diagonal_report_only,242,54,1,1,0,0,success,success
lateral,balance,off_diagonal_report_only,242,55,1,1,0,0,success,success
lateral,balance,off_diagonal_report_only,242,56,1,1,0,0,success,success
lateral,balance,off_diagonal_report_only,242,57,1,1,0,0,success,success
lateral,balance,off_diagonal_report_only,242,58,1,1,0,0,success,success
lateral,balance,off_diagonal_report_only,242,59,1,1,0,0,success,success
lateral,balance,off_diagonal_report_only,242,60,1,1,0,0,success,success
lateral,balance,off_diagonal_report_only,242,61,1,1,0,0,success,success
lateral,balance,off_diagonal_report_only,242,62,1,1,0,0,success,success
lateral,balance,off_diagonal_report_only,242,63,1,1,0,0,success,success
lateral,balance,off_diagonal_report_only,242,64,1,1,0,0,success,success
lateral,balance,off_diagonal_report_only,242,65,1,1,0,0,success,success
lateral,balance,off_diagonal_report_only,242,66,1,1,0,0,success,success
lateral,balance,off_diagonal_report_only,242,67,1,0,0,1,success,lateral_heading_drift
lateral,balance,off_diagonal_report_only,242,68,1,1,0,0,success,success
lateral,balance,off_diagonal_report_only,242,69,1,1,0,0,success,success
lateral,balance,off_diagonal_report_only,242,70,1,1,0,0,success,success
lateral,balance,off_diagonal_report_only,242,71,1,1,0,0,success,success
lateral,balance,off_diagonal_report_only,242,72,1,1,0,0,success,success
lateral,balance,off_diagonal_report_only,242,73,1,1,0,0,success,success
lateral,balance,off_diagonal_report_only,242,74,1,1,0,0,success,success
lateral,balance,off_diagonal_report_only,242,75,1,1,0,0,success,success
lateral,balance,off_diagonal_report_only,242,76,1,1,0,0,success,success
lateral,balance,off_diagonal_report_only,242,77,1,1,0,0,success,success
lateral,balance,off_diagonal_report_only,242,78,1,0,0,1,success,non_lateral_high_cbf_demand
lateral,balance,off_diagonal_report_only,242,79,1,1,0,0,success,success
lateral,balance,off_diagonal_report_only,242,80,1,1,0,0,success,success
lateral,balance,off_diagonal_report_only,242,81,1,1,0,0,success,success
lateral,balance,off_diagonal_report_only,242,82,1,1,0,0,success,success
lateral,balance,off_diagonal_report_only,242,83,1,1,0,0,success,success
lateral,balance,off_diagonal_report_only,242,84,1,1,0,0,success,success
lateral,balance,off_diagonal_report_only,242,85,1,1,0,0,success,success
lateral,balance,off_diagonal_report_only,242,86,1,1,0,0,success,success
lateral,balance,off_diagonal_report_only,242,87,1,1,0,0,success,success
lateral,balance,off_diagonal_report_only,242,88,1,1,0,0,success,success
lateral,balance,off_diagonal_report_only,242,89,1,1,0,0,success,success
lateral,balance,off_diagonal_report_only,242,90,1,1,0,0,success,success
lateral,balance,off_diagonal_report_only,242,91,1,1,0,0,success,success
lateral,balance,off_diagonal_report_only,242,92,1,1,0,0,success,success
lateral,balance,off_diagonal_report_only,242,93,1,1,0,0,success,success
lateral,balance,off_diagonal_report_only,242,94,1,1,0,0,success,success
lateral,balance,off_diagonal_report_only,242,95,1,1,0,0,success,success
lateral,balance,off_diagonal_report_only,242,96,1,1,0,0,success,success
lateral,balance,off_diagonal_report_only,242,97,1,1,0,0,success,success
lateral,balance,off_diagonal_report_only,242,98,1,1,0,0,success,success
lateral,balance,off_diagonal_report_only,242,99,1,1,0,0,success,success
lateral,balance,off_diagonal_report_only,242,100,1,1,0,0,success,success
lateral,balance,off_diagonal_report_only,242,101,1,1,0,0,success,success
lateral,balance,off_diagonal_report_only,242,102,1,1,0,0,success,success
lateral,balance,off_diagonal_report_only,242,103,1,1,0,0,success,success
lateral,balance,off_diagonal_report_only,242,104,1,1,0,0,success,success
lateral,balance,off_diagonal_report_only,242,105,1,1,0,0,success,success
lateral,balance,off_diagonal_report_only,242,106,1,1,0,0,success,success
lateral,balance,off_diagonal_report_only,242,107,0,1,1,0,lateral_heading_drift,success
lateral,balance,off_diagonal_report_only,242,108,1,1,0,0,success,success
lateral,balance,off_diagonal_report_only,242,109,1,1,0,0,success,success
lateral,balance,off_diagonal_report_only,242,110,1,1,0,0,success,success
lateral,balance,off_diagonal_report_only,242,111,1,1,0,0,success,success
lateral,balance,off_diagonal_report_only,242,112,1,1,0,0,success,success
lateral,balance,off_diagonal_report_only,242,113,1,1,0,0,success,success
lateral,balance,off_diagonal_report_only,242,114,1,1,0,0,success,success
lateral,balance,off_diagonal_report_only,242,115,1,1,0,0,success,success
lateral,balance,off_diagonal_report_only,242,116,1,1,0,0,success,success
lateral,balance,off_diagonal_report_only,242,117,0,1,1,0,lateral_heading_drift,success
lateral,balance,off_diagonal_report_only,242,118,1,1,0,0,success,success
lateral,balance,off_diagonal_report_only,242,119,1,1,0,0,success,success
lateral,balance,off_diagonal_report_only,242,120,1,1,0,0,success,success
lateral,balance,off_diagonal_report_only,242,121,1,1,0,0,success,success
lateral,balance,off_diagonal_report_only,242,122,1,1,0,0,success,success
lateral,balance,off_diagonal_report_only,242,123,1,1,0,0,success,success
lateral,balance,off_diagonal_report_only,242,124,1,1,0,0,success,success
lateral,balance,off_diagonal_report_only,242,125,1,1,0,0,success,success
lateral,balance,off_diagonal_report_only,242,126,1,1,0,0,success,success
lateral,balance,off_diagonal_report_only,242,127,1,1,0,0,success,success
lateral,balance,off_diagonal_report_only,242,128,0,0,1,1,non_lateral_balance_or_phase,non_lateral_balance_or_phase
lateral,balance,off_diagonal_report_only,242,129,0,0,1,1,non_lateral_balance_or_phase,non_lateral_balance_or_phase
lateral,balance,off_diagonal_report_only,242,130,0,0,1,1,non_lateral_balance_or_phase,non_lateral_balance_or_phase
lateral,balance,off_diagonal_report_only,242,131,0,0,1,1,non_lateral_balance_or_phase,non_lateral_balance_or_phase
lateral,balance,off_diagonal_report_only,242,132,0,0,1,1,non_lateral_balance_or_phase,non_lateral_high_cbf_demand
lateral,balance,off_diagonal_report_only,242,133,0,0,1,1,non_lateral_high_cbf_demand,lateral_heading_drift
lateral,balance,off_diagonal_report_only,242,134,0,0,1,1,non_lateral_balance_or_phase,lateral_heading_drift
lateral,balance,off_diagonal_report_only,242,135,0,0,1,1,non_lateral_balance_or_phase,lateral_heading_drift
lateral,balance,off_diagonal_report_only,242,136,0,0,1,1,non_lateral_balance_or_phase,non_lateral_balance_or_phase
lateral,balance,off_diagonal_report_only,242,137,0,0,1,1,non_lateral_high_cbf_demand,non_lateral_balance_or_phase
lateral,balance,off_diagonal_report_only,242,138,0,0,1,1,non_lateral_balance_or_phase,non_lateral_balance_or_phase
lateral,balance,off_diagonal_report_only,242,139,0,0,1,1,non_lateral_balance_or_phase,non_lateral_balance_or_phase
lateral,balance,off_diagonal_report_only,242,140,0,0,1,1,non_lateral_high_cbf_demand,non_lateral_high_cbf_demand
lateral,balance,off_diagonal_report_only,242,141,0,0,1,1,non_lateral_balance_or_phase,non_lateral_balance_or_phase
lateral,balance,off_diagonal_report_only,242,142,0,0,1,1,lateral_heading_drift,non_lateral_high_cbf_demand
lateral,balance,off_diagonal_report_only,242,143,0,0,1,1,lateral_heading_drift,non_lateral_balance_or_phase
lateral,balance,off_diagonal_report_only,242,144,0,0,1,1,lateral_heading_drift,lateral_heading_drift
lateral,balance,off_diagonal_report_only,242,145,0,0,1,1,non_lateral_balance_or_phase,lateral_heading_drift
lateral,balance,off_diagonal_report_only,242,146,0,0,1,1,lateral_heading_drift,non_lateral_balance_or_phase
lateral,balance,off_diagonal_report_only,242,147,0,0,1,1,non_lateral_balance_or_phase,non_lateral_high_cbf_demand
lateral,balance,off_diagonal_report_only,242,148,0,1,1,0,non_lateral_high_cbf_demand,success
lateral,balance,off_diagonal_report_only,242,149,0,1,1,0,lateral_heading_drift,success
lateral,balance,off_diagonal_report_only,242,150,0,1,1,0,non_lateral_balance_or_phase,success
lateral,balance,off_diagonal_report_only,242,151,0,1,1,0,non_lateral_balance_or_phase,success
lateral,balance,off_diagonal_report_only,242,152,0,1,1,0,lateral_heading_drift,success
lateral,balance,off_diagonal_report_only,242,153,0,1,1,0,lateral_heading_drift,success
lateral,balance,off_diagonal_report_only,242,154,1,1,0,0,success,success
lateral,balance,off_diagonal_report_only,242,155,1,0,0,1,success,non_lateral_balance_or_phase
lateral,balance,off_diagonal_report_only,242,156,1,1,0,0,success,success
lateral,balance,off_diagonal_report_only,242,157,1,1,0,0,success,success
lateral,balance,off_diagonal_report_only,242,158,1,1,0,0,success,success
lateral,balance,off_diagonal_report_only,242,159,0,0,1,1,non_lateral_balance_or_phase,non_lateral_balance_or_phase
lateral,balance,off_diagonal_report_only,242,160,0,1,1,0,lateral_heading_drift,success
lateral,balance,off_diagonal_report_only,242,161,1,1,0,0,success,success
lateral,balance,off_diagonal_report_only,242,162,1,1,0,0,success,success
lateral,balance,off_diagonal_report_only,242,163,1,0,0,1,success,lateral_heading_drift
lateral,balance,off_diagonal_report_only,242,164,1,1,0,0,success,success
lateral,balance,off_diagonal_report_only,242,165,1,1,0,0,success,success
lateral,balance,off_diagonal_report_only,242,166,1,1,0,0,success,success
lateral,balance,off_diagonal_report_only,242,167,1,1,0,0,success,success
lateral,balance,off_diagonal_report_only,242,168,1,1,0,0,success,success
lateral,balance,off_diagonal_report_only,242,169,1,1,0,0,success,success
lateral,balance,off_diagonal_report_only,242,170,1,0,0,1,success,lateral_heading_drift
lateral,balance,off_diagonal_report_only,242,171,1,1,0,0,success,success
lateral,balance,off_diagonal_report_only,242,172,1,1,0,0,success,success
lateral,balance,off_diagonal_report_only,242,173,1,1,0,0,success,success
lateral,balance,off_diagonal_report_only,242,174,1,1,0,0,success,success
lateral,balance,off_diagonal_report_only,242,175,1,1,0,0,success,success
lateral,balance,off_diagonal_report_only,242,176,1,1,0,0,success,success
lateral,balance,off_diagonal_report_only,242,177,1,1,0,0,success,success
lateral,balance,off_diagonal_report_only,242,178,1,1,0,0,success,success
lateral,balance,off_diagonal_report_only,242,179,1,1,0,0,success,success
lateral,balance,off_diagonal_report_only,242,180,1,1,0,0,success,success
lateral,balance,off_diagonal_report_only,242,181,1,1,0,0,success,success
lateral,balance,off_diagonal_report_only,242,182,1,1,0,0,success,success
lateral,balance,off_diagonal_report_only,242,183,1,1,0,0,success,success
lateral,balance,off_diagonal_report_only,242,184,1,1,0,0,success,success
lateral,balance,off_diagonal_report_only,242,185,1,1,0,0,success,success
lateral,balance,off_diagonal_report_only,242,186,1,1,0,0,success,success
lateral,balance,off_diagonal_report_only,242,187,1,1,0,0,success,success
lateral,balance,off_diagonal_report_only,242,188,1,1,0,0,success,success
lateral,balance,off_diagonal_report_only,242,189,1,1,0,0,success,success
lateral,balance,off_diagonal_report_only,242,190,1,1,0,0,success,success
lateral,balance,off_diagonal_report_only,242,191,1,1,0,0,success,success
lateral,balance,off_diagonal_report_only,242,192,1,1,0,0,success,success
lateral,balance,off_diagonal_report_only,242,193,1,1,0,0,success,success
lateral,balance,off_diagonal_report_only,242,194,1,1,0,0,success,success
lateral,balance,off_diagonal_report_only,242,195,1,1,0,0,success,success
lateral,balance,off_diagonal_report_only,242,196,1,1,0,0,success,success
lateral,balance,off_diagonal_report_only,242,197,1,1,0,0,success,success
lateral,balance,off_diagonal_report_only,242,198,1,1,0,0,success,success
lateral,balance,off_diagonal_report_only,242,199,1,1,0,0,success,success
lateral,balance,off_diagonal_report_only,242,200,1,1,0,0,success,success
lateral,balance,off_diagonal_report_only,242,201,1,1,0,0,success,success
lateral,balance,off_diagonal_report_only,242,202,1,1,0,0,success,success
lateral,balance,off_diagonal_report_only,242,203,1,1,0,0,success,success
lateral,balance,off_diagonal_report_only,242,204,1,1,0,0,success,success
lateral,balance,off_diagonal_report_only,242,205,1,1,0,0,success,success
lateral,balance,off_diagonal_report_only,242,206,1,1,0,0,success,success
lateral,balance,off_diagonal_report_only,242,207,1,1,0,0,success,success
lateral,balance,off_diagonal_report_only,242,208,1,1,0,0,success,success
lateral,balance,off_diagonal_report_only,242,209,1,1,0,0,success,success
lateral,balance,off_diagonal_report_only,242,210,1,1,0,0,success,success
lateral,balance,off_diagonal_report_only,242,211,1,1,0,0,success,success
lateral,balance,off_diagonal_report_only,242,212,1,1,0,0,success,success
lateral,balance,off_diagonal_report_only,242,213,1,1,0,0,success,success
lateral,balance,off_diagonal_report_only,242,214,1,1,0,0,success,success
lateral,balance,off_diagonal_report_only,242,215,1,1,0,0,success,success
lateral,balance,off_diagonal_report_only,242,216,1,0,0,1,success,lateral_heading_drift
lateral,balance,off_diagonal_report_only,242,217,1,1,0,0,success,success
lateral,balance,off_diagonal_report_only,242,218,1,1,0,0,success,success
lateral,balance,off_diagonal_report_only,242,219,1,1,0,0,success,success
lateral,balance,off_diagonal_report_only,242,220,1,1,0,0,success,success
lateral,balance,off_diagonal_report_only,242,221,1,0,0,1,success,lateral_heading_drift
lateral,balance,off_diagonal_report_only,242,222,1,1,0,0,success,success
lateral,balance,off_diagonal_report_only,242,223,1,1,0,0,success,success
lateral,balance,off_diagonal_report_only,242,224,1,1,0,0,success,success
lateral,balance,off_diagonal_report_only,242,225,1,1,0,0,success,success
lateral,balance,off_diagonal_report_only,242,226,1,1,0,0,success,success
lateral,balance,off_diagonal_report_only,242,227,1,1,0,0,success,success
lateral,balance,off_diagonal_report_only,242,228,1,1,0,0,success,success
lateral,balance,off_diagonal_report_only,242,229,1,1,0,0,success,success
lateral,balance,off_diagonal_report_only,242,230,1,1,0,0,success,success
lateral,balance,off_diagonal_report_only,242,231,1,1,0,0,success,success
lateral,balance,off_diagonal_report_only,242,232,1,1,0,0,success,success
lateral,balance,off_diagonal_report_only,242,233,1,1,0,0,success,success
lateral,balance,off_diagonal_report_only,242,234,1,1,0,0,success,success
lateral,balance,off_diagonal_report_only,242,235,1,1,0,0,success,success
lateral,balance,off_diagonal_report_only,242,236,1,1,0,0,success,success
lateral,balance,off_diagonal_report_only,242,237,1,1,0,0,success,success
lateral,balance,off_diagonal_report_only,242,238,1,1,0,0,success,success
lateral,balance,off_diagonal_report_only,242,239,1,1,0,0,success,success
lateral,balance,off_diagonal_report_only,242,240,1,1,0,0,success,success
lateral,balance,off_diagonal_report_only,242,241,1,1,0,0,success,success
lateral,balance,off_diagonal_report_only,242,242,1,1,0,0,success,success
lateral,balance,off_diagonal_report_only,242,243,1,1,0,0,success,success
lateral,balance,off_diagonal_report_only,242,244,1,1,0,0,success,success
lateral,balance,off_diagonal_report_only,242,245,1,1,0,0,success,success
lateral,balance,off_diagonal_report_only,242,246,1,1,0,0,success,success
lateral,balance,off_diagonal_report_only,242,247,1,1,0,0,success,success
lateral,balance,off_diagonal_report_only,242,248,1,1,0,0,success,success
lateral,balance,off_diagonal_report_only,242,249,1,1,0,0,success,success
lateral,balance,off_diagonal_report_only,242,250,1,1,0,0,success,success
lateral,balance,off_diagonal_report_only,242,251,1,1,0,0,success,success
lateral,balance,off_diagonal_report_only,242,252,1,1,0,0,success,success
lateral,balance,off_diagonal_report_only,242,253,1,1,0,0,success,success
lateral,balance,off_diagonal_report_only,242,254,1,1,0,0,success,success
lateral,balance,off_diagonal_report_only,242,255,1,1,0,0,success,success
lateral,D0,d0_catastrophic,242,0,0,0,1,1,non_lateral_balance_or_phase,non_lateral_balance_or_phase
lateral,D0,d0_catastrophic,242,1,0,1,1,0,non_lateral_balance_or_phase,success
lateral,D0,d0_catastrophic,242,2,1,1,0,0,success,success
lateral,D0,d0_catastrophic,242,3,1,1,0,0,success,success
lateral,D0,d0_catastrophic,242,4,1,1,0,0,success,success
lateral,D0,d0_catastrophic,242,5,1,1,0,0,success,success
lateral,D0,d0_catastrophic,242,6,0,1,1,0,non_lateral_balance_or_phase,success
lateral,D0,d0_catastrophic,242,7,1,1,0,0,success,success
lateral,D0,d0_catastrophic,242,8,1,1,0,0,success,success
lateral,D0,d0_catastrophic,242,9,1,1,0,0,success,success
lateral,D0,d0_catastrophic,242,10,1,1,0,0,success,success
lateral,D0,d0_catastrophic,242,11,1,1,0,0,success,success
lateral,D0,d0_catastrophic,242,12,1,1,0,0,success,success
lateral,D0,d0_catastrophic,242,13,1,1,0,0,success,success
lateral,D0,d0_catastrophic,242,14,1,1,0,0,success,success
lateral,D0,d0_catastrophic,242,15,1,1,0,0,success,success
lateral,D0,d0_catastrophic,242,16,1,1,0,0,success,success
lateral,D0,d0_catastrophic,242,17,1,1,0,0,success,success
lateral,D0,d0_catastrophic,242,18,1,1,0,0,success,success
lateral,D0,d0_catastrophic,242,19,1,1,0,0,success,success
lateral,D0,d0_catastrophic,242,20,1,1,0,0,success,success
lateral,D0,d0_catastrophic,242,21,1,1,0,0,success,success
lateral,D0,d0_catastrophic,242,22,1,1,0,0,success,success
lateral,D0,d0_catastrophic,242,23,1,1,0,0,success,success
lateral,D0,d0_catastrophic,242,24,1,1,0,0,success,success
lateral,D0,d0_catastrophic,242,25,1,1,0,0,success,success
lateral,D0,d0_catastrophic,242,26,1,1,0,0,success,success
lateral,D0,d0_catastrophic,242,27,1,1,0,0,success,success
lateral,D0,d0_catastrophic,242,28,1,1,0,0,success,success
lateral,D0,d0_catastrophic,242,29,1,1,0,0,success,success
lateral,D0,d0_catastrophic,242,30,1,1,0,0,success,success
lateral,D0,d0_catastrophic,242,31,1,1,0,0,success,success
lateral,D0,d0_catastrophic,242,32,1,1,0,0,success,success
lateral,D0,d0_catastrophic,242,33,1,1,0,0,success,success
lateral,D0,d0_catastrophic,242,34,1,1,0,0,success,success
lateral,D0,d0_catastrophic,242,35,1,1,0,0,success,success
lateral,D0,d0_catastrophic,242,36,0,1,1,0,non_lateral_balance_or_phase,success
lateral,D0,d0_catastrophic,242,37,1,1,0,0,success,success
lateral,D0,d0_catastrophic,242,38,1,1,0,0,success,success
lateral,D0,d0_catastrophic,242,39,1,1,0,0,success,success
lateral,D0,d0_catastrophic,242,40,1,1,0,0,success,success
lateral,D0,d0_catastrophic,242,41,1,1,0,0,success,success
lateral,D0,d0_catastrophic,242,42,1,1,0,0,success,success
lateral,D0,d0_catastrophic,242,43,1,1,0,0,success,success
lateral,D0,d0_catastrophic,242,44,0,1,1,0,lateral_heading_drift,success
lateral,D0,d0_catastrophic,242,45,1,1,0,0,success,success
lateral,D0,d0_catastrophic,242,46,1,1,0,0,success,success
lateral,D0,d0_catastrophic,242,47,1,1,0,0,success,success
lateral,D0,d0_catastrophic,242,48,1,1,0,0,success,success
lateral,D0,d0_catastrophic,242,49,1,1,0,0,success,success
lateral,D0,d0_catastrophic,242,50,1,1,0,0,success,success
lateral,D0,d0_catastrophic,242,51,1,1,0,0,success,success
lateral,D0,d0_catastrophic,242,52,1,1,0,0,success,success
lateral,D0,d0_catastrophic,242,53,1,1,0,0,success,success
lateral,D0,d0_catastrophic,242,54,1,1,0,0,success,success
lateral,D0,d0_catastrophic,242,55,1,1,0,0,success,success
lateral,D0,d0_catastrophic,242,56,1,1,0,0,success,success
lateral,D0,d0_catastrophic,242,57,1,1,0,0,success,success
lateral,D0,d0_catastrophic,242,58,1,1,0,0,success,success
lateral,D0,d0_catastrophic,242,59,1,1,0,0,success,success
lateral,D0,d0_catastrophic,242,60,1,1,0,0,success,success
lateral,D0,d0_catastrophic,242,61,1,1,0,0,success,success
lateral,D0,d0_catastrophic,242,62,0,1,1,0,non_lateral_balance_or_phase,success
lateral,D0,d0_catastrophic,242,63,1,1,0,0,success,success
lateral,D0,d0_catastrophic,242,64,1,1,0,0,success,success
lateral,D0,d0_catastrophic,242,65,1,1,0,0,success,success
lateral,D0,d0_catastrophic,242,66,1,1,0,0,success,success
lateral,D0,d0_catastrophic,242,67,1,1,0,0,success,success
lateral,D0,d0_catastrophic,242,68,1,1,0,0,success,success
lateral,D0,d0_catastrophic,242,69,1,1,0,0,success,success
lateral,D0,d0_catastrophic,242,70,1,1,0,0,success,success
lateral,D0,d0_catastrophic,242,71,1,1,0,0,success,success
lateral,D0,d0_catastrophic,242,72,1,1,0,0,success,success
lateral,D0,d0_catastrophic,242,73,1,1,0,0,success,success
lateral,D0,d0_catastrophic,242,74,1,1,0,0,success,success
lateral,D0,d0_catastrophic,242,75,1,1,0,0,success,success
lateral,D0,d0_catastrophic,242,76,1,1,0,0,success,success
lateral,D0,d0_catastrophic,242,77,1,1,0,0,success,success
lateral,D0,d0_catastrophic,242,78,1,1,0,0,success,success
lateral,D0,d0_catastrophic,242,79,1,1,0,0,success,success
lateral,D0,d0_catastrophic,242,80,1,1,0,0,success,success
lateral,D0,d0_catastrophic,242,81,1,1,0,0,success,success
lateral,D0,d0_catastrophic,242,82,1,1,0,0,success,success
lateral,D0,d0_catastrophic,242,83,1,1,0,0,success,success
lateral,D0,d0_catastrophic,242,84,1,1,0,0,success,success
lateral,D0,d0_catastrophic,242,85,1,1,0,0,success,success
lateral,D0,d0_catastrophic,242,86,1,1,0,0,success,success
lateral,D0,d0_catastrophic,242,87,1,1,0,0,success,success
lateral,D0,d0_catastrophic,242,88,1,1,0,0,success,success
lateral,D0,d0_catastrophic,242,89,1,1,0,0,success,success
lateral,D0,d0_catastrophic,242,90,1,1,0,0,success,success
lateral,D0,d0_catastrophic,242,91,1,1,0,0,success,success
lateral,D0,d0_catastrophic,242,92,1,1,0,0,success,success
lateral,D0,d0_catastrophic,242,93,1,1,0,0,success,success
lateral,D0,d0_catastrophic,242,94,1,1,0,0,success,success
lateral,D0,d0_catastrophic,242,95,1,1,0,0,success,success
lateral,D0,d0_catastrophic,242,96,1,1,0,0,success,success
lateral,D0,d0_catastrophic,242,97,1,1,0,0,success,success
lateral,D0,d0_catastrophic,242,98,1,1,0,0,success,success
lateral,D0,d0_catastrophic,242,99,1,1,0,0,success,success
lateral,D0,d0_catastrophic,242,100,1,1,0,0,success,success
lateral,D0,d0_catastrophic,242,101,1,1,0,0,success,success
lateral,D0,d0_catastrophic,242,102,1,1,0,0,success,success
lateral,D0,d0_catastrophic,242,103,1,1,0,0,success,success
lateral,D0,d0_catastrophic,242,104,1,1,0,0,success,success
lateral,D0,d0_catastrophic,242,105,1,1,0,0,success,success
lateral,D0,d0_catastrophic,242,106,1,1,0,0,success,success
lateral,D0,d0_catastrophic,242,107,1,1,0,0,success,success
lateral,D0,d0_catastrophic,242,108,1,1,0,0,success,success
lateral,D0,d0_catastrophic,242,109,1,1,0,0,success,success
lateral,D0,d0_catastrophic,242,110,1,1,0,0,success,success
lateral,D0,d0_catastrophic,242,111,1,1,0,0,success,success
lateral,D0,d0_catastrophic,242,112,1,1,0,0,success,success
lateral,D0,d0_catastrophic,242,113,1,1,0,0,success,success
lateral,D0,d0_catastrophic,242,114,1,1,0,0,success,success
lateral,D0,d0_catastrophic,242,115,1,1,0,0,success,success
lateral,D0,d0_catastrophic,242,116,1,1,0,0,success,success
lateral,D0,d0_catastrophic,242,117,1,1,0,0,success,success
lateral,D0,d0_catastrophic,242,118,1,0,0,0,success,timeout_or_other_nonfall
lateral,D0,d0_catastrophic,242,119,1,0,0,0,success,timeout_or_other_nonfall
lateral,D0,d0_catastrophic,242,120,1,0,0,0,success,timeout_or_other_nonfall
lateral,D0,d0_catastrophic,242,121,1,0,0,0,success,timeout_or_other_nonfall
lateral,D0,d0_catastrophic,242,122,0,0,0,0,timeout_or_other_nonfall,timeout_or_other_nonfall
lateral,D0,d0_catastrophic,242,123,0,0,0,0,timeout_or_other_nonfall,timeout_or_other_nonfall
lateral,D0,d0_catastrophic,242,124,0,0,0,0,timeout_or_other_nonfall,timeout_or_other_nonfall
lateral,D0,d0_catastrophic,242,125,0,0,0,0,timeout_or_other_nonfall,timeout_or_other_nonfall
lateral,D0,d0_catastrophic,242,126,0,0,0,0,timeout_or_other_nonfall,timeout_or_other_nonfall
lateral,D0,d0_catastrophic,242,127,0,0,0,0,timeout_or_other_nonfall,timeout_or_other_nonfall
lateral,D0,d0_catastrophic,242,128,0,0,1,1,non_lateral_high_cbf_demand,non_lateral_high_cbf_demand
lateral,D0,d0_catastrophic,242,129,1,0,0,1,success,non_lateral_balance_or_phase
lateral,D0,d0_catastrophic,242,130,1,0,0,1,success,non_lateral_high_cbf_demand
lateral,D0,d0_catastrophic,242,131,1,0,0,1,success,non_lateral_balance_or_phase
lateral,D0,d0_catastrophic,242,132,1,1,0,0,success,success
lateral,D0,d0_catastrophic,242,133,1,1,0,0,success,success
lateral,D0,d0_catastrophic,242,134,1,0,0,1,success,non_lateral_balance_or_phase
lateral,D0,d0_catastrophic,242,135,0,1,1,0,non_lateral_balance_or_phase,success
lateral,D0,d0_catastrophic,242,136,1,1,0,0,success,success
lateral,D0,d0_catastrophic,242,137,1,1,0,0,success,success
lateral,D0,d0_catastrophic,242,138,1,1,0,0,success,success
lateral,D0,d0_catastrophic,242,139,1,1,0,0,success,success
lateral,D0,d0_catastrophic,242,140,1,1,0,0,success,success
lateral,D0,d0_catastrophic,242,141,1,1,0,0,success,success
lateral,D0,d0_catastrophic,242,142,1,1,0,0,success,success
lateral,D0,d0_catastrophic,242,143,1,1,0,0,success,success
lateral,D0,d0_catastrophic,242,144,1,1,0,0,success,success
lateral,D0,d0_catastrophic,242,145,1,1,0,0,success,success
lateral,D0,d0_catastrophic,242,146,1,1,0,0,success,success
lateral,D0,d0_catastrophic,242,147,1,1,0,0,success,success
lateral,D0,d0_catastrophic,242,148,1,1,0,0,success,success
lateral,D0,d0_catastrophic,242,149,1,1,0,0,success,success
lateral,D0,d0_catastrophic,242,150,1,1,0,0,success,success
lateral,D0,d0_catastrophic,242,151,1,1,0,0,success,success
lateral,D0,d0_catastrophic,242,152,1,1,0,0,success,success
lateral,D0,d0_catastrophic,242,153,1,1,0,0,success,success
lateral,D0,d0_catastrophic,242,154,1,1,0,0,success,success
lateral,D0,d0_catastrophic,242,155,1,1,0,0,success,success
lateral,D0,d0_catastrophic,242,156,1,1,0,0,success,success
lateral,D0,d0_catastrophic,242,157,1,1,0,0,success,success
lateral,D0,d0_catastrophic,242,158,1,1,0,0,success,success
lateral,D0,d0_catastrophic,242,159,1,1,0,0,success,success
lateral,D0,d0_catastrophic,242,160,1,1,0,0,success,success
lateral,D0,d0_catastrophic,242,161,1,1,0,0,success,success
lateral,D0,d0_catastrophic,242,162,1,1,0,0,success,success
lateral,D0,d0_catastrophic,242,163,1,1,0,0,success,success
lateral,D0,d0_catastrophic,242,164,1,1,0,0,success,success
lateral,D0,d0_catastrophic,242,165,1,1,0,0,success,success
lateral,D0,d0_catastrophic,242,166,1,1,0,0,success,success
lateral,D0,d0_catastrophic,242,167,1,1,0,0,success,success
lateral,D0,d0_catastrophic,242,168,1,1,0,0,success,success
lateral,D0,d0_catastrophic,242,169,1,1,0,0,success,success
lateral,D0,d0_catastrophic,242,170,1,1,0,0,success,success
lateral,D0,d0_catastrophic,242,171,1,1,0,0,success,success
lateral,D0,d0_catastrophic,242,172,1,1,0,0,success,success
lateral,D0,d0_catastrophic,242,173,1,1,0,0,success,success
lateral,D0,d0_catastrophic,242,174,1,1,0,0,success,success
lateral,D0,d0_catastrophic,242,175,1,1,0,0,success,success
lateral,D0,d0_catastrophic,242,176,1,1,0,0,success,success
lateral,D0,d0_catastrophic,242,177,1,1,0,0,success,success
lateral,D0,d0_catastrophic,242,178,1,1,0,0,success,success
lateral,D0,d0_catastrophic,242,179,1,1,0,0,success,success
lateral,D0,d0_catastrophic,242,180,1,1,0,0,success,success
lateral,D0,d0_catastrophic,242,181,1,1,0,0,success,success
lateral,D0,d0_catastrophic,242,182,1,1,0,0,success,success
lateral,D0,d0_catastrophic,242,183,1,1,0,0,success,success
lateral,D0,d0_catastrophic,242,184,1,1,0,0,success,success
lateral,D0,d0_catastrophic,242,185,1,1,0,0,success,success
lateral,D0,d0_catastrophic,242,186,1,1,0,0,success,success
lateral,D0,d0_catastrophic,242,187,1,1,0,0,success,success
lateral,D0,d0_catastrophic,242,188,1,1,0,0,success,success
lateral,D0,d0_catastrophic,242,189,1,1,0,0,success,success
lateral,D0,d0_catastrophic,242,190,1,1,0,0,success,success
lateral,D0,d0_catastrophic,242,191,1,1,0,0,success,success
lateral,D0,d0_catastrophic,242,192,1,1,0,0,success,success
lateral,D0,d0_catastrophic,242,193,1,1,0,0,success,success
lateral,D0,d0_catastrophic,242,194,1,1,0,0,success,success
lateral,D0,d0_catastrophic,242,195,0,1,1,0,non_lateral_high_cbf_demand,success
lateral,D0,d0_catastrophic,242,196,1,1,0,0,success,success
lateral,D0,d0_catastrophic,242,197,1,1,0,0,success,success
lateral,D0,d0_catastrophic,242,198,1,1,0,0,success,success
lateral,D0,d0_catastrophic,242,199,1,1,0,0,success,success
lateral,D0,d0_catastrophic,242,200,1,1,0,0,success,success
lateral,D0,d0_catastrophic,242,201,1,1,0,0,success,success
lateral,D0,d0_catastrophic,242,202,1,1,0,0,success,success
lateral,D0,d0_catastrophic,242,203,1,1,0,0,success,success
lateral,D0,d0_catastrophic,242,204,1,1,0,0,success,success
lateral,D0,d0_catastrophic,242,205,1,1,0,0,success,success
lateral,D0,d0_catastrophic,242,206,1,1,0,0,success,success
lateral,D0,d0_catastrophic,242,207,1,1,0,0,success,success
lateral,D0,d0_catastrophic,242,208,1,1,0,0,success,success
lateral,D0,d0_catastrophic,242,209,1,1,0,0,success,success
lateral,D0,d0_catastrophic,242,210,1,1,0,0,success,success
lateral,D0,d0_catastrophic,242,211,1,1,0,0,success,success
lateral,D0,d0_catastrophic,242,212,1,1,0,0,success,success
lateral,D0,d0_catastrophic,242,213,1,1,0,0,success,success
lateral,D0,d0_catastrophic,242,214,1,1,0,0,success,success
lateral,D0,d0_catastrophic,242,215,1,1,0,0,success,success
lateral,D0,d0_catastrophic,242,216,1,1,0,0,success,success
lateral,D0,d0_catastrophic,242,217,1,1,0,0,success,success
lateral,D0,d0_catastrophic,242,218,1,1,0,0,success,success
lateral,D0,d0_catastrophic,242,219,1,1,0,0,success,success
lateral,D0,d0_catastrophic,242,220,1,1,0,0,success,success
lateral,D0,d0_catastrophic,242,221,1,1,0,0,success,success
lateral,D0,d0_catastrophic,242,222,1,1,0,0,success,success
lateral,D0,d0_catastrophic,242,223,1,1,0,0,success,success
lateral,D0,d0_catastrophic,242,224,1,1,0,0,success,success
lateral,D0,d0_catastrophic,242,225,1,1,0,0,success,success
lateral,D0,d0_catastrophic,242,226,1,1,0,0,success,success
lateral,D0,d0_catastrophic,242,227,1,1,0,0,success,success
lateral,D0,d0_catastrophic,242,228,1,1,0,0,success,success
lateral,D0,d0_catastrophic,242,229,1,1,0,0,success,success
lateral,D0,d0_catastrophic,242,230,1,1,0,0,success,success
lateral,D0,d0_catastrophic,242,231,1,1,0,0,success,success
lateral,D0,d0_catastrophic,242,232,1,1,0,0,success,success
lateral,D0,d0_catastrophic,242,233,1,1,0,0,success,success
lateral,D0,d0_catastrophic,242,234,1,1,0,0,success,success
lateral,D0,d0_catastrophic,242,235,1,1,0,0,success,success
lateral,D0,d0_catastrophic,242,236,1,1,0,0,success,success
lateral,D0,d0_catastrophic,242,237,1,1,0,0,success,success
lateral,D0,d0_catastrophic,242,238,1,1,0,0,success,success
lateral,D0,d0_catastrophic,242,239,1,1,0,0,success,success
lateral,D0,d0_catastrophic,242,240,1,1,0,0,success,success
lateral,D0,d0_catastrophic,242,241,1,1,0,0,success,success
lateral,D0,d0_catastrophic,242,242,1,1,0,0,success,success
lateral,D0,d0_catastrophic,242,243,1,1,0,0,success,success
lateral,D0,d0_catastrophic,242,244,1,1,0,0,success,success
lateral,D0,d0_catastrophic,242,245,1,1,0,0,success,success
lateral,D0,d0_catastrophic,242,246,1,1,0,0,success,success
lateral,D0,d0_catastrophic,242,247,1,0,0,0,success,timeout_or_other_nonfall
lateral,D0,d0_catastrophic,242,248,1,0,0,0,success,timeout_or_other_nonfall
lateral,D0,d0_catastrophic,242,249,1,0,0,0,success,timeout_or_other_nonfall
lateral,D0,d0_catastrophic,242,250,1,0,0,0,success,timeout_or_other_nonfall
lateral,D0,d0_catastrophic,242,251,0,0,0,0,timeout_or_other_nonfall,timeout_or_other_nonfall
lateral,D0,d0_catastrophic,242,252,0,0,0,0,timeout_or_other_nonfall,timeout_or_other_nonfall
lateral,D0,d0_catastrophic,242,253,0,0,0,0,timeout_or_other_nonfall,timeout_or_other_nonfall
lateral,D0,d0_catastrophic,242,254,0,0,0,0,timeout_or_other_nonfall,timeout_or_other_nonfall
lateral,D0,d0_catastrophic,242,255,0,0,0,0,timeout_or_other_nonfall,timeout_or_other_nonfall
cbf,lateral,off_diagonal_report_only,42,0,0,0,1,1,lateral_heading_drift,non_lateral_high_cbf_demand
cbf,lateral,off_diagonal_report_only,42,1,0,0,1,1,non_lateral_balance_or_phase,non_lateral_high_cbf_demand
cbf,lateral,off_diagonal_report_only,42,2,0,0,1,1,non_lateral_high_cbf_demand,lateral_heading_drift
cbf,lateral,off_diagonal_report_only,42,3,0,0,1,1,lateral_heading_drift,non_lateral_high_cbf_demand
cbf,lateral,off_diagonal_report_only,42,4,0,0,1,1,lateral_heading_drift,non_lateral_balance_or_phase
cbf,lateral,off_diagonal_report_only,42,5,0,0,1,1,lateral_heading_drift,non_lateral_balance_or_phase
cbf,lateral,off_diagonal_report_only,42,6,0,0,1,1,non_lateral_balance_or_phase,lateral_heading_drift
cbf,lateral,off_diagonal_report_only,42,7,0,0,1,1,lateral_heading_drift,non_lateral_high_cbf_demand
cbf,lateral,off_diagonal_report_only,42,8,0,0,1,1,lateral_heading_drift,lateral_heading_drift
cbf,lateral,off_diagonal_report_only,42,9,0,0,1,1,lateral_heading_drift,non_lateral_high_cbf_demand
cbf,lateral,off_diagonal_report_only,42,10,1,0,0,1,success,lateral_heading_drift
cbf,lateral,off_diagonal_report_only,42,11,0,0,1,1,lateral_heading_drift,lateral_heading_drift
cbf,lateral,off_diagonal_report_only,42,12,0,1,1,0,lateral_heading_drift,success
cbf,lateral,off_diagonal_report_only,42,13,1,0,0,1,success,lateral_heading_drift
cbf,lateral,off_diagonal_report_only,42,14,1,0,0,1,success,non_lateral_balance_or_phase
cbf,lateral,off_diagonal_report_only,42,15,1,0,0,1,success,lateral_heading_drift
cbf,lateral,off_diagonal_report_only,42,16,1,0,0,1,success,lateral_heading_drift
cbf,lateral,off_diagonal_report_only,42,17,1,0,0,1,success,lateral_heading_drift
cbf,lateral,off_diagonal_report_only,42,18,1,1,0,0,success,success
cbf,lateral,off_diagonal_report_only,42,19,1,1,0,0,success,success
cbf,lateral,off_diagonal_report_only,42,20,1,0,0,1,success,lateral_heading_drift
cbf,lateral,off_diagonal_report_only,42,21,1,1,0,0,success,success
cbf,lateral,off_diagonal_report_only,42,22,0,1,1,0,lateral_heading_drift,success
cbf,lateral,off_diagonal_report_only,42,23,0,1,1,0,lateral_heading_drift,success
cbf,lateral,off_diagonal_report_only,42,24,1,0,0,1,success,lateral_heading_drift
cbf,lateral,off_diagonal_report_only,42,25,1,1,0,0,success,success
cbf,lateral,off_diagonal_report_only,42,26,1,1,0,0,success,success
cbf,lateral,off_diagonal_report_only,42,27,0,1,1,0,lateral_heading_drift,success
cbf,lateral,off_diagonal_report_only,42,28,1,1,0,0,success,success
cbf,lateral,off_diagonal_report_only,42,29,1,1,0,0,success,success
cbf,lateral,off_diagonal_report_only,42,30,1,1,0,0,success,success
cbf,lateral,off_diagonal_report_only,42,31,1,1,0,0,success,success
cbf,lateral,off_diagonal_report_only,42,32,1,1,0,0,success,success
cbf,lateral,off_diagonal_report_only,42,33,1,1,0,0,success,success
cbf,lateral,off_diagonal_report_only,42,34,1,1,0,0,success,success
cbf,lateral,off_diagonal_report_only,42,35,1,1,0,0,success,success
cbf,lateral,off_diagonal_report_only,42,36,1,1,0,0,success,success
cbf,lateral,off_diagonal_report_only,42,37,1,1,0,0,success,success
cbf,lateral,off_diagonal_report_only,42,38,1,1,0,0,success,success
cbf,lateral,off_diagonal_report_only,42,39,1,1,0,0,success,success
cbf,lateral,off_diagonal_report_only,42,40,1,1,0,0,success,success
cbf,lateral,off_diagonal_report_only,42,41,1,1,0,0,success,success
cbf,lateral,off_diagonal_report_only,42,42,1,1,0,0,success,success
cbf,lateral,off_diagonal_report_only,42,43,1,1,0,0,success,success
cbf,lateral,off_diagonal_report_only,42,44,1,1,0,0,success,success
cbf,lateral,off_diagonal_report_only,42,45,1,1,0,0,success,success
cbf,lateral,off_diagonal_report_only,42,46,1,1,0,0,success,success
cbf,lateral,off_diagonal_report_only,42,47,1,1,0,0,success,success
cbf,lateral,off_diagonal_report_only,42,48,1,1,0,0,success,success
cbf,lateral,off_diagonal_report_only,42,49,1,1,0,0,success,success
cbf,lateral,off_diagonal_report_only,42,50,1,1,0,0,success,success
cbf,lateral,off_diagonal_report_only,42,51,1,1,0,0,success,success
cbf,lateral,off_diagonal_report_only,42,52,1,1,0,0,success,success
cbf,lateral,off_diagonal_report_only,42,53,1,1,0,0,success,success
cbf,lateral,off_diagonal_report_only,42,54,0,1,1,0,lateral_heading_drift,success
cbf,lateral,off_diagonal_report_only,42,55,1,0,0,1,success,lateral_heading_drift
cbf,lateral,off_diagonal_report_only,42,56,1,1,0,0,success,success
cbf,lateral,off_diagonal_report_only,42,57,1,0,0,1,success,lateral_heading_drift
cbf,lateral,off_diagonal_report_only,42,58,1,1,0,0,success,success
cbf,lateral,off_diagonal_report_only,42,59,0,1,1,0,lateral_heading_drift,success
cbf,lateral,off_diagonal_report_only,42,60,1,0,0,1,success,lateral_heading_drift
cbf,lateral,off_diagonal_report_only,42,61,0,0,1,1,lateral_heading_drift,lateral_heading_drift
cbf,lateral,off_diagonal_report_only,42,62,1,0,0,1,success,lateral_heading_drift
cbf,lateral,off_diagonal_report_only,42,63,1,1,0,0,success,success
cbf,lateral,off_diagonal_report_only,42,64,1,1,0,0,success,success
cbf,lateral,off_diagonal_report_only,42,65,1,1,0,0,success,success
cbf,lateral,off_diagonal_report_only,42,66,1,1,0,0,success,success
cbf,lateral,off_diagonal_report_only,42,67,1,1,0,0,success,success
cbf,lateral,off_diagonal_report_only,42,68,1,1,0,0,success,success
cbf,lateral,off_diagonal_report_only,42,69,1,1,0,0,success,success
cbf,lateral,off_diagonal_report_only,42,70,1,1,0,0,success,success
cbf,lateral,off_diagonal_report_only,42,71,1,1,0,0,success,success
cbf,lateral,off_diagonal_report_only,42,72,1,0,0,1,success,lateral_heading_drift
cbf,lateral,off_diagonal_report_only,42,73,1,1,0,0,success,success
cbf,lateral,off_diagonal_report_only,42,74,1,1,0,0,success,success
cbf,lateral,off_diagonal_report_only,42,75,1,0,0,1,success,lateral_heading_drift
cbf,lateral,off_diagonal_report_only,42,76,1,1,0,0,success,success
cbf,lateral,off_diagonal_report_only,42,77,0,0,1,1,lateral_heading_drift,lateral_heading_drift
cbf,lateral,off_diagonal_report_only,42,78,1,0,0,1,success,lateral_heading_drift
cbf,lateral,off_diagonal_report_only,42,79,1,1,0,0,success,success
cbf,lateral,off_diagonal_report_only,42,80,1,1,0,0,success,success
cbf,lateral,off_diagonal_report_only,42,81,1,1,0,0,success,success
cbf,lateral,off_diagonal_report_only,42,82,1,1,0,0,success,success
cbf,lateral,off_diagonal_report_only,42,83,1,1,0,0,success,success
cbf,lateral,off_diagonal_report_only,42,84,1,1,0,0,success,success
cbf,lateral,off_diagonal_report_only,42,85,1,1,0,0,success,success
cbf,lateral,off_diagonal_report_only,42,86,1,1,0,0,success,success
cbf,lateral,off_diagonal_report_only,42,87,1,1,0,0,success,success
cbf,lateral,off_diagonal_report_only,42,88,1,1,0,0,success,success
cbf,lateral,off_diagonal_report_only,42,89,1,0,0,1,success,lateral_heading_drift
cbf,lateral,off_diagonal_report_only,42,90,1,1,0,0,success,success
cbf,lateral,off_diagonal_report_only,42,91,1,1,0,0,success,success
cbf,lateral,off_diagonal_report_only,42,92,1,0,0,1,success,lateral_heading_drift
cbf,lateral,off_diagonal_report_only,42,93,1,1,0,0,success,success
cbf,lateral,off_diagonal_report_only,42,94,1,0,0,1,success,lateral_heading_drift
cbf,lateral,off_diagonal_report_only,42,95,1,1,0,0,success,success
cbf,lateral,off_diagonal_report_only,42,96,1,0,0,1,success,lateral_heading_drift
cbf,lateral,off_diagonal_report_only,42,97,0,1,1,0,lateral_heading_drift,success
cbf,lateral,off_diagonal_report_only,42,98,1,1,0,0,success,success
cbf,lateral,off_diagonal_report_only,42,99,1,1,0,0,success,success
cbf,lateral,off_diagonal_report_only,42,100,1,1,0,0,success,success
cbf,lateral,off_diagonal_report_only,42,101,1,1,0,0,success,success
cbf,lateral,off_diagonal_report_only,42,102,1,1,0,0,success,success
cbf,lateral,off_diagonal_report_only,42,103,1,1,0,0,success,success
cbf,lateral,off_diagonal_report_only,42,104,1,1,0,0,success,success
cbf,lateral,off_diagonal_report_only,42,105,1,1,0,0,success,success
cbf,lateral,off_diagonal_report_only,42,106,1,1,0,0,success,success
cbf,lateral,off_diagonal_report_only,42,107,1,1,0,0,success,success
cbf,lateral,off_diagonal_report_only,42,108,1,1,0,0,success,success
cbf,lateral,off_diagonal_report_only,42,109,1,1,0,0,success,success
cbf,lateral,off_diagonal_report_only,42,110,1,0,0,1,success,lateral_heading_drift
cbf,lateral,off_diagonal_report_only,42,111,0,1,1,0,lateral_heading_drift,success
cbf,lateral,off_diagonal_report_only,42,112,1,1,0,0,success,success
cbf,lateral,off_diagonal_report_only,42,113,1,1,0,0,success,success
cbf,lateral,off_diagonal_report_only,42,114,1,1,0,0,success,success
cbf,lateral,off_diagonal_report_only,42,115,1,1,0,0,success,success
cbf,lateral,off_diagonal_report_only,42,116,0,0,1,1,lateral_heading_drift,lateral_heading_drift
cbf,lateral,off_diagonal_report_only,42,117,0,1,1,0,lateral_heading_drift,success
cbf,lateral,off_diagonal_report_only,42,118,1,1,0,0,success,success
cbf,lateral,off_diagonal_report_only,42,119,1,1,0,0,success,success
cbf,lateral,off_diagonal_report_only,42,120,1,1,0,0,success,success
cbf,lateral,off_diagonal_report_only,42,121,1,1,0,0,success,success
cbf,lateral,off_diagonal_report_only,42,122,1,0,0,1,success,lateral_heading_drift
cbf,lateral,off_diagonal_report_only,42,123,1,1,0,0,success,success
cbf,lateral,off_diagonal_report_only,42,124,0,1,1,0,lateral_heading_drift,success
cbf,lateral,off_diagonal_report_only,42,125,1,1,0,0,success,success
cbf,lateral,off_diagonal_report_only,42,126,1,1,0,0,success,success
cbf,lateral,off_diagonal_report_only,42,127,1,1,0,0,success,success
cbf,lateral,off_diagonal_report_only,42,128,0,0,1,1,lateral_heading_drift,non_lateral_high_cbf_demand
cbf,lateral,off_diagonal_report_only,42,129,0,0,1,1,lateral_heading_drift,non_lateral_high_cbf_demand
cbf,lateral,off_diagonal_report_only,42,130,0,0,1,1,lateral_heading_drift,lateral_heading_drift
cbf,lateral,off_diagonal_report_only,42,131,0,0,1,1,lateral_heading_drift,lateral_heading_drift
cbf,lateral,off_diagonal_report_only,42,132,0,0,1,1,lateral_heading_drift,lateral_heading_drift
cbf,lateral,off_diagonal_report_only,42,133,0,0,1,1,lateral_heading_drift,non_lateral_high_cbf_demand
cbf,lateral,off_diagonal_report_only,42,134,0,0,1,1,lateral_heading_drift,lateral_heading_drift
cbf,lateral,off_diagonal_report_only,42,135,0,0,1,1,lateral_heading_drift,lateral_heading_drift
cbf,lateral,off_diagonal_report_only,42,136,0,0,1,1,non_lateral_high_cbf_demand,lateral_heading_drift
cbf,lateral,off_diagonal_report_only,42,137,0,0,1,1,lateral_heading_drift,non_lateral_balance_or_phase
cbf,lateral,off_diagonal_report_only,42,138,1,0,0,1,success,lateral_heading_drift
cbf,lateral,off_diagonal_report_only,42,139,0,0,1,1,non_lateral_high_cbf_demand,lateral_heading_drift
cbf,lateral,off_diagonal_report_only,42,140,0,0,1,1,lateral_heading_drift,non_lateral_balance_or_phase
cbf,lateral,off_diagonal_report_only,42,141,1,0,0,1,success,lateral_heading_drift
cbf,lateral,off_diagonal_report_only,42,142,1,1,0,0,success,success
cbf,lateral,off_diagonal_report_only,42,143,1,0,0,1,success,lateral_heading_drift
cbf,lateral,off_diagonal_report_only,42,144,1,0,0,1,success,lateral_heading_drift
cbf,lateral,off_diagonal_report_only,42,145,1,0,0,1,success,lateral_heading_drift
cbf,lateral,off_diagonal_report_only,42,146,1,1,0,0,success,success
cbf,lateral,off_diagonal_report_only,42,147,1,1,0,0,success,success
cbf,lateral,off_diagonal_report_only,42,148,0,1,1,0,lateral_heading_drift,success
cbf,lateral,off_diagonal_report_only,42,149,0,1,1,0,lateral_heading_drift,success
cbf,lateral,off_diagonal_report_only,42,150,0,0,1,1,lateral_heading_drift,lateral_heading_drift
cbf,lateral,off_diagonal_report_only,42,151,1,1,0,0,success,success
cbf,lateral,off_diagonal_report_only,42,152,1,0,0,1,success,lateral_heading_drift
cbf,lateral,off_diagonal_report_only,42,153,1,0,0,1,success,lateral_heading_drift
cbf,lateral,off_diagonal_report_only,42,154,1,1,0,0,success,success
cbf,lateral,off_diagonal_report_only,42,155,1,1,0,0,success,success
cbf,lateral,off_diagonal_report_only,42,156,1,1,0,0,success,success
cbf,lateral,off_diagonal_report_only,42,157,0,0,1,1,lateral_heading_drift,lateral_heading_drift
cbf,lateral,off_diagonal_report_only,42,158,1,1,0,0,success,success
cbf,lateral,off_diagonal_report_only,42,159,1,1,0,0,success,success
cbf,lateral,off_diagonal_report_only,42,160,0,0,1,1,lateral_heading_drift,lateral_heading_drift
cbf,lateral,off_diagonal_report_only,42,161,1,1,0,0,success,success
cbf,lateral,off_diagonal_report_only,42,162,1,0,0,1,success,lateral_heading_drift
cbf,lateral,off_diagonal_report_only,42,163,1,1,0,0,success,success
cbf,lateral,off_diagonal_report_only,42,164,1,1,0,0,success,success
cbf,lateral,off_diagonal_report_only,42,165,1,1,0,0,success,success
cbf,lateral,off_diagonal_report_only,42,166,1,1,0,0,success,success
cbf,lateral,off_diagonal_report_only,42,167,1,1,0,0,success,success
cbf,lateral,off_diagonal_report_only,42,168,0,1,1,0,lateral_heading_drift,success
cbf,lateral,off_diagonal_report_only,42,169,1,1,0,0,success,success
cbf,lateral,off_diagonal_report_only,42,170,1,1,0,0,success,success
cbf,lateral,off_diagonal_report_only,42,171,1,1,0,0,success,success
cbf,lateral,off_diagonal_report_only,42,172,1,1,0,0,success,success
cbf,lateral,off_diagonal_report_only,42,173,1,1,0,0,success,success
cbf,lateral,off_diagonal_report_only,42,174,1,1,0,0,success,success
cbf,lateral,off_diagonal_report_only,42,175,0,1,1,0,lateral_heading_drift,success
cbf,lateral,off_diagonal_report_only,42,176,1,1,0,0,success,success
cbf,lateral,off_diagonal_report_only,42,177,1,1,0,0,success,success
cbf,lateral,off_diagonal_report_only,42,178,1,0,0,1,success,lateral_heading_drift
cbf,lateral,off_diagonal_report_only,42,179,1,1,0,0,success,success
cbf,lateral,off_diagonal_report_only,42,180,0,1,1,0,lateral_heading_drift,success
cbf,lateral,off_diagonal_report_only,42,181,1,1,0,0,success,success
cbf,lateral,off_diagonal_report_only,42,182,1,1,0,0,success,success
cbf,lateral,off_diagonal_report_only,42,183,1,1,0,0,success,success
cbf,lateral,off_diagonal_report_only,42,184,1,1,0,0,success,success
cbf,lateral,off_diagonal_report_only,42,185,1,1,0,0,success,success
cbf,lateral,off_diagonal_report_only,42,186,1,1,0,0,success,success
cbf,lateral,off_diagonal_report_only,42,187,1,1,0,0,success,success
cbf,lateral,off_diagonal_report_only,42,188,1,1,0,0,success,success
cbf,lateral,off_diagonal_report_only,42,189,1,1,0,0,success,success
cbf,lateral,off_diagonal_report_only,42,190,0,0,1,1,lateral_heading_drift,lateral_heading_drift
cbf,lateral,off_diagonal_report_only,42,191,0,1,1,0,lateral_heading_drift,success
cbf,lateral,off_diagonal_report_only,42,192,0,1,1,0,lateral_heading_drift,success
cbf,lateral,off_diagonal_report_only,42,193,1,1,0,0,success,success
cbf,lateral,off_diagonal_report_only,42,194,1,1,0,0,success,success
cbf,lateral,off_diagonal_report_only,42,195,1,1,0,0,success,success
cbf,lateral,off_diagonal_report_only,42,196,1,1,0,0,success,success
cbf,lateral,off_diagonal_report_only,42,197,1,1,0,0,success,success
cbf,lateral,off_diagonal_report_only,42,198,1,0,0,1,success,lateral_heading_drift
cbf,lateral,off_diagonal_report_only,42,199,1,1,0,0,success,success
cbf,lateral,off_diagonal_report_only,42,200,1,1,0,0,success,success
cbf,lateral,off_diagonal_report_only,42,201,1,1,0,0,success,success
cbf,lateral,off_diagonal_report_only,42,202,1,1,0,0,success,success
cbf,lateral,off_diagonal_report_only,42,203,1,0,0,1,success,lateral_heading_drift
cbf,lateral,off_diagonal_report_only,42,204,1,1,0,0,success,success
cbf,lateral,off_diagonal_report_only,42,205,1,1,0,0,success,success
cbf,lateral,off_diagonal_report_only,42,206,1,1,0,0,success,success
cbf,lateral,off_diagonal_report_only,42,207,1,1,0,0,success,success
cbf,lateral,off_diagonal_report_only,42,208,1,1,0,0,success,success
cbf,lateral,off_diagonal_report_only,42,209,1,1,0,0,success,success
cbf,lateral,off_diagonal_report_only,42,210,1,1,0,0,success,success
cbf,lateral,off_diagonal_report_only,42,211,1,1,0,0,success,success
cbf,lateral,off_diagonal_report_only,42,212,1,1,0,0,success,success
cbf,lateral,off_diagonal_report_only,42,213,1,1,0,0,success,success
cbf,lateral,off_diagonal_report_only,42,214,1,1,0,0,success,success
cbf,lateral,off_diagonal_report_only,42,215,1,1,0,0,success,success
cbf,lateral,off_diagonal_report_only,42,216,1,1,0,0,success,success
cbf,lateral,off_diagonal_report_only,42,217,1,1,0,0,success,success
cbf,lateral,off_diagonal_report_only,42,218,1,1,0,0,success,success
cbf,lateral,off_diagonal_report_only,42,219,1,1,0,0,success,success
cbf,lateral,off_diagonal_report_only,42,220,1,1,0,0,success,success
cbf,lateral,off_diagonal_report_only,42,221,1,1,0,0,success,success
cbf,lateral,off_diagonal_report_only,42,222,1,1,0,0,success,success
cbf,lateral,off_diagonal_report_only,42,223,1,1,0,0,success,success
cbf,lateral,off_diagonal_report_only,42,224,1,1,0,0,success,success
cbf,lateral,off_diagonal_report_only,42,225,1,0,0,1,success,lateral_heading_drift
cbf,lateral,off_diagonal_report_only,42,226,1,1,0,0,success,success
cbf,lateral,off_diagonal_report_only,42,227,1,1,0,0,success,success
cbf,lateral,off_diagonal_report_only,42,228,1,1,0,0,success,success
cbf,lateral,off_diagonal_report_only,42,229,1,1,0,0,success,success
cbf,lateral,off_diagonal_report_only,42,230,1,1,0,0,success,success
cbf,lateral,off_diagonal_report_only,42,231,1,1,0,0,success,success
cbf,lateral,off_diagonal_report_only,42,232,0,1,1,0,lateral_heading_drift,success
cbf,lateral,off_diagonal_report_only,42,233,1,1,0,0,success,success
cbf,lateral,off_diagonal_report_only,42,234,1,1,0,0,success,success
cbf,lateral,off_diagonal_report_only,42,235,1,1,0,0,success,success
cbf,lateral,off_diagonal_report_only,42,236,1,1,0,0,success,success
cbf,lateral,off_diagonal_report_only,42,237,1,1,0,0,success,success
cbf,lateral,off_diagonal_report_only,42,238,1,1,0,0,success,success
cbf,lateral,off_diagonal_report_only,42,239,1,1,0,0,success,success
cbf,lateral,off_diagonal_report_only,42,240,1,1,0,0,success,success
cbf,lateral,off_diagonal_report_only,42,241,1,1,0,0,success,success
cbf,lateral,off_diagonal_report_only,42,242,1,0,0,1,success,lateral_heading_drift
cbf,lateral,off_diagonal_report_only,42,243,1,1,0,0,success,success
cbf,lateral,off_diagonal_report_only,42,244,1,1,0,0,success,success
cbf,lateral,off_diagonal_report_only,42,245,1,1,0,0,success,success
cbf,lateral,off_diagonal_report_only,42,246,1,0,0,1,success,lateral_heading_drift
cbf,lateral,off_diagonal_report_only,42,247,1,1,0,0,success,success
cbf,lateral,off_diagonal_report_only,42,248,1,1,0,0,success,success
cbf,lateral,off_diagonal_report_only,42,249,1,1,0,0,success,success
cbf,lateral,off_diagonal_report_only,42,250,1,1,0,0,success,success
cbf,lateral,off_diagonal_report_only,42,251,1,1,0,0,success,success
cbf,lateral,off_diagonal_report_only,42,252,1,1,0,0,success,success
cbf,lateral,off_diagonal_report_only,42,253,1,0,0,1,success,lateral_heading_drift
cbf,lateral,off_diagonal_report_only,42,254,1,1,0,0,success,success
cbf,lateral,off_diagonal_report_only,42,255,0,1,1,0,lateral_heading_drift,success
cbf,cbf,diagonal_primary,42,0,0,0,1,1,lateral_heading_drift,non_lateral_high_cbf_demand
cbf,cbf,diagonal_primary,42,1,0,0,1,1,non_lateral_high_cbf_demand,lateral_heading_drift
cbf,cbf,diagonal_primary,42,2,0,0,1,1,non_lateral_high_cbf_demand,lateral_heading_drift
cbf,cbf,diagonal_primary,42,3,0,0,1,1,non_lateral_high_cbf_demand,non_lateral_high_cbf_demand
cbf,cbf,diagonal_primary,42,4,0,0,1,1,non_lateral_balance_or_phase,non_lateral_high_cbf_demand
cbf,cbf,diagonal_primary,42,5,0,0,1,1,non_lateral_high_cbf_demand,non_lateral_high_cbf_demand
cbf,cbf,diagonal_primary,42,6,0,0,1,1,non_lateral_high_cbf_demand,non_lateral_high_cbf_demand
cbf,cbf,diagonal_primary,42,7,0,0,1,1,non_lateral_high_cbf_demand,non_lateral_high_cbf_demand
cbf,cbf,diagonal_primary,42,8,0,0,1,1,non_lateral_high_cbf_demand,non_lateral_high_cbf_demand
cbf,cbf,diagonal_primary,42,9,0,0,1,1,non_lateral_high_cbf_demand,non_lateral_high_cbf_demand
cbf,cbf,diagonal_primary,42,10,0,0,1,1,non_lateral_high_cbf_demand,non_lateral_high_cbf_demand
cbf,cbf,diagonal_primary,42,11,0,0,1,1,lateral_heading_drift,non_lateral_high_cbf_demand
cbf,cbf,diagonal_primary,42,12,0,0,1,1,lateral_heading_drift,non_lateral_high_cbf_demand
cbf,cbf,diagonal_primary,42,13,0,0,1,1,non_lateral_high_cbf_demand,non_lateral_high_cbf_demand
cbf,cbf,diagonal_primary,42,14,0,0,1,1,non_lateral_high_cbf_demand,lateral_heading_drift
cbf,cbf,diagonal_primary,42,15,0,0,1,1,non_lateral_high_cbf_demand,non_lateral_high_cbf_demand
cbf,cbf,diagonal_primary,42,16,0,0,1,1,non_lateral_high_cbf_demand,non_lateral_high_cbf_demand
cbf,cbf,diagonal_primary,42,17,0,0,1,1,non_lateral_high_cbf_demand,non_lateral_high_cbf_demand
cbf,cbf,diagonal_primary,42,18,0,0,1,1,non_lateral_high_cbf_demand,non_lateral_high_cbf_demand
cbf,cbf,diagonal_primary,42,19,0,0,1,1,lateral_heading_drift,non_lateral_balance_or_phase
cbf,cbf,diagonal_primary,42,20,0,0,1,1,non_lateral_high_cbf_demand,non_lateral_high_cbf_demand
cbf,cbf,diagonal_primary,42,21,0,0,1,1,lateral_heading_drift,non_lateral_high_cbf_demand
cbf,cbf,diagonal_primary,42,22,0,0,1,1,non_lateral_high_cbf_demand,lateral_heading_drift
cbf,cbf,diagonal_primary,42,23,0,0,1,1,non_lateral_high_cbf_demand,non_lateral_high_cbf_demand
cbf,cbf,diagonal_primary,42,24,0,0,1,1,non_lateral_balance_or_phase,non_lateral_high_cbf_demand
cbf,cbf,diagonal_primary,42,25,0,0,1,1,non_lateral_high_cbf_demand,lateral_heading_drift
cbf,cbf,diagonal_primary,42,26,0,0,1,1,non_lateral_high_cbf_demand,non_lateral_balance_or_phase
cbf,cbf,diagonal_primary,42,27,0,1,1,0,non_lateral_high_cbf_demand,success
cbf,cbf,diagonal_primary,42,28,0,1,1,0,lateral_heading_drift,success
cbf,cbf,diagonal_primary,42,29,0,1,1,0,lateral_heading_drift,success
cbf,cbf,diagonal_primary,42,30,0,1,1,0,non_lateral_high_cbf_demand,success
cbf,cbf,diagonal_primary,42,31,0,1,1,0,lateral_heading_drift,success
cbf,cbf,diagonal_primary,42,32,1,1,0,0,success,success
cbf,cbf,diagonal_primary,42,33,1,1,0,0,success,success
cbf,cbf,diagonal_primary,42,34,1,1,0,0,success,success
cbf,cbf,diagonal_primary,42,35,1,1,0,0,success,success
cbf,cbf,diagonal_primary,42,36,1,1,0,0,success,success
cbf,cbf,diagonal_primary,42,37,1,1,0,0,success,success
cbf,cbf,diagonal_primary,42,38,1,1,0,0,success,success
cbf,cbf,diagonal_primary,42,39,1,1,0,0,success,success
cbf,cbf,diagonal_primary,42,40,1,1,0,0,success,success
cbf,cbf,diagonal_primary,42,41,1,1,0,0,success,success
cbf,cbf,diagonal_primary,42,42,1,1,0,0,success,success
cbf,cbf,diagonal_primary,42,43,0,1,1,0,lateral_heading_drift,success
cbf,cbf,diagonal_primary,42,44,1,1,0,0,success,success
cbf,cbf,diagonal_primary,42,45,1,1,0,0,success,success
cbf,cbf,diagonal_primary,42,46,1,1,0,0,success,success
cbf,cbf,diagonal_primary,42,47,1,1,0,0,success,success
cbf,cbf,diagonal_primary,42,48,1,0,0,1,success,lateral_heading_drift
cbf,cbf,diagonal_primary,42,49,0,1,1,0,lateral_heading_drift,success
cbf,cbf,diagonal_primary,42,50,1,1,0,0,success,success
cbf,cbf,diagonal_primary,42,51,1,1,0,0,success,success
cbf,cbf,diagonal_primary,42,52,1,1,0,0,success,success
cbf,cbf,diagonal_primary,42,53,1,1,0,0,success,success
cbf,cbf,diagonal_primary,42,54,1,1,0,0,success,success
cbf,cbf,diagonal_primary,42,55,1,0,0,1,success,lateral_heading_drift
cbf,cbf,diagonal_primary,42,56,1,1,0,0,success,success
cbf,cbf,diagonal_primary,42,57,1,1,0,0,success,success
cbf,cbf,diagonal_primary,42,58,1,1,0,0,success,success
cbf,cbf,diagonal_primary,42,59,1,1,0,0,success,success
cbf,cbf,diagonal_primary,42,60,1,1,0,0,success,success
cbf,cbf,diagonal_primary,42,61,1,1,0,0,success,success
cbf,cbf,diagonal_primary,42,62,1,1,0,0,success,success
cbf,cbf,diagonal_primary,42,63,1,1,0,0,success,success
cbf,cbf,diagonal_primary,42,64,1,1,0,0,success,success
cbf,cbf,diagonal_primary,42,65,1,0,0,1,success,non_lateral_high_cbf_demand
cbf,cbf,diagonal_primary,42,66,1,1,0,0,success,success
cbf,cbf,diagonal_primary,42,67,1,1,0,0,success,success
cbf,cbf,diagonal_primary,42,68,1,1,0,0,success,success
cbf,cbf,diagonal_primary,42,69,1,1,0,0,success,success
cbf,cbf,diagonal_primary,42,70,1,1,0,0,success,success
cbf,cbf,diagonal_primary,42,71,1,1,0,0,success,success
cbf,cbf,diagonal_primary,42,72,1,1,0,0,success,success
cbf,cbf,diagonal_primary,42,73,1,1,0,0,success,success
cbf,cbf,diagonal_primary,42,74,1,1,0,0,success,success
cbf,cbf,diagonal_primary,42,75,1,1,0,0,success,success
cbf,cbf,diagonal_primary,42,76,1,1,0,0,success,success
cbf,cbf,diagonal_primary,42,77,1,1,0,0,success,success
cbf,cbf,diagonal_primary,42,78,1,1,0,0,success,success
cbf,cbf,diagonal_primary,42,79,1,1,0,0,success,success
cbf,cbf,diagonal_primary,42,80,1,1,0,0,success,success
cbf,cbf,diagonal_primary,42,81,1,1,0,0,success,success
cbf,cbf,diagonal_primary,42,82,0,1,1,0,lateral_heading_drift,success
cbf,cbf,diagonal_primary,42,83,1,1,0,0,success,success
cbf,cbf,diagonal_primary,42,84,1,1,0,0,success,success
cbf,cbf,diagonal_primary,42,85,1,1,0,0,success,success
cbf,cbf,diagonal_primary,42,86,1,1,0,0,success,success
cbf,cbf,diagonal_primary,42,87,1,1,0,0,success,success
cbf,cbf,diagonal_primary,42,88,1,1,0,0,success,success
cbf,cbf,diagonal_primary,42,89,1,1,0,0,success,success
cbf,cbf,diagonal_primary,42,90,1,1,0,0,success,success
cbf,cbf,diagonal_primary,42,91,1,1,0,0,success,success
cbf,cbf,diagonal_primary,42,92,1,1,0,0,success,success
cbf,cbf,diagonal_primary,42,93,0,1,1,0,lateral_heading_drift,success
cbf,cbf,diagonal_primary,42,94,1,1,0,0,success,success
cbf,cbf,diagonal_primary,42,95,1,1,0,0,success,success
cbf,cbf,diagonal_primary,42,96,1,1,0,0,success,success
cbf,cbf,diagonal_primary,42,97,1,1,0,0,success,success
cbf,cbf,diagonal_primary,42,98,1,1,0,0,success,success
cbf,cbf,diagonal_primary,42,99,1,1,0,0,success,success
cbf,cbf,diagonal_primary,42,100,1,1,0,0,success,success
cbf,cbf,diagonal_primary,42,101,1,1,0,0,success,success
cbf,cbf,diagonal_primary,42,102,1,1,0,0,success,success
cbf,cbf,diagonal_primary,42,103,1,1,0,0,success,success
cbf,cbf,diagonal_primary,42,104,1,1,0,0,success,success
cbf,cbf,diagonal_primary,42,105,1,1,0,0,success,success
cbf,cbf,diagonal_primary,42,106,1,1,0,0,success,success
cbf,cbf,diagonal_primary,42,107,1,1,0,0,success,success
cbf,cbf,diagonal_primary,42,108,1,1,0,0,success,success
cbf,cbf,diagonal_primary,42,109,1,1,0,0,success,success
cbf,cbf,diagonal_primary,42,110,1,1,0,0,success,success
cbf,cbf,diagonal_primary,42,111,1,1,0,0,success,success
cbf,cbf,diagonal_primary,42,112,1,1,0,0,success,success
cbf,cbf,diagonal_primary,42,113,1,1,0,0,success,success
cbf,cbf,diagonal_primary,42,114,1,1,0,0,success,success
cbf,cbf,diagonal_primary,42,115,1,1,0,0,success,success
cbf,cbf,diagonal_primary,42,116,1,1,0,0,success,success
cbf,cbf,diagonal_primary,42,117,1,1,0,0,success,success
cbf,cbf,diagonal_primary,42,118,1,1,0,0,success,success
cbf,cbf,diagonal_primary,42,119,1,1,0,0,success,success
cbf,cbf,diagonal_primary,42,120,1,1,0,0,success,success
cbf,cbf,diagonal_primary,42,121,1,1,0,0,success,success
cbf,cbf,diagonal_primary,42,122,1,1,0,0,success,success
cbf,cbf,diagonal_primary,42,123,1,1,0,0,success,success
cbf,cbf,diagonal_primary,42,124,1,1,0,0,success,success
cbf,cbf,diagonal_primary,42,125,1,1,0,0,success,success
cbf,cbf,diagonal_primary,42,126,1,1,0,0,success,success
cbf,cbf,diagonal_primary,42,127,1,1,0,0,success,success
cbf,cbf,diagonal_primary,42,128,0,0,1,1,non_lateral_high_cbf_demand,non_lateral_high_cbf_demand
cbf,cbf,diagonal_primary,42,129,0,0,1,1,lateral_heading_drift,non_lateral_high_cbf_demand
cbf,cbf,diagonal_primary,42,130,0,0,1,1,lateral_heading_drift,non_lateral_high_cbf_demand
cbf,cbf,diagonal_primary,42,131,0,0,1,1,non_lateral_balance_or_phase,non_lateral_high_cbf_demand
cbf,cbf,diagonal_primary,42,132,0,0,1,1,non_lateral_high_cbf_demand,non_lateral_high_cbf_demand
cbf,cbf,diagonal_primary,42,133,0,0,1,1,non_lateral_high_cbf_demand,non_lateral_high_cbf_demand
cbf,cbf,diagonal_primary,42,134,0,0,1,1,non_lateral_high_cbf_demand,non_lateral_high_cbf_demand
cbf,cbf,diagonal_primary,42,135,0,0,1,1,non_lateral_high_cbf_demand,non_lateral_balance_or_phase
cbf,cbf,diagonal_primary,42,136,0,0,1,1,non_lateral_high_cbf_demand,lateral_heading_drift
cbf,cbf,diagonal_primary,42,137,0,0,1,1,non_lateral_balance_or_phase,non_lateral_high_cbf_demand
cbf,cbf,diagonal_primary,42,138,0,0,1,1,non_lateral_high_cbf_demand,non_lateral_high_cbf_demand
cbf,cbf,diagonal_primary,42,139,0,0,1,1,non_lateral_high_cbf_demand,non_lateral_high_cbf_demand
cbf,cbf,diagonal_primary,42,140,0,0,1,1,non_lateral_balance_or_phase,lateral_heading_drift
cbf,cbf,diagonal_primary,42,141,0,0,1,1,non_lateral_high_cbf_demand,lateral_heading_drift
cbf,cbf,diagonal_primary,42,142,0,0,1,1,lateral_heading_drift,non_lateral_high_cbf_demand
cbf,cbf,diagonal_primary,42,143,0,0,1,1,lateral_heading_drift,lateral_heading_drift
cbf,cbf,diagonal_primary,42,144,0,0,1,1,lateral_heading_drift,non_lateral_balance_or_phase
cbf,cbf,diagonal_primary,42,145,0,0,1,1,non_lateral_high_cbf_demand,non_lateral_high_cbf_demand
cbf,cbf,diagonal_primary,42,146,0,0,1,1,non_lateral_high_cbf_demand,non_lateral_high_cbf_demand
cbf,cbf,diagonal_primary,42,147,0,0,1,1,non_lateral_high_cbf_demand,non_lateral_high_cbf_demand
cbf,cbf,diagonal_primary,42,148,0,0,1,1,lateral_heading_drift,non_lateral_high_cbf_demand
cbf,cbf,diagonal_primary,42,149,0,0,1,1,non_lateral_high_cbf_demand,lateral_heading_drift
cbf,cbf,diagonal_primary,42,150,0,0,1,1,non_lateral_high_cbf_demand,non_lateral_high_cbf_demand
cbf,cbf,diagonal_primary,42,151,0,0,1,1,lateral_heading_drift,non_lateral_balance_or_phase
cbf,cbf,diagonal_primary,42,152,0,0,1,1,non_lateral_high_cbf_demand,non_lateral_high_cbf_demand
cbf,cbf,diagonal_primary,42,153,0,0,1,1,non_lateral_high_cbf_demand,non_lateral_high_cbf_demand
cbf,cbf,diagonal_primary,42,154,0,0,1,1,lateral_heading_drift,non_lateral_high_cbf_demand
cbf,cbf,diagonal_primary,42,155,0,0,1,1,non_lateral_high_cbf_demand,non_lateral_balance_or_phase
cbf,cbf,diagonal_primary,42,156,0,0,1,1,lateral_heading_drift,non_lateral_high_cbf_demand
cbf,cbf,diagonal_primary,42,157,1,1,0,0,success,success
cbf,cbf,diagonal_primary,42,158,1,0,0,1,success,lateral_heading_drift
cbf,cbf,diagonal_primary,42,159,1,1,0,0,success,success
cbf,cbf,diagonal_primary,42,160,1,0,0,1,success,non_lateral_balance_or_phase
cbf,cbf,diagonal_primary,42,161,1,1,0,0,success,success
cbf,cbf,diagonal_primary,42,162,1,0,0,1,success,lateral_heading_drift
cbf,cbf,diagonal_primary,42,163,1,1,0,0,success,success
cbf,cbf,diagonal_primary,42,164,1,0,0,1,success,non_lateral_high_cbf_demand
cbf,cbf,diagonal_primary,42,165,1,1,0,0,success,success
cbf,cbf,diagonal_primary,42,166,1,1,0,0,success,success
cbf,cbf,diagonal_primary,42,167,1,1,0,0,success,success
cbf,cbf,diagonal_primary,42,168,1,1,0,0,success,success
cbf,cbf,diagonal_primary,42,169,1,1,0,0,success,success
cbf,cbf,diagonal_primary,42,170,1,0,0,1,success,lateral_heading_drift
cbf,cbf,diagonal_primary,42,171,1,1,0,0,success,success
cbf,cbf,diagonal_primary,42,172,1,1,0,0,success,success
cbf,cbf,diagonal_primary,42,173,1,1,0,0,success,success
cbf,cbf,diagonal_primary,42,174,1,1,0,0,success,success
cbf,cbf,diagonal_primary,42,175,1,1,0,0,success,success
cbf,cbf,diagonal_primary,42,176,1,1,0,0,success,success
cbf,cbf,diagonal_primary,42,177,1,1,0,0,success,success
cbf,cbf,diagonal_primary,42,178,1,1,0,0,success,success
cbf,cbf,diagonal_primary,42,179,1,1,0,0,success,success
cbf,cbf,diagonal_primary,42,180,1,1,0,0,success,success
cbf,cbf,diagonal_primary,42,181,1,1,0,0,success,success
cbf,cbf,diagonal_primary,42,182,1,0,0,1,success,non_lateral_balance_or_phase
cbf,cbf,diagonal_primary,42,183,1,1,0,0,success,success
cbf,cbf,diagonal_primary,42,184,1,1,0,0,success,success
cbf,cbf,diagonal_primary,42,185,1,1,0,0,success,success
cbf,cbf,diagonal_primary,42,186,1,1,0,0,success,success
cbf,cbf,diagonal_primary,42,187,0,1,1,0,lateral_heading_drift,success
cbf,cbf,diagonal_primary,42,188,1,1,0,0,success,success
cbf,cbf,diagonal_primary,42,189,1,1,0,0,success,success
cbf,cbf,diagonal_primary,42,190,1,1,0,0,success,success
cbf,cbf,diagonal_primary,42,191,1,1,0,0,success,success
cbf,cbf,diagonal_primary,42,192,1,1,0,0,success,success
cbf,cbf,diagonal_primary,42,193,1,1,0,0,success,success
cbf,cbf,diagonal_primary,42,194,1,1,0,0,success,success
cbf,cbf,diagonal_primary,42,195,1,1,0,0,success,success
cbf,cbf,diagonal_primary,42,196,1,1,0,0,success,success
cbf,cbf,diagonal_primary,42,197,1,1,0,0,success,success
cbf,cbf,diagonal_primary,42,198,1,1,0,0,success,success
cbf,cbf,diagonal_primary,42,199,1,1,0,0,success,success
cbf,cbf,diagonal_primary,42,200,1,1,0,0,success,success
cbf,cbf,diagonal_primary,42,201,1,1,0,0,success,success
cbf,cbf,diagonal_primary,42,202,1,1,0,0,success,success
cbf,cbf,diagonal_primary,42,203,1,1,0,0,success,success
cbf,cbf,diagonal_primary,42,204,1,1,0,0,success,success
cbf,cbf,diagonal_primary,42,205,1,1,0,0,success,success
cbf,cbf,diagonal_primary,42,206,1,1,0,0,success,success
cbf,cbf,diagonal_primary,42,207,1,1,0,0,success,success
cbf,cbf,diagonal_primary,42,208,1,1,0,0,success,success
cbf,cbf,diagonal_primary,42,209,1,1,0,0,success,success
cbf,cbf,diagonal_primary,42,210,1,1,0,0,success,success
cbf,cbf,diagonal_primary,42,211,1,1,0,0,success,success
cbf,cbf,diagonal_primary,42,212,1,1,0,0,success,success
cbf,cbf,diagonal_primary,42,213,1,1,0,0,success,success
cbf,cbf,diagonal_primary,42,214,1,1,0,0,success,success
cbf,cbf,diagonal_primary,42,215,0,1,1,0,lateral_heading_drift,success
cbf,cbf,diagonal_primary,42,216,1,1,0,0,success,success
cbf,cbf,diagonal_primary,42,217,1,1,0,0,success,success
cbf,cbf,diagonal_primary,42,218,1,1,0,0,success,success
cbf,cbf,diagonal_primary,42,219,1,1,0,0,success,success
cbf,cbf,diagonal_primary,42,220,1,1,0,0,success,success
cbf,cbf,diagonal_primary,42,221,1,1,0,0,success,success
cbf,cbf,diagonal_primary,42,222,1,1,0,0,success,success
cbf,cbf,diagonal_primary,42,223,1,1,0,0,success,success
cbf,cbf,diagonal_primary,42,224,1,1,0,0,success,success
cbf,cbf,diagonal_primary,42,225,1,1,0,0,success,success
cbf,cbf,diagonal_primary,42,226,1,1,0,0,success,success
cbf,cbf,diagonal_primary,42,227,1,1,0,0,success,success
cbf,cbf,diagonal_primary,42,228,1,1,0,0,success,success
cbf,cbf,diagonal_primary,42,229,1,1,0,0,success,success
cbf,cbf,diagonal_primary,42,230,1,1,0,0,success,success
cbf,cbf,diagonal_primary,42,231,1,1,0,0,success,success
cbf,cbf,diagonal_primary,42,232,0,1,1,0,lateral_heading_drift,success
cbf,cbf,diagonal_primary,42,233,1,1,0,0,success,success
cbf,cbf,diagonal_primary,42,234,1,1,0,0,success,success
cbf,cbf,diagonal_primary,42,235,1,1,0,0,success,success
cbf,cbf,diagonal_primary,42,236,1,1,0,0,success,success
cbf,cbf,diagonal_primary,42,237,1,1,0,0,success,success
cbf,cbf,diagonal_primary,42,238,0,1,1,0,lateral_heading_drift,success
cbf,cbf,diagonal_primary,42,239,1,1,0,0,success,success
cbf,cbf,diagonal_primary,42,240,1,1,0,0,success,success
cbf,cbf,diagonal_primary,42,241,1,1,0,0,success,success
cbf,cbf,diagonal_primary,42,242,1,1,0,0,success,success
cbf,cbf,diagonal_primary,42,243,1,1,0,0,success,success
cbf,cbf,diagonal_primary,42,244,1,1,0,0,success,success
cbf,cbf,diagonal_primary,42,245,1,1,0,0,success,success
cbf,cbf,diagonal_primary,42,246,1,1,0,0,success,success
cbf,cbf,diagonal_primary,42,247,1,1,0,0,success,success
cbf,cbf,diagonal_primary,42,248,1,1,0,0,success,success
cbf,cbf,diagonal_primary,42,249,1,1,0,0,success,success
cbf,cbf,diagonal_primary,42,250,1,1,0,0,success,success
cbf,cbf,diagonal_primary,42,251,0,1,1,0,lateral_heading_drift,success
cbf,cbf,diagonal_primary,42,252,1,1,0,0,success,success
cbf,cbf,diagonal_primary,42,253,1,0,0,1,success,lateral_heading_drift
cbf,cbf,diagonal_primary,42,254,1,0,0,1,success,lateral_heading_drift
cbf,cbf,diagonal_primary,42,255,1,1,0,0,success,success
cbf,cbf,diagonal_primary,42,256,0,0,1,1,non_lateral_balance_or_phase,lateral_heading_drift
cbf,cbf,diagonal_primary,42,257,0,0,1,1,lateral_heading_drift,non_lateral_high_cbf_demand
cbf,cbf,diagonal_primary,42,258,0,0,1,1,non_lateral_high_cbf_demand,non_lateral_balance_or_phase
cbf,cbf,diagonal_primary,42,259,0,0,1,1,non_lateral_high_cbf_demand,non_lateral_high_cbf_demand
cbf,cbf,diagonal_primary,42,260,0,0,1,1,non_lateral_high_cbf_demand,non_lateral_high_cbf_demand
cbf,cbf,diagonal_primary,42,261,0,0,1,1,non_lateral_high_cbf_demand,lateral_heading_drift
cbf,cbf,diagonal_primary,42,262,0,0,1,1,non_lateral_high_cbf_demand,non_lateral_high_cbf_demand
cbf,cbf,diagonal_primary,42,263,0,0,1,1,non_lateral_high_cbf_demand,non_lateral_high_cbf_demand
cbf,cbf,diagonal_primary,42,264,0,0,1,1,non_lateral_high_cbf_demand,non_lateral_high_cbf_demand
cbf,cbf,diagonal_primary,42,265,0,0,1,1,non_lateral_high_cbf_demand,non_lateral_high_cbf_demand
cbf,cbf,diagonal_primary,42,266,0,0,1,1,non_lateral_balance_or_phase,non_lateral_high_cbf_demand
cbf,cbf,diagonal_primary,42,267,0,0,1,1,non_lateral_high_cbf_demand,non_lateral_high_cbf_demand
cbf,cbf,diagonal_primary,42,268,0,0,1,1,non_lateral_high_cbf_demand,non_lateral_high_cbf_demand
cbf,cbf,diagonal_primary,42,269,1,0,0,1,success,non_lateral_high_cbf_demand
cbf,cbf,diagonal_primary,42,270,1,0,0,1,success,non_lateral_high_cbf_demand
cbf,cbf,diagonal_primary,42,271,1,0,0,1,success,non_lateral_high_cbf_demand
cbf,cbf,diagonal_primary,42,272,1,0,0,1,success,non_lateral_high_cbf_demand
cbf,cbf,diagonal_primary,42,273,1,0,0,1,success,non_lateral_high_cbf_demand
cbf,cbf,diagonal_primary,42,274,1,0,0,1,success,lateral_heading_drift
cbf,cbf,diagonal_primary,42,275,1,0,0,1,success,non_lateral_high_cbf_demand
cbf,cbf,diagonal_primary,42,276,1,0,0,1,success,non_lateral_high_cbf_demand
cbf,cbf,diagonal_primary,42,277,1,0,0,1,success,non_lateral_high_cbf_demand
cbf,cbf,diagonal_primary,42,278,1,0,0,1,success,non_lateral_high_cbf_demand
cbf,cbf,diagonal_primary,42,279,1,0,0,1,success,non_lateral_high_cbf_demand
cbf,cbf,diagonal_primary,42,280,1,0,0,1,success,non_lateral_high_cbf_demand
cbf,cbf,diagonal_primary,42,281,1,0,0,1,success,non_lateral_high_cbf_demand
cbf,cbf,diagonal_primary,42,282,1,0,0,1,success,non_lateral_high_cbf_demand
cbf,cbf,diagonal_primary,42,283,1,0,0,1,success,lateral_heading_drift
cbf,cbf,diagonal_primary,42,284,1,0,0,1,success,lateral_heading_drift
cbf,cbf,diagonal_primary,42,285,1,1,0,0,success,success
cbf,cbf,diagonal_primary,42,286,1,1,0,0,success,success
cbf,cbf,diagonal_primary,42,287,1,0,0,1,success,non_lateral_high_cbf_demand
cbf,cbf,diagonal_primary,42,288,1,1,0,0,success,success
cbf,cbf,diagonal_primary,42,289,1,1,0,0,success,success
cbf,cbf,diagonal_primary,42,290,1,0,0,1,success,non_lateral_high_cbf_demand
cbf,cbf,diagonal_primary,42,291,1,1,0,0,success,success
cbf,cbf,diagonal_primary,42,292,1,1,0,0,success,success
cbf,cbf,diagonal_primary,42,293,1,1,0,0,success,success
cbf,cbf,diagonal_primary,42,294,1,1,0,0,success,success
cbf,cbf,diagonal_primary,42,295,1,1,0,0,success,success
cbf,cbf,diagonal_primary,42,296,1,1,0,0,success,success
cbf,cbf,diagonal_primary,42,297,1,0,0,1,success,non_lateral_high_cbf_demand
cbf,cbf,diagonal_primary,42,298,1,1,0,0,success,success
cbf,cbf,diagonal_primary,42,299,1,1,0,0,success,success
cbf,cbf,diagonal_primary,42,300,1,1,0,0,success,success
cbf,cbf,diagonal_primary,42,301,1,1,0,0,success,success
cbf,cbf,diagonal_primary,42,302,1,1,0,0,success,success
cbf,cbf,diagonal_primary,42,303,1,1,0,0,success,success
cbf,cbf,diagonal_primary,42,304,1,1,0,0,success,success
cbf,cbf,diagonal_primary,42,305,1,0,0,1,success,non_lateral_high_cbf_demand
cbf,cbf,diagonal_primary,42,306,1,1,0,0,success,success
cbf,cbf,diagonal_primary,42,307,1,1,0,0,success,success
cbf,cbf,diagonal_primary,42,308,1,1,0,0,success,success
cbf,cbf,diagonal_primary,42,309,1,1,0,0,success,success
cbf,cbf,diagonal_primary,42,310,1,0,0,1,success,lateral_heading_drift
cbf,cbf,diagonal_primary,42,311,1,1,0,0,success,success
cbf,cbf,diagonal_primary,42,312,1,1,0,0,success,success
cbf,cbf,diagonal_primary,42,313,1,1,0,0,success,success
cbf,cbf,diagonal_primary,42,314,1,1,0,0,success,success
cbf,cbf,diagonal_primary,42,315,1,1,0,0,success,success
cbf,cbf,diagonal_primary,42,316,1,1,0,0,success,success
cbf,cbf,diagonal_primary,42,317,1,1,0,0,success,success
cbf,cbf,diagonal_primary,42,318,1,1,0,0,success,success
cbf,cbf,diagonal_primary,42,319,1,1,0,0,success,success
cbf,cbf,diagonal_primary,42,320,1,1,0,0,success,success
cbf,cbf,diagonal_primary,42,321,1,1,0,0,success,success
cbf,cbf,diagonal_primary,42,322,1,1,0,0,success,success
cbf,cbf,diagonal_primary,42,323,1,1,0,0,success,success
cbf,cbf,diagonal_primary,42,324,1,1,0,0,success,success
cbf,cbf,diagonal_primary,42,325,1,1,0,0,success,success
cbf,cbf,diagonal_primary,42,326,1,1,0,0,success,success
cbf,cbf,diagonal_primary,42,327,1,1,0,0,success,success
cbf,cbf,diagonal_primary,42,328,1,1,0,0,success,success
cbf,cbf,diagonal_primary,42,329,1,1,0,0,success,success
cbf,cbf,diagonal_primary,42,330,0,1,1,0,non_lateral_high_cbf_demand,success
cbf,cbf,diagonal_primary,42,331,1,0,0,1,success,lateral_heading_drift
cbf,cbf,diagonal_primary,42,332,1,1,0,0,success,success
cbf,cbf,diagonal_primary,42,333,1,1,0,0,success,success
cbf,cbf,diagonal_primary,42,334,1,1,0,0,success,success
cbf,cbf,diagonal_primary,42,335,1,1,0,0,success,success
cbf,cbf,diagonal_primary,42,336,1,1,0,0,success,success
cbf,cbf,diagonal_primary,42,337,1,1,0,0,success,success
cbf,cbf,diagonal_primary,42,338,1,1,0,0,success,success
cbf,cbf,diagonal_primary,42,339,1,1,0,0,success,success
cbf,cbf,diagonal_primary,42,340,1,1,0,0,success,success
cbf,cbf,diagonal_primary,42,341,1,1,0,0,success,success
cbf,cbf,diagonal_primary,42,342,1,1,0,0,success,success
cbf,cbf,diagonal_primary,42,343,1,1,0,0,success,success
cbf,cbf,diagonal_primary,42,344,1,1,0,0,success,success
cbf,cbf,diagonal_primary,42,345,1,1,0,0,success,success
cbf,cbf,diagonal_primary,42,346,1,1,0,0,success,success
cbf,cbf,diagonal_primary,42,347,1,1,0,0,success,success
cbf,cbf,diagonal_primary,42,348,1,1,0,0,success,success
cbf,cbf,diagonal_primary,42,349,1,1,0,0,success,success
cbf,cbf,diagonal_primary,42,350,1,1,0,0,success,success
cbf,cbf,diagonal_primary,42,351,1,1,0,0,success,success
cbf,cbf,diagonal_primary,42,352,1,1,0,0,success,success
cbf,cbf,diagonal_primary,42,353,1,1,0,0,success,success
cbf,cbf,diagonal_primary,42,354,1,1,0,0,success,success
cbf,cbf,diagonal_primary,42,355,1,1,0,0,success,success
cbf,cbf,diagonal_primary,42,356,1,1,0,0,success,success
cbf,cbf,diagonal_primary,42,357,1,1,0,0,success,success
cbf,cbf,diagonal_primary,42,358,0,1,1,0,lateral_heading_drift,success
cbf,cbf,diagonal_primary,42,359,1,1,0,0,success,success
cbf,cbf,diagonal_primary,42,360,1,1,0,0,success,success
cbf,cbf,diagonal_primary,42,361,1,1,0,0,success,success
cbf,cbf,diagonal_primary,42,362,1,1,0,0,success,success
cbf,cbf,diagonal_primary,42,363,1,1,0,0,success,success
cbf,cbf,diagonal_primary,42,364,1,1,0,0,success,success
cbf,cbf,diagonal_primary,42,365,1,1,0,0,success,success
cbf,cbf,diagonal_primary,42,366,1,1,0,0,success,success
cbf,cbf,diagonal_primary,42,367,1,1,0,0,success,success
cbf,cbf,diagonal_primary,42,368,1,1,0,0,success,success
cbf,cbf,diagonal_primary,42,369,1,1,0,0,success,success
cbf,cbf,diagonal_primary,42,370,1,1,0,0,success,success
cbf,cbf,diagonal_primary,42,371,1,1,0,0,success,success
cbf,cbf,diagonal_primary,42,372,1,1,0,0,success,success
cbf,cbf,diagonal_primary,42,373,1,1,0,0,success,success
cbf,cbf,diagonal_primary,42,374,1,1,0,0,success,success
cbf,cbf,diagonal_primary,42,375,1,1,0,0,success,success
cbf,cbf,diagonal_primary,42,376,1,1,0,0,success,success
cbf,cbf,diagonal_primary,42,377,1,1,0,0,success,success
cbf,cbf,diagonal_primary,42,378,1,1,0,0,success,success
cbf,cbf,diagonal_primary,42,379,1,1,0,0,success,success
cbf,cbf,diagonal_primary,42,380,0,1,1,0,lateral_heading_drift,success
cbf,cbf,diagonal_primary,42,381,0,1,1,0,lateral_heading_drift,success
cbf,cbf,diagonal_primary,42,382,1,0,0,1,success,lateral_heading_drift
cbf,cbf,diagonal_primary,42,383,1,1,0,0,success,success
cbf,cbf,diagonal_primary,42,384,0,0,1,1,non_lateral_high_cbf_demand,non_lateral_high_cbf_demand
cbf,cbf,diagonal_primary,42,385,0,0,1,1,non_lateral_high_cbf_demand,non_lateral_high_cbf_demand
cbf,cbf,diagonal_primary,42,386,0,0,1,1,non_lateral_high_cbf_demand,non_lateral_high_cbf_demand
cbf,cbf,diagonal_primary,42,387,0,0,1,1,lateral_heading_drift,lateral_heading_drift
cbf,cbf,diagonal_primary,42,388,0,0,1,1,non_lateral_high_cbf_demand,non_lateral_high_cbf_demand
cbf,cbf,diagonal_primary,42,389,0,0,1,1,non_lateral_high_cbf_demand,non_lateral_high_cbf_demand
cbf,cbf,diagonal_primary,42,390,0,0,1,1,lateral_heading_drift,non_lateral_high_cbf_demand
cbf,cbf,diagonal_primary,42,391,0,0,1,1,non_lateral_high_cbf_demand,non_lateral_high_cbf_demand
cbf,cbf,diagonal_primary,42,392,0,0,1,1,non_lateral_high_cbf_demand,non_lateral_high_cbf_demand
cbf,cbf,diagonal_primary,42,393,0,0,1,1,non_lateral_high_cbf_demand,non_lateral_high_cbf_demand
cbf,cbf,diagonal_primary,42,394,0,0,1,1,non_lateral_high_cbf_demand,lateral_heading_drift
cbf,cbf,diagonal_primary,42,395,0,0,1,1,non_lateral_high_cbf_demand,non_lateral_high_cbf_demand
cbf,cbf,diagonal_primary,42,396,0,0,1,1,non_lateral_balance_or_phase,non_lateral_high_cbf_demand
cbf,cbf,diagonal_primary,42,397,0,0,1,1,lateral_heading_drift,non_lateral_high_cbf_demand
cbf,cbf,diagonal_primary,42,398,0,0,1,1,non_lateral_high_cbf_demand,non_lateral_high_cbf_demand
cbf,cbf,diagonal_primary,42,399,0,0,1,1,non_lateral_high_cbf_demand,non_lateral_high_cbf_demand
cbf,cbf,diagonal_primary,42,400,0,0,1,1,non_lateral_high_cbf_demand,non_lateral_balance_or_phase
cbf,cbf,diagonal_primary,42,401,0,0,1,1,non_lateral_high_cbf_demand,non_lateral_balance_or_phase
cbf,cbf,diagonal_primary,42,402,0,0,1,1,non_lateral_high_cbf_demand,non_lateral_high_cbf_demand
cbf,cbf,diagonal_primary,42,403,0,0,1,1,lateral_heading_drift,non_lateral_high_cbf_demand
cbf,cbf,diagonal_primary,42,404,0,0,1,1,non_lateral_high_cbf_demand,non_lateral_high_cbf_demand
cbf,cbf,diagonal_primary,42,405,0,0,1,1,non_lateral_high_cbf_demand,non_lateral_high_cbf_demand
cbf,cbf,diagonal_primary,42,406,0,0,1,1,non_lateral_high_cbf_demand,non_lateral_high_cbf_demand
cbf,cbf,diagonal_primary,42,407,1,0,0,1,success,non_lateral_high_cbf_demand
cbf,cbf,diagonal_primary,42,408,1,0,0,1,success,non_lateral_high_cbf_demand
cbf,cbf,diagonal_primary,42,409,1,1,0,0,success,success
cbf,cbf,diagonal_primary,42,410,1,0,0,1,success,non_lateral_high_cbf_demand
cbf,cbf,diagonal_primary,42,411,1,0,0,1,success,lateral_heading_drift
cbf,cbf,diagonal_primary,42,412,1,1,0,0,success,success
cbf,cbf,diagonal_primary,42,413,1,1,0,0,success,success
cbf,cbf,diagonal_primary,42,414,0,1,1,0,non_lateral_high_cbf_demand,success
cbf,cbf,diagonal_primary,42,415,1,1,0,0,success,success
cbf,cbf,diagonal_primary,42,416,1,1,0,0,success,success
cbf,cbf,diagonal_primary,42,417,1,1,0,0,success,success
cbf,cbf,diagonal_primary,42,418,1,1,0,0,success,success
cbf,cbf,diagonal_primary,42,419,1,1,0,0,success,success
cbf,cbf,diagonal_primary,42,420,1,1,0,0,success,success
cbf,cbf,diagonal_primary,42,421,1,1,0,0,success,success
cbf,cbf,diagonal_primary,42,422,0,1,1,0,non_lateral_high_cbf_demand,success
cbf,cbf,diagonal_primary,42,423,1,1,0,0,success,success
cbf,cbf,diagonal_primary,42,424,1,1,0,0,success,success
cbf,cbf,diagonal_primary,42,425,1,1,0,0,success,success
cbf,cbf,diagonal_primary,42,426,1,1,0,0,success,success
cbf,cbf,diagonal_primary,42,427,1,1,0,0,success,success
cbf,cbf,diagonal_primary,42,428,1,1,0,0,success,success
cbf,cbf,diagonal_primary,42,429,1,1,0,0,success,success
cbf,cbf,diagonal_primary,42,430,1,1,0,0,success,success
cbf,cbf,diagonal_primary,42,431,1,1,0,0,success,success
cbf,cbf,diagonal_primary,42,432,1,1,0,0,success,success
cbf,cbf,diagonal_primary,42,433,1,1,0,0,success,success
cbf,cbf,diagonal_primary,42,434,1,1,0,0,success,success
cbf,cbf,diagonal_primary,42,435,1,1,0,0,success,success
cbf,cbf,diagonal_primary,42,436,1,1,0,0,success,success
cbf,cbf,diagonal_primary,42,437,1,1,0,0,success,success
cbf,cbf,diagonal_primary,42,438,1,1,0,0,success,success
cbf,cbf,diagonal_primary,42,439,1,1,0,0,success,success
cbf,cbf,diagonal_primary,42,440,1,1,0,0,success,success
cbf,cbf,diagonal_primary,42,441,1,0,0,1,success,non_lateral_high_cbf_demand
cbf,cbf,diagonal_primary,42,442,1,1,0,0,success,success
cbf,cbf,diagonal_primary,42,443,1,1,0,0,success,success
cbf,cbf,diagonal_primary,42,444,1,1,0,0,success,success
cbf,cbf,diagonal_primary,42,445,1,1,0,0,success,success
cbf,cbf,diagonal_primary,42,446,1,1,0,0,success,success
cbf,cbf,diagonal_primary,42,447,1,1,0,0,success,success
cbf,cbf,diagonal_primary,42,448,1,1,0,0,success,success
cbf,cbf,diagonal_primary,42,449,1,1,0,0,success,success
cbf,cbf,diagonal_primary,42,450,1,1,0,0,success,success
cbf,cbf,diagonal_primary,42,451,1,1,0,0,success,success
cbf,cbf,diagonal_primary,42,452,1,1,0,0,success,success
cbf,cbf,diagonal_primary,42,453,1,1,0,0,success,success
cbf,cbf,diagonal_primary,42,454,1,1,0,0,success,success
cbf,cbf,diagonal_primary,42,455,1,1,0,0,success,success
cbf,cbf,diagonal_primary,42,456,1,1,0,0,success,success
cbf,cbf,diagonal_primary,42,457,1,1,0,0,success,success
cbf,cbf,diagonal_primary,42,458,1,1,0,0,success,success
cbf,cbf,diagonal_primary,42,459,1,0,0,1,success,non_lateral_high_cbf_demand
cbf,cbf,diagonal_primary,42,460,1,1,0,0,success,success
cbf,cbf,diagonal_primary,42,461,1,1,0,0,success,success
cbf,cbf,diagonal_primary,42,462,1,1,0,0,success,success
cbf,cbf,diagonal_primary,42,463,1,1,0,0,success,success
cbf,cbf,diagonal_primary,42,464,1,1,0,0,success,success
cbf,cbf,diagonal_primary,42,465,1,1,0,0,success,success
cbf,cbf,diagonal_primary,42,466,1,1,0,0,success,success
cbf,cbf,diagonal_primary,42,467,1,1,0,0,success,success
cbf,cbf,diagonal_primary,42,468,1,1,0,0,success,success
cbf,cbf,diagonal_primary,42,469,1,1,0,0,success,success
cbf,cbf,diagonal_primary,42,470,1,1,0,0,success,success
cbf,cbf,diagonal_primary,42,471,1,1,0,0,success,success
cbf,cbf,diagonal_primary,42,472,1,1,0,0,success,success
cbf,cbf,diagonal_primary,42,473,1,1,0,0,success,success
cbf,cbf,diagonal_primary,42,474,1,1,0,0,success,success
cbf,cbf,diagonal_primary,42,475,1,1,0,0,success,success
cbf,cbf,diagonal_primary,42,476,1,1,0,0,success,success
cbf,cbf,diagonal_primary,42,477,1,1,0,0,success,success
cbf,cbf,diagonal_primary,42,478,1,1,0,0,success,success
cbf,cbf,diagonal_primary,42,479,1,1,0,0,success,success
cbf,cbf,diagonal_primary,42,480,1,1,0,0,success,success
cbf,cbf,diagonal_primary,42,481,1,1,0,0,success,success
cbf,cbf,diagonal_primary,42,482,1,1,0,0,success,success
cbf,cbf,diagonal_primary,42,483,1,1,0,0,success,success
cbf,cbf,diagonal_primary,42,484,1,1,0,0,success,success
cbf,cbf,diagonal_primary,42,485,1,1,0,0,success,success
cbf,cbf,diagonal_primary,42,486,1,1,0,0,success,success
cbf,cbf,diagonal_primary,42,487,1,1,0,0,success,success
cbf,cbf,diagonal_primary,42,488,1,1,0,0,success,success
cbf,cbf,diagonal_primary,42,489,1,1,0,0,success,success
cbf,cbf,diagonal_primary,42,490,1,1,0,0,success,success
cbf,cbf,diagonal_primary,42,491,1,1,0,0,success,success
cbf,cbf,diagonal_primary,42,492,1,1,0,0,success,success
cbf,cbf,diagonal_primary,42,493,0,1,1,0,lateral_heading_drift,success
cbf,cbf,diagonal_primary,42,494,1,1,0,0,success,success
cbf,cbf,diagonal_primary,42,495,1,1,0,0,success,success
cbf,cbf,diagonal_primary,42,496,1,1,0,0,success,success
cbf,cbf,diagonal_primary,42,497,1,1,0,0,success,success
cbf,cbf,diagonal_primary,42,498,1,1,0,0,success,success
cbf,cbf,diagonal_primary,42,499,1,1,0,0,success,success
cbf,cbf,diagonal_primary,42,500,1,1,0,0,success,success
cbf,cbf,diagonal_primary,42,501,1,1,0,0,success,success
cbf,cbf,diagonal_primary,42,502,1,1,0,0,success,success
cbf,cbf,diagonal_primary,42,503,1,1,0,0,success,success
cbf,cbf,diagonal_primary,42,504,1,1,0,0,success,success
cbf,cbf,diagonal_primary,42,505,1,1,0,0,success,success
cbf,cbf,diagonal_primary,42,506,0,1,1,0,lateral_heading_drift,success
cbf,cbf,diagonal_primary,42,507,1,1,0,0,success,success
cbf,cbf,diagonal_primary,42,508,1,1,0,0,success,success
cbf,cbf,diagonal_primary,42,509,0,1,1,0,lateral_heading_drift,success
cbf,cbf,diagonal_primary,42,510,0,1,1,0,lateral_heading_drift,success
cbf,cbf,diagonal_primary,42,511,1,0,0,1,success,lateral_heading_drift
cbf,balance,off_diagonal_report_only,42,0,0,0,1,1,non_lateral_high_cbf_demand,non_lateral_balance_or_phase
cbf,balance,off_diagonal_report_only,42,1,0,0,1,1,non_lateral_balance_or_phase,non_lateral_high_cbf_demand
cbf,balance,off_diagonal_report_only,42,2,0,0,1,1,non_lateral_balance_or_phase,non_lateral_balance_or_phase
cbf,balance,off_diagonal_report_only,42,3,0,0,1,1,non_lateral_high_cbf_demand,non_lateral_balance_or_phase
cbf,balance,off_diagonal_report_only,42,4,0,0,1,1,non_lateral_balance_or_phase,non_lateral_balance_or_phase
cbf,balance,off_diagonal_report_only,42,5,0,0,1,1,non_lateral_high_cbf_demand,non_lateral_balance_or_phase
cbf,balance,off_diagonal_report_only,42,6,0,0,1,1,lateral_heading_drift,non_lateral_balance_or_phase
cbf,balance,off_diagonal_report_only,42,7,0,0,1,1,non_lateral_balance_or_phase,non_lateral_balance_or_phase
cbf,balance,off_diagonal_report_only,42,8,0,0,1,1,non_lateral_high_cbf_demand,non_lateral_balance_or_phase
cbf,balance,off_diagonal_report_only,42,9,0,0,1,1,non_lateral_balance_or_phase,non_lateral_balance_or_phase
cbf,balance,off_diagonal_report_only,42,10,0,0,1,1,lateral_heading_drift,non_lateral_balance_or_phase
cbf,balance,off_diagonal_report_only,42,11,0,0,1,1,non_lateral_balance_or_phase,lateral_heading_drift
cbf,balance,off_diagonal_report_only,42,12,0,0,1,1,non_lateral_balance_or_phase,lateral_heading_drift
cbf,balance,off_diagonal_report_only,42,13,0,0,1,1,non_lateral_balance_or_phase,non_lateral_balance_or_phase
cbf,balance,off_diagonal_report_only,42,14,1,0,0,1,success,non_lateral_high_cbf_demand
cbf,balance,off_diagonal_report_only,42,15,0,0,1,1,non_lateral_balance_or_phase,non_lateral_balance_or_phase
cbf,balance,off_diagonal_report_only,42,16,0,0,1,1,non_lateral_balance_or_phase,lateral_heading_drift
cbf,balance,off_diagonal_report_only,42,17,1,0,0,1,success,lateral_heading_drift
cbf,balance,off_diagonal_report_only,42,18,1,1,0,0,success,success
cbf,balance,off_diagonal_report_only,42,19,0,1,1,0,non_lateral_high_cbf_demand,success
cbf,balance,off_diagonal_report_only,42,20,1,1,0,0,success,success
cbf,balance,off_diagonal_report_only,42,21,1,1,0,0,success,success
cbf,balance,off_diagonal_report_only,42,22,1,1,0,0,success,success
cbf,balance,off_diagonal_report_only,42,23,1,1,0,0,success,success
cbf,balance,off_diagonal_report_only,42,24,1,1,0,0,success,success
cbf,balance,off_diagonal_report_only,42,25,1,1,0,0,success,success
cbf,balance,off_diagonal_report_only,42,26,1,1,0,0,success,success
cbf,balance,off_diagonal_report_only,42,27,1,1,0,0,success,success
cbf,balance,off_diagonal_report_only,42,28,1,1,0,0,success,success
cbf,balance,off_diagonal_report_only,42,29,1,0,0,1,success,lateral_heading_drift
cbf,balance,off_diagonal_report_only,42,30,0,1,1,0,lateral_heading_drift,success
cbf,balance,off_diagonal_report_only,42,31,1,0,0,1,success,non_lateral_balance_or_phase
cbf,balance,off_diagonal_report_only,42,32,1,0,0,1,success,non_lateral_balance_or_phase
cbf,balance,off_diagonal_report_only,42,33,1,1,0,0,success,success
cbf,balance,off_diagonal_report_only,42,34,1,1,0,0,success,success
cbf,balance,off_diagonal_report_only,42,35,1,1,0,0,success,success
cbf,balance,off_diagonal_report_only,42,36,1,1,0,0,success,success
cbf,balance,off_diagonal_report_only,42,37,1,1,0,0,success,success
cbf,balance,off_diagonal_report_only,42,38,1,1,0,0,success,success
cbf,balance,off_diagonal_report_only,42,39,1,1,0,0,success,success
cbf,balance,off_diagonal_report_only,42,40,1,1,0,0,success,success
cbf,balance,off_diagonal_report_only,42,41,1,1,0,0,success,success
cbf,balance,off_diagonal_report_only,42,42,1,1,0,0,success,success
cbf,balance,off_diagonal_report_only,42,43,1,1,0,0,success,success
cbf,balance,off_diagonal_report_only,42,44,0,1,1,0,lateral_heading_drift,success
cbf,balance,off_diagonal_report_only,42,45,1,1,0,0,success,success
cbf,balance,off_diagonal_report_only,42,46,1,1,0,0,success,success
cbf,balance,off_diagonal_report_only,42,47,1,1,0,0,success,success
cbf,balance,off_diagonal_report_only,42,48,1,1,0,0,success,success
cbf,balance,off_diagonal_report_only,42,49,1,1,0,0,success,success
cbf,balance,off_diagonal_report_only,42,50,1,1,0,0,success,success
cbf,balance,off_diagonal_report_only,42,51,1,1,0,0,success,success
cbf,balance,off_diagonal_report_only,42,52,1,1,0,0,success,success
cbf,balance,off_diagonal_report_only,42,53,1,1,0,0,success,success
cbf,balance,off_diagonal_report_only,42,54,1,1,0,0,success,success
cbf,balance,off_diagonal_report_only,42,55,1,1,0,0,success,success
cbf,balance,off_diagonal_report_only,42,56,1,1,0,0,success,success
cbf,balance,off_diagonal_report_only,42,57,1,1,0,0,success,success
cbf,balance,off_diagonal_report_only,42,58,1,1,0,0,success,success
cbf,balance,off_diagonal_report_only,42,59,1,1,0,0,success,success
cbf,balance,off_diagonal_report_only,42,60,1,1,0,0,success,success
cbf,balance,off_diagonal_report_only,42,61,1,1,0,0,success,success
cbf,balance,off_diagonal_report_only,42,62,1,1,0,0,success,success
cbf,balance,off_diagonal_report_only,42,63,1,1,0,0,success,success
cbf,balance,off_diagonal_report_only,42,64,1,1,0,0,success,success
cbf,balance,off_diagonal_report_only,42,65,1,1,0,0,success,success
cbf,balance,off_diagonal_report_only,42,66,1,1,0,0,success,success
cbf,balance,off_diagonal_report_only,42,67,1,1,0,0,success,success
cbf,balance,off_diagonal_report_only,42,68,1,1,0,0,success,success
cbf,balance,off_diagonal_report_only,42,69,1,1,0,0,success,success
cbf,balance,off_diagonal_report_only,42,70,1,1,0,0,success,success
cbf,balance,off_diagonal_report_only,42,71,1,1,0,0,success,success
cbf,balance,off_diagonal_report_only,42,72,1,1,0,0,success,success
cbf,balance,off_diagonal_report_only,42,73,1,1,0,0,success,success
cbf,balance,off_diagonal_report_only,42,74,1,1,0,0,success,success
cbf,balance,off_diagonal_report_only,42,75,1,1,0,0,success,success
cbf,balance,off_diagonal_report_only,42,76,1,1,0,0,success,success
cbf,balance,off_diagonal_report_only,42,77,1,1,0,0,success,success
cbf,balance,off_diagonal_report_only,42,78,1,1,0,0,success,success
cbf,balance,off_diagonal_report_only,42,79,0,1,1,0,non_lateral_balance_or_phase,success
cbf,balance,off_diagonal_report_only,42,80,1,1,0,0,success,success
cbf,balance,off_diagonal_report_only,42,81,1,1,0,0,success,success
cbf,balance,off_diagonal_report_only,42,82,0,1,1,0,lateral_heading_drift,success
cbf,balance,off_diagonal_report_only,42,83,1,1,0,0,success,success
cbf,balance,off_diagonal_report_only,42,84,1,1,0,0,success,success
cbf,balance,off_diagonal_report_only,42,85,1,1,0,0,success,success
cbf,balance,off_diagonal_report_only,42,86,1,1,0,0,success,success
cbf,balance,off_diagonal_report_only,42,87,1,1,0,0,success,success
cbf,balance,off_diagonal_report_only,42,88,1,1,0,0,success,success
cbf,balance,off_diagonal_report_only,42,89,1,1,0,0,success,success
cbf,balance,off_diagonal_report_only,42,90,1,1,0,0,success,success
cbf,balance,off_diagonal_report_only,42,91,1,1,0,0,success,success
cbf,balance,off_diagonal_report_only,42,92,1,1,0,0,success,success
cbf,balance,off_diagonal_report_only,42,93,1,1,0,0,success,success
cbf,balance,off_diagonal_report_only,42,94,1,1,0,0,success,success
cbf,balance,off_diagonal_report_only,42,95,1,1,0,0,success,success
cbf,balance,off_diagonal_report_only,42,96,1,1,0,0,success,success
cbf,balance,off_diagonal_report_only,42,97,1,1,0,0,success,success
cbf,balance,off_diagonal_report_only,42,98,1,1,0,0,success,success
cbf,balance,off_diagonal_report_only,42,99,1,1,0,0,success,success
cbf,balance,off_diagonal_report_only,42,100,1,1,0,0,success,success
cbf,balance,off_diagonal_report_only,42,101,1,1,0,0,success,success
cbf,balance,off_diagonal_report_only,42,102,1,1,0,0,success,success
cbf,balance,off_diagonal_report_only,42,103,1,1,0,0,success,success
cbf,balance,off_diagonal_report_only,42,104,1,1,0,0,success,success
cbf,balance,off_diagonal_report_only,42,105,1,1,0,0,success,success
cbf,balance,off_diagonal_report_only,42,106,1,1,0,0,success,success
cbf,balance,off_diagonal_report_only,42,107,1,1,0,0,success,success
cbf,balance,off_diagonal_report_only,42,108,1,1,0,0,success,success
cbf,balance,off_diagonal_report_only,42,109,1,1,0,0,success,success
cbf,balance,off_diagonal_report_only,42,110,1,0,0,1,success,lateral_heading_drift
cbf,balance,off_diagonal_report_only,42,111,1,1,0,0,success,success
cbf,balance,off_diagonal_report_only,42,112,1,1,0,0,success,success
cbf,balance,off_diagonal_report_only,42,113,1,1,0,0,success,success
cbf,balance,off_diagonal_report_only,42,114,1,1,0,0,success,success
cbf,balance,off_diagonal_report_only,42,115,1,1,0,0,success,success
cbf,balance,off_diagonal_report_only,42,116,1,1,0,0,success,success
cbf,balance,off_diagonal_report_only,42,117,1,1,0,0,success,success
cbf,balance,off_diagonal_report_only,42,118,1,1,0,0,success,success
cbf,balance,off_diagonal_report_only,42,119,1,1,0,0,success,success
cbf,balance,off_diagonal_report_only,42,120,1,1,0,0,success,success
cbf,balance,off_diagonal_report_only,42,121,1,1,0,0,success,success
cbf,balance,off_diagonal_report_only,42,122,1,1,0,0,success,success
cbf,balance,off_diagonal_report_only,42,123,1,1,0,0,success,success
cbf,balance,off_diagonal_report_only,42,124,1,1,0,0,success,success
cbf,balance,off_diagonal_report_only,42,125,1,1,0,0,success,success
cbf,balance,off_diagonal_report_only,42,126,1,1,0,0,success,success
cbf,balance,off_diagonal_report_only,42,127,1,1,0,0,success,success
cbf,balance,off_diagonal_report_only,42,128,0,0,1,1,non_lateral_balance_or_phase,non_lateral_balance_or_phase
cbf,balance,off_diagonal_report_only,42,129,0,0,1,1,non_lateral_high_cbf_demand,non_lateral_balance_or_phase
cbf,balance,off_diagonal_report_only,42,130,0,0,1,1,non_lateral_balance_or_phase,non_lateral_balance_or_phase
cbf,balance,off_diagonal_report_only,42,131,0,0,1,1,non_lateral_balance_or_phase,non_lateral_balance_or_phase
cbf,balance,off_diagonal_report_only,42,132,0,0,1,1,non_lateral_high_cbf_demand,non_lateral_balance_or_phase
cbf,balance,off_diagonal_report_only,42,133,0,0,1,1,non_lateral_balance_or_phase,non_lateral_balance_or_phase
cbf,balance,off_diagonal_report_only,42,134,0,0,1,1,non_lateral_balance_or_phase,lateral_heading_drift
cbf,balance,off_diagonal_report_only,42,135,0,0,1,1,non_lateral_balance_or_phase,lateral_heading_drift
cbf,balance,off_diagonal_report_only,42,136,0,0,1,1,lateral_heading_drift,non_lateral_balance_or_phase
cbf,balance,off_diagonal_report_only,42,137,0,0,1,1,non_lateral_balance_or_phase,non_lateral_balance_or_phase
cbf,balance,off_diagonal_report_only,42,138,0,0,1,1,non_lateral_balance_or_phase,non_lateral_high_cbf_demand
cbf,balance,off_diagonal_report_only,42,139,0,0,1,1,lateral_heading_drift,non_lateral_balance_or_phase
cbf,balance,off_diagonal_report_only,42,140,0,0,1,1,lateral_heading_drift,non_lateral_balance_or_phase
cbf,balance,off_diagonal_report_only,42,141,0,0,1,1,non_lateral_balance_or_phase,non_lateral_balance_or_phase
cbf,balance,off_diagonal_report_only,42,142,0,0,1,1,non_lateral_balance_or_phase,non_lateral_balance_or_phase
cbf,balance,off_diagonal_report_only,42,143,0,1,1,0,non_lateral_balance_or_phase,success
cbf,balance,off_diagonal_report_only,42,144,0,1,1,0,non_lateral_balance_or_phase,success
cbf,balance,off_diagonal_report_only,42,145,0,1,1,0,lateral_heading_drift,success
cbf,balance,off_diagonal_report_only,42,146,0,0,1,1,non_lateral_high_cbf_demand,lateral_heading_drift
cbf,balance,off_diagonal_report_only,42,147,0,1,1,0,non_lateral_balance_or_phase,success
cbf,balance,off_diagonal_report_only,42,148,1,1,0,0,success,success
cbf,balance,off_diagonal_report_only,42,149,0,0,1,1,lateral_heading_drift,non_lateral_balance_or_phase
cbf,balance,off_diagonal_report_only,42,150,0,1,1,0,lateral_heading_drift,success
cbf,balance,off_diagonal_report_only,42,151,1,0,0,1,success,non_lateral_balance_or_phase
cbf,balance,off_diagonal_report_only,42,152,0,0,1,1,lateral_heading_drift,lateral_heading_drift
cbf,balance,off_diagonal_report_only,42,153,0,1,1,0,non_lateral_balance_or_phase,success
cbf,balance,off_diagonal_report_only,42,154,1,1,0,0,success,success
cbf,balance,off_diagonal_report_only,42,155,1,1,0,0,success,success
cbf,balance,off_diagonal_report_only,42,156,1,1,0,0,success,success
cbf,balance,off_diagonal_report_only,42,157,1,1,0,0,success,success
cbf,balance,off_diagonal_report_only,42,158,1,1,0,0,success,success
cbf,balance,off_diagonal_report_only,42,159,0,1,1,0,non_lateral_high_cbf_demand,success
cbf,balance,off_diagonal_report_only,42,160,1,1,0,0,success,success
cbf,balance,off_diagonal_report_only,42,161,1,1,0,0,success,success
cbf,balance,off_diagonal_report_only,42,162,1,1,0,0,success,success
cbf,balance,off_diagonal_report_only,42,163,1,1,0,0,success,success
cbf,balance,off_diagonal_report_only,42,164,1,1,0,0,success,success
cbf,balance,off_diagonal_report_only,42,165,0,1,1,0,lateral_heading_drift,success
cbf,balance,off_diagonal_report_only,42,166,0,1,1,0,non_lateral_balance_or_phase,success
cbf,balance,off_diagonal_report_only,42,167,1,1,0,0,success,success
cbf,balance,off_diagonal_report_only,42,168,1,0,1,1,non_lateral_balance_or_phase,lateral_heading_drift
cbf,balance,off_diagonal_report_only,42,169,1,1,0,0,success,success
cbf,balance,off_diagonal_report_only,42,170,1,1,0,0,success,success
cbf,balance,off_diagonal_report_only,42,171,1,1,0,0,success,success
cbf,balance,off_diagonal_report_only,42,172,1,1,0,0,success,success
cbf,balance,off_diagonal_report_only,42,173,0,1,1,0,lateral_heading_drift,success
cbf,balance,off_diagonal_report_only,42,174,1,1,0,0,success,success
cbf,balance,off_diagonal_report_only,42,175,1,1,0,0,success,success
cbf,balance,off_diagonal_report_only,42,176,1,1,0,0,success,success
cbf,balance,off_diagonal_report_only,42,177,1,1,0,0,success,success
cbf,balance,off_diagonal_report_only,42,178,1,1,0,0,success,success
cbf,balance,off_diagonal_report_only,42,179,1,1,0,0,success,success
cbf,balance,off_diagonal_report_only,42,180,1,1,0,0,success,success
cbf,balance,off_diagonal_report_only,42,181,1,1,0,0,success,success
cbf,balance,off_diagonal_report_only,42,182,1,1,0,0,success,success
cbf,balance,off_diagonal_report_only,42,183,1,1,0,0,success,success
cbf,balance,off_diagonal_report_only,42,184,1,1,0,0,success,success
cbf,balance,off_diagonal_report_only,42,185,1,1,0,0,success,success
cbf,balance,off_diagonal_report_only,42,186,1,1,0,0,success,success
cbf,balance,off_diagonal_report_only,42,187,1,1,0,0,success,success
cbf,balance,off_diagonal_report_only,42,188,1,1,0,0,success,success
cbf,balance,off_diagonal_report_only,42,189,1,1,0,0,success,success
cbf,balance,off_diagonal_report_only,42,190,1,1,0,0,success,success
cbf,balance,off_diagonal_report_only,42,191,1,1,0,0,success,success
cbf,balance,off_diagonal_report_only,42,192,1,1,0,0,success,success
cbf,balance,off_diagonal_report_only,42,193,1,1,0,0,success,success
cbf,balance,off_diagonal_report_only,42,194,1,1,0,0,success,success
cbf,balance,off_diagonal_report_only,42,195,1,1,0,0,success,success
cbf,balance,off_diagonal_report_only,42,196,1,1,0,0,success,success
cbf,balance,off_diagonal_report_only,42,197,1,1,0,0,success,success
cbf,balance,off_diagonal_report_only,42,198,1,1,0,0,success,success
cbf,balance,off_diagonal_report_only,42,199,1,1,0,0,success,success
cbf,balance,off_diagonal_report_only,42,200,1,1,0,0,success,success
cbf,balance,off_diagonal_report_only,42,201,1,1,0,0,success,success
cbf,balance,off_diagonal_report_only,42,202,1,1,0,0,success,success
cbf,balance,off_diagonal_report_only,42,203,1,1,0,0,success,success
cbf,balance,off_diagonal_report_only,42,204,1,1,0,0,success,success
cbf,balance,off_diagonal_report_only,42,205,1,1,0,0,success,success
cbf,balance,off_diagonal_report_only,42,206,1,1,0,0,success,success
cbf,balance,off_diagonal_report_only,42,207,1,1,0,0,success,success
cbf,balance,off_diagonal_report_only,42,208,0,1,1,0,lateral_heading_drift,success
cbf,balance,off_diagonal_report_only,42,209,1,1,0,0,success,success
cbf,balance,off_diagonal_report_only,42,210,1,1,0,0,success,success
cbf,balance,off_diagonal_report_only,42,211,1,1,0,0,success,success
cbf,balance,off_diagonal_report_only,42,212,1,1,0,0,success,success
cbf,balance,off_diagonal_report_only,42,213,1,1,0,0,success,success
cbf,balance,off_diagonal_report_only,42,214,1,1,0,0,success,success
cbf,balance,off_diagonal_report_only,42,215,1,1,0,0,success,success
cbf,balance,off_diagonal_report_only,42,216,1,1,0,0,success,success
cbf,balance,off_diagonal_report_only,42,217,1,1,0,0,success,success
cbf,balance,off_diagonal_report_only,42,218,1,1,0,0,success,success
cbf,balance,off_diagonal_report_only,42,219,1,0,0,1,success,non_lateral_balance_or_phase
cbf,balance,off_diagonal_report_only,42,220,1,1,0,0,success,success
cbf,balance,off_diagonal_report_only,42,221,1,1,0,0,success,success
cbf,balance,off_diagonal_report_only,42,222,1,1,0,0,success,success
cbf,balance,off_diagonal_report_only,42,223,1,1,0,0,success,success
cbf,balance,off_diagonal_report_only,42,224,1,1,0,0,success,success
cbf,balance,off_diagonal_report_only,42,225,1,1,0,0,success,success
cbf,balance,off_diagonal_report_only,42,226,1,1,0,0,success,success
cbf,balance,off_diagonal_report_only,42,227,1,1,0,0,success,success
cbf,balance,off_diagonal_report_only,42,228,1,1,0,0,success,success
cbf,balance,off_diagonal_report_only,42,229,1,1,0,0,success,success
cbf,balance,off_diagonal_report_only,42,230,1,1,0,0,success,success
cbf,balance,off_diagonal_report_only,42,231,1,1,0,0,success,success
cbf,balance,off_diagonal_report_only,42,232,1,1,0,0,success,success
cbf,balance,off_diagonal_report_only,42,233,1,1,0,0,success,success
cbf,balance,off_diagonal_report_only,42,234,1,1,0,0,success,success
cbf,balance,off_diagonal_report_only,42,235,1,1,0,0,success,success
cbf,balance,off_diagonal_report_only,42,236,1,1,0,0,success,success
cbf,balance,off_diagonal_report_only,42,237,1,1,0,0,success,success
cbf,balance,off_diagonal_report_only,42,238,1,1,0,0,success,success
cbf,balance,off_diagonal_report_only,42,239,1,1,0,0,success,success
cbf,balance,off_diagonal_report_only,42,240,1,1,0,0,success,success
cbf,balance,off_diagonal_report_only,42,241,1,1,0,0,success,success
cbf,balance,off_diagonal_report_only,42,242,1,1,0,0,success,success
cbf,balance,off_diagonal_report_only,42,243,1,1,0,0,success,success
cbf,balance,off_diagonal_report_only,42,244,1,1,0,0,success,success
cbf,balance,off_diagonal_report_only,42,245,1,1,0,0,success,success
cbf,balance,off_diagonal_report_only,42,246,1,1,0,0,success,success
cbf,balance,off_diagonal_report_only,42,247,1,1,0,0,success,success
cbf,balance,off_diagonal_report_only,42,248,0,1,1,0,lateral_heading_drift,success
cbf,balance,off_diagonal_report_only,42,249,1,1,0,0,success,success
cbf,balance,off_diagonal_report_only,42,250,1,1,0,0,success,success
cbf,balance,off_diagonal_report_only,42,251,1,1,0,0,success,success
cbf,balance,off_diagonal_report_only,42,252,1,1,0,0,success,success
cbf,balance,off_diagonal_report_only,42,253,1,1,0,0,success,success
cbf,balance,off_diagonal_report_only,42,254,1,1,0,0,success,success
cbf,balance,off_diagonal_report_only,42,255,1,1,0,0,success,success
cbf,D0,d0_catastrophic,42,0,0,0,1,1,non_lateral_high_cbf_demand,non_lateral_high_cbf_demand
cbf,D0,d0_catastrophic,42,1,1,1,0,0,success,success
cbf,D0,d0_catastrophic,42,2,1,1,0,0,success,success
cbf,D0,d0_catastrophic,42,3,1,1,0,0,success,success
cbf,D0,d0_catastrophic,42,4,1,1,0,0,success,success
cbf,D0,d0_catastrophic,42,5,1,1,0,0,success,success
cbf,D0,d0_catastrophic,42,6,1,1,0,0,success,success
cbf,D0,d0_catastrophic,42,7,1,1,0,0,success,success
cbf,D0,d0_catastrophic,42,8,1,1,0,0,success,success
cbf,D0,d0_catastrophic,42,9,1,1,0,0,success,success
cbf,D0,d0_catastrophic,42,10,1,1,0,0,success,success
cbf,D0,d0_catastrophic,42,11,1,1,0,0,success,success
cbf,D0,d0_catastrophic,42,12,1,1,0,0,success,success
cbf,D0,d0_catastrophic,42,13,1,1,0,0,success,success
cbf,D0,d0_catastrophic,42,14,1,1,0,0,success,success
cbf,D0,d0_catastrophic,42,15,1,1,0,0,success,success
cbf,D0,d0_catastrophic,42,16,1,1,0,0,success,success
cbf,D0,d0_catastrophic,42,17,1,1,0,0,success,success
cbf,D0,d0_catastrophic,42,18,1,1,0,0,success,success
cbf,D0,d0_catastrophic,42,19,1,1,0,0,success,success
cbf,D0,d0_catastrophic,42,20,1,1,0,0,success,success
cbf,D0,d0_catastrophic,42,21,1,1,0,0,success,success
cbf,D0,d0_catastrophic,42,22,1,1,0,0,success,success
cbf,D0,d0_catastrophic,42,23,1,1,0,0,success,success
cbf,D0,d0_catastrophic,42,24,1,1,0,0,success,success
cbf,D0,d0_catastrophic,42,25,1,1,0,0,success,success
cbf,D0,d0_catastrophic,42,26,1,1,0,0,success,success
cbf,D0,d0_catastrophic,42,27,1,1,0,0,success,success
cbf,D0,d0_catastrophic,42,28,1,1,0,0,success,success
cbf,D0,d0_catastrophic,42,29,1,1,0,0,success,success
cbf,D0,d0_catastrophic,42,30,1,1,0,0,success,success
cbf,D0,d0_catastrophic,42,31,1,1,0,0,success,success
cbf,D0,d0_catastrophic,42,32,1,1,0,0,success,success
cbf,D0,d0_catastrophic,42,33,1,1,0,0,success,success
cbf,D0,d0_catastrophic,42,34,1,1,0,0,success,success
cbf,D0,d0_catastrophic,42,35,1,1,0,0,success,success
cbf,D0,d0_catastrophic,42,36,1,1,0,0,success,success
cbf,D0,d0_catastrophic,42,37,1,1,0,0,success,success
cbf,D0,d0_catastrophic,42,38,1,1,0,0,success,success
cbf,D0,d0_catastrophic,42,39,1,1,0,0,success,success
cbf,D0,d0_catastrophic,42,40,1,1,0,0,success,success
cbf,D0,d0_catastrophic,42,41,1,1,0,0,success,success
cbf,D0,d0_catastrophic,42,42,1,1,0,0,success,success
cbf,D0,d0_catastrophic,42,43,1,1,0,0,success,success
cbf,D0,d0_catastrophic,42,44,1,1,0,0,success,success
cbf,D0,d0_catastrophic,42,45,1,1,0,0,success,success
cbf,D0,d0_catastrophic,42,46,1,1,0,0,success,success
cbf,D0,d0_catastrophic,42,47,1,1,0,0,success,success
cbf,D0,d0_catastrophic,42,48,1,1,0,0,success,success
cbf,D0,d0_catastrophic,42,49,1,1,0,0,success,success
cbf,D0,d0_catastrophic,42,50,1,1,0,0,success,success
cbf,D0,d0_catastrophic,42,51,1,1,0,0,success,success
cbf,D0,d0_catastrophic,42,52,1,1,0,0,success,success
cbf,D0,d0_catastrophic,42,53,1,1,0,0,success,success
cbf,D0,d0_catastrophic,42,54,1,1,0,0,success,success
cbf,D0,d0_catastrophic,42,55,1,1,0,0,success,success
cbf,D0,d0_catastrophic,42,56,1,1,0,0,success,success
cbf,D0,d0_catastrophic,42,57,1,1,0,0,success,success
cbf,D0,d0_catastrophic,42,58,1,1,0,0,success,success
cbf,D0,d0_catastrophic,42,59,1,1,0,0,success,success
cbf,D0,d0_catastrophic,42,60,1,1,0,0,success,success
cbf,D0,d0_catastrophic,42,61,1,1,0,0,success,success
cbf,D0,d0_catastrophic,42,62,1,1,0,0,success,success
cbf,D0,d0_catastrophic,42,63,1,1,0,0,success,success
cbf,D0,d0_catastrophic,42,64,1,1,0,0,success,success
cbf,D0,d0_catastrophic,42,65,1,1,0,0,success,success
cbf,D0,d0_catastrophic,42,66,1,1,0,0,success,success
cbf,D0,d0_catastrophic,42,67,1,1,0,0,success,success
cbf,D0,d0_catastrophic,42,68,1,1,0,0,success,success
cbf,D0,d0_catastrophic,42,69,1,1,0,0,success,success
cbf,D0,d0_catastrophic,42,70,1,1,0,0,success,success
cbf,D0,d0_catastrophic,42,71,1,1,0,0,success,success
cbf,D0,d0_catastrophic,42,72,1,1,0,0,success,success
cbf,D0,d0_catastrophic,42,73,1,1,0,0,success,success
cbf,D0,d0_catastrophic,42,74,1,1,0,0,success,success
cbf,D0,d0_catastrophic,42,75,1,1,0,0,success,success
cbf,D0,d0_catastrophic,42,76,1,1,0,0,success,success
cbf,D0,d0_catastrophic,42,77,1,1,0,0,success,success
cbf,D0,d0_catastrophic,42,78,1,1,0,0,success,success
cbf,D0,d0_catastrophic,42,79,1,1,0,0,success,success
cbf,D0,d0_catastrophic,42,80,1,1,0,0,success,success
cbf,D0,d0_catastrophic,42,81,1,1,0,0,success,success
cbf,D0,d0_catastrophic,42,82,1,1,0,0,success,success
cbf,D0,d0_catastrophic,42,83,1,1,0,0,success,success
cbf,D0,d0_catastrophic,42,84,1,1,0,0,success,success
cbf,D0,d0_catastrophic,42,85,1,1,0,0,success,success
cbf,D0,d0_catastrophic,42,86,1,1,0,0,success,success
cbf,D0,d0_catastrophic,42,87,1,1,0,0,success,success
cbf,D0,d0_catastrophic,42,88,1,1,0,0,success,success
cbf,D0,d0_catastrophic,42,89,1,1,0,0,success,success
cbf,D0,d0_catastrophic,42,90,1,1,0,0,success,success
cbf,D0,d0_catastrophic,42,91,1,1,0,0,success,success
cbf,D0,d0_catastrophic,42,92,1,1,0,0,success,success
cbf,D0,d0_catastrophic,42,93,1,1,0,0,success,success
cbf,D0,d0_catastrophic,42,94,1,1,0,0,success,success
cbf,D0,d0_catastrophic,42,95,1,1,0,0,success,success
cbf,D0,d0_catastrophic,42,96,1,1,0,0,success,success
cbf,D0,d0_catastrophic,42,97,1,1,0,0,success,success
cbf,D0,d0_catastrophic,42,98,1,1,0,0,success,success
cbf,D0,d0_catastrophic,42,99,1,1,0,0,success,success
cbf,D0,d0_catastrophic,42,100,1,1,0,0,success,success
cbf,D0,d0_catastrophic,42,101,1,1,0,0,success,success
cbf,D0,d0_catastrophic,42,102,1,1,0,0,success,success
cbf,D0,d0_catastrophic,42,103,1,1,0,0,success,success
cbf,D0,d0_catastrophic,42,104,1,1,0,0,success,success
cbf,D0,d0_catastrophic,42,105,1,1,0,0,success,success
cbf,D0,d0_catastrophic,42,106,1,1,0,0,success,success
cbf,D0,d0_catastrophic,42,107,1,1,0,0,success,success
cbf,D0,d0_catastrophic,42,108,1,1,0,0,success,success
cbf,D0,d0_catastrophic,42,109,1,1,0,0,success,success
cbf,D0,d0_catastrophic,42,110,1,1,0,0,success,success
cbf,D0,d0_catastrophic,42,111,1,1,0,0,success,success
cbf,D0,d0_catastrophic,42,112,1,1,0,0,success,success
cbf,D0,d0_catastrophic,42,113,1,1,0,0,success,success
cbf,D0,d0_catastrophic,42,114,1,1,0,0,success,success
cbf,D0,d0_catastrophic,42,115,1,1,0,0,success,success
cbf,D0,d0_catastrophic,42,116,1,1,0,0,success,success
cbf,D0,d0_catastrophic,42,117,1,1,0,0,success,success
cbf,D0,d0_catastrophic,42,118,1,0,0,0,success,timeout_or_other_nonfall
cbf,D0,d0_catastrophic,42,119,0,0,0,0,timeout_or_other_nonfall,timeout_or_other_nonfall
cbf,D0,d0_catastrophic,42,120,0,0,0,0,timeout_or_other_nonfall,timeout_or_other_nonfall
cbf,D0,d0_catastrophic,42,121,0,0,0,0,timeout_or_other_nonfall,timeout_or_other_nonfall
cbf,D0,d0_catastrophic,42,122,0,0,0,0,timeout_or_other_nonfall,timeout_or_other_nonfall
cbf,D0,d0_catastrophic,42,123,0,0,0,0,timeout_or_other_nonfall,timeout_or_other_nonfall
cbf,D0,d0_catastrophic,42,124,0,0,0,0,timeout_or_other_nonfall,timeout_or_other_nonfall
cbf,D0,d0_catastrophic,42,125,0,0,0,0,timeout_or_other_nonfall,timeout_or_other_nonfall
cbf,D0,d0_catastrophic,42,126,0,0,0,0,timeout_or_other_nonfall,timeout_or_other_nonfall
cbf,D0,d0_catastrophic,42,127,0,0,0,0,timeout_or_other_nonfall,timeout_or_other_nonfall
cbf,D0,d0_catastrophic,42,128,1,0,0,1,success,non_lateral_high_cbf_demand
cbf,D0,d0_catastrophic,42,129,1,0,0,1,success,non_lateral_balance_or_phase
cbf,D0,d0_catastrophic,42,130,1,1,0,0,success,success
cbf,D0,d0_catastrophic,42,131,1,1,0,0,success,success
cbf,D0,d0_catastrophic,42,132,1,1,0,0,success,success
cbf,D0,d0_catastrophic,42,133,1,1,0,0,success,success
cbf,D0,d0_catastrophic,42,134,1,1,0,0,success,success
cbf,D0,d0_catastrophic,42,135,1,1,0,0,success,success
cbf,D0,d0_catastrophic,42,136,1,1,0,0,success,success
cbf,D0,d0_catastrophic,42,137,1,1,0,0,success,success
cbf,D0,d0_catastrophic,42,138,1,1,0,0,success,success
cbf,D0,d0_catastrophic,42,139,1,1,0,0,success,success
cbf,D0,d0_catastrophic,42,140,1,0,0,1,success,non_lateral_balance_or_phase
cbf,D0,d0_catastrophic,42,141,1,1,0,0,success,success
cbf,D0,d0_catastrophic,42,142,1,1,0,0,success,success
cbf,D0,d0_catastrophic,42,143,1,1,0,0,success,success
cbf,D0,d0_catastrophic,42,144,1,1,0,0,success,success
cbf,D0,d0_catastrophic,42,145,1,1,0,0,success,success
cbf,D0,d0_catastrophic,42,146,1,1,0,0,success,success
cbf,D0,d0_catastrophic,42,147,1,1,0,0,success,success
cbf,D0,d0_catastrophic,42,148,1,1,0,0,success,success
cbf,D0,d0_catastrophic,42,149,1,1,0,0,success,success
cbf,D0,d0_catastrophic,42,150,1,1,0,0,success,success
cbf,D0,d0_catastrophic,42,151,1,1,0,0,success,success
cbf,D0,d0_catastrophic,42,152,1,1,0,0,success,success
cbf,D0,d0_catastrophic,42,153,1,1,0,0,success,success
cbf,D0,d0_catastrophic,42,154,1,1,0,0,success,success
cbf,D0,d0_catastrophic,42,155,1,1,0,0,success,success
cbf,D0,d0_catastrophic,42,156,1,1,0,0,success,success
cbf,D0,d0_catastrophic,42,157,1,1,0,0,success,success
cbf,D0,d0_catastrophic,42,158,1,1,0,0,success,success
cbf,D0,d0_catastrophic,42,159,1,1,0,0,success,success
cbf,D0,d0_catastrophic,42,160,1,1,0,0,success,success
cbf,D0,d0_catastrophic,42,161,1,1,0,0,success,success
cbf,D0,d0_catastrophic,42,162,1,1,0,0,success,success
cbf,D0,d0_catastrophic,42,163,1,1,0,0,success,success
cbf,D0,d0_catastrophic,42,164,1,1,0,0,success,success
cbf,D0,d0_catastrophic,42,165,1,1,0,0,success,success
cbf,D0,d0_catastrophic,42,166,1,1,0,0,success,success
cbf,D0,d0_catastrophic,42,167,1,1,0,0,success,success
cbf,D0,d0_catastrophic,42,168,1,1,0,0,success,success
cbf,D0,d0_catastrophic,42,169,1,1,0,0,success,success
cbf,D0,d0_catastrophic,42,170,1,1,0,0,success,success
cbf,D0,d0_catastrophic,42,171,1,1,0,0,success,success
cbf,D0,d0_catastrophic,42,172,1,1,0,0,success,success
cbf,D0,d0_catastrophic,42,173,1,1,0,0,success,success
cbf,D0,d0_catastrophic,42,174,1,1,0,0,success,success
cbf,D0,d0_catastrophic,42,175,1,1,0,0,success,success
cbf,D0,d0_catastrophic,42,176,1,1,0,0,success,success
cbf,D0,d0_catastrophic,42,177,1,1,0,0,success,success
cbf,D0,d0_catastrophic,42,178,1,1,0,0,success,success
cbf,D0,d0_catastrophic,42,179,1,1,0,0,success,success
cbf,D0,d0_catastrophic,42,180,1,1,0,0,success,success
cbf,D0,d0_catastrophic,42,181,1,1,0,0,success,success
cbf,D0,d0_catastrophic,42,182,1,1,0,0,success,success
cbf,D0,d0_catastrophic,42,183,1,1,0,0,success,success
cbf,D0,d0_catastrophic,42,184,1,1,0,0,success,success
cbf,D0,d0_catastrophic,42,185,1,1,0,0,success,success
cbf,D0,d0_catastrophic,42,186,1,1,0,0,success,success
cbf,D0,d0_catastrophic,42,187,1,1,0,0,success,success
cbf,D0,d0_catastrophic,42,188,1,1,0,0,success,success
cbf,D0,d0_catastrophic,42,189,1,1,0,0,success,success
cbf,D0,d0_catastrophic,42,190,1,1,0,0,success,success
cbf,D0,d0_catastrophic,42,191,1,1,0,0,success,success
cbf,D0,d0_catastrophic,42,192,1,1,0,0,success,success
cbf,D0,d0_catastrophic,42,193,1,1,0,0,success,success
cbf,D0,d0_catastrophic,42,194,1,1,0,0,success,success
cbf,D0,d0_catastrophic,42,195,1,1,0,0,success,success
cbf,D0,d0_catastrophic,42,196,1,1,0,0,success,success
cbf,D0,d0_catastrophic,42,197,1,1,0,0,success,success
cbf,D0,d0_catastrophic,42,198,1,1,0,0,success,success
cbf,D0,d0_catastrophic,42,199,1,1,0,0,success,success
cbf,D0,d0_catastrophic,42,200,1,1,0,0,success,success
cbf,D0,d0_catastrophic,42,201,1,1,0,0,success,success
cbf,D0,d0_catastrophic,42,202,1,1,0,0,success,success
cbf,D0,d0_catastrophic,42,203,1,1,0,0,success,success
cbf,D0,d0_catastrophic,42,204,1,1,0,0,success,success
cbf,D0,d0_catastrophic,42,205,1,1,0,0,success,success
cbf,D0,d0_catastrophic,42,206,1,1,0,0,success,success
cbf,D0,d0_catastrophic,42,207,1,1,0,0,success,success
cbf,D0,d0_catastrophic,42,208,1,1,0,0,success,success
cbf,D0,d0_catastrophic,42,209,1,1,0,0,success,success
cbf,D0,d0_catastrophic,42,210,1,1,0,0,success,success
cbf,D0,d0_catastrophic,42,211,1,1,0,0,success,success
cbf,D0,d0_catastrophic,42,212,1,1,0,0,success,success
cbf,D0,d0_catastrophic,42,213,1,1,0,0,success,success
cbf,D0,d0_catastrophic,42,214,1,1,0,0,success,success
cbf,D0,d0_catastrophic,42,215,1,1,0,0,success,success
cbf,D0,d0_catastrophic,42,216,1,1,0,0,success,success
cbf,D0,d0_catastrophic,42,217,1,1,0,0,success,success
cbf,D0,d0_catastrophic,42,218,1,1,0,0,success,success
cbf,D0,d0_catastrophic,42,219,1,1,0,0,success,success
cbf,D0,d0_catastrophic,42,220,1,1,0,0,success,success
cbf,D0,d0_catastrophic,42,221,1,1,0,0,success,success
cbf,D0,d0_catastrophic,42,222,1,1,0,0,success,success
cbf,D0,d0_catastrophic,42,223,1,1,0,0,success,success
cbf,D0,d0_catastrophic,42,224,1,1,0,0,success,success
cbf,D0,d0_catastrophic,42,225,1,1,0,0,success,success
cbf,D0,d0_catastrophic,42,226,1,1,0,0,success,success
cbf,D0,d0_catastrophic,42,227,1,1,0,0,success,success
cbf,D0,d0_catastrophic,42,228,1,1,0,0,success,success
cbf,D0,d0_catastrophic,42,229,1,1,0,0,success,success
cbf,D0,d0_catastrophic,42,230,1,1,0,0,success,success
cbf,D0,d0_catastrophic,42,231,1,1,0,0,success,success
cbf,D0,d0_catastrophic,42,232,1,1,0,0,success,success
cbf,D0,d0_catastrophic,42,233,1,1,0,0,success,success
cbf,D0,d0_catastrophic,42,234,1,1,0,0,success,success
cbf,D0,d0_catastrophic,42,235,1,1,0,0,success,success
cbf,D0,d0_catastrophic,42,236,1,1,0,0,success,success
cbf,D0,d0_catastrophic,42,237,1,1,0,0,success,success
cbf,D0,d0_catastrophic,42,238,1,1,0,0,success,success
cbf,D0,d0_catastrophic,42,239,1,1,0,0,success,success
cbf,D0,d0_catastrophic,42,240,1,1,0,0,success,success
cbf,D0,d0_catastrophic,42,241,1,1,0,0,success,success
cbf,D0,d0_catastrophic,42,242,1,1,0,0,success,success
cbf,D0,d0_catastrophic,42,243,1,1,0,0,success,success
cbf,D0,d0_catastrophic,42,244,1,1,0,0,success,success
cbf,D0,d0_catastrophic,42,245,1,1,0,0,success,success
cbf,D0,d0_catastrophic,42,246,1,1,0,0,success,success
cbf,D0,d0_catastrophic,42,247,1,1,0,0,success,success
cbf,D0,d0_catastrophic,42,248,0,0,0,0,timeout_or_other_nonfall,timeout_or_other_nonfall
cbf,D0,d0_catastrophic,42,249,0,0,0,0,timeout_or_other_nonfall,timeout_or_other_nonfall
cbf,D0,d0_catastrophic,42,250,0,0,0,0,timeout_or_other_nonfall,timeout_or_other_nonfall
cbf,D0,d0_catastrophic,42,251,0,0,0,0,timeout_or_other_nonfall,timeout_or_other_nonfall
cbf,D0,d0_catastrophic,42,252,0,0,0,0,timeout_or_other_nonfall,timeout_or_other_nonfall
cbf,D0,d0_catastrophic,42,253,0,0,0,0,timeout_or_other_nonfall,timeout_or_other_nonfall
cbf,D0,d0_catastrophic,42,254,0,0,0,0,timeout_or_other_nonfall,timeout_or_other_nonfall
cbf,D0,d0_catastrophic,42,255,0,0,0,0,timeout_or_other_nonfall,timeout_or_other_nonfall
cbf,lateral,off_diagonal_report_only,142,0,0,0,1,1,lateral_heading_drift,lateral_heading_drift
cbf,lateral,off_diagonal_report_only,142,1,0,0,1,1,non_lateral_balance_or_phase,lateral_heading_drift
cbf,lateral,off_diagonal_report_only,142,2,0,0,1,1,non_lateral_balance_or_phase,non_lateral_balance_or_phase
cbf,lateral,off_diagonal_report_only,142,3,0,1,1,0,lateral_heading_drift,success
cbf,lateral,off_diagonal_report_only,142,4,0,1,1,0,lateral_heading_drift,success
cbf,lateral,off_diagonal_report_only,142,5,0,0,1,1,lateral_heading_drift,lateral_heading_drift
cbf,lateral,off_diagonal_report_only,142,6,0,0,1,1,lateral_heading_drift,lateral_heading_drift
cbf,lateral,off_diagonal_report_only,142,7,0,1,1,0,lateral_heading_drift,success
cbf,lateral,off_diagonal_report_only,142,8,0,1,1,0,lateral_heading_drift,success
cbf,lateral,off_diagonal_report_only,142,9,1,0,0,1,success,lateral_heading_drift
cbf,lateral,off_diagonal_report_only,142,10,0,1,1,0,non_lateral_high_cbf_demand,success
cbf,lateral,off_diagonal_report_only,142,11,1,1,0,0,success,success
cbf,lateral,off_diagonal_report_only,142,12,0,1,1,0,lateral_heading_drift,success
cbf,lateral,off_diagonal_report_only,142,13,1,1,0,0,success,success
cbf,lateral,off_diagonal_report_only,142,14,1,0,0,1,success,lateral_heading_drift
cbf,lateral,off_diagonal_report_only,142,15,0,1,1,0,lateral_heading_drift,success
cbf,lateral,off_diagonal_report_only,142,16,0,1,1,0,lateral_heading_drift,success
cbf,lateral,off_diagonal_report_only,142,17,1,1,0,0,success,success
cbf,lateral,off_diagonal_report_only,142,18,0,1,1,0,lateral_heading_drift,success
cbf,lateral,off_diagonal_report_only,142,19,0,0,1,1,lateral_heading_drift,lateral_heading_drift
cbf,lateral,off_diagonal_report_only,142,20,1,0,0,1,success,lateral_heading_drift
cbf,lateral,off_diagonal_report_only,142,21,0,1,1,0,lateral_heading_drift,success
cbf,lateral,off_diagonal_report_only,142,22,1,1,0,0,success,success
cbf,lateral,off_diagonal_report_only,142,23,1,0,0,1,success,lateral_heading_drift
cbf,lateral,off_diagonal_report_only,142,24,0,1,1,0,lateral_heading_drift,success
cbf,lateral,off_diagonal_report_only,142,25,0,0,1,1,lateral_heading_drift,lateral_heading_drift
cbf,lateral,off_diagonal_report_only,142,26,1,0,0,1,success,lateral_heading_drift
cbf,lateral,off_diagonal_report_only,142,27,0,1,1,0,lateral_heading_drift,success
cbf,lateral,off_diagonal_report_only,142,28,1,1,0,0,success,success
cbf,lateral,off_diagonal_report_only,142,29,1,1,0,0,success,success
cbf,lateral,off_diagonal_report_only,142,30,0,1,1,0,lateral_heading_drift,success
cbf,lateral,off_diagonal_report_only,142,31,1,1,0,0,success,success
cbf,lateral,off_diagonal_report_only,142,32,0,1,1,0,lateral_heading_drift,success
cbf,lateral,off_diagonal_report_only,142,33,1,1,0,0,success,success
cbf,lateral,off_diagonal_report_only,142,34,1,1,0,0,success,success
cbf,lateral,off_diagonal_report_only,142,35,1,1,0,0,success,success
cbf,lateral,off_diagonal_report_only,142,36,1,1,0,0,success,success
cbf,lateral,off_diagonal_report_only,142,37,1,1,0,0,success,success
cbf,lateral,off_diagonal_report_only,142,38,1,1,0,0,success,success
cbf,lateral,off_diagonal_report_only,142,39,1,1,0,0,success,success
cbf,lateral,off_diagonal_report_only,142,40,1,0,0,1,success,lateral_heading_drift
cbf,lateral,off_diagonal_report_only,142,41,1,1,0,0,success,success
cbf,lateral,off_diagonal_report_only,142,42,1,1,0,0,success,success
cbf,lateral,off_diagonal_report_only,142,43,1,1,0,0,success,success
cbf,lateral,off_diagonal_report_only,142,44,1,1,0,0,success,success
cbf,lateral,off_diagonal_report_only,142,45,1,1,0,0,success,success
cbf,lateral,off_diagonal_report_only,142,46,1,1,0,0,success,success
cbf,lateral,off_diagonal_report_only,142,47,1,0,0,1,success,lateral_heading_drift
cbf,lateral,off_diagonal_report_only,142,48,1,1,0,0,success,success
cbf,lateral,off_diagonal_report_only,142,49,1,1,0,0,success,success
cbf,lateral,off_diagonal_report_only,142,50,1,1,0,0,success,success
cbf,lateral,off_diagonal_report_only,142,51,1,1,0,0,success,success
cbf,lateral,off_diagonal_report_only,142,52,0,1,1,0,lateral_heading_drift,success
cbf,lateral,off_diagonal_report_only,142,53,1,0,0,1,success,non_lateral_high_cbf_demand
cbf,lateral,off_diagonal_report_only,142,54,1,0,0,1,success,lateral_heading_drift
cbf,lateral,off_diagonal_report_only,142,55,0,1,1,0,lateral_heading_drift,success
cbf,lateral,off_diagonal_report_only,142,56,0,1,1,0,lateral_heading_drift,success
cbf,lateral,off_diagonal_report_only,142,57,1,0,0,1,success,lateral_heading_drift
cbf,lateral,off_diagonal_report_only,142,58,0,1,1,0,lateral_heading_drift,success
cbf,lateral,off_diagonal_report_only,142,59,0,1,1,0,lateral_heading_drift,success
cbf,lateral,off_diagonal_report_only,142,60,1,1,0,0,success,success
cbf,lateral,off_diagonal_report_only,142,61,0,1,1,0,lateral_heading_drift,success
cbf,lateral,off_diagonal_report_only,142,62,0,0,1,1,lateral_heading_drift,lateral_heading_drift
cbf,lateral,off_diagonal_report_only,142,63,1,1,0,0,success,success
cbf,lateral,off_diagonal_report_only,142,64,1,1,0,0,success,success
cbf,lateral,off_diagonal_report_only,142,65,1,1,0,0,success,success
cbf,lateral,off_diagonal_report_only,142,66,1,1,0,0,success,success
cbf,lateral,off_diagonal_report_only,142,67,1,1,0,0,success,success
cbf,lateral,off_diagonal_report_only,142,68,1,1,0,0,success,success
cbf,lateral,off_diagonal_report_only,142,69,1,1,0,0,success,success
cbf,lateral,off_diagonal_report_only,142,70,1,1,0,0,success,success
cbf,lateral,off_diagonal_report_only,142,71,1,1,0,0,success,success
cbf,lateral,off_diagonal_report_only,142,72,1,1,0,0,success,success
cbf,lateral,off_diagonal_report_only,142,73,1,1,0,0,success,success
cbf,lateral,off_diagonal_report_only,142,74,1,1,0,0,success,success
cbf,lateral,off_diagonal_report_only,142,75,1,1,0,0,success,success
cbf,lateral,off_diagonal_report_only,142,76,1,1,0,0,success,success
cbf,lateral,off_diagonal_report_only,142,77,1,1,0,0,success,success
cbf,lateral,off_diagonal_report_only,142,78,1,1,0,0,success,success
cbf,lateral,off_diagonal_report_only,142,79,1,1,0,0,success,success
cbf,lateral,off_diagonal_report_only,142,80,1,1,0,0,success,success
cbf,lateral,off_diagonal_report_only,142,81,1,1,0,0,success,success
cbf,lateral,off_diagonal_report_only,142,82,1,1,0,0,success,success
cbf,lateral,off_diagonal_report_only,142,83,1,1,0,0,success,success
cbf,lateral,off_diagonal_report_only,142,84,1,1,0,0,success,success
cbf,lateral,off_diagonal_report_only,142,85,1,0,0,1,success,lateral_heading_drift
cbf,lateral,off_diagonal_report_only,142,86,1,0,0,1,success,lateral_heading_drift
cbf,lateral,off_diagonal_report_only,142,87,1,1,0,0,success,success
cbf,lateral,off_diagonal_report_only,142,88,1,1,0,0,success,success
cbf,lateral,off_diagonal_report_only,142,89,1,1,0,0,success,success
cbf,lateral,off_diagonal_report_only,142,90,1,0,0,1,success,lateral_heading_drift
cbf,lateral,off_diagonal_report_only,142,91,1,1,0,0,success,success
cbf,lateral,off_diagonal_report_only,142,92,1,0,0,1,success,lateral_heading_drift
cbf,lateral,off_diagonal_report_only,142,93,0,1,1,0,lateral_heading_drift,success
cbf,lateral,off_diagonal_report_only,142,94,1,1,0,0,success,success
cbf,lateral,off_diagonal_report_only,142,95,0,1,1,0,lateral_heading_drift,success
cbf,lateral,off_diagonal_report_only,142,96,1,1,0,0,success,success
cbf,lateral,off_diagonal_report_only,142,97,1,1,0,0,success,success
cbf,lateral,off_diagonal_report_only,142,98,1,1,0,0,success,success
cbf,lateral,off_diagonal_report_only,142,99,1,1,0,0,success,success
cbf,lateral,off_diagonal_report_only,142,100,1,1,0,0,success,success
cbf,lateral,off_diagonal_report_only,142,101,1,0,0,1,success,lateral_heading_drift
cbf,lateral,off_diagonal_report_only,142,102,1,1,0,0,success,success
cbf,lateral,off_diagonal_report_only,142,103,1,1,0,0,success,success
cbf,lateral,off_diagonal_report_only,142,104,1,1,0,0,success,success
cbf,lateral,off_diagonal_report_only,142,105,1,0,0,1,success,lateral_heading_drift
cbf,lateral,off_diagonal_report_only,142,106,1,1,0,0,success,success
cbf,lateral,off_diagonal_report_only,142,107,0,1,1,0,lateral_heading_drift,success
cbf,lateral,off_diagonal_report_only,142,108,1,1,0,0,success,success
cbf,lateral,off_diagonal_report_only,142,109,1,1,0,0,success,success
cbf,lateral,off_diagonal_report_only,142,110,1,1,0,0,success,success
cbf,lateral,off_diagonal_report_only,142,111,1,1,0,0,success,success
cbf,lateral,off_diagonal_report_only,142,112,1,1,0,0,success,success
cbf,lateral,off_diagonal_report_only,142,113,1,1,0,0,success,success
cbf,lateral,off_diagonal_report_only,142,114,1,1,0,0,success,success
cbf,lateral,off_diagonal_report_only,142,115,1,1,0,0,success,success
cbf,lateral,off_diagonal_report_only,142,116,1,1,0,0,success,success
cbf,lateral,off_diagonal_report_only,142,117,1,1,0,0,success,success
cbf,lateral,off_diagonal_report_only,142,118,1,1,0,0,success,success
cbf,lateral,off_diagonal_report_only,142,119,1,1,0,0,success,success
cbf,lateral,off_diagonal_report_only,142,120,1,1,0,0,success,success
cbf,lateral,off_diagonal_report_only,142,121,1,1,0,0,success,success
cbf,lateral,off_diagonal_report_only,142,122,1,1,0,0,success,success
cbf,lateral,off_diagonal_report_only,142,123,1,1,0,0,success,success
cbf,lateral,off_diagonal_report_only,142,124,1,1,0,0,success,success
cbf,lateral,off_diagonal_report_only,142,125,1,1,0,0,success,success
cbf,lateral,off_diagonal_report_only,142,126,1,1,0,0,success,success
cbf,lateral,off_diagonal_report_only,142,127,1,1,0,0,success,success
cbf,lateral,off_diagonal_report_only,142,128,0,0,1,1,lateral_heading_drift,non_lateral_high_cbf_demand
cbf,lateral,off_diagonal_report_only,142,129,0,0,1,1,non_lateral_balance_or_phase,lateral_heading_drift
cbf,lateral,off_diagonal_report_only,142,130,0,0,1,1,non_lateral_balance_or_phase,lateral_heading_drift
cbf,lateral,off_diagonal_report_only,142,131,0,0,1,1,non_lateral_high_cbf_demand,lateral_heading_drift
cbf,lateral,off_diagonal_report_only,142,132,0,0,1,1,non_lateral_high_cbf_demand,non_lateral_balance_or_phase
cbf,lateral,off_diagonal_report_only,142,133,0,0,1,1,non_lateral_high_cbf_demand,non_lateral_high_cbf_demand
cbf,lateral,off_diagonal_report_only,142,134,0,0,1,1,lateral_heading_drift,lateral_heading_drift
cbf,lateral,off_diagonal_report_only,142,135,0,0,1,1,non_lateral_balance_or_phase,lateral_heading_drift
cbf,lateral,off_diagonal_report_only,142,136,1,0,0,1,success,lateral_heading_drift
cbf,lateral,off_diagonal_report_only,142,137,1,0,0,1,success,lateral_heading_drift
cbf,lateral,off_diagonal_report_only,142,138,1,0,0,1,success,lateral_heading_drift
cbf,lateral,off_diagonal_report_only,142,139,1,0,0,1,success,lateral_heading_drift
cbf,lateral,off_diagonal_report_only,142,140,0,0,1,1,lateral_heading_drift,non_lateral_high_cbf_demand
cbf,lateral,off_diagonal_report_only,142,141,0,0,1,1,lateral_heading_drift,lateral_heading_drift
cbf,lateral,off_diagonal_report_only,142,142,0,1,1,0,lateral_heading_drift,success
cbf,lateral,off_diagonal_report_only,142,143,1,0,0,1,success,lateral_heading_drift
cbf,lateral,off_diagonal_report_only,142,144,0,1,1,0,lateral_heading_drift,success
cbf,lateral,off_diagonal_report_only,142,145,0,1,1,0,lateral_heading_drift,success
cbf,lateral,off_diagonal_report_only,142,146,0,0,1,1,lateral_heading_drift,lateral_heading_drift
cbf,lateral,off_diagonal_report_only,142,147,0,1,1,0,lateral_heading_drift,success
cbf,lateral,off_diagonal_report_only,142,148,0,1,1,0,lateral_heading_drift,success
cbf,lateral,off_diagonal_report_only,142,149,1,1,0,0,success,success
cbf,lateral,off_diagonal_report_only,142,150,1,1,0,0,success,success
cbf,lateral,off_diagonal_report_only,142,151,1,0,0,1,success,lateral_heading_drift
cbf,lateral,off_diagonal_report_only,142,152,1,0,0,1,success,lateral_heading_drift
cbf,lateral,off_diagonal_report_only,142,153,0,1,1,0,lateral_heading_drift,success
cbf,lateral,off_diagonal_report_only,142,154,1,1,0,0,success,success
cbf,lateral,off_diagonal_report_only,142,155,1,1,0,0,success,success
cbf,lateral,off_diagonal_report_only,142,156,1,1,0,0,success,success
cbf,lateral,off_diagonal_report_only,142,157,1,1,0,0,success,success
cbf,lateral,off_diagonal_report_only,142,158,1,1,0,0,success,success
cbf,lateral,off_diagonal_report_only,142,159,1,1,0,0,success,success
cbf,lateral,off_diagonal_report_only,142,160,1,1,0,0,success,success
cbf,lateral,off_diagonal_report_only,142,161,1,1,0,0,success,success
cbf,lateral,off_diagonal_report_only,142,162,1,1,0,0,success,success
cbf,lateral,off_diagonal_report_only,142,163,1,1,0,0,success,success
cbf,lateral,off_diagonal_report_only,142,164,1,1,0,0,success,success
cbf,lateral,off_diagonal_report_only,142,165,1,1,0,0,success,success
cbf,lateral,off_diagonal_report_only,142,166,0,1,1,0,lateral_heading_drift,success
cbf,lateral,off_diagonal_report_only,142,167,1,1,0,0,success,success
cbf,lateral,off_diagonal_report_only,142,168,1,1,0,0,success,success
cbf,lateral,off_diagonal_report_only,142,169,1,1,0,0,success,success
cbf,lateral,off_diagonal_report_only,142,170,1,1,0,0,success,success
cbf,lateral,off_diagonal_report_only,142,171,1,1,0,0,success,success
cbf,lateral,off_diagonal_report_only,142,172,1,1,0,0,success,success
cbf,lateral,off_diagonal_report_only,142,173,0,1,1,0,lateral_heading_drift,success
cbf,lateral,off_diagonal_report_only,142,174,1,1,0,0,success,success
cbf,lateral,off_diagonal_report_only,142,175,1,1,0,0,success,success
cbf,lateral,off_diagonal_report_only,142,176,1,1,0,0,success,success
cbf,lateral,off_diagonal_report_only,142,177,1,1,0,0,success,success
cbf,lateral,off_diagonal_report_only,142,178,0,1,1,0,lateral_heading_drift,success
cbf,lateral,off_diagonal_report_only,142,179,1,1,0,0,success,success
cbf,lateral,off_diagonal_report_only,142,180,1,1,0,0,success,success
cbf,lateral,off_diagonal_report_only,142,181,1,1,0,0,success,success
cbf,lateral,off_diagonal_report_only,142,182,1,1,0,0,success,success
cbf,lateral,off_diagonal_report_only,142,183,1,1,0,0,success,success
cbf,lateral,off_diagonal_report_only,142,184,1,1,0,0,success,success
cbf,lateral,off_diagonal_report_only,142,185,1,1,0,0,success,success
cbf,lateral,off_diagonal_report_only,142,186,1,0,0,1,success,lateral_heading_drift
cbf,lateral,off_diagonal_report_only,142,187,1,0,0,1,success,lateral_heading_drift
cbf,lateral,off_diagonal_report_only,142,188,1,1,0,0,success,success
cbf,lateral,off_diagonal_report_only,142,189,1,1,0,0,success,success
cbf,lateral,off_diagonal_report_only,142,190,1,1,0,0,success,success
cbf,lateral,off_diagonal_report_only,142,191,1,1,0,0,success,success
cbf,lateral,off_diagonal_report_only,142,192,1,1,0,0,success,success
cbf,lateral,off_diagonal_report_only,142,193,1,1,0,0,success,success
cbf,lateral,off_diagonal_report_only,142,194,0,1,1,0,lateral_heading_drift,success
cbf,lateral,off_diagonal_report_only,142,195,1,0,0,1,success,lateral_heading_drift
cbf,lateral,off_diagonal_report_only,142,196,1,1,0,0,success,success
cbf,lateral,off_diagonal_report_only,142,197,1,1,0,0,success,success
cbf,lateral,off_diagonal_report_only,142,198,1,1,0,0,success,success
cbf,lateral,off_diagonal_report_only,142,199,1,1,0,0,success,success
cbf,lateral,off_diagonal_report_only,142,200,1,1,0,0,success,success
cbf,lateral,off_diagonal_report_only,142,201,1,1,0,0,success,success
cbf,lateral,off_diagonal_report_only,142,202,1,1,0,0,success,success
cbf,lateral,off_diagonal_report_only,142,203,1,1,0,0,success,success
cbf,lateral,off_diagonal_report_only,142,204,1,1,0,0,success,success
cbf,lateral,off_diagonal_report_only,142,205,1,1,0,0,success,success
cbf,lateral,off_diagonal_report_only,142,206,1,1,0,0,success,success
cbf,lateral,off_diagonal_report_only,142,207,1,1,0,0,success,success
cbf,lateral,off_diagonal_report_only,142,208,1,1,0,0,success,success
cbf,lateral,off_diagonal_report_only,142,209,1,1,0,0,success,success
cbf,lateral,off_diagonal_report_only,142,210,1,1,0,0,success,success
cbf,lateral,off_diagonal_report_only,142,211,1,1,0,0,success,success
cbf,lateral,off_diagonal_report_only,142,212,1,1,0,0,success,success
cbf,lateral,off_diagonal_report_only,142,213,1,0,0,1,success,lateral_heading_drift
cbf,lateral,off_diagonal_report_only,142,214,1,1,0,0,success,success
cbf,lateral,off_diagonal_report_only,142,215,1,1,0,0,success,success
cbf,lateral,off_diagonal_report_only,142,216,1,1,0,0,success,success
cbf,lateral,off_diagonal_report_only,142,217,1,1,0,0,success,success
cbf,lateral,off_diagonal_report_only,142,218,0,1,1,0,lateral_heading_drift,success
cbf,lateral,off_diagonal_report_only,142,219,1,1,0,0,success,success
cbf,lateral,off_diagonal_report_only,142,220,1,1,0,0,success,success
cbf,lateral,off_diagonal_report_only,142,221,1,1,0,0,success,success
cbf,lateral,off_diagonal_report_only,142,222,0,1,1,0,lateral_heading_drift,success
cbf,lateral,off_diagonal_report_only,142,223,1,1,0,0,success,success
cbf,lateral,off_diagonal_report_only,142,224,1,0,0,1,success,lateral_heading_drift
cbf,lateral,off_diagonal_report_only,142,225,1,1,0,0,success,success
cbf,lateral,off_diagonal_report_only,142,226,1,1,0,0,success,success
cbf,lateral,off_diagonal_report_only,142,227,1,1,0,0,success,success
cbf,lateral,off_diagonal_report_only,142,228,1,1,0,0,success,success
cbf,lateral,off_diagonal_report_only,142,229,1,1,0,0,success,success
cbf,lateral,off_diagonal_report_only,142,230,1,0,0,1,success,lateral_heading_drift
cbf,lateral,off_diagonal_report_only,142,231,1,1,0,0,success,success
cbf,lateral,off_diagonal_report_only,142,232,1,1,0,0,success,success
cbf,lateral,off_diagonal_report_only,142,233,1,1,0,0,success,success
cbf,lateral,off_diagonal_report_only,142,234,1,1,0,0,success,success
cbf,lateral,off_diagonal_report_only,142,235,1,1,0,0,success,success
cbf,lateral,off_diagonal_report_only,142,236,1,1,0,0,success,success
cbf,lateral,off_diagonal_report_only,142,237,1,1,0,0,success,success
cbf,lateral,off_diagonal_report_only,142,238,1,1,0,0,success,success
cbf,lateral,off_diagonal_report_only,142,239,1,1,0,0,success,success
cbf,lateral,off_diagonal_report_only,142,240,1,1,0,0,success,success
cbf,lateral,off_diagonal_report_only,142,241,1,1,0,0,success,success
cbf,lateral,off_diagonal_report_only,142,242,1,1,0,0,success,success
cbf,lateral,off_diagonal_report_only,142,243,0,1,1,0,lateral_heading_drift,success
cbf,lateral,off_diagonal_report_only,142,244,0,1,1,0,lateral_heading_drift,success
cbf,lateral,off_diagonal_report_only,142,245,0,1,1,0,lateral_heading_drift,success
cbf,lateral,off_diagonal_report_only,142,246,1,1,0,0,success,success
cbf,lateral,off_diagonal_report_only,142,247,1,1,0,0,success,success
cbf,lateral,off_diagonal_report_only,142,248,1,1,0,0,success,success
cbf,lateral,off_diagonal_report_only,142,249,1,1,0,0,success,success
cbf,lateral,off_diagonal_report_only,142,250,1,1,0,0,success,success
cbf,lateral,off_diagonal_report_only,142,251,1,1,0,0,success,success
cbf,lateral,off_diagonal_report_only,142,252,1,0,0,1,success,lateral_heading_drift
cbf,lateral,off_diagonal_report_only,142,253,1,1,0,0,success,success
cbf,lateral,off_diagonal_report_only,142,254,0,0,1,1,lateral_heading_drift,lateral_heading_drift
cbf,lateral,off_diagonal_report_only,142,255,1,1,0,0,success,success
cbf,cbf,diagonal_primary,142,0,0,0,1,1,non_lateral_high_cbf_demand,non_lateral_high_cbf_demand
cbf,cbf,diagonal_primary,142,1,0,0,1,1,non_lateral_high_cbf_demand,non_lateral_high_cbf_demand
cbf,cbf,diagonal_primary,142,2,0,0,1,1,non_lateral_high_cbf_demand,non_lateral_high_cbf_demand
cbf,cbf,diagonal_primary,142,3,0,0,1,1,non_lateral_high_cbf_demand,non_lateral_high_cbf_demand
cbf,cbf,diagonal_primary,142,4,0,0,1,1,non_lateral_high_cbf_demand,non_lateral_high_cbf_demand
cbf,cbf,diagonal_primary,142,5,0,0,1,1,non_lateral_high_cbf_demand,non_lateral_high_cbf_demand
cbf,cbf,diagonal_primary,142,6,0,0,1,1,non_lateral_high_cbf_demand,non_lateral_high_cbf_demand
cbf,cbf,diagonal_primary,142,7,0,0,1,1,non_lateral_high_cbf_demand,non_lateral_high_cbf_demand
cbf,cbf,diagonal_primary,142,8,0,0,1,1,non_lateral_high_cbf_demand,non_lateral_high_cbf_demand
cbf,cbf,diagonal_primary,142,9,0,0,1,1,non_lateral_high_cbf_demand,non_lateral_high_cbf_demand
cbf,cbf,diagonal_primary,142,10,0,0,1,1,lateral_heading_drift,non_lateral_high_cbf_demand
cbf,cbf,diagonal_primary,142,11,0,0,1,1,non_lateral_high_cbf_demand,non_lateral_high_cbf_demand
cbf,cbf,diagonal_primary,142,12,0,0,1,1,lateral_heading_drift,non_lateral_high_cbf_demand
cbf,cbf,diagonal_primary,142,13,0,0,1,1,non_lateral_high_cbf_demand,non_lateral_high_cbf_demand
cbf,cbf,diagonal_primary,142,14,0,0,1,1,non_lateral_high_cbf_demand,non_lateral_high_cbf_demand
cbf,cbf,diagonal_primary,142,15,1,0,0,1,success,lateral_heading_drift
cbf,cbf,diagonal_primary,142,16,1,0,0,1,success,non_lateral_balance_or_phase
cbf,cbf,diagonal_primary,142,17,1,0,0,1,success,non_lateral_high_cbf_demand
cbf,cbf,diagonal_primary,142,18,1,0,0,1,success,non_lateral_high_cbf_demand
cbf,cbf,diagonal_primary,142,19,1,0,0,1,success,non_lateral_high_cbf_demand
cbf,cbf,diagonal_primary,142,20,1,1,0,0,success,success
cbf,cbf,diagonal_primary,142,21,1,0,0,1,success,lateral_heading_drift
cbf,cbf,diagonal_primary,142,22,1,1,0,0,success,success
cbf,cbf,diagonal_primary,142,23,1,1,0,0,success,success
cbf,cbf,diagonal_primary,142,24,1,1,0,0,success,success
cbf,cbf,diagonal_primary,142,25,1,1,0,0,success,success
cbf,cbf,diagonal_primary,142,26,1,1,0,0,success,success
cbf,cbf,diagonal_primary,142,27,1,1,0,0,success,success
cbf,cbf,diagonal_primary,142,28,1,1,0,0,success,success
cbf,cbf,diagonal_primary,142,29,1,1,0,0,success,success
cbf,cbf,diagonal_primary,142,30,1,1,0,0,success,success
cbf,cbf,diagonal_primary,142,31,1,1,0,0,success,success
cbf,cbf,diagonal_primary,142,32,1,1,0,0,success,success
cbf,cbf,diagonal_primary,142,33,1,0,0,1,success,lateral_heading_drift
cbf,cbf,diagonal_primary,142,34,1,1,0,0,success,success
cbf,cbf,diagonal_primary,142,35,1,1,0,0,success,success
cbf,cbf,diagonal_primary,142,36,1,1,0,0,success,success
cbf,cbf,diagonal_primary,142,37,0,1,1,0,lateral_heading_drift,success
cbf,cbf,diagonal_primary,142,38,1,1,0,0,success,success
cbf,cbf,diagonal_primary,142,39,1,1,0,0,success,success
cbf,cbf,diagonal_primary,142,40,1,1,0,0,success,success
cbf,cbf,diagonal_primary,142,41,1,1,0,0,success,success
cbf,cbf,diagonal_primary,142,42,1,0,0,1,success,lateral_heading_drift
cbf,cbf,diagonal_primary,142,43,1,1,0,0,success,success
cbf,cbf,diagonal_primary,142,44,1,1,0,0,success,success
cbf,cbf,diagonal_primary,142,45,1,1,0,0,success,success
cbf,cbf,diagonal_primary,142,46,1,1,0,0,success,success
cbf,cbf,diagonal_primary,142,47,1,1,0,0,success,success
cbf,cbf,diagonal_primary,142,48,1,1,0,0,success,success
cbf,cbf,diagonal_primary,142,49,1,1,0,0,success,success
cbf,cbf,diagonal_primary,142,50,1,0,0,1,success,lateral_heading_drift
cbf,cbf,diagonal_primary,142,51,1,1,0,0,success,success
cbf,cbf,diagonal_primary,142,52,0,1,1,0,lateral_heading_drift,success
cbf,cbf,diagonal_primary,142,53,1,1,0,0,success,success
cbf,cbf,diagonal_primary,142,54,1,1,0,0,success,success
cbf,cbf,diagonal_primary,142,55,1,1,0,0,success,success
cbf,cbf,diagonal_primary,142,56,1,1,0,0,success,success
cbf,cbf,diagonal_primary,142,57,1,1,0,0,success,success
cbf,cbf,diagonal_primary,142,58,1,1,0,0,success,success
cbf,cbf,diagonal_primary,142,59,1,1,0,0,success,success
cbf,cbf,diagonal_primary,142,60,1,1,0,0,success,success
cbf,cbf,diagonal_primary,142,61,1,1,0,0,success,success
cbf,cbf,diagonal_primary,142,62,1,1,0,0,success,success
cbf,cbf,diagonal_primary,142,63,1,1,0,0,success,success
cbf,cbf,diagonal_primary,142,64,1,1,0,0,success,success
cbf,cbf,diagonal_primary,142,65,1,1,0,0,success,success
cbf,cbf,diagonal_primary,142,66,0,1,1,0,lateral_heading_drift,success
cbf,cbf,diagonal_primary,142,67,1,0,0,1,success,lateral_heading_drift
cbf,cbf,diagonal_primary,142,68,1,1,0,0,success,success
cbf,cbf,diagonal_primary,142,69,1,1,0,0,success,success
cbf,cbf,diagonal_primary,142,70,1,1,0,0,success,success
cbf,cbf,diagonal_primary,142,71,1,1,0,0,success,success
cbf,cbf,diagonal_primary,142,72,0,1,1,0,lateral_heading_drift,success
cbf,cbf,diagonal_primary,142,73,0,1,1,0,lateral_heading_drift,success
cbf,cbf,diagonal_primary,142,74,1,1,0,0,success,success
cbf,cbf,diagonal_primary,142,75,1,1,0,0,success,success
cbf,cbf,diagonal_primary,142,76,1,1,0,0,success,success
cbf,cbf,diagonal_primary,142,77,1,1,0,0,success,success
cbf,cbf,diagonal_primary,142,78,1,1,0,0,success,success
cbf,cbf,diagonal_primary,142,79,1,1,0,0,success,success
cbf,cbf,diagonal_primary,142,80,1,0,0,1,success,non_lateral_balance_or_phase
cbf,cbf,diagonal_primary,142,81,1,1,0,0,success,success
cbf,cbf,diagonal_primary,142,82,1,1,0,0,success,success
cbf,cbf,diagonal_primary,142,83,1,1,0,0,success,success
cbf,cbf,diagonal_primary,142,84,1,1,0,0,success,success
cbf,cbf,diagonal_primary,142,85,1,1,0,0,success,success
cbf,cbf,diagonal_primary,142,86,1,1,0,0,success,success
cbf,cbf,diagonal_primary,142,87,1,1,0,0,success,success
cbf,cbf,diagonal_primary,142,88,1,1,0,0,success,success
cbf,cbf,diagonal_primary,142,89,1,1,0,0,success,success
cbf,cbf,diagonal_primary,142,90,1,1,0,0,success,success
cbf,cbf,diagonal_primary,142,91,1,1,0,0,success,success
cbf,cbf,diagonal_primary,142,92,1,1,0,0,success,success
cbf,cbf,diagonal_primary,142,93,1,1,0,0,success,success
cbf,cbf,diagonal_primary,142,94,1,1,0,0,success,success
cbf,cbf,diagonal_primary,142,95,1,1,0,0,success,success
cbf,cbf,diagonal_primary,142,96,1,1,0,0,success,success
cbf,cbf,diagonal_primary,142,97,1,1,0,0,success,success
cbf,cbf,diagonal_primary,142,98,1,1,0,0,success,success
cbf,cbf,diagonal_primary,142,99,1,1,0,0,success,success
cbf,cbf,diagonal_primary,142,100,1,1,0,0,success,success
cbf,cbf,diagonal_primary,142,101,1,1,0,0,success,success
cbf,cbf,diagonal_primary,142,102,1,1,0,0,success,success
cbf,cbf,diagonal_primary,142,103,1,1,0,0,success,success
cbf,cbf,diagonal_primary,142,104,1,1,0,0,success,success
cbf,cbf,diagonal_primary,142,105,1,1,0,0,success,success
cbf,cbf,diagonal_primary,142,106,1,1,0,0,success,success
cbf,cbf,diagonal_primary,142,107,1,1,0,0,success,success
cbf,cbf,diagonal_primary,142,108,1,1,0,0,success,success
cbf,cbf,diagonal_primary,142,109,1,1,0,0,success,success
cbf,cbf,diagonal_primary,142,110,1,1,0,0,success,success
cbf,cbf,diagonal_primary,142,111,1,1,0,0,success,success
cbf,cbf,diagonal_primary,142,112,1,1,0,0,success,success
cbf,cbf,diagonal_primary,142,113,1,1,0,0,success,success
cbf,cbf,diagonal_primary,142,114,1,1,0,0,success,success
cbf,cbf,diagonal_primary,142,115,1,1,0,0,success,success
cbf,cbf,diagonal_primary,142,116,1,1,0,0,success,success
cbf,cbf,diagonal_primary,142,117,1,1,0,0,success,success
cbf,cbf,diagonal_primary,142,118,0,1,1,0,lateral_heading_drift,success
cbf,cbf,diagonal_primary,142,119,1,1,0,0,success,success
cbf,cbf,diagonal_primary,142,120,1,1,0,0,success,success
cbf,cbf,diagonal_primary,142,121,1,1,0,0,success,success
cbf,cbf,diagonal_primary,142,122,1,1,0,0,success,success
cbf,cbf,diagonal_primary,142,123,1,1,0,0,success,success
cbf,cbf,diagonal_primary,142,124,1,1,0,0,success,success
cbf,cbf,diagonal_primary,142,125,1,1,0,0,success,success
cbf,cbf,diagonal_primary,142,126,1,1,0,0,success,success
cbf,cbf,diagonal_primary,142,127,1,1,0,0,success,success
cbf,cbf,diagonal_primary,142,128,0,0,1,1,non_lateral_high_cbf_demand,lateral_heading_drift
cbf,cbf,diagonal_primary,142,129,0,0,1,1,non_lateral_high_cbf_demand,non_lateral_high_cbf_demand
cbf,cbf,diagonal_primary,142,130,0,0,1,1,non_lateral_high_cbf_demand,non_lateral_high_cbf_demand
cbf,cbf,diagonal_primary,142,131,0,0,1,1,lateral_heading_drift,non_lateral_balance_or_phase
cbf,cbf,diagonal_primary,142,132,0,0,1,1,non_lateral_high_cbf_demand,non_lateral_balance_or_phase
cbf,cbf,diagonal_primary,142,133,0,0,1,1,lateral_heading_drift,non_lateral_high_cbf_demand
cbf,cbf,diagonal_primary,142,134,0,0,1,1,non_lateral_high_cbf_demand,non_lateral_high_cbf_demand
cbf,cbf,diagonal_primary,142,135,0,0,1,1,non_lateral_high_cbf_demand,non_lateral_balance_or_phase
cbf,cbf,diagonal_primary,142,136,0,0,1,1,non_lateral_high_cbf_demand,non_lateral_balance_or_phase
cbf,cbf,diagonal_primary,142,137,0,0,1,1,non_lateral_high_cbf_demand,lateral_heading_drift
cbf,cbf,diagonal_primary,142,138,0,0,1,1,non_lateral_high_cbf_demand,lateral_heading_drift
cbf,cbf,diagonal_primary,142,139,0,0,1,1,non_lateral_high_cbf_demand,non_lateral_high_cbf_demand
cbf,cbf,diagonal_primary,142,140,0,0,1,1,non_lateral_high_cbf_demand,non_lateral_high_cbf_demand
cbf,cbf,diagonal_primary,142,141,0,0,1,1,non_lateral_high_cbf_demand,non_lateral_high_cbf_demand
cbf,cbf,diagonal_primary,142,142,0,0,1,1,lateral_heading_drift,non_lateral_high_cbf_demand
cbf,cbf,diagonal_primary,142,143,0,0,1,1,non_lateral_high_cbf_demand,non_lateral_high_cbf_demand
cbf,cbf,diagonal_primary,142,144,0,1,1,0,non_lateral_high_cbf_demand,success
cbf,cbf,diagonal_primary,142,145,0,0,1,1,non_lateral_high_cbf_demand,lateral_heading_drift
cbf,cbf,diagonal_primary,142,146,0,1,1,0,non_lateral_high_cbf_demand,success
cbf,cbf,diagonal_primary,142,147,0,1,1,0,non_lateral_high_cbf_demand,success
cbf,cbf,diagonal_primary,142,148,0,1,1,0,non_lateral_high_cbf_demand,success
cbf,cbf,diagonal_primary,142,149,0,1,1,0,non_lateral_high_cbf_demand,success
cbf,cbf,diagonal_primary,142,150,0,1,1,0,non_lateral_high_cbf_demand,success
cbf,cbf,diagonal_primary,142,151,0,1,1,0,lateral_heading_drift,success
cbf,cbf,diagonal_primary,142,152,0,0,1,1,lateral_heading_drift,non_lateral_high_cbf_demand
cbf,cbf,diagonal_primary,142,153,0,1,1,0,non_lateral_high_cbf_demand,success
cbf,cbf,diagonal_primary,142,154,0,1,1,0,non_lateral_high_cbf_demand,success
cbf,cbf,diagonal_primary,142,155,0,1,1,0,lateral_heading_drift,success
cbf,cbf,diagonal_primary,142,156,1,0,0,1,success,non_lateral_high_cbf_demand
cbf,cbf,diagonal_primary,142,157,0,1,1,0,lateral_heading_drift,success
cbf,cbf,diagonal_primary,142,158,0,1,1,0,non_lateral_high_cbf_demand,success
cbf,cbf,diagonal_primary,142,159,1,1,0,0,success,success
cbf,cbf,diagonal_primary,142,160,1,0,0,1,success,lateral_heading_drift
cbf,cbf,diagonal_primary,142,161,1,1,0,0,success,success
cbf,cbf,diagonal_primary,142,162,1,1,0,0,success,success
cbf,cbf,diagonal_primary,142,163,1,1,0,0,success,success
cbf,cbf,diagonal_primary,142,164,1,1,0,0,success,success
cbf,cbf,diagonal_primary,142,165,1,1,0,0,success,success
cbf,cbf,diagonal_primary,142,166,1,1,0,0,success,success
cbf,cbf,diagonal_primary,142,167,1,1,0,0,success,success
cbf,cbf,diagonal_primary,142,168,1,1,0,0,success,success
cbf,cbf,diagonal_primary,142,169,1,0,0,1,success,non_lateral_high_cbf_demand
cbf,cbf,diagonal_primary,142,170,1,1,0,0,success,success
cbf,cbf,diagonal_primary,142,171,1,1,0,0,success,success
cbf,cbf,diagonal_primary,142,172,1,1,0,0,success,success
cbf,cbf,diagonal_primary,142,173,0,1,1,0,non_lateral_high_cbf_demand,success
cbf,cbf,diagonal_primary,142,174,1,1,0,0,success,success
cbf,cbf,diagonal_primary,142,175,1,1,0,0,success,success
cbf,cbf,diagonal_primary,142,176,1,1,0,0,success,success
cbf,cbf,diagonal_primary,142,177,1,1,0,0,success,success
cbf,cbf,diagonal_primary,142,178,1,1,0,0,success,success
cbf,cbf,diagonal_primary,142,179,1,1,0,0,success,success
cbf,cbf,diagonal_primary,142,180,1,1,0,0,success,success
cbf,cbf,diagonal_primary,142,181,1,1,0,0,success,success
cbf,cbf,diagonal_primary,142,182,1,1,0,0,success,success
cbf,cbf,diagonal_primary,142,183,1,1,0,0,success,success
cbf,cbf,diagonal_primary,142,184,1,1,0,0,success,success
cbf,cbf,diagonal_primary,142,185,1,1,0,0,success,success
cbf,cbf,diagonal_primary,142,186,1,1,0,0,success,success
cbf,cbf,diagonal_primary,142,187,1,1,0,0,success,success
cbf,cbf,diagonal_primary,142,188,0,1,1,0,non_lateral_high_cbf_demand,success
cbf,cbf,diagonal_primary,142,189,1,1,0,0,success,success
cbf,cbf,diagonal_primary,142,190,1,1,0,0,success,success
cbf,cbf,diagonal_primary,142,191,1,1,0,0,success,success
cbf,cbf,diagonal_primary,142,192,1,1,0,0,success,success
cbf,cbf,diagonal_primary,142,193,1,1,0,0,success,success
cbf,cbf,diagonal_primary,142,194,1,1,0,0,success,success
cbf,cbf,diagonal_primary,142,195,1,1,0,0,success,success
cbf,cbf,diagonal_primary,142,196,1,1,0,0,success,success
cbf,cbf,diagonal_primary,142,197,1,1,0,0,success,success
cbf,cbf,diagonal_primary,142,198,1,0,0,1,success,lateral_heading_drift
cbf,cbf,diagonal_primary,142,199,1,1,0,0,success,success
cbf,cbf,diagonal_primary,142,200,1,1,0,0,success,success
cbf,cbf,diagonal_primary,142,201,1,1,0,0,success,success
cbf,cbf,diagonal_primary,142,202,1,1,0,0,success,success
cbf,cbf,diagonal_primary,142,203,1,1,0,0,success,success
cbf,cbf,diagonal_primary,142,204,1,1,0,0,success,success
cbf,cbf,diagonal_primary,142,205,1,1,0,0,success,success
cbf,cbf,diagonal_primary,142,206,1,1,0,0,success,success
cbf,cbf,diagonal_primary,142,207,1,1,0,0,success,success
cbf,cbf,diagonal_primary,142,208,1,1,0,0,success,success
cbf,cbf,diagonal_primary,142,209,1,1,0,0,success,success
cbf,cbf,diagonal_primary,142,210,1,1,0,0,success,success
cbf,cbf,diagonal_primary,142,211,1,1,0,0,success,success
cbf,cbf,diagonal_primary,142,212,1,1,0,0,success,success
cbf,cbf,diagonal_primary,142,213,1,1,0,0,success,success
cbf,cbf,diagonal_primary,142,214,1,1,0,0,success,success
cbf,cbf,diagonal_primary,142,215,1,1,0,0,success,success
cbf,cbf,diagonal_primary,142,216,1,1,0,0,success,success
cbf,cbf,diagonal_primary,142,217,1,0,0,1,success,lateral_heading_drift
cbf,cbf,diagonal_primary,142,218,1,1,0,0,success,success
cbf,cbf,diagonal_primary,142,219,0,1,1,0,lateral_heading_drift,success
cbf,cbf,diagonal_primary,142,220,1,1,0,0,success,success
cbf,cbf,diagonal_primary,142,221,1,1,0,0,success,success
cbf,cbf,diagonal_primary,142,222,1,1,0,0,success,success
cbf,cbf,diagonal_primary,142,223,1,1,0,0,success,success
cbf,cbf,diagonal_primary,142,224,1,1,0,0,success,success
cbf,cbf,diagonal_primary,142,225,1,1,0,0,success,success
cbf,cbf,diagonal_primary,142,226,1,1,0,0,success,success
cbf,cbf,diagonal_primary,142,227,1,1,0,0,success,success
cbf,cbf,diagonal_primary,142,228,1,1,0,0,success,success
cbf,cbf,diagonal_primary,142,229,1,1,0,0,success,success
cbf,cbf,diagonal_primary,142,230,1,1,0,0,success,success
cbf,cbf,diagonal_primary,142,231,1,1,0,0,success,success
cbf,cbf,diagonal_primary,142,232,1,1,0,0,success,success
cbf,cbf,diagonal_primary,142,233,1,1,0,0,success,success
cbf,cbf,diagonal_primary,142,234,1,1,0,0,success,success
cbf,cbf,diagonal_primary,142,235,1,1,0,0,success,success
cbf,cbf,diagonal_primary,142,236,1,1,0,0,success,success
cbf,cbf,diagonal_primary,142,237,1,1,0,0,success,success
cbf,cbf,diagonal_primary,142,238,0,1,1,0,lateral_heading_drift,success
cbf,cbf,diagonal_primary,142,239,1,1,0,0,success,success
cbf,cbf,diagonal_primary,142,240,1,1,0,0,success,success
cbf,cbf,diagonal_primary,142,241,1,1,0,0,success,success
cbf,cbf,diagonal_primary,142,242,1,1,0,0,success,success
cbf,cbf,diagonal_primary,142,243,1,1,0,0,success,success
cbf,cbf,diagonal_primary,142,244,1,1,0,0,success,success
cbf,cbf,diagonal_primary,142,245,1,1,0,0,success,success
cbf,cbf,diagonal_primary,142,246,1,1,0,0,success,success
cbf,cbf,diagonal_primary,142,247,1,1,0,0,success,success
cbf,cbf,diagonal_primary,142,248,1,1,0,0,success,success
cbf,cbf,diagonal_primary,142,249,1,1,0,0,success,success
cbf,cbf,diagonal_primary,142,250,1,1,0,0,success,success
cbf,cbf,diagonal_primary,142,251,1,0,0,1,success,lateral_heading_drift
cbf,cbf,diagonal_primary,142,252,1,1,0,0,success,success
cbf,cbf,diagonal_primary,142,253,1,1,0,0,success,success
cbf,cbf,diagonal_primary,142,254,0,1,1,0,lateral_heading_drift,success
cbf,cbf,diagonal_primary,142,255,1,1,0,0,success,success
cbf,cbf,diagonal_primary,142,256,0,0,1,1,non_lateral_high_cbf_demand,non_lateral_balance_or_phase
cbf,cbf,diagonal_primary,142,257,0,0,1,1,non_lateral_high_cbf_demand,non_lateral_high_cbf_demand
cbf,cbf,diagonal_primary,142,258,0,0,1,1,non_lateral_high_cbf_demand,non_lateral_balance_or_phase
cbf,cbf,diagonal_primary,142,259,0,0,1,1,non_lateral_high_cbf_demand,non_lateral_high_cbf_demand
cbf,cbf,diagonal_primary,142,260,0,0,1,1,non_lateral_high_cbf_demand,non_lateral_high_cbf_demand
cbf,cbf,diagonal_primary,142,261,0,0,1,1,non_lateral_high_cbf_demand,non_lateral_high_cbf_demand
cbf,cbf,diagonal_primary,142,262,0,0,1,1,non_lateral_high_cbf_demand,non_lateral_high_cbf_demand
cbf,cbf,diagonal_primary,142,263,0,0,1,1,non_lateral_high_cbf_demand,non_lateral_high_cbf_demand
cbf,cbf,diagonal_primary,142,264,0,0,1,1,non_lateral_high_cbf_demand,non_lateral_high_cbf_demand
cbf,cbf,diagonal_primary,142,265,0,0,1,1,non_lateral_high_cbf_demand,non_lateral_high_cbf_demand
cbf,cbf,diagonal_primary,142,266,0,0,1,1,lateral_heading_drift,non_lateral_high_cbf_demand
cbf,cbf,diagonal_primary,142,267,0,0,1,1,non_lateral_high_cbf_demand,non_lateral_high_cbf_demand
cbf,cbf,diagonal_primary,142,268,0,0,1,1,non_lateral_high_cbf_demand,non_lateral_high_cbf_demand
cbf,cbf,diagonal_primary,142,269,0,0,1,1,non_lateral_high_cbf_demand,non_lateral_high_cbf_demand
cbf,cbf,diagonal_primary,142,270,0,0,1,1,non_lateral_high_cbf_demand,non_lateral_high_cbf_demand
cbf,cbf,diagonal_primary,142,271,0,0,1,1,non_lateral_high_cbf_demand,non_lateral_high_cbf_demand
cbf,cbf,diagonal_primary,142,272,0,0,1,1,non_lateral_high_cbf_demand,lateral_heading_drift
cbf,cbf,diagonal_primary,142,273,0,0,1,1,non_lateral_high_cbf_demand,non_lateral_high_cbf_demand
cbf,cbf,diagonal_primary,142,274,0,0,1,1,non_lateral_high_cbf_demand,non_lateral_high_cbf_demand
cbf,cbf,diagonal_primary,142,275,0,1,1,0,lateral_heading_drift,success
cbf,cbf,diagonal_primary,142,276,0,0,1,1,non_lateral_high_cbf_demand,non_lateral_high_cbf_demand
cbf,cbf,diagonal_primary,142,277,1,0,0,1,success,non_lateral_high_cbf_demand
cbf,cbf,diagonal_primary,142,278,1,0,0,1,success,non_lateral_high_cbf_demand
cbf,cbf,diagonal_primary,142,279,0,0,1,1,non_lateral_balance_or_phase,non_lateral_high_cbf_demand
cbf,cbf,diagonal_primary,142,280,1,0,0,1,success,non_lateral_balance_or_phase
cbf,cbf,diagonal_primary,142,281,1,0,0,1,success,non_lateral_high_cbf_demand
cbf,cbf,diagonal_primary,142,282,1,1,0,0,success,success
cbf,cbf,diagonal_primary,142,283,1,0,0,1,success,non_lateral_high_cbf_demand
cbf,cbf,diagonal_primary,142,284,1,1,0,0,success,success
cbf,cbf,diagonal_primary,142,285,1,1,0,0,success,success
cbf,cbf,diagonal_primary,142,286,1,1,0,0,success,success
cbf,cbf,diagonal_primary,142,287,1,1,0,0,success,success
cbf,cbf,diagonal_primary,142,288,1,1,0,0,success,success
cbf,cbf,diagonal_primary,142,289,1,1,0,0,success,success
cbf,cbf,diagonal_primary,142,290,1,1,0,0,success,success
cbf,cbf,diagonal_primary,142,291,1,1,0,0,success,success
cbf,cbf,diagonal_primary,142,292,1,1,0,0,success,success
cbf,cbf,diagonal_primary,142,293,1,1,0,0,success,success
cbf,cbf,diagonal_primary,142,294,1,1,0,0,success,success
cbf,cbf,diagonal_primary,142,295,1,1,0,0,success,success
cbf,cbf,diagonal_primary,142,296,1,1,0,0,success,success
cbf,cbf,diagonal_primary,142,297,1,1,0,0,success,success
cbf,cbf,diagonal_primary,142,298,1,1,0,0,success,success
cbf,cbf,diagonal_primary,142,299,1,1,0,0,success,success
cbf,cbf,diagonal_primary,142,300,1,1,0,0,success,success
cbf,cbf,diagonal_primary,142,301,1,1,0,0,success,success
cbf,cbf,diagonal_primary,142,302,1,0,0,1,success,non_lateral_high_cbf_demand
cbf,cbf,diagonal_primary,142,303,1,1,0,0,success,success
cbf,cbf,diagonal_primary,142,304,1,1,0,0,success,success
cbf,cbf,diagonal_primary,142,305,1,1,0,0,success,success
cbf,cbf,diagonal_primary,142,306,1,1,0,0,success,success
cbf,cbf,diagonal_primary,142,307,1,1,0,0,success,success
cbf,cbf,diagonal_primary,142,308,1,1,0,0,success,success
cbf,cbf,diagonal_primary,142,309,1,1,0,0,success,success
cbf,cbf,diagonal_primary,142,310,1,1,0,0,success,success
cbf,cbf,diagonal_primary,142,311,1,1,0,0,success,success
cbf,cbf,diagonal_primary,142,312,1,1,0,0,success,success
cbf,cbf,diagonal_primary,142,313,1,1,0,0,success,success
cbf,cbf,diagonal_primary,142,314,1,1,0,0,success,success
cbf,cbf,diagonal_primary,142,315,1,1,0,0,success,success
cbf,cbf,diagonal_primary,142,316,1,1,0,0,success,success
cbf,cbf,diagonal_primary,142,317,1,1,0,0,success,success
cbf,cbf,diagonal_primary,142,318,1,1,0,0,success,success
cbf,cbf,diagonal_primary,142,319,1,1,0,0,success,success
cbf,cbf,diagonal_primary,142,320,1,1,0,0,success,success
cbf,cbf,diagonal_primary,142,321,1,1,0,0,success,success
cbf,cbf,diagonal_primary,142,322,1,1,0,0,success,success
cbf,cbf,diagonal_primary,142,323,1,1,0,0,success,success
cbf,cbf,diagonal_primary,142,324,1,1,0,0,success,success
cbf,cbf,diagonal_primary,142,325,1,1,0,0,success,success
cbf,cbf,diagonal_primary,142,326,0,1,1,0,lateral_heading_drift,success
cbf,cbf,diagonal_primary,142,327,1,1,0,0,success,success
cbf,cbf,diagonal_primary,142,328,1,1,0,0,success,success
cbf,cbf,diagonal_primary,142,329,1,1,0,0,success,success
cbf,cbf,diagonal_primary,142,330,0,1,1,0,lateral_heading_drift,success
cbf,cbf,diagonal_primary,142,331,1,1,0,0,success,success
cbf,cbf,diagonal_primary,142,332,1,1,0,0,success,success
cbf,cbf,diagonal_primary,142,333,1,1,0,0,success,success
cbf,cbf,diagonal_primary,142,334,1,1,0,0,success,success
cbf,cbf,diagonal_primary,142,335,1,1,0,0,success,success
cbf,cbf,diagonal_primary,142,336,1,1,0,0,success,success
cbf,cbf,diagonal_primary,142,337,1,1,0,0,success,success
cbf,cbf,diagonal_primary,142,338,1,1,0,0,success,success
cbf,cbf,diagonal_primary,142,339,1,1,0,0,success,success
cbf,cbf,diagonal_primary,142,340,1,1,0,0,success,success
cbf,cbf,diagonal_primary,142,341,1,1,0,0,success,success
cbf,cbf,diagonal_primary,142,342,1,1,0,0,success,success
cbf,cbf,diagonal_primary,142,343,1,1,0,0,success,success
cbf,cbf,diagonal_primary,142,344,1,1,0,0,success,success
cbf,cbf,diagonal_primary,142,345,1,1,0,0,success,success
cbf,cbf,diagonal_primary,142,346,1,1,0,0,success,success
cbf,cbf,diagonal_primary,142,347,1,1,0,0,success,success
cbf,cbf,diagonal_primary,142,348,1,1,0,0,success,success
cbf,cbf,diagonal_primary,142,349,1,1,0,0,success,success
cbf,cbf,diagonal_primary,142,350,1,1,0,0,success,success
cbf,cbf,diagonal_primary,142,351,1,1,0,0,success,success
cbf,cbf,diagonal_primary,142,352,1,1,0,0,success,success
cbf,cbf,diagonal_primary,142,353,1,1,0,0,success,success
cbf,cbf,diagonal_primary,142,354,1,1,0,0,success,success
cbf,cbf,diagonal_primary,142,355,1,1,0,0,success,success
cbf,cbf,diagonal_primary,142,356,1,1,0,0,success,success
cbf,cbf,diagonal_primary,142,357,1,1,0,0,success,success
cbf,cbf,diagonal_primary,142,358,1,1,0,0,success,success
cbf,cbf,diagonal_primary,142,359,1,1,0,0,success,success
cbf,cbf,diagonal_primary,142,360,1,1,0,0,success,success
cbf,cbf,diagonal_primary,142,361,1,1,0,0,success,success
cbf,cbf,diagonal_primary,142,362,1,1,0,0,success,success
cbf,cbf,diagonal_primary,142,363,1,1,0,0,success,success
cbf,cbf,diagonal_primary,142,364,1,0,0,1,success,lateral_heading_drift
cbf,cbf,diagonal_primary,142,365,1,1,0,0,success,success
cbf,cbf,diagonal_primary,142,366,1,1,0,0,success,success
cbf,cbf,diagonal_primary,142,367,1,1,0,0,success,success
cbf,cbf,diagonal_primary,142,368,1,1,0,0,success,success
cbf,cbf,diagonal_primary,142,369,1,1,0,0,success,success
cbf,cbf,diagonal_primary,142,370,1,1,0,0,success,success
cbf,cbf,diagonal_primary,142,371,1,1,0,0,success,success
cbf,cbf,diagonal_primary,142,372,1,1,0,0,success,success
cbf,cbf,diagonal_primary,142,373,1,1,0,0,success,success
cbf,cbf,diagonal_primary,142,374,1,1,0,0,success,success
cbf,cbf,diagonal_primary,142,375,1,1,0,0,success,success
cbf,cbf,diagonal_primary,142,376,1,1,0,0,success,success
cbf,cbf,diagonal_primary,142,377,1,1,0,0,success,success
cbf,cbf,diagonal_primary,142,378,1,1,0,0,success,success
cbf,cbf,diagonal_primary,142,379,1,0,0,1,success,lateral_heading_drift
cbf,cbf,diagonal_primary,142,380,1,1,0,0,success,success
cbf,cbf,diagonal_primary,142,381,1,1,0,0,success,success
cbf,cbf,diagonal_primary,142,382,1,1,0,0,success,success
cbf,cbf,diagonal_primary,142,383,1,1,0,0,success,success
cbf,cbf,diagonal_primary,142,384,0,0,1,1,non_lateral_balance_or_phase,non_lateral_high_cbf_demand
cbf,cbf,diagonal_primary,142,385,0,0,1,1,non_lateral_high_cbf_demand,non_lateral_high_cbf_demand
cbf,cbf,diagonal_primary,142,386,0,0,1,1,non_lateral_high_cbf_demand,non_lateral_balance_or_phase
cbf,cbf,diagonal_primary,142,387,0,0,1,1,non_lateral_high_cbf_demand,non_lateral_high_cbf_demand
cbf,cbf,diagonal_primary,142,388,0,0,1,1,non_lateral_high_cbf_demand,non_lateral_high_cbf_demand
cbf,cbf,diagonal_primary,142,389,0,0,1,1,non_lateral_balance_or_phase,non_lateral_high_cbf_demand
cbf,cbf,diagonal_primary,142,390,0,0,1,1,non_lateral_high_cbf_demand,non_lateral_high_cbf_demand
cbf,cbf,diagonal_primary,142,391,0,0,1,1,non_lateral_balance_or_phase,non_lateral_high_cbf_demand
cbf,cbf,diagonal_primary,142,392,0,0,1,1,non_lateral_high_cbf_demand,non_lateral_high_cbf_demand
cbf,cbf,diagonal_primary,142,393,0,0,1,1,non_lateral_high_cbf_demand,non_lateral_high_cbf_demand
cbf,cbf,diagonal_primary,142,394,0,0,1,1,non_lateral_high_cbf_demand,non_lateral_high_cbf_demand
cbf,cbf,diagonal_primary,142,395,0,0,1,1,non_lateral_high_cbf_demand,non_lateral_high_cbf_demand
cbf,cbf,diagonal_primary,142,396,0,0,1,1,non_lateral_high_cbf_demand,non_lateral_high_cbf_demand
cbf,cbf,diagonal_primary,142,397,0,0,1,1,non_lateral_high_cbf_demand,lateral_heading_drift
cbf,cbf,diagonal_primary,142,398,0,0,1,1,non_lateral_high_cbf_demand,non_lateral_high_cbf_demand
cbf,cbf,diagonal_primary,142,399,0,0,1,1,non_lateral_high_cbf_demand,non_lateral_high_cbf_demand
cbf,cbf,diagonal_primary,142,400,0,0,1,1,non_lateral_high_cbf_demand,non_lateral_high_cbf_demand
cbf,cbf,diagonal_primary,142,401,0,0,1,1,non_lateral_high_cbf_demand,non_lateral_high_cbf_demand
cbf,cbf,diagonal_primary,142,402,0,0,1,1,lateral_heading_drift,non_lateral_high_cbf_demand
cbf,cbf,diagonal_primary,142,403,0,0,1,1,lateral_heading_drift,non_lateral_high_cbf_demand
cbf,cbf,diagonal_primary,142,404,0,0,1,1,non_lateral_high_cbf_demand,non_lateral_high_cbf_demand
cbf,cbf,diagonal_primary,142,405,0,0,1,1,non_lateral_high_cbf_demand,non_lateral_high_cbf_demand
cbf,cbf,diagonal_primary,142,406,0,0,1,1,non_lateral_high_cbf_demand,non_lateral_high_cbf_demand
cbf,cbf,diagonal_primary,142,407,0,0,1,1,non_lateral_high_cbf_demand,non_lateral_high_cbf_demand
cbf,cbf,diagonal_primary,142,408,0,1,1,0,non_lateral_high_cbf_demand,success
cbf,cbf,diagonal_primary,142,409,1,0,0,1,success,non_lateral_high_cbf_demand
cbf,cbf,diagonal_primary,142,410,0,1,1,0,non_lateral_high_cbf_demand,success
cbf,cbf,diagonal_primary,142,411,1,1,0,0,success,success
cbf,cbf,diagonal_primary,142,412,1,1,0,0,success,success
cbf,cbf,diagonal_primary,142,413,1,0,0,1,success,non_lateral_high_cbf_demand
cbf,cbf,diagonal_primary,142,414,1,1,0,0,success,success
cbf,cbf,diagonal_primary,142,415,1,1,0,0,success,success
cbf,cbf,diagonal_primary,142,416,1,1,0,0,success,success
cbf,cbf,diagonal_primary,142,417,1,0,0,1,success,non_lateral_high_cbf_demand
cbf,cbf,diagonal_primary,142,418,1,1,0,0,success,success
cbf,cbf,diagonal_primary,142,419,1,1,0,0,success,success
cbf,cbf,diagonal_primary,142,420,1,1,0,0,success,success
cbf,cbf,diagonal_primary,142,421,1,1,0,0,success,success
cbf,cbf,diagonal_primary,142,422,1,1,0,0,success,success
cbf,cbf,diagonal_primary,142,423,1,1,0,0,success,success
cbf,cbf,diagonal_primary,142,424,1,1,0,0,success,success
cbf,cbf,diagonal_primary,142,425,1,1,0,0,success,success
cbf,cbf,diagonal_primary,142,426,1,1,0,0,success,success
cbf,cbf,diagonal_primary,142,427,1,1,0,0,success,success
cbf,cbf,diagonal_primary,142,428,1,1,0,0,success,success
cbf,cbf,diagonal_primary,142,429,1,1,0,0,success,success
cbf,cbf,diagonal_primary,142,430,1,1,0,0,success,success
cbf,cbf,diagonal_primary,142,431,1,1,0,0,success,success
cbf,cbf,diagonal_primary,142,432,1,1,0,0,success,success
cbf,cbf,diagonal_primary,142,433,1,1,0,0,success,success
cbf,cbf,diagonal_primary,142,434,1,1,0,0,success,success
cbf,cbf,diagonal_primary,142,435,1,1,0,0,success,success
cbf,cbf,diagonal_primary,142,436,1,1,0,0,success,success
cbf,cbf,diagonal_primary,142,437,1,0,0,1,success,non_lateral_balance_or_phase
cbf,cbf,diagonal_primary,142,438,1,1,0,0,success,success
cbf,cbf,diagonal_primary,142,439,1,1,0,0,success,success
cbf,cbf,diagonal_primary,142,440,1,1,0,0,success,success
cbf,cbf,diagonal_primary,142,441,1,1,0,0,success,success
cbf,cbf,diagonal_primary,142,442,1,1,0,0,success,success
cbf,cbf,diagonal_primary,142,443,1,1,0,0,success,success
cbf,cbf,diagonal_primary,142,444,1,1,0,0,success,success
cbf,cbf,diagonal_primary,142,445,1,1,0,0,success,success
cbf,cbf,diagonal_primary,142,446,1,1,0,0,success,success
cbf,cbf,diagonal_primary,142,447,1,1,0,0,success,success
cbf,cbf,diagonal_primary,142,448,1,1,0,0,success,success
cbf,cbf,diagonal_primary,142,449,1,1,0,0,success,success
cbf,cbf,diagonal_primary,142,450,1,1,0,0,success,success
cbf,cbf,diagonal_primary,142,451,1,1,0,0,success,success
cbf,cbf,diagonal_primary,142,452,1,1,0,0,success,success
cbf,cbf,diagonal_primary,142,453,1,1,0,0,success,success
cbf,cbf,diagonal_primary,142,454,1,1,0,0,success,success
cbf,cbf,diagonal_primary,142,455,1,1,0,0,success,success
cbf,cbf,diagonal_primary,142,456,1,1,0,0,success,success
cbf,cbf,diagonal_primary,142,457,1,1,0,0,success,success
cbf,cbf,diagonal_primary,142,458,1,1,0,0,success,success
cbf,cbf,diagonal_primary,142,459,1,1,0,0,success,success
cbf,cbf,diagonal_primary,142,460,1,1,0,0,success,success
cbf,cbf,diagonal_primary,142,461,1,1,0,0,success,success
cbf,cbf,diagonal_primary,142,462,1,1,0,0,success,success
cbf,cbf,diagonal_primary,142,463,1,0,0,1,success,lateral_heading_drift
cbf,cbf,diagonal_primary,142,464,1,1,0,0,success,success
cbf,cbf,diagonal_primary,142,465,1,0,0,1,success,lateral_heading_drift
cbf,cbf,diagonal_primary,142,466,1,1,0,0,success,success
cbf,cbf,diagonal_primary,142,467,1,1,0,0,success,success
cbf,cbf,diagonal_primary,142,468,1,1,0,0,success,success
cbf,cbf,diagonal_primary,142,469,1,1,0,0,success,success
cbf,cbf,diagonal_primary,142,470,1,1,0,0,success,success
cbf,cbf,diagonal_primary,142,471,1,1,0,0,success,success
cbf,cbf,diagonal_primary,142,472,1,1,0,0,success,success
cbf,cbf,diagonal_primary,142,473,1,1,0,0,success,success
cbf,cbf,diagonal_primary,142,474,1,1,0,0,success,success
cbf,cbf,diagonal_primary,142,475,1,1,0,0,success,success
cbf,cbf,diagonal_primary,142,476,1,1,0,0,success,success
cbf,cbf,diagonal_primary,142,477,1,1,0,0,success,success
cbf,cbf,diagonal_primary,142,478,1,1,0,0,success,success
cbf,cbf,diagonal_primary,142,479,1,1,0,0,success,success
cbf,cbf,diagonal_primary,142,480,1,1,0,0,success,success
cbf,cbf,diagonal_primary,142,481,1,1,0,0,success,success
cbf,cbf,diagonal_primary,142,482,1,1,0,0,success,success
cbf,cbf,diagonal_primary,142,483,1,1,0,0,success,success
cbf,cbf,diagonal_primary,142,484,1,1,0,0,success,success
cbf,cbf,diagonal_primary,142,485,1,1,0,0,success,success
cbf,cbf,diagonal_primary,142,486,1,1,0,0,success,success
cbf,cbf,diagonal_primary,142,487,1,1,0,0,success,success
cbf,cbf,diagonal_primary,142,488,1,1,0,0,success,success
cbf,cbf,diagonal_primary,142,489,1,1,0,0,success,success
cbf,cbf,diagonal_primary,142,490,1,1,0,0,success,success
cbf,cbf,diagonal_primary,142,491,1,1,0,0,success,success
cbf,cbf,diagonal_primary,142,492,1,1,0,0,success,success
cbf,cbf,diagonal_primary,142,493,1,1,0,0,success,success
cbf,cbf,diagonal_primary,142,494,1,1,0,0,success,success
cbf,cbf,diagonal_primary,142,495,1,1,0,0,success,success
cbf,cbf,diagonal_primary,142,496,1,1,0,0,success,success
cbf,cbf,diagonal_primary,142,497,1,1,0,0,success,success
cbf,cbf,diagonal_primary,142,498,1,1,0,0,success,success
cbf,cbf,diagonal_primary,142,499,1,1,0,0,success,success
cbf,cbf,diagonal_primary,142,500,1,1,0,0,success,success
cbf,cbf,diagonal_primary,142,501,1,1,0,0,success,success
cbf,cbf,diagonal_primary,142,502,1,1,0,0,success,success
cbf,cbf,diagonal_primary,142,503,1,1,0,0,success,success
cbf,cbf,diagonal_primary,142,504,1,1,0,0,success,success
cbf,cbf,diagonal_primary,142,505,1,1,0,0,success,success
cbf,cbf,diagonal_primary,142,506,1,1,0,0,success,success
cbf,cbf,diagonal_primary,142,507,1,1,0,0,success,success
cbf,cbf,diagonal_primary,142,508,1,1,0,0,success,success
cbf,cbf,diagonal_primary,142,509,0,1,1,0,non_lateral_high_cbf_demand,success
cbf,cbf,diagonal_primary,142,510,1,1,0,0,success,success
cbf,cbf,diagonal_primary,142,511,1,0,0,1,success,lateral_heading_drift
cbf,balance,off_diagonal_report_only,142,0,0,0,1,1,non_lateral_balance_or_phase,non_lateral_balance_or_phase
cbf,balance,off_diagonal_report_only,142,1,0,0,1,1,non_lateral_balance_or_phase,non_lateral_high_cbf_demand
cbf,balance,off_diagonal_report_only,142,2,0,0,1,1,non_lateral_balance_or_phase,non_lateral_balance_or_phase
cbf,balance,off_diagonal_report_only,142,3,0,0,1,1,non_lateral_balance_or_phase,non_lateral_balance_or_phase
cbf,balance,off_diagonal_report_only,142,4,0,0,1,1,lateral_heading_drift,non_lateral_balance_or_phase
cbf,balance,off_diagonal_report_only,142,5,0,0,1,1,non_lateral_balance_or_phase,non_lateral_balance_or_phase
cbf,balance,off_diagonal_report_only,142,6,0,0,1,1,lateral_heading_drift,non_lateral_balance_or_phase
cbf,balance,off_diagonal_report_only,142,7,0,0,1,1,non_lateral_balance_or_phase,non_lateral_high_cbf_demand
cbf,balance,off_diagonal_report_only,142,8,0,0,1,1,lateral_heading_drift,non_lateral_balance_or_phase
cbf,balance,off_diagonal_report_only,142,9,0,0,1,1,non_lateral_balance_or_phase,non_lateral_high_cbf_demand
cbf,balance,off_diagonal_report_only,142,10,0,0,1,1,non_lateral_balance_or_phase,lateral_heading_drift
cbf,balance,off_diagonal_report_only,142,11,0,0,1,1,lateral_heading_drift,non_lateral_high_cbf_demand
cbf,balance,off_diagonal_report_only,142,12,0,0,1,1,lateral_heading_drift,non_lateral_balance_or_phase
cbf,balance,off_diagonal_report_only,142,13,0,0,1,1,non_lateral_balance_or_phase,non_lateral_balance_or_phase
cbf,balance,off_diagonal_report_only,142,14,0,0,1,1,non_lateral_balance_or_phase,non_lateral_balance_or_phase
cbf,balance,off_diagonal_report_only,142,15,0,0,1,1,non_lateral_balance_or_phase,non_lateral_high_cbf_demand
cbf,balance,off_diagonal_report_only,142,16,0,0,1,1,non_lateral_balance_or_phase,lateral_heading_drift
cbf,balance,off_diagonal_report_only,142,17,0,0,1,1,non_lateral_high_cbf_demand,non_lateral_high_cbf_demand
cbf,balance,off_diagonal_report_only,142,18,0,1,1,0,non_lateral_high_cbf_demand,success
cbf,balance,off_diagonal_report_only,142,19,0,0,1,1,non_lateral_balance_or_phase,non_lateral_high_cbf_demand
cbf,balance,off_diagonal_report_only,142,20,0,1,1,0,non_lateral_high_cbf_demand,success
cbf,balance,off_diagonal_report_only,142,21,0,1,1,0,non_lateral_high_cbf_demand,success
cbf,balance,off_diagonal_report_only,142,22,0,1,1,0,non_lateral_high_cbf_demand,success
cbf,balance,off_diagonal_report_only,142,23,0,0,1,1,non_lateral_balance_or_phase,non_lateral_balance_or_phase
cbf,balance,off_diagonal_report_only,142,24,0,1,1,0,non_lateral_balance_or_phase,success
cbf,balance,off_diagonal_report_only,142,25,0,1,1,0,non_lateral_balance_or_phase,success
cbf,balance,off_diagonal_report_only,142,26,0,1,1,0,non_lateral_high_cbf_demand,success
cbf,balance,off_diagonal_report_only,142,27,1,1,0,0,success,success
cbf,balance,off_diagonal_report_only,142,28,1,0,0,1,success,non_lateral_high_cbf_demand
cbf,balance,off_diagonal_report_only,142,29,0,1,1,0,non_lateral_balance_or_phase,success
cbf,balance,off_diagonal_report_only,142,30,1,1,0,0,success,success
cbf,balance,off_diagonal_report_only,142,31,1,1,0,0,success,success
cbf,balance,off_diagonal_report_only,142,32,1,1,0,0,success,success
cbf,balance,off_diagonal_report_only,142,33,1,1,0,0,success,success
cbf,balance,off_diagonal_report_only,142,34,1,1,0,0,success,success
cbf,balance,off_diagonal_report_only,142,35,1,1,0,0,success,success
cbf,balance,off_diagonal_report_only,142,36,1,1,0,0,success,success
cbf,balance,off_diagonal_report_only,142,37,1,1,0,0,success,success
cbf,balance,off_diagonal_report_only,142,38,1,1,0,0,success,success
cbf,balance,off_diagonal_report_only,142,39,1,1,0,0,success,success
cbf,balance,off_diagonal_report_only,142,40,1,1,0,0,success,success
cbf,balance,off_diagonal_report_only,142,41,1,0,0,1,success,lateral_heading_drift
cbf,balance,off_diagonal_report_only,142,42,1,1,0,0,success,success
cbf,balance,off_diagonal_report_only,142,43,1,1,0,0,success,success
cbf,balance,off_diagonal_report_only,142,44,1,1,0,0,success,success
cbf,balance,off_diagonal_report_only,142,45,1,1,0,0,success,success
cbf,balance,off_diagonal_report_only,142,46,1,1,0,0,success,success
cbf,balance,off_diagonal_report_only,142,47,0,1,1,0,non_lateral_balance_or_phase,success
cbf,balance,off_diagonal_report_only,142,48,1,1,0,0,success,success
cbf,balance,off_diagonal_report_only,142,49,1,1,0,0,success,success
cbf,balance,off_diagonal_report_only,142,50,1,1,0,0,success,success
cbf,balance,off_diagonal_report_only,142,51,1,1,0,0,success,success
cbf,balance,off_diagonal_report_only,142,52,1,1,0,0,success,success
cbf,balance,off_diagonal_report_only,142,53,1,1,0,0,success,success
cbf,balance,off_diagonal_report_only,142,54,1,1,0,0,success,success
cbf,balance,off_diagonal_report_only,142,55,1,1,0,0,success,success
cbf,balance,off_diagonal_report_only,142,56,1,1,0,0,success,success
cbf,balance,off_diagonal_report_only,142,57,1,1,0,0,success,success
cbf,balance,off_diagonal_report_only,142,58,1,1,0,0,success,success
cbf,balance,off_diagonal_report_only,142,59,1,1,0,0,success,success
cbf,balance,off_diagonal_report_only,142,60,1,1,0,0,success,success
cbf,balance,off_diagonal_report_only,142,61,0,1,1,0,lateral_heading_drift,success
cbf,balance,off_diagonal_report_only,142,62,0,1,1,0,non_lateral_high_cbf_demand,success
cbf,balance,off_diagonal_report_only,142,63,1,1,0,0,success,success
cbf,balance,off_diagonal_report_only,142,64,1,1,0,0,success,success
cbf,balance,off_diagonal_report_only,142,65,1,1,0,0,success,success
cbf,balance,off_diagonal_report_only,142,66,1,1,0,0,success,success
cbf,balance,off_diagonal_report_only,142,67,1,1,0,0,success,success
cbf,balance,off_diagonal_report_only,142,68,1,1,0,0,success,success
cbf,balance,off_diagonal_report_only,142,69,1,1,0,0,success,success
cbf,balance,off_diagonal_report_only,142,70,1,1,0,0,success,success
cbf,balance,off_diagonal_report_only,142,71,1,1,0,0,success,success
cbf,balance,off_diagonal_report_only,142,72,1,1,0,0,success,success
cbf,balance,off_diagonal_report_only,142,73,1,1,0,0,success,success
cbf,balance,off_diagonal_report_only,142,74,1,1,0,0,success,success
cbf,balance,off_diagonal_report_only,142,75,1,1,0,0,success,success
cbf,balance,off_diagonal_report_only,142,76,1,1,0,0,success,success
cbf,balance,off_diagonal_report_only,142,77,1,1,0,0,success,success
cbf,balance,off_diagonal_report_only,142,78,1,1,0,0,success,success
cbf,balance,off_diagonal_report_only,142,79,0,1,1,0,non_lateral_balance_or_phase,success
cbf,balance,off_diagonal_report_only,142,80,1,1,0,0,success,success
cbf,balance,off_diagonal_report_only,142,81,1,1,0,0,success,success
cbf,balance,off_diagonal_report_only,142,82,1,1,0,0,success,success
cbf,balance,off_diagonal_report_only,142,83,1,1,0,0,success,success
cbf,balance,off_diagonal_report_only,142,84,1,1,0,0,success,success
cbf,balance,off_diagonal_report_only,142,85,1,1,0,0,success,success
cbf,balance,off_diagonal_report_only,142,86,1,1,0,0,success,success
cbf,balance,off_diagonal_report_only,142,87,0,1,1,0,lateral_heading_drift,success
cbf,balance,off_diagonal_report_only,142,88,1,1,0,0,success,success
cbf,balance,off_diagonal_report_only,142,89,1,1,0,0,success,success
cbf,balance,off_diagonal_report_only,142,90,1,1,0,0,success,success
cbf,balance,off_diagonal_report_only,142,91,1,1,0,0,success,success
cbf,balance,off_diagonal_report_only,142,92,1,1,0,0,success,success
cbf,balance,off_diagonal_report_only,142,93,1,1,0,0,success,success
cbf,balance,off_diagonal_report_only,142,94,1,1,0,0,success,success
cbf,balance,off_diagonal_report_only,142,95,1,1,0,0,success,success
cbf,balance,off_diagonal_report_only,142,96,1,1,0,0,success,success
cbf,balance,off_diagonal_report_only,142,97,1,1,0,0,success,success
cbf,balance,off_diagonal_report_only,142,98,1,1,0,0,success,success
cbf,balance,off_diagonal_report_only,142,99,1,0,0,1,success,lateral_heading_drift
cbf,balance,off_diagonal_report_only,142,100,1,1,0,0,success,success
cbf,balance,off_diagonal_report_only,142,101,1,1,0,0,success,success
cbf,balance,off_diagonal_report_only,142,102,1,1,0,0,success,success
cbf,balance,off_diagonal_report_only,142,103,1,1,0,0,success,success
cbf,balance,off_diagonal_report_only,142,104,1,1,0,0,success,success
cbf,balance,off_diagonal_report_only,142,105,1,1,0,0,success,success
cbf,balance,off_diagonal_report_only,142,106,1,1,0,0,success,success
cbf,balance,off_diagonal_report_only,142,107,1,1,0,0,success,success
cbf,balance,off_diagonal_report_only,142,108,1,1,0,0,success,success
cbf,balance,off_diagonal_report_only,142,109,1,1,0,0,success,success
cbf,balance,off_diagonal_report_only,142,110,1,1,0,0,success,success
cbf,balance,off_diagonal_report_only,142,111,1,1,0,0,success,success
cbf,balance,off_diagonal_report_only,142,112,1,1,0,0,success,success
cbf,balance,off_diagonal_report_only,142,113,1,1,0,0,success,success
cbf,balance,off_diagonal_report_only,142,114,1,1,0,0,success,success
cbf,balance,off_diagonal_report_only,142,115,1,1,0,0,success,success
cbf,balance,off_diagonal_report_only,142,116,1,1,0,0,success,success
cbf,balance,off_diagonal_report_only,142,117,1,1,0,0,success,success
cbf,balance,off_diagonal_report_only,142,118,1,1,0,0,success,success
cbf,balance,off_diagonal_report_only,142,119,1,1,0,0,success,success
cbf,balance,off_diagonal_report_only,142,120,1,1,0,0,success,success
cbf,balance,off_diagonal_report_only,142,121,1,1,0,0,success,success
cbf,balance,off_diagonal_report_only,142,122,1,1,0,0,success,success
cbf,balance,off_diagonal_report_only,142,123,1,1,0,0,success,success
cbf,balance,off_diagonal_report_only,142,124,1,1,0,0,success,success
cbf,balance,off_diagonal_report_only,142,125,1,1,0,0,success,success
cbf,balance,off_diagonal_report_only,142,126,1,1,0,0,success,success
cbf,balance,off_diagonal_report_only,142,127,1,1,0,0,success,success
cbf,balance,off_diagonal_report_only,142,128,0,0,1,1,non_lateral_high_cbf_demand,non_lateral_balance_or_phase
cbf,balance,off_diagonal_report_only,142,129,0,0,1,1,non_lateral_high_cbf_demand,non_lateral_balance_or_phase
cbf,balance,off_diagonal_report_only,142,130,0,0,1,1,non_lateral_balance_or_phase,non_lateral_balance_or_phase
cbf,balance,off_diagonal_report_only,142,131,0,0,1,1,non_lateral_balance_or_phase,non_lateral_balance_or_phase
cbf,balance,off_diagonal_report_only,142,132,0,0,1,1,non_lateral_balance_or_phase,non_lateral_balance_or_phase
cbf,balance,off_diagonal_report_only,142,133,0,0,1,1,non_lateral_balance_or_phase,non_lateral_balance_or_phase
cbf,balance,off_diagonal_report_only,142,134,0,0,1,1,non_lateral_balance_or_phase,lateral_heading_drift
cbf,balance,off_diagonal_report_only,142,135,0,0,1,1,non_lateral_balance_or_phase,non_lateral_balance_or_phase
cbf,balance,off_diagonal_report_only,142,136,0,0,1,1,non_lateral_balance_or_phase,lateral_heading_drift
cbf,balance,off_diagonal_report_only,142,137,0,0,1,1,non_lateral_high_cbf_demand,non_lateral_high_cbf_demand
cbf,balance,off_diagonal_report_only,142,138,0,0,1,1,non_lateral_balance_or_phase,non_lateral_balance_or_phase
cbf,balance,off_diagonal_report_only,142,139,0,0,1,1,non_lateral_balance_or_phase,non_lateral_balance_or_phase
cbf,balance,off_diagonal_report_only,142,140,0,0,1,1,non_lateral_balance_or_phase,non_lateral_balance_or_phase
cbf,balance,off_diagonal_report_only,142,141,0,0,1,1,non_lateral_balance_or_phase,non_lateral_balance_or_phase
cbf,balance,off_diagonal_report_only,142,142,0,0,1,1,non_lateral_balance_or_phase,non_lateral_balance_or_phase
cbf,balance,off_diagonal_report_only,142,143,0,0,1,1,non_lateral_high_cbf_demand,non_lateral_balance_or_phase
cbf,balance,off_diagonal_report_only,142,144,0,0,1,1,non_lateral_balance_or_phase,non_lateral_high_cbf_demand
cbf,balance,off_diagonal_report_only,142,145,0,0,1,1,non_lateral_balance_or_phase,lateral_heading_drift
cbf,balance,off_diagonal_report_only,142,146,0,0,1,1,lateral_heading_drift,non_lateral_high_cbf_demand
cbf,balance,off_diagonal_report_only,142,147,0,0,1,1,non_lateral_high_cbf_demand,lateral_heading_drift
cbf,balance,off_diagonal_report_only,142,148,0,0,1,1,non_lateral_balance_or_phase,lateral_heading_drift
cbf,balance,off_diagonal_report_only,142,149,0,0,1,1,non_lateral_high_cbf_demand,lateral_heading_drift
cbf,balance,off_diagonal_report_only,142,150,1,0,0,1,success,non_lateral_balance_or_phase
cbf,balance,off_diagonal_report_only,142,151,1,0,0,1,success,non_lateral_high_cbf_demand
cbf,balance,off_diagonal_report_only,142,152,1,0,0,1,success,lateral_heading_drift
cbf,balance,off_diagonal_report_only,142,153,1,1,0,0,success,success
cbf,balance,off_diagonal_report_only,142,154,1,1,0,0,success,success
cbf,balance,off_diagonal_report_only,142,155,1,1,0,0,success,success
cbf,balance,off_diagonal_report_only,142,156,1,1,0,0,success,success
cbf,balance,off_diagonal_report_only,142,157,1,1,0,0,success,success
cbf,balance,off_diagonal_report_only,142,158,0,1,1,0,lateral_heading_drift,success
cbf,balance,off_diagonal_report_only,142,159,1,1,0,0,success,success
cbf,balance,off_diagonal_report_only,142,160,0,1,1,0,non_lateral_balance_or_phase,success
cbf,balance,off_diagonal_report_only,142,161,1,0,0,1,success,lateral_heading_drift
cbf,balance,off_diagonal_report_only,142,162,1,1,0,0,success,success
cbf,balance,off_diagonal_report_only,142,163,1,1,0,0,success,success
cbf,balance,off_diagonal_report_only,142,164,1,0,0,1,success,lateral_heading_drift
cbf,balance,off_diagonal_report_only,142,165,0,1,1,0,lateral_heading_drift,success
cbf,balance,off_diagonal_report_only,142,166,1,1,0,0,success,success
cbf,balance,off_diagonal_report_only,142,167,1,1,0,0,success,success
cbf,balance,off_diagonal_report_only,142,168,1,1,0,0,success,success
cbf,balance,off_diagonal_report_only,142,169,1,0,0,1,success,lateral_heading_drift
cbf,balance,off_diagonal_report_only,142,170,1,0,0,1,success,lateral_heading_drift
cbf,balance,off_diagonal_report_only,142,171,1,1,0,0,success,success
cbf,balance,off_diagonal_report_only,142,172,1,1,0,0,success,success
cbf,balance,off_diagonal_report_only,142,173,1,1,0,0,success,success
cbf,balance,off_diagonal_report_only,142,174,1,1,0,0,success,success
cbf,balance,off_diagonal_report_only,142,175,1,1,0,0,success,success
cbf,balance,off_diagonal_report_only,142,176,0,1,1,0,non_lateral_high_cbf_demand,success
cbf,balance,off_diagonal_report_only,142,177,1,1,0,0,success,success
cbf,balance,off_diagonal_report_only,142,178,1,1,0,0,success,success
cbf,balance,off_diagonal_report_only,142,179,1,0,0,1,success,lateral_heading_drift
cbf,balance,off_diagonal_report_only,142,180,1,1,0,0,success,success
cbf,balance,off_diagonal_report_only,142,181,1,1,0,0,success,success
cbf,balance,off_diagonal_report_only,142,182,1,1,0,0,success,success
cbf,balance,off_diagonal_report_only,142,183,1,1,0,0,success,success
cbf,balance,off_diagonal_report_only,142,184,1,1,0,0,success,success
cbf,balance,off_diagonal_report_only,142,185,1,1,0,0,success,success
cbf,balance,off_diagonal_report_only,142,186,0,0,1,1,non_lateral_balance_or_phase,non_lateral_balance_or_phase
cbf,balance,off_diagonal_report_only,142,187,1,1,0,0,success,success
cbf,balance,off_diagonal_report_only,142,188,1,1,0,0,success,success
cbf,balance,off_diagonal_report_only,142,189,1,1,0,0,success,success
cbf,balance,off_diagonal_report_only,142,190,1,1,0,0,success,success
cbf,balance,off_diagonal_report_only,142,191,1,1,0,0,success,success
cbf,balance,off_diagonal_report_only,142,192,1,1,0,0,success,success
cbf,balance,off_diagonal_report_only,142,193,1,1,0,0,success,success
cbf,balance,off_diagonal_report_only,142,194,1,1,0,0,success,success
cbf,balance,off_diagonal_report_only,142,195,1,1,0,0,success,success
cbf,balance,off_diagonal_report_only,142,196,1,1,0,0,success,success
cbf,balance,off_diagonal_report_only,142,197,0,1,1,0,lateral_heading_drift,success
cbf,balance,off_diagonal_report_only,142,198,1,1,0,0,success,success
cbf,balance,off_diagonal_report_only,142,199,1,1,0,0,success,success
cbf,balance,off_diagonal_report_only,142,200,1,1,0,0,success,success
cbf,balance,off_diagonal_report_only,142,201,1,1,0,0,success,success
cbf,balance,off_diagonal_report_only,142,202,1,1,0,0,success,success
cbf,balance,off_diagonal_report_only,142,203,1,1,0,0,success,success
cbf,balance,off_diagonal_report_only,142,204,1,1,0,0,success,success
cbf,balance,off_diagonal_report_only,142,205,1,1,0,0,success,success
cbf,balance,off_diagonal_report_only,142,206,1,1,0,0,success,success
cbf,balance,off_diagonal_report_only,142,207,1,1,0,0,success,success
cbf,balance,off_diagonal_report_only,142,208,1,1,0,0,success,success
cbf,balance,off_diagonal_report_only,142,209,1,1,0,0,success,success
cbf,balance,off_diagonal_report_only,142,210,1,1,0,0,success,success
cbf,balance,off_diagonal_report_only,142,211,1,1,0,0,success,success
cbf,balance,off_diagonal_report_only,142,212,1,1,0,0,success,success
cbf,balance,off_diagonal_report_only,142,213,1,1,0,0,success,success
cbf,balance,off_diagonal_report_only,142,214,1,1,0,0,success,success
cbf,balance,off_diagonal_report_only,142,215,1,1,0,0,success,success
cbf,balance,off_diagonal_report_only,142,216,1,1,0,0,success,success
cbf,balance,off_diagonal_report_only,142,217,1,1,0,0,success,success
cbf,balance,off_diagonal_report_only,142,218,1,1,0,0,success,success
cbf,balance,off_diagonal_report_only,142,219,1,1,0,0,success,success
cbf,balance,off_diagonal_report_only,142,220,1,1,0,0,success,success
cbf,balance,off_diagonal_report_only,142,221,1,1,0,0,success,success
cbf,balance,off_diagonal_report_only,142,222,1,1,0,0,success,success
cbf,balance,off_diagonal_report_only,142,223,1,1,0,0,success,success
cbf,balance,off_diagonal_report_only,142,224,1,1,0,0,success,success
cbf,balance,off_diagonal_report_only,142,225,1,1,0,0,success,success
cbf,balance,off_diagonal_report_only,142,226,1,1,0,0,success,success
cbf,balance,off_diagonal_report_only,142,227,1,1,0,0,success,success
cbf,balance,off_diagonal_report_only,142,228,1,1,0,0,success,success
cbf,balance,off_diagonal_report_only,142,229,1,1,0,0,success,success
cbf,balance,off_diagonal_report_only,142,230,1,1,0,0,success,success
cbf,balance,off_diagonal_report_only,142,231,1,1,0,0,success,success
cbf,balance,off_diagonal_report_only,142,232,1,1,0,0,success,success
cbf,balance,off_diagonal_report_only,142,233,1,1,0,0,success,success
cbf,balance,off_diagonal_report_only,142,234,1,1,0,0,success,success
cbf,balance,off_diagonal_report_only,142,235,1,1,0,0,success,success
cbf,balance,off_diagonal_report_only,142,236,1,1,0,0,success,success
cbf,balance,off_diagonal_report_only,142,237,1,1,0,0,success,success
cbf,balance,off_diagonal_report_only,142,238,1,1,0,0,success,success
cbf,balance,off_diagonal_report_only,142,239,1,1,0,0,success,success
cbf,balance,off_diagonal_report_only,142,240,1,1,0,0,success,success
cbf,balance,off_diagonal_report_only,142,241,1,1,0,0,success,success
cbf,balance,off_diagonal_report_only,142,242,1,1,0,0,success,success
cbf,balance,off_diagonal_report_only,142,243,1,1,0,0,success,success
cbf,balance,off_diagonal_report_only,142,244,1,1,0,0,success,success
cbf,balance,off_diagonal_report_only,142,245,1,1,0,0,success,success
cbf,balance,off_diagonal_report_only,142,246,1,1,0,0,success,success
cbf,balance,off_diagonal_report_only,142,247,1,1,0,0,success,success
cbf,balance,off_diagonal_report_only,142,248,1,1,0,0,success,success
cbf,balance,off_diagonal_report_only,142,249,1,1,0,0,success,success
cbf,balance,off_diagonal_report_only,142,250,1,1,0,0,success,success
cbf,balance,off_diagonal_report_only,142,251,1,1,0,0,success,success
cbf,balance,off_diagonal_report_only,142,252,1,1,0,0,success,success
cbf,balance,off_diagonal_report_only,142,253,1,1,0,0,success,success
cbf,balance,off_diagonal_report_only,142,254,1,0,0,1,success,lateral_heading_drift
cbf,balance,off_diagonal_report_only,142,255,1,1,0,0,success,success
cbf,D0,d0_catastrophic,142,0,0,0,1,1,non_lateral_balance_or_phase,non_lateral_balance_or_phase
cbf,D0,d0_catastrophic,142,1,1,0,0,1,success,non_lateral_high_cbf_demand
cbf,D0,d0_catastrophic,142,2,1,1,0,0,success,success
cbf,D0,d0_catastrophic,142,3,1,1,0,0,success,success
cbf,D0,d0_catastrophic,142,4,1,1,0,0,success,success
cbf,D0,d0_catastrophic,142,5,1,1,0,0,success,success
cbf,D0,d0_catastrophic,142,6,1,1,0,0,success,success
cbf,D0,d0_catastrophic,142,7,1,1,0,0,success,success
cbf,D0,d0_catastrophic,142,8,1,1,0,0,success,success
cbf,D0,d0_catastrophic,142,9,1,1,0,0,success,success
cbf,D0,d0_catastrophic,142,10,1,1,0,0,success,success
cbf,D0,d0_catastrophic,142,11,1,1,0,0,success,success
cbf,D0,d0_catastrophic,142,12,1,1,0,0,success,success
cbf,D0,d0_catastrophic,142,13,1,1,0,0,success,success
cbf,D0,d0_catastrophic,142,14,1,1,0,0,success,success
cbf,D0,d0_catastrophic,142,15,1,1,0,0,success,success
cbf,D0,d0_catastrophic,142,16,1,1,0,0,success,success
cbf,D0,d0_catastrophic,142,17,1,1,0,0,success,success
cbf,D0,d0_catastrophic,142,18,1,1,0,0,success,success
cbf,D0,d0_catastrophic,142,19,1,1,0,0,success,success
cbf,D0,d0_catastrophic,142,20,1,1,0,0,success,success
cbf,D0,d0_catastrophic,142,21,1,1,0,0,success,success
cbf,D0,d0_catastrophic,142,22,1,1,0,0,success,success
cbf,D0,d0_catastrophic,142,23,1,1,0,0,success,success
cbf,D0,d0_catastrophic,142,24,1,1,0,0,success,success
cbf,D0,d0_catastrophic,142,25,1,1,0,0,success,success
cbf,D0,d0_catastrophic,142,26,1,1,0,0,success,success
cbf,D0,d0_catastrophic,142,27,1,1,0,0,success,success
cbf,D0,d0_catastrophic,142,28,1,1,0,0,success,success
cbf,D0,d0_catastrophic,142,29,1,1,0,0,success,success
cbf,D0,d0_catastrophic,142,30,1,1,0,0,success,success
cbf,D0,d0_catastrophic,142,31,1,1,0,0,success,success
cbf,D0,d0_catastrophic,142,32,1,1,0,0,success,success
cbf,D0,d0_catastrophic,142,33,1,1,0,0,success,success
cbf,D0,d0_catastrophic,142,34,1,1,0,0,success,success
cbf,D0,d0_catastrophic,142,35,1,1,0,0,success,success
cbf,D0,d0_catastrophic,142,36,1,1,0,0,success,success
cbf,D0,d0_catastrophic,142,37,1,1,0,0,success,success
cbf,D0,d0_catastrophic,142,38,1,1,0,0,success,success
cbf,D0,d0_catastrophic,142,39,1,1,0,0,success,success
cbf,D0,d0_catastrophic,142,40,1,1,0,0,success,success
cbf,D0,d0_catastrophic,142,41,1,1,0,0,success,success
cbf,D0,d0_catastrophic,142,42,1,1,0,0,success,success
cbf,D0,d0_catastrophic,142,43,1,1,0,0,success,success
cbf,D0,d0_catastrophic,142,44,1,1,0,0,success,success
cbf,D0,d0_catastrophic,142,45,1,1,0,0,success,success
cbf,D0,d0_catastrophic,142,46,1,1,0,0,success,success
cbf,D0,d0_catastrophic,142,47,1,1,0,0,success,success
cbf,D0,d0_catastrophic,142,48,1,1,0,0,success,success
cbf,D0,d0_catastrophic,142,49,1,1,0,0,success,success
cbf,D0,d0_catastrophic,142,50,1,1,0,0,success,success
cbf,D0,d0_catastrophic,142,51,1,1,0,0,success,success
cbf,D0,d0_catastrophic,142,52,1,1,0,0,success,success
cbf,D0,d0_catastrophic,142,53,1,1,0,0,success,success
cbf,D0,d0_catastrophic,142,54,1,1,0,0,success,success
cbf,D0,d0_catastrophic,142,55,1,1,0,0,success,success
cbf,D0,d0_catastrophic,142,56,1,1,0,0,success,success
cbf,D0,d0_catastrophic,142,57,1,1,0,0,success,success
cbf,D0,d0_catastrophic,142,58,1,1,0,0,success,success
cbf,D0,d0_catastrophic,142,59,1,1,0,0,success,success
cbf,D0,d0_catastrophic,142,60,1,1,0,0,success,success
cbf,D0,d0_catastrophic,142,61,1,1,0,0,success,success
cbf,D0,d0_catastrophic,142,62,1,1,0,0,success,success
cbf,D0,d0_catastrophic,142,63,1,1,0,0,success,success
cbf,D0,d0_catastrophic,142,64,1,1,0,0,success,success
cbf,D0,d0_catastrophic,142,65,1,1,0,0,success,success
cbf,D0,d0_catastrophic,142,66,1,1,0,0,success,success
cbf,D0,d0_catastrophic,142,67,1,1,0,0,success,success
cbf,D0,d0_catastrophic,142,68,1,1,0,0,success,success
cbf,D0,d0_catastrophic,142,69,1,1,0,0,success,success
cbf,D0,d0_catastrophic,142,70,1,1,0,0,success,success
cbf,D0,d0_catastrophic,142,71,1,1,0,0,success,success
cbf,D0,d0_catastrophic,142,72,1,1,0,0,success,success
cbf,D0,d0_catastrophic,142,73,1,1,0,0,success,success
cbf,D0,d0_catastrophic,142,74,1,1,0,0,success,success
cbf,D0,d0_catastrophic,142,75,1,1,0,0,success,success
cbf,D0,d0_catastrophic,142,76,1,1,0,0,success,success
cbf,D0,d0_catastrophic,142,77,1,1,0,0,success,success
cbf,D0,d0_catastrophic,142,78,1,1,0,0,success,success
cbf,D0,d0_catastrophic,142,79,0,1,1,0,non_lateral_high_cbf_demand,success
cbf,D0,d0_catastrophic,142,80,1,1,0,0,success,success
cbf,D0,d0_catastrophic,142,81,1,1,0,0,success,success
cbf,D0,d0_catastrophic,142,82,1,1,0,0,success,success
cbf,D0,d0_catastrophic,142,83,1,1,0,0,success,success
cbf,D0,d0_catastrophic,142,84,1,1,0,0,success,success
cbf,D0,d0_catastrophic,142,85,1,1,0,0,success,success
cbf,D0,d0_catastrophic,142,86,1,1,0,0,success,success
cbf,D0,d0_catastrophic,142,87,1,1,0,0,success,success
cbf,D0,d0_catastrophic,142,88,1,1,0,0,success,success
cbf,D0,d0_catastrophic,142,89,1,1,0,0,success,success
cbf,D0,d0_catastrophic,142,90,1,1,0,0,success,success
cbf,D0,d0_catastrophic,142,91,1,1,0,0,success,success
cbf,D0,d0_catastrophic,142,92,1,1,0,0,success,success
cbf,D0,d0_catastrophic,142,93,1,1,0,0,success,success
cbf,D0,d0_catastrophic,142,94,1,1,0,0,success,success
cbf,D0,d0_catastrophic,142,95,1,1,0,0,success,success
cbf,D0,d0_catastrophic,142,96,1,1,0,0,success,success
cbf,D0,d0_catastrophic,142,97,1,1,0,0,success,success
cbf,D0,d0_catastrophic,142,98,1,1,0,0,success,success
cbf,D0,d0_catastrophic,142,99,1,1,0,0,success,success
cbf,D0,d0_catastrophic,142,100,1,1,0,0,success,success
cbf,D0,d0_catastrophic,142,101,1,1,0,0,success,success
cbf,D0,d0_catastrophic,142,102,1,1,0,0,success,success
cbf,D0,d0_catastrophic,142,103,1,1,0,0,success,success
cbf,D0,d0_catastrophic,142,104,1,1,0,0,success,success
cbf,D0,d0_catastrophic,142,105,1,1,0,0,success,success
cbf,D0,d0_catastrophic,142,106,1,1,0,0,success,success
cbf,D0,d0_catastrophic,142,107,1,1,0,0,success,success
cbf,D0,d0_catastrophic,142,108,1,1,0,0,success,success
cbf,D0,d0_catastrophic,142,109,1,1,0,0,success,success
cbf,D0,d0_catastrophic,142,110,1,1,0,0,success,success
cbf,D0,d0_catastrophic,142,111,1,1,0,0,success,success
cbf,D0,d0_catastrophic,142,112,1,1,0,0,success,success
cbf,D0,d0_catastrophic,142,113,1,1,0,0,success,success
cbf,D0,d0_catastrophic,142,114,0,1,0,0,timeout_or_other_nonfall,success
cbf,D0,d0_catastrophic,142,115,0,1,0,0,timeout_or_other_nonfall,success
cbf,D0,d0_catastrophic,142,116,0,1,0,0,timeout_or_other_nonfall,success
cbf,D0,d0_catastrophic,142,117,0,1,0,0,timeout_or_other_nonfall,success
cbf,D0,d0_catastrophic,142,118,0,1,0,0,timeout_or_other_nonfall,success
cbf,D0,d0_catastrophic,142,119,0,1,0,0,timeout_or_other_nonfall,success
cbf,D0,d0_catastrophic,142,120,0,1,0,0,timeout_or_other_nonfall,success
cbf,D0,d0_catastrophic,142,121,0,0,0,0,timeout_or_other_nonfall,timeout_or_other_nonfall
cbf,D0,d0_catastrophic,142,122,0,0,0,0,timeout_or_other_nonfall,timeout_or_other_nonfall
cbf,D0,d0_catastrophic,142,123,0,0,0,0,timeout_or_other_nonfall,timeout_or_other_nonfall
cbf,D0,d0_catastrophic,142,124,0,0,0,0,timeout_or_other_nonfall,timeout_or_other_nonfall
cbf,D0,d0_catastrophic,142,125,0,0,0,0,timeout_or_other_nonfall,timeout_or_other_nonfall
cbf,D0,d0_catastrophic,142,126,0,0,0,0,timeout_or_other_nonfall,timeout_or_other_nonfall
cbf,D0,d0_catastrophic,142,127,0,0,0,0,timeout_or_other_nonfall,timeout_or_other_nonfall
cbf,D0,d0_catastrophic,142,128,0,0,1,1,non_lateral_balance_or_phase,non_lateral_high_cbf_demand
cbf,D0,d0_catastrophic,142,129,0,0,1,1,non_lateral_high_cbf_demand,non_lateral_balance_or_phase
cbf,D0,d0_catastrophic,142,130,1,0,0,1,success,non_lateral_high_cbf_demand
cbf,D0,d0_catastrophic,142,131,1,1,0,0,success,success
cbf,D0,d0_catastrophic,142,132,1,1,0,0,success,success
cbf,D0,d0_catastrophic,142,133,1,0,0,1,success,non_lateral_balance_or_phase
cbf,D0,d0_catastrophic,142,134,1,1,0,0,success,success
cbf,D0,d0_catastrophic,142,135,1,1,0,0,success,success
cbf,D0,d0_catastrophic,142,136,1,1,0,0,success,success
cbf,D0,d0_catastrophic,142,137,1,1,0,0,success,success
cbf,D0,d0_catastrophic,142,138,1,1,0,0,success,success
cbf,D0,d0_catastrophic,142,139,1,0,0,1,success,non_lateral_high_cbf_demand
cbf,D0,d0_catastrophic,142,140,1,1,0,0,success,success
cbf,D0,d0_catastrophic,142,141,1,1,0,0,success,success
cbf,D0,d0_catastrophic,142,142,1,1,0,0,success,success
cbf,D0,d0_catastrophic,142,143,1,1,0,0,success,success
cbf,D0,d0_catastrophic,142,144,1,1,0,0,success,success
cbf,D0,d0_catastrophic,142,145,1,1,0,0,success,success
cbf,D0,d0_catastrophic,142,146,1,1,0,0,success,success
cbf,D0,d0_catastrophic,142,147,1,1,0,0,success,success
cbf,D0,d0_catastrophic,142,148,1,1,0,0,success,success
cbf,D0,d0_catastrophic,142,149,1,1,0,0,success,success
cbf,D0,d0_catastrophic,142,150,1,1,0,0,success,success
cbf,D0,d0_catastrophic,142,151,1,1,0,0,success,success
cbf,D0,d0_catastrophic,142,152,1,1,0,0,success,success
cbf,D0,d0_catastrophic,142,153,1,1,0,0,success,success
cbf,D0,d0_catastrophic,142,154,1,1,0,0,success,success
cbf,D0,d0_catastrophic,142,155,1,1,0,0,success,success
cbf,D0,d0_catastrophic,142,156,1,1,0,0,success,success
cbf,D0,d0_catastrophic,142,157,1,1,0,0,success,success
cbf,D0,d0_catastrophic,142,158,1,1,0,0,success,success
cbf,D0,d0_catastrophic,142,159,1,1,0,0,success,success
cbf,D0,d0_catastrophic,142,160,1,1,0,0,success,success
cbf,D0,d0_catastrophic,142,161,1,1,0,0,success,success
cbf,D0,d0_catastrophic,142,162,1,1,0,0,success,success
cbf,D0,d0_catastrophic,142,163,1,1,0,0,success,success
cbf,D0,d0_catastrophic,142,164,1,1,0,0,success,success
cbf,D0,d0_catastrophic,142,165,1,1,0,0,success,success
cbf,D0,d0_catastrophic,142,166,1,1,0,0,success,success
cbf,D0,d0_catastrophic,142,167,1,1,0,0,success,success
cbf,D0,d0_catastrophic,142,168,1,1,0,0,success,success
cbf,D0,d0_catastrophic,142,169,1,1,0,0,success,success
cbf,D0,d0_catastrophic,142,170,1,1,0,0,success,success
cbf,D0,d0_catastrophic,142,171,1,1,0,0,success,success
cbf,D0,d0_catastrophic,142,172,1,1,0,0,success,success
cbf,D0,d0_catastrophic,142,173,1,1,0,0,success,success
cbf,D0,d0_catastrophic,142,174,1,1,0,0,success,success
cbf,D0,d0_catastrophic,142,175,1,1,0,0,success,success
cbf,D0,d0_catastrophic,142,176,1,1,0,0,success,success
cbf,D0,d0_catastrophic,142,177,1,1,0,0,success,success
cbf,D0,d0_catastrophic,142,178,1,1,0,0,success,success
cbf,D0,d0_catastrophic,142,179,1,1,0,0,success,success
cbf,D0,d0_catastrophic,142,180,1,1,0,0,success,success
cbf,D0,d0_catastrophic,142,181,1,1,0,0,success,success
cbf,D0,d0_catastrophic,142,182,1,1,0,0,success,success
cbf,D0,d0_catastrophic,142,183,1,1,0,0,success,success
cbf,D0,d0_catastrophic,142,184,1,1,0,0,success,success
cbf,D0,d0_catastrophic,142,185,1,1,0,0,success,success
cbf,D0,d0_catastrophic,142,186,1,1,0,0,success,success
cbf,D0,d0_catastrophic,142,187,1,1,0,0,success,success
cbf,D0,d0_catastrophic,142,188,1,1,0,0,success,success
cbf,D0,d0_catastrophic,142,189,1,1,0,0,success,success
cbf,D0,d0_catastrophic,142,190,1,1,0,0,success,success
cbf,D0,d0_catastrophic,142,191,1,1,0,0,success,success
cbf,D0,d0_catastrophic,142,192,1,1,0,0,success,success
cbf,D0,d0_catastrophic,142,193,1,1,0,0,success,success
cbf,D0,d0_catastrophic,142,194,1,1,0,0,success,success
cbf,D0,d0_catastrophic,142,195,1,1,0,0,success,success
cbf,D0,d0_catastrophic,142,196,1,1,0,0,success,success
cbf,D0,d0_catastrophic,142,197,1,1,0,0,success,success
cbf,D0,d0_catastrophic,142,198,1,1,0,0,success,success
cbf,D0,d0_catastrophic,142,199,1,1,0,0,success,success
cbf,D0,d0_catastrophic,142,200,1,1,0,0,success,success
cbf,D0,d0_catastrophic,142,201,1,1,0,0,success,success
cbf,D0,d0_catastrophic,142,202,1,1,0,0,success,success
cbf,D0,d0_catastrophic,142,203,1,1,0,0,success,success
cbf,D0,d0_catastrophic,142,204,1,1,0,0,success,success
cbf,D0,d0_catastrophic,142,205,1,1,0,0,success,success
cbf,D0,d0_catastrophic,142,206,1,0,0,1,success,non_lateral_balance_or_phase
cbf,D0,d0_catastrophic,142,207,1,1,0,0,success,success
cbf,D0,d0_catastrophic,142,208,1,1,0,0,success,success
cbf,D0,d0_catastrophic,142,209,1,1,0,0,success,success
cbf,D0,d0_catastrophic,142,210,1,1,0,0,success,success
cbf,D0,d0_catastrophic,142,211,1,1,0,0,success,success
cbf,D0,d0_catastrophic,142,212,1,1,0,0,success,success
cbf,D0,d0_catastrophic,142,213,1,1,0,0,success,success
cbf,D0,d0_catastrophic,142,214,1,1,0,0,success,success
cbf,D0,d0_catastrophic,142,215,1,1,0,0,success,success
cbf,D0,d0_catastrophic,142,216,1,1,0,0,success,success
cbf,D0,d0_catastrophic,142,217,1,1,0,0,success,success
cbf,D0,d0_catastrophic,142,218,1,1,0,0,success,success
cbf,D0,d0_catastrophic,142,219,1,1,0,0,success,success
cbf,D0,d0_catastrophic,142,220,1,1,0,0,success,success
cbf,D0,d0_catastrophic,142,221,1,1,0,0,success,success
cbf,D0,d0_catastrophic,142,222,1,1,0,0,success,success
cbf,D0,d0_catastrophic,142,223,1,1,0,0,success,success
cbf,D0,d0_catastrophic,142,224,1,1,0,0,success,success
cbf,D0,d0_catastrophic,142,225,1,1,0,0,success,success
cbf,D0,d0_catastrophic,142,226,1,1,0,0,success,success
cbf,D0,d0_catastrophic,142,227,1,1,0,0,success,success
cbf,D0,d0_catastrophic,142,228,1,1,0,0,success,success
cbf,D0,d0_catastrophic,142,229,1,1,0,0,success,success
cbf,D0,d0_catastrophic,142,230,1,1,0,0,success,success
cbf,D0,d0_catastrophic,142,231,1,1,0,0,success,success
cbf,D0,d0_catastrophic,142,232,1,1,0,0,success,success
cbf,D0,d0_catastrophic,142,233,1,1,0,0,success,success
cbf,D0,d0_catastrophic,142,234,1,1,0,0,success,success
cbf,D0,d0_catastrophic,142,235,1,1,0,0,success,success
cbf,D0,d0_catastrophic,142,236,1,1,0,0,success,success
cbf,D0,d0_catastrophic,142,237,1,1,0,0,success,success
cbf,D0,d0_catastrophic,142,238,1,1,0,0,success,success
cbf,D0,d0_catastrophic,142,239,1,1,0,0,success,success
cbf,D0,d0_catastrophic,142,240,1,1,0,0,success,success
cbf,D0,d0_catastrophic,142,241,1,1,0,0,success,success
cbf,D0,d0_catastrophic,142,242,1,1,0,0,success,success
cbf,D0,d0_catastrophic,142,243,1,1,0,0,success,success
cbf,D0,d0_catastrophic,142,244,0,1,0,0,timeout_or_other_nonfall,success
cbf,D0,d0_catastrophic,142,245,0,1,0,0,timeout_or_other_nonfall,success
cbf,D0,d0_catastrophic,142,246,0,1,0,0,timeout_or_other_nonfall,success
cbf,D0,d0_catastrophic,142,247,0,1,0,0,timeout_or_other_nonfall,success
cbf,D0,d0_catastrophic,142,248,0,1,0,0,timeout_or_other_nonfall,success
cbf,D0,d0_catastrophic,142,249,0,0,0,0,timeout_or_other_nonfall,timeout_or_other_nonfall
cbf,D0,d0_catastrophic,142,250,0,0,0,0,timeout_or_other_nonfall,timeout_or_other_nonfall
cbf,D0,d0_catastrophic,142,251,0,0,0,0,timeout_or_other_nonfall,timeout_or_other_nonfall
cbf,D0,d0_catastrophic,142,252,0,0,0,0,timeout_or_other_nonfall,timeout_or_other_nonfall
cbf,D0,d0_catastrophic,142,253,0,0,0,0,timeout_or_other_nonfall,timeout_or_other_nonfall
cbf,D0,d0_catastrophic,142,254,0,0,0,0,timeout_or_other_nonfall,timeout_or_other_nonfall
cbf,D0,d0_catastrophic,142,255,0,0,0,0,timeout_or_other_nonfall,timeout_or_other_nonfall
cbf,lateral,off_diagonal_report_only,242,0,0,0,1,1,non_lateral_balance_or_phase,non_lateral_high_cbf_demand
cbf,lateral,off_diagonal_report_only,242,1,0,0,1,1,lateral_heading_drift,lateral_heading_drift
cbf,lateral,off_diagonal_report_only,242,2,0,0,1,1,non_lateral_high_cbf_demand,lateral_heading_drift
cbf,lateral,off_diagonal_report_only,242,3,0,0,1,1,lateral_heading_drift,non_lateral_high_cbf_demand
cbf,lateral,off_diagonal_report_only,242,4,0,0,1,1,lateral_heading_drift,non_lateral_balance_or_phase
cbf,lateral,off_diagonal_report_only,242,5,0,0,1,1,lateral_heading_drift,non_lateral_high_cbf_demand
cbf,lateral,off_diagonal_report_only,242,6,0,0,1,1,lateral_heading_drift,lateral_heading_drift
cbf,lateral,off_diagonal_report_only,242,7,0,0,1,1,non_lateral_high_cbf_demand,lateral_heading_drift
cbf,lateral,off_diagonal_report_only,242,8,0,0,1,1,lateral_heading_drift,lateral_heading_drift
cbf,lateral,off_diagonal_report_only,242,9,0,0,1,1,lateral_heading_drift,lateral_heading_drift
cbf,lateral,off_diagonal_report_only,242,10,0,0,1,1,lateral_heading_drift,lateral_heading_drift
cbf,lateral,off_diagonal_report_only,242,11,0,0,1,1,lateral_heading_drift,lateral_heading_drift
cbf,lateral,off_diagonal_report_only,242,12,0,0,1,1,non_lateral_balance_or_phase,lateral_heading_drift
cbf,lateral,off_diagonal_report_only,242,13,0,1,1,0,lateral_heading_drift,success
cbf,lateral,off_diagonal_report_only,242,14,0,1,1,0,non_lateral_high_cbf_demand,success
cbf,lateral,off_diagonal_report_only,242,15,0,0,1,1,non_lateral_balance_or_phase,lateral_heading_drift
cbf,lateral,off_diagonal_report_only,242,16,0,1,1,0,lateral_heading_drift,success
cbf,lateral,off_diagonal_report_only,242,17,1,0,0,1,success,lateral_heading_drift
cbf,lateral,off_diagonal_report_only,242,18,0,1,1,0,lateral_heading_drift,success
cbf,lateral,off_diagonal_report_only,242,19,1,0,0,1,success,lateral_heading_drift
cbf,lateral,off_diagonal_report_only,242,20,0,1,1,0,lateral_heading_drift,success
cbf,lateral,off_diagonal_report_only,242,21,1,1,0,0,success,success
cbf,lateral,off_diagonal_report_only,242,22,0,0,1,1,lateral_heading_drift,lateral_heading_drift
cbf,lateral,off_diagonal_report_only,242,23,1,0,0,1,success,lateral_heading_drift
cbf,lateral,off_diagonal_report_only,242,24,0,1,1,0,lateral_heading_drift,success
cbf,lateral,off_diagonal_report_only,242,25,1,0,0,1,success,lateral_heading_drift
cbf,lateral,off_diagonal_report_only,242,26,0,0,1,1,lateral_heading_drift,lateral_heading_drift
cbf,lateral,off_diagonal_report_only,242,27,1,0,0,1,success,lateral_heading_drift
cbf,lateral,off_diagonal_report_only,242,28,1,0,0,1,success,lateral_heading_drift
cbf,lateral,off_diagonal_report_only,242,29,1,1,0,0,success,success
cbf,lateral,off_diagonal_report_only,242,30,1,0,0,1,success,lateral_heading_drift
cbf,lateral,off_diagonal_report_only,242,31,0,0,1,1,lateral_heading_drift,lateral_heading_drift
cbf,lateral,off_diagonal_report_only,242,32,1,1,0,0,success,success
cbf,lateral,off_diagonal_report_only,242,33,1,1,0,0,success,success
cbf,lateral,off_diagonal_report_only,242,34,1,1,0,0,success,success
cbf,lateral,off_diagonal_report_only,242,35,1,1,0,0,success,success
cbf,lateral,off_diagonal_report_only,242,36,0,1,1,0,lateral_heading_drift,success
cbf,lateral,off_diagonal_report_only,242,37,1,1,0,0,success,success
cbf,lateral,off_diagonal_report_only,242,38,1,1,0,0,success,success
cbf,lateral,off_diagonal_report_only,242,39,0,1,1,0,lateral_heading_drift,success
cbf,lateral,off_diagonal_report_only,242,40,1,1,0,0,success,success
cbf,lateral,off_diagonal_report_only,242,41,1,1,0,0,success,success
cbf,lateral,off_diagonal_report_only,242,42,1,1,0,0,success,success
cbf,lateral,off_diagonal_report_only,242,43,0,1,1,0,lateral_heading_drift,success
cbf,lateral,off_diagonal_report_only,242,44,1,1,0,0,success,success
cbf,lateral,off_diagonal_report_only,242,45,1,1,0,0,success,success
cbf,lateral,off_diagonal_report_only,242,46,1,1,0,0,success,success
cbf,lateral,off_diagonal_report_only,242,47,1,1,0,0,success,success
cbf,lateral,off_diagonal_report_only,242,48,1,1,0,0,success,success
cbf,lateral,off_diagonal_report_only,242,49,1,1,0,0,success,success
cbf,lateral,off_diagonal_report_only,242,50,1,1,0,0,success,success
cbf,lateral,off_diagonal_report_only,242,51,1,1,0,0,success,success
cbf,lateral,off_diagonal_report_only,242,52,1,1,0,0,success,success
cbf,lateral,off_diagonal_report_only,242,53,1,1,0,0,success,success
cbf,lateral,off_diagonal_report_only,242,54,1,1,0,0,success,success
cbf,lateral,off_diagonal_report_only,242,55,1,1,0,0,success,success
cbf,lateral,off_diagonal_report_only,242,56,1,1,0,0,success,success
cbf,lateral,off_diagonal_report_only,242,57,1,1,0,0,success,success
cbf,lateral,off_diagonal_report_only,242,58,1,1,0,0,success,success
cbf,lateral,off_diagonal_report_only,242,59,1,0,0,1,success,lateral_heading_drift
cbf,lateral,off_diagonal_report_only,242,60,0,1,1,0,lateral_heading_drift,success
cbf,lateral,off_diagonal_report_only,242,61,0,1,1,0,lateral_heading_drift,success
cbf,lateral,off_diagonal_report_only,242,62,1,1,0,0,success,success
cbf,lateral,off_diagonal_report_only,242,63,0,1,1,0,lateral_heading_drift,success
cbf,lateral,off_diagonal_report_only,242,64,0,1,1,0,lateral_heading_drift,success
cbf,lateral,off_diagonal_report_only,242,65,1,1,0,0,success,success
cbf,lateral,off_diagonal_report_only,242,66,1,1,0,0,success,success
cbf,lateral,off_diagonal_report_only,242,67,0,0,1,1,lateral_heading_drift,lateral_heading_drift
cbf,lateral,off_diagonal_report_only,242,68,1,1,0,0,success,success
cbf,lateral,off_diagonal_report_only,242,69,1,1,0,0,success,success
cbf,lateral,off_diagonal_report_only,242,70,0,1,1,0,lateral_heading_drift,success
cbf,lateral,off_diagonal_report_only,242,71,1,1,0,0,success,success
cbf,lateral,off_diagonal_report_only,242,72,1,0,0,1,success,lateral_heading_drift
cbf,lateral,off_diagonal_report_only,242,73,1,1,0,0,success,success
cbf,lateral,off_diagonal_report_only,242,74,0,1,1,0,lateral_heading_drift,success
cbf,lateral,off_diagonal_report_only,242,75,1,1,0,0,success,success
cbf,lateral,off_diagonal_report_only,242,76,1,0,0,1,success,lateral_heading_drift
cbf,lateral,off_diagonal_report_only,242,77,1,1,0,0,success,success
cbf,lateral,off_diagonal_report_only,242,78,1,1,0,0,success,success
cbf,lateral,off_diagonal_report_only,242,79,1,1,0,0,success,success
cbf,lateral,off_diagonal_report_only,242,80,1,1,0,0,success,success
cbf,lateral,off_diagonal_report_only,242,81,1,1,0,0,success,success
cbf,lateral,off_diagonal_report_only,242,82,1,1,0,0,success,success
cbf,lateral,off_diagonal_report_only,242,83,1,1,0,0,success,success
cbf,lateral,off_diagonal_report_only,242,84,1,1,0,0,success,success
cbf,lateral,off_diagonal_report_only,242,85,1,1,0,0,success,success
cbf,lateral,off_diagonal_report_only,242,86,1,1,0,0,success,success
cbf,lateral,off_diagonal_report_only,242,87,1,1,0,0,success,success
cbf,lateral,off_diagonal_report_only,242,88,1,1,0,0,success,success
cbf,lateral,off_diagonal_report_only,242,89,1,1,0,0,success,success
cbf,lateral,off_diagonal_report_only,242,90,1,1,0,0,success,success
cbf,lateral,off_diagonal_report_only,242,91,1,1,0,0,success,success
cbf,lateral,off_diagonal_report_only,242,92,1,1,0,0,success,success
cbf,lateral,off_diagonal_report_only,242,93,0,1,1,0,lateral_heading_drift,success
cbf,lateral,off_diagonal_report_only,242,94,1,1,0,0,success,success
cbf,lateral,off_diagonal_report_only,242,95,1,1,0,0,success,success
cbf,lateral,off_diagonal_report_only,242,96,1,1,0,0,success,success
cbf,lateral,off_diagonal_report_only,242,97,1,1,0,0,success,success
cbf,lateral,off_diagonal_report_only,242,98,1,1,0,0,success,success
cbf,lateral,off_diagonal_report_only,242,99,1,1,0,0,success,success
cbf,lateral,off_diagonal_report_only,242,100,1,1,0,0,success,success
cbf,lateral,off_diagonal_report_only,242,101,1,1,0,0,success,success
cbf,lateral,off_diagonal_report_only,242,102,1,1,0,0,success,success
cbf,lateral,off_diagonal_report_only,242,103,1,0,0,1,success,lateral_heading_drift
cbf,lateral,off_diagonal_report_only,242,104,1,1,0,0,success,success
cbf,lateral,off_diagonal_report_only,242,105,0,1,1,0,lateral_heading_drift,success
cbf,lateral,off_diagonal_report_only,242,106,0,1,1,0,lateral_heading_drift,success
cbf,lateral,off_diagonal_report_only,242,107,1,1,0,0,success,success
cbf,lateral,off_diagonal_report_only,242,108,0,1,1,0,lateral_heading_drift,success
cbf,lateral,off_diagonal_report_only,242,109,1,1,0,0,success,success
cbf,lateral,off_diagonal_report_only,242,110,1,1,0,0,success,success
cbf,lateral,off_diagonal_report_only,242,111,1,1,0,0,success,success
cbf,lateral,off_diagonal_report_only,242,112,1,1,0,0,success,success
cbf,lateral,off_diagonal_report_only,242,113,1,1,0,0,success,success
cbf,lateral,off_diagonal_report_only,242,114,1,1,0,0,success,success
cbf,lateral,off_diagonal_report_only,242,115,1,1,0,0,success,success
cbf,lateral,off_diagonal_report_only,242,116,1,1,0,0,success,success
cbf,lateral,off_diagonal_report_only,242,117,1,1,0,0,success,success
cbf,lateral,off_diagonal_report_only,242,118,1,1,0,0,success,success
cbf,lateral,off_diagonal_report_only,242,119,1,1,0,0,success,success
cbf,lateral,off_diagonal_report_only,242,120,1,1,0,0,success,success
cbf,lateral,off_diagonal_report_only,242,121,1,1,0,0,success,success
cbf,lateral,off_diagonal_report_only,242,122,1,1,0,0,success,success
cbf,lateral,off_diagonal_report_only,242,123,1,1,0,0,success,success
cbf,lateral,off_diagonal_report_only,242,124,1,1,0,0,success,success
cbf,lateral,off_diagonal_report_only,242,125,1,1,0,0,success,success
cbf,lateral,off_diagonal_report_only,242,126,0,1,1,0,lateral_heading_drift,success
cbf,lateral,off_diagonal_report_only,242,127,1,0,0,1,success,lateral_heading_drift
cbf,lateral,off_diagonal_report_only,242,128,0,0,1,1,lateral_heading_drift,lateral_heading_drift
cbf,lateral,off_diagonal_report_only,242,129,0,0,1,1,lateral_heading_drift,non_lateral_balance_or_phase
cbf,lateral,off_diagonal_report_only,242,130,0,0,1,1,lateral_heading_drift,non_lateral_high_cbf_demand
cbf,lateral,off_diagonal_report_only,242,131,0,0,1,1,lateral_heading_drift,non_lateral_balance_or_phase
cbf,lateral,off_diagonal_report_only,242,132,0,0,1,1,non_lateral_high_cbf_demand,lateral_heading_drift
cbf,lateral,off_diagonal_report_only,242,133,0,0,1,1,lateral_heading_drift,non_lateral_high_cbf_demand
cbf,lateral,off_diagonal_report_only,242,134,0,1,1,0,non_lateral_high_cbf_demand,success
cbf,lateral,off_diagonal_report_only,242,135,0,0,1,1,lateral_heading_drift,lateral_heading_drift
cbf,lateral,off_diagonal_report_only,242,136,1,0,0,1,success,lateral_heading_drift
cbf,lateral,off_diagonal_report_only,242,137,0,0,1,1,lateral_heading_drift,non_lateral_balance_or_phase
cbf,lateral,off_diagonal_report_only,242,138,0,0,1,1,lateral_heading_drift,lateral_heading_drift
cbf,lateral,off_diagonal_report_only,242,139,0,0,1,1,lateral_heading_drift,lateral_heading_drift
cbf,lateral,off_diagonal_report_only,242,140,0,1,1,0,non_lateral_high_cbf_demand,success
cbf,lateral,off_diagonal_report_only,242,141,0,0,1,1,lateral_heading_drift,non_lateral_balance_or_phase
cbf,lateral,off_diagonal_report_only,242,142,0,1,1,0,lateral_heading_drift,success
cbf,lateral,off_diagonal_report_only,242,143,0,1,1,0,lateral_heading_drift,success
cbf,lateral,off_diagonal_report_only,242,144,0,1,1,0,non_lateral_balance_or_phase,success
cbf,lateral,off_diagonal_report_only,242,145,1,1,0,0,success,success
cbf,lateral,off_diagonal_report_only,242,146,1,1,0,0,success,success
cbf,lateral,off_diagonal_report_only,242,147,1,1,0,0,success,success
cbf,lateral,off_diagonal_report_only,242,148,1,0,0,1,success,lateral_heading_drift
cbf,lateral,off_diagonal_report_only,242,149,1,0,0,1,success,lateral_heading_drift
cbf,lateral,off_diagonal_report_only,242,150,1,0,0,1,success,lateral_heading_drift
cbf,lateral,off_diagonal_report_only,242,151,1,1,0,0,success,success
cbf,lateral,off_diagonal_report_only,242,152,0,1,1,0,lateral_heading_drift,success
cbf,lateral,off_diagonal_report_only,242,153,0,0,1,1,lateral_heading_drift,lateral_heading_drift
cbf,lateral,off_diagonal_report_only,242,154,1,1,0,0,success,success
cbf,lateral,off_diagonal_report_only,242,155,1,1,0,0,success,success
cbf,lateral,off_diagonal_report_only,242,156,1,1,0,0,success,success
cbf,lateral,off_diagonal_report_only,242,157,0,1,1,0,lateral_heading_drift,success
cbf,lateral,off_diagonal_report_only,242,158,1,1,0,0,success,success
cbf,lateral,off_diagonal_report_only,242,159,1,1,0,0,success,success
cbf,lateral,off_diagonal_report_only,242,160,0,1,1,0,lateral_heading_drift,success
cbf,lateral,off_diagonal_report_only,242,161,1,0,0,1,success,lateral_heading_drift
cbf,lateral,off_diagonal_report_only,242,162,1,1,0,0,success,success
cbf,lateral,off_diagonal_report_only,242,163,1,1,0,0,success,success
cbf,lateral,off_diagonal_report_only,242,164,1,1,0,0,success,success
cbf,lateral,off_diagonal_report_only,242,165,1,1,0,0,success,success
cbf,lateral,off_diagonal_report_only,242,166,1,1,0,0,success,success
cbf,lateral,off_diagonal_report_only,242,167,1,1,0,0,success,success
cbf,lateral,off_diagonal_report_only,242,168,1,1,0,0,success,success
cbf,lateral,off_diagonal_report_only,242,169,1,1,0,0,success,success
cbf,lateral,off_diagonal_report_only,242,170,1,1,0,0,success,success
cbf,lateral,off_diagonal_report_only,242,171,1,1,0,0,success,success
cbf,lateral,off_diagonal_report_only,242,172,1,1,0,0,success,success
cbf,lateral,off_diagonal_report_only,242,173,1,1,0,0,success,success
cbf,lateral,off_diagonal_report_only,242,174,1,1,0,0,success,success
cbf,lateral,off_diagonal_report_only,242,175,1,0,0,1,success,lateral_heading_drift
cbf,lateral,off_diagonal_report_only,242,176,1,0,0,1,success,lateral_heading_drift
cbf,lateral,off_diagonal_report_only,242,177,1,1,0,0,success,success
cbf,lateral,off_diagonal_report_only,242,178,1,1,0,0,success,success
cbf,lateral,off_diagonal_report_only,242,179,0,1,1,0,lateral_heading_drift,success
cbf,lateral,off_diagonal_report_only,242,180,1,1,0,0,success,success
cbf,lateral,off_diagonal_report_only,242,181,1,1,0,0,success,success
cbf,lateral,off_diagonal_report_only,242,182,1,1,0,0,success,success
cbf,lateral,off_diagonal_report_only,242,183,1,1,0,0,success,success
cbf,lateral,off_diagonal_report_only,242,184,1,1,0,0,success,success
cbf,lateral,off_diagonal_report_only,242,185,0,0,1,1,lateral_heading_drift,lateral_heading_drift
cbf,lateral,off_diagonal_report_only,242,186,1,1,0,0,success,success
cbf,lateral,off_diagonal_report_only,242,187,0,1,1,0,lateral_heading_drift,success
cbf,lateral,off_diagonal_report_only,242,188,1,1,0,0,success,success
cbf,lateral,off_diagonal_report_only,242,189,0,0,1,1,lateral_heading_drift,lateral_heading_drift
cbf,lateral,off_diagonal_report_only,242,190,0,1,1,0,lateral_heading_drift,success
cbf,lateral,off_diagonal_report_only,242,191,0,1,1,0,lateral_heading_drift,success
cbf,lateral,off_diagonal_report_only,242,192,1,1,0,0,success,success
cbf,lateral,off_diagonal_report_only,242,193,0,1,1,0,lateral_heading_drift,success
cbf,lateral,off_diagonal_report_only,242,194,1,1,0,0,success,success
cbf,lateral,off_diagonal_report_only,242,195,1,1,0,0,success,success
cbf,lateral,off_diagonal_report_only,242,196,0,1,1,0,lateral_heading_drift,success
cbf,lateral,off_diagonal_report_only,242,197,1,1,0,0,success,success
cbf,lateral,off_diagonal_report_only,242,198,1,1,0,0,success,success
cbf,lateral,off_diagonal_report_only,242,199,1,1,0,0,success,success
cbf,lateral,off_diagonal_report_only,242,200,1,1,0,0,success,success
cbf,lateral,off_diagonal_report_only,242,201,1,0,0,1,success,lateral_heading_drift
cbf,lateral,off_diagonal_report_only,242,202,1,1,0,0,success,success
cbf,lateral,off_diagonal_report_only,242,203,1,1,0,0,success,success
cbf,lateral,off_diagonal_report_only,242,204,1,1,0,0,success,success
cbf,lateral,off_diagonal_report_only,242,205,1,1,0,0,success,success
cbf,lateral,off_diagonal_report_only,242,206,1,1,0,0,success,success
cbf,lateral,off_diagonal_report_only,242,207,1,1,0,0,success,success
cbf,lateral,off_diagonal_report_only,242,208,1,1,0,0,success,success
cbf,lateral,off_diagonal_report_only,242,209,1,1,0,0,success,success
cbf,lateral,off_diagonal_report_only,242,210,1,1,0,0,success,success
cbf,lateral,off_diagonal_report_only,242,211,1,1,0,0,success,success
cbf,lateral,off_diagonal_report_only,242,212,0,1,1,0,lateral_heading_drift,success
cbf,lateral,off_diagonal_report_only,242,213,1,1,0,0,success,success
cbf,lateral,off_diagonal_report_only,242,214,1,1,0,0,success,success
cbf,lateral,off_diagonal_report_only,242,215,1,1,0,0,success,success
cbf,lateral,off_diagonal_report_only,242,216,1,1,0,0,success,success
cbf,lateral,off_diagonal_report_only,242,217,1,1,0,0,success,success
cbf,lateral,off_diagonal_report_only,242,218,1,1,0,0,success,success
cbf,lateral,off_diagonal_report_only,242,219,1,1,0,0,success,success
cbf,lateral,off_diagonal_report_only,242,220,1,1,0,0,success,success
cbf,lateral,off_diagonal_report_only,242,221,1,1,0,0,success,success
cbf,lateral,off_diagonal_report_only,242,222,1,1,0,0,success,success
cbf,lateral,off_diagonal_report_only,242,223,0,1,1,0,lateral_heading_drift,success
cbf,lateral,off_diagonal_report_only,242,224,1,1,0,0,success,success
cbf,lateral,off_diagonal_report_only,242,225,1,1,0,0,success,success
cbf,lateral,off_diagonal_report_only,242,226,1,1,0,0,success,success
cbf,lateral,off_diagonal_report_only,242,227,1,1,0,0,success,success
cbf,lateral,off_diagonal_report_only,242,228,1,1,0,0,success,success
cbf,lateral,off_diagonal_report_only,242,229,1,1,0,0,success,success
cbf,lateral,off_diagonal_report_only,242,230,0,1,1,0,lateral_heading_drift,success
cbf,lateral,off_diagonal_report_only,242,231,1,1,0,0,success,success
cbf,lateral,off_diagonal_report_only,242,232,1,1,0,0,success,success
cbf,lateral,off_diagonal_report_only,242,233,1,0,0,1,success,lateral_heading_drift
cbf,lateral,off_diagonal_report_only,242,234,1,1,0,0,success,success
cbf,lateral,off_diagonal_report_only,242,235,1,1,0,0,success,success
cbf,lateral,off_diagonal_report_only,242,236,1,1,0,0,success,success
cbf,lateral,off_diagonal_report_only,242,237,1,1,0,0,success,success
cbf,lateral,off_diagonal_report_only,242,238,1,1,0,0,success,success
cbf,lateral,off_diagonal_report_only,242,239,1,1,0,0,success,success
cbf,lateral,off_diagonal_report_only,242,240,1,1,0,0,success,success
cbf,lateral,off_diagonal_report_only,242,241,1,1,0,0,success,success
cbf,lateral,off_diagonal_report_only,242,242,1,0,0,1,success,lateral_heading_drift
cbf,lateral,off_diagonal_report_only,242,243,1,0,0,1,success,lateral_heading_drift
cbf,lateral,off_diagonal_report_only,242,244,1,1,0,0,success,success
cbf,lateral,off_diagonal_report_only,242,245,1,1,0,0,success,success
cbf,lateral,off_diagonal_report_only,242,246,1,1,0,0,success,success
cbf,lateral,off_diagonal_report_only,242,247,1,1,0,0,success,success
cbf,lateral,off_diagonal_report_only,242,248,1,1,0,0,success,success
cbf,lateral,off_diagonal_report_only,242,249,1,1,0,0,success,success
cbf,lateral,off_diagonal_report_only,242,250,1,1,0,0,success,success
cbf,lateral,off_diagonal_report_only,242,251,1,1,0,0,success,success
cbf,lateral,off_diagonal_report_only,242,252,1,0,0,1,success,lateral_heading_drift
cbf,lateral,off_diagonal_report_only,242,253,1,1,0,0,success,success
cbf,lateral,off_diagonal_report_only,242,254,1,0,0,1,success,lateral_heading_drift
cbf,lateral,off_diagonal_report_only,242,255,1,1,0,0,success,success
cbf,cbf,diagonal_primary,242,0,0,0,1,1,non_lateral_high_cbf_demand,non_lateral_high_cbf_demand
cbf,cbf,diagonal_primary,242,1,0,0,1,1,lateral_heading_drift,non_lateral_high_cbf_demand
cbf,cbf,diagonal_primary,242,2,0,0,1,1,non_lateral_high_cbf_demand,non_lateral_balance_or_phase
cbf,cbf,diagonal_primary,242,3,0,0,1,1,non_lateral_balance_or_phase,non_lateral_high_cbf_demand
cbf,cbf,diagonal_primary,242,4,0,0,1,1,non_lateral_balance_or_phase,non_lateral_high_cbf_demand
cbf,cbf,diagonal_primary,242,5,0,0,1,1,non_lateral_high_cbf_demand,non_lateral_high_cbf_demand
cbf,cbf,diagonal_primary,242,6,0,0,1,1,non_lateral_high_cbf_demand,non_lateral_high_cbf_demand
cbf,cbf,diagonal_primary,242,7,0,0,1,1,non_lateral_high_cbf_demand,lateral_heading_drift
cbf,cbf,diagonal_primary,242,8,0,0,1,1,non_lateral_high_cbf_demand,non_lateral_balance_or_phase
cbf,cbf,diagonal_primary,242,9,0,0,1,1,non_lateral_high_cbf_demand,lateral_heading_drift
cbf,cbf,diagonal_primary,242,10,0,0,1,1,non_lateral_high_cbf_demand,non_lateral_high_cbf_demand
cbf,cbf,diagonal_primary,242,11,0,0,1,1,non_lateral_high_cbf_demand,non_lateral_high_cbf_demand
cbf,cbf,diagonal_primary,242,12,0,0,1,1,non_lateral_high_cbf_demand,non_lateral_high_cbf_demand
cbf,cbf,diagonal_primary,242,13,0,0,1,1,non_lateral_balance_or_phase,lateral_heading_drift
cbf,cbf,diagonal_primary,242,14,0,0,1,1,non_lateral_high_cbf_demand,non_lateral_high_cbf_demand
cbf,cbf,diagonal_primary,242,15,0,0,1,1,non_lateral_high_cbf_demand,non_lateral_high_cbf_demand
cbf,cbf,diagonal_primary,242,16,0,0,1,1,non_lateral_high_cbf_demand,non_lateral_high_cbf_demand
cbf,cbf,diagonal_primary,242,17,0,0,1,1,non_lateral_high_cbf_demand,lateral_heading_drift
cbf,cbf,diagonal_primary,242,18,0,0,1,1,lateral_heading_drift,non_lateral_high_cbf_demand
cbf,cbf,diagonal_primary,242,19,0,0,1,1,non_lateral_balance_or_phase,non_lateral_high_cbf_demand
cbf,cbf,diagonal_primary,242,20,0,0,1,1,non_lateral_high_cbf_demand,lateral_heading_drift
cbf,cbf,diagonal_primary,242,21,0,0,1,1,non_lateral_high_cbf_demand,non_lateral_high_cbf_demand
cbf,cbf,diagonal_primary,242,22,0,1,1,0,non_lateral_high_cbf_demand,success
cbf,cbf,diagonal_primary,242,23,0,1,1,0,non_lateral_balance_or_phase,success
cbf,cbf,diagonal_primary,242,24,0,1,1,0,lateral_heading_drift,success
cbf,cbf,diagonal_primary,242,25,0,1,1,0,non_lateral_balance_or_phase,success
cbf,cbf,diagonal_primary,242,26,0,1,1,0,non_lateral_high_cbf_demand,success
cbf,cbf,diagonal_primary,242,27,0,1,1,0,non_lateral_high_cbf_demand,success
cbf,cbf,diagonal_primary,242,28,0,1,1,0,non_lateral_high_cbf_demand,success
cbf,cbf,diagonal_primary,242,29,0,1,1,0,non_lateral_high_cbf_demand,success
cbf,cbf,diagonal_primary,242,30,1,1,0,0,success,success
cbf,cbf,diagonal_primary,242,31,1,1,0,0,success,success
cbf,cbf,diagonal_primary,242,32,0,1,1,0,lateral_heading_drift,success
cbf,cbf,diagonal_primary,242,33,1,1,0,0,success,success
cbf,cbf,diagonal_primary,242,34,0,1,1,0,non_lateral_high_cbf_demand,success
cbf,cbf,diagonal_primary,242,35,0,1,1,0,non_lateral_high_cbf_demand,success
cbf,cbf,diagonal_primary,242,36,1,1,0,0,success,success
cbf,cbf,diagonal_primary,242,37,0,1,1,0,non_lateral_high_cbf_demand,success
cbf,cbf,diagonal_primary,242,38,1,1,0,0,success,success
cbf,cbf,diagonal_primary,242,39,1,1,0,0,success,success
cbf,cbf,diagonal_primary,242,40,1,1,0,0,success,success
cbf,cbf,diagonal_primary,242,41,1,1,0,0,success,success
cbf,cbf,diagonal_primary,242,42,1,1,0,0,success,success
cbf,cbf,diagonal_primary,242,43,1,1,0,0,success,success
cbf,cbf,diagonal_primary,242,44,1,1,0,0,success,success
cbf,cbf,diagonal_primary,242,45,1,1,0,0,success,success
cbf,cbf,diagonal_primary,242,46,1,1,0,0,success,success
cbf,cbf,diagonal_primary,242,47,1,1,0,0,success,success
cbf,cbf,diagonal_primary,242,48,0,1,1,0,lateral_heading_drift,success
cbf,cbf,diagonal_primary,242,49,1,1,0,0,success,success
cbf,cbf,diagonal_primary,242,50,1,1,0,0,success,success
cbf,cbf,diagonal_primary,242,51,1,1,0,0,success,success
cbf,cbf,diagonal_primary,242,52,0,1,1,0,non_lateral_high_cbf_demand,success
cbf,cbf,diagonal_primary,242,53,1,1,0,0,success,success
cbf,cbf,diagonal_primary,242,54,1,1,0,0,success,success
cbf,cbf,diagonal_primary,242,55,1,1,0,0,success,success
cbf,cbf,diagonal_primary,242,56,1,1,0,0,success,success
cbf,cbf,diagonal_primary,242,57,0,1,1,0,lateral_heading_drift,success
cbf,cbf,diagonal_primary,242,58,1,1,0,0,success,success
cbf,cbf,diagonal_primary,242,59,1,1,0,0,success,success
cbf,cbf,diagonal_primary,242,60,1,1,0,0,success,success
cbf,cbf,diagonal_primary,242,61,1,1,0,0,success,success
cbf,cbf,diagonal_primary,242,62,1,1,0,0,success,success
cbf,cbf,diagonal_primary,242,63,1,1,0,0,success,success
cbf,cbf,diagonal_primary,242,64,1,1,0,0,success,success
cbf,cbf,diagonal_primary,242,65,1,1,0,0,success,success
cbf,cbf,diagonal_primary,242,66,1,1,0,0,success,success
cbf,cbf,diagonal_primary,242,67,1,1,0,0,success,success
cbf,cbf,diagonal_primary,242,68,1,1,0,0,success,success
cbf,cbf,diagonal_primary,242,69,1,0,0,1,success,lateral_heading_drift
cbf,cbf,diagonal_primary,242,70,1,1,0,0,success,success
cbf,cbf,diagonal_primary,242,71,1,1,0,0,success,success
cbf,cbf,diagonal_primary,242,72,1,1,0,0,success,success
cbf,cbf,diagonal_primary,242,73,1,1,0,0,success,success
cbf,cbf,diagonal_primary,242,74,1,1,0,0,success,success
cbf,cbf,diagonal_primary,242,75,0,1,1,0,lateral_heading_drift,success
cbf,cbf,diagonal_primary,242,76,1,1,0,0,success,success
cbf,cbf,diagonal_primary,242,77,1,1,0,0,success,success
cbf,cbf,diagonal_primary,242,78,1,1,0,0,success,success
cbf,cbf,diagonal_primary,242,79,0,0,1,1,lateral_heading_drift,lateral_heading_drift
cbf,cbf,diagonal_primary,242,80,1,1,0,0,success,success
cbf,cbf,diagonal_primary,242,81,1,1,0,0,success,success
cbf,cbf,diagonal_primary,242,82,1,1,0,0,success,success
cbf,cbf,diagonal_primary,242,83,1,1,0,0,success,success
cbf,cbf,diagonal_primary,242,84,1,1,0,0,success,success
cbf,cbf,diagonal_primary,242,85,1,1,0,0,success,success
cbf,cbf,diagonal_primary,242,86,1,1,0,0,success,success
cbf,cbf,diagonal_primary,242,87,1,1,0,0,success,success
cbf,cbf,diagonal_primary,242,88,1,1,0,0,success,success
cbf,cbf,diagonal_primary,242,89,1,1,0,0,success,success
cbf,cbf,diagonal_primary,242,90,1,1,0,0,success,success
cbf,cbf,diagonal_primary,242,91,1,1,0,0,success,success
cbf,cbf,diagonal_primary,242,92,1,1,0,0,success,success
cbf,cbf,diagonal_primary,242,93,1,1,0,0,success,success
cbf,cbf,diagonal_primary,242,94,1,1,0,0,success,success
cbf,cbf,diagonal_primary,242,95,1,1,0,0,success,success
cbf,cbf,diagonal_primary,242,96,1,1,0,0,success,success
cbf,cbf,diagonal_primary,242,97,1,1,0,0,success,success
cbf,cbf,diagonal_primary,242,98,1,1,0,0,success,success
cbf,cbf,diagonal_primary,242,99,1,1,0,0,success,success
cbf,cbf,diagonal_primary,242,100,1,1,0,0,success,success
cbf,cbf,diagonal_primary,242,101,1,1,0,0,success,success
cbf,cbf,diagonal_primary,242,102,1,1,0,0,success,success
cbf,cbf,diagonal_primary,242,103,0,1,1,0,lateral_heading_drift,success
cbf,cbf,diagonal_primary,242,104,1,1,0,0,success,success
cbf,cbf,diagonal_primary,242,105,1,1,0,0,success,success
cbf,cbf,diagonal_primary,242,106,1,1,0,0,success,success
cbf,cbf,diagonal_primary,242,107,1,1,0,0,success,success
cbf,cbf,diagonal_primary,242,108,1,1,0,0,success,success
cbf,cbf,diagonal_primary,242,109,1,1,0,0,success,success
cbf,cbf,diagonal_primary,242,110,1,1,0,0,success,success
cbf,cbf,diagonal_primary,242,111,1,1,0,0,success,success
cbf,cbf,diagonal_primary,242,112,1,1,0,0,success,success
cbf,cbf,diagonal_primary,242,113,1,1,0,0,success,success
cbf,cbf,diagonal_primary,242,114,1,1,0,0,success,success
cbf,cbf,diagonal_primary,242,115,1,1,0,0,success,success
cbf,cbf,diagonal_primary,242,116,1,1,0,0,success,success
cbf,cbf,diagonal_primary,242,117,1,1,0,0,success,success
cbf,cbf,diagonal_primary,242,118,1,1,0,0,success,success
cbf,cbf,diagonal_primary,242,119,1,1,0,0,success,success
cbf,cbf,diagonal_primary,242,120,1,1,0,0,success,success
cbf,cbf,diagonal_primary,242,121,1,1,0,0,success,success
cbf,cbf,diagonal_primary,242,122,1,1,0,0,success,success
cbf,cbf,diagonal_primary,242,123,1,1,0,0,success,success
cbf,cbf,diagonal_primary,242,124,1,1,0,0,success,success
cbf,cbf,diagonal_primary,242,125,1,1,0,0,success,success
cbf,cbf,diagonal_primary,242,126,1,1,0,0,success,success
cbf,cbf,diagonal_primary,242,127,1,1,0,0,success,success
cbf,cbf,diagonal_primary,242,128,0,0,1,1,non_lateral_high_cbf_demand,non_lateral_high_cbf_demand
cbf,cbf,diagonal_primary,242,129,0,0,1,1,non_lateral_high_cbf_demand,non_lateral_high_cbf_demand
cbf,cbf,diagonal_primary,242,130,0,0,1,1,non_lateral_high_cbf_demand,non_lateral_high_cbf_demand
cbf,cbf,diagonal_primary,242,131,0,0,1,1,non_lateral_high_cbf_demand,non_lateral_high_cbf_demand
cbf,cbf,diagonal_primary,242,132,0,0,1,1,non_lateral_high_cbf_demand,non_lateral_high_cbf_demand
cbf,cbf,diagonal_primary,242,133,0,0,1,1,non_lateral_high_cbf_demand,non_lateral_high_cbf_demand
cbf,cbf,diagonal_primary,242,134,0,0,1,1,non_lateral_high_cbf_demand,non_lateral_high_cbf_demand
cbf,cbf,diagonal_primary,242,135,0,0,1,1,non_lateral_high_cbf_demand,non_lateral_high_cbf_demand
cbf,cbf,diagonal_primary,242,136,0,0,1,1,non_lateral_high_cbf_demand,non_lateral_high_cbf_demand
cbf,cbf,diagonal_primary,242,137,0,0,1,1,lateral_heading_drift,non_lateral_high_cbf_demand
cbf,cbf,diagonal_primary,242,138,0,0,1,1,non_lateral_high_cbf_demand,non_lateral_high_cbf_demand
cbf,cbf,diagonal_primary,242,139,0,0,1,1,non_lateral_high_cbf_demand,non_lateral_high_cbf_demand
cbf,cbf,diagonal_primary,242,140,1,0,0,1,success,non_lateral_high_cbf_demand
cbf,cbf,diagonal_primary,242,141,1,0,0,1,success,non_lateral_high_cbf_demand
cbf,cbf,diagonal_primary,242,142,1,0,0,1,success,non_lateral_high_cbf_demand
cbf,cbf,diagonal_primary,242,143,1,0,0,1,success,non_lateral_high_cbf_demand
cbf,cbf,diagonal_primary,242,144,1,0,0,1,success,non_lateral_high_cbf_demand
cbf,cbf,diagonal_primary,242,145,1,0,0,1,success,lateral_heading_drift
cbf,cbf,diagonal_primary,242,146,1,0,0,1,success,non_lateral_high_cbf_demand
cbf,cbf,diagonal_primary,242,147,1,0,0,1,success,non_lateral_high_cbf_demand
cbf,cbf,diagonal_primary,242,148,1,1,0,0,success,success
cbf,cbf,diagonal_primary,242,149,1,1,0,0,success,success
cbf,cbf,diagonal_primary,242,150,1,0,0,1,success,lateral_heading_drift
cbf,cbf,diagonal_primary,242,151,1,0,0,1,success,non_lateral_high_cbf_demand
cbf,cbf,diagonal_primary,242,152,1,0,0,1,success,non_lateral_high_cbf_demand
cbf,cbf,diagonal_primary,242,153,1,0,0,1,success,non_lateral_high_cbf_demand
cbf,cbf,diagonal_primary,242,154,1,0,0,1,success,non_lateral_high_cbf_demand
cbf,cbf,diagonal_primary,242,155,1,1,0,0,success,success
cbf,cbf,diagonal_primary,242,156,1,1,0,0,success,success
cbf,cbf,diagonal_primary,242,157,1,1,0,0,success,success
cbf,cbf,diagonal_primary,242,158,1,0,0,1,success,non_lateral_high_cbf_demand
cbf,cbf,diagonal_primary,242,159,1,1,0,0,success,success
cbf,cbf,diagonal_primary,242,160,1,1,0,0,success,success
cbf,cbf,diagonal_primary,242,161,1,1,0,0,success,success
cbf,cbf,diagonal_primary,242,162,1,1,0,0,success,success
cbf,cbf,diagonal_primary,242,163,1,1,0,0,success,success
cbf,cbf,diagonal_primary,242,164,0,1,1,0,lateral_heading_drift,success
cbf,cbf,diagonal_primary,242,165,1,1,0,0,success,success
cbf,cbf,diagonal_primary,242,166,1,0,0,1,success,non_lateral_high_cbf_demand
cbf,cbf,diagonal_primary,242,167,1,1,0,0,success,success
cbf,cbf,diagonal_primary,242,168,1,1,0,0,success,success
cbf,cbf,diagonal_primary,242,169,1,1,0,0,success,success
cbf,cbf,diagonal_primary,242,170,1,1,0,0,success,success
cbf,cbf,diagonal_primary,242,171,1,1,0,0,success,success
cbf,cbf,diagonal_primary,242,172,1,1,0,0,success,success
cbf,cbf,diagonal_primary,242,173,1,1,0,0,success,success
cbf,cbf,diagonal_primary,242,174,1,1,0,0,success,success
cbf,cbf,diagonal_primary,242,175,1,1,0,0,success,success
cbf,cbf,diagonal_primary,242,176,1,1,0,0,success,success
cbf,cbf,diagonal_primary,242,177,1,1,0,0,success,success
cbf,cbf,diagonal_primary,242,178,1,1,0,0,success,success
cbf,cbf,diagonal_primary,242,179,0,1,1,0,non_lateral_high_cbf_demand,success
cbf,cbf,diagonal_primary,242,180,1,1,0,0,success,success
cbf,cbf,diagonal_primary,242,181,1,0,0,1,success,non_lateral_high_cbf_demand
cbf,cbf,diagonal_primary,242,182,1,1,0,0,success,success
cbf,cbf,diagonal_primary,242,183,0,1,1,0,lateral_heading_drift,success
cbf,cbf,diagonal_primary,242,184,1,1,0,0,success,success
cbf,cbf,diagonal_primary,242,185,1,1,0,0,success,success
cbf,cbf,diagonal_primary,242,186,1,1,0,0,success,success
cbf,cbf,diagonal_primary,242,187,1,1,0,0,success,success
cbf,cbf,diagonal_primary,242,188,1,1,0,0,success,success
cbf,cbf,diagonal_primary,242,189,1,1,0,0,success,success
cbf,cbf,diagonal_primary,242,190,1,1,0,0,success,success
cbf,cbf,diagonal_primary,242,191,1,1,0,0,success,success
cbf,cbf,diagonal_primary,242,192,1,1,0,0,success,success
cbf,cbf,diagonal_primary,242,193,1,1,0,0,success,success
cbf,cbf,diagonal_primary,242,194,1,1,0,0,success,success
cbf,cbf,diagonal_primary,242,195,1,1,0,0,success,success
cbf,cbf,diagonal_primary,242,196,1,1,0,0,success,success
cbf,cbf,diagonal_primary,242,197,0,1,1,0,non_lateral_high_cbf_demand,success
cbf,cbf,diagonal_primary,242,198,1,1,0,0,success,success
cbf,cbf,diagonal_primary,242,199,1,1,0,0,success,success
cbf,cbf,diagonal_primary,242,200,1,1,0,0,success,success
cbf,cbf,diagonal_primary,242,201,1,1,0,0,success,success
cbf,cbf,diagonal_primary,242,202,1,1,0,0,success,success
cbf,cbf,diagonal_primary,242,203,1,1,0,0,success,success
cbf,cbf,diagonal_primary,242,204,1,1,0,0,success,success
cbf,cbf,diagonal_primary,242,205,1,1,0,0,success,success
cbf,cbf,diagonal_primary,242,206,1,1,0,0,success,success
cbf,cbf,diagonal_primary,242,207,1,1,0,0,success,success
cbf,cbf,diagonal_primary,242,208,1,1,0,0,success,success
cbf,cbf,diagonal_primary,242,209,1,1,0,0,success,success
cbf,cbf,diagonal_primary,242,210,1,1,0,0,success,success
cbf,cbf,diagonal_primary,242,211,1,1,0,0,success,success
cbf,cbf,diagonal_primary,242,212,1,1,0,0,success,success
cbf,cbf,diagonal_primary,242,213,1,1,0,0,success,success
cbf,cbf,diagonal_primary,242,214,1,1,0,0,success,success
cbf,cbf,diagonal_primary,242,215,1,1,0,0,success,success
cbf,cbf,diagonal_primary,242,216,1,1,0,0,success,success
cbf,cbf,diagonal_primary,242,217,1,1,0,0,success,success
cbf,cbf,diagonal_primary,242,218,1,1,0,0,success,success
cbf,cbf,diagonal_primary,242,219,0,1,1,0,non_lateral_high_cbf_demand,success
cbf,cbf,diagonal_primary,242,220,1,1,0,0,success,success
cbf,cbf,diagonal_primary,242,221,1,1,0,0,success,success
cbf,cbf,diagonal_primary,242,222,1,1,0,0,success,success
cbf,cbf,diagonal_primary,242,223,1,1,0,0,success,success
cbf,cbf,diagonal_primary,242,224,1,1,0,0,success,success
cbf,cbf,diagonal_primary,242,225,1,1,0,0,success,success
cbf,cbf,diagonal_primary,242,226,1,1,0,0,success,success
cbf,cbf,diagonal_primary,242,227,0,1,1,0,lateral_heading_drift,success
cbf,cbf,diagonal_primary,242,228,1,1,0,0,success,success
cbf,cbf,diagonal_primary,242,229,1,1,0,0,success,success
cbf,cbf,diagonal_primary,242,230,1,1,0,0,success,success
cbf,cbf,diagonal_primary,242,231,1,1,0,0,success,success
cbf,cbf,diagonal_primary,242,232,1,1,0,0,success,success
cbf,cbf,diagonal_primary,242,233,1,1,0,0,success,success
cbf,cbf,diagonal_primary,242,234,1,1,0,0,success,success
cbf,cbf,diagonal_primary,242,235,1,1,0,0,success,success
cbf,cbf,diagonal_primary,242,236,1,1,0,0,success,success
cbf,cbf,diagonal_primary,242,237,1,1,0,0,success,success
cbf,cbf,diagonal_primary,242,238,1,1,0,0,success,success
cbf,cbf,diagonal_primary,242,239,0,1,1,0,lateral_heading_drift,success
cbf,cbf,diagonal_primary,242,240,1,1,0,0,success,success
cbf,cbf,diagonal_primary,242,241,1,1,0,0,success,success
cbf,cbf,diagonal_primary,242,242,1,1,0,0,success,success
cbf,cbf,diagonal_primary,242,243,1,1,0,0,success,success
cbf,cbf,diagonal_primary,242,244,1,1,0,0,success,success
cbf,cbf,diagonal_primary,242,245,1,1,0,0,success,success
cbf,cbf,diagonal_primary,242,246,1,1,0,0,success,success
cbf,cbf,diagonal_primary,242,247,1,1,0,0,success,success
cbf,cbf,diagonal_primary,242,248,1,1,0,0,success,success
cbf,cbf,diagonal_primary,242,249,1,1,0,0,success,success
cbf,cbf,diagonal_primary,242,250,1,1,0,0,success,success
cbf,cbf,diagonal_primary,242,251,1,0,0,1,success,lateral_heading_drift
cbf,cbf,diagonal_primary,242,252,1,1,0,0,success,success
cbf,cbf,diagonal_primary,242,253,1,0,0,1,success,lateral_heading_drift
cbf,cbf,diagonal_primary,242,254,1,1,0,0,success,success
cbf,cbf,diagonal_primary,242,255,1,1,0,0,success,success
cbf,cbf,diagonal_primary,242,256,0,0,1,1,lateral_heading_drift,non_lateral_high_cbf_demand
cbf,cbf,diagonal_primary,242,257,0,0,1,1,non_lateral_balance_or_phase,non_lateral_high_cbf_demand
cbf,cbf,diagonal_primary,242,258,0,0,1,1,non_lateral_high_cbf_demand,non_lateral_high_cbf_demand
cbf,cbf,diagonal_primary,242,259,0,0,1,1,non_lateral_high_cbf_demand,non_lateral_high_cbf_demand
cbf,cbf,diagonal_primary,242,260,0,0,1,1,non_lateral_high_cbf_demand,non_lateral_balance_or_phase
cbf,cbf,diagonal_primary,242,261,0,0,1,1,non_lateral_high_cbf_demand,non_lateral_high_cbf_demand
cbf,cbf,diagonal_primary,242,262,0,0,1,1,non_lateral_high_cbf_demand,lateral_heading_drift
cbf,cbf,diagonal_primary,242,263,0,0,1,1,non_lateral_high_cbf_demand,non_lateral_high_cbf_demand
cbf,cbf,diagonal_primary,242,264,0,0,1,1,non_lateral_high_cbf_demand,non_lateral_high_cbf_demand
cbf,cbf,diagonal_primary,242,265,0,0,1,1,lateral_heading_drift,non_lateral_high_cbf_demand
cbf,cbf,diagonal_primary,242,266,0,0,1,1,non_lateral_high_cbf_demand,non_lateral_high_cbf_demand
cbf,cbf,diagonal_primary,242,267,0,0,1,1,non_lateral_high_cbf_demand,non_lateral_high_cbf_demand
cbf,cbf,diagonal_primary,242,268,0,0,1,1,non_lateral_high_cbf_demand,non_lateral_high_cbf_demand
cbf,cbf,diagonal_primary,242,269,0,0,1,1,non_lateral_high_cbf_demand,non_lateral_high_cbf_demand
cbf,cbf,diagonal_primary,242,270,0,0,1,1,non_lateral_high_cbf_demand,non_lateral_high_cbf_demand
cbf,cbf,diagonal_primary,242,271,0,0,1,1,non_lateral_high_cbf_demand,non_lateral_high_cbf_demand
cbf,cbf,diagonal_primary,242,272,0,0,1,1,lateral_heading_drift,non_lateral_balance_or_phase
cbf,cbf,diagonal_primary,242,273,0,0,1,1,non_lateral_high_cbf_demand,lateral_heading_drift
cbf,cbf,diagonal_primary,242,274,0,0,1,1,non_lateral_high_cbf_demand,non_lateral_high_cbf_demand
cbf,cbf,diagonal_primary,242,275,0,0,1,1,non_lateral_high_cbf_demand,non_lateral_balance_or_phase
cbf,cbf,diagonal_primary,242,276,0,0,1,1,non_lateral_high_cbf_demand,lateral_heading_drift
cbf,cbf,diagonal_primary,242,277,0,0,1,1,lateral_heading_drift,non_lateral_high_cbf_demand
cbf,cbf,diagonal_primary,242,278,0,0,1,1,non_lateral_high_cbf_demand,lateral_heading_drift
cbf,cbf,diagonal_primary,242,279,0,0,1,1,non_lateral_high_cbf_demand,non_lateral_high_cbf_demand
cbf,cbf,diagonal_primary,242,280,0,0,1,1,lateral_heading_drift,non_lateral_high_cbf_demand
cbf,cbf,diagonal_primary,242,281,0,0,1,1,non_lateral_high_cbf_demand,non_lateral_high_cbf_demand
cbf,cbf,diagonal_primary,242,282,0,0,1,1,non_lateral_high_cbf_demand,lateral_heading_drift
cbf,cbf,diagonal_primary,242,283,1,1,0,0,success,success
cbf,cbf,diagonal_primary,242,284,0,1,1,0,non_lateral_high_cbf_demand,success
cbf,cbf,diagonal_primary,242,285,0,1,1,0,non_lateral_high_cbf_demand,success
cbf,cbf,diagonal_primary,242,286,1,1,0,0,success,success
cbf,cbf,diagonal_primary,242,287,1,1,0,0,success,success
cbf,cbf,diagonal_primary,242,288,1,0,0,1,success,lateral_heading_drift
cbf,cbf,diagonal_primary,242,289,1,1,0,0,success,success
cbf,cbf,diagonal_primary,242,290,1,1,0,0,success,success
cbf,cbf,diagonal_primary,242,291,0,1,1,0,non_lateral_high_cbf_demand,success
cbf,cbf,diagonal_primary,242,292,0,1,1,0,non_lateral_balance_or_phase,success
cbf,cbf,diagonal_primary,242,293,1,1,0,0,success,success
cbf,cbf,diagonal_primary,242,294,1,1,0,0,success,success
cbf,cbf,diagonal_primary,242,295,1,1,0,0,success,success
cbf,cbf,diagonal_primary,242,296,1,1,0,0,success,success
cbf,cbf,diagonal_primary,242,297,1,1,0,0,success,success
cbf,cbf,diagonal_primary,242,298,1,1,0,0,success,success
cbf,cbf,diagonal_primary,242,299,1,1,0,0,success,success
cbf,cbf,diagonal_primary,242,300,1,1,0,0,success,success
cbf,cbf,diagonal_primary,242,301,1,1,0,0,success,success
cbf,cbf,diagonal_primary,242,302,1,0,0,1,success,non_lateral_high_cbf_demand
cbf,cbf,diagonal_primary,242,303,1,1,0,0,success,success
cbf,cbf,diagonal_primary,242,304,1,1,0,0,success,success
cbf,cbf,diagonal_primary,242,305,1,1,0,0,success,success
cbf,cbf,diagonal_primary,242,306,1,1,0,0,success,success
cbf,cbf,diagonal_primary,242,307,1,1,0,0,success,success
cbf,cbf,diagonal_primary,242,308,1,1,0,0,success,success
cbf,cbf,diagonal_primary,242,309,1,1,0,0,success,success
cbf,cbf,diagonal_primary,242,310,1,1,0,0,success,success
cbf,cbf,diagonal_primary,242,311,1,1,0,0,success,success
cbf,cbf,diagonal_primary,242,312,1,1,0,0,success,success
cbf,cbf,diagonal_primary,242,313,1,1,0,0,success,success
cbf,cbf,diagonal_primary,242,314,1,1,0,0,success,success
cbf,cbf,diagonal_primary,242,315,1,1,0,0,success,success
cbf,cbf,diagonal_primary,242,316,1,1,0,0,success,success
cbf,cbf,diagonal_primary,242,317,1,1,0,0,success,success
cbf,cbf,diagonal_primary,242,318,1,1,0,0,success,success
cbf,cbf,diagonal_primary,242,319,1,1,0,0,success,success
cbf,cbf,diagonal_primary,242,320,1,1,0,0,success,success
cbf,cbf,diagonal_primary,242,321,1,1,0,0,success,success
cbf,cbf,diagonal_primary,242,322,1,1,0,0,success,success
cbf,cbf,diagonal_primary,242,323,1,1,0,0,success,success
cbf,cbf,diagonal_primary,242,324,1,1,0,0,success,success
cbf,cbf,diagonal_primary,242,325,1,1,0,0,success,success
cbf,cbf,diagonal_primary,242,326,1,1,0,0,success,success
cbf,cbf,diagonal_primary,242,327,1,0,0,1,success,lateral_heading_drift
cbf,cbf,diagonal_primary,242,328,1,1,0,0,success,success
cbf,cbf,diagonal_primary,242,329,1,1,0,0,success,success
cbf,cbf,diagonal_primary,242,330,1,0,0,1,success,lateral_heading_drift
cbf,cbf,diagonal_primary,242,331,1,1,0,0,success,success
cbf,cbf,diagonal_primary,242,332,1,1,0,0,success,success
cbf,cbf,diagonal_primary,242,333,1,1,0,0,success,success
cbf,cbf,diagonal_primary,242,334,1,1,0,0,success,success
cbf,cbf,diagonal_primary,242,335,1,1,0,0,success,success
cbf,cbf,diagonal_primary,242,336,1,1,0,0,success,success
cbf,cbf,diagonal_primary,242,337,1,1,0,0,success,success
cbf,cbf,diagonal_primary,242,338,1,1,0,0,success,success
cbf,cbf,diagonal_primary,242,339,1,1,0,0,success,success
cbf,cbf,diagonal_primary,242,340,1,1,0,0,success,success
cbf,cbf,diagonal_primary,242,341,1,1,0,0,success,success
cbf,cbf,diagonal_primary,242,342,1,1,0,0,success,success
cbf,cbf,diagonal_primary,242,343,1,1,0,0,success,success
cbf,cbf,diagonal_primary,242,344,1,1,0,0,success,success
cbf,cbf,diagonal_primary,242,345,1,1,0,0,success,success
cbf,cbf,diagonal_primary,242,346,1,1,0,0,success,success
cbf,cbf,diagonal_primary,242,347,1,1,0,0,success,success
cbf,cbf,diagonal_primary,242,348,1,1,0,0,success,success
cbf,cbf,diagonal_primary,242,349,1,1,0,0,success,success
cbf,cbf,diagonal_primary,242,350,1,1,0,0,success,success
cbf,cbf,diagonal_primary,242,351,1,1,0,0,success,success
cbf,cbf,diagonal_primary,242,352,1,1,0,0,success,success
cbf,cbf,diagonal_primary,242,353,1,1,0,0,success,success
cbf,cbf,diagonal_primary,242,354,1,1,0,0,success,success
cbf,cbf,diagonal_primary,242,355,1,1,0,0,success,success
cbf,cbf,diagonal_primary,242,356,1,1,0,0,success,success
cbf,cbf,diagonal_primary,242,357,1,1,0,0,success,success
cbf,cbf,diagonal_primary,242,358,1,1,0,0,success,success
cbf,cbf,diagonal_primary,242,359,1,1,0,0,success,success
cbf,cbf,diagonal_primary,242,360,0,1,1,0,lateral_heading_drift,success
cbf,cbf,diagonal_primary,242,361,1,1,0,0,success,success
cbf,cbf,diagonal_primary,242,362,1,1,0,0,success,success
cbf,cbf,diagonal_primary,242,363,1,1,0,0,success,success
cbf,cbf,diagonal_primary,242,364,1,1,0,0,success,success
cbf,cbf,diagonal_primary,242,365,1,1,0,0,success,success
cbf,cbf,diagonal_primary,242,366,1,1,0,0,success,success
cbf,cbf,diagonal_primary,242,367,1,1,0,0,success,success
cbf,cbf,diagonal_primary,242,368,1,1,0,0,success,success
cbf,cbf,diagonal_primary,242,369,1,1,0,0,success,success
cbf,cbf,diagonal_primary,242,370,1,1,0,0,success,success
cbf,cbf,diagonal_primary,242,371,1,1,0,0,success,success
cbf,cbf,diagonal_primary,242,372,0,1,1,0,lateral_heading_drift,success
cbf,cbf,diagonal_primary,242,373,1,1,0,0,success,success
cbf,cbf,diagonal_primary,242,374,1,1,0,0,success,success
cbf,cbf,diagonal_primary,242,375,1,1,0,0,success,success
cbf,cbf,diagonal_primary,242,376,0,1,1,0,lateral_heading_drift,success
cbf,cbf,diagonal_primary,242,377,1,1,0,0,success,success
cbf,cbf,diagonal_primary,242,378,1,1,0,0,success,success
cbf,cbf,diagonal_primary,242,379,1,1,0,0,success,success
cbf,cbf,diagonal_primary,242,380,1,1,0,0,success,success
cbf,cbf,diagonal_primary,242,381,1,1,0,0,success,success
cbf,cbf,diagonal_primary,242,382,1,1,0,0,success,success
cbf,cbf,diagonal_primary,242,383,1,1,0,0,success,success
cbf,cbf,diagonal_primary,242,384,0,0,1,1,non_lateral_high_cbf_demand,non_lateral_high_cbf_demand
cbf,cbf,diagonal_primary,242,385,0,0,1,1,non_lateral_high_cbf_demand,non_lateral_high_cbf_demand
cbf,cbf,diagonal_primary,242,386,0,0,1,1,lateral_heading_drift,non_lateral_high_cbf_demand
cbf,cbf,diagonal_primary,242,387,0,0,1,1,non_lateral_high_cbf_demand,non_lateral_high_cbf_demand
cbf,cbf,diagonal_primary,242,388,0,0,1,1,non_lateral_high_cbf_demand,non_lateral_high_cbf_demand
cbf,cbf,diagonal_primary,242,389,0,0,1,1,non_lateral_high_cbf_demand,non_lateral_high_cbf_demand
cbf,cbf,diagonal_primary,242,390,0,0,1,1,non_lateral_high_cbf_demand,non_lateral_high_cbf_demand
cbf,cbf,diagonal_primary,242,391,0,0,1,1,non_lateral_high_cbf_demand,non_lateral_balance_or_phase
cbf,cbf,diagonal_primary,242,392,0,0,1,1,non_lateral_high_cbf_demand,non_lateral_high_cbf_demand
cbf,cbf,diagonal_primary,242,393,0,0,1,1,non_lateral_high_cbf_demand,non_lateral_high_cbf_demand
cbf,cbf,diagonal_primary,242,394,0,0,1,1,non_lateral_high_cbf_demand,non_lateral_high_cbf_demand
cbf,cbf,diagonal_primary,242,395,0,0,1,1,non_lateral_high_cbf_demand,non_lateral_high_cbf_demand
cbf,cbf,diagonal_primary,242,396,0,0,1,1,non_lateral_high_cbf_demand,non_lateral_high_cbf_demand
cbf,cbf,diagonal_primary,242,397,0,0,1,1,non_lateral_high_cbf_demand,non_lateral_high_cbf_demand
cbf,cbf,diagonal_primary,242,398,0,0,1,1,non_lateral_high_cbf_demand,non_lateral_high_cbf_demand
cbf,cbf,diagonal_primary,242,399,0,0,1,1,non_lateral_high_cbf_demand,non_lateral_high_cbf_demand
cbf,cbf,diagonal_primary,242,400,0,0,1,1,lateral_heading_drift,non_lateral_high_cbf_demand
cbf,cbf,diagonal_primary,242,401,0,1,1,0,non_lateral_high_cbf_demand,success
cbf,cbf,diagonal_primary,242,402,0,0,1,1,non_lateral_balance_or_phase,lateral_heading_drift
cbf,cbf,diagonal_primary,242,403,0,1,1,0,non_lateral_high_cbf_demand,success
cbf,cbf,diagonal_primary,242,404,0,1,1,0,non_lateral_balance_or_phase,success
cbf,cbf,diagonal_primary,242,405,0,1,1,0,non_lateral_high_cbf_demand,success
cbf,cbf,diagonal_primary,242,406,0,0,1,1,non_lateral_high_cbf_demand,non_lateral_high_cbf_demand
cbf,cbf,diagonal_primary,242,407,1,1,0,0,success,success
cbf,cbf,diagonal_primary,242,408,1,1,0,0,success,success
cbf,cbf,diagonal_primary,242,409,1,1,0,0,success,success
cbf,cbf,diagonal_primary,242,410,1,1,0,0,success,success
cbf,cbf,diagonal_primary,242,411,1,1,0,0,success,success
cbf,cbf,diagonal_primary,242,412,1,1,0,0,success,success
cbf,cbf,diagonal_primary,242,413,1,1,0,0,success,success
cbf,cbf,diagonal_primary,242,414,1,1,0,0,success,success
cbf,cbf,diagonal_primary,242,415,1,1,0,0,success,success
cbf,cbf,diagonal_primary,242,416,1,1,0,0,success,success
cbf,cbf,diagonal_primary,242,417,1,0,0,1,success,non_lateral_high_cbf_demand
cbf,cbf,diagonal_primary,242,418,1,1,0,0,success,success
cbf,cbf,diagonal_primary,242,419,1,1,0,0,success,success
cbf,cbf,diagonal_primary,242,420,1,1,0,0,success,success
cbf,cbf,diagonal_primary,242,421,1,0,0,1,success,lateral_heading_drift
cbf,cbf,diagonal_primary,242,422,1,1,0,0,success,success
cbf,cbf,diagonal_primary,242,423,1,1,0,0,success,success
cbf,cbf,diagonal_primary,242,424,1,1,0,0,success,success
cbf,cbf,diagonal_primary,242,425,1,1,0,0,success,success
cbf,cbf,diagonal_primary,242,426,1,1,0,0,success,success
cbf,cbf,diagonal_primary,242,427,1,1,0,0,success,success
cbf,cbf,diagonal_primary,242,428,1,1,0,0,success,success
cbf,cbf,diagonal_primary,242,429,1,1,0,0,success,success
cbf,cbf,diagonal_primary,242,430,1,1,0,0,success,success
cbf,cbf,diagonal_primary,242,431,1,1,0,0,success,success
cbf,cbf,diagonal_primary,242,432,1,1,0,0,success,success
cbf,cbf,diagonal_primary,242,433,1,1,0,0,success,success
cbf,cbf,diagonal_primary,242,434,1,0,0,1,success,lateral_heading_drift
cbf,cbf,diagonal_primary,242,435,1,1,0,0,success,success
cbf,cbf,diagonal_primary,242,436,0,1,1,0,lateral_heading_drift,success
cbf,cbf,diagonal_primary,242,437,1,1,0,0,success,success
cbf,cbf,diagonal_primary,242,438,1,1,0,0,success,success
cbf,cbf,diagonal_primary,242,439,1,1,0,0,success,success
cbf,cbf,diagonal_primary,242,440,1,1,0,0,success,success
cbf,cbf,diagonal_primary,242,441,1,1,0,0,success,success
cbf,cbf,diagonal_primary,242,442,1,1,0,0,success,success
cbf,cbf,diagonal_primary,242,443,1,1,0,0,success,success
cbf,cbf,diagonal_primary,242,444,1,1,0,0,success,success
cbf,cbf,diagonal_primary,242,445,1,1,0,0,success,success
cbf,cbf,diagonal_primary,242,446,1,1,0,0,success,success
cbf,cbf,diagonal_primary,242,447,1,1,0,0,success,success
cbf,cbf,diagonal_primary,242,448,1,1,0,0,success,success
cbf,cbf,diagonal_primary,242,449,1,1,0,0,success,success
cbf,cbf,diagonal_primary,242,450,1,1,0,0,success,success
cbf,cbf,diagonal_primary,242,451,1,1,0,0,success,success
cbf,cbf,diagonal_primary,242,452,1,1,0,0,success,success
cbf,cbf,diagonal_primary,242,453,1,1,0,0,success,success
cbf,cbf,diagonal_primary,242,454,1,1,0,0,success,success
cbf,cbf,diagonal_primary,242,455,1,1,0,0,success,success
cbf,cbf,diagonal_primary,242,456,1,1,0,0,success,success
cbf,cbf,diagonal_primary,242,457,1,1,0,0,success,success
cbf,cbf,diagonal_primary,242,458,1,1,0,0,success,success
cbf,cbf,diagonal_primary,242,459,1,1,0,0,success,success
cbf,cbf,diagonal_primary,242,460,1,1,0,0,success,success
cbf,cbf,diagonal_primary,242,461,1,1,0,0,success,success
cbf,cbf,diagonal_primary,242,462,1,1,0,0,success,success
cbf,cbf,diagonal_primary,242,463,1,1,0,0,success,success
cbf,cbf,diagonal_primary,242,464,1,1,0,0,success,success
cbf,cbf,diagonal_primary,242,465,1,1,0,0,success,success
cbf,cbf,diagonal_primary,242,466,1,1,0,0,success,success
cbf,cbf,diagonal_primary,242,467,1,1,0,0,success,success
cbf,cbf,diagonal_primary,242,468,1,1,0,0,success,success
cbf,cbf,diagonal_primary,242,469,1,1,0,0,success,success
cbf,cbf,diagonal_primary,242,470,1,1,0,0,success,success
cbf,cbf,diagonal_primary,242,471,0,1,1,0,non_lateral_high_cbf_demand,success
cbf,cbf,diagonal_primary,242,472,1,1,0,0,success,success
cbf,cbf,diagonal_primary,242,473,0,1,1,0,lateral_heading_drift,success
cbf,cbf,diagonal_primary,242,474,1,1,0,0,success,success
cbf,cbf,diagonal_primary,242,475,1,1,0,0,success,success
cbf,cbf,diagonal_primary,242,476,1,1,0,0,success,success
cbf,cbf,diagonal_primary,242,477,1,1,0,0,success,success
cbf,cbf,diagonal_primary,242,478,1,1,0,0,success,success
cbf,cbf,diagonal_primary,242,479,1,1,0,0,success,success
cbf,cbf,diagonal_primary,242,480,1,1,0,0,success,success
cbf,cbf,diagonal_primary,242,481,1,1,0,0,success,success
cbf,cbf,diagonal_primary,242,482,1,1,0,0,success,success
cbf,cbf,diagonal_primary,242,483,1,1,0,0,success,success
cbf,cbf,diagonal_primary,242,484,1,1,0,0,success,success
cbf,cbf,diagonal_primary,242,485,1,1,0,0,success,success
cbf,cbf,diagonal_primary,242,486,1,1,0,0,success,success
cbf,cbf,diagonal_primary,242,487,1,1,0,0,success,success
cbf,cbf,diagonal_primary,242,488,1,1,0,0,success,success
cbf,cbf,diagonal_primary,242,489,1,1,0,0,success,success
cbf,cbf,diagonal_primary,242,490,1,1,0,0,success,success
cbf,cbf,diagonal_primary,242,491,1,1,0,0,success,success
cbf,cbf,diagonal_primary,242,492,1,0,0,1,success,lateral_heading_drift
cbf,cbf,diagonal_primary,242,493,1,1,0,0,success,success
cbf,cbf,diagonal_primary,242,494,1,1,0,0,success,success
cbf,cbf,diagonal_primary,242,495,1,1,0,0,success,success
cbf,cbf,diagonal_primary,242,496,1,1,0,0,success,success
cbf,cbf,diagonal_primary,242,497,1,1,0,0,success,success
cbf,cbf,diagonal_primary,242,498,1,1,0,0,success,success
cbf,cbf,diagonal_primary,242,499,1,1,0,0,success,success
cbf,cbf,diagonal_primary,242,500,1,1,0,0,success,success
cbf,cbf,diagonal_primary,242,501,1,1,0,0,success,success
cbf,cbf,diagonal_primary,242,502,1,1,0,0,success,success
cbf,cbf,diagonal_primary,242,503,1,1,0,0,success,success
cbf,cbf,diagonal_primary,242,504,1,1,0,0,success,success
cbf,cbf,diagonal_primary,242,505,1,1,0,0,success,success
cbf,cbf,diagonal_primary,242,506,1,1,0,0,success,success
cbf,cbf,diagonal_primary,242,507,1,1,0,0,success,success
cbf,cbf,diagonal_primary,242,508,1,1,0,0,success,success
cbf,cbf,diagonal_primary,242,509,0,1,1,0,lateral_heading_drift,success
cbf,cbf,diagonal_primary,242,510,1,1,0,0,success,success
cbf,cbf,diagonal_primary,242,511,1,1,0,0,success,success
cbf,balance,off_diagonal_report_only,242,0,0,0,1,1,non_lateral_balance_or_phase,non_lateral_balance_or_phase
cbf,balance,off_diagonal_report_only,242,1,0,0,1,1,non_lateral_balance_or_phase,non_lateral_balance_or_phase
cbf,balance,off_diagonal_report_only,242,2,0,0,1,1,non_lateral_balance_or_phase,non_lateral_balance_or_phase
cbf,balance,off_diagonal_report_only,242,3,0,0,1,1,non_lateral_balance_or_phase,non_lateral_balance_or_phase
cbf,balance,off_diagonal_report_only,242,4,0,0,1,1,non_lateral_balance_or_phase,non_lateral_balance_or_phase
cbf,balance,off_diagonal_report_only,242,5,0,0,1,1,non_lateral_balance_or_phase,non_lateral_balance_or_phase
cbf,balance,off_diagonal_report_only,242,6,0,0,1,1,non_lateral_high_cbf_demand,non_lateral_balance_or_phase
cbf,balance,off_diagonal_report_only,242,7,0,0,1,1,non_lateral_balance_or_phase,non_lateral_balance_or_phase
cbf,balance,off_diagonal_report_only,242,8,0,0,1,1,non_lateral_balance_or_phase,non_lateral_balance_or_phase
cbf,balance,off_diagonal_report_only,242,9,0,0,1,1,lateral_heading_drift,non_lateral_high_cbf_demand
cbf,balance,off_diagonal_report_only,242,10,0,0,1,1,non_lateral_high_cbf_demand,non_lateral_balance_or_phase
cbf,balance,off_diagonal_report_only,242,11,0,0,1,1,lateral_heading_drift,non_lateral_balance_or_phase
cbf,balance,off_diagonal_report_only,242,12,0,0,1,1,non_lateral_balance_or_phase,lateral_heading_drift
cbf,balance,off_diagonal_report_only,242,13,0,0,1,1,lateral_heading_drift,lateral_heading_drift
cbf,balance,off_diagonal_report_only,242,14,0,0,1,1,non_lateral_high_cbf_demand,lateral_heading_drift
cbf,balance,off_diagonal_report_only,242,15,0,0,1,1,non_lateral_balance_or_phase,lateral_heading_drift
cbf,balance,off_diagonal_report_only,242,16,0,0,1,1,non_lateral_balance_or_phase,non_lateral_balance_or_phase
cbf,balance,off_diagonal_report_only,242,17,0,0,1,1,non_lateral_balance_or_phase,lateral_heading_drift
cbf,balance,off_diagonal_report_only,242,18,0,0,1,1,non_lateral_balance_or_phase,non_lateral_balance_or_phase
cbf,balance,off_diagonal_report_only,242,19,0,0,1,1,non_lateral_balance_or_phase,non_lateral_balance_or_phase
cbf,balance,off_diagonal_report_only,242,20,0,0,1,1,lateral_heading_drift,non_lateral_high_cbf_demand
cbf,balance,off_diagonal_report_only,242,21,0,0,1,1,non_lateral_high_cbf_demand,non_lateral_balance_or_phase
cbf,balance,off_diagonal_report_only,242,22,1,0,0,1,success,lateral_heading_drift
cbf,balance,off_diagonal_report_only,242,23,0,0,1,1,non_lateral_balance_or_phase,non_lateral_balance_or_phase
cbf,balance,off_diagonal_report_only,242,24,1,0,0,1,success,non_lateral_high_cbf_demand
cbf,balance,off_diagonal_report_only,242,25,1,0,0,1,success,non_lateral_balance_or_phase
cbf,balance,off_diagonal_report_only,242,26,1,1,0,0,success,success
cbf,balance,off_diagonal_report_only,242,27,1,1,0,0,success,success
cbf,balance,off_diagonal_report_only,242,28,1,0,0,1,success,lateral_heading_drift
cbf,balance,off_diagonal_report_only,242,29,1,0,0,1,success,lateral_heading_drift
cbf,balance,off_diagonal_report_only,242,30,1,1,0,0,success,success
cbf,balance,off_diagonal_report_only,242,31,1,1,0,0,success,success
cbf,balance,off_diagonal_report_only,242,32,1,1,0,0,success,success
cbf,balance,off_diagonal_report_only,242,33,1,1,0,0,success,success
cbf,balance,off_diagonal_report_only,242,34,1,1,0,0,success,success
cbf,balance,off_diagonal_report_only,242,35,1,1,0,0,success,success
cbf,balance,off_diagonal_report_only,242,36,1,1,0,0,success,success
cbf,balance,off_diagonal_report_only,242,37,1,1,0,0,success,success
cbf,balance,off_diagonal_report_only,242,38,1,1,0,0,success,success
cbf,balance,off_diagonal_report_only,242,39,1,1,0,0,success,success
cbf,balance,off_diagonal_report_only,242,40,1,1,0,0,success,success
cbf,balance,off_diagonal_report_only,242,41,1,1,0,0,success,success
cbf,balance,off_diagonal_report_only,242,42,1,1,0,0,success,success
cbf,balance,off_diagonal_report_only,242,43,1,1,0,0,success,success
cbf,balance,off_diagonal_report_only,242,44,1,1,0,0,success,success
cbf,balance,off_diagonal_report_only,242,45,1,1,0,0,success,success
cbf,balance,off_diagonal_report_only,242,46,1,1,0,0,success,success
cbf,balance,off_diagonal_report_only,242,47,1,1,0,0,success,success
cbf,balance,off_diagonal_report_only,242,48,1,1,0,0,success,success
cbf,balance,off_diagonal_report_only,242,49,1,1,0,0,success,success
cbf,balance,off_diagonal_report_only,242,50,1,1,0,0,success,success
cbf,balance,off_diagonal_report_only,242,51,1,1,0,0,success,success
cbf,balance,off_diagonal_report_only,242,52,1,1,0,0,success,success
cbf,balance,off_diagonal_report_only,242,53,1,1,0,0,success,success
cbf,balance,off_diagonal_report_only,242,54,1,1,0,0,success,success
cbf,balance,off_diagonal_report_only,242,55,1,1,0,0,success,success
cbf,balance,off_diagonal_report_only,242,56,1,1,0,0,success,success
cbf,balance,off_diagonal_report_only,242,57,1,1,0,0,success,success
cbf,balance,off_diagonal_report_only,242,58,1,1,0,0,success,success
cbf,balance,off_diagonal_report_only,242,59,1,1,0,0,success,success
cbf,balance,off_diagonal_report_only,242,60,1,1,0,0,success,success
cbf,balance,off_diagonal_report_only,242,61,1,1,0,0,success,success
cbf,balance,off_diagonal_report_only,242,62,1,1,0,0,success,success
cbf,balance,off_diagonal_report_only,242,63,1,1,0,0,success,success
cbf,balance,off_diagonal_report_only,242,64,1,1,0,0,success,success
cbf,balance,off_diagonal_report_only,242,65,1,1,0,0,success,success
cbf,balance,off_diagonal_report_only,242,66,1,1,0,0,success,success
cbf,balance,off_diagonal_report_only,242,67,1,1,0,0,success,success
cbf,balance,off_diagonal_report_only,242,68,1,1,0,0,success,success
cbf,balance,off_diagonal_report_only,242,69,1,0,0,1,success,non_lateral_balance_or_phase
cbf,balance,off_diagonal_report_only,242,70,1,1,0,0,success,success
cbf,balance,off_diagonal_report_only,242,71,1,1,0,0,success,success
cbf,balance,off_diagonal_report_only,242,72,1,1,0,0,success,success
cbf,balance,off_diagonal_report_only,242,73,1,1,0,0,success,success
cbf,balance,off_diagonal_report_only,242,74,1,1,0,0,success,success
cbf,balance,off_diagonal_report_only,242,75,1,1,0,0,success,success
cbf,balance,off_diagonal_report_only,242,76,1,1,0,0,success,success
cbf,balance,off_diagonal_report_only,242,77,1,1,0,0,success,success
cbf,balance,off_diagonal_report_only,242,78,1,1,0,0,success,success
cbf,balance,off_diagonal_report_only,242,79,1,1,0,0,success,success
cbf,balance,off_diagonal_report_only,242,80,1,1,0,0,success,success
cbf,balance,off_diagonal_report_only,242,81,1,1,0,0,success,success
cbf,balance,off_diagonal_report_only,242,82,1,1,0,0,success,success
cbf,balance,off_diagonal_report_only,242,83,1,1,0,0,success,success
cbf,balance,off_diagonal_report_only,242,84,1,1,0,0,success,success
cbf,balance,off_diagonal_report_only,242,85,1,1,0,0,success,success
cbf,balance,off_diagonal_report_only,242,86,1,1,0,0,success,success
cbf,balance,off_diagonal_report_only,242,87,1,1,0,0,success,success
cbf,balance,off_diagonal_report_only,242,88,1,1,0,0,success,success
cbf,balance,off_diagonal_report_only,242,89,1,1,0,0,success,success
cbf,balance,off_diagonal_report_only,242,90,1,1,0,0,success,success
cbf,balance,off_diagonal_report_only,242,91,1,1,0,0,success,success
cbf,balance,off_diagonal_report_only,242,92,1,1,0,0,success,success
cbf,balance,off_diagonal_report_only,242,93,1,1,0,0,success,success
cbf,balance,off_diagonal_report_only,242,94,1,1,0,0,success,success
cbf,balance,off_diagonal_report_only,242,95,1,1,0,0,success,success
cbf,balance,off_diagonal_report_only,242,96,1,1,0,0,success,success
cbf,balance,off_diagonal_report_only,242,97,1,1,0,0,success,success
cbf,balance,off_diagonal_report_only,242,98,1,1,0,0,success,success
cbf,balance,off_diagonal_report_only,242,99,1,1,0,0,success,success
cbf,balance,off_diagonal_report_only,242,100,1,1,0,0,success,success
cbf,balance,off_diagonal_report_only,242,101,1,1,0,0,success,success
cbf,balance,off_diagonal_report_only,242,102,1,0,0,1,success,lateral_heading_drift
cbf,balance,off_diagonal_report_only,242,103,1,1,0,0,success,success
cbf,balance,off_diagonal_report_only,242,104,1,1,0,0,success,success
cbf,balance,off_diagonal_report_only,242,105,1,1,0,0,success,success
cbf,balance,off_diagonal_report_only,242,106,1,1,0,0,success,success
cbf,balance,off_diagonal_report_only,242,107,0,1,1,0,lateral_heading_drift,success
cbf,balance,off_diagonal_report_only,242,108,1,1,0,0,success,success
cbf,balance,off_diagonal_report_only,242,109,1,1,0,0,success,success
cbf,balance,off_diagonal_report_only,242,110,1,1,0,0,success,success
cbf,balance,off_diagonal_report_only,242,111,1,1,0,0,success,success
cbf,balance,off_diagonal_report_only,242,112,1,1,0,0,success,success
cbf,balance,off_diagonal_report_only,242,113,1,1,0,0,success,success
cbf,balance,off_diagonal_report_only,242,114,1,1,0,0,success,success
cbf,balance,off_diagonal_report_only,242,115,1,1,0,0,success,success
cbf,balance,off_diagonal_report_only,242,116,1,1,0,0,success,success
cbf,balance,off_diagonal_report_only,242,117,0,1,1,0,lateral_heading_drift,success
cbf,balance,off_diagonal_report_only,242,118,1,1,0,0,success,success
cbf,balance,off_diagonal_report_only,242,119,1,1,0,0,success,success
cbf,balance,off_diagonal_report_only,242,120,1,1,0,0,success,success
cbf,balance,off_diagonal_report_only,242,121,1,1,0,0,success,success
cbf,balance,off_diagonal_report_only,242,122,1,1,0,0,success,success
cbf,balance,off_diagonal_report_only,242,123,1,1,0,0,success,success
cbf,balance,off_diagonal_report_only,242,124,1,1,0,0,success,success
cbf,balance,off_diagonal_report_only,242,125,1,1,0,0,success,success
cbf,balance,off_diagonal_report_only,242,126,1,1,0,0,success,success
cbf,balance,off_diagonal_report_only,242,127,1,1,0,0,success,success
cbf,balance,off_diagonal_report_only,242,128,0,0,1,1,non_lateral_balance_or_phase,non_lateral_balance_or_phase
cbf,balance,off_diagonal_report_only,242,129,0,0,1,1,non_lateral_balance_or_phase,non_lateral_balance_or_phase
cbf,balance,off_diagonal_report_only,242,130,0,0,1,1,non_lateral_balance_or_phase,non_lateral_high_cbf_demand
cbf,balance,off_diagonal_report_only,242,131,0,0,1,1,non_lateral_balance_or_phase,non_lateral_balance_or_phase
cbf,balance,off_diagonal_report_only,242,132,0,0,1,1,non_lateral_balance_or_phase,non_lateral_balance_or_phase
cbf,balance,off_diagonal_report_only,242,133,0,0,1,1,non_lateral_high_cbf_demand,non_lateral_high_cbf_demand
cbf,balance,off_diagonal_report_only,242,134,0,0,1,1,non_lateral_balance_or_phase,non_lateral_balance_or_phase
cbf,balance,off_diagonal_report_only,242,135,0,0,1,1,non_lateral_balance_or_phase,non_lateral_high_cbf_demand
cbf,balance,off_diagonal_report_only,242,136,0,0,1,1,non_lateral_balance_or_phase,non_lateral_balance_or_phase
cbf,balance,off_diagonal_report_only,242,137,0,0,1,1,non_lateral_high_cbf_demand,non_lateral_balance_or_phase
cbf,balance,off_diagonal_report_only,242,138,0,0,1,1,non_lateral_balance_or_phase,non_lateral_balance_or_phase
cbf,balance,off_diagonal_report_only,242,139,0,0,1,1,non_lateral_balance_or_phase,non_lateral_high_cbf_demand
cbf,balance,off_diagonal_report_only,242,140,0,0,1,1,non_lateral_high_cbf_demand,non_lateral_high_cbf_demand
cbf,balance,off_diagonal_report_only,242,141,0,0,1,1,non_lateral_balance_or_phase,non_lateral_balance_or_phase
cbf,balance,off_diagonal_report_only,242,142,0,0,1,1,lateral_heading_drift,non_lateral_balance_or_phase
cbf,balance,off_diagonal_report_only,242,143,0,0,1,1,lateral_heading_drift,lateral_heading_drift
cbf,balance,off_diagonal_report_only,242,144,0,0,1,1,lateral_heading_drift,non_lateral_high_cbf_demand
cbf,balance,off_diagonal_report_only,242,145,0,0,1,1,non_lateral_balance_or_phase,non_lateral_balance_or_phase
cbf,balance,off_diagonal_report_only,242,146,0,0,1,1,lateral_heading_drift,lateral_heading_drift
cbf,balance,off_diagonal_report_only,242,147,0,0,1,1,non_lateral_balance_or_phase,lateral_heading_drift
cbf,balance,off_diagonal_report_only,242,148,0,0,1,1,non_lateral_high_cbf_demand,lateral_heading_drift
cbf,balance,off_diagonal_report_only,242,149,0,0,1,1,lateral_heading_drift,non_lateral_balance_or_phase
cbf,balance,off_diagonal_report_only,242,150,0,0,1,1,non_lateral_balance_or_phase,non_lateral_high_cbf_demand
cbf,balance,off_diagonal_report_only,242,151,0,0,1,1,non_lateral_balance_or_phase,non_lateral_balance_or_phase
cbf,balance,off_diagonal_report_only,242,152,0,1,1,0,lateral_heading_drift,success
cbf,balance,off_diagonal_report_only,242,153,0,0,1,1,lateral_heading_drift,lateral_heading_drift
cbf,balance,off_diagonal_report_only,242,154,1,1,0,0,success,success
cbf,balance,off_diagonal_report_only,242,155,1,1,0,0,success,success
cbf,balance,off_diagonal_report_only,242,156,1,1,0,0,success,success
cbf,balance,off_diagonal_report_only,242,157,1,1,0,0,success,success
cbf,balance,off_diagonal_report_only,242,158,1,1,0,0,success,success
cbf,balance,off_diagonal_report_only,242,159,0,1,1,0,non_lateral_balance_or_phase,success
cbf,balance,off_diagonal_report_only,242,160,0,1,1,0,lateral_heading_drift,success
cbf,balance,off_diagonal_report_only,242,161,1,1,0,0,success,success
cbf,balance,off_diagonal_report_only,242,162,1,1,0,0,success,success
cbf,balance,off_diagonal_report_only,242,163,1,1,0,0,success,success
cbf,balance,off_diagonal_report_only,242,164,1,1,0,0,success,success
cbf,balance,off_diagonal_report_only,242,165,1,1,0,0,success,success
cbf,balance,off_diagonal_report_only,242,166,1,1,0,0,success,success
cbf,balance,off_diagonal_report_only,242,167,1,1,0,0,success,success
cbf,balance,off_diagonal_report_only,242,168,1,1,0,0,success,success
cbf,balance,off_diagonal_report_only,242,169,1,1,0,0,success,success
cbf,balance,off_diagonal_report_only,242,170,1,1,0,0,success,success
cbf,balance,off_diagonal_report_only,242,171,1,1,0,0,success,success
cbf,balance,off_diagonal_report_only,242,172,1,1,0,0,success,success
cbf,balance,off_diagonal_report_only,242,173,1,1,0,0,success,success
cbf,balance,off_diagonal_report_only,242,174,1,1,0,0,success,success
cbf,balance,off_diagonal_report_only,242,175,1,1,0,0,success,success
cbf,balance,off_diagonal_report_only,242,176,1,1,0,0,success,success
cbf,balance,off_diagonal_report_only,242,177,1,1,0,0,success,success
cbf,balance,off_diagonal_report_only,242,178,1,1,0,0,success,success
cbf,balance,off_diagonal_report_only,242,179,1,1,0,0,success,success
cbf,balance,off_diagonal_report_only,242,180,1,1,0,0,success,success
cbf,balance,off_diagonal_report_only,242,181,1,1,0,0,success,success
cbf,balance,off_diagonal_report_only,242,182,1,1,0,0,success,success
cbf,balance,off_diagonal_report_only,242,183,1,1,0,0,success,success
cbf,balance,off_diagonal_report_only,242,184,1,1,0,0,success,success
cbf,balance,off_diagonal_report_only,242,185,1,1,0,0,success,success
cbf,balance,off_diagonal_report_only,242,186,1,1,0,0,success,success
cbf,balance,off_diagonal_report_only,242,187,1,1,0,0,success,success
cbf,balance,off_diagonal_report_only,242,188,1,1,0,0,success,success
cbf,balance,off_diagonal_report_only,242,189,1,1,0,0,success,success
cbf,balance,off_diagonal_report_only,242,190,1,1,0,0,success,success
cbf,balance,off_diagonal_report_only,242,191,1,1,0,0,success,success
cbf,balance,off_diagonal_report_only,242,192,1,1,0,0,success,success
cbf,balance,off_diagonal_report_only,242,193,1,1,0,0,success,success
cbf,balance,off_diagonal_report_only,242,194,1,1,0,0,success,success
cbf,balance,off_diagonal_report_only,242,195,1,1,0,0,success,success
cbf,balance,off_diagonal_report_only,242,196,1,1,0,0,success,success
cbf,balance,off_diagonal_report_only,242,197,1,1,0,0,success,success
cbf,balance,off_diagonal_report_only,242,198,1,1,0,0,success,success
cbf,balance,off_diagonal_report_only,242,199,1,1,0,0,success,success
cbf,balance,off_diagonal_report_only,242,200,1,1,0,0,success,success
cbf,balance,off_diagonal_report_only,242,201,1,1,0,0,success,success
cbf,balance,off_diagonal_report_only,242,202,1,1,0,0,success,success
cbf,balance,off_diagonal_report_only,242,203,1,1,0,0,success,success
cbf,balance,off_diagonal_report_only,242,204,1,1,0,0,success,success
cbf,balance,off_diagonal_report_only,242,205,1,1,0,0,success,success
cbf,balance,off_diagonal_report_only,242,206,1,1,0,0,success,success
cbf,balance,off_diagonal_report_only,242,207,1,1,0,0,success,success
cbf,balance,off_diagonal_report_only,242,208,1,1,0,0,success,success
cbf,balance,off_diagonal_report_only,242,209,1,1,0,0,success,success
cbf,balance,off_diagonal_report_only,242,210,1,1,0,0,success,success
cbf,balance,off_diagonal_report_only,242,211,1,1,0,0,success,success
cbf,balance,off_diagonal_report_only,242,212,1,1,0,0,success,success
cbf,balance,off_diagonal_report_only,242,213,1,1,0,0,success,success
cbf,balance,off_diagonal_report_only,242,214,1,1,0,0,success,success
cbf,balance,off_diagonal_report_only,242,215,1,1,0,0,success,success
cbf,balance,off_diagonal_report_only,242,216,1,1,0,0,success,success
cbf,balance,off_diagonal_report_only,242,217,1,1,0,0,success,success
cbf,balance,off_diagonal_report_only,242,218,1,1,0,0,success,success
cbf,balance,off_diagonal_report_only,242,219,1,1,0,0,success,success
cbf,balance,off_diagonal_report_only,242,220,1,1,0,0,success,success
cbf,balance,off_diagonal_report_only,242,221,1,1,0,0,success,success
cbf,balance,off_diagonal_report_only,242,222,1,0,0,1,success,lateral_heading_drift
cbf,balance,off_diagonal_report_only,242,223,1,1,0,0,success,success
cbf,balance,off_diagonal_report_only,242,224,1,1,0,0,success,success
cbf,balance,off_diagonal_report_only,242,225,1,1,0,0,success,success
cbf,balance,off_diagonal_report_only,242,226,1,1,0,0,success,success
cbf,balance,off_diagonal_report_only,242,227,1,1,0,0,success,success
cbf,balance,off_diagonal_report_only,242,228,1,1,0,0,success,success
cbf,balance,off_diagonal_report_only,242,229,1,1,0,0,success,success
cbf,balance,off_diagonal_report_only,242,230,1,1,0,0,success,success
cbf,balance,off_diagonal_report_only,242,231,1,1,0,0,success,success
cbf,balance,off_diagonal_report_only,242,232,1,1,0,0,success,success
cbf,balance,off_diagonal_report_only,242,233,1,1,0,0,success,success
cbf,balance,off_diagonal_report_only,242,234,1,1,0,0,success,success
cbf,balance,off_diagonal_report_only,242,235,1,1,0,0,success,success
cbf,balance,off_diagonal_report_only,242,236,1,1,0,0,success,success
cbf,balance,off_diagonal_report_only,242,237,1,1,0,0,success,success
cbf,balance,off_diagonal_report_only,242,238,1,1,0,0,success,success
cbf,balance,off_diagonal_report_only,242,239,1,1,0,0,success,success
cbf,balance,off_diagonal_report_only,242,240,1,1,0,0,success,success
cbf,balance,off_diagonal_report_only,242,241,1,1,0,0,success,success
cbf,balance,off_diagonal_report_only,242,242,1,1,0,0,success,success
cbf,balance,off_diagonal_report_only,242,243,1,1,0,0,success,success
cbf,balance,off_diagonal_report_only,242,244,1,1,0,0,success,success
cbf,balance,off_diagonal_report_only,242,245,1,1,0,0,success,success
cbf,balance,off_diagonal_report_only,242,246,1,1,0,0,success,success
cbf,balance,off_diagonal_report_only,242,247,1,1,0,0,success,success
cbf,balance,off_diagonal_report_only,242,248,1,1,0,0,success,success
cbf,balance,off_diagonal_report_only,242,249,1,1,0,0,success,success
cbf,balance,off_diagonal_report_only,242,250,1,1,0,0,success,success
cbf,balance,off_diagonal_report_only,242,251,1,1,0,0,success,success
cbf,balance,off_diagonal_report_only,242,252,1,1,0,0,success,success
cbf,balance,off_diagonal_report_only,242,253,1,1,0,0,success,success
cbf,balance,off_diagonal_report_only,242,254,1,1,0,0,success,success
cbf,balance,off_diagonal_report_only,242,255,1,1,0,0,success,success
cbf,D0,d0_catastrophic,242,0,0,0,1,1,non_lateral_balance_or_phase,non_lateral_high_cbf_demand
cbf,D0,d0_catastrophic,242,1,0,1,1,0,non_lateral_balance_or_phase,success
cbf,D0,d0_catastrophic,242,2,1,1,0,0,success,success
cbf,D0,d0_catastrophic,242,3,1,1,0,0,success,success
cbf,D0,d0_catastrophic,242,4,1,1,0,0,success,success
cbf,D0,d0_catastrophic,242,5,1,1,0,0,success,success
cbf,D0,d0_catastrophic,242,6,0,1,1,0,non_lateral_balance_or_phase,success
cbf,D0,d0_catastrophic,242,7,1,1,0,0,success,success
cbf,D0,d0_catastrophic,242,8,1,1,0,0,success,success
cbf,D0,d0_catastrophic,242,9,1,1,0,0,success,success
cbf,D0,d0_catastrophic,242,10,1,1,0,0,success,success
cbf,D0,d0_catastrophic,242,11,1,1,0,0,success,success
cbf,D0,d0_catastrophic,242,12,1,1,0,0,success,success
cbf,D0,d0_catastrophic,242,13,1,1,0,0,success,success
cbf,D0,d0_catastrophic,242,14,1,1,0,0,success,success
cbf,D0,d0_catastrophic,242,15,1,1,0,0,success,success
cbf,D0,d0_catastrophic,242,16,1,1,0,0,success,success
cbf,D0,d0_catastrophic,242,17,1,1,0,0,success,success
cbf,D0,d0_catastrophic,242,18,1,1,0,0,success,success
cbf,D0,d0_catastrophic,242,19,1,1,0,0,success,success
cbf,D0,d0_catastrophic,242,20,1,1,0,0,success,success
cbf,D0,d0_catastrophic,242,21,1,1,0,0,success,success
cbf,D0,d0_catastrophic,242,22,1,1,0,0,success,success
cbf,D0,d0_catastrophic,242,23,1,1,0,0,success,success
cbf,D0,d0_catastrophic,242,24,1,1,0,0,success,success
cbf,D0,d0_catastrophic,242,25,1,1,0,0,success,success
cbf,D0,d0_catastrophic,242,26,1,1,0,0,success,success
cbf,D0,d0_catastrophic,242,27,1,1,0,0,success,success
cbf,D0,d0_catastrophic,242,28,1,1,0,0,success,success
cbf,D0,d0_catastrophic,242,29,1,1,0,0,success,success
cbf,D0,d0_catastrophic,242,30,1,1,0,0,success,success
cbf,D0,d0_catastrophic,242,31,1,1,0,0,success,success
cbf,D0,d0_catastrophic,242,32,1,1,0,0,success,success
cbf,D0,d0_catastrophic,242,33,1,1,0,0,success,success
cbf,D0,d0_catastrophic,242,34,1,1,0,0,success,success
cbf,D0,d0_catastrophic,242,35,1,1,0,0,success,success
cbf,D0,d0_catastrophic,242,36,0,1,1,0,non_lateral_balance_or_phase,success
cbf,D0,d0_catastrophic,242,37,1,1,0,0,success,success
cbf,D0,d0_catastrophic,242,38,1,1,0,0,success,success
cbf,D0,d0_catastrophic,242,39,1,1,0,0,success,success
cbf,D0,d0_catastrophic,242,40,1,1,0,0,success,success
cbf,D0,d0_catastrophic,242,41,1,1,0,0,success,success
cbf,D0,d0_catastrophic,242,42,1,1,0,0,success,success
cbf,D0,d0_catastrophic,242,43,1,1,0,0,success,success
cbf,D0,d0_catastrophic,242,44,0,1,1,0,lateral_heading_drift,success
cbf,D0,d0_catastrophic,242,45,1,1,0,0,success,success
cbf,D0,d0_catastrophic,242,46,1,1,0,0,success,success
cbf,D0,d0_catastrophic,242,47,1,1,0,0,success,success
cbf,D0,d0_catastrophic,242,48,1,1,0,0,success,success
cbf,D0,d0_catastrophic,242,49,1,1,0,0,success,success
cbf,D0,d0_catastrophic,242,50,1,1,0,0,success,success
cbf,D0,d0_catastrophic,242,51,1,1,0,0,success,success
cbf,D0,d0_catastrophic,242,52,1,1,0,0,success,success
cbf,D0,d0_catastrophic,242,53,1,1,0,0,success,success
cbf,D0,d0_catastrophic,242,54,1,1,0,0,success,success
cbf,D0,d0_catastrophic,242,55,1,1,0,0,success,success
cbf,D0,d0_catastrophic,242,56,1,1,0,0,success,success
cbf,D0,d0_catastrophic,242,57,1,1,0,0,success,success
cbf,D0,d0_catastrophic,242,58,1,1,0,0,success,success
cbf,D0,d0_catastrophic,242,59,1,1,0,0,success,success
cbf,D0,d0_catastrophic,242,60,1,1,0,0,success,success
cbf,D0,d0_catastrophic,242,61,1,1,0,0,success,success
cbf,D0,d0_catastrophic,242,62,0,1,1,0,non_lateral_balance_or_phase,success
cbf,D0,d0_catastrophic,242,63,1,1,0,0,success,success
cbf,D0,d0_catastrophic,242,64,1,1,0,0,success,success
cbf,D0,d0_catastrophic,242,65,1,1,0,0,success,success
cbf,D0,d0_catastrophic,242,66,1,1,0,0,success,success
cbf,D0,d0_catastrophic,242,67,1,1,0,0,success,success
cbf,D0,d0_catastrophic,242,68,1,1,0,0,success,success
cbf,D0,d0_catastrophic,242,69,1,1,0,0,success,success
cbf,D0,d0_catastrophic,242,70,1,1,0,0,success,success
cbf,D0,d0_catastrophic,242,71,1,1,0,0,success,success
cbf,D0,d0_catastrophic,242,72,1,1,0,0,success,success
cbf,D0,d0_catastrophic,242,73,1,1,0,0,success,success
cbf,D0,d0_catastrophic,242,74,1,1,0,0,success,success
cbf,D0,d0_catastrophic,242,75,1,1,0,0,success,success
cbf,D0,d0_catastrophic,242,76,1,1,0,0,success,success
cbf,D0,d0_catastrophic,242,77,1,1,0,0,success,success
cbf,D0,d0_catastrophic,242,78,1,1,0,0,success,success
cbf,D0,d0_catastrophic,242,79,1,1,0,0,success,success
cbf,D0,d0_catastrophic,242,80,1,1,0,0,success,success
cbf,D0,d0_catastrophic,242,81,1,1,0,0,success,success
cbf,D0,d0_catastrophic,242,82,1,1,0,0,success,success
cbf,D0,d0_catastrophic,242,83,1,1,0,0,success,success
cbf,D0,d0_catastrophic,242,84,1,1,0,0,success,success
cbf,D0,d0_catastrophic,242,85,1,1,0,0,success,success
cbf,D0,d0_catastrophic,242,86,1,1,0,0,success,success
cbf,D0,d0_catastrophic,242,87,1,1,0,0,success,success
cbf,D0,d0_catastrophic,242,88,1,1,0,0,success,success
cbf,D0,d0_catastrophic,242,89,1,1,0,0,success,success
cbf,D0,d0_catastrophic,242,90,1,1,0,0,success,success
cbf,D0,d0_catastrophic,242,91,1,1,0,0,success,success
cbf,D0,d0_catastrophic,242,92,1,1,0,0,success,success
cbf,D0,d0_catastrophic,242,93,1,1,0,0,success,success
cbf,D0,d0_catastrophic,242,94,1,1,0,0,success,success
cbf,D0,d0_catastrophic,242,95,1,1,0,0,success,success
cbf,D0,d0_catastrophic,242,96,1,1,0,0,success,success
cbf,D0,d0_catastrophic,242,97,1,1,0,0,success,success
cbf,D0,d0_catastrophic,242,98,1,1,0,0,success,success
cbf,D0,d0_catastrophic,242,99,1,1,0,0,success,success
cbf,D0,d0_catastrophic,242,100,1,1,0,0,success,success
cbf,D0,d0_catastrophic,242,101,1,1,0,0,success,success
cbf,D0,d0_catastrophic,242,102,1,1,0,0,success,success
cbf,D0,d0_catastrophic,242,103,1,1,0,0,success,success
cbf,D0,d0_catastrophic,242,104,1,1,0,0,success,success
cbf,D0,d0_catastrophic,242,105,1,1,0,0,success,success
cbf,D0,d0_catastrophic,242,106,1,1,0,0,success,success
cbf,D0,d0_catastrophic,242,107,1,1,0,0,success,success
cbf,D0,d0_catastrophic,242,108,1,1,0,0,success,success
cbf,D0,d0_catastrophic,242,109,1,1,0,0,success,success
cbf,D0,d0_catastrophic,242,110,1,1,0,0,success,success
cbf,D0,d0_catastrophic,242,111,1,1,0,0,success,success
cbf,D0,d0_catastrophic,242,112,1,1,0,0,success,success
cbf,D0,d0_catastrophic,242,113,1,1,0,0,success,success
cbf,D0,d0_catastrophic,242,114,1,1,0,0,success,success
cbf,D0,d0_catastrophic,242,115,1,1,0,0,success,success
cbf,D0,d0_catastrophic,242,116,1,1,0,0,success,success
cbf,D0,d0_catastrophic,242,117,1,1,0,0,success,success
cbf,D0,d0_catastrophic,242,118,1,1,0,0,success,success
cbf,D0,d0_catastrophic,242,119,1,1,0,0,success,success
cbf,D0,d0_catastrophic,242,120,1,1,0,0,success,success
cbf,D0,d0_catastrophic,242,121,1,1,0,0,success,success
cbf,D0,d0_catastrophic,242,122,0,1,0,0,timeout_or_other_nonfall,success
cbf,D0,d0_catastrophic,242,123,0,0,0,0,timeout_or_other_nonfall,timeout_or_other_nonfall
cbf,D0,d0_catastrophic,242,124,0,0,0,0,timeout_or_other_nonfall,timeout_or_other_nonfall
cbf,D0,d0_catastrophic,242,125,0,0,0,0,timeout_or_other_nonfall,timeout_or_other_nonfall
cbf,D0,d0_catastrophic,242,126,0,0,0,0,timeout_or_other_nonfall,timeout_or_other_nonfall
cbf,D0,d0_catastrophic,242,127,0,0,0,0,timeout_or_other_nonfall,timeout_or_other_nonfall
cbf,D0,d0_catastrophic,242,128,0,0,1,1,non_lateral_high_cbf_demand,non_lateral_high_cbf_demand
cbf,D0,d0_catastrophic,242,129,1,0,0,1,success,non_lateral_balance_or_phase
cbf,D0,d0_catastrophic,242,130,1,1,0,0,success,success
cbf,D0,d0_catastrophic,242,131,1,1,0,0,success,success
cbf,D0,d0_catastrophic,242,132,1,1,0,0,success,success
cbf,D0,d0_catastrophic,242,133,1,1,0,0,success,success
cbf,D0,d0_catastrophic,242,134,1,1,0,0,success,success
cbf,D0,d0_catastrophic,242,135,0,1,1,0,non_lateral_balance_or_phase,success
cbf,D0,d0_catastrophic,242,136,1,1,0,0,success,success
cbf,D0,d0_catastrophic,242,137,1,1,0,0,success,success
cbf,D0,d0_catastrophic,242,138,1,1,0,0,success,success
cbf,D0,d0_catastrophic,242,139,1,1,0,0,success,success
cbf,D0,d0_catastrophic,242,140,1,1,0,0,success,success
cbf,D0,d0_catastrophic,242,141,1,1,0,0,success,success
cbf,D0,d0_catastrophic,242,142,1,1,0,0,success,success
cbf,D0,d0_catastrophic,242,143,1,1,0,0,success,success
cbf,D0,d0_catastrophic,242,144,1,1,0,0,success,success
cbf,D0,d0_catastrophic,242,145,1,1,0,0,success,success
cbf,D0,d0_catastrophic,242,146,1,1,0,0,success,success
cbf,D0,d0_catastrophic,242,147,1,1,0,0,success,success
cbf,D0,d0_catastrophic,242,148,1,1,0,0,success,success
cbf,D0,d0_catastrophic,242,149,1,1,0,0,success,success
cbf,D0,d0_catastrophic,242,150,1,1,0,0,success,success
cbf,D0,d0_catastrophic,242,151,1,1,0,0,success,success
cbf,D0,d0_catastrophic,242,152,1,1,0,0,success,success
cbf,D0,d0_catastrophic,242,153,1,1,0,0,success,success
cbf,D0,d0_catastrophic,242,154,1,1,0,0,success,success
cbf,D0,d0_catastrophic,242,155,1,1,0,0,success,success
cbf,D0,d0_catastrophic,242,156,1,1,0,0,success,success
cbf,D0,d0_catastrophic,242,157,1,1,0,0,success,success
cbf,D0,d0_catastrophic,242,158,1,1,0,0,success,success
cbf,D0,d0_catastrophic,242,159,1,1,0,0,success,success
cbf,D0,d0_catastrophic,242,160,1,1,0,0,success,success
cbf,D0,d0_catastrophic,242,161,1,1,0,0,success,success
cbf,D0,d0_catastrophic,242,162,1,1,0,0,success,success
cbf,D0,d0_catastrophic,242,163,1,1,0,0,success,success
cbf,D0,d0_catastrophic,242,164,1,1,0,0,success,success
cbf,D0,d0_catastrophic,242,165,1,1,0,0,success,success
cbf,D0,d0_catastrophic,242,166,1,1,0,0,success,success
cbf,D0,d0_catastrophic,242,167,1,1,0,0,success,success
cbf,D0,d0_catastrophic,242,168,1,1,0,0,success,success
cbf,D0,d0_catastrophic,242,169,1,1,0,0,success,success
cbf,D0,d0_catastrophic,242,170,1,1,0,0,success,success
cbf,D0,d0_catastrophic,242,171,1,1,0,0,success,success
cbf,D0,d0_catastrophic,242,172,1,1,0,0,success,success
cbf,D0,d0_catastrophic,242,173,1,1,0,0,success,success
cbf,D0,d0_catastrophic,242,174,1,1,0,0,success,success
cbf,D0,d0_catastrophic,242,175,1,1,0,0,success,success
cbf,D0,d0_catastrophic,242,176,1,1,0,0,success,success
cbf,D0,d0_catastrophic,242,177,1,1,0,0,success,success
cbf,D0,d0_catastrophic,242,178,1,1,0,0,success,success
cbf,D0,d0_catastrophic,242,179,1,1,0,0,success,success
cbf,D0,d0_catastrophic,242,180,1,1,0,0,success,success
cbf,D0,d0_catastrophic,242,181,1,1,0,0,success,success
cbf,D0,d0_catastrophic,242,182,1,1,0,0,success,success
cbf,D0,d0_catastrophic,242,183,1,1,0,0,success,success
cbf,D0,d0_catastrophic,242,184,1,1,0,0,success,success
cbf,D0,d0_catastrophic,242,185,1,1,0,0,success,success
cbf,D0,d0_catastrophic,242,186,1,1,0,0,success,success
cbf,D0,d0_catastrophic,242,187,1,1,0,0,success,success
cbf,D0,d0_catastrophic,242,188,1,1,0,0,success,success
cbf,D0,d0_catastrophic,242,189,1,1,0,0,success,success
cbf,D0,d0_catastrophic,242,190,1,1,0,0,success,success
cbf,D0,d0_catastrophic,242,191,1,1,0,0,success,success
cbf,D0,d0_catastrophic,242,192,1,1,0,0,success,success
cbf,D0,d0_catastrophic,242,193,1,1,0,0,success,success
cbf,D0,d0_catastrophic,242,194,1,1,0,0,success,success
cbf,D0,d0_catastrophic,242,195,0,1,1,0,non_lateral_high_cbf_demand,success
cbf,D0,d0_catastrophic,242,196,1,1,0,0,success,success
cbf,D0,d0_catastrophic,242,197,1,1,0,0,success,success
cbf,D0,d0_catastrophic,242,198,1,1,0,0,success,success
cbf,D0,d0_catastrophic,242,199,1,1,0,0,success,success
cbf,D0,d0_catastrophic,242,200,1,1,0,0,success,success
cbf,D0,d0_catastrophic,242,201,1,1,0,0,success,success
cbf,D0,d0_catastrophic,242,202,1,1,0,0,success,success
cbf,D0,d0_catastrophic,242,203,1,1,0,0,success,success
cbf,D0,d0_catastrophic,242,204,1,1,0,0,success,success
cbf,D0,d0_catastrophic,242,205,1,1,0,0,success,success
cbf,D0,d0_catastrophic,242,206,1,1,0,0,success,success
cbf,D0,d0_catastrophic,242,207,1,1,0,0,success,success
cbf,D0,d0_catastrophic,242,208,1,1,0,0,success,success
cbf,D0,d0_catastrophic,242,209,1,1,0,0,success,success
cbf,D0,d0_catastrophic,242,210,1,1,0,0,success,success
cbf,D0,d0_catastrophic,242,211,1,1,0,0,success,success
cbf,D0,d0_catastrophic,242,212,1,1,0,0,success,success
cbf,D0,d0_catastrophic,242,213,1,1,0,0,success,success
cbf,D0,d0_catastrophic,242,214,1,1,0,0,success,success
cbf,D0,d0_catastrophic,242,215,1,1,0,0,success,success
cbf,D0,d0_catastrophic,242,216,1,1,0,0,success,success
cbf,D0,d0_catastrophic,242,217,1,1,0,0,success,success
cbf,D0,d0_catastrophic,242,218,1,1,0,0,success,success
cbf,D0,d0_catastrophic,242,219,1,1,0,0,success,success
cbf,D0,d0_catastrophic,242,220,1,1,0,0,success,success
cbf,D0,d0_catastrophic,242,221,1,1,0,0,success,success
cbf,D0,d0_catastrophic,242,222,1,1,0,0,success,success
cbf,D0,d0_catastrophic,242,223,1,1,0,0,success,success
cbf,D0,d0_catastrophic,242,224,1,1,0,0,success,success
cbf,D0,d0_catastrophic,242,225,1,1,0,0,success,success
cbf,D0,d0_catastrophic,242,226,1,1,0,0,success,success
cbf,D0,d0_catastrophic,242,227,1,1,0,0,success,success
cbf,D0,d0_catastrophic,242,228,1,1,0,0,success,success
cbf,D0,d0_catastrophic,242,229,1,1,0,0,success,success
cbf,D0,d0_catastrophic,242,230,1,1,0,0,success,success
cbf,D0,d0_catastrophic,242,231,1,1,0,0,success,success
cbf,D0,d0_catastrophic,242,232,1,1,0,0,success,success
cbf,D0,d0_catastrophic,242,233,1,1,0,0,success,success
cbf,D0,d0_catastrophic,242,234,1,1,0,0,success,success
cbf,D0,d0_catastrophic,242,235,1,1,0,0,success,success
cbf,D0,d0_catastrophic,242,236,1,1,0,0,success,success
cbf,D0,d0_catastrophic,242,237,1,1,0,0,success,success
cbf,D0,d0_catastrophic,242,238,1,1,0,0,success,success
cbf,D0,d0_catastrophic,242,239,1,1,0,0,success,success
cbf,D0,d0_catastrophic,242,240,1,1,0,0,success,success
cbf,D0,d0_catastrophic,242,241,1,1,0,0,success,success
cbf,D0,d0_catastrophic,242,242,1,1,0,0,success,success
cbf,D0,d0_catastrophic,242,243,1,1,0,0,success,success
cbf,D0,d0_catastrophic,242,244,1,1,0,0,success,success
cbf,D0,d0_catastrophic,242,245,1,1,0,0,success,success
cbf,D0,d0_catastrophic,242,246,1,1,0,0,success,success
cbf,D0,d0_catastrophic,242,247,1,1,0,0,success,success
cbf,D0,d0_catastrophic,242,248,1,1,0,0,success,success
cbf,D0,d0_catastrophic,242,249,1,1,0,0,success,success
cbf,D0,d0_catastrophic,242,250,1,1,0,0,success,success
cbf,D0,d0_catastrophic,242,251,0,0,0,0,timeout_or_other_nonfall,timeout_or_other_nonfall
cbf,D0,d0_catastrophic,242,252,0,0,0,0,timeout_or_other_nonfall,timeout_or_other_nonfall
cbf,D0,d0_catastrophic,242,253,0,0,0,0,timeout_or_other_nonfall,timeout_or_other_nonfall
cbf,D0,d0_catastrophic,242,254,0,0,0,0,timeout_or_other_nonfall,timeout_or_other_nonfall
cbf,D0,d0_catastrophic,242,255,0,0,0,0,timeout_or_other_nonfall,timeout_or_other_nonfall
balance,lateral,off_diagonal_report_only,42,0,0,0,1,1,lateral_heading_drift,non_lateral_high_cbf_demand
balance,lateral,off_diagonal_report_only,42,1,0,0,1,1,non_lateral_balance_or_phase,lateral_heading_drift
balance,lateral,off_diagonal_report_only,42,2,0,0,1,1,non_lateral_high_cbf_demand,non_lateral_balance_or_phase
balance,lateral,off_diagonal_report_only,42,3,0,0,1,1,lateral_heading_drift,non_lateral_high_cbf_demand
balance,lateral,off_diagonal_report_only,42,4,0,0,1,1,lateral_heading_drift,non_lateral_high_cbf_demand
balance,lateral,off_diagonal_report_only,42,5,0,0,1,1,lateral_heading_drift,lateral_heading_drift
balance,lateral,off_diagonal_report_only,42,6,0,0,1,1,non_lateral_balance_or_phase,non_lateral_high_cbf_demand
balance,lateral,off_diagonal_report_only,42,7,0,0,1,1,lateral_heading_drift,lateral_heading_drift
balance,lateral,off_diagonal_report_only,42,8,0,0,1,1,lateral_heading_drift,lateral_heading_drift
balance,lateral,off_diagonal_report_only,42,9,0,0,1,1,lateral_heading_drift,lateral_heading_drift
balance,lateral,off_diagonal_report_only,42,10,1,0,0,1,success,lateral_heading_drift
balance,lateral,off_diagonal_report_only,42,11,0,0,1,1,lateral_heading_drift,lateral_heading_drift
balance,lateral,off_diagonal_report_only,42,12,0,0,1,1,lateral_heading_drift,lateral_heading_drift
balance,lateral,off_diagonal_report_only,42,13,1,1,0,0,success,success
balance,lateral,off_diagonal_report_only,42,14,1,1,0,0,success,success
balance,lateral,off_diagonal_report_only,42,15,1,1,0,0,success,success
balance,lateral,off_diagonal_report_only,42,16,1,1,0,0,success,success
balance,lateral,off_diagonal_report_only,42,17,1,1,0,0,success,success
balance,lateral,off_diagonal_report_only,42,18,1,0,0,1,success,lateral_heading_drift
balance,lateral,off_diagonal_report_only,42,19,1,1,0,0,success,success
balance,lateral,off_diagonal_report_only,42,20,1,0,0,1,success,lateral_heading_drift
balance,lateral,off_diagonal_report_only,42,21,1,1,0,0,success,success
balance,lateral,off_diagonal_report_only,42,22,0,0,1,1,lateral_heading_drift,lateral_heading_drift
balance,lateral,off_diagonal_report_only,42,23,0,0,1,1,lateral_heading_drift,lateral_heading_drift
balance,lateral,off_diagonal_report_only,42,24,1,0,0,1,success,lateral_heading_drift
balance,lateral,off_diagonal_report_only,42,25,1,1,0,0,success,success
balance,lateral,off_diagonal_report_only,42,26,1,0,0,1,success,lateral_heading_drift
balance,lateral,off_diagonal_report_only,42,27,0,0,1,1,lateral_heading_drift,lateral_heading_drift
balance,lateral,off_diagonal_report_only,42,28,1,1,0,0,success,success
balance,lateral,off_diagonal_report_only,42,29,1,1,0,0,success,success
balance,lateral,off_diagonal_report_only,42,30,1,1,0,0,success,success
balance,lateral,off_diagonal_report_only,42,31,1,1,0,0,success,success
balance,lateral,off_diagonal_report_only,42,32,1,1,0,0,success,success
balance,lateral,off_diagonal_report_only,42,33,1,1,0,0,success,success
balance,lateral,off_diagonal_report_only,42,34,1,1,0,0,success,success
balance,lateral,off_diagonal_report_only,42,35,1,1,0,0,success,success
balance,lateral,off_diagonal_report_only,42,36,1,1,0,0,success,success
balance,lateral,off_diagonal_report_only,42,37,1,1,0,0,success,success
balance,lateral,off_diagonal_report_only,42,38,1,1,0,0,success,success
balance,lateral,off_diagonal_report_only,42,39,1,1,0,0,success,success
balance,lateral,off_diagonal_report_only,42,40,1,1,0,0,success,success
balance,lateral,off_diagonal_report_only,42,41,1,1,0,0,success,success
balance,lateral,off_diagonal_report_only,42,42,1,0,0,1,success,lateral_heading_drift
balance,lateral,off_diagonal_report_only,42,43,1,1,0,0,success,success
balance,lateral,off_diagonal_report_only,42,44,1,1,0,0,success,success
balance,lateral,off_diagonal_report_only,42,45,1,1,0,0,success,success
balance,lateral,off_diagonal_report_only,42,46,1,1,0,0,success,success
balance,lateral,off_diagonal_report_only,42,47,1,1,0,0,success,success
balance,lateral,off_diagonal_report_only,42,48,1,0,0,1,success,lateral_heading_drift
balance,lateral,off_diagonal_report_only,42,49,1,1,0,0,success,success
balance,lateral,off_diagonal_report_only,42,50,1,1,0,0,success,success
balance,lateral,off_diagonal_report_only,42,51,1,1,0,0,success,success
balance,lateral,off_diagonal_report_only,42,52,1,0,0,1,success,lateral_heading_drift
balance,lateral,off_diagonal_report_only,42,53,1,1,0,0,success,success
balance,lateral,off_diagonal_report_only,42,54,0,0,1,1,lateral_heading_drift,lateral_heading_drift
balance,lateral,off_diagonal_report_only,42,55,1,1,0,0,success,success
balance,lateral,off_diagonal_report_only,42,56,1,1,0,0,success,success
balance,lateral,off_diagonal_report_only,42,57,1,1,0,0,success,success
balance,lateral,off_diagonal_report_only,42,58,1,1,0,0,success,success
balance,lateral,off_diagonal_report_only,42,59,0,1,1,0,lateral_heading_drift,success
balance,lateral,off_diagonal_report_only,42,60,1,1,0,0,success,success
balance,lateral,off_diagonal_report_only,42,61,0,1,1,0,lateral_heading_drift,success
balance,lateral,off_diagonal_report_only,42,62,1,0,0,1,success,lateral_heading_drift
balance,lateral,off_diagonal_report_only,42,63,1,1,0,0,success,success
balance,lateral,off_diagonal_report_only,42,64,1,1,0,0,success,success
balance,lateral,off_diagonal_report_only,42,65,1,1,0,0,success,success
balance,lateral,off_diagonal_report_only,42,66,1,1,0,0,success,success
balance,lateral,off_diagonal_report_only,42,67,1,1,0,0,success,success
balance,lateral,off_diagonal_report_only,42,68,1,0,0,1,success,lateral_heading_drift
balance,lateral,off_diagonal_report_only,42,69,1,1,0,0,success,success
balance,lateral,off_diagonal_report_only,42,70,1,1,0,0,success,success
balance,lateral,off_diagonal_report_only,42,71,1,1,0,0,success,success
balance,lateral,off_diagonal_report_only,42,72,1,1,0,0,success,success
balance,lateral,off_diagonal_report_only,42,73,1,1,0,0,success,success
balance,lateral,off_diagonal_report_only,42,74,1,1,0,0,success,success
balance,lateral,off_diagonal_report_only,42,75,1,1,0,0,success,success
balance,lateral,off_diagonal_report_only,42,76,1,1,0,0,success,success
balance,lateral,off_diagonal_report_only,42,77,0,1,1,0,lateral_heading_drift,success
balance,lateral,off_diagonal_report_only,42,78,1,1,0,0,success,success
balance,lateral,off_diagonal_report_only,42,79,1,1,0,0,success,success
balance,lateral,off_diagonal_report_only,42,80,1,1,0,0,success,success
balance,lateral,off_diagonal_report_only,42,81,1,1,0,0,success,success
balance,lateral,off_diagonal_report_only,42,82,1,1,0,0,success,success
balance,lateral,off_diagonal_report_only,42,83,1,1,0,0,success,success
balance,lateral,off_diagonal_report_only,42,84,1,1,0,0,success,success
balance,lateral,off_diagonal_report_only,42,85,1,1,0,0,success,success
balance,lateral,off_diagonal_report_only,42,86,1,1,0,0,success,success
balance,lateral,off_diagonal_report_only,42,87,1,1,0,0,success,success
balance,lateral,off_diagonal_report_only,42,88,1,1,0,0,success,success
balance,lateral,off_diagonal_report_only,42,89,1,1,0,0,success,success
balance,lateral,off_diagonal_report_only,42,90,1,1,0,0,success,success
balance,lateral,off_diagonal_report_only,42,91,1,1,0,0,success,success
balance,lateral,off_diagonal_report_only,42,92,1,1,0,0,success,success
balance,lateral,off_diagonal_report_only,42,93,1,1,0,0,success,success
balance,lateral,off_diagonal_report_only,42,94,1,1,0,0,success,success
balance,lateral,off_diagonal_report_only,42,95,1,1,0,0,success,success
balance,lateral,off_diagonal_report_only,42,96,1,0,0,1,success,lateral_heading_drift
balance,lateral,off_diagonal_report_only,42,97,0,0,1,1,lateral_heading_drift,lateral_heading_drift
balance,lateral,off_diagonal_report_only,42,98,1,1,0,0,success,success
balance,lateral,off_diagonal_report_only,42,99,1,1,0,0,success,success
balance,lateral,off_diagonal_report_only,42,100,1,1,0,0,success,success
balance,lateral,off_diagonal_report_only,42,101,1,1,0,0,success,success
balance,lateral,off_diagonal_report_only,42,102,1,1,0,0,success,success
balance,lateral,off_diagonal_report_only,42,103,1,0,0,1,success,lateral_heading_drift
balance,lateral,off_diagonal_report_only,42,104,1,1,0,0,success,success
balance,lateral,off_diagonal_report_only,42,105,1,0,0,1,success,lateral_heading_drift
balance,lateral,off_diagonal_report_only,42,106,1,1,0,0,success,success
balance,lateral,off_diagonal_report_only,42,107,1,1,0,0,success,success
balance,lateral,off_diagonal_report_only,42,108,1,1,0,0,success,success
balance,lateral,off_diagonal_report_only,42,109,1,1,0,0,success,success
balance,lateral,off_diagonal_report_only,42,110,1,1,0,0,success,success
balance,lateral,off_diagonal_report_only,42,111,0,1,1,0,lateral_heading_drift,success
balance,lateral,off_diagonal_report_only,42,112,1,1,0,0,success,success
balance,lateral,off_diagonal_report_only,42,113,1,1,0,0,success,success
balance,lateral,off_diagonal_report_only,42,114,1,1,0,0,success,success
balance,lateral,off_diagonal_report_only,42,115,1,1,0,0,success,success
balance,lateral,off_diagonal_report_only,42,116,0,1,1,0,lateral_heading_drift,success
balance,lateral,off_diagonal_report_only,42,117,0,1,1,0,lateral_heading_drift,success
balance,lateral,off_diagonal_report_only,42,118,1,1,0,0,success,success
balance,lateral,off_diagonal_report_only,42,119,1,1,0,0,success,success
balance,lateral,off_diagonal_report_only,42,120,1,1,0,0,success,success
balance,lateral,off_diagonal_report_only,42,121,1,1,0,0,success,success
balance,lateral,off_diagonal_report_only,42,122,1,1,0,0,success,success
balance,lateral,off_diagonal_report_only,42,123,1,1,0,0,success,success
balance,lateral,off_diagonal_report_only,42,124,0,1,1,0,lateral_heading_drift,success
balance,lateral,off_diagonal_report_only,42,125,1,1,0,0,success,success
balance,lateral,off_diagonal_report_only,42,126,1,1,0,0,success,success
balance,lateral,off_diagonal_report_only,42,127,1,1,0,0,success,success
balance,lateral,off_diagonal_report_only,42,128,0,0,1,1,lateral_heading_drift,non_lateral_high_cbf_demand
balance,lateral,off_diagonal_report_only,42,129,0,0,1,1,lateral_heading_drift,lateral_heading_drift
balance,lateral,off_diagonal_report_only,42,130,0,0,1,1,lateral_heading_drift,lateral_heading_drift
balance,lateral,off_diagonal_report_only,42,131,0,0,1,1,lateral_heading_drift,lateral_heading_drift
balance,lateral,off_diagonal_report_only,42,132,0,0,1,1,lateral_heading_drift,lateral_heading_drift
balance,lateral,off_diagonal_report_only,42,133,0,0,1,1,lateral_heading_drift,lateral_heading_drift
balance,lateral,off_diagonal_report_only,42,134,0,0,1,1,lateral_heading_drift,lateral_heading_drift
balance,lateral,off_diagonal_report_only,42,135,0,0,1,1,lateral_heading_drift,lateral_heading_drift
balance,lateral,off_diagonal_report_only,42,136,0,0,1,1,non_lateral_high_cbf_demand,lateral_heading_drift
balance,lateral,off_diagonal_report_only,42,137,0,0,1,1,lateral_heading_drift,lateral_heading_drift
balance,lateral,off_diagonal_report_only,42,138,1,0,0,1,success,non_lateral_balance_or_phase
balance,lateral,off_diagonal_report_only,42,139,0,1,1,0,non_lateral_high_cbf_demand,success
balance,lateral,off_diagonal_report_only,42,140,0,0,1,1,lateral_heading_drift,lateral_heading_drift
balance,lateral,off_diagonal_report_only,42,141,1,0,0,1,success,non_lateral_balance_or_phase
balance,lateral,off_diagonal_report_only,42,142,1,0,0,1,success,non_lateral_high_cbf_demand
balance,lateral,off_diagonal_report_only,42,143,1,0,0,1,success,lateral_heading_drift
balance,lateral,off_diagonal_report_only,42,144,1,1,0,0,success,success
balance,lateral,off_diagonal_report_only,42,145,1,0,0,1,success,lateral_heading_drift
balance,lateral,off_diagonal_report_only,42,146,1,0,0,1,success,lateral_heading_drift
balance,lateral,off_diagonal_report_only,42,147,1,1,0,0,success,success
balance,lateral,off_diagonal_report_only,42,148,0,1,1,0,lateral_heading_drift,success
balance,lateral,off_diagonal_report_only,42,149,0,1,1,0,lateral_heading_drift,success
balance,lateral,off_diagonal_report_only,42,150,0,1,1,0,lateral_heading_drift,success
balance,lateral,off_diagonal_report_only,42,151,1,1,0,0,success,success
balance,lateral,off_diagonal_report_only,42,152,1,1,0,0,success,success
balance,lateral,off_diagonal_report_only,42,153,1,1,0,0,success,success
balance,lateral,off_diagonal_report_only,42,154,1,1,0,0,success,success
balance,lateral,off_diagonal_report_only,42,155,1,1,0,0,success,success
balance,lateral,off_diagonal_report_only,42,156,1,1,0,0,success,success
balance,lateral,off_diagonal_report_only,42,157,0,1,1,0,lateral_heading_drift,success
balance,lateral,off_diagonal_report_only,42,158,1,1,0,0,success,success
balance,lateral,off_diagonal_report_only,42,159,1,1,0,0,success,success
balance,lateral,off_diagonal_report_only,42,160,0,1,1,0,lateral_heading_drift,success
balance,lateral,off_diagonal_report_only,42,161,1,1,0,0,success,success
balance,lateral,off_diagonal_report_only,42,162,1,1,0,0,success,success
balance,lateral,off_diagonal_report_only,42,163,1,1,0,0,success,success
balance,lateral,off_diagonal_report_only,42,164,1,1,0,0,success,success
balance,lateral,off_diagonal_report_only,42,165,1,1,0,0,success,success
balance,lateral,off_diagonal_report_only,42,166,1,1,0,0,success,success
balance,lateral,off_diagonal_report_only,42,167,1,1,0,0,success,success
balance,lateral,off_diagonal_report_only,42,168,0,1,1,0,lateral_heading_drift,success
balance,lateral,off_diagonal_report_only,42,169,1,1,0,0,success,success
balance,lateral,off_diagonal_report_only,42,170,1,1,0,0,success,success
balance,lateral,off_diagonal_report_only,42,171,1,1,0,0,success,success
balance,lateral,off_diagonal_report_only,42,172,1,1,0,0,success,success
balance,lateral,off_diagonal_report_only,42,173,1,1,0,0,success,success
balance,lateral,off_diagonal_report_only,42,174,1,1,0,0,success,success
balance,lateral,off_diagonal_report_only,42,175,0,1,1,0,lateral_heading_drift,success
balance,lateral,off_diagonal_report_only,42,176,1,1,0,0,success,success
balance,lateral,off_diagonal_report_only,42,177,1,1,0,0,success,success
balance,lateral,off_diagonal_report_only,42,178,1,1,0,0,success,success
balance,lateral,off_diagonal_report_only,42,179,1,1,0,0,success,success
balance,lateral,off_diagonal_report_only,42,180,0,1,1,0,lateral_heading_drift,success
balance,lateral,off_diagonal_report_only,42,181,1,0,0,1,success,lateral_heading_drift
balance,lateral,off_diagonal_report_only,42,182,1,1,0,0,success,success
balance,lateral,off_diagonal_report_only,42,183,1,1,0,0,success,success
balance,lateral,off_diagonal_report_only,42,184,1,1,0,0,success,success
balance,lateral,off_diagonal_report_only,42,185,1,1,0,0,success,success
balance,lateral,off_diagonal_report_only,42,186,1,1,0,0,success,success
balance,lateral,off_diagonal_report_only,42,187,1,1,0,0,success,success
balance,lateral,off_diagonal_report_only,42,188,1,1,0,0,success,success
balance,lateral,off_diagonal_report_only,42,189,1,1,0,0,success,success
balance,lateral,off_diagonal_report_only,42,190,0,1,1,0,lateral_heading_drift,success
balance,lateral,off_diagonal_report_only,42,191,0,1,1,0,lateral_heading_drift,success
balance,lateral,off_diagonal_report_only,42,192,0,1,1,0,lateral_heading_drift,success
balance,lateral,off_diagonal_report_only,42,193,1,1,0,0,success,success
balance,lateral,off_diagonal_report_only,42,194,1,1,0,0,success,success
balance,lateral,off_diagonal_report_only,42,195,1,1,0,0,success,success
balance,lateral,off_diagonal_report_only,42,196,1,1,0,0,success,success
balance,lateral,off_diagonal_report_only,42,197,1,1,0,0,success,success
balance,lateral,off_diagonal_report_only,42,198,1,1,0,0,success,success
balance,lateral,off_diagonal_report_only,42,199,1,1,0,0,success,success
balance,lateral,off_diagonal_report_only,42,200,1,1,0,0,success,success
balance,lateral,off_diagonal_report_only,42,201,1,1,0,0,success,success
balance,lateral,off_diagonal_report_only,42,202,1,1,0,0,success,success
balance,lateral,off_diagonal_report_only,42,203,1,1,0,0,success,success
balance,lateral,off_diagonal_report_only,42,204,1,1,0,0,success,success
balance,lateral,off_diagonal_report_only,42,205,1,1,0,0,success,success
balance,lateral,off_diagonal_report_only,42,206,1,1,0,0,success,success
balance,lateral,off_diagonal_report_only,42,207,1,1,0,0,success,success
balance,lateral,off_diagonal_report_only,42,208,1,1,0,0,success,success
balance,lateral,off_diagonal_report_only,42,209,1,1,0,0,success,success
balance,lateral,off_diagonal_report_only,42,210,1,1,0,0,success,success
balance,lateral,off_diagonal_report_only,42,211,1,1,0,0,success,success
balance,lateral,off_diagonal_report_only,42,212,1,0,0,1,success,lateral_heading_drift
balance,lateral,off_diagonal_report_only,42,213,1,1,0,0,success,success
balance,lateral,off_diagonal_report_only,42,214,1,1,0,0,success,success
balance,lateral,off_diagonal_report_only,42,215,1,0,0,1,success,lateral_heading_drift
balance,lateral,off_diagonal_report_only,42,216,1,1,0,0,success,success
balance,lateral,off_diagonal_report_only,42,217,1,1,0,0,success,success
balance,lateral,off_diagonal_report_only,42,218,1,1,0,0,success,success
balance,lateral,off_diagonal_report_only,42,219,1,1,0,0,success,success
balance,lateral,off_diagonal_report_only,42,220,1,1,0,0,success,success
balance,lateral,off_diagonal_report_only,42,221,1,0,0,1,success,lateral_heading_drift
balance,lateral,off_diagonal_report_only,42,222,1,1,0,0,success,success
balance,lateral,off_diagonal_report_only,42,223,1,1,0,0,success,success
balance,lateral,off_diagonal_report_only,42,224,1,0,0,1,success,lateral_heading_drift
balance,lateral,off_diagonal_report_only,42,225,1,0,0,1,success,lateral_heading_drift
balance,lateral,off_diagonal_report_only,42,226,1,1,0,0,success,success
balance,lateral,off_diagonal_report_only,42,227,1,1,0,0,success,success
balance,lateral,off_diagonal_report_only,42,228,1,1,0,0,success,success
balance,lateral,off_diagonal_report_only,42,229,1,0,0,1,success,lateral_heading_drift
balance,lateral,off_diagonal_report_only,42,230,1,1,0,0,success,success
balance,lateral,off_diagonal_report_only,42,231,1,1,0,0,success,success
balance,lateral,off_diagonal_report_only,42,232,0,1,1,0,lateral_heading_drift,success
balance,lateral,off_diagonal_report_only,42,233,1,1,0,0,success,success
balance,lateral,off_diagonal_report_only,42,234,1,1,0,0,success,success
balance,lateral,off_diagonal_report_only,42,235,1,1,0,0,success,success
balance,lateral,off_diagonal_report_only,42,236,1,1,0,0,success,success
balance,lateral,off_diagonal_report_only,42,237,1,1,0,0,success,success
balance,lateral,off_diagonal_report_only,42,238,1,1,0,0,success,success
balance,lateral,off_diagonal_report_only,42,239,1,1,0,0,success,success
balance,lateral,off_diagonal_report_only,42,240,1,1,0,0,success,success
balance,lateral,off_diagonal_report_only,42,241,1,1,0,0,success,success
balance,lateral,off_diagonal_report_only,42,242,1,1,0,0,success,success
balance,lateral,off_diagonal_report_only,42,243,1,1,0,0,success,success
balance,lateral,off_diagonal_report_only,42,244,1,1,0,0,success,success
balance,lateral,off_diagonal_report_only,42,245,1,1,0,0,success,success
balance,lateral,off_diagonal_report_only,42,246,1,1,0,0,success,success
balance,lateral,off_diagonal_report_only,42,247,1,1,0,0,success,success
balance,lateral,off_diagonal_report_only,42,248,1,1,0,0,success,success
balance,lateral,off_diagonal_report_only,42,249,1,1,0,0,success,success
balance,lateral,off_diagonal_report_only,42,250,1,1,0,0,success,success
balance,lateral,off_diagonal_report_only,42,251,1,1,0,0,success,success
balance,lateral,off_diagonal_report_only,42,252,1,1,0,0,success,success
balance,lateral,off_diagonal_report_only,42,253,1,1,0,0,success,success
balance,lateral,off_diagonal_report_only,42,254,1,0,0,1,success,lateral_heading_drift
balance,lateral,off_diagonal_report_only,42,255,0,1,1,0,lateral_heading_drift,success
balance,cbf,off_diagonal_report_only,42,0,0,0,1,1,lateral_heading_drift,non_lateral_high_cbf_demand
balance,cbf,off_diagonal_report_only,42,1,0,0,1,1,non_lateral_high_cbf_demand,non_lateral_high_cbf_demand
balance,cbf,off_diagonal_report_only,42,2,0,0,1,1,non_lateral_high_cbf_demand,non_lateral_high_cbf_demand
balance,cbf,off_diagonal_report_only,42,3,0,0,1,1,non_lateral_high_cbf_demand,non_lateral_high_cbf_demand
balance,cbf,off_diagonal_report_only,42,4,0,0,1,1,non_lateral_balance_or_phase,non_lateral_high_cbf_demand
balance,cbf,off_diagonal_report_only,42,5,0,0,1,1,non_lateral_high_cbf_demand,non_lateral_high_cbf_demand
balance,cbf,off_diagonal_report_only,42,6,0,0,1,1,non_lateral_high_cbf_demand,non_lateral_high_cbf_demand
balance,cbf,off_diagonal_report_only,42,7,0,0,1,1,non_lateral_high_cbf_demand,non_lateral_high_cbf_demand
balance,cbf,off_diagonal_report_only,42,8,0,0,1,1,non_lateral_high_cbf_demand,non_lateral_high_cbf_demand
balance,cbf,off_diagonal_report_only,42,9,0,0,1,1,non_lateral_high_cbf_demand,non_lateral_high_cbf_demand
balance,cbf,off_diagonal_report_only,42,10,0,0,1,1,non_lateral_high_cbf_demand,non_lateral_high_cbf_demand
balance,cbf,off_diagonal_report_only,42,11,0,0,1,1,lateral_heading_drift,non_lateral_high_cbf_demand
balance,cbf,off_diagonal_report_only,42,12,0,0,1,1,lateral_heading_drift,non_lateral_high_cbf_demand
balance,cbf,off_diagonal_report_only,42,13,0,0,1,1,non_lateral_high_cbf_demand,non_lateral_high_cbf_demand
balance,cbf,off_diagonal_report_only,42,14,0,0,1,1,non_lateral_high_cbf_demand,lateral_heading_drift
balance,cbf,off_diagonal_report_only,42,15,0,0,1,1,non_lateral_high_cbf_demand,lateral_heading_drift
balance,cbf,off_diagonal_report_only,42,16,0,0,1,1,non_lateral_high_cbf_demand,non_lateral_high_cbf_demand
balance,cbf,off_diagonal_report_only,42,17,0,0,1,1,non_lateral_high_cbf_demand,non_lateral_high_cbf_demand
balance,cbf,off_diagonal_report_only,42,18,0,1,1,0,non_lateral_high_cbf_demand,success
balance,cbf,off_diagonal_report_only,42,19,0,1,1,0,lateral_heading_drift,success
balance,cbf,off_diagonal_report_only,42,20,0,1,1,0,non_lateral_high_cbf_demand,success
balance,cbf,off_diagonal_report_only,42,21,0,1,1,0,lateral_heading_drift,success
balance,cbf,off_diagonal_report_only,42,22,0,1,1,0,non_lateral_high_cbf_demand,success
balance,cbf,off_diagonal_report_only,42,23,0,1,1,0,non_lateral_high_cbf_demand,success
balance,cbf,off_diagonal_report_only,42,24,0,1,1,0,non_lateral_balance_or_phase,success
balance,cbf,off_diagonal_report_only,42,25,0,1,1,0,non_lateral_high_cbf_demand,success
balance,cbf,off_diagonal_report_only,42,26,0,1,1,0,non_lateral_high_cbf_demand,success
balance,cbf,off_diagonal_report_only,42,27,0,1,1,0,non_lateral_high_cbf_demand,success
balance,cbf,off_diagonal_report_only,42,28,0,1,1,0,lateral_heading_drift,success
balance,cbf,off_diagonal_report_only,42,29,0,1,1,0,lateral_heading_drift,success
balance,cbf,off_diagonal_report_only,42,30,0,1,1,0,non_lateral_high_cbf_demand,success
balance,cbf,off_diagonal_report_only,42,31,0,1,1,0,lateral_heading_drift,success
balance,cbf,off_diagonal_report_only,42,32,1,1,0,0,success,success
balance,cbf,off_diagonal_report_only,42,33,1,1,0,0,success,success
balance,cbf,off_diagonal_report_only,42,34,1,1,0,0,success,success
balance,cbf,off_diagonal_report_only,42,35,1,1,0,0,success,success
balance,cbf,off_diagonal_report_only,42,36,1,1,0,0,success,success
balance,cbf,off_diagonal_report_only,42,37,1,1,0,0,success,success
balance,cbf,off_diagonal_report_only,42,38,1,1,0,0,success,success
balance,cbf,off_diagonal_report_only,42,39,1,1,0,0,success,success
balance,cbf,off_diagonal_report_only,42,40,1,1,0,0,success,success
balance,cbf,off_diagonal_report_only,42,41,1,1,0,0,success,success
balance,cbf,off_diagonal_report_only,42,42,1,1,0,0,success,success
balance,cbf,off_diagonal_report_only,42,43,0,1,1,0,lateral_heading_drift,success
balance,cbf,off_diagonal_report_only,42,44,1,1,0,0,success,success
balance,cbf,off_diagonal_report_only,42,45,1,1,0,0,success,success
balance,cbf,off_diagonal_report_only,42,46,1,1,0,0,success,success
balance,cbf,off_diagonal_report_only,42,47,1,1,0,0,success,success
balance,cbf,off_diagonal_report_only,42,48,1,1,0,0,success,success
balance,cbf,off_diagonal_report_only,42,49,0,1,1,0,lateral_heading_drift,success
balance,cbf,off_diagonal_report_only,42,50,1,1,0,0,success,success
balance,cbf,off_diagonal_report_only,42,51,1,1,0,0,success,success
balance,cbf,off_diagonal_report_only,42,52,1,1,0,0,success,success
balance,cbf,off_diagonal_report_only,42,53,1,1,0,0,success,success
balance,cbf,off_diagonal_report_only,42,54,1,1,0,0,success,success
balance,cbf,off_diagonal_report_only,42,55,1,1,0,0,success,success
balance,cbf,off_diagonal_report_only,42,56,1,1,0,0,success,success
balance,cbf,off_diagonal_report_only,42,57,1,1,0,0,success,success
balance,cbf,off_diagonal_report_only,42,58,1,1,0,0,success,success
balance,cbf,off_diagonal_report_only,42,59,1,1,0,0,success,success
balance,cbf,off_diagonal_report_only,42,60,1,1,0,0,success,success
balance,cbf,off_diagonal_report_only,42,61,1,1,0,0,success,success
balance,cbf,off_diagonal_report_only,42,62,1,1,0,0,success,success
balance,cbf,off_diagonal_report_only,42,63,1,1,0,0,success,success
balance,cbf,off_diagonal_report_only,42,64,1,1,0,0,success,success
balance,cbf,off_diagonal_report_only,42,65,1,1,0,0,success,success
balance,cbf,off_diagonal_report_only,42,66,1,1,0,0,success,success
balance,cbf,off_diagonal_report_only,42,67,1,1,0,0,success,success
balance,cbf,off_diagonal_report_only,42,68,1,1,0,0,success,success
balance,cbf,off_diagonal_report_only,42,69,1,1,0,0,success,success
balance,cbf,off_diagonal_report_only,42,70,1,1,0,0,success,success
balance,cbf,off_diagonal_report_only,42,71,1,1,0,0,success,success
balance,cbf,off_diagonal_report_only,42,72,1,1,0,0,success,success
balance,cbf,off_diagonal_report_only,42,73,1,1,0,0,success,success
balance,cbf,off_diagonal_report_only,42,74,1,1,0,0,success,success
balance,cbf,off_diagonal_report_only,42,75,1,1,0,0,success,success
balance,cbf,off_diagonal_report_only,42,76,1,1,0,0,success,success
balance,cbf,off_diagonal_report_only,42,77,1,1,0,0,success,success
balance,cbf,off_diagonal_report_only,42,78,1,1,0,0,success,success
balance,cbf,off_diagonal_report_only,42,79,1,1,0,0,success,success
balance,cbf,off_diagonal_report_only,42,80,1,1,0,0,success,success
balance,cbf,off_diagonal_report_only,42,81,1,1,0,0,success,success
balance,cbf,off_diagonal_report_only,42,82,0,1,1,0,lateral_heading_drift,success
balance,cbf,off_diagonal_report_only,42,83,1,1,0,0,success,success
balance,cbf,off_diagonal_report_only,42,84,1,1,0,0,success,success
balance,cbf,off_diagonal_report_only,42,85,1,1,0,0,success,success
balance,cbf,off_diagonal_report_only,42,86,1,1,0,0,success,success
balance,cbf,off_diagonal_report_only,42,87,1,1,0,0,success,success
balance,cbf,off_diagonal_report_only,42,88,1,1,0,0,success,success
balance,cbf,off_diagonal_report_only,42,89,1,1,0,0,success,success
balance,cbf,off_diagonal_report_only,42,90,1,1,0,0,success,success
balance,cbf,off_diagonal_report_only,42,91,1,1,0,0,success,success
balance,cbf,off_diagonal_report_only,42,92,1,1,0,0,success,success
balance,cbf,off_diagonal_report_only,42,93,0,1,1,0,lateral_heading_drift,success
balance,cbf,off_diagonal_report_only,42,94,1,1,0,0,success,success
balance,cbf,off_diagonal_report_only,42,95,1,1,0,0,success,success
balance,cbf,off_diagonal_report_only,42,96,1,1,0,0,success,success
balance,cbf,off_diagonal_report_only,42,97,1,1,0,0,success,success
balance,cbf,off_diagonal_report_only,42,98,1,1,0,0,success,success
balance,cbf,off_diagonal_report_only,42,99,1,1,0,0,success,success
balance,cbf,off_diagonal_report_only,42,100,1,1,0,0,success,success
balance,cbf,off_diagonal_report_only,42,101,1,1,0,0,success,success
balance,cbf,off_diagonal_report_only,42,102,1,1,0,0,success,success
balance,cbf,off_diagonal_report_only,42,103,1,1,0,0,success,success
balance,cbf,off_diagonal_report_only,42,104,1,0,0,1,success,lateral_heading_drift
balance,cbf,off_diagonal_report_only,42,105,1,1,0,0,success,success
balance,cbf,off_diagonal_report_only,42,106,1,1,0,0,success,success
balance,cbf,off_diagonal_report_only,42,107,1,1,0,0,success,success
balance,cbf,off_diagonal_report_only,42,108,1,1,0,0,success,success
balance,cbf,off_diagonal_report_only,42,109,1,1,0,0,success,success
balance,cbf,off_diagonal_report_only,42,110,1,1,0,0,success,success
balance,cbf,off_diagonal_report_only,42,111,1,1,0,0,success,success
balance,cbf,off_diagonal_report_only,42,112,1,1,0,0,success,success
balance,cbf,off_diagonal_report_only,42,113,1,1,0,0,success,success
balance,cbf,off_diagonal_report_only,42,114,1,1,0,0,success,success
balance,cbf,off_diagonal_report_only,42,115,1,1,0,0,success,success
balance,cbf,off_diagonal_report_only,42,116,1,1,0,0,success,success
balance,cbf,off_diagonal_report_only,42,117,1,1,0,0,success,success
balance,cbf,off_diagonal_report_only,42,118,1,1,0,0,success,success
balance,cbf,off_diagonal_report_only,42,119,1,1,0,0,success,success
balance,cbf,off_diagonal_report_only,42,120,1,1,0,0,success,success
balance,cbf,off_diagonal_report_only,42,121,1,1,0,0,success,success
balance,cbf,off_diagonal_report_only,42,122,1,1,0,0,success,success
balance,cbf,off_diagonal_report_only,42,123,1,1,0,0,success,success
balance,cbf,off_diagonal_report_only,42,124,1,1,0,0,success,success
balance,cbf,off_diagonal_report_only,42,125,1,1,0,0,success,success
balance,cbf,off_diagonal_report_only,42,126,1,1,0,0,success,success
balance,cbf,off_diagonal_report_only,42,127,1,1,0,0,success,success
balance,cbf,off_diagonal_report_only,42,128,0,0,1,1,non_lateral_high_cbf_demand,non_lateral_balance_or_phase
balance,cbf,off_diagonal_report_only,42,129,0,0,1,1,lateral_heading_drift,non_lateral_high_cbf_demand
balance,cbf,off_diagonal_report_only,42,130,0,0,1,1,lateral_heading_drift,non_lateral_high_cbf_demand
balance,cbf,off_diagonal_report_only,42,131,0,0,1,1,non_lateral_balance_or_phase,non_lateral_balance_or_phase
balance,cbf,off_diagonal_report_only,42,132,0,0,1,1,non_lateral_high_cbf_demand,non_lateral_high_cbf_demand
balance,cbf,off_diagonal_report_only,42,133,0,0,1,1,non_lateral_high_cbf_demand,non_lateral_high_cbf_demand
balance,cbf,off_diagonal_report_only,42,134,0,0,1,1,non_lateral_high_cbf_demand,non_lateral_high_cbf_demand
balance,cbf,off_diagonal_report_only,42,135,0,0,1,1,non_lateral_high_cbf_demand,non_lateral_balance_or_phase
balance,cbf,off_diagonal_report_only,42,136,0,0,1,1,non_lateral_high_cbf_demand,non_lateral_high_cbf_demand
balance,cbf,off_diagonal_report_only,42,137,0,0,1,1,non_lateral_balance_or_phase,lateral_heading_drift
balance,cbf,off_diagonal_report_only,42,138,0,0,1,1,non_lateral_high_cbf_demand,non_lateral_high_cbf_demand
balance,cbf,off_diagonal_report_only,42,139,0,0,1,1,non_lateral_high_cbf_demand,non_lateral_high_cbf_demand
balance,cbf,off_diagonal_report_only,42,140,0,0,1,1,non_lateral_balance_or_phase,lateral_heading_drift
balance,cbf,off_diagonal_report_only,42,141,0,0,1,1,non_lateral_high_cbf_demand,non_lateral_high_cbf_demand
balance,cbf,off_diagonal_report_only,42,142,0,0,1,1,lateral_heading_drift,lateral_heading_drift
balance,cbf,off_diagonal_report_only,42,143,0,0,1,1,lateral_heading_drift,non_lateral_balance_or_phase
balance,cbf,off_diagonal_report_only,42,144,0,0,1,1,lateral_heading_drift,non_lateral_high_cbf_demand
balance,cbf,off_diagonal_report_only,42,145,0,1,1,0,non_lateral_high_cbf_demand,success
balance,cbf,off_diagonal_report_only,42,146,0,0,1,1,non_lateral_high_cbf_demand,lateral_heading_drift
balance,cbf,off_diagonal_report_only,42,147,0,1,1,0,non_lateral_high_cbf_demand,success
balance,cbf,off_diagonal_report_only,42,148,0,0,1,1,lateral_heading_drift,non_lateral_high_cbf_demand
balance,cbf,off_diagonal_report_only,42,149,0,0,1,1,non_lateral_high_cbf_demand,non_lateral_high_cbf_demand
balance,cbf,off_diagonal_report_only,42,150,0,1,1,0,non_lateral_high_cbf_demand,success
balance,cbf,off_diagonal_report_only,42,151,0,1,1,0,lateral_heading_drift,success
balance,cbf,off_diagonal_report_only,42,152,0,1,1,0,non_lateral_high_cbf_demand,success
balance,cbf,off_diagonal_report_only,42,153,0,1,1,0,non_lateral_high_cbf_demand,success
balance,cbf,off_diagonal_report_only,42,154,0,1,1,0,lateral_heading_drift,success
balance,cbf,off_diagonal_report_only,42,155,0,1,1,0,non_lateral_high_cbf_demand,success
balance,cbf,off_diagonal_report_only,42,156,0,1,1,0,lateral_heading_drift,success
balance,cbf,off_diagonal_report_only,42,157,1,1,0,0,success,success
balance,cbf,off_diagonal_report_only,42,158,1,1,0,0,success,success
balance,cbf,off_diagonal_report_only,42,159,1,1,0,0,success,success
balance,cbf,off_diagonal_report_only,42,160,1,1,0,0,success,success
balance,cbf,off_diagonal_report_only,42,161,1,1,0,0,success,success
balance,cbf,off_diagonal_report_only,42,162,1,1,0,0,success,success
balance,cbf,off_diagonal_report_only,42,163,1,1,0,0,success,success
balance,cbf,off_diagonal_report_only,42,164,1,1,0,0,success,success
balance,cbf,off_diagonal_report_only,42,165,1,1,0,0,success,success
balance,cbf,off_diagonal_report_only,42,166,1,1,0,0,success,success
balance,cbf,off_diagonal_report_only,42,167,1,1,0,0,success,success
balance,cbf,off_diagonal_report_only,42,168,1,1,0,0,success,success
balance,cbf,off_diagonal_report_only,42,169,1,0,0,1,success,lateral_heading_drift
balance,cbf,off_diagonal_report_only,42,170,1,1,0,0,success,success
balance,cbf,off_diagonal_report_only,42,171,1,1,0,0,success,success
balance,cbf,off_diagonal_report_only,42,172,1,1,0,0,success,success
balance,cbf,off_diagonal_report_only,42,173,1,0,0,1,success,lateral_heading_drift
balance,cbf,off_diagonal_report_only,42,174,1,1,0,0,success,success
balance,cbf,off_diagonal_report_only,42,175,1,1,0,0,success,success
balance,cbf,off_diagonal_report_only,42,176,1,1,0,0,success,success
balance,cbf,off_diagonal_report_only,42,177,1,1,0,0,success,success
balance,cbf,off_diagonal_report_only,42,178,1,1,0,0,success,success
balance,cbf,off_diagonal_report_only,42,179,1,1,0,0,success,success
balance,cbf,off_diagonal_report_only,42,180,1,1,0,0,success,success
balance,cbf,off_diagonal_report_only,42,181,1,1,0,0,success,success
balance,cbf,off_diagonal_report_only,42,182,1,1,0,0,success,success
balance,cbf,off_diagonal_report_only,42,183,1,1,0,0,success,success
balance,cbf,off_diagonal_report_only,42,184,1,1,0,0,success,success
balance,cbf,off_diagonal_report_only,42,185,1,1,0,0,success,success
balance,cbf,off_diagonal_report_only,42,186,1,1,0,0,success,success
balance,cbf,off_diagonal_report_only,42,187,0,1,1,0,lateral_heading_drift,success
balance,cbf,off_diagonal_report_only,42,188,1,1,0,0,success,success
balance,cbf,off_diagonal_report_only,42,189,1,1,0,0,success,success
balance,cbf,off_diagonal_report_only,42,190,1,1,0,0,success,success
balance,cbf,off_diagonal_report_only,42,191,1,1,0,0,success,success
balance,cbf,off_diagonal_report_only,42,192,1,1,0,0,success,success
balance,cbf,off_diagonal_report_only,42,193,1,1,0,0,success,success
balance,cbf,off_diagonal_report_only,42,194,1,1,0,0,success,success
balance,cbf,off_diagonal_report_only,42,195,1,1,0,0,success,success
balance,cbf,off_diagonal_report_only,42,196,1,1,0,0,success,success
balance,cbf,off_diagonal_report_only,42,197,1,1,0,0,success,success
balance,cbf,off_diagonal_report_only,42,198,1,1,0,0,success,success
balance,cbf,off_diagonal_report_only,42,199,1,1,0,0,success,success
balance,cbf,off_diagonal_report_only,42,200,1,1,0,0,success,success
balance,cbf,off_diagonal_report_only,42,201,1,0,0,1,success,lateral_heading_drift
balance,cbf,off_diagonal_report_only,42,202,1,1,0,0,success,success
balance,cbf,off_diagonal_report_only,42,203,1,1,0,0,success,success
balance,cbf,off_diagonal_report_only,42,204,1,1,0,0,success,success
balance,cbf,off_diagonal_report_only,42,205,1,1,0,0,success,success
balance,cbf,off_diagonal_report_only,42,206,1,1,0,0,success,success
balance,cbf,off_diagonal_report_only,42,207,1,1,0,0,success,success
balance,cbf,off_diagonal_report_only,42,208,1,1,0,0,success,success
balance,cbf,off_diagonal_report_only,42,209,1,1,0,0,success,success
balance,cbf,off_diagonal_report_only,42,210,1,1,0,0,success,success
balance,cbf,off_diagonal_report_only,42,211,1,1,0,0,success,success
balance,cbf,off_diagonal_report_only,42,212,1,1,0,0,success,success
balance,cbf,off_diagonal_report_only,42,213,1,1,0,0,success,success
balance,cbf,off_diagonal_report_only,42,214,1,1,0,0,success,success
balance,cbf,off_diagonal_report_only,42,215,0,1,1,0,lateral_heading_drift,success
balance,cbf,off_diagonal_report_only,42,216,1,1,0,0,success,success
balance,cbf,off_diagonal_report_only,42,217,1,1,0,0,success,success
balance,cbf,off_diagonal_report_only,42,218,1,1,0,0,success,success
balance,cbf,off_diagonal_report_only,42,219,1,1,0,0,success,success
balance,cbf,off_diagonal_report_only,42,220,1,1,0,0,success,success
balance,cbf,off_diagonal_report_only,42,221,1,1,0,0,success,success
balance,cbf,off_diagonal_report_only,42,222,1,1,0,0,success,success
balance,cbf,off_diagonal_report_only,42,223,1,1,0,0,success,success
balance,cbf,off_diagonal_report_only,42,224,1,1,0,0,success,success
balance,cbf,off_diagonal_report_only,42,225,1,1,0,0,success,success
balance,cbf,off_diagonal_report_only,42,226,1,1,0,0,success,success
balance,cbf,off_diagonal_report_only,42,227,1,1,0,0,success,success
balance,cbf,off_diagonal_report_only,42,228,1,1,0,0,success,success
balance,cbf,off_diagonal_report_only,42,229,1,1,0,0,success,success
balance,cbf,off_diagonal_report_only,42,230,1,1,0,0,success,success
balance,cbf,off_diagonal_report_only,42,231,1,1,0,0,success,success
balance,cbf,off_diagonal_report_only,42,232,0,1,1,0,lateral_heading_drift,success
balance,cbf,off_diagonal_report_only,42,233,1,1,0,0,success,success
balance,cbf,off_diagonal_report_only,42,234,1,1,0,0,success,success
balance,cbf,off_diagonal_report_only,42,235,1,1,0,0,success,success
balance,cbf,off_diagonal_report_only,42,236,1,1,0,0,success,success
balance,cbf,off_diagonal_report_only,42,237,1,0,0,1,success,lateral_heading_drift
balance,cbf,off_diagonal_report_only,42,238,0,1,1,0,lateral_heading_drift,success
balance,cbf,off_diagonal_report_only,42,239,1,1,0,0,success,success
balance,cbf,off_diagonal_report_only,42,240,1,1,0,0,success,success
balance,cbf,off_diagonal_report_only,42,241,1,1,0,0,success,success
balance,cbf,off_diagonal_report_only,42,242,1,1,0,0,success,success
balance,cbf,off_diagonal_report_only,42,243,1,1,0,0,success,success
balance,cbf,off_diagonal_report_only,42,244,1,1,0,0,success,success
balance,cbf,off_diagonal_report_only,42,245,1,1,0,0,success,success
balance,cbf,off_diagonal_report_only,42,246,1,1,0,0,success,success
balance,cbf,off_diagonal_report_only,42,247,1,1,0,0,success,success
balance,cbf,off_diagonal_report_only,42,248,1,1,0,0,success,success
balance,cbf,off_diagonal_report_only,42,249,1,1,0,0,success,success
balance,cbf,off_diagonal_report_only,42,250,1,1,0,0,success,success
balance,cbf,off_diagonal_report_only,42,251,0,1,1,0,lateral_heading_drift,success
balance,cbf,off_diagonal_report_only,42,252,1,1,0,0,success,success
balance,cbf,off_diagonal_report_only,42,253,1,0,0,1,success,lateral_heading_drift
balance,cbf,off_diagonal_report_only,42,254,1,1,0,0,success,success
balance,cbf,off_diagonal_report_only,42,255,1,1,0,0,success,success
balance,balance,diagonal_primary,42,0,0,0,1,1,non_lateral_high_cbf_demand,non_lateral_balance_or_phase
balance,balance,diagonal_primary,42,1,0,0,1,1,non_lateral_balance_or_phase,non_lateral_balance_or_phase
balance,balance,diagonal_primary,42,2,0,0,1,1,non_lateral_balance_or_phase,non_lateral_balance_or_phase
balance,balance,diagonal_primary,42,3,0,0,1,1,non_lateral_high_cbf_demand,non_lateral_balance_or_phase
balance,balance,diagonal_primary,42,4,0,0,1,1,non_lateral_balance_or_phase,non_lateral_balance_or_phase
balance,balance,diagonal_primary,42,5,0,0,1,1,non_lateral_high_cbf_demand,non_lateral_balance_or_phase
balance,balance,diagonal_primary,42,6,0,0,1,1,lateral_heading_drift,non_lateral_balance_or_phase
balance,balance,diagonal_primary,42,7,0,0,1,1,non_lateral_balance_or_phase,non_lateral_balance_or_phase
balance,balance,diagonal_primary,42,8,0,0,1,1,non_lateral_high_cbf_demand,lateral_heading_drift
balance,balance,diagonal_primary,42,9,0,0,1,1,non_lateral_balance_or_phase,non_lateral_balance_or_phase
balance,balance,diagonal_primary,42,10,0,0,1,1,lateral_heading_drift,non_lateral_high_cbf_demand
balance,balance,diagonal_primary,42,11,0,0,1,1,non_lateral_balance_or_phase,lateral_heading_drift
balance,balance,diagonal_primary,42,12,0,0,1,1,non_lateral_balance_or_phase,non_lateral_high_cbf_demand
balance,balance,diagonal_primary,42,13,0,0,1,1,non_lateral_balance_or_phase,non_lateral_balance_or_phase
balance,balance,diagonal_primary,42,14,1,0,0,1,success,lateral_heading_drift
balance,balance,diagonal_primary,42,15,0,0,1,1,non_lateral_balance_or_phase,non_lateral_balance_or_phase
balance,balance,diagonal_primary,42,16,0,0,1,1,non_lateral_balance_or_phase,non_lateral_balance_or_phase
balance,balance,diagonal_primary,42,17,1,0,0,1,success,non_lateral_balance_or_phase
balance,balance,diagonal_primary,42,18,1,0,0,1,success,non_lateral_high_cbf_demand
balance,balance,diagonal_primary,42,19,0,0,1,1,non_lateral_high_cbf_demand,non_lateral_balance_or_phase
balance,balance,diagonal_primary,42,20,1,0,0,1,success,lateral_heading_drift
balance,balance,diagonal_primary,42,21,1,0,0,1,success,lateral_heading_drift
balance,balance,diagonal_primary,42,22,1,0,0,1,success,non_lateral_balance_or_phase
balance,balance,diagonal_primary,42,23,1,0,0,1,success,non_lateral_balance_or_phase
balance,balance,diagonal_primary,42,24,1,0,0,1,success,non_lateral_balance_or_phase
balance,balance,diagonal_primary,42,25,1,1,0,0,success,success
balance,balance,diagonal_primary,42,26,1,1,0,0,success,success
balance,balance,diagonal_primary,42,27,1,0,0,1,success,non_lateral_high_cbf_demand
balance,balance,diagonal_primary,42,28,1,0,0,1,success,lateral_heading_drift
balance,balance,diagonal_primary,42,29,1,0,0,1,success,lateral_heading_drift
balance,balance,diagonal_primary,42,30,0,1,1,0,lateral_heading_drift,success
balance,balance,diagonal_primary,42,31,1,0,0,1,success,non_lateral_balance_or_phase
balance,balance,diagonal_primary,42,32,1,1,0,0,success,success
balance,balance,diagonal_primary,42,33,1,1,0,0,success,success
balance,balance,diagonal_primary,42,34,1,1,0,0,success,success
balance,balance,diagonal_primary,42,35,1,1,0,0,success,success
balance,balance,diagonal_primary,42,36,1,1,0,0,success,success
balance,balance,diagonal_primary,42,37,1,0,0,1,success,non_lateral_balance_or_phase
balance,balance,diagonal_primary,42,38,1,1,0,0,success,success
balance,balance,diagonal_primary,42,39,1,1,0,0,success,success
balance,balance,diagonal_primary,42,40,1,1,0,0,success,success
balance,balance,diagonal_primary,42,41,1,1,0,0,success,success
balance,balance,diagonal_primary,42,42,1,1,0,0,success,success
balance,balance,diagonal_primary,42,43,1,1,0,0,success,success
balance,balance,diagonal_primary,42,44,0,0,1,1,lateral_heading_drift,non_lateral_balance_or_phase
balance,balance,diagonal_primary,42,45,1,1,0,0,success,success
balance,balance,diagonal_primary,42,46,1,1,0,0,success,success
balance,balance,diagonal_primary,42,47,1,1,0,0,success,success
balance,balance,diagonal_primary,42,48,1,1,0,0,success,success
balance,balance,diagonal_primary,42,49,1,1,0,0,success,success
balance,balance,diagonal_primary,42,50,1,1,0,0,success,success
balance,balance,diagonal_primary,42,51,1,1,0,0,success,success
balance,balance,diagonal_primary,42,52,1,1,0,0,success,success
balance,balance,diagonal_primary,42,53,1,1,0,0,success,success
balance,balance,diagonal_primary,42,54,1,1,0,0,success,success
balance,balance,diagonal_primary,42,55,1,1,0,0,success,success
balance,balance,diagonal_primary,42,56,1,1,0,0,success,success
balance,balance,diagonal_primary,42,57,1,1,0,0,success,success
balance,balance,diagonal_primary,42,58,1,1,0,0,success,success
balance,balance,diagonal_primary,42,59,1,1,0,0,success,success
balance,balance,diagonal_primary,42,60,1,1,0,0,success,success
balance,balance,diagonal_primary,42,61,1,1,0,0,success,success
balance,balance,diagonal_primary,42,62,1,1,0,0,success,success
balance,balance,diagonal_primary,42,63,1,1,0,0,success,success
balance,balance,diagonal_primary,42,64,1,1,0,0,success,success
balance,balance,diagonal_primary,42,65,1,1,0,0,success,success
balance,balance,diagonal_primary,42,66,1,1,0,0,success,success
balance,balance,diagonal_primary,42,67,1,1,0,0,success,success
balance,balance,diagonal_primary,42,68,1,1,0,0,success,success
balance,balance,diagonal_primary,42,69,1,1,0,0,success,success
balance,balance,diagonal_primary,42,70,1,1,0,0,success,success
balance,balance,diagonal_primary,42,71,1,1,0,0,success,success
balance,balance,diagonal_primary,42,72,1,1,0,0,success,success
balance,balance,diagonal_primary,42,73,1,1,0,0,success,success
balance,balance,diagonal_primary,42,74,1,1,0,0,success,success
balance,balance,diagonal_primary,42,75,1,1,0,0,success,success
balance,balance,diagonal_primary,42,76,1,1,0,0,success,success
balance,balance,diagonal_primary,42,77,1,1,0,0,success,success
balance,balance,diagonal_primary,42,78,1,1,0,0,success,success
balance,balance,diagonal_primary,42,79,0,1,1,0,non_lateral_balance_or_phase,success
balance,balance,diagonal_primary,42,80,1,1,0,0,success,success
balance,balance,diagonal_primary,42,81,1,1,0,0,success,success
balance,balance,diagonal_primary,42,82,0,1,1,0,lateral_heading_drift,success
balance,balance,diagonal_primary,42,83,1,1,0,0,success,success
balance,balance,diagonal_primary,42,84,1,1,0,0,success,success
balance,balance,diagonal_primary,42,85,1,1,0,0,success,success
balance,balance,diagonal_primary,42,86,1,1,0,0,success,success
balance,balance,diagonal_primary,42,87,1,1,0,0,success,success
balance,balance,diagonal_primary,42,88,1,1,0,0,success,success
balance,balance,diagonal_primary,42,89,1,1,0,0,success,success
balance,balance,diagonal_primary,42,90,1,1,0,0,success,success
balance,balance,diagonal_primary,42,91,1,1,0,0,success,success
balance,balance,diagonal_primary,42,92,1,1,0,0,success,success
balance,balance,diagonal_primary,42,93,1,1,0,0,success,success
balance,balance,diagonal_primary,42,94,1,1,0,0,success,success
balance,balance,diagonal_primary,42,95,1,1,0,0,success,success
balance,balance,diagonal_primary,42,96,1,1,0,0,success,success
balance,balance,diagonal_primary,42,97,1,1,0,0,success,success
balance,balance,diagonal_primary,42,98,1,1,0,0,success,success
balance,balance,diagonal_primary,42,99,1,1,0,0,success,success
balance,balance,diagonal_primary,42,100,1,1,0,0,success,success
balance,balance,diagonal_primary,42,101,1,1,0,0,success,success
balance,balance,diagonal_primary,42,102,1,1,0,0,success,success
balance,balance,diagonal_primary,42,103,1,1,0,0,success,success
balance,balance,diagonal_primary,42,104,1,1,0,0,success,success
balance,balance,diagonal_primary,42,105,1,1,0,0,success,success
balance,balance,diagonal_primary,42,106,1,1,0,0,success,success
balance,balance,diagonal_primary,42,107,1,1,0,0,success,success
balance,balance,diagonal_primary,42,108,1,0,0,1,success,non_lateral_balance_or_phase
balance,balance,diagonal_primary,42,109,1,1,0,0,success,success
balance,balance,diagonal_primary,42,110,1,1,0,0,success,success
balance,balance,diagonal_primary,42,111,1,1,0,0,success,success
balance,balance,diagonal_primary,42,112,1,1,0,0,success,success
balance,balance,diagonal_primary,42,113,1,1,0,0,success,success
balance,balance,diagonal_primary,42,114,1,1,0,0,success,success
balance,balance,diagonal_primary,42,115,1,1,0,0,success,success
balance,balance,diagonal_primary,42,116,1,1,0,0,success,success
balance,balance,diagonal_primary,42,117,1,1,0,0,success,success
balance,balance,diagonal_primary,42,118,1,1,0,0,success,success
balance,balance,diagonal_primary,42,119,1,1,0,0,success,success
balance,balance,diagonal_primary,42,120,1,1,0,0,success,success
balance,balance,diagonal_primary,42,121,1,1,0,0,success,success
balance,balance,diagonal_primary,42,122,1,1,0,0,success,success
balance,balance,diagonal_primary,42,123,1,1,0,0,success,success
balance,balance,diagonal_primary,42,124,1,1,0,0,success,success
balance,balance,diagonal_primary,42,125,1,1,0,0,success,success
balance,balance,diagonal_primary,42,126,1,1,0,0,success,success
balance,balance,diagonal_primary,42,127,1,1,0,0,success,success
balance,balance,diagonal_primary,42,128,0,0,1,1,non_lateral_balance_or_phase,non_lateral_balance_or_phase
balance,balance,diagonal_primary,42,129,0,0,1,1,non_lateral_high_cbf_demand,non_lateral_high_cbf_demand
balance,balance,diagonal_primary,42,130,0,0,1,1,non_lateral_balance_or_phase,non_lateral_balance_or_phase
balance,balance,diagonal_primary,42,131,0,0,1,1,non_lateral_balance_or_phase,non_lateral_high_cbf_demand
balance,balance,diagonal_primary,42,132,0,0,1,1,non_lateral_high_cbf_demand,non_lateral_balance_or_phase
balance,balance,diagonal_primary,42,133,0,0,1,1,non_lateral_balance_or_phase,non_lateral_balance_or_phase
balance,balance,diagonal_primary,42,134,0,0,1,1,non_lateral_balance_or_phase,non_lateral_balance_or_phase
balance,balance,diagonal_primary,42,135,0,0,1,1,non_lateral_balance_or_phase,non_lateral_balance_or_phase
balance,balance,diagonal_primary,42,136,0,0,1,1,lateral_heading_drift,non_lateral_high_cbf_demand
balance,balance,diagonal_primary,42,137,0,0,1,1,non_lateral_balance_or_phase,non_lateral_high_cbf_demand
balance,balance,diagonal_primary,42,138,0,0,1,1,non_lateral_balance_or_phase,non_lateral_balance_or_phase
balance,balance,diagonal_primary,42,139,0,0,1,1,lateral_heading_drift,non_lateral_balance_or_phase
balance,balance,diagonal_primary,42,140,0,0,1,1,lateral_heading_drift,non_lateral_balance_or_phase
balance,balance,diagonal_primary,42,141,0,0,1,1,non_lateral_balance_or_phase,non_lateral_balance_or_phase
balance,balance,diagonal_primary,42,142,0,0,1,1,non_lateral_balance_or_phase,lateral_heading_drift
balance,balance,diagonal_primary,42,143,0,0,1,1,non_lateral_balance_or_phase,non_lateral_balance_or_phase
balance,balance,diagonal_primary,42,144,0,1,1,0,non_lateral_balance_or_phase,success
balance,balance,diagonal_primary,42,145,0,0,1,1,lateral_heading_drift,non_lateral_balance_or_phase
balance,balance,diagonal_primary,42,146,0,1,1,0,non_lateral_high_cbf_demand,success
balance,balance,diagonal_primary,42,147,0,1,1,0,non_lateral_balance_or_phase,success
balance,balance,diagonal_primary,42,148,1,1,0,0,success,success
balance,balance,diagonal_primary,42,149,0,1,1,0,lateral_heading_drift,success
balance,balance,diagonal_primary,42,150,0,1,1,0,lateral_heading_drift,success
balance,balance,diagonal_primary,42,151,1,1,0,0,success,success
balance,balance,diagonal_primary,42,152,0,1,1,0,lateral_heading_drift,success
balance,balance,diagonal_primary,42,153,0,1,1,0,non_lateral_balance_or_phase,success
balance,balance,diagonal_primary,42,154,1,1,0,0,success,success
balance,balance,diagonal_primary,42,155,1,1,0,0,success,success
balance,balance,diagonal_primary,42,156,1,1,0,0,success,success
balance,balance,diagonal_primary,42,157,1,1,0,0,success,success
balance,balance,diagonal_primary,42,158,1,1,0,0,success,success
balance,balance,diagonal_primary,42,159,0,0,1,1,non_lateral_high_cbf_demand,lateral_heading_drift
balance,balance,diagonal_primary,42,160,1,1,0,0,success,success
balance,balance,diagonal_primary,42,161,1,1,0,0,success,success
balance,balance,diagonal_primary,42,162,1,1,0,0,success,success
balance,balance,diagonal_primary,42,163,1,0,0,1,success,lateral_heading_drift
balance,balance,diagonal_primary,42,164,1,1,0,0,success,success
balance,balance,diagonal_primary,42,165,0,1,1,0,lateral_heading_drift,success
balance,balance,diagonal_primary,42,166,0,1,1,0,non_lateral_balance_or_phase,success
balance,balance,diagonal_primary,42,167,1,1,0,0,success,success
balance,balance,diagonal_primary,42,168,1,1,1,0,non_lateral_balance_or_phase,success
balance,balance,diagonal_primary,42,169,1,1,0,0,success,success
balance,balance,diagonal_primary,42,170,1,1,0,0,success,success
balance,balance,diagonal_primary,42,171,1,1,0,0,success,success
balance,balance,diagonal_primary,42,172,1,1,0,0,success,success
balance,balance,diagonal_primary,42,173,0,1,1,0,lateral_heading_drift,success
balance,balance,diagonal_primary,42,174,1,1,0,0,success,success
balance,balance,diagonal_primary,42,175,1,1,0,0,success,success
balance,balance,diagonal_primary,42,176,1,1,0,0,success,success
balance,balance,diagonal_primary,42,177,1,1,0,0,success,success
balance,balance,diagonal_primary,42,178,1,1,0,0,success,success
balance,balance,diagonal_primary,42,179,1,1,0,0,success,success
balance,balance,diagonal_primary,42,180,1,1,0,0,success,success
balance,balance,diagonal_primary,42,181,1,1,0,0,success,success
balance,balance,diagonal_primary,42,182,1,1,0,0,success,success
balance,balance,diagonal_primary,42,183,1,1,0,0,success,success
balance,balance,diagonal_primary,42,184,1,1,0,0,success,success
balance,balance,diagonal_primary,42,185,1,1,0,0,success,success
balance,balance,diagonal_primary,42,186,1,1,0,0,success,success
balance,balance,diagonal_primary,42,187,1,1,0,0,success,success
balance,balance,diagonal_primary,42,188,1,1,0,0,success,success
balance,balance,diagonal_primary,42,189,1,1,0,0,success,success
balance,balance,diagonal_primary,42,190,1,1,0,0,success,success
balance,balance,diagonal_primary,42,191,1,0,0,1,success,non_lateral_balance_or_phase
balance,balance,diagonal_primary,42,192,1,1,0,0,success,success
balance,balance,diagonal_primary,42,193,1,1,0,0,success,success
balance,balance,diagonal_primary,42,194,1,1,0,0,success,success
balance,balance,diagonal_primary,42,195,1,1,0,0,success,success
balance,balance,diagonal_primary,42,196,1,1,0,0,success,success
balance,balance,diagonal_primary,42,197,1,1,0,0,success,success
balance,balance,diagonal_primary,42,198,1,1,0,0,success,success
balance,balance,diagonal_primary,42,199,1,1,0,0,success,success
balance,balance,diagonal_primary,42,200,1,1,0,0,success,success
balance,balance,diagonal_primary,42,201,1,1,0,0,success,success
balance,balance,diagonal_primary,42,202,1,1,0,0,success,success
balance,balance,diagonal_primary,42,203,1,1,0,0,success,success
balance,balance,diagonal_primary,42,204,1,1,0,0,success,success
balance,balance,diagonal_primary,42,205,1,1,0,0,success,success
balance,balance,diagonal_primary,42,206,1,1,0,0,success,success
balance,balance,diagonal_primary,42,207,1,1,0,0,success,success
balance,balance,diagonal_primary,42,208,0,1,1,0,lateral_heading_drift,success
balance,balance,diagonal_primary,42,209,1,1,0,0,success,success
balance,balance,diagonal_primary,42,210,1,1,0,0,success,success
balance,balance,diagonal_primary,42,211,1,1,0,0,success,success
balance,balance,diagonal_primary,42,212,1,1,0,0,success,success
balance,balance,diagonal_primary,42,213,1,1,0,0,success,success
balance,balance,diagonal_primary,42,214,1,1,0,0,success,success
balance,balance,diagonal_primary,42,215,1,1,0,0,success,success
balance,balance,diagonal_primary,42,216,1,1,0,0,success,success
balance,balance,diagonal_primary,42,217,1,1,0,0,success,success
balance,balance,diagonal_primary,42,218,1,1,0,0,success,success
balance,balance,diagonal_primary,42,219,1,1,0,0,success,success
balance,balance,diagonal_primary,42,220,1,1,0,0,success,success
balance,balance,diagonal_primary,42,221,1,1,0,0,success,success
balance,balance,diagonal_primary,42,222,1,1,0,0,success,success
balance,balance,diagonal_primary,42,223,1,1,0,0,success,success
balance,balance,diagonal_primary,42,224,1,0,0,1,success,lateral_heading_drift
balance,balance,diagonal_primary,42,225,1,1,0,0,success,success
balance,balance,diagonal_primary,42,226,1,1,0,0,success,success
balance,balance,diagonal_primary,42,227,1,1,0,0,success,success
balance,balance,diagonal_primary,42,228,1,1,0,0,success,success
balance,balance,diagonal_primary,42,229,1,1,0,0,success,success
balance,balance,diagonal_primary,42,230,1,1,0,0,success,success
balance,balance,diagonal_primary,42,231,1,1,0,0,success,success
balance,balance,diagonal_primary,42,232,1,1,0,0,success,success
balance,balance,diagonal_primary,42,233,1,1,0,0,success,success
balance,balance,diagonal_primary,42,234,1,1,0,0,success,success
balance,balance,diagonal_primary,42,235,1,1,0,0,success,success
balance,balance,diagonal_primary,42,236,1,1,0,0,success,success
balance,balance,diagonal_primary,42,237,1,1,0,0,success,success
balance,balance,diagonal_primary,42,238,1,1,0,0,success,success
balance,balance,diagonal_primary,42,239,1,1,0,0,success,success
balance,balance,diagonal_primary,42,240,1,1,0,0,success,success
balance,balance,diagonal_primary,42,241,1,1,0,0,success,success
balance,balance,diagonal_primary,42,242,1,1,0,0,success,success
balance,balance,diagonal_primary,42,243,1,1,0,0,success,success
balance,balance,diagonal_primary,42,244,1,1,0,0,success,success
balance,balance,diagonal_primary,42,245,1,1,0,0,success,success
balance,balance,diagonal_primary,42,246,1,1,0,0,success,success
balance,balance,diagonal_primary,42,247,1,1,0,0,success,success
balance,balance,diagonal_primary,42,248,0,1,1,0,lateral_heading_drift,success
balance,balance,diagonal_primary,42,249,1,1,0,0,success,success
balance,balance,diagonal_primary,42,250,1,1,0,0,success,success
balance,balance,diagonal_primary,42,251,1,1,0,0,success,success
balance,balance,diagonal_primary,42,252,1,1,0,0,success,success
balance,balance,diagonal_primary,42,253,1,1,0,0,success,success
balance,balance,diagonal_primary,42,254,1,1,0,0,success,success
balance,balance,diagonal_primary,42,255,1,1,0,0,success,success
balance,balance,diagonal_primary,42,256,0,0,1,1,non_lateral_balance_or_phase,non_lateral_balance_or_phase
balance,balance,diagonal_primary,42,257,0,0,1,1,non_lateral_balance_or_phase,non_lateral_balance_or_phase
balance,balance,diagonal_primary,42,258,0,0,1,1,non_lateral_balance_or_phase,non_lateral_balance_or_phase
balance,balance,diagonal_primary,42,259,0,0,1,1,non_lateral_balance_or_phase,non_lateral_balance_or_phase
balance,balance,diagonal_primary,42,260,0,0,1,1,non_lateral_balance_or_phase,non_lateral_balance_or_phase
balance,balance,diagonal_primary,42,261,0,0,1,1,non_lateral_balance_or_phase,non_lateral_high_cbf_demand
balance,balance,diagonal_primary,42,262,0,0,1,1,non_lateral_balance_or_phase,non_lateral_balance_or_phase
balance,balance,diagonal_primary,42,263,0,0,1,1,non_lateral_balance_or_phase,lateral_heading_drift
balance,balance,diagonal_primary,42,264,0,0,1,1,non_lateral_balance_or_phase,non_lateral_balance_or_phase
balance,balance,diagonal_primary,42,265,0,0,1,1,non_lateral_balance_or_phase,non_lateral_balance_or_phase
balance,balance,diagonal_primary,42,266,0,0,1,1,non_lateral_high_cbf_demand,lateral_heading_drift
balance,balance,diagonal_primary,42,267,0,0,1,1,non_lateral_balance_or_phase,non_lateral_balance_or_phase
balance,balance,diagonal_primary,42,268,0,0,1,1,non_lateral_balance_or_phase,non_lateral_balance_or_phase
balance,balance,diagonal_primary,42,269,0,0,1,1,non_lateral_high_cbf_demand,lateral_heading_drift
balance,balance,diagonal_primary,42,270,0,0,1,1,non_lateral_balance_or_phase,non_lateral_high_cbf_demand
balance,balance,diagonal_primary,42,271,0,0,1,1,non_lateral_balance_or_phase,lateral_heading_drift
balance,balance,diagonal_primary,42,272,0,0,1,1,non_lateral_high_cbf_demand,non_lateral_high_cbf_demand
balance,balance,diagonal_primary,42,273,0,0,1,1,non_lateral_balance_or_phase,non_lateral_balance_or_phase
balance,balance,diagonal_primary,42,274,0,0,1,1,non_lateral_balance_or_phase,lateral_heading_drift
balance,balance,diagonal_primary,42,275,0,1,1,0,lateral_heading_drift,success
balance,balance,diagonal_primary,42,276,1,0,0,1,success,non_lateral_high_cbf_demand
balance,balance,diagonal_primary,42,277,1,0,0,1,success,non_lateral_high_cbf_demand
balance,balance,diagonal_primary,42,278,1,1,0,0,success,success
balance,balance,diagonal_primary,42,279,0,0,1,1,non_lateral_balance_or_phase,non_lateral_balance_or_phase
balance,balance,diagonal_primary,42,280,0,1,1,0,lateral_heading_drift,success
balance,balance,diagonal_primary,42,281,1,0,0,1,success,non_lateral_balance_or_phase
balance,balance,diagonal_primary,42,282,1,1,0,0,success,success
balance,balance,diagonal_primary,42,283,1,1,0,0,success,success
balance,balance,diagonal_primary,42,284,1,1,0,0,success,success
balance,balance,diagonal_primary,42,285,1,1,0,0,success,success
balance,balance,diagonal_primary,42,286,1,1,0,0,success,success
balance,balance,diagonal_primary,42,287,1,0,0,1,success,non_lateral_balance_or_phase
balance,balance,diagonal_primary,42,288,1,1,0,0,success,success
balance,balance,diagonal_primary,42,289,1,1,0,0,success,success
balance,balance,diagonal_primary,42,290,1,1,0,0,success,success
balance,balance,diagonal_primary,42,291,1,1,0,0,success,success
balance,balance,diagonal_primary,42,292,1,1,0,0,success,success
balance,balance,diagonal_primary,42,293,1,1,0,0,success,success
balance,balance,diagonal_primary,42,294,1,1,0,0,success,success
balance,balance,diagonal_primary,42,295,1,1,0,0,success,success
balance,balance,diagonal_primary,42,296,1,1,0,0,success,success
balance,balance,diagonal_primary,42,297,1,1,0,0,success,success
balance,balance,diagonal_primary,42,298,0,1,1,0,lateral_heading_drift,success
balance,balance,diagonal_primary,42,299,1,0,0,1,success,non_lateral_balance_or_phase
balance,balance,diagonal_primary,42,300,1,1,0,0,success,success
balance,balance,diagonal_primary,42,301,1,1,0,0,success,success
balance,balance,diagonal_primary,42,302,1,1,0,0,success,success
balance,balance,diagonal_primary,42,303,1,1,0,0,success,success
balance,balance,diagonal_primary,42,304,1,1,0,0,success,success
balance,balance,diagonal_primary,42,305,1,1,0,0,success,success
balance,balance,diagonal_primary,42,306,1,1,0,0,success,success
balance,balance,diagonal_primary,42,307,1,1,0,0,success,success
balance,balance,diagonal_primary,42,308,1,1,0,0,success,success
balance,balance,diagonal_primary,42,309,1,1,0,0,success,success
balance,balance,diagonal_primary,42,310,1,1,0,0,success,success
balance,balance,diagonal_primary,42,311,1,1,0,0,success,success
balance,balance,diagonal_primary,42,312,1,1,0,0,success,success
balance,balance,diagonal_primary,42,313,1,1,0,0,success,success
balance,balance,diagonal_primary,42,314,1,1,0,0,success,success
balance,balance,diagonal_primary,42,315,1,1,0,0,success,success
balance,balance,diagonal_primary,42,316,1,1,0,0,success,success
balance,balance,diagonal_primary,42,317,1,1,0,0,success,success
balance,balance,diagonal_primary,42,318,1,1,0,0,success,success
balance,balance,diagonal_primary,42,319,1,1,0,0,success,success
balance,balance,diagonal_primary,42,320,0,1,1,0,non_lateral_balance_or_phase,success
balance,balance,diagonal_primary,42,321,1,1,0,0,success,success
balance,balance,diagonal_primary,42,322,1,1,0,0,success,success
balance,balance,diagonal_primary,42,323,1,1,0,0,success,success
balance,balance,diagonal_primary,42,324,1,1,0,0,success,success
balance,balance,diagonal_primary,42,325,1,1,0,0,success,success
balance,balance,diagonal_primary,42,326,0,0,1,1,non_lateral_balance_or_phase,lateral_heading_drift
balance,balance,diagonal_primary,42,327,0,1,1,0,lateral_heading_drift,success
balance,balance,diagonal_primary,42,328,1,1,0,0,success,success
balance,balance,diagonal_primary,42,329,1,1,0,0,success,success
balance,balance,diagonal_primary,42,330,1,1,0,0,success,success
balance,balance,diagonal_primary,42,331,1,0,0,1,success,non_lateral_balance_or_phase
balance,balance,diagonal_primary,42,332,1,1,0,0,success,success
balance,balance,diagonal_primary,42,333,1,1,0,0,success,success
balance,balance,diagonal_primary,42,334,1,1,0,0,success,success
balance,balance,diagonal_primary,42,335,1,1,0,0,success,success
balance,balance,diagonal_primary,42,336,1,1,0,0,success,success
balance,balance,diagonal_primary,42,337,1,1,0,0,success,success
balance,balance,diagonal_primary,42,338,1,1,0,0,success,success
balance,balance,diagonal_primary,42,339,1,1,0,0,success,success
balance,balance,diagonal_primary,42,340,1,1,0,0,success,success
balance,balance,diagonal_primary,42,341,1,1,0,0,success,success
balance,balance,diagonal_primary,42,342,1,1,0,0,success,success
balance,balance,diagonal_primary,42,343,1,1,0,0,success,success
balance,balance,diagonal_primary,42,344,1,1,0,0,success,success
balance,balance,diagonal_primary,42,345,1,1,0,0,success,success
balance,balance,diagonal_primary,42,346,1,1,0,0,success,success
balance,balance,diagonal_primary,42,347,1,1,0,0,success,success
balance,balance,diagonal_primary,42,348,1,1,0,0,success,success
balance,balance,diagonal_primary,42,349,1,1,0,0,success,success
balance,balance,diagonal_primary,42,350,1,1,0,0,success,success
balance,balance,diagonal_primary,42,351,1,1,0,0,success,success
balance,balance,diagonal_primary,42,352,1,1,0,0,success,success
balance,balance,diagonal_primary,42,353,1,1,0,0,success,success
balance,balance,diagonal_primary,42,354,1,1,0,0,success,success
balance,balance,diagonal_primary,42,355,1,1,0,0,success,success
balance,balance,diagonal_primary,42,356,1,1,0,0,success,success
balance,balance,diagonal_primary,42,357,1,1,0,0,success,success
balance,balance,diagonal_primary,42,358,1,1,0,0,success,success
balance,balance,diagonal_primary,42,359,1,1,0,0,success,success
balance,balance,diagonal_primary,42,360,0,1,1,0,lateral_heading_drift,success
balance,balance,diagonal_primary,42,361,1,1,0,0,success,success
balance,balance,diagonal_primary,42,362,1,1,0,0,success,success
balance,balance,diagonal_primary,42,363,1,1,0,0,success,success
balance,balance,diagonal_primary,42,364,1,1,0,0,success,success
balance,balance,diagonal_primary,42,365,1,1,0,0,success,success
balance,balance,diagonal_primary,42,366,1,1,0,0,success,success
balance,balance,diagonal_primary,42,367,1,1,0,0,success,success
balance,balance,diagonal_primary,42,368,1,1,0,0,success,success
balance,balance,diagonal_primary,42,369,1,1,0,0,success,success
balance,balance,diagonal_primary,42,370,1,1,0,0,success,success
balance,balance,diagonal_primary,42,371,1,1,0,0,success,success
balance,balance,diagonal_primary,42,372,1,1,0,0,success,success
balance,balance,diagonal_primary,42,373,1,1,0,0,success,success
balance,balance,diagonal_primary,42,374,1,1,0,0,success,success
balance,balance,diagonal_primary,42,375,1,1,0,0,success,success
balance,balance,diagonal_primary,42,376,1,1,0,0,success,success
balance,balance,diagonal_primary,42,377,1,1,0,0,success,success
balance,balance,diagonal_primary,42,378,1,1,0,0,success,success
balance,balance,diagonal_primary,42,379,1,1,0,0,success,success
balance,balance,diagonal_primary,42,380,1,1,0,0,success,success
balance,balance,diagonal_primary,42,381,0,1,1,0,lateral_heading_drift,success
balance,balance,diagonal_primary,42,382,1,1,0,0,success,success
balance,balance,diagonal_primary,42,383,1,1,0,0,success,success
balance,balance,diagonal_primary,42,384,0,0,1,1,non_lateral_balance_or_phase,non_lateral_balance_or_phase
balance,balance,diagonal_primary,42,385,0,0,1,1,non_lateral_high_cbf_demand,non_lateral_high_cbf_demand
balance,balance,diagonal_primary,42,386,0,0,1,1,non_lateral_high_cbf_demand,non_lateral_balance_or_phase
balance,balance,diagonal_primary,42,387,0,0,1,1,non_lateral_balance_or_phase,non_lateral_balance_or_phase
balance,balance,diagonal_primary,42,388,0,0,1,1,non_lateral_balance_or_phase,non_lateral_balance_or_phase
balance,balance,diagonal_primary,42,389,0,0,1,1,non_lateral_balance_or_phase,non_lateral_balance_or_phase
balance,balance,diagonal_primary,42,390,0,0,1,1,non_lateral_balance_or_phase,lateral_heading_drift
balance,balance,diagonal_primary,42,391,0,0,1,1,non_lateral_high_cbf_demand,non_lateral_high_cbf_demand
balance,balance,diagonal_primary,42,392,0,0,1,1,non_lateral_balance_or_phase,lateral_heading_drift
balance,balance,diagonal_primary,42,393,0,0,1,1,non_lateral_balance_or_phase,lateral_heading_drift
balance,balance,diagonal_primary,42,394,0,0,1,1,non_lateral_balance_or_phase,lateral_heading_drift
balance,balance,diagonal_primary,42,395,0,0,1,1,lateral_heading_drift,non_lateral_balance_or_phase
balance,balance,diagonal_primary,42,396,0,0,1,1,non_lateral_balance_or_phase,non_lateral_balance_or_phase
balance,balance,diagonal_primary,42,397,0,0,1,1,non_lateral_balance_or_phase,lateral_heading_drift
balance,balance,diagonal_primary,42,398,0,0,1,1,non_lateral_high_cbf_demand,non_lateral_high_cbf_demand
balance,balance,diagonal_primary,42,399,0,0,1,1,non_lateral_balance_or_phase,non_lateral_balance_or_phase
balance,balance,diagonal_primary,42,400,0,0,1,1,non_lateral_balance_or_phase,lateral_heading_drift
balance,balance,diagonal_primary,42,401,0,0,1,1,non_lateral_balance_or_phase,non_lateral_balance_or_phase
balance,balance,diagonal_primary,42,402,0,0,1,1,lateral_heading_drift,non_lateral_balance_or_phase
balance,balance,diagonal_primary,42,403,0,1,1,0,lateral_heading_drift,success
balance,balance,diagonal_primary,42,404,0,0,1,1,non_lateral_balance_or_phase,non_lateral_high_cbf_demand
balance,balance,diagonal_primary,42,405,0,1,1,0,non_lateral_balance_or_phase,success
balance,balance,diagonal_primary,42,406,0,1,1,0,lateral_heading_drift,success
balance,balance,diagonal_primary,42,407,0,0,1,1,non_lateral_balance_or_phase,non_lateral_balance_or_phase
balance,balance,diagonal_primary,42,408,1,1,0,0,success,success
balance,balance,diagonal_primary,42,409,1,1,0,0,success,success
balance,balance,diagonal_primary,42,410,0,1,1,0,non_lateral_high_cbf_demand,success
balance,balance,diagonal_primary,42,411,1,1,0,0,success,success
balance,balance,diagonal_primary,42,412,1,1,0,0,success,success
balance,balance,diagonal_primary,42,413,0,1,1,0,lateral_heading_drift,success
balance,balance,diagonal_primary,42,414,0,1,1,0,lateral_heading_drift,success
balance,balance,diagonal_primary,42,415,0,0,1,1,non_lateral_balance_or_phase,non_lateral_balance_or_phase
balance,balance,diagonal_primary,42,416,1,1,0,0,success,success
balance,balance,diagonal_primary,42,417,1,1,0,0,success,success
balance,balance,diagonal_primary,42,418,1,1,0,0,success,success
balance,balance,diagonal_primary,42,419,1,1,0,0,success,success
balance,balance,diagonal_primary,42,420,1,1,0,0,success,success
balance,balance,diagonal_primary,42,421,1,1,0,0,success,success
balance,balance,diagonal_primary,42,422,1,0,0,1,success,lateral_heading_drift
balance,balance,diagonal_primary,42,423,1,1,0,0,success,success
balance,balance,diagonal_primary,42,424,1,1,0,0,success,success
balance,balance,diagonal_primary,42,425,1,1,0,0,success,success
balance,balance,diagonal_primary,42,426,1,1,0,0,success,success
balance,balance,diagonal_primary,42,427,1,1,0,0,success,success
balance,balance,diagonal_primary,42,428,1,1,0,0,success,success
balance,balance,diagonal_primary,42,429,1,1,0,0,success,success
balance,balance,diagonal_primary,42,430,0,1,1,0,non_lateral_balance_or_phase,success
balance,balance,diagonal_primary,42,431,1,1,0,0,success,success
balance,balance,diagonal_primary,42,432,1,1,0,0,success,success
balance,balance,diagonal_primary,42,433,1,0,0,1,success,lateral_heading_drift
balance,balance,diagonal_primary,42,434,1,1,0,0,success,success
balance,balance,diagonal_primary,42,435,1,1,0,0,success,success
balance,balance,diagonal_primary,42,436,1,1,0,0,success,success
balance,balance,diagonal_primary,42,437,1,1,0,0,success,success
balance,balance,diagonal_primary,42,438,1,1,0,0,success,success
balance,balance,diagonal_primary,42,439,1,1,0,0,success,success
balance,balance,diagonal_primary,42,440,1,1,0,0,success,success
balance,balance,diagonal_primary,42,441,1,1,0,0,success,success
balance,balance,diagonal_primary,42,442,1,1,0,0,success,success
balance,balance,diagonal_primary,42,443,1,1,0,0,success,success
balance,balance,diagonal_primary,42,444,1,1,0,0,success,success
balance,balance,diagonal_primary,42,445,1,1,0,0,success,success
balance,balance,diagonal_primary,42,446,1,1,0,0,success,success
balance,balance,diagonal_primary,42,447,1,1,0,0,success,success
balance,balance,diagonal_primary,42,448,1,1,0,0,success,success
balance,balance,diagonal_primary,42,449,1,1,0,0,success,success
balance,balance,diagonal_primary,42,450,1,1,0,0,success,success
balance,balance,diagonal_primary,42,451,1,1,0,0,success,success
balance,balance,diagonal_primary,42,452,1,1,0,0,success,success
balance,balance,diagonal_primary,42,453,1,1,0,0,success,success
balance,balance,diagonal_primary,42,454,1,1,0,0,success,success
balance,balance,diagonal_primary,42,455,1,1,0,0,success,success
balance,balance,diagonal_primary,42,456,1,1,0,0,success,success
balance,balance,diagonal_primary,42,457,1,1,0,0,success,success
balance,balance,diagonal_primary,42,458,1,1,0,0,success,success
balance,balance,diagonal_primary,42,459,1,1,0,0,success,success
balance,balance,diagonal_primary,42,460,1,1,0,0,success,success
balance,balance,diagonal_primary,42,461,1,1,0,0,success,success
balance,balance,diagonal_primary,42,462,1,1,0,0,success,success
balance,balance,diagonal_primary,42,463,1,1,0,0,success,success
balance,balance,diagonal_primary,42,464,1,1,0,0,success,success
balance,balance,diagonal_primary,42,465,1,1,0,0,success,success
balance,balance,diagonal_primary,42,466,1,1,0,0,success,success
balance,balance,diagonal_primary,42,467,1,1,0,0,success,success
balance,balance,diagonal_primary,42,468,1,1,0,0,success,success
balance,balance,diagonal_primary,42,469,1,1,0,0,success,success
balance,balance,diagonal_primary,42,470,1,1,0,0,success,success
balance,balance,diagonal_primary,42,471,1,0,0,1,success,lateral_heading_drift
balance,balance,diagonal_primary,42,472,1,1,0,0,success,success
balance,balance,diagonal_primary,42,473,1,1,0,0,success,success
balance,balance,diagonal_primary,42,474,0,1,1,0,lateral_heading_drift,success
balance,balance,diagonal_primary,42,475,0,0,1,1,non_lateral_balance_or_phase,lateral_heading_drift
balance,balance,diagonal_primary,42,476,1,1,0,0,success,success
balance,balance,diagonal_primary,42,477,1,1,0,0,success,success
balance,balance,diagonal_primary,42,478,1,1,0,0,success,success
balance,balance,diagonal_primary,42,479,1,1,0,0,success,success
balance,balance,diagonal_primary,42,480,1,1,0,0,success,success
balance,balance,diagonal_primary,42,481,1,1,0,0,success,success
balance,balance,diagonal_primary,42,482,1,1,0,0,success,success
balance,balance,diagonal_primary,42,483,1,1,0,0,success,success
balance,balance,diagonal_primary,42,484,1,1,0,0,success,success
balance,balance,diagonal_primary,42,485,1,1,0,0,success,success
balance,balance,diagonal_primary,42,486,1,1,0,0,success,success
balance,balance,diagonal_primary,42,487,1,1,0,0,success,success
balance,balance,diagonal_primary,42,488,1,1,0,0,success,success
balance,balance,diagonal_primary,42,489,1,1,0,0,success,success
balance,balance,diagonal_primary,42,490,1,1,0,0,success,success
balance,balance,diagonal_primary,42,491,1,1,0,0,success,success
balance,balance,diagonal_primary,42,492,1,1,0,0,success,success
balance,balance,diagonal_primary,42,493,1,1,0,0,success,success
balance,balance,diagonal_primary,42,494,1,1,0,0,success,success
balance,balance,diagonal_primary,42,495,1,1,0,0,success,success
balance,balance,diagonal_primary,42,496,1,1,0,0,success,success
balance,balance,diagonal_primary,42,497,1,1,0,0,success,success
balance,balance,diagonal_primary,42,498,1,1,0,0,success,success
balance,balance,diagonal_primary,42,499,1,1,0,0,success,success
balance,balance,diagonal_primary,42,500,0,1,1,0,non_lateral_balance_or_phase,success
balance,balance,diagonal_primary,42,501,1,1,0,0,success,success
balance,balance,diagonal_primary,42,502,1,1,0,0,success,success
balance,balance,diagonal_primary,42,503,1,1,0,0,success,success
balance,balance,diagonal_primary,42,504,1,1,0,0,success,success
balance,balance,diagonal_primary,42,505,1,1,0,0,success,success
balance,balance,diagonal_primary,42,506,1,1,0,0,success,success
balance,balance,diagonal_primary,42,507,1,1,0,0,success,success
balance,balance,diagonal_primary,42,508,1,1,0,0,success,success
balance,balance,diagonal_primary,42,509,1,1,0,0,success,success
balance,balance,diagonal_primary,42,510,1,1,0,0,success,success
balance,balance,diagonal_primary,42,511,1,1,0,0,success,success
balance,D0,d0_catastrophic,42,0,0,0,1,1,non_lateral_high_cbf_demand,non_lateral_balance_or_phase
balance,D0,d0_catastrophic,42,1,1,1,0,0,success,success
balance,D0,d0_catastrophic,42,2,1,1,0,0,success,success
balance,D0,d0_catastrophic,42,3,1,1,0,0,success,success
balance,D0,d0_catastrophic,42,4,1,1,0,0,success,success
balance,D0,d0_catastrophic,42,5,1,1,0,0,success,success
balance,D0,d0_catastrophic,42,6,1,1,0,0,success,success
balance,D0,d0_catastrophic,42,7,1,1,0,0,success,success
balance,D0,d0_catastrophic,42,8,1,1,0,0,success,success
balance,D0,d0_catastrophic,42,9,1,1,0,0,success,success
balance,D0,d0_catastrophic,42,10,1,1,0,0,success,success
balance,D0,d0_catastrophic,42,11,1,1,0,0,success,success
balance,D0,d0_catastrophic,42,12,1,1,0,0,success,success
balance,D0,d0_catastrophic,42,13,1,1,0,0,success,success
balance,D0,d0_catastrophic,42,14,1,1,0,0,success,success
balance,D0,d0_catastrophic,42,15,1,1,0,0,success,success
balance,D0,d0_catastrophic,42,16,1,1,0,0,success,success
balance,D0,d0_catastrophic,42,17,1,1,0,0,success,success
balance,D0,d0_catastrophic,42,18,1,1,0,0,success,success
balance,D0,d0_catastrophic,42,19,1,1,0,0,success,success
balance,D0,d0_catastrophic,42,20,1,1,0,0,success,success
balance,D0,d0_catastrophic,42,21,1,1,0,0,success,success
balance,D0,d0_catastrophic,42,22,1,1,0,0,success,success
balance,D0,d0_catastrophic,42,23,1,1,0,0,success,success
balance,D0,d0_catastrophic,42,24,1,1,0,0,success,success
balance,D0,d0_catastrophic,42,25,1,1,0,0,success,success
balance,D0,d0_catastrophic,42,26,1,1,0,0,success,success
balance,D0,d0_catastrophic,42,27,1,1,0,0,success,success
balance,D0,d0_catastrophic,42,28,1,1,0,0,success,success
balance,D0,d0_catastrophic,42,29,1,1,0,0,success,success
balance,D0,d0_catastrophic,42,30,1,1,0,0,success,success
balance,D0,d0_catastrophic,42,31,1,1,0,0,success,success
balance,D0,d0_catastrophic,42,32,1,1,0,0,success,success
balance,D0,d0_catastrophic,42,33,1,1,0,0,success,success
balance,D0,d0_catastrophic,42,34,1,1,0,0,success,success
balance,D0,d0_catastrophic,42,35,1,1,0,0,success,success
balance,D0,d0_catastrophic,42,36,1,1,0,0,success,success
balance,D0,d0_catastrophic,42,37,1,1,0,0,success,success
balance,D0,d0_catastrophic,42,38,1,1,0,0,success,success
balance,D0,d0_catastrophic,42,39,1,1,0,0,success,success
balance,D0,d0_catastrophic,42,40,1,1,0,0,success,success
balance,D0,d0_catastrophic,42,41,1,1,0,0,success,success
balance,D0,d0_catastrophic,42,42,1,1,0,0,success,success
balance,D0,d0_catastrophic,42,43,1,1,0,0,success,success
balance,D0,d0_catastrophic,42,44,1,1,0,0,success,success
balance,D0,d0_catastrophic,42,45,1,1,0,0,success,success
balance,D0,d0_catastrophic,42,46,1,1,0,0,success,success
balance,D0,d0_catastrophic,42,47,1,1,0,0,success,success
balance,D0,d0_catastrophic,42,48,1,1,0,0,success,success
balance,D0,d0_catastrophic,42,49,1,1,0,0,success,success
balance,D0,d0_catastrophic,42,50,1,1,0,0,success,success
balance,D0,d0_catastrophic,42,51,1,1,0,0,success,success
balance,D0,d0_catastrophic,42,52,1,1,0,0,success,success
balance,D0,d0_catastrophic,42,53,1,1,0,0,success,success
balance,D0,d0_catastrophic,42,54,1,1,0,0,success,success
balance,D0,d0_catastrophic,42,55,1,1,0,0,success,success
balance,D0,d0_catastrophic,42,56,1,1,0,0,success,success
balance,D0,d0_catastrophic,42,57,1,1,0,0,success,success
balance,D0,d0_catastrophic,42,58,1,1,0,0,success,success
balance,D0,d0_catastrophic,42,59,1,1,0,0,success,success
balance,D0,d0_catastrophic,42,60,1,1,0,0,success,success
balance,D0,d0_catastrophic,42,61,1,1,0,0,success,success
balance,D0,d0_catastrophic,42,62,1,1,0,0,success,success
balance,D0,d0_catastrophic,42,63,1,1,0,0,success,success
balance,D0,d0_catastrophic,42,64,1,1,0,0,success,success
balance,D0,d0_catastrophic,42,65,1,1,0,0,success,success
balance,D0,d0_catastrophic,42,66,1,1,0,0,success,success
balance,D0,d0_catastrophic,42,67,1,1,0,0,success,success
balance,D0,d0_catastrophic,42,68,1,1,0,0,success,success
balance,D0,d0_catastrophic,42,69,1,1,0,0,success,success
balance,D0,d0_catastrophic,42,70,1,1,0,0,success,success
balance,D0,d0_catastrophic,42,71,1,1,0,0,success,success
balance,D0,d0_catastrophic,42,72,1,1,0,0,success,success
balance,D0,d0_catastrophic,42,73,1,1,0,0,success,success
balance,D0,d0_catastrophic,42,74,1,1,0,0,success,success
balance,D0,d0_catastrophic,42,75,1,1,0,0,success,success
balance,D0,d0_catastrophic,42,76,1,1,0,0,success,success
balance,D0,d0_catastrophic,42,77,1,1,0,0,success,success
balance,D0,d0_catastrophic,42,78,1,1,0,0,success,success
balance,D0,d0_catastrophic,42,79,1,1,0,0,success,success
balance,D0,d0_catastrophic,42,80,1,1,0,0,success,success
balance,D0,d0_catastrophic,42,81,1,1,0,0,success,success
balance,D0,d0_catastrophic,42,82,1,1,0,0,success,success
balance,D0,d0_catastrophic,42,83,1,1,0,0,success,success
balance,D0,d0_catastrophic,42,84,1,1,0,0,success,success
balance,D0,d0_catastrophic,42,85,1,1,0,0,success,success
balance,D0,d0_catastrophic,42,86,1,1,0,0,success,success
balance,D0,d0_catastrophic,42,87,1,1,0,0,success,success
balance,D0,d0_catastrophic,42,88,1,1,0,0,success,success
balance,D0,d0_catastrophic,42,89,1,1,0,0,success,success
balance,D0,d0_catastrophic,42,90,1,1,0,0,success,success
balance,D0,d0_catastrophic,42,91,1,1,0,0,success,success
balance,D0,d0_catastrophic,42,92,1,1,0,0,success,success
balance,D0,d0_catastrophic,42,93,1,1,0,0,success,success
balance,D0,d0_catastrophic,42,94,1,1,0,0,success,success
balance,D0,d0_catastrophic,42,95,1,1,0,0,success,success
balance,D0,d0_catastrophic,42,96,1,1,0,0,success,success
balance,D0,d0_catastrophic,42,97,1,1,0,0,success,success
balance,D0,d0_catastrophic,42,98,1,1,0,0,success,success
balance,D0,d0_catastrophic,42,99,1,1,0,0,success,success
balance,D0,d0_catastrophic,42,100,1,1,0,0,success,success
balance,D0,d0_catastrophic,42,101,1,1,0,0,success,success
balance,D0,d0_catastrophic,42,102,1,1,0,0,success,success
balance,D0,d0_catastrophic,42,103,1,1,0,0,success,success
balance,D0,d0_catastrophic,42,104,1,1,0,0,success,success
balance,D0,d0_catastrophic,42,105,1,1,0,0,success,success
balance,D0,d0_catastrophic,42,106,1,1,0,0,success,success
balance,D0,d0_catastrophic,42,107,1,1,0,0,success,success
balance,D0,d0_catastrophic,42,108,1,1,0,0,success,success
balance,D0,d0_catastrophic,42,109,1,1,0,0,success,success
balance,D0,d0_catastrophic,42,110,1,1,0,0,success,success
balance,D0,d0_catastrophic,42,111,1,1,0,0,success,success
balance,D0,d0_catastrophic,42,112,1,1,0,0,success,success
balance,D0,d0_catastrophic,42,113,1,0,0,0,success,timeout_or_other_nonfall
balance,D0,d0_catastrophic,42,114,1,0,0,0,success,timeout_or_other_nonfall
balance,D0,d0_catastrophic,42,115,1,0,0,0,success,timeout_or_other_nonfall
balance,D0,d0_catastrophic,42,116,1,0,0,0,success,timeout_or_other_nonfall
balance,D0,d0_catastrophic,42,117,1,0,0,0,success,timeout_or_other_nonfall
balance,D0,d0_catastrophic,42,118,1,0,0,0,success,timeout_or_other_nonfall
balance,D0,d0_catastrophic,42,119,0,0,0,0,timeout_or_other_nonfall,timeout_or_other_nonfall
balance,D0,d0_catastrophic,42,120,0,0,0,0,timeout_or_other_nonfall,timeout_or_other_nonfall
balance,D0,d0_catastrophic,42,121,0,0,0,0,timeout_or_other_nonfall,timeout_or_other_nonfall
balance,D0,d0_catastrophic,42,122,0,0,0,0,timeout_or_other_nonfall,timeout_or_other_nonfall
balance,D0,d0_catastrophic,42,123,0,0,0,0,timeout_or_other_nonfall,timeout_or_other_nonfall
balance,D0,d0_catastrophic,42,124,0,0,0,0,timeout_or_other_nonfall,timeout_or_other_nonfall
balance,D0,d0_catastrophic,42,125,0,0,0,0,timeout_or_other_nonfall,timeout_or_other_nonfall
balance,D0,d0_catastrophic,42,126,0,0,0,0,timeout_or_other_nonfall,timeout_or_other_nonfall
balance,D0,d0_catastrophic,42,127,0,0,0,0,timeout_or_other_nonfall,timeout_or_other_nonfall
balance,D0,d0_catastrophic,42,128,1,0,0,1,success,non_lateral_balance_or_phase
balance,D0,d0_catastrophic,42,129,1,1,0,0,success,success
balance,D0,d0_catastrophic,42,130,1,1,0,0,success,success
balance,D0,d0_catastrophic,42,131,1,1,0,0,success,success
balance,D0,d0_catastrophic,42,132,1,1,0,0,success,success
balance,D0,d0_catastrophic,42,133,1,1,0,0,success,success
balance,D0,d0_catastrophic,42,134,1,1,0,0,success,success
balance,D0,d0_catastrophic,42,135,1,1,0,0,success,success
balance,D0,d0_catastrophic,42,136,1,1,0,0,success,success
balance,D0,d0_catastrophic,42,137,1,1,0,0,success,success
balance,D0,d0_catastrophic,42,138,1,1,0,0,success,success
balance,D0,d0_catastrophic,42,139,1,1,0,0,success,success
balance,D0,d0_catastrophic,42,140,1,1,0,0,success,success
balance,D0,d0_catastrophic,42,141,1,1,0,0,success,success
balance,D0,d0_catastrophic,42,142,1,1,0,0,success,success
balance,D0,d0_catastrophic,42,143,1,1,0,0,success,success
balance,D0,d0_catastrophic,42,144,1,1,0,0,success,success
balance,D0,d0_catastrophic,42,145,1,1,0,0,success,success
balance,D0,d0_catastrophic,42,146,1,1,0,0,success,success
balance,D0,d0_catastrophic,42,147,1,1,0,0,success,success
balance,D0,d0_catastrophic,42,148,1,1,0,0,success,success
balance,D0,d0_catastrophic,42,149,1,1,0,0,success,success
balance,D0,d0_catastrophic,42,150,1,1,0,0,success,success
balance,D0,d0_catastrophic,42,151,1,1,0,0,success,success
balance,D0,d0_catastrophic,42,152,1,1,0,0,success,success
balance,D0,d0_catastrophic,42,153,1,1,0,0,success,success
balance,D0,d0_catastrophic,42,154,1,1,0,0,success,success
balance,D0,d0_catastrophic,42,155,1,1,0,0,success,success
balance,D0,d0_catastrophic,42,156,1,1,0,0,success,success
balance,D0,d0_catastrophic,42,157,1,1,0,0,success,success
balance,D0,d0_catastrophic,42,158,1,1,0,0,success,success
balance,D0,d0_catastrophic,42,159,1,1,0,0,success,success
balance,D0,d0_catastrophic,42,160,1,1,0,0,success,success
balance,D0,d0_catastrophic,42,161,1,1,0,0,success,success
balance,D0,d0_catastrophic,42,162,1,1,0,0,success,success
balance,D0,d0_catastrophic,42,163,1,1,0,0,success,success
balance,D0,d0_catastrophic,42,164,1,1,0,0,success,success
balance,D0,d0_catastrophic,42,165,1,1,0,0,success,success
balance,D0,d0_catastrophic,42,166,1,1,0,0,success,success
balance,D0,d0_catastrophic,42,167,1,1,0,0,success,success
balance,D0,d0_catastrophic,42,168,1,1,0,0,success,success
balance,D0,d0_catastrophic,42,169,1,1,0,0,success,success
balance,D0,d0_catastrophic,42,170,1,1,0,0,success,success
balance,D0,d0_catastrophic,42,171,1,1,0,0,success,success
balance,D0,d0_catastrophic,42,172,1,1,0,0,success,success
balance,D0,d0_catastrophic,42,173,1,1,0,0,success,success
balance,D0,d0_catastrophic,42,174,1,1,0,0,success,success
balance,D0,d0_catastrophic,42,175,1,1,0,0,success,success
balance,D0,d0_catastrophic,42,176,1,1,0,0,success,success
balance,D0,d0_catastrophic,42,177,1,1,0,0,success,success
balance,D0,d0_catastrophic,42,178,1,1,0,0,success,success
balance,D0,d0_catastrophic,42,179,1,1,0,0,success,success
balance,D0,d0_catastrophic,42,180,1,1,0,0,success,success
balance,D0,d0_catastrophic,42,181,1,1,0,0,success,success
balance,D0,d0_catastrophic,42,182,1,1,0,0,success,success
balance,D0,d0_catastrophic,42,183,1,1,0,0,success,success
balance,D0,d0_catastrophic,42,184,1,1,0,0,success,success
balance,D0,d0_catastrophic,42,185,1,1,0,0,success,success
balance,D0,d0_catastrophic,42,186,1,1,0,0,success,success
balance,D0,d0_catastrophic,42,187,1,1,0,0,success,success
balance,D0,d0_catastrophic,42,188,1,1,0,0,success,success
balance,D0,d0_catastrophic,42,189,1,1,0,0,success,success
balance,D0,d0_catastrophic,42,190,1,1,0,0,success,success
balance,D0,d0_catastrophic,42,191,1,1,0,0,success,success
balance,D0,d0_catastrophic,42,192,1,1,0,0,success,success
balance,D0,d0_catastrophic,42,193,1,1,0,0,success,success
balance,D0,d0_catastrophic,42,194,1,1,0,0,success,success
balance,D0,d0_catastrophic,42,195,1,1,0,0,success,success
balance,D0,d0_catastrophic,42,196,1,1,0,0,success,success
balance,D0,d0_catastrophic,42,197,1,1,0,0,success,success
balance,D0,d0_catastrophic,42,198,1,1,0,0,success,success
balance,D0,d0_catastrophic,42,199,1,1,0,0,success,success
balance,D0,d0_catastrophic,42,200,1,1,0,0,success,success
balance,D0,d0_catastrophic,42,201,1,1,0,0,success,success
balance,D0,d0_catastrophic,42,202,1,1,0,0,success,success
balance,D0,d0_catastrophic,42,203,1,1,0,0,success,success
balance,D0,d0_catastrophic,42,204,1,1,0,0,success,success
balance,D0,d0_catastrophic,42,205,1,1,0,0,success,success
balance,D0,d0_catastrophic,42,206,1,1,0,0,success,success
balance,D0,d0_catastrophic,42,207,1,1,0,0,success,success
balance,D0,d0_catastrophic,42,208,1,1,0,0,success,success
balance,D0,d0_catastrophic,42,209,1,1,0,0,success,success
balance,D0,d0_catastrophic,42,210,1,1,0,0,success,success
balance,D0,d0_catastrophic,42,211,1,1,0,0,success,success
balance,D0,d0_catastrophic,42,212,1,1,0,0,success,success
balance,D0,d0_catastrophic,42,213,1,1,0,0,success,success
balance,D0,d0_catastrophic,42,214,1,1,0,0,success,success
balance,D0,d0_catastrophic,42,215,1,1,0,0,success,success
balance,D0,d0_catastrophic,42,216,1,1,0,0,success,success
balance,D0,d0_catastrophic,42,217,1,1,0,0,success,success
balance,D0,d0_catastrophic,42,218,1,1,0,0,success,success
balance,D0,d0_catastrophic,42,219,1,1,0,0,success,success
balance,D0,d0_catastrophic,42,220,1,1,0,0,success,success
balance,D0,d0_catastrophic,42,221,1,1,0,0,success,success
balance,D0,d0_catastrophic,42,222,1,1,0,0,success,success
balance,D0,d0_catastrophic,42,223,1,1,0,0,success,success
balance,D0,d0_catastrophic,42,224,1,1,0,0,success,success
balance,D0,d0_catastrophic,42,225,1,1,0,0,success,success
balance,D0,d0_catastrophic,42,226,1,1,0,0,success,success
balance,D0,d0_catastrophic,42,227,1,1,0,0,success,success
balance,D0,d0_catastrophic,42,228,1,1,0,0,success,success
balance,D0,d0_catastrophic,42,229,1,1,0,0,success,success
balance,D0,d0_catastrophic,42,230,1,1,0,0,success,success
balance,D0,d0_catastrophic,42,231,1,1,0,0,success,success
balance,D0,d0_catastrophic,42,232,1,1,0,0,success,success
balance,D0,d0_catastrophic,42,233,1,1,0,0,success,success
balance,D0,d0_catastrophic,42,234,1,1,0,0,success,success
balance,D0,d0_catastrophic,42,235,1,1,0,0,success,success
balance,D0,d0_catastrophic,42,236,1,1,0,0,success,success
balance,D0,d0_catastrophic,42,237,1,1,0,0,success,success
balance,D0,d0_catastrophic,42,238,1,1,0,0,success,success
balance,D0,d0_catastrophic,42,239,1,1,0,0,success,success
balance,D0,d0_catastrophic,42,240,1,1,0,0,success,success
balance,D0,d0_catastrophic,42,241,1,1,0,0,success,success
balance,D0,d0_catastrophic,42,242,1,1,0,0,success,success
balance,D0,d0_catastrophic,42,243,1,1,0,0,success,success
balance,D0,d0_catastrophic,42,244,1,1,0,0,success,success
balance,D0,d0_catastrophic,42,245,1,1,0,0,success,success
balance,D0,d0_catastrophic,42,246,1,1,0,0,success,success
balance,D0,d0_catastrophic,42,247,1,1,0,0,success,success
balance,D0,d0_catastrophic,42,248,0,1,0,0,timeout_or_other_nonfall,success
balance,D0,d0_catastrophic,42,249,0,0,0,0,timeout_or_other_nonfall,timeout_or_other_nonfall
balance,D0,d0_catastrophic,42,250,0,0,0,0,timeout_or_other_nonfall,timeout_or_other_nonfall
balance,D0,d0_catastrophic,42,251,0,0,0,0,timeout_or_other_nonfall,timeout_or_other_nonfall
balance,D0,d0_catastrophic,42,252,0,0,0,0,timeout_or_other_nonfall,timeout_or_other_nonfall
balance,D0,d0_catastrophic,42,253,0,0,0,0,timeout_or_other_nonfall,timeout_or_other_nonfall
balance,D0,d0_catastrophic,42,254,0,0,0,0,timeout_or_other_nonfall,timeout_or_other_nonfall
balance,D0,d0_catastrophic,42,255,0,0,0,0,timeout_or_other_nonfall,timeout_or_other_nonfall
balance,lateral,off_diagonal_report_only,142,0,0,0,1,1,lateral_heading_drift,lateral_heading_drift
balance,lateral,off_diagonal_report_only,142,1,0,0,1,1,non_lateral_balance_or_phase,non_lateral_high_cbf_demand
balance,lateral,off_diagonal_report_only,142,2,0,0,1,1,non_lateral_balance_or_phase,non_lateral_balance_or_phase
balance,lateral,off_diagonal_report_only,142,3,0,0,1,1,lateral_heading_drift,non_lateral_balance_or_phase
balance,lateral,off_diagonal_report_only,142,4,0,0,1,1,lateral_heading_drift,lateral_heading_drift
balance,lateral,off_diagonal_report_only,142,5,0,0,1,1,lateral_heading_drift,lateral_heading_drift
balance,lateral,off_diagonal_report_only,142,6,0,0,1,1,lateral_heading_drift,lateral_heading_drift
balance,lateral,off_diagonal_report_only,142,7,0,0,1,1,lateral_heading_drift,lateral_heading_drift
balance,lateral,off_diagonal_report_only,142,8,0,0,1,1,lateral_heading_drift,lateral_heading_drift
balance,lateral,off_diagonal_report_only,142,9,1,0,0,1,success,lateral_heading_drift
balance,lateral,off_diagonal_report_only,142,10,0,0,1,1,non_lateral_high_cbf_demand,non_lateral_high_cbf_demand
balance,lateral,off_diagonal_report_only,142,11,1,0,0,1,success,lateral_heading_drift
balance,lateral,off_diagonal_report_only,142,12,0,0,1,1,lateral_heading_drift,lateral_heading_drift
balance,lateral,off_diagonal_report_only,142,13,1,1,0,0,success,success
balance,lateral,off_diagonal_report_only,142,14,1,1,0,0,success,success
balance,lateral,off_diagonal_report_only,142,15,0,1,1,0,lateral_heading_drift,success
balance,lateral,off_diagonal_report_only,142,16,0,1,1,0,lateral_heading_drift,success
balance,lateral,off_diagonal_report_only,142,17,1,1,0,0,success,success
balance,lateral,off_diagonal_report_only,142,18,0,0,1,1,lateral_heading_drift,non_lateral_high_cbf_demand
balance,lateral,off_diagonal_report_only,142,19,0,0,1,1,lateral_heading_drift,lateral_heading_drift
balance,lateral,off_diagonal_report_only,142,20,1,1,0,0,success,success
balance,lateral,off_diagonal_report_only,142,21,0,1,1,0,lateral_heading_drift,success
balance,lateral,off_diagonal_report_only,142,22,1,1,0,0,success,success
balance,lateral,off_diagonal_report_only,142,23,1,1,0,0,success,success
balance,lateral,off_diagonal_report_only,142,24,0,0,1,1,lateral_heading_drift,lateral_heading_drift
balance,lateral,off_diagonal_report_only,142,25,0,1,1,0,lateral_heading_drift,success
balance,lateral,off_diagonal_report_only,142,26,1,0,0,1,success,lateral_heading_drift
balance,lateral,off_diagonal_report_only,142,27,0,1,1,0,lateral_heading_drift,success
balance,lateral,off_diagonal_report_only,142,28,1,0,0,1,success,lateral_heading_drift
balance,lateral,off_diagonal_report_only,142,29,1,0,0,1,success,lateral_heading_drift
balance,lateral,off_diagonal_report_only,142,30,0,0,1,1,lateral_heading_drift,lateral_heading_drift
balance,lateral,off_diagonal_report_only,142,31,1,1,0,0,success,success
balance,lateral,off_diagonal_report_only,142,32,0,0,1,1,lateral_heading_drift,lateral_heading_drift
balance,lateral,off_diagonal_report_only,142,33,1,1,0,0,success,success
balance,lateral,off_diagonal_report_only,142,34,1,1,0,0,success,success
balance,lateral,off_diagonal_report_only,142,35,1,1,0,0,success,success
balance,lateral,off_diagonal_report_only,142,36,1,1,0,0,success,success
balance,lateral,off_diagonal_report_only,142,37,1,1,0,0,success,success
balance,lateral,off_diagonal_report_only,142,38,1,1,0,0,success,success
balance,lateral,off_diagonal_report_only,142,39,1,1,0,0,success,success
balance,lateral,off_diagonal_report_only,142,40,1,1,0,0,success,success
balance,lateral,off_diagonal_report_only,142,41,1,1,0,0,success,success
balance,lateral,off_diagonal_report_only,142,42,1,1,0,0,success,success
balance,lateral,off_diagonal_report_only,142,43,1,1,0,0,success,success
balance,lateral,off_diagonal_report_only,142,44,1,1,0,0,success,success
balance,lateral,off_diagonal_report_only,142,45,1,1,0,0,success,success
balance,lateral,off_diagonal_report_only,142,46,1,1,0,0,success,success
balance,lateral,off_diagonal_report_only,142,47,1,1,0,0,success,success
balance,lateral,off_diagonal_report_only,142,48,1,1,0,0,success,success
balance,lateral,off_diagonal_report_only,142,49,1,1,0,0,success,success
balance,lateral,off_diagonal_report_only,142,50,1,1,0,0,success,success
balance,lateral,off_diagonal_report_only,142,51,1,0,0,1,success,lateral_heading_drift
balance,lateral,off_diagonal_report_only,142,52,0,1,1,0,lateral_heading_drift,success
balance,lateral,off_diagonal_report_only,142,53,1,1,0,0,success,success
balance,lateral,off_diagonal_report_only,142,54,1,1,0,0,success,success
balance,lateral,off_diagonal_report_only,142,55,0,1,1,0,lateral_heading_drift,success
balance,lateral,off_diagonal_report_only,142,56,0,1,1,0,lateral_heading_drift,success
balance,lateral,off_diagonal_report_only,142,57,1,1,0,0,success,success
balance,lateral,off_diagonal_report_only,142,58,0,0,1,1,lateral_heading_drift,lateral_heading_drift
balance,lateral,off_diagonal_report_only,142,59,0,1,1,0,lateral_heading_drift,success
balance,lateral,off_diagonal_report_only,142,60,1,0,0,1,success,lateral_heading_drift
balance,lateral,off_diagonal_report_only,142,61,0,0,1,1,lateral_heading_drift,lateral_heading_drift
balance,lateral,off_diagonal_report_only,142,62,0,1,1,0,lateral_heading_drift,success
balance,lateral,off_diagonal_report_only,142,63,1,1,0,0,success,success
balance,lateral,off_diagonal_report_only,142,64,1,1,0,0,success,success
balance,lateral,off_diagonal_report_only,142,65,1,1,0,0,success,success
balance,lateral,off_diagonal_report_only,142,66,1,1,0,0,success,success
balance,lateral,off_diagonal_report_only,142,67,1,1,0,0,success,success
balance,lateral,off_diagonal_report_only,142,68,1,0,0,1,success,lateral_heading_drift
balance,lateral,off_diagonal_report_only,142,69,1,1,0,0,success,success
balance,lateral,off_diagonal_report_only,142,70,1,1,0,0,success,success
balance,lateral,off_diagonal_report_only,142,71,1,1,0,0,success,success
balance,lateral,off_diagonal_report_only,142,72,1,1,0,0,success,success
balance,lateral,off_diagonal_report_only,142,73,1,1,0,0,success,success
balance,lateral,off_diagonal_report_only,142,74,1,1,0,0,success,success
balance,lateral,off_diagonal_report_only,142,75,1,1,0,0,success,success
balance,lateral,off_diagonal_report_only,142,76,1,1,0,0,success,success
balance,lateral,off_diagonal_report_only,142,77,1,0,0,1,success,lateral_heading_drift
balance,lateral,off_diagonal_report_only,142,78,1,1,0,0,success,success
balance,lateral,off_diagonal_report_only,142,79,1,1,0,0,success,success
balance,lateral,off_diagonal_report_only,142,80,1,1,0,0,success,success
balance,lateral,off_diagonal_report_only,142,81,1,1,0,0,success,success
balance,lateral,off_diagonal_report_only,142,82,1,1,0,0,success,success
balance,lateral,off_diagonal_report_only,142,83,1,1,0,0,success,success
balance,lateral,off_diagonal_report_only,142,84,1,1,0,0,success,success
balance,lateral,off_diagonal_report_only,142,85,1,1,0,0,success,success
balance,lateral,off_diagonal_report_only,142,86,1,1,0,0,success,success
balance,lateral,off_diagonal_report_only,142,87,1,1,0,0,success,success
balance,lateral,off_diagonal_report_only,142,88,1,1,0,0,success,success
balance,lateral,off_diagonal_report_only,142,89,1,1,0,0,success,success
balance,lateral,off_diagonal_report_only,142,90,1,1,0,0,success,success
balance,lateral,off_diagonal_report_only,142,91,1,0,0,1,success,lateral_heading_drift
balance,lateral,off_diagonal_report_only,142,92,1,1,0,0,success,success
balance,lateral,off_diagonal_report_only,142,93,0,1,1,0,lateral_heading_drift,success
balance,lateral,off_diagonal_report_only,142,94,1,1,0,0,success,success
balance,lateral,off_diagonal_report_only,142,95,0,1,1,0,lateral_heading_drift,success
balance,lateral,off_diagonal_report_only,142,96,1,1,0,0,success,success
balance,lateral,off_diagonal_report_only,142,97,1,1,0,0,success,success
balance,lateral,off_diagonal_report_only,142,98,1,1,0,0,success,success
balance,lateral,off_diagonal_report_only,142,99,1,1,0,0,success,success
balance,lateral,off_diagonal_report_only,142,100,1,1,0,0,success,success
balance,lateral,off_diagonal_report_only,142,101,1,1,0,0,success,success
balance,lateral,off_diagonal_report_only,142,102,1,0,0,1,success,lateral_heading_drift
balance,lateral,off_diagonal_report_only,142,103,1,0,0,1,success,lateral_heading_drift
balance,lateral,off_diagonal_report_only,142,104,1,1,0,0,success,success
balance,lateral,off_diagonal_report_only,142,105,1,1,0,0,success,success
balance,lateral,off_diagonal_report_only,142,106,1,1,0,0,success,success
balance,lateral,off_diagonal_report_only,142,107,0,1,1,0,lateral_heading_drift,success
balance,lateral,off_diagonal_report_only,142,108,1,1,0,0,success,success
balance,lateral,off_diagonal_report_only,142,109,1,1,0,0,success,success
balance,lateral,off_diagonal_report_only,142,110,1,1,0,0,success,success
balance,lateral,off_diagonal_report_only,142,111,1,1,0,0,success,success
balance,lateral,off_diagonal_report_only,142,112,1,1,0,0,success,success
balance,lateral,off_diagonal_report_only,142,113,1,1,0,0,success,success
balance,lateral,off_diagonal_report_only,142,114,1,1,0,0,success,success
balance,lateral,off_diagonal_report_only,142,115,1,1,0,0,success,success
balance,lateral,off_diagonal_report_only,142,116,1,1,0,0,success,success
balance,lateral,off_diagonal_report_only,142,117,1,1,0,0,success,success
balance,lateral,off_diagonal_report_only,142,118,1,1,0,0,success,success
balance,lateral,off_diagonal_report_only,142,119,1,0,0,1,success,lateral_heading_drift
balance,lateral,off_diagonal_report_only,142,120,1,1,0,0,success,success
balance,lateral,off_diagonal_report_only,142,121,1,1,0,0,success,success
balance,lateral,off_diagonal_report_only,142,122,1,1,0,0,success,success
balance,lateral,off_diagonal_report_only,142,123,1,1,0,0,success,success
balance,lateral,off_diagonal_report_only,142,124,1,1,0,0,success,success
balance,lateral,off_diagonal_report_only,142,125,1,1,0,0,success,success
balance,lateral,off_diagonal_report_only,142,126,1,1,0,0,success,success
balance,lateral,off_diagonal_report_only,142,127,1,1,0,0,success,success
balance,lateral,off_diagonal_report_only,142,128,0,0,1,1,lateral_heading_drift,non_lateral_balance_or_phase
balance,lateral,off_diagonal_report_only,142,129,0,0,1,1,non_lateral_balance_or_phase,non_lateral_balance_or_phase
balance,lateral,off_diagonal_report_only,142,130,0,0,1,1,non_lateral_balance_or_phase,lateral_heading_drift
balance,lateral,off_diagonal_report_only,142,131,0,0,1,1,non_lateral_high_cbf_demand,lateral_heading_drift
balance,lateral,off_diagonal_report_only,142,132,0,0,1,1,non_lateral_high_cbf_demand,non_lateral_balance_or_phase
balance,lateral,off_diagonal_report_only,142,133,0,0,1,1,non_lateral_high_cbf_demand,non_lateral_high_cbf_demand
balance,lateral,off_diagonal_report_only,142,134,0,0,1,1,lateral_heading_drift,lateral_heading_drift
balance,lateral,off_diagonal_report_only,142,135,0,0,1,1,non_lateral_balance_or_phase,lateral_heading_drift
balance,lateral,off_diagonal_report_only,142,136,1,0,0,1,success,lateral_heading_drift
balance,lateral,off_diagonal_report_only,142,137,1,0,0,1,success,lateral_heading_drift
balance,lateral,off_diagonal_report_only,142,138,1,1,0,0,success,success
balance,lateral,off_diagonal_report_only,142,139,1,1,0,0,success,success
balance,lateral,off_diagonal_report_only,142,140,0,1,1,0,lateral_heading_drift,success
balance,lateral,off_diagonal_report_only,142,141,0,1,1,0,lateral_heading_drift,success
balance,lateral,off_diagonal_report_only,142,142,0,0,1,1,lateral_heading_drift,lateral_heading_drift
balance,lateral,off_diagonal_report_only,142,143,1,1,0,0,success,success
balance,lateral,off_diagonal_report_only,142,144,0,0,1,1,lateral_heading_drift,lateral_heading_drift
balance,lateral,off_diagonal_report_only,142,145,0,1,1,0,lateral_heading_drift,success
balance,lateral,off_diagonal_report_only,142,146,0,0,1,1,lateral_heading_drift,lateral_heading_drift
balance,lateral,off_diagonal_report_only,142,147,0,0,1,1,lateral_heading_drift,lateral_heading_drift
balance,lateral,off_diagonal_report_only,142,148,0,0,1,1,lateral_heading_drift,lateral_heading_drift
balance,lateral,off_diagonal_report_only,142,149,1,1,0,0,success,success
balance,lateral,off_diagonal_report_only,142,150,1,1,0,0,success,success
balance,lateral,off_diagonal_report_only,142,151,1,1,0,0,success,success
balance,lateral,off_diagonal_report_only,142,152,1,0,0,1,success,lateral_heading_drift
balance,lateral,off_diagonal_report_only,142,153,0,1,1,0,lateral_heading_drift,success
balance,lateral,off_diagonal_report_only,142,154,1,1,0,0,success,success
balance,lateral,off_diagonal_report_only,142,155,1,0,0,1,success,lateral_heading_drift
balance,lateral,off_diagonal_report_only,142,156,1,1,0,0,success,success
balance,lateral,off_diagonal_report_only,142,157,1,1,0,0,success,success
balance,lateral,off_diagonal_report_only,142,158,1,1,0,0,success,success
balance,lateral,off_diagonal_report_only,142,159,1,1,0,0,success,success
balance,lateral,off_diagonal_report_only,142,160,1,0,0,1,success,lateral_heading_drift
balance,lateral,off_diagonal_report_only,142,161,1,1,0,0,success,success
balance,lateral,off_diagonal_report_only,142,162,1,0,0,1,success,lateral_heading_drift
balance,lateral,off_diagonal_report_only,142,163,1,1,0,0,success,success
balance,lateral,off_diagonal_report_only,142,164,1,1,0,0,success,success
balance,lateral,off_diagonal_report_only,142,165,1,1,0,0,success,success
balance,lateral,off_diagonal_report_only,142,166,0,1,1,0,lateral_heading_drift,success
balance,lateral,off_diagonal_report_only,142,167,1,1,0,0,success,success
balance,lateral,off_diagonal_report_only,142,168,1,0,0,1,success,lateral_heading_drift
balance,lateral,off_diagonal_report_only,142,169,1,1,0,0,success,success
balance,lateral,off_diagonal_report_only,142,170,1,1,0,0,success,success
balance,lateral,off_diagonal_report_only,142,171,1,0,0,1,success,lateral_heading_drift
balance,lateral,off_diagonal_report_only,142,172,1,1,0,0,success,success
balance,lateral,off_diagonal_report_only,142,173,0,1,1,0,lateral_heading_drift,success
balance,lateral,off_diagonal_report_only,142,174,1,1,0,0,success,success
balance,lateral,off_diagonal_report_only,142,175,1,1,0,0,success,success
balance,lateral,off_diagonal_report_only,142,176,1,1,0,0,success,success
balance,lateral,off_diagonal_report_only,142,177,1,1,0,0,success,success
balance,lateral,off_diagonal_report_only,142,178,0,1,1,0,lateral_heading_drift,success
balance,lateral,off_diagonal_report_only,142,179,1,1,0,0,success,success
balance,lateral,off_diagonal_report_only,142,180,1,1,0,0,success,success
balance,lateral,off_diagonal_report_only,142,181,1,1,0,0,success,success
balance,lateral,off_diagonal_report_only,142,182,1,1,0,0,success,success
balance,lateral,off_diagonal_report_only,142,183,1,0,0,1,success,lateral_heading_drift
balance,lateral,off_diagonal_report_only,142,184,1,1,0,0,success,success
balance,lateral,off_diagonal_report_only,142,185,1,1,0,0,success,success
balance,lateral,off_diagonal_report_only,142,186,1,0,0,1,success,lateral_heading_drift
balance,lateral,off_diagonal_report_only,142,187,1,1,0,0,success,success
balance,lateral,off_diagonal_report_only,142,188,1,0,0,1,success,lateral_heading_drift
balance,lateral,off_diagonal_report_only,142,189,1,1,0,0,success,success
balance,lateral,off_diagonal_report_only,142,190,1,1,0,0,success,success
balance,lateral,off_diagonal_report_only,142,191,1,1,0,0,success,success
balance,lateral,off_diagonal_report_only,142,192,1,1,0,0,success,success
balance,lateral,off_diagonal_report_only,142,193,1,1,0,0,success,success
balance,lateral,off_diagonal_report_only,142,194,0,1,1,0,lateral_heading_drift,success
balance,lateral,off_diagonal_report_only,142,195,1,1,0,0,success,success
balance,lateral,off_diagonal_report_only,142,196,1,1,0,0,success,success
balance,lateral,off_diagonal_report_only,142,197,1,1,0,0,success,success
balance,lateral,off_diagonal_report_only,142,198,1,1,0,0,success,success
balance,lateral,off_diagonal_report_only,142,199,1,1,0,0,success,success
balance,lateral,off_diagonal_report_only,142,200,1,1,0,0,success,success
balance,lateral,off_diagonal_report_only,142,201,1,0,0,1,success,lateral_heading_drift
balance,lateral,off_diagonal_report_only,142,202,1,1,0,0,success,success
balance,lateral,off_diagonal_report_only,142,203,1,1,0,0,success,success
balance,lateral,off_diagonal_report_only,142,204,1,1,0,0,success,success
balance,lateral,off_diagonal_report_only,142,205,1,1,0,0,success,success
balance,lateral,off_diagonal_report_only,142,206,1,1,0,0,success,success
balance,lateral,off_diagonal_report_only,142,207,1,1,0,0,success,success
balance,lateral,off_diagonal_report_only,142,208,1,1,0,0,success,success
balance,lateral,off_diagonal_report_only,142,209,1,1,0,0,success,success
balance,lateral,off_diagonal_report_only,142,210,1,1,0,0,success,success
balance,lateral,off_diagonal_report_only,142,211,1,1,0,0,success,success
balance,lateral,off_diagonal_report_only,142,212,1,1,0,0,success,success
balance,lateral,off_diagonal_report_only,142,213,1,1,0,0,success,success
balance,lateral,off_diagonal_report_only,142,214,1,1,0,0,success,success
balance,lateral,off_diagonal_report_only,142,215,1,1,0,0,success,success
balance,lateral,off_diagonal_report_only,142,216,1,1,0,0,success,success
balance,lateral,off_diagonal_report_only,142,217,1,1,0,0,success,success
balance,lateral,off_diagonal_report_only,142,218,0,1,1,0,lateral_heading_drift,success
balance,lateral,off_diagonal_report_only,142,219,1,1,0,0,success,success
balance,lateral,off_diagonal_report_only,142,220,1,1,0,0,success,success
balance,lateral,off_diagonal_report_only,142,221,1,1,0,0,success,success
balance,lateral,off_diagonal_report_only,142,222,0,1,1,0,lateral_heading_drift,success
balance,lateral,off_diagonal_report_only,142,223,1,1,0,0,success,success
balance,lateral,off_diagonal_report_only,142,224,1,0,0,1,success,lateral_heading_drift
balance,lateral,off_diagonal_report_only,142,225,1,1,0,0,success,success
balance,lateral,off_diagonal_report_only,142,226,1,1,0,0,success,success
balance,lateral,off_diagonal_report_only,142,227,1,1,0,0,success,success
balance,lateral,off_diagonal_report_only,142,228,1,1,0,0,success,success
balance,lateral,off_diagonal_report_only,142,229,1,1,0,0,success,success
balance,lateral,off_diagonal_report_only,142,230,1,1,0,0,success,success
balance,lateral,off_diagonal_report_only,142,231,1,1,0,0,success,success
balance,lateral,off_diagonal_report_only,142,232,1,1,0,0,success,success
balance,lateral,off_diagonal_report_only,142,233,1,1,0,0,success,success
balance,lateral,off_diagonal_report_only,142,234,1,1,0,0,success,success
balance,lateral,off_diagonal_report_only,142,235,1,1,0,0,success,success
balance,lateral,off_diagonal_report_only,142,236,1,1,0,0,success,success
balance,lateral,off_diagonal_report_only,142,237,1,1,0,0,success,success
balance,lateral,off_diagonal_report_only,142,238,1,1,0,0,success,success
balance,lateral,off_diagonal_report_only,142,239,1,0,0,1,success,lateral_heading_drift
balance,lateral,off_diagonal_report_only,142,240,1,1,0,0,success,success
balance,lateral,off_diagonal_report_only,142,241,1,1,0,0,success,success
balance,lateral,off_diagonal_report_only,142,242,1,1,0,0,success,success
balance,lateral,off_diagonal_report_only,142,243,0,1,1,0,lateral_heading_drift,success
balance,lateral,off_diagonal_report_only,142,244,0,1,1,0,lateral_heading_drift,success
balance,lateral,off_diagonal_report_only,142,245,0,1,1,0,lateral_heading_drift,success
balance,lateral,off_diagonal_report_only,142,246,1,1,0,0,success,success
balance,lateral,off_diagonal_report_only,142,247,1,1,0,0,success,success
balance,lateral,off_diagonal_report_only,142,248,1,1,0,0,success,success
balance,lateral,off_diagonal_report_only,142,249,1,1,0,0,success,success
balance,lateral,off_diagonal_report_only,142,250,1,1,0,0,success,success
balance,lateral,off_diagonal_report_only,142,251,1,1,0,0,success,success
balance,lateral,off_diagonal_report_only,142,252,1,1,0,0,success,success
balance,lateral,off_diagonal_report_only,142,253,1,0,0,1,success,lateral_heading_drift
balance,lateral,off_diagonal_report_only,142,254,0,1,1,0,lateral_heading_drift,success
balance,lateral,off_diagonal_report_only,142,255,1,1,0,0,success,success
balance,cbf,off_diagonal_report_only,142,0,0,0,1,1,non_lateral_high_cbf_demand,non_lateral_high_cbf_demand
balance,cbf,off_diagonal_report_only,142,1,0,0,1,1,non_lateral_high_cbf_demand,non_lateral_balance_or_phase
balance,cbf,off_diagonal_report_only,142,2,0,0,1,1,non_lateral_high_cbf_demand,non_lateral_balance_or_phase
balance,cbf,off_diagonal_report_only,142,3,0,0,1,1,non_lateral_high_cbf_demand,non_lateral_high_cbf_demand
balance,cbf,off_diagonal_report_only,142,4,0,0,1,1,non_lateral_high_cbf_demand,non_lateral_high_cbf_demand
balance,cbf,off_diagonal_report_only,142,5,0,0,1,1,non_lateral_high_cbf_demand,non_lateral_high_cbf_demand
balance,cbf,off_diagonal_report_only,142,6,0,0,1,1,non_lateral_high_cbf_demand,non_lateral_balance_or_phase
balance,cbf,off_diagonal_report_only,142,7,0,0,1,1,non_lateral_high_cbf_demand,non_lateral_balance_or_phase
balance,cbf,off_diagonal_report_only,142,8,0,0,1,1,non_lateral_high_cbf_demand,non_lateral_high_cbf_demand
balance,cbf,off_diagonal_report_only,142,9,0,0,1,1,non_lateral_high_cbf_demand,non_lateral_balance_or_phase
balance,cbf,off_diagonal_report_only,142,10,0,0,1,1,lateral_heading_drift,non_lateral_high_cbf_demand
balance,cbf,off_diagonal_report_only,142,11,0,0,1,1,non_lateral_high_cbf_demand,non_lateral_high_cbf_demand
balance,cbf,off_diagonal_report_only,142,12,0,0,1,1,lateral_heading_drift,non_lateral_high_cbf_demand
balance,cbf,off_diagonal_report_only,142,13,0,0,1,1,non_lateral_high_cbf_demand,non_lateral_high_cbf_demand
balance,cbf,off_diagonal_report_only,142,14,0,0,1,1,non_lateral_high_cbf_demand,lateral_heading_drift
balance,cbf,off_diagonal_report_only,142,15,1,0,0,1,success,non_lateral_high_cbf_demand
balance,cbf,off_diagonal_report_only,142,16,1,0,0,1,success,non_lateral_high_cbf_demand
balance,cbf,off_diagonal_report_only,142,17,1,0,0,1,success,non_lateral_high_cbf_demand
balance,cbf,off_diagonal_report_only,142,18,1,0,0,1,success,non_lateral_high_cbf_demand
balance,cbf,off_diagonal_report_only,142,19,1,0,0,1,success,non_lateral_high_cbf_demand
balance,cbf,off_diagonal_report_only,142,20,1,0,0,1,success,non_lateral_high_cbf_demand
balance,cbf,off_diagonal_report_only,142,21,1,0,0,1,success,non_lateral_high_cbf_demand
balance,cbf,off_diagonal_report_only,142,22,1,0,0,1,success,non_lateral_high_cbf_demand
balance,cbf,off_diagonal_report_only,142,23,1,0,0,1,success,non_lateral_high_cbf_demand
balance,cbf,off_diagonal_report_only,142,24,1,0,0,1,success,lateral_heading_drift
balance,cbf,off_diagonal_report_only,142,25,1,0,0,1,success,non_lateral_high_cbf_demand
balance,cbf,off_diagonal_report_only,142,26,1,0,0,1,success,non_lateral_high_cbf_demand
balance,cbf,off_diagonal_report_only,142,27,1,1,0,0,success,success
balance,cbf,off_diagonal_report_only,142,28,1,1,0,0,success,success
balance,cbf,off_diagonal_report_only,142,29,1,1,0,0,success,success
balance,cbf,off_diagonal_report_only,142,30,1,0,0,1,success,non_lateral_high_cbf_demand
balance,cbf,off_diagonal_report_only,142,31,1,1,0,0,success,success
balance,cbf,off_diagonal_report_only,142,32,1,1,0,0,success,success
balance,cbf,off_diagonal_report_only,142,33,1,1,0,0,success,success
balance,cbf,off_diagonal_report_only,142,34,1,1,0,0,success,success
balance,cbf,off_diagonal_report_only,142,35,1,1,0,0,success,success
balance,cbf,off_diagonal_report_only,142,36,1,1,0,0,success,success
balance,cbf,off_diagonal_report_only,142,37,0,1,1,0,lateral_heading_drift,success
balance,cbf,off_diagonal_report_only,142,38,1,1,0,0,success,success
balance,cbf,off_diagonal_report_only,142,39,1,1,0,0,success,success
balance,cbf,off_diagonal_report_only,142,40,1,1,0,0,success,success
balance,cbf,off_diagonal_report_only,142,41,1,1,0,0,success,success
balance,cbf,off_diagonal_report_only,142,42,1,1,0,0,success,success
balance,cbf,off_diagonal_report_only,142,43,1,1,0,0,success,success
balance,cbf,off_diagonal_report_only,142,44,1,1,0,0,success,success
balance,cbf,off_diagonal_report_only,142,45,1,1,0,0,success,success
balance,cbf,off_diagonal_report_only,142,46,1,1,0,0,success,success
balance,cbf,off_diagonal_report_only,142,47,1,1,0,0,success,success
balance,cbf,off_diagonal_report_only,142,48,1,1,0,0,success,success
balance,cbf,off_diagonal_report_only,142,49,1,1,0,0,success,success
balance,cbf,off_diagonal_report_only,142,50,1,1,0,0,success,success
balance,cbf,off_diagonal_report_only,142,51,1,1,0,0,success,success
balance,cbf,off_diagonal_report_only,142,52,0,1,1,0,lateral_heading_drift,success
balance,cbf,off_diagonal_report_only,142,53,1,1,0,0,success,success
balance,cbf,off_diagonal_report_only,142,54,1,1,0,0,success,success
balance,cbf,off_diagonal_report_only,142,55,1,1,0,0,success,success
balance,cbf,off_diagonal_report_only,142,56,1,1,0,0,success,success
balance,cbf,off_diagonal_report_only,142,57,1,1,0,0,success,success
balance,cbf,off_diagonal_report_only,142,58,1,1,0,0,success,success
balance,cbf,off_diagonal_report_only,142,59,1,1,0,0,success,success
balance,cbf,off_diagonal_report_only,142,60,1,1,0,0,success,success
balance,cbf,off_diagonal_report_only,142,61,1,1,0,0,success,success
balance,cbf,off_diagonal_report_only,142,62,1,1,0,0,success,success
balance,cbf,off_diagonal_report_only,142,63,1,1,0,0,success,success
balance,cbf,off_diagonal_report_only,142,64,1,1,0,0,success,success
balance,cbf,off_diagonal_report_only,142,65,1,1,0,0,success,success
balance,cbf,off_diagonal_report_only,142,66,0,1,1,0,lateral_heading_drift,success
balance,cbf,off_diagonal_report_only,142,67,1,1,0,0,success,success
balance,cbf,off_diagonal_report_only,142,68,1,1,0,0,success,success
balance,cbf,off_diagonal_report_only,142,69,1,0,0,1,success,lateral_heading_drift
balance,cbf,off_diagonal_report_only,142,70,1,1,0,0,success,success
balance,cbf,off_diagonal_report_only,142,71,1,1,0,0,success,success
balance,cbf,off_diagonal_report_only,142,72,0,1,1,0,lateral_heading_drift,success
balance,cbf,off_diagonal_report_only,142,73,0,1,1,0,lateral_heading_drift,success
balance,cbf,off_diagonal_report_only,142,74,1,1,0,0,success,success
balance,cbf,off_diagonal_report_only,142,75,1,1,0,0,success,success
balance,cbf,off_diagonal_report_only,142,76,1,1,0,0,success,success
balance,cbf,off_diagonal_report_only,142,77,1,0,0,1,success,non_lateral_high_cbf_demand
balance,cbf,off_diagonal_report_only,142,78,1,1,0,0,success,success
balance,cbf,off_diagonal_report_only,142,79,1,1,0,0,success,success
balance,cbf,off_diagonal_report_only,142,80,1,1,0,0,success,success
balance,cbf,off_diagonal_report_only,142,81,1,1,0,0,success,success
balance,cbf,off_diagonal_report_only,142,82,1,1,0,0,success,success
balance,cbf,off_diagonal_report_only,142,83,1,1,0,0,success,success
balance,cbf,off_diagonal_report_only,142,84,1,1,0,0,success,success
balance,cbf,off_diagonal_report_only,142,85,1,1,0,0,success,success
balance,cbf,off_diagonal_report_only,142,86,1,1,0,0,success,success
balance,cbf,off_diagonal_report_only,142,87,1,1,0,0,success,success
balance,cbf,off_diagonal_report_only,142,88,1,1,0,0,success,success
balance,cbf,off_diagonal_report_only,142,89,1,1,0,0,success,success
balance,cbf,off_diagonal_report_only,142,90,1,1,0,0,success,success
balance,cbf,off_diagonal_report_only,142,91,1,1,0,0,success,success
balance,cbf,off_diagonal_report_only,142,92,1,1,0,0,success,success
balance,cbf,off_diagonal_report_only,142,93,1,1,0,0,success,success
balance,cbf,off_diagonal_report_only,142,94,1,1,0,0,success,success
balance,cbf,off_diagonal_report_only,142,95,1,1,0,0,success,success
balance,cbf,off_diagonal_report_only,142,96,1,1,0,0,success,success
balance,cbf,off_diagonal_report_only,142,97,1,1,0,0,success,success
balance,cbf,off_diagonal_report_only,142,98,1,1,0,0,success,success
balance,cbf,off_diagonal_report_only,142,99,1,1,0,0,success,success
balance,cbf,off_diagonal_report_only,142,100,1,1,0,0,success,success
balance,cbf,off_diagonal_report_only,142,101,1,1,0,0,success,success
balance,cbf,off_diagonal_report_only,142,102,1,1,0,0,success,success
balance,cbf,off_diagonal_report_only,142,103,1,1,0,0,success,success
balance,cbf,off_diagonal_report_only,142,104,1,1,0,0,success,success
balance,cbf,off_diagonal_report_only,142,105,1,1,0,0,success,success
balance,cbf,off_diagonal_report_only,142,106,1,1,0,0,success,success
balance,cbf,off_diagonal_report_only,142,107,1,1,0,0,success,success
balance,cbf,off_diagonal_report_only,142,108,1,1,0,0,success,success
balance,cbf,off_diagonal_report_only,142,109,1,1,0,0,success,success
balance,cbf,off_diagonal_report_only,142,110,1,1,0,0,success,success
balance,cbf,off_diagonal_report_only,142,111,1,1,0,0,success,success
balance,cbf,off_diagonal_report_only,142,112,1,1,0,0,success,success
balance,cbf,off_diagonal_report_only,142,113,1,1,0,0,success,success
balance,cbf,off_diagonal_report_only,142,114,1,1,0,0,success,success
balance,cbf,off_diagonal_report_only,142,115,1,1,0,0,success,success
balance,cbf,off_diagonal_report_only,142,116,1,1,0,0,success,success
balance,cbf,off_diagonal_report_only,142,117,1,1,0,0,success,success
balance,cbf,off_diagonal_report_only,142,118,0,1,1,0,lateral_heading_drift,success
balance,cbf,off_diagonal_report_only,142,119,1,1,0,0,success,success
balance,cbf,off_diagonal_report_only,142,120,1,1,0,0,success,success
balance,cbf,off_diagonal_report_only,142,121,1,1,0,0,success,success
balance,cbf,off_diagonal_report_only,142,122,1,1,0,0,success,success
balance,cbf,off_diagonal_report_only,142,123,1,1,0,0,success,success
balance,cbf,off_diagonal_report_only,142,124,1,1,0,0,success,success
balance,cbf,off_diagonal_report_only,142,125,1,1,0,0,success,success
balance,cbf,off_diagonal_report_only,142,126,1,1,0,0,success,success
balance,cbf,off_diagonal_report_only,142,127,1,1,0,0,success,success
balance,cbf,off_diagonal_report_only,142,128,0,0,1,1,non_lateral_high_cbf_demand,non_lateral_high_cbf_demand
balance,cbf,off_diagonal_report_only,142,129,0,0,1,1,non_lateral_high_cbf_demand,non_lateral_high_cbf_demand
balance,cbf,off_diagonal_report_only,142,130,0,0,1,1,non_lateral_high_cbf_demand,non_lateral_high_cbf_demand
balance,cbf,off_diagonal_report_only,142,131,0,0,1,1,lateral_heading_drift,lateral_heading_drift
balance,cbf,off_diagonal_report_only,142,132,0,0,1,1,non_lateral_high_cbf_demand,lateral_heading_drift
balance,cbf,off_diagonal_report_only,142,133,0,0,1,1,lateral_heading_drift,non_lateral_high_cbf_demand
balance,cbf,off_diagonal_report_only,142,134,0,0,1,1,non_lateral_high_cbf_demand,non_lateral_high_cbf_demand
balance,cbf,off_diagonal_report_only,142,135,0,0,1,1,non_lateral_high_cbf_demand,non_lateral_high_cbf_demand
balance,cbf,off_diagonal_report_only,142,136,0,0,1,1,non_lateral_high_cbf_demand,non_lateral_high_cbf_demand
balance,cbf,off_diagonal_report_only,142,137,0,0,1,1,non_lateral_high_cbf_demand,non_lateral_high_cbf_demand
balance,cbf,off_diagonal_report_only,142,138,0,0,1,1,non_lateral_high_cbf_demand,non_lateral_high_cbf_demand
balance,cbf,off_diagonal_report_only,142,139,0,0,1,1,non_lateral_high_cbf_demand,non_lateral_high_cbf_demand
balance,cbf,off_diagonal_report_only,142,140,0,0,1,1,non_lateral_high_cbf_demand,lateral_heading_drift
balance,cbf,off_diagonal_report_only,142,141,0,0,1,1,non_lateral_high_cbf_demand,non_lateral_high_cbf_demand
balance,cbf,off_diagonal_report_only,142,142,0,0,1,1,lateral_heading_drift,non_lateral_high_cbf_demand
balance,cbf,off_diagonal_report_only,142,143,0,0,1,1,non_lateral_high_cbf_demand,lateral_heading_drift
balance,cbf,off_diagonal_report_only,142,144,0,0,1,1,non_lateral_high_cbf_demand,non_lateral_high_cbf_demand
balance,cbf,off_diagonal_report_only,142,145,0,0,1,1,non_lateral_high_cbf_demand,non_lateral_balance_or_phase
balance,cbf,off_diagonal_report_only,142,146,0,0,1,1,non_lateral_high_cbf_demand,non_lateral_high_cbf_demand
balance,cbf,off_diagonal_report_only,142,147,0,1,1,0,non_lateral_high_cbf_demand,success
balance,cbf,off_diagonal_report_only,142,148,0,0,1,1,non_lateral_high_cbf_demand,non_lateral_high_cbf_demand
balance,cbf,off_diagonal_report_only,142,149,0,0,1,1,non_lateral_high_cbf_demand,non_lateral_high_cbf_demand
balance,cbf,off_diagonal_report_only,142,150,0,1,1,0,non_lateral_high_cbf_demand,success
balance,cbf,off_diagonal_report_only,142,151,0,0,1,1,lateral_heading_drift,lateral_heading_drift
balance,cbf,off_diagonal_report_only,142,152,0,0,1,1,lateral_heading_drift,lateral_heading_drift
balance,cbf,off_diagonal_report_only,142,153,0,0,1,1,non_lateral_high_cbf_demand,non_lateral_high_cbf_demand
balance,cbf,off_diagonal_report_only,142,154,0,1,1,0,non_lateral_high_cbf_demand,success
balance,cbf,off_diagonal_report_only,142,155,0,1,1,0,lateral_heading_drift,success
balance,cbf,off_diagonal_report_only,142,156,1,1,0,0,success,success
balance,cbf,off_diagonal_report_only,142,157,0,1,1,0,lateral_heading_drift,success
balance,cbf,off_diagonal_report_only,142,158,0,1,1,0,non_lateral_high_cbf_demand,success
balance,cbf,off_diagonal_report_only,142,159,1,1,0,0,success,success
balance,cbf,off_diagonal_report_only,142,160,1,1,0,0,success,success
balance,cbf,off_diagonal_report_only,142,161,1,1,0,0,success,success
balance,cbf,off_diagonal_report_only,142,162,1,1,0,0,success,success
balance,cbf,off_diagonal_report_only,142,163,1,1,0,0,success,success
balance,cbf,off_diagonal_report_only,142,164,1,1,0,0,success,success
balance,cbf,off_diagonal_report_only,142,165,1,0,0,1,success,lateral_heading_drift
balance,cbf,off_diagonal_report_only,142,166,1,1,0,0,success,success
balance,cbf,off_diagonal_report_only,142,167,1,1,0,0,success,success
balance,cbf,off_diagonal_report_only,142,168,1,1,0,0,success,success
balance,cbf,off_diagonal_report_only,142,169,1,1,0,0,success,success
balance,cbf,off_diagonal_report_only,142,170,1,1,0,0,success,success
balance,cbf,off_diagonal_report_only,142,171,1,0,0,1,success,lateral_heading_drift
balance,cbf,off_diagonal_report_only,142,172,1,1,0,0,success,success
balance,cbf,off_diagonal_report_only,142,173,0,1,1,0,non_lateral_high_cbf_demand,success
balance,cbf,off_diagonal_report_only,142,174,1,1,0,0,success,success
balance,cbf,off_diagonal_report_only,142,175,1,1,0,0,success,success
balance,cbf,off_diagonal_report_only,142,176,1,1,0,0,success,success
balance,cbf,off_diagonal_report_only,142,177,1,1,0,0,success,success
balance,cbf,off_diagonal_report_only,142,178,1,1,0,0,success,success
balance,cbf,off_diagonal_report_only,142,179,1,1,0,0,success,success
balance,cbf,off_diagonal_report_only,142,180,1,1,0,0,success,success
balance,cbf,off_diagonal_report_only,142,181,1,1,0,0,success,success
balance,cbf,off_diagonal_report_only,142,182,1,1,0,0,success,success
balance,cbf,off_diagonal_report_only,142,183,1,1,0,0,success,success
balance,cbf,off_diagonal_report_only,142,184,1,1,0,0,success,success
balance,cbf,off_diagonal_report_only,142,185,1,1,0,0,success,success
balance,cbf,off_diagonal_report_only,142,186,1,1,0,0,success,success
balance,cbf,off_diagonal_report_only,142,187,1,1,0,0,success,success
balance,cbf,off_diagonal_report_only,142,188,0,1,1,0,non_lateral_high_cbf_demand,success
balance,cbf,off_diagonal_report_only,142,189,1,1,0,0,success,success
balance,cbf,off_diagonal_report_only,142,190,1,1,0,0,success,success
balance,cbf,off_diagonal_report_only,142,191,1,1,0,0,success,success
balance,cbf,off_diagonal_report_only,142,192,1,1,0,0,success,success
balance,cbf,off_diagonal_report_only,142,193,1,1,0,0,success,success
balance,cbf,off_diagonal_report_only,142,194,1,1,0,0,success,success
balance,cbf,off_diagonal_report_only,142,195,1,1,0,0,success,success
balance,cbf,off_diagonal_report_only,142,196,1,1,0,0,success,success
balance,cbf,off_diagonal_report_only,142,197,1,0,0,1,success,lateral_heading_drift
balance,cbf,off_diagonal_report_only,142,198,1,1,0,0,success,success
balance,cbf,off_diagonal_report_only,142,199,1,1,0,0,success,success
balance,cbf,off_diagonal_report_only,142,200,1,1,0,0,success,success
balance,cbf,off_diagonal_report_only,142,201,1,1,0,0,success,success
balance,cbf,off_diagonal_report_only,142,202,1,1,0,0,success,success
balance,cbf,off_diagonal_report_only,142,203,1,0,0,1,success,lateral_heading_drift
balance,cbf,off_diagonal_report_only,142,204,1,1,0,0,success,success
balance,cbf,off_diagonal_report_only,142,205,1,1,0,0,success,success
balance,cbf,off_diagonal_report_only,142,206,1,1,0,0,success,success
balance,cbf,off_diagonal_report_only,142,207,1,1,0,0,success,success
balance,cbf,off_diagonal_report_only,142,208,1,1,0,0,success,success
balance,cbf,off_diagonal_report_only,142,209,1,1,0,0,success,success
balance,cbf,off_diagonal_report_only,142,210,1,1,0,0,success,success
balance,cbf,off_diagonal_report_only,142,211,1,1,0,0,success,success
balance,cbf,off_diagonal_report_only,142,212,1,1,0,0,success,success
balance,cbf,off_diagonal_report_only,142,213,1,1,0,0,success,success
balance,cbf,off_diagonal_report_only,142,214,1,1,0,0,success,success
balance,cbf,off_diagonal_report_only,142,215,1,1,0,0,success,success
balance,cbf,off_diagonal_report_only,142,216,1,1,0,0,success,success
balance,cbf,off_diagonal_report_only,142,217,1,1,0,0,success,success
balance,cbf,off_diagonal_report_only,142,218,1,1,0,0,success,success
balance,cbf,off_diagonal_report_only,142,219,0,1,1,0,lateral_heading_drift,success
balance,cbf,off_diagonal_report_only,142,220,1,1,0,0,success,success
balance,cbf,off_diagonal_report_only,142,221,1,1,0,0,success,success
balance,cbf,off_diagonal_report_only,142,222,1,1,0,0,success,success
balance,cbf,off_diagonal_report_only,142,223,1,1,0,0,success,success
balance,cbf,off_diagonal_report_only,142,224,1,1,0,0,success,success
balance,cbf,off_diagonal_report_only,142,225,1,1,0,0,success,success
balance,cbf,off_diagonal_report_only,142,226,1,1,0,0,success,success
balance,cbf,off_diagonal_report_only,142,227,1,1,0,0,success,success
balance,cbf,off_diagonal_report_only,142,228,1,1,0,0,success,success
balance,cbf,off_diagonal_report_only,142,229,1,1,0,0,success,success
balance,cbf,off_diagonal_report_only,142,230,1,0,0,1,success,non_lateral_high_cbf_demand
balance,cbf,off_diagonal_report_only,142,231,1,1,0,0,success,success
balance,cbf,off_diagonal_report_only,142,232,1,1,0,0,success,success
balance,cbf,off_diagonal_report_only,142,233,1,1,0,0,success,success
balance,cbf,off_diagonal_report_only,142,234,1,1,0,0,success,success
balance,cbf,off_diagonal_report_only,142,235,1,0,0,1,success,lateral_heading_drift
balance,cbf,off_diagonal_report_only,142,236,1,1,0,0,success,success
balance,cbf,off_diagonal_report_only,142,237,1,1,0,0,success,success
balance,cbf,off_diagonal_report_only,142,238,0,1,1,0,lateral_heading_drift,success
balance,cbf,off_diagonal_report_only,142,239,1,1,0,0,success,success
balance,cbf,off_diagonal_report_only,142,240,1,1,0,0,success,success
balance,cbf,off_diagonal_report_only,142,241,1,1,0,0,success,success
balance,cbf,off_diagonal_report_only,142,242,1,1,0,0,success,success
balance,cbf,off_diagonal_report_only,142,243,1,1,0,0,success,success
balance,cbf,off_diagonal_report_only,142,244,1,1,0,0,success,success
balance,cbf,off_diagonal_report_only,142,245,1,1,0,0,success,success
balance,cbf,off_diagonal_report_only,142,246,1,1,0,0,success,success
balance,cbf,off_diagonal_report_only,142,247,1,1,0,0,success,success
balance,cbf,off_diagonal_report_only,142,248,1,0,0,1,success,lateral_heading_drift
balance,cbf,off_diagonal_report_only,142,249,1,1,0,0,success,success
balance,cbf,off_diagonal_report_only,142,250,1,1,0,0,success,success
balance,cbf,off_diagonal_report_only,142,251,1,1,0,0,success,success
balance,cbf,off_diagonal_report_only,142,252,1,1,0,0,success,success
balance,cbf,off_diagonal_report_only,142,253,1,1,0,0,success,success
balance,cbf,off_diagonal_report_only,142,254,0,1,1,0,lateral_heading_drift,success
balance,cbf,off_diagonal_report_only,142,255,1,1,0,0,success,success
balance,balance,diagonal_primary,142,0,0,0,1,1,non_lateral_balance_or_phase,non_lateral_balance_or_phase
balance,balance,diagonal_primary,142,1,0,0,1,1,non_lateral_balance_or_phase,non_lateral_balance_or_phase
balance,balance,diagonal_primary,142,2,0,0,1,1,non_lateral_balance_or_phase,non_lateral_balance_or_phase
balance,balance,diagonal_primary,142,3,0,0,1,1,non_lateral_balance_or_phase,non_lateral_balance_or_phase
balance,balance,diagonal_primary,142,4,0,0,1,1,lateral_heading_drift,non_lateral_balance_or_phase
balance,balance,diagonal_primary,142,5,0,0,1,1,non_lateral_balance_or_phase,non_lateral_balance_or_phase
balance,balance,diagonal_primary,142,6,0,0,1,1,lateral_heading_drift,non_lateral_high_cbf_demand
balance,balance,diagonal_primary,142,7,0,0,1,1,non_lateral_balance_or_phase,non_lateral_balance_or_phase
balance,balance,diagonal_primary,142,8,0,0,1,1,lateral_heading_drift,non_lateral_balance_or_phase
balance,balance,diagonal_primary,142,9,0,0,1,1,non_lateral_balance_or_phase,non_lateral_balance_or_phase
balance,balance,diagonal_primary,142,10,0,0,1,1,non_lateral_balance_or_phase,lateral_heading_drift
balance,balance,diagonal_primary,142,11,0,0,1,1,lateral_heading_drift,non_lateral_balance_or_phase
balance,balance,diagonal_primary,142,12,0,0,1,1,lateral_heading_drift,non_lateral_balance_or_phase
balance,balance,diagonal_primary,142,13,0,0,1,1,non_lateral_balance_or_phase,non_lateral_balance_or_phase
balance,balance,diagonal_primary,142,14,0,0,1,1,non_lateral_balance_or_phase,lateral_heading_drift
balance,balance,diagonal_primary,142,15,0,0,1,1,non_lateral_balance_or_phase,lateral_heading_drift
balance,balance,diagonal_primary,142,16,0,1,1,0,non_lateral_balance_or_phase,success
balance,balance,diagonal_primary,142,17,0,1,1,0,non_lateral_high_cbf_demand,success
balance,balance,diagonal_primary,142,18,0,0,1,1,non_lateral_high_cbf_demand,non_lateral_balance_or_phase
balance,balance,diagonal_primary,142,19,0,1,1,0,non_lateral_balance_or_phase,success
balance,balance,diagonal_primary,142,20,0,1,1,0,non_lateral_high_cbf_demand,success
balance,balance,diagonal_primary,142,21,0,0,1,1,non_lateral_high_cbf_demand,non_lateral_balance_or_phase
balance,balance,diagonal_primary,142,22,0,1,1,0,non_lateral_high_cbf_demand,success
balance,balance,diagonal_primary,142,23,0,1,1,0,non_lateral_balance_or_phase,success
balance,balance,diagonal_primary,142,24,0,0,1,1,non_lateral_balance_or_phase,lateral_heading_drift
balance,balance,diagonal_primary,142,25,0,1,1,0,non_lateral_balance_or_phase,success
balance,balance,diagonal_primary,142,26,0,1,1,0,non_lateral_high_cbf_demand,success
balance,balance,diagonal_primary,142,27,1,1,0,0,success,success
balance,balance,diagonal_primary,142,28,1,1,0,0,success,success
balance,balance,diagonal_primary,142,29,0,1,1,0,non_lateral_balance_or_phase,success
balance,balance,diagonal_primary,142,30,1,1,0,0,success,success
balance,balance,diagonal_primary,142,31,1,1,0,0,success,success
balance,balance,diagonal_primary,142,32,1,1,0,0,success,success
balance,balance,diagonal_primary,142,33,1,1,0,0,success,success
balance,balance,diagonal_primary,142,34,1,1,0,0,success,success
balance,balance,diagonal_primary,142,35,1,1,0,0,success,success
balance,balance,diagonal_primary,142,36,1,1,0,0,success,success
balance,balance,diagonal_primary,142,37,1,1,0,0,success,success
balance,balance,diagonal_primary,142,38,1,1,0,0,success,success
balance,balance,diagonal_primary,142,39,1,1,0,0,success,success
balance,balance,diagonal_primary,142,40,1,1,0,0,success,success
balance,balance,diagonal_primary,142,41,1,1,0,0,success,success
balance,balance,diagonal_primary,142,42,1,1,0,0,success,success
balance,balance,diagonal_primary,142,43,1,1,0,0,success,success
balance,balance,diagonal_primary,142,44,1,1,0,0,success,success
balance,balance,diagonal_primary,142,45,1,0,0,1,success,lateral_heading_drift
balance,balance,diagonal_primary,142,46,1,1,0,0,success,success
balance,balance,diagonal_primary,142,47,0,1,1,0,non_lateral_balance_or_phase,success
balance,balance,diagonal_primary,142,48,1,1,0,0,success,success
balance,balance,diagonal_primary,142,49,1,1,0,0,success,success
balance,balance,diagonal_primary,142,50,1,1,0,0,success,success
balance,balance,diagonal_primary,142,51,1,1,0,0,success,success
balance,balance,diagonal_primary,142,52,1,1,0,0,success,success
balance,balance,diagonal_primary,142,53,1,1,0,0,success,success
balance,balance,diagonal_primary,142,54,1,1,0,0,success,success
balance,balance,diagonal_primary,142,55,1,1,0,0,success,success
balance,balance,diagonal_primary,142,56,1,1,0,0,success,success
balance,balance,diagonal_primary,142,57,1,1,0,0,success,success
balance,balance,diagonal_primary,142,58,1,1,0,0,success,success
balance,balance,diagonal_primary,142,59,1,1,0,0,success,success
balance,balance,diagonal_primary,142,60,1,1,0,0,success,success
balance,balance,diagonal_primary,142,61,0,1,1,0,lateral_heading_drift,success
balance,balance,diagonal_primary,142,62,0,1,1,0,non_lateral_high_cbf_demand,success
balance,balance,diagonal_primary,142,63,1,1,0,0,success,success
balance,balance,diagonal_primary,142,64,1,1,0,0,success,success
balance,balance,diagonal_primary,142,65,1,1,0,0,success,success
balance,balance,diagonal_primary,142,66,1,1,0,0,success,success
balance,balance,diagonal_primary,142,67,1,1,0,0,success,success
balance,balance,diagonal_primary,142,68,1,1,0,0,success,success
balance,balance,diagonal_primary,142,69,1,1,0,0,success,success
balance,balance,diagonal_primary,142,70,1,1,0,0,success,success
balance,balance,diagonal_primary,142,71,1,1,0,0,success,success
balance,balance,diagonal_primary,142,72,1,1,0,0,success,success
balance,balance,diagonal_primary,142,73,1,1,0,0,success,success
balance,balance,diagonal_primary,142,74,1,1,0,0,success,success
balance,balance,diagonal_primary,142,75,1,1,0,0,success,success
balance,balance,diagonal_primary,142,76,1,1,0,0,success,success
balance,balance,diagonal_primary,142,77,1,1,0,0,success,success
balance,balance,diagonal_primary,142,78,1,1,0,0,success,success
balance,balance,diagonal_primary,142,79,0,1,1,0,non_lateral_balance_or_phase,success
balance,balance,diagonal_primary,142,80,1,1,0,0,success,success
balance,balance,diagonal_primary,142,81,1,1,0,0,success,success
balance,balance,diagonal_primary,142,82,1,1,0,0,success,success
balance,balance,diagonal_primary,142,83,1,1,0,0,success,success
balance,balance,diagonal_primary,142,84,1,1,0,0,success,success
balance,balance,diagonal_primary,142,85,1,1,0,0,success,success
balance,balance,diagonal_primary,142,86,1,1,0,0,success,success
balance,balance,diagonal_primary,142,87,0,1,1,0,lateral_heading_drift,success
balance,balance,diagonal_primary,142,88,1,1,0,0,success,success
balance,balance,diagonal_primary,142,89,1,1,0,0,success,success
balance,balance,diagonal_primary,142,90,1,0,0,1,success,lateral_heading_drift
balance,balance,diagonal_primary,142,91,1,1,0,0,success,success
balance,balance,diagonal_primary,142,92,1,1,0,0,success,success
balance,balance,diagonal_primary,142,93,1,1,0,0,success,success
balance,balance,diagonal_primary,142,94,1,1,0,0,success,success
balance,balance,diagonal_primary,142,95,1,1,0,0,success,success
balance,balance,diagonal_primary,142,96,1,1,0,0,success,success
balance,balance,diagonal_primary,142,97,1,1,0,0,success,success
balance,balance,diagonal_primary,142,98,1,1,0,0,success,success
balance,balance,diagonal_primary,142,99,1,1,0,0,success,success
balance,balance,diagonal_primary,142,100,1,1,0,0,success,success
balance,balance,diagonal_primary,142,101,1,1,0,0,success,success
balance,balance,diagonal_primary,142,102,1,0,0,1,success,non_lateral_high_cbf_demand
balance,balance,diagonal_primary,142,103,1,1,0,0,success,success
balance,balance,diagonal_primary,142,104,1,1,0,0,success,success
balance,balance,diagonal_primary,142,105,1,1,0,0,success,success
balance,balance,diagonal_primary,142,106,1,1,0,0,success,success
balance,balance,diagonal_primary,142,107,1,0,0,1,success,non_lateral_high_cbf_demand
balance,balance,diagonal_primary,142,108,1,1,0,0,success,success
balance,balance,diagonal_primary,142,109,1,1,0,0,success,success
balance,balance,diagonal_primary,142,110,1,1,0,0,success,success
balance,balance,diagonal_primary,142,111,1,1,0,0,success,success
balance,balance,diagonal_primary,142,112,1,1,0,0,success,success
balance,balance,diagonal_primary,142,113,1,1,0,0,success,success
balance,balance,diagonal_primary,142,114,1,1,0,0,success,success
balance,balance,diagonal_primary,142,115,1,1,0,0,success,success
balance,balance,diagonal_primary,142,116,1,1,0,0,success,success
balance,balance,diagonal_primary,142,117,1,1,0,0,success,success
balance,balance,diagonal_primary,142,118,1,1,0,0,success,success
balance,balance,diagonal_primary,142,119,1,1,0,0,success,success
balance,balance,diagonal_primary,142,120,1,1,0,0,success,success
balance,balance,diagonal_primary,142,121,1,1,0,0,success,success
balance,balance,diagonal_primary,142,122,1,1,0,0,success,success
balance,balance,diagonal_primary,142,123,1,1,0,0,success,success
balance,balance,diagonal_primary,142,124,1,1,0,0,success,success
balance,balance,diagonal_primary,142,125,1,1,0,0,success,success
balance,balance,diagonal_primary,142,126,1,1,0,0,success,success
balance,balance,diagonal_primary,142,127,1,1,0,0,success,success
balance,balance,diagonal_primary,142,128,0,0,1,1,non_lateral_high_cbf_demand,non_lateral_balance_or_phase
balance,balance,diagonal_primary,142,129,0,0,1,1,non_lateral_high_cbf_demand,non_lateral_balance_or_phase
balance,balance,diagonal_primary,142,130,0,0,1,1,non_lateral_balance_or_phase,non_lateral_balance_or_phase
balance,balance,diagonal_primary,142,131,0,0,1,1,non_lateral_balance_or_phase,non_lateral_balance_or_phase
balance,balance,diagonal_primary,142,132,0,0,1,1,non_lateral_balance_or_phase,non_lateral_high_cbf_demand
balance,balance,diagonal_primary,142,133,0,0,1,1,non_lateral_balance_or_phase,non_lateral_balance_or_phase
balance,balance,diagonal_primary,142,134,0,0,1,1,non_lateral_balance_or_phase,non_lateral_high_cbf_demand
balance,balance,diagonal_primary,142,135,0,0,1,1,non_lateral_balance_or_phase,non_lateral_balance_or_phase
balance,balance,diagonal_primary,142,136,0,0,1,1,non_lateral_balance_or_phase,lateral_heading_drift
balance,balance,diagonal_primary,142,137,0,0,1,1,non_lateral_high_cbf_demand,non_lateral_balance_or_phase
balance,balance,diagonal_primary,142,138,0,0,1,1,non_lateral_balance_or_phase,non_lateral_balance_or_phase
balance,balance,diagonal_primary,142,139,0,0,1,1,non_lateral_balance_or_phase,non_lateral_balance_or_phase
balance,balance,diagonal_primary,142,140,0,0,1,1,non_lateral_balance_or_phase,non_lateral_high_cbf_demand
balance,balance,diagonal_primary,142,141,0,0,1,1,non_lateral_balance_or_phase,non_lateral_high_cbf_demand
balance,balance,diagonal_primary,142,142,0,0,1,1,non_lateral_balance_or_phase,lateral_heading_drift
balance,balance,diagonal_primary,142,143,0,0,1,1,non_lateral_high_cbf_demand,non_lateral_balance_or_phase
balance,balance,diagonal_primary,142,144,0,0,1,1,non_lateral_balance_or_phase,lateral_heading_drift
balance,balance,diagonal_primary,142,145,0,1,1,0,non_lateral_balance_or_phase,success
balance,balance,diagonal_primary,142,146,0,1,1,0,lateral_heading_drift,success
balance,balance,diagonal_primary,142,147,0,1,1,0,non_lateral_high_cbf_demand,success
balance,balance,diagonal_primary,142,148,0,1,1,0,non_lateral_balance_or_phase,success
balance,balance,diagonal_primary,142,149,0,0,1,1,non_lateral_high_cbf_demand,non_lateral_balance_or_phase
balance,balance,diagonal_primary,142,150,1,1,0,0,success,success
balance,balance,diagonal_primary,142,151,1,1,0,0,success,success
balance,balance,diagonal_primary,142,152,1,1,0,0,success,success
balance,balance,diagonal_primary,142,153,1,1,0,0,success,success
balance,balance,diagonal_primary,142,154,1,1,0,0,success,success
balance,balance,diagonal_primary,142,155,1,1,0,0,success,success
balance,balance,diagonal_primary,142,156,1,1,0,0,success,success
balance,balance,diagonal_primary,142,157,1,1,0,0,success,success
balance,balance,diagonal_primary,142,158,0,1,1,0,lateral_heading_drift,success
balance,balance,diagonal_primary,142,159,1,1,0,0,success,success
balance,balance,diagonal_primary,142,160,0,1,1,0,non_lateral_balance_or_phase,success
balance,balance,diagonal_primary,142,161,1,1,0,0,success,success
balance,balance,diagonal_primary,142,162,1,0,0,1,success,lateral_heading_drift
balance,balance,diagonal_primary,142,163,1,1,0,0,success,success
balance,balance,diagonal_primary,142,164,1,1,0,0,success,success
balance,balance,diagonal_primary,142,165,0,1,1,0,lateral_heading_drift,success
balance,balance,diagonal_primary,142,166,1,1,0,0,success,success
balance,balance,diagonal_primary,142,167,1,1,0,0,success,success
balance,balance,diagonal_primary,142,168,1,1,0,0,success,success
balance,balance,diagonal_primary,142,169,1,1,0,0,success,success
balance,balance,diagonal_primary,142,170,1,0,0,1,success,non_lateral_balance_or_phase
balance,balance,diagonal_primary,142,171,1,0,0,1,success,lateral_heading_drift
balance,balance,diagonal_primary,142,172,1,1,0,0,success,success
balance,balance,diagonal_primary,142,173,1,0,0,1,success,non_lateral_balance_or_phase
balance,balance,diagonal_primary,142,174,1,1,0,0,success,success
balance,balance,diagonal_primary,142,175,1,1,0,0,success,success
balance,balance,diagonal_primary,142,176,0,1,1,0,non_lateral_high_cbf_demand,success
balance,balance,diagonal_primary,142,177,1,1,0,0,success,success
balance,balance,diagonal_primary,142,178,1,1,0,0,success,success
balance,balance,diagonal_primary,142,179,1,1,0,0,success,success
balance,balance,diagonal_primary,142,180,1,1,0,0,success,success
balance,balance,diagonal_primary,142,181,1,1,0,0,success,success
balance,balance,diagonal_primary,142,182,1,1,0,0,success,success
balance,balance,diagonal_primary,142,183,1,1,0,0,success,success
balance,balance,diagonal_primary,142,184,1,1,0,0,success,success
balance,balance,diagonal_primary,142,185,1,1,0,0,success,success
balance,balance,diagonal_primary,142,186,0,1,1,0,non_lateral_balance_or_phase,success
balance,balance,diagonal_primary,142,187,1,1,0,0,success,success
balance,balance,diagonal_primary,142,188,1,1,0,0,success,success
balance,balance,diagonal_primary,142,189,1,1,0,0,success,success
balance,balance,diagonal_primary,142,190,1,1,0,0,success,success
balance,balance,diagonal_primary,142,191,1,1,0,0,success,success
balance,balance,diagonal_primary,142,192,1,1,0,0,success,success
balance,balance,diagonal_primary,142,193,1,1,0,0,success,success
balance,balance,diagonal_primary,142,194,1,1,0,0,success,success
balance,balance,diagonal_primary,142,195,1,1,0,0,success,success
balance,balance,diagonal_primary,142,196,1,1,0,0,success,success
balance,balance,diagonal_primary,142,197,0,1,1,0,lateral_heading_drift,success
balance,balance,diagonal_primary,142,198,1,1,0,0,success,success
balance,balance,diagonal_primary,142,199,1,0,0,1,success,non_lateral_balance_or_phase
balance,balance,diagonal_primary,142,200,1,1,0,0,success,success
balance,balance,diagonal_primary,142,201,1,1,0,0,success,success
balance,balance,diagonal_primary,142,202,1,1,0,0,success,success
balance,balance,diagonal_primary,142,203,1,0,0,1,success,lateral_heading_drift
balance,balance,diagonal_primary,142,204,1,1,0,0,success,success
balance,balance,diagonal_primary,142,205,1,1,0,0,success,success
balance,balance,diagonal_primary,142,206,1,1,0,0,success,success
balance,balance,diagonal_primary,142,207,1,1,0,0,success,success
balance,balance,diagonal_primary,142,208,1,1,0,0,success,success
balance,balance,diagonal_primary,142,209,1,1,0,0,success,success
balance,balance,diagonal_primary,142,210,1,1,0,0,success,success
balance,balance,diagonal_primary,142,211,1,1,0,0,success,success
balance,balance,diagonal_primary,142,212,1,1,0,0,success,success
balance,balance,diagonal_primary,142,213,1,1,0,0,success,success
balance,balance,diagonal_primary,142,214,1,1,0,0,success,success
balance,balance,diagonal_primary,142,215,1,1,0,0,success,success
balance,balance,diagonal_primary,142,216,1,1,0,0,success,success
balance,balance,diagonal_primary,142,217,1,1,0,0,success,success
balance,balance,diagonal_primary,142,218,1,1,0,0,success,success
balance,balance,diagonal_primary,142,219,1,1,0,0,success,success
balance,balance,diagonal_primary,142,220,1,1,0,0,success,success
balance,balance,diagonal_primary,142,221,1,1,0,0,success,success
balance,balance,diagonal_primary,142,222,1,1,0,0,success,success
balance,balance,diagonal_primary,142,223,1,1,0,0,success,success
balance,balance,diagonal_primary,142,224,1,1,0,0,success,success
balance,balance,diagonal_primary,142,225,1,1,0,0,success,success
balance,balance,diagonal_primary,142,226,1,1,0,0,success,success
balance,balance,diagonal_primary,142,227,1,1,0,0,success,success
balance,balance,diagonal_primary,142,228,1,1,0,0,success,success
balance,balance,diagonal_primary,142,229,1,1,0,0,success,success
balance,balance,diagonal_primary,142,230,1,1,0,0,success,success
balance,balance,diagonal_primary,142,231,1,1,0,0,success,success
balance,balance,diagonal_primary,142,232,1,1,0,0,success,success
balance,balance,diagonal_primary,142,233,1,1,0,0,success,success
balance,balance,diagonal_primary,142,234,1,1,0,0,success,success
balance,balance,diagonal_primary,142,235,1,1,0,0,success,success
balance,balance,diagonal_primary,142,236,1,1,0,0,success,success
balance,balance,diagonal_primary,142,237,1,1,0,0,success,success
balance,balance,diagonal_primary,142,238,1,1,0,0,success,success
balance,balance,diagonal_primary,142,239,1,1,0,0,success,success
balance,balance,diagonal_primary,142,240,1,1,0,0,success,success
balance,balance,diagonal_primary,142,241,1,1,0,0,success,success
balance,balance,diagonal_primary,142,242,1,1,0,0,success,success
balance,balance,diagonal_primary,142,243,1,1,0,0,success,success
balance,balance,diagonal_primary,142,244,1,1,0,0,success,success
balance,balance,diagonal_primary,142,245,1,1,0,0,success,success
balance,balance,diagonal_primary,142,246,1,1,0,0,success,success
balance,balance,diagonal_primary,142,247,1,1,0,0,success,success
balance,balance,diagonal_primary,142,248,1,1,0,0,success,success
balance,balance,diagonal_primary,142,249,1,1,0,0,success,success
balance,balance,diagonal_primary,142,250,1,1,0,0,success,success
balance,balance,diagonal_primary,142,251,1,1,0,0,success,success
balance,balance,diagonal_primary,142,252,1,1,0,0,success,success
balance,balance,diagonal_primary,142,253,1,1,0,0,success,success
balance,balance,diagonal_primary,142,254,1,0,0,1,success,non_lateral_high_cbf_demand
balance,balance,diagonal_primary,142,255,1,1,0,0,success,success
balance,balance,diagonal_primary,142,256,0,0,1,1,non_lateral_balance_or_phase,non_lateral_balance_or_phase
balance,balance,diagonal_primary,142,257,0,0,1,1,non_lateral_balance_or_phase,non_lateral_balance_or_phase
balance,balance,diagonal_primary,142,258,0,0,1,1,non_lateral_balance_or_phase,non_lateral_balance_or_phase
balance,balance,diagonal_primary,142,259,0,0,1,1,non_lateral_balance_or_phase,non_lateral_balance_or_phase
balance,balance,diagonal_primary,142,260,0,0,1,1,lateral_heading_drift,non_lateral_balance_or_phase
balance,balance,diagonal_primary,142,261,0,0,1,1,lateral_heading_drift,non_lateral_balance_or_phase
balance,balance,diagonal_primary,142,262,0,0,1,1,non_lateral_balance_or_phase,non_lateral_balance_or_phase
balance,balance,diagonal_primary,142,263,0,0,1,1,non_lateral_balance_or_phase,non_lateral_balance_or_phase
balance,balance,diagonal_primary,142,264,0,0,1,1,non_lateral_balance_or_phase,non_lateral_high_cbf_demand
balance,balance,diagonal_primary,142,265,0,0,1,1,non_lateral_balance_or_phase,non_lateral_balance_or_phase
balance,balance,diagonal_primary,142,266,0,0,1,1,non_lateral_balance_or_phase,lateral_heading_drift
balance,balance,diagonal_primary,142,267,0,0,1,1,non_lateral_balance_or_phase,non_lateral_balance_or_phase
balance,balance,diagonal_primary,142,268,0,0,1,1,lateral_heading_drift,non_lateral_balance_or_phase
balance,balance,diagonal_primary,142,269,0,0,1,1,non_lateral_balance_or_phase,non_lateral_balance_or_phase
balance,balance,diagonal_primary,142,270,0,0,1,1,non_lateral_balance_or_phase,non_lateral_balance_or_phase
balance,balance,diagonal_primary,142,271,0,0,1,1,non_lateral_high_cbf_demand,non_lateral_balance_or_phase
balance,balance,diagonal_primary,142,272,1,0,0,1,success,non_lateral_balance_or_phase
balance,balance,diagonal_primary,142,273,1,0,0,1,success,lateral_heading_drift
balance,balance,diagonal_primary,142,274,1,0,0,1,success,non_lateral_high_cbf_demand
balance,balance,diagonal_primary,142,275,0,0,1,1,non_lateral_balance_or_phase,non_lateral_balance_or_phase
balance,balance,diagonal_primary,142,276,0,0,1,1,lateral_heading_drift,non_lateral_balance_or_phase
balance,balance,diagonal_primary,142,277,0,0,1,1,non_lateral_high_cbf_demand,non_lateral_high_cbf_demand
balance,balance,diagonal_primary,142,278,0,0,1,1,lateral_heading_drift,lateral_heading_drift
balance,balance,diagonal_primary,142,279,1,0,0,1,success,non_lateral_balance_or_phase
balance,balance,diagonal_primary,142,280,1,0,0,1,success,non_lateral_balance_or_phase
balance,balance,diagonal_primary,142,281,1,0,0,1,success,non_lateral_balance_or_phase
balance,balance,diagonal_primary,142,282,1,1,0,0,success,success
balance,balance,diagonal_primary,142,283,1,0,0,1,success,non_lateral_balance_or_phase
balance,balance,diagonal_primary,142,284,1,0,0,1,success,non_lateral_balance_or_phase
balance,balance,diagonal_primary,142,285,0,1,1,0,non_lateral_balance_or_phase,success
balance,balance,diagonal_primary,142,286,1,1,0,0,success,success
balance,balance,diagonal_primary,142,287,1,1,0,0,success,success
balance,balance,diagonal_primary,142,288,1,1,0,0,success,success
balance,balance,diagonal_primary,142,289,0,1,1,0,non_lateral_balance_or_phase,success
balance,balance,diagonal_primary,142,290,1,1,0,0,success,success
balance,balance,diagonal_primary,142,291,1,1,0,0,success,success
balance,balance,diagonal_primary,142,292,1,1,0,0,success,success
balance,balance,diagonal_primary,142,293,1,1,0,0,success,success
balance,balance,diagonal_primary,142,294,0,1,1,0,lateral_heading_drift,success
balance,balance,diagonal_primary,142,295,1,1,0,0,success,success
balance,balance,diagonal_primary,142,296,1,1,0,0,success,success
balance,balance,diagonal_primary,142,297,1,1,0,0,success,success
balance,balance,diagonal_primary,142,298,1,1,0,0,success,success
balance,balance,diagonal_primary,142,299,1,1,0,0,success,success
balance,balance,diagonal_primary,142,300,1,1,0,0,success,success
balance,balance,diagonal_primary,142,301,1,1,0,0,success,success
balance,balance,diagonal_primary,142,302,1,1,0,0,success,success
balance,balance,diagonal_primary,142,303,1,1,0,0,success,success
balance,balance,diagonal_primary,142,304,1,1,0,0,success,success
balance,balance,diagonal_primary,142,305,1,1,0,0,success,success
balance,balance,diagonal_primary,142,306,1,1,0,0,success,success
balance,balance,diagonal_primary,142,307,1,1,0,0,success,success
balance,balance,diagonal_primary,142,308,1,1,0,0,success,success
balance,balance,diagonal_primary,142,309,1,1,0,0,success,success
balance,balance,diagonal_primary,142,310,1,1,0,0,success,success
balance,balance,diagonal_primary,142,311,1,1,0,0,success,success
balance,balance,diagonal_primary,142,312,1,1,0,0,success,success
balance,balance,diagonal_primary,142,313,1,1,0,0,success,success
balance,balance,diagonal_primary,142,314,1,1,0,0,success,success
balance,balance,diagonal_primary,142,315,1,1,0,0,success,success
balance,balance,diagonal_primary,142,316,1,1,0,0,success,success
balance,balance,diagonal_primary,142,317,1,1,0,0,success,success
balance,balance,diagonal_primary,142,318,1,1,0,0,success,success
balance,balance,diagonal_primary,142,319,1,1,0,0,success,success
balance,balance,diagonal_primary,142,320,1,1,0,0,success,success
balance,balance,diagonal_primary,142,321,1,1,0,0,success,success
balance,balance,diagonal_primary,142,322,1,1,0,0,success,success
balance,balance,diagonal_primary,142,323,1,0,0,1,success,lateral_heading_drift
balance,balance,diagonal_primary,142,324,1,1,0,0,success,success
balance,balance,diagonal_primary,142,325,1,1,0,0,success,success
balance,balance,diagonal_primary,142,326,1,1,0,0,success,success
balance,balance,diagonal_primary,142,327,1,1,0,0,success,success
balance,balance,diagonal_primary,142,328,1,1,0,0,success,success
balance,balance,diagonal_primary,142,329,1,1,0,0,success,success
balance,balance,diagonal_primary,142,330,1,1,0,0,success,success
balance,balance,diagonal_primary,142,331,1,1,0,0,success,success
balance,balance,diagonal_primary,142,332,1,1,0,0,success,success
balance,balance,diagonal_primary,142,333,1,1,0,0,success,success
balance,balance,diagonal_primary,142,334,1,1,0,0,success,success
balance,balance,diagonal_primary,142,335,1,1,0,0,success,success
balance,balance,diagonal_primary,142,336,1,1,0,0,success,success
balance,balance,diagonal_primary,142,337,1,1,0,0,success,success
balance,balance,diagonal_primary,142,338,1,1,0,0,success,success
balance,balance,diagonal_primary,142,339,1,1,0,0,success,success
balance,balance,diagonal_primary,142,340,1,1,0,0,success,success
balance,balance,diagonal_primary,142,341,1,1,0,0,success,success
balance,balance,diagonal_primary,142,342,1,1,0,0,success,success
balance,balance,diagonal_primary,142,343,1,1,0,0,success,success
balance,balance,diagonal_primary,142,344,1,1,0,0,success,success
balance,balance,diagonal_primary,142,345,1,1,0,0,success,success
balance,balance,diagonal_primary,142,346,1,1,0,0,success,success
balance,balance,diagonal_primary,142,347,1,1,0,0,success,success
balance,balance,diagonal_primary,142,348,1,1,0,0,success,success
balance,balance,diagonal_primary,142,349,1,1,0,0,success,success
balance,balance,diagonal_primary,142,350,1,0,0,1,success,non_lateral_balance_or_phase
balance,balance,diagonal_primary,142,351,1,1,0,0,success,success
balance,balance,diagonal_primary,142,352,1,1,0,0,success,success
balance,balance,diagonal_primary,142,353,1,1,0,0,success,success
balance,balance,diagonal_primary,142,354,1,1,0,0,success,success
balance,balance,diagonal_primary,142,355,1,1,0,0,success,success
balance,balance,diagonal_primary,142,356,1,1,0,0,success,success
balance,balance,diagonal_primary,142,357,1,1,0,0,success,success
balance,balance,diagonal_primary,142,358,1,1,0,0,success,success
balance,balance,diagonal_primary,142,359,1,1,0,0,success,success
balance,balance,diagonal_primary,142,360,1,1,0,0,success,success
balance,balance,diagonal_primary,142,361,1,1,0,0,success,success
balance,balance,diagonal_primary,142,362,1,1,0,0,success,success
balance,balance,diagonal_primary,142,363,1,1,0,0,success,success
balance,balance,diagonal_primary,142,364,1,1,0,0,success,success
balance,balance,diagonal_primary,142,365,1,1,0,0,success,success
balance,balance,diagonal_primary,142,366,1,1,0,0,success,success
balance,balance,diagonal_primary,142,367,1,1,0,0,success,success
balance,balance,diagonal_primary,142,368,1,1,0,0,success,success
balance,balance,diagonal_primary,142,369,1,1,0,0,success,success
balance,balance,diagonal_primary,142,370,1,1,0,0,success,success
balance,balance,diagonal_primary,142,371,1,1,0,0,success,success
balance,balance,diagonal_primary,142,372,1,1,0,0,success,success
balance,balance,diagonal_primary,142,373,1,1,0,0,success,success
balance,balance,diagonal_primary,142,374,1,1,0,0,success,success
balance,balance,diagonal_primary,142,375,1,1,0,0,success,success
balance,balance,diagonal_primary,142,376,1,1,0,0,success,success
balance,balance,diagonal_primary,142,377,1,1,0,0,success,success
balance,balance,diagonal_primary,142,378,1,1,0,0,success,success
balance,balance,diagonal_primary,142,379,1,1,0,0,success,success
balance,balance,diagonal_primary,142,380,1,1,0,0,success,success
balance,balance,diagonal_primary,142,381,0,1,1,0,lateral_heading_drift,success
balance,balance,diagonal_primary,142,382,1,1,0,0,success,success
balance,balance,diagonal_primary,142,383,1,1,0,0,success,success
balance,balance,diagonal_primary,142,384,0,0,1,1,non_lateral_balance_or_phase,non_lateral_balance_or_phase
balance,balance,diagonal_primary,142,385,0,0,1,1,non_lateral_balance_or_phase,non_lateral_high_cbf_demand
balance,balance,diagonal_primary,142,386,0,0,1,1,non_lateral_high_cbf_demand,lateral_heading_drift
balance,balance,diagonal_primary,142,387,0,0,1,1,non_lateral_balance_or_phase,non_lateral_balance_or_phase
balance,balance,diagonal_primary,142,388,0,0,1,1,non_lateral_high_cbf_demand,non_lateral_balance_or_phase
balance,balance,diagonal_primary,142,389,0,0,1,1,non_lateral_balance_or_phase,lateral_heading_drift
balance,balance,diagonal_primary,142,390,0,0,1,1,non_lateral_balance_or_phase,non_lateral_balance_or_phase
balance,balance,diagonal_primary,142,391,0,0,1,1,non_lateral_balance_or_phase,lateral_heading_drift
balance,balance,diagonal_primary,142,392,0,0,1,1,lateral_heading_drift,lateral_heading_drift
balance,balance,diagonal_primary,142,393,0,0,1,1,non_lateral_high_cbf_demand,lateral_heading_drift
balance,balance,diagonal_primary,142,394,0,0,1,1,non_lateral_high_cbf_demand,lateral_heading_drift
balance,balance,diagonal_primary,142,395,0,0,1,1,lateral_heading_drift,lateral_heading_drift
balance,balance,diagonal_primary,142,396,0,0,1,1,non_lateral_balance_or_phase,non_lateral_high_cbf_demand
balance,balance,diagonal_primary,142,397,0,0,1,1,lateral_heading_drift,lateral_heading_drift
balance,balance,diagonal_primary,142,398,0,1,1,0,lateral_heading_drift,success
balance,balance,diagonal_primary,142,399,0,0,1,1,non_lateral_balance_or_phase,lateral_heading_drift
balance,balance,diagonal_primary,142,400,0,1,1,0,lateral_heading_drift,success
balance,balance,diagonal_primary,142,401,0,1,1,0,lateral_heading_drift,success
balance,balance,diagonal_primary,142,402,0,1,1,0,lateral_heading_drift,success
balance,balance,diagonal_primary,142,403,1,1,0,0,success,success
balance,balance,diagonal_primary,142,404,1,1,0,0,success,success
balance,balance,diagonal_primary,142,405,1,1,0,0,success,success
balance,balance,diagonal_primary,142,406,1,1,0,0,success,success
balance,balance,diagonal_primary,142,407,1,0,0,1,success,non_lateral_balance_or_phase
balance,balance,diagonal_primary,142,408,1,1,0,0,success,success
balance,balance,diagonal_primary,142,409,1,1,0,0,success,success
balance,balance,diagonal_primary,142,410,1,1,0,0,success,success
balance,balance,diagonal_primary,142,411,1,1,0,0,success,success
balance,balance,diagonal_primary,142,412,1,1,0,0,success,success
balance,balance,diagonal_primary,142,413,1,1,0,0,success,success
balance,balance,diagonal_primary,142,414,1,1,0,0,success,success
balance,balance,diagonal_primary,142,415,0,1,1,0,lateral_heading_drift,success
balance,balance,diagonal_primary,142,416,1,1,0,0,success,success
balance,balance,diagonal_primary,142,417,1,1,0,0,success,success
balance,balance,diagonal_primary,142,418,1,1,0,0,success,success
balance,balance,diagonal_primary,142,419,1,1,0,0,success,success
balance,balance,diagonal_primary,142,420,1,1,0,0,success,success
balance,balance,diagonal_primary,142,421,1,1,0,0,success,success
balance,balance,diagonal_primary,142,422,1,1,0,0,success,success
balance,balance,diagonal_primary,142,423,1,1,0,0,success,success
balance,balance,diagonal_primary,142,424,1,1,0,0,success,success
balance,balance,diagonal_primary,142,425,1,1,0,0,success,success
balance,balance,diagonal_primary,142,426,1,1,0,0,success,success
balance,balance,diagonal_primary,142,427,1,1,0,0,success,success
balance,balance,diagonal_primary,142,428,1,1,0,0,success,success
balance,balance,diagonal_primary,142,429,1,1,0,0,success,success
balance,balance,diagonal_primary,142,430,1,1,0,0,success,success
balance,balance,diagonal_primary,142,431,1,1,0,0,success,success
balance,balance,diagonal_primary,142,432,1,1,0,0,success,success
balance,balance,diagonal_primary,142,433,1,1,0,0,success,success
balance,balance,diagonal_primary,142,434,1,1,0,0,success,success
balance,balance,diagonal_primary,142,435,1,1,0,0,success,success
balance,balance,diagonal_primary,142,436,1,1,0,0,success,success
balance,balance,diagonal_primary,142,437,1,0,0,1,success,non_lateral_balance_or_phase
balance,balance,diagonal_primary,142,438,1,1,0,0,success,success
balance,balance,diagonal_primary,142,439,1,1,0,0,success,success
balance,balance,diagonal_primary,142,440,1,1,0,0,success,success
balance,balance,diagonal_primary,142,441,1,1,0,0,success,success
balance,balance,diagonal_primary,142,442,1,1,0,0,success,success
balance,balance,diagonal_primary,142,443,1,0,0,1,success,lateral_heading_drift
balance,balance,diagonal_primary,142,444,0,1,1,0,non_lateral_balance_or_phase,success
balance,balance,diagonal_primary,142,445,1,1,0,0,success,success
balance,balance,diagonal_primary,142,446,1,0,0,1,success,non_lateral_balance_or_phase
balance,balance,diagonal_primary,142,447,1,1,0,0,success,success
balance,balance,diagonal_primary,142,448,1,1,0,0,success,success
balance,balance,diagonal_primary,142,449,1,1,0,0,success,success
balance,balance,diagonal_primary,142,450,1,1,0,0,success,success
balance,balance,diagonal_primary,142,451,1,1,0,0,success,success
balance,balance,diagonal_primary,142,452,1,1,0,0,success,success
balance,balance,diagonal_primary,142,453,1,1,0,0,success,success
balance,balance,diagonal_primary,142,454,1,1,0,0,success,success
balance,balance,diagonal_primary,142,455,1,1,0,0,success,success
balance,balance,diagonal_primary,142,456,1,0,0,1,success,lateral_heading_drift
balance,balance,diagonal_primary,142,457,1,1,0,0,success,success
balance,balance,diagonal_primary,142,458,1,1,0,0,success,success
balance,balance,diagonal_primary,142,459,1,1,0,0,success,success
balance,balance,diagonal_primary,142,460,1,1,0,0,success,success
balance,balance,diagonal_primary,142,461,1,1,0,0,success,success
balance,balance,diagonal_primary,142,462,1,1,0,0,success,success
balance,balance,diagonal_primary,142,463,1,1,0,0,success,success
balance,balance,diagonal_primary,142,464,1,1,0,0,success,success
balance,balance,diagonal_primary,142,465,1,1,0,0,success,success
balance,balance,diagonal_primary,142,466,1,1,0,0,success,success
balance,balance,diagonal_primary,142,467,1,1,0,0,success,success
balance,balance,diagonal_primary,142,468,1,1,0,0,success,success
balance,balance,diagonal_primary,142,469,1,1,0,0,success,success
balance,balance,diagonal_primary,142,470,1,1,0,0,success,success
balance,balance,diagonal_primary,142,471,1,1,0,0,success,success
balance,balance,diagonal_primary,142,472,1,1,0,0,success,success
balance,balance,diagonal_primary,142,473,1,1,0,0,success,success
balance,balance,diagonal_primary,142,474,1,1,0,0,success,success
balance,balance,diagonal_primary,142,475,1,1,0,0,success,success
balance,balance,diagonal_primary,142,476,1,1,0,0,success,success
balance,balance,diagonal_primary,142,477,1,1,0,0,success,success
balance,balance,diagonal_primary,142,478,1,1,0,0,success,success
balance,balance,diagonal_primary,142,479,1,1,0,0,success,success
balance,balance,diagonal_primary,142,480,1,1,0,0,success,success
balance,balance,diagonal_primary,142,481,1,1,0,0,success,success
balance,balance,diagonal_primary,142,482,1,1,0,0,success,success
balance,balance,diagonal_primary,142,483,1,0,0,1,success,lateral_heading_drift
balance,balance,diagonal_primary,142,484,1,1,0,0,success,success
balance,balance,diagonal_primary,142,485,1,1,0,0,success,success
balance,balance,diagonal_primary,142,486,1,1,0,0,success,success
balance,balance,diagonal_primary,142,487,1,1,0,0,success,success
balance,balance,diagonal_primary,142,488,1,1,0,0,success,success
balance,balance,diagonal_primary,142,489,1,1,0,0,success,success
balance,balance,diagonal_primary,142,490,1,1,0,0,success,success
balance,balance,diagonal_primary,142,491,1,1,0,0,success,success
balance,balance,diagonal_primary,142,492,1,1,0,0,success,success
balance,balance,diagonal_primary,142,493,1,1,0,0,success,success
balance,balance,diagonal_primary,142,494,1,1,0,0,success,success
balance,balance,diagonal_primary,142,495,1,1,0,0,success,success
balance,balance,diagonal_primary,142,496,1,1,0,0,success,success
balance,balance,diagonal_primary,142,497,1,1,0,0,success,success
balance,balance,diagonal_primary,142,498,1,1,0,0,success,success
balance,balance,diagonal_primary,142,499,1,1,0,0,success,success
balance,balance,diagonal_primary,142,500,1,1,0,0,success,success
balance,balance,diagonal_primary,142,501,1,1,0,0,success,success
balance,balance,diagonal_primary,142,502,1,1,0,0,success,success
balance,balance,diagonal_primary,142,503,1,1,0,0,success,success
balance,balance,diagonal_primary,142,504,1,1,0,0,success,success
balance,balance,diagonal_primary,142,505,1,1,0,0,success,success
balance,balance,diagonal_primary,142,506,1,1,0,0,success,success
balance,balance,diagonal_primary,142,507,1,1,0,0,success,success
balance,balance,diagonal_primary,142,508,1,1,0,0,success,success
balance,balance,diagonal_primary,142,509,1,1,0,0,success,success
balance,balance,diagonal_primary,142,510,1,1,0,0,success,success
balance,balance,diagonal_primary,142,511,1,1,0,0,success,success
balance,D0,d0_catastrophic,142,0,0,0,1,1,non_lateral_balance_or_phase,non_lateral_high_cbf_demand
balance,D0,d0_catastrophic,142,1,1,0,0,1,success,non_lateral_high_cbf_demand
balance,D0,d0_catastrophic,142,2,1,0,0,1,success,non_lateral_balance_or_phase
balance,D0,d0_catastrophic,142,3,1,1,0,0,success,success
balance,D0,d0_catastrophic,142,4,1,1,0,0,success,success
balance,D0,d0_catastrophic,142,5,1,1,0,0,success,success
balance,D0,d0_catastrophic,142,6,1,1,0,0,success,success
balance,D0,d0_catastrophic,142,7,1,1,0,0,success,success
balance,D0,d0_catastrophic,142,8,1,1,0,0,success,success
balance,D0,d0_catastrophic,142,9,1,1,0,0,success,success
balance,D0,d0_catastrophic,142,10,1,1,0,0,success,success
balance,D0,d0_catastrophic,142,11,1,1,0,0,success,success
balance,D0,d0_catastrophic,142,12,1,1,0,0,success,success
balance,D0,d0_catastrophic,142,13,1,1,0,0,success,success
balance,D0,d0_catastrophic,142,14,1,1,0,0,success,success
balance,D0,d0_catastrophic,142,15,1,0,0,1,success,non_lateral_balance_or_phase
balance,D0,d0_catastrophic,142,16,1,1,0,0,success,success
balance,D0,d0_catastrophic,142,17,1,1,0,0,success,success
balance,D0,d0_catastrophic,142,18,1,1,0,0,success,success
balance,D0,d0_catastrophic,142,19,1,1,0,0,success,success
balance,D0,d0_catastrophic,142,20,1,1,0,0,success,success
balance,D0,d0_catastrophic,142,21,1,1,0,0,success,success
balance,D0,d0_catastrophic,142,22,1,1,0,0,success,success
balance,D0,d0_catastrophic,142,23,1,1,0,0,success,success
balance,D0,d0_catastrophic,142,24,1,1,0,0,success,success
balance,D0,d0_catastrophic,142,25,1,1,0,0,success,success
balance,D0,d0_catastrophic,142,26,1,1,0,0,success,success
balance,D0,d0_catastrophic,142,27,1,1,0,0,success,success
balance,D0,d0_catastrophic,142,28,1,1,0,0,success,success
balance,D0,d0_catastrophic,142,29,1,1,0,0,success,success
balance,D0,d0_catastrophic,142,30,1,1,0,0,success,success
balance,D0,d0_catastrophic,142,31,1,1,0,0,success,success
balance,D0,d0_catastrophic,142,32,1,1,0,0,success,success
balance,D0,d0_catastrophic,142,33,1,1,0,0,success,success
balance,D0,d0_catastrophic,142,34,1,1,0,0,success,success
balance,D0,d0_catastrophic,142,35,1,1,0,0,success,success
balance,D0,d0_catastrophic,142,36,1,1,0,0,success,success
balance,D0,d0_catastrophic,142,37,1,1,0,0,success,success
balance,D0,d0_catastrophic,142,38,1,1,0,0,success,success
balance,D0,d0_catastrophic,142,39,1,1,0,0,success,success
balance,D0,d0_catastrophic,142,40,1,1,0,0,success,success
balance,D0,d0_catastrophic,142,41,1,1,0,0,success,success
balance,D0,d0_catastrophic,142,42,1,1,0,0,success,success
balance,D0,d0_catastrophic,142,43,1,1,0,0,success,success
balance,D0,d0_catastrophic,142,44,1,1,0,0,success,success
balance,D0,d0_catastrophic,142,45,1,1,0,0,success,success
balance,D0,d0_catastrophic,142,46,1,1,0,0,success,success
balance,D0,d0_catastrophic,142,47,1,1,0,0,success,success
balance,D0,d0_catastrophic,142,48,1,1,0,0,success,success
balance,D0,d0_catastrophic,142,49,1,1,0,0,success,success
balance,D0,d0_catastrophic,142,50,1,1,0,0,success,success
balance,D0,d0_catastrophic,142,51,1,1,0,0,success,success
balance,D0,d0_catastrophic,142,52,1,1,0,0,success,success
balance,D0,d0_catastrophic,142,53,1,1,0,0,success,success
balance,D0,d0_catastrophic,142,54,1,1,0,0,success,success
balance,D0,d0_catastrophic,142,55,1,1,0,0,success,success
balance,D0,d0_catastrophic,142,56,1,1,0,0,success,success
balance,D0,d0_catastrophic,142,57,1,1,0,0,success,success
balance,D0,d0_catastrophic,142,58,1,1,0,0,success,success
balance,D0,d0_catastrophic,142,59,1,1,0,0,success,success
balance,D0,d0_catastrophic,142,60,1,1,0,0,success,success
balance,D0,d0_catastrophic,142,61,1,1,0,0,success,success
balance,D0,d0_catastrophic,142,62,1,1,0,0,success,success
balance,D0,d0_catastrophic,142,63,1,1,0,0,success,success
balance,D0,d0_catastrophic,142,64,1,1,0,0,success,success
balance,D0,d0_catastrophic,142,65,1,1,0,0,success,success
balance,D0,d0_catastrophic,142,66,1,1,0,0,success,success
balance,D0,d0_catastrophic,142,67,1,1,0,0,success,success
balance,D0,d0_catastrophic,142,68,1,1,0,0,success,success
balance,D0,d0_catastrophic,142,69,1,1,0,0,success,success
balance,D0,d0_catastrophic,142,70,1,1,0,0,success,success
balance,D0,d0_catastrophic,142,71,1,1,0,0,success,success
balance,D0,d0_catastrophic,142,72,1,1,0,0,success,success
balance,D0,d0_catastrophic,142,73,1,1,0,0,success,success
balance,D0,d0_catastrophic,142,74,1,1,0,0,success,success
balance,D0,d0_catastrophic,142,75,1,1,0,0,success,success
balance,D0,d0_catastrophic,142,76,1,1,0,0,success,success
balance,D0,d0_catastrophic,142,77,1,1,0,0,success,success
balance,D0,d0_catastrophic,142,78,1,1,0,0,success,success
balance,D0,d0_catastrophic,142,79,0,1,1,0,non_lateral_high_cbf_demand,success
balance,D0,d0_catastrophic,142,80,1,1,0,0,success,success
balance,D0,d0_catastrophic,142,81,1,1,0,0,success,success
balance,D0,d0_catastrophic,142,82,1,1,0,0,success,success
balance,D0,d0_catastrophic,142,83,1,1,0,0,success,success
balance,D0,d0_catastrophic,142,84,1,1,0,0,success,success
balance,D0,d0_catastrophic,142,85,1,1,0,0,success,success
balance,D0,d0_catastrophic,142,86,1,1,0,0,success,success
balance,D0,d0_catastrophic,142,87,1,1,0,0,success,success
balance,D0,d0_catastrophic,142,88,1,1,0,0,success,success
balance,D0,d0_catastrophic,142,89,1,1,0,0,success,success
balance,D0,d0_catastrophic,142,90,1,1,0,0,success,success
balance,D0,d0_catastrophic,142,91,1,1,0,0,success,success
balance,D0,d0_catastrophic,142,92,1,1,0,0,success,success
balance,D0,d0_catastrophic,142,93,1,1,0,0,success,success
balance,D0,d0_catastrophic,142,94,1,1,0,0,success,success
balance,D0,d0_catastrophic,142,95,1,1,0,0,success,success
balance,D0,d0_catastrophic,142,96,1,1,0,0,success,success
balance,D0,d0_catastrophic,142,97,1,1,0,0,success,success
balance,D0,d0_catastrophic,142,98,1,1,0,0,success,success
balance,D0,d0_catastrophic,142,99,1,1,0,0,success,success
balance,D0,d0_catastrophic,142,100,1,1,0,0,success,success
balance,D0,d0_catastrophic,142,101,1,1,0,0,success,success
balance,D0,d0_catastrophic,142,102,1,1,0,0,success,success
balance,D0,d0_catastrophic,142,103,1,1,0,0,success,success
balance,D0,d0_catastrophic,142,104,1,1,0,0,success,success
balance,D0,d0_catastrophic,142,105,1,1,0,0,success,success
balance,D0,d0_catastrophic,142,106,1,1,0,0,success,success
balance,D0,d0_catastrophic,142,107,1,1,0,0,success,success
balance,D0,d0_catastrophic,142,108,1,1,0,0,success,success
balance,D0,d0_catastrophic,142,109,1,1,0,0,success,success
balance,D0,d0_catastrophic,142,110,1,1,0,0,success,success
balance,D0,d0_catastrophic,142,111,1,1,0,0,success,success
balance,D0,d0_catastrophic,142,112,1,1,0,0,success,success
balance,D0,d0_catastrophic,142,113,1,1,0,0,success,success
balance,D0,d0_catastrophic,142,114,0,1,0,0,timeout_or_other_nonfall,success
balance,D0,d0_catastrophic,142,115,0,1,0,0,timeout_or_other_nonfall,success
balance,D0,d0_catastrophic,142,116,0,1,0,0,timeout_or_other_nonfall,success
balance,D0,d0_catastrophic,142,117,0,1,0,0,timeout_or_other_nonfall,success
balance,D0,d0_catastrophic,142,118,0,1,0,0,timeout_or_other_nonfall,success
balance,D0,d0_catastrophic,142,119,0,0,0,0,timeout_or_other_nonfall,timeout_or_other_nonfall
balance,D0,d0_catastrophic,142,120,0,0,0,0,timeout_or_other_nonfall,timeout_or_other_nonfall
balance,D0,d0_catastrophic,142,121,0,0,0,0,timeout_or_other_nonfall,timeout_or_other_nonfall
balance,D0,d0_catastrophic,142,122,0,0,0,0,timeout_or_other_nonfall,timeout_or_other_nonfall
balance,D0,d0_catastrophic,142,123,0,0,0,0,timeout_or_other_nonfall,timeout_or_other_nonfall
balance,D0,d0_catastrophic,142,124,0,0,0,0,timeout_or_other_nonfall,timeout_or_other_nonfall
balance,D0,d0_catastrophic,142,125,0,0,0,0,timeout_or_other_nonfall,timeout_or_other_nonfall
balance,D0,d0_catastrophic,142,126,0,0,0,0,timeout_or_other_nonfall,timeout_or_other_nonfall
balance,D0,d0_catastrophic,142,127,0,0,0,0,timeout_or_other_nonfall,timeout_or_other_nonfall
balance,D0,d0_catastrophic,142,128,0,1,1,0,non_lateral_balance_or_phase,success
balance,D0,d0_catastrophic,142,129,0,1,1,0,non_lateral_high_cbf_demand,success
balance,D0,d0_catastrophic,142,130,1,1,0,0,success,success
balance,D0,d0_catastrophic,142,131,1,1,0,0,success,success
balance,D0,d0_catastrophic,142,132,1,1,0,0,success,success
balance,D0,d0_catastrophic,142,133,1,1,0,0,success,success
balance,D0,d0_catastrophic,142,134,1,1,0,0,success,success
balance,D0,d0_catastrophic,142,135,1,1,0,0,success,success
balance,D0,d0_catastrophic,142,136,1,1,0,0,success,success
balance,D0,d0_catastrophic,142,137,1,1,0,0,success,success
balance,D0,d0_catastrophic,142,138,1,1,0,0,success,success
balance,D0,d0_catastrophic,142,139,1,1,0,0,success,success
balance,D0,d0_catastrophic,142,140,1,1,0,0,success,success
balance,D0,d0_catastrophic,142,141,1,1,0,0,success,success
balance,D0,d0_catastrophic,142,142,1,1,0,0,success,success
balance,D0,d0_catastrophic,142,143,1,1,0,0,success,success
balance,D0,d0_catastrophic,142,144,1,1,0,0,success,success
balance,D0,d0_catastrophic,142,145,1,1,0,0,success,success
balance,D0,d0_catastrophic,142,146,1,1,0,0,success,success
balance,D0,d0_catastrophic,142,147,1,1,0,0,success,success
balance,D0,d0_catastrophic,142,148,1,1,0,0,success,success
balance,D0,d0_catastrophic,142,149,1,1,0,0,success,success
balance,D0,d0_catastrophic,142,150,1,1,0,0,success,success
balance,D0,d0_catastrophic,142,151,1,1,0,0,success,success
balance,D0,d0_catastrophic,142,152,1,1,0,0,success,success
balance,D0,d0_catastrophic,142,153,1,1,0,0,success,success
balance,D0,d0_catastrophic,142,154,1,1,0,0,success,success
balance,D0,d0_catastrophic,142,155,1,1,0,0,success,success
balance,D0,d0_catastrophic,142,156,1,1,0,0,success,success
balance,D0,d0_catastrophic,142,157,1,1,0,0,success,success
balance,D0,d0_catastrophic,142,158,1,1,0,0,success,success
balance,D0,d0_catastrophic,142,159,1,1,0,0,success,success
balance,D0,d0_catastrophic,142,160,1,1,0,0,success,success
balance,D0,d0_catastrophic,142,161,1,1,0,0,success,success
balance,D0,d0_catastrophic,142,162,1,1,0,0,success,success
balance,D0,d0_catastrophic,142,163,1,1,0,0,success,success
balance,D0,d0_catastrophic,142,164,1,1,0,0,success,success
balance,D0,d0_catastrophic,142,165,1,1,0,0,success,success
balance,D0,d0_catastrophic,142,166,1,1,0,0,success,success
balance,D0,d0_catastrophic,142,167,1,1,0,0,success,success
balance,D0,d0_catastrophic,142,168,1,1,0,0,success,success
balance,D0,d0_catastrophic,142,169,1,1,0,0,success,success
balance,D0,d0_catastrophic,142,170,1,1,0,0,success,success
balance,D0,d0_catastrophic,142,171,1,1,0,0,success,success
balance,D0,d0_catastrophic,142,172,1,1,0,0,success,success
balance,D0,d0_catastrophic,142,173,1,1,0,0,success,success
balance,D0,d0_catastrophic,142,174,1,1,0,0,success,success
balance,D0,d0_catastrophic,142,175,1,1,0,0,success,success
balance,D0,d0_catastrophic,142,176,1,1,0,0,success,success
balance,D0,d0_catastrophic,142,177,1,1,0,0,success,success
balance,D0,d0_catastrophic,142,178,1,1,0,0,success,success
balance,D0,d0_catastrophic,142,179,1,1,0,0,success,success
balance,D0,d0_catastrophic,142,180,1,1,0,0,success,success
balance,D0,d0_catastrophic,142,181,1,1,0,0,success,success
balance,D0,d0_catastrophic,142,182,1,1,0,0,success,success
balance,D0,d0_catastrophic,142,183,1,1,0,0,success,success
balance,D0,d0_catastrophic,142,184,1,1,0,0,success,success
balance,D0,d0_catastrophic,142,185,1,1,0,0,success,success
balance,D0,d0_catastrophic,142,186,1,1,0,0,success,success
balance,D0,d0_catastrophic,142,187,1,1,0,0,success,success
balance,D0,d0_catastrophic,142,188,1,1,0,0,success,success
balance,D0,d0_catastrophic,142,189,1,1,0,0,success,success
balance,D0,d0_catastrophic,142,190,1,1,0,0,success,success
balance,D0,d0_catastrophic,142,191,1,1,0,0,success,success
balance,D0,d0_catastrophic,142,192,1,1,0,0,success,success
balance,D0,d0_catastrophic,142,193,1,1,0,0,success,success
balance,D0,d0_catastrophic,142,194,1,1,0,0,success,success
balance,D0,d0_catastrophic,142,195,1,1,0,0,success,success
balance,D0,d0_catastrophic,142,196,1,1,0,0,success,success
balance,D0,d0_catastrophic,142,197,1,1,0,0,success,success
balance,D0,d0_catastrophic,142,198,1,1,0,0,success,success
balance,D0,d0_catastrophic,142,199,1,1,0,0,success,success
balance,D0,d0_catastrophic,142,200,1,1,0,0,success,success
balance,D0,d0_catastrophic,142,201,1,1,0,0,success,success
balance,D0,d0_catastrophic,142,202,1,1,0,0,success,success
balance,D0,d0_catastrophic,142,203,1,1,0,0,success,success
balance,D0,d0_catastrophic,142,204,1,1,0,0,success,success
balance,D0,d0_catastrophic,142,205,1,1,0,0,success,success
balance,D0,d0_catastrophic,142,206,1,1,0,0,success,success
balance,D0,d0_catastrophic,142,207,1,1,0,0,success,success
balance,D0,d0_catastrophic,142,208,1,1,0,0,success,success
balance,D0,d0_catastrophic,142,209,1,1,0,0,success,success
balance,D0,d0_catastrophic,142,210,1,1,0,0,success,success
balance,D0,d0_catastrophic,142,211,1,1,0,0,success,success
balance,D0,d0_catastrophic,142,212,1,1,0,0,success,success
balance,D0,d0_catastrophic,142,213,1,1,0,0,success,success
balance,D0,d0_catastrophic,142,214,1,1,0,0,success,success
balance,D0,d0_catastrophic,142,215,1,1,0,0,success,success
balance,D0,d0_catastrophic,142,216,1,1,0,0,success,success
balance,D0,d0_catastrophic,142,217,1,1,0,0,success,success
balance,D0,d0_catastrophic,142,218,1,1,0,0,success,success
balance,D0,d0_catastrophic,142,219,1,1,0,0,success,success
balance,D0,d0_catastrophic,142,220,1,1,0,0,success,success
balance,D0,d0_catastrophic,142,221,1,1,0,0,success,success
balance,D0,d0_catastrophic,142,222,1,1,0,0,success,success
balance,D0,d0_catastrophic,142,223,1,1,0,0,success,success
balance,D0,d0_catastrophic,142,224,1,1,0,0,success,success
balance,D0,d0_catastrophic,142,225,1,1,0,0,success,success
balance,D0,d0_catastrophic,142,226,1,1,0,0,success,success
balance,D0,d0_catastrophic,142,227,1,1,0,0,success,success
balance,D0,d0_catastrophic,142,228,1,1,0,0,success,success
balance,D0,d0_catastrophic,142,229,1,1,0,0,success,success
balance,D0,d0_catastrophic,142,230,1,1,0,0,success,success
balance,D0,d0_catastrophic,142,231,1,1,0,0,success,success
balance,D0,d0_catastrophic,142,232,1,1,0,0,success,success
balance,D0,d0_catastrophic,142,233,1,1,0,0,success,success
balance,D0,d0_catastrophic,142,234,1,1,0,0,success,success
balance,D0,d0_catastrophic,142,235,1,1,0,0,success,success
balance,D0,d0_catastrophic,142,236,1,1,0,0,success,success
balance,D0,d0_catastrophic,142,237,1,1,0,0,success,success
balance,D0,d0_catastrophic,142,238,1,1,0,0,success,success
balance,D0,d0_catastrophic,142,239,1,1,0,0,success,success
balance,D0,d0_catastrophic,142,240,1,1,0,0,success,success
balance,D0,d0_catastrophic,142,241,1,1,0,0,success,success
balance,D0,d0_catastrophic,142,242,1,1,0,0,success,success
balance,D0,d0_catastrophic,142,243,1,1,0,0,success,success
balance,D0,d0_catastrophic,142,244,0,1,0,0,timeout_or_other_nonfall,success
balance,D0,d0_catastrophic,142,245,0,1,0,0,timeout_or_other_nonfall,success
balance,D0,d0_catastrophic,142,246,0,1,0,0,timeout_or_other_nonfall,success
balance,D0,d0_catastrophic,142,247,0,1,0,0,timeout_or_other_nonfall,success
balance,D0,d0_catastrophic,142,248,0,1,0,0,timeout_or_other_nonfall,success
balance,D0,d0_catastrophic,142,249,0,1,0,0,timeout_or_other_nonfall,success
balance,D0,d0_catastrophic,142,250,0,0,0,0,timeout_or_other_nonfall,timeout_or_other_nonfall
balance,D0,d0_catastrophic,142,251,0,0,0,0,timeout_or_other_nonfall,timeout_or_other_nonfall
balance,D0,d0_catastrophic,142,252,0,0,0,0,timeout_or_other_nonfall,timeout_or_other_nonfall
balance,D0,d0_catastrophic,142,253,0,0,0,0,timeout_or_other_nonfall,timeout_or_other_nonfall
balance,D0,d0_catastrophic,142,254,0,0,0,0,timeout_or_other_nonfall,timeout_or_other_nonfall
balance,D0,d0_catastrophic,142,255,0,0,0,0,timeout_or_other_nonfall,timeout_or_other_nonfall
balance,lateral,off_diagonal_report_only,242,0,0,0,1,1,non_lateral_balance_or_phase,lateral_heading_drift
balance,lateral,off_diagonal_report_only,242,1,0,0,1,1,lateral_heading_drift,non_lateral_high_cbf_demand
balance,lateral,off_diagonal_report_only,242,2,0,0,1,1,non_lateral_high_cbf_demand,lateral_heading_drift
balance,lateral,off_diagonal_report_only,242,3,0,0,1,1,lateral_heading_drift,lateral_heading_drift
balance,lateral,off_diagonal_report_only,242,4,0,0,1,1,lateral_heading_drift,lateral_heading_drift
balance,lateral,off_diagonal_report_only,242,5,0,0,1,1,lateral_heading_drift,non_lateral_balance_or_phase
balance,lateral,off_diagonal_report_only,242,6,0,0,1,1,lateral_heading_drift,lateral_heading_drift
balance,lateral,off_diagonal_report_only,242,7,0,0,1,1,non_lateral_high_cbf_demand,lateral_heading_drift
balance,lateral,off_diagonal_report_only,242,8,0,0,1,1,lateral_heading_drift,lateral_heading_drift
balance,lateral,off_diagonal_report_only,242,9,0,0,1,1,lateral_heading_drift,lateral_heading_drift
balance,lateral,off_diagonal_report_only,242,10,0,0,1,1,lateral_heading_drift,lateral_heading_drift
balance,lateral,off_diagonal_report_only,242,11,0,0,1,1,lateral_heading_drift,lateral_heading_drift
balance,lateral,off_diagonal_report_only,242,12,0,0,1,1,non_lateral_balance_or_phase,non_lateral_high_cbf_demand
balance,lateral,off_diagonal_report_only,242,13,0,1,1,0,lateral_heading_drift,success
balance,lateral,off_diagonal_report_only,242,14,0,1,1,0,non_lateral_high_cbf_demand,success
balance,lateral,off_diagonal_report_only,242,15,0,0,1,1,non_lateral_balance_or_phase,lateral_heading_drift
balance,lateral,off_diagonal_report_only,242,16,0,1,1,0,lateral_heading_drift,success
balance,lateral,off_diagonal_report_only,242,17,1,1,0,0,success,success
balance,lateral,off_diagonal_report_only,242,18,0,1,1,0,lateral_heading_drift,success
balance,lateral,off_diagonal_report_only,242,19,1,1,0,0,success,success
balance,lateral,off_diagonal_report_only,242,20,0,1,1,0,lateral_heading_drift,success
balance,lateral,off_diagonal_report_only,242,21,1,1,0,0,success,success
balance,lateral,off_diagonal_report_only,242,22,0,1,1,0,lateral_heading_drift,success
balance,lateral,off_diagonal_report_only,242,23,1,1,0,0,success,success
balance,lateral,off_diagonal_report_only,242,24,0,0,1,1,lateral_heading_drift,lateral_heading_drift
balance,lateral,off_diagonal_report_only,242,25,1,1,0,0,success,success
balance,lateral,off_diagonal_report_only,242,26,0,1,1,0,lateral_heading_drift,success
balance,lateral,off_diagonal_report_only,242,27,1,1,0,0,success,success
balance,lateral,off_diagonal_report_only,242,28,1,1,0,0,success,success
balance,lateral,off_diagonal_report_only,242,29,1,1,0,0,success,success
balance,lateral,off_diagonal_report_only,242,30,1,1,0,0,success,success
balance,lateral,off_diagonal_report_only,242,31,0,0,1,1,lateral_heading_drift,lateral_heading_drift
balance,lateral,off_diagonal_report_only,242,32,1,1,0,0,success,success
balance,lateral,off_diagonal_report_only,242,33,1,1,0,0,success,success
balance,lateral,off_diagonal_report_only,242,34,1,1,0,0,success,success
balance,lateral,off_diagonal_report_only,242,35,1,0,0,1,success,lateral_heading_drift
balance,lateral,off_diagonal_report_only,242,36,0,1,1,0,lateral_heading_drift,success
balance,lateral,off_diagonal_report_only,242,37,1,1,0,0,success,success
balance,lateral,off_diagonal_report_only,242,38,1,1,0,0,success,success
balance,lateral,off_diagonal_report_only,242,39,0,1,1,0,lateral_heading_drift,success
balance,lateral,off_diagonal_report_only,242,40,1,0,0,1,success,lateral_heading_drift
balance,lateral,off_diagonal_report_only,242,41,1,0,0,1,success,lateral_heading_drift
balance,lateral,off_diagonal_report_only,242,42,1,0,0,1,success,lateral_heading_drift
balance,lateral,off_diagonal_report_only,242,43,0,1,1,0,lateral_heading_drift,success
balance,lateral,off_diagonal_report_only,242,44,1,1,0,0,success,success
balance,lateral,off_diagonal_report_only,242,45,1,1,0,0,success,success
balance,lateral,off_diagonal_report_only,242,46,1,1,0,0,success,success
balance,lateral,off_diagonal_report_only,242,47,1,1,0,0,success,success
balance,lateral,off_diagonal_report_only,242,48,1,1,0,0,success,success
balance,lateral,off_diagonal_report_only,242,49,1,1,0,0,success,success
balance,lateral,off_diagonal_report_only,242,50,1,1,0,0,success,success
balance,lateral,off_diagonal_report_only,242,51,1,1,0,0,success,success
balance,lateral,off_diagonal_report_only,242,52,1,1,0,0,success,success
balance,lateral,off_diagonal_report_only,242,53,1,1,0,0,success,success
balance,lateral,off_diagonal_report_only,242,54,1,1,0,0,success,success
balance,lateral,off_diagonal_report_only,242,55,1,1,0,0,success,success
balance,lateral,off_diagonal_report_only,242,56,1,1,0,0,success,success
balance,lateral,off_diagonal_report_only,242,57,1,1,0,0,success,success
balance,lateral,off_diagonal_report_only,242,58,1,1,0,0,success,success
balance,lateral,off_diagonal_report_only,242,59,1,1,0,0,success,success
balance,lateral,off_diagonal_report_only,242,60,0,0,1,1,lateral_heading_drift,lateral_heading_drift
balance,lateral,off_diagonal_report_only,242,61,0,1,1,0,lateral_heading_drift,success
balance,lateral,off_diagonal_report_only,242,62,1,1,0,0,success,success
balance,lateral,off_diagonal_report_only,242,63,0,1,1,0,lateral_heading_drift,success
balance,lateral,off_diagonal_report_only,242,64,0,0,1,1,lateral_heading_drift,lateral_heading_drift
balance,lateral,off_diagonal_report_only,242,65,1,1,0,0,success,success
balance,lateral,off_diagonal_report_only,242,66,1,0,0,1,success,lateral_heading_drift
balance,lateral,off_diagonal_report_only,242,67,0,0,1,1,lateral_heading_drift,lateral_heading_drift
balance,lateral,off_diagonal_report_only,242,68,1,1,0,0,success,success
balance,lateral,off_diagonal_report_only,242,69,1,1,0,0,success,success
balance,lateral,off_diagonal_report_only,242,70,0,1,1,0,lateral_heading_drift,success
balance,lateral,off_diagonal_report_only,242,71,1,1,0,0,success,success
balance,lateral,off_diagonal_report_only,242,72,1,1,0,0,success,success
balance,lateral,off_diagonal_report_only,242,73,1,1,0,0,success,success
balance,lateral,off_diagonal_report_only,242,74,0,1,1,0,lateral_heading_drift,success
balance,lateral,off_diagonal_report_only,242,75,1,1,0,0,success,success
balance,lateral,off_diagonal_report_only,242,76,1,1,0,0,success,success
balance,lateral,off_diagonal_report_only,242,77,1,1,0,0,success,success
balance,lateral,off_diagonal_report_only,242,78,1,1,0,0,success,success
balance,lateral,off_diagonal_report_only,242,79,1,1,0,0,success,success
balance,lateral,off_diagonal_report_only,242,80,1,1,0,0,success,success
balance,lateral,off_diagonal_report_only,242,81,1,1,0,0,success,success
balance,lateral,off_diagonal_report_only,242,82,1,1,0,0,success,success
balance,lateral,off_diagonal_report_only,242,83,1,1,0,0,success,success
balance,lateral,off_diagonal_report_only,242,84,1,1,0,0,success,success
balance,lateral,off_diagonal_report_only,242,85,1,1,0,0,success,success
balance,lateral,off_diagonal_report_only,242,86,1,1,0,0,success,success
balance,lateral,off_diagonal_report_only,242,87,1,1,0,0,success,success
balance,lateral,off_diagonal_report_only,242,88,1,1,0,0,success,success
balance,lateral,off_diagonal_report_only,242,89,1,1,0,0,success,success
balance,lateral,off_diagonal_report_only,242,90,1,1,0,0,success,success
balance,lateral,off_diagonal_report_only,242,91,1,1,0,0,success,success
balance,lateral,off_diagonal_report_only,242,92,1,1,0,0,success,success
balance,lateral,off_diagonal_report_only,242,93,0,1,1,0,lateral_heading_drift,success
balance,lateral,off_diagonal_report_only,242,94,1,1,0,0,success,success
balance,lateral,off_diagonal_report_only,242,95,1,1,0,0,success,success
balance,lateral,off_diagonal_report_only,242,96,1,1,0,0,success,success
balance,lateral,off_diagonal_report_only,242,97,1,1,0,0,success,success
balance,lateral,off_diagonal_report_only,242,98,1,1,0,0,success,success
balance,lateral,off_diagonal_report_only,242,99,1,0,0,1,success,lateral_heading_drift
balance,lateral,off_diagonal_report_only,242,100,1,1,0,0,success,success
balance,lateral,off_diagonal_report_only,242,101,1,1,0,0,success,success
balance,lateral,off_diagonal_report_only,242,102,1,1,0,0,success,success
balance,lateral,off_diagonal_report_only,242,103,1,1,0,0,success,success
balance,lateral,off_diagonal_report_only,242,104,1,1,0,0,success,success
balance,lateral,off_diagonal_report_only,242,105,0,1,1,0,lateral_heading_drift,success
balance,lateral,off_diagonal_report_only,242,106,0,1,1,0,lateral_heading_drift,success
balance,lateral,off_diagonal_report_only,242,107,1,1,0,0,success,success
balance,lateral,off_diagonal_report_only,242,108,0,1,1,0,lateral_heading_drift,success
balance,lateral,off_diagonal_report_only,242,109,1,1,0,0,success,success
balance,lateral,off_diagonal_report_only,242,110,1,1,0,0,success,success
balance,lateral,off_diagonal_report_only,242,111,1,1,0,0,success,success
balance,lateral,off_diagonal_report_only,242,112,1,1,0,0,success,success
balance,lateral,off_diagonal_report_only,242,113,1,1,0,0,success,success
balance,lateral,off_diagonal_report_only,242,114,1,1,0,0,success,success
balance,lateral,off_diagonal_report_only,242,115,1,0,0,1,success,lateral_heading_drift
balance,lateral,off_diagonal_report_only,242,116,1,1,0,0,success,success
balance,lateral,off_diagonal_report_only,242,117,1,0,0,1,success,lateral_heading_drift
balance,lateral,off_diagonal_report_only,242,118,1,1,0,0,success,success
balance,lateral,off_diagonal_report_only,242,119,1,1,0,0,success,success
balance,lateral,off_diagonal_report_only,242,120,1,0,0,1,success,lateral_heading_drift
balance,lateral,off_diagonal_report_only,242,121,1,1,0,0,success,success
balance,lateral,off_diagonal_report_only,242,122,1,1,0,0,success,success
balance,lateral,off_diagonal_report_only,242,123,1,1,0,0,success,success
balance,lateral,off_diagonal_report_only,242,124,1,1,0,0,success,success
balance,lateral,off_diagonal_report_only,242,125,1,1,0,0,success,success
balance,lateral,off_diagonal_report_only,242,126,0,1,1,0,lateral_heading_drift,success
balance,lateral,off_diagonal_report_only,242,127,1,1,0,0,success,success
balance,lateral,off_diagonal_report_only,242,128,0,0,1,1,lateral_heading_drift,non_lateral_balance_or_phase
balance,lateral,off_diagonal_report_only,242,129,0,0,1,1,lateral_heading_drift,non_lateral_high_cbf_demand
balance,lateral,off_diagonal_report_only,242,130,0,0,1,1,lateral_heading_drift,lateral_heading_drift
balance,lateral,off_diagonal_report_only,242,131,0,0,1,1,lateral_heading_drift,lateral_heading_drift
balance,lateral,off_diagonal_report_only,242,132,0,0,1,1,non_lateral_high_cbf_demand,lateral_heading_drift
balance,lateral,off_diagonal_report_only,242,133,0,0,1,1,lateral_heading_drift,lateral_heading_drift
balance,lateral,off_diagonal_report_only,242,134,0,0,1,1,non_lateral_high_cbf_demand,non_lateral_high_cbf_demand
balance,lateral,off_diagonal_report_only,242,135,0,0,1,1,lateral_heading_drift,lateral_heading_drift
balance,lateral,off_diagonal_report_only,242,136,1,0,0,1,success,lateral_heading_drift
balance,lateral,off_diagonal_report_only,242,137,0,0,1,1,lateral_heading_drift,lateral_heading_drift
balance,lateral,off_diagonal_report_only,242,138,0,0,1,1,lateral_heading_drift,lateral_heading_drift
balance,lateral,off_diagonal_report_only,242,139,0,0,1,1,lateral_heading_drift,lateral_heading_drift
balance,lateral,off_diagonal_report_only,242,140,0,0,1,1,non_lateral_high_cbf_demand,lateral_heading_drift
balance,lateral,off_diagonal_report_only,242,141,0,0,1,1,lateral_heading_drift,lateral_heading_drift
balance,lateral,off_diagonal_report_only,242,142,0,0,1,1,lateral_heading_drift,lateral_heading_drift
balance,lateral,off_diagonal_report_only,242,143,0,1,1,0,lateral_heading_drift,success
balance,lateral,off_diagonal_report_only,242,144,0,1,1,0,non_lateral_balance_or_phase,success
balance,lateral,off_diagonal_report_only,242,145,1,0,0,1,success,non_lateral_high_cbf_demand
balance,lateral,off_diagonal_report_only,242,146,1,1,0,0,success,success
balance,lateral,off_diagonal_report_only,242,147,1,0,0,1,success,lateral_heading_drift
balance,lateral,off_diagonal_report_only,242,148,1,0,0,1,success,lateral_heading_drift
balance,lateral,off_diagonal_report_only,242,149,1,0,0,1,success,lateral_heading_drift
balance,lateral,off_diagonal_report_only,242,150,1,1,0,0,success,success
balance,lateral,off_diagonal_report_only,242,151,1,0,0,1,success,lateral_heading_drift
balance,lateral,off_diagonal_report_only,242,152,0,0,1,1,lateral_heading_drift,lateral_heading_drift
balance,lateral,off_diagonal_report_only,242,153,0,1,1,0,lateral_heading_drift,success
balance,lateral,off_diagonal_report_only,242,154,1,1,0,0,success,success
balance,lateral,off_diagonal_report_only,242,155,1,1,0,0,success,success
balance,lateral,off_diagonal_report_only,242,156,1,1,0,0,success,success
balance,lateral,off_diagonal_report_only,242,157,0,1,1,0,lateral_heading_drift,success
balance,lateral,off_diagonal_report_only,242,158,1,1,0,0,success,success
balance,lateral,off_diagonal_report_only,242,159,1,1,0,0,success,success
balance,lateral,off_diagonal_report_only,242,160,0,1,1,0,lateral_heading_drift,success
balance,lateral,off_diagonal_report_only,242,161,1,1,0,0,success,success
balance,lateral,off_diagonal_report_only,242,162,1,1,0,0,success,success
balance,lateral,off_diagonal_report_only,242,163,1,1,0,0,success,success
balance,lateral,off_diagonal_report_only,242,164,1,1,0,0,success,success
balance,lateral,off_diagonal_report_only,242,165,1,1,0,0,success,success
balance,lateral,off_diagonal_report_only,242,166,1,1,0,0,success,success
balance,lateral,off_diagonal_report_only,242,167,1,1,0,0,success,success
balance,lateral,off_diagonal_report_only,242,168,1,1,0,0,success,success
balance,lateral,off_diagonal_report_only,242,169,1,1,0,0,success,success
balance,lateral,off_diagonal_report_only,242,170,1,1,0,0,success,success
balance,lateral,off_diagonal_report_only,242,171,1,1,0,0,success,success
balance,lateral,off_diagonal_report_only,242,172,1,1,0,0,success,success
balance,lateral,off_diagonal_report_only,242,173,1,1,0,0,success,success
balance,lateral,off_diagonal_report_only,242,174,1,1,0,0,success,success
balance,lateral,off_diagonal_report_only,242,175,1,1,0,0,success,success
balance,lateral,off_diagonal_report_only,242,176,1,1,0,0,success,success
balance,lateral,off_diagonal_report_only,242,177,1,1,0,0,success,success
balance,lateral,off_diagonal_report_only,242,178,1,1,0,0,success,success
balance,lateral,off_diagonal_report_only,242,179,0,1,1,0,lateral_heading_drift,success
balance,lateral,off_diagonal_report_only,242,180,1,1,0,0,success,success
balance,lateral,off_diagonal_report_only,242,181,1,1,0,0,success,success
balance,lateral,off_diagonal_report_only,242,182,1,1,0,0,success,success
balance,lateral,off_diagonal_report_only,242,183,1,1,0,0,success,success
balance,lateral,off_diagonal_report_only,242,184,1,1,0,0,success,success
balance,lateral,off_diagonal_report_only,242,185,0,0,1,1,lateral_heading_drift,lateral_heading_drift
balance,lateral,off_diagonal_report_only,242,186,1,1,0,0,success,success
balance,lateral,off_diagonal_report_only,242,187,0,1,1,0,lateral_heading_drift,success
balance,lateral,off_diagonal_report_only,242,188,1,1,0,0,success,success
balance,lateral,off_diagonal_report_only,242,189,0,1,1,0,lateral_heading_drift,success
balance,lateral,off_diagonal_report_only,242,190,0,0,1,1,lateral_heading_drift,lateral_heading_drift
balance,lateral,off_diagonal_report_only,242,191,0,0,1,1,lateral_heading_drift,lateral_heading_drift
balance,lateral,off_diagonal_report_only,242,192,1,1,0,0,success,success
balance,lateral,off_diagonal_report_only,242,193,0,1,1,0,lateral_heading_drift,success
balance,lateral,off_diagonal_report_only,242,194,1,1,0,0,success,success
balance,lateral,off_diagonal_report_only,242,195,1,0,0,1,success,lateral_heading_drift
balance,lateral,off_diagonal_report_only,242,196,0,1,1,0,lateral_heading_drift,success
balance,lateral,off_diagonal_report_only,242,197,1,1,0,0,success,success
balance,lateral,off_diagonal_report_only,242,198,1,1,0,0,success,success
balance,lateral,off_diagonal_report_only,242,199,1,1,0,0,success,success
balance,lateral,off_diagonal_report_only,242,200,1,1,0,0,success,success
balance,lateral,off_diagonal_report_only,242,201,1,1,0,0,success,success
balance,lateral,off_diagonal_report_only,242,202,1,1,0,0,success,success
balance,lateral,off_diagonal_report_only,242,203,1,1,0,0,success,success
balance,lateral,off_diagonal_report_only,242,204,1,1,0,0,success,success
balance,lateral,off_diagonal_report_only,242,205,1,1,0,0,success,success
balance,lateral,off_diagonal_report_only,242,206,1,1,0,0,success,success
balance,lateral,off_diagonal_report_only,242,207,1,1,0,0,success,success
balance,lateral,off_diagonal_report_only,242,208,1,1,0,0,success,success
balance,lateral,off_diagonal_report_only,242,209,1,1,0,0,success,success
balance,lateral,off_diagonal_report_only,242,210,1,1,0,0,success,success
balance,lateral,off_diagonal_report_only,242,211,1,1,0,0,success,success
balance,lateral,off_diagonal_report_only,242,212,0,1,1,0,lateral_heading_drift,success
balance,lateral,off_diagonal_report_only,242,213,1,1,0,0,success,success
balance,lateral,off_diagonal_report_only,242,214,1,1,0,0,success,success
balance,lateral,off_diagonal_report_only,242,215,1,1,0,0,success,success
balance,lateral,off_diagonal_report_only,242,216,1,1,0,0,success,success
balance,lateral,off_diagonal_report_only,242,217,1,1,0,0,success,success
balance,lateral,off_diagonal_report_only,242,218,1,1,0,0,success,success
balance,lateral,off_diagonal_report_only,242,219,1,1,0,0,success,success
balance,lateral,off_diagonal_report_only,242,220,1,1,0,0,success,success
balance,lateral,off_diagonal_report_only,242,221,1,1,0,0,success,success
balance,lateral,off_diagonal_report_only,242,222,1,1,0,0,success,success
balance,lateral,off_diagonal_report_only,242,223,0,0,1,1,lateral_heading_drift,lateral_heading_drift
balance,lateral,off_diagonal_report_only,242,224,1,1,0,0,success,success
balance,lateral,off_diagonal_report_only,242,225,1,1,0,0,success,success
balance,lateral,off_diagonal_report_only,242,226,1,1,0,0,success,success
balance,lateral,off_diagonal_report_only,242,227,1,1,0,0,success,success
balance,lateral,off_diagonal_report_only,242,228,1,1,0,0,success,success
balance,lateral,off_diagonal_report_only,242,229,1,1,0,0,success,success
balance,lateral,off_diagonal_report_only,242,230,0,1,1,0,lateral_heading_drift,success
balance,lateral,off_diagonal_report_only,242,231,1,1,0,0,success,success
balance,lateral,off_diagonal_report_only,242,232,1,1,0,0,success,success
balance,lateral,off_diagonal_report_only,242,233,1,1,0,0,success,success
balance,lateral,off_diagonal_report_only,242,234,1,1,0,0,success,success
balance,lateral,off_diagonal_report_only,242,235,1,1,0,0,success,success
balance,lateral,off_diagonal_report_only,242,236,1,1,0,0,success,success
balance,lateral,off_diagonal_report_only,242,237,1,1,0,0,success,success
balance,lateral,off_diagonal_report_only,242,238,1,1,0,0,success,success
balance,lateral,off_diagonal_report_only,242,239,1,1,0,0,success,success
balance,lateral,off_diagonal_report_only,242,240,1,1,0,0,success,success
balance,lateral,off_diagonal_report_only,242,241,1,1,0,0,success,success
balance,lateral,off_diagonal_report_only,242,242,1,1,0,0,success,success
balance,lateral,off_diagonal_report_only,242,243,1,1,0,0,success,success
balance,lateral,off_diagonal_report_only,242,244,1,1,0,0,success,success
balance,lateral,off_diagonal_report_only,242,245,1,1,0,0,success,success
balance,lateral,off_diagonal_report_only,242,246,1,1,0,0,success,success
balance,lateral,off_diagonal_report_only,242,247,1,1,0,0,success,success
balance,lateral,off_diagonal_report_only,242,248,1,0,0,1,success,lateral_heading_drift
balance,lateral,off_diagonal_report_only,242,249,1,1,0,0,success,success
balance,lateral,off_diagonal_report_only,242,250,1,1,0,0,success,success
balance,lateral,off_diagonal_report_only,242,251,1,1,0,0,success,success
balance,lateral,off_diagonal_report_only,242,252,1,1,0,0,success,success
balance,lateral,off_diagonal_report_only,242,253,1,1,0,0,success,success
balance,lateral,off_diagonal_report_only,242,254,1,1,0,0,success,success
balance,lateral,off_diagonal_report_only,242,255,1,1,0,0,success,success
balance,cbf,off_diagonal_report_only,242,0,0,0,1,1,non_lateral_high_cbf_demand,non_lateral_balance_or_phase
balance,cbf,off_diagonal_report_only,242,1,0,0,1,1,lateral_heading_drift,non_lateral_high_cbf_demand
balance,cbf,off_diagonal_report_only,242,2,0,0,1,1,non_lateral_high_cbf_demand,non_lateral_balance_or_phase
balance,cbf,off_diagonal_report_only,242,3,0,0,1,1,non_lateral_balance_or_phase,non_lateral_high_cbf_demand
balance,cbf,off_diagonal_report_only,242,4,0,0,1,1,non_lateral_balance_or_phase,non_lateral_high_cbf_demand
balance,cbf,off_diagonal_report_only,242,5,0,0,1,1,non_lateral_high_cbf_demand,non_lateral_high_cbf_demand
balance,cbf,off_diagonal_report_only,242,6,0,0,1,1,non_lateral_high_cbf_demand,non_lateral_high_cbf_demand
balance,cbf,off_diagonal_report_only,242,7,0,0,1,1,non_lateral_high_cbf_demand,non_lateral_high_cbf_demand
balance,cbf,off_diagonal_report_only,242,8,0,0,1,1,non_lateral_high_cbf_demand,non_lateral_high_cbf_demand
balance,cbf,off_diagonal_report_only,242,9,0,0,1,1,non_lateral_high_cbf_demand,non_lateral_high_cbf_demand
balance,cbf,off_diagonal_report_only,242,10,0,0,1,1,non_lateral_high_cbf_demand,non_lateral_high_cbf_demand
balance,cbf,off_diagonal_report_only,242,11,0,0,1,1,non_lateral_high_cbf_demand,non_lateral_high_cbf_demand
balance,cbf,off_diagonal_report_only,242,12,0,0,1,1,non_lateral_high_cbf_demand,lateral_heading_drift
balance,cbf,off_diagonal_report_only,242,13,0,0,1,1,non_lateral_balance_or_phase,non_lateral_balance_or_phase
balance,cbf,off_diagonal_report_only,242,14,0,0,1,1,non_lateral_high_cbf_demand,non_lateral_high_cbf_demand
balance,cbf,off_diagonal_report_only,242,15,0,1,1,0,non_lateral_high_cbf_demand,success
balance,cbf,off_diagonal_report_only,242,16,0,0,1,1,non_lateral_high_cbf_demand,lateral_heading_drift
balance,cbf,off_diagonal_report_only,242,17,0,0,1,1,non_lateral_high_cbf_demand,non_lateral_high_cbf_demand
balance,cbf,off_diagonal_report_only,242,18,0,0,1,1,lateral_heading_drift,non_lateral_balance_or_phase
balance,cbf,off_diagonal_report_only,242,19,0,0,1,1,non_lateral_balance_or_phase,non_lateral_balance_or_phase
balance,cbf,off_diagonal_report_only,242,20,0,1,1,0,non_lateral_high_cbf_demand,success
balance,cbf,off_diagonal_report_only,242,21,0,1,1,0,non_lateral_high_cbf_demand,success
balance,cbf,off_diagonal_report_only,242,22,0,1,1,0,non_lateral_high_cbf_demand,success
balance,cbf,off_diagonal_report_only,242,23,0,1,1,0,non_lateral_balance_or_phase,success
balance,cbf,off_diagonal_report_only,242,24,0,1,1,0,lateral_heading_drift,success
balance,cbf,off_diagonal_report_only,242,25,0,1,1,0,non_lateral_balance_or_phase,success
balance,cbf,off_diagonal_report_only,242,26,0,1,1,0,non_lateral_high_cbf_demand,success
balance,cbf,off_diagonal_report_only,242,27,0,1,1,0,non_lateral_high_cbf_demand,success
balance,cbf,off_diagonal_report_only,242,28,0,1,1,0,non_lateral_high_cbf_demand,success
balance,cbf,off_diagonal_report_only,242,29,0,1,1,0,non_lateral_high_cbf_demand,success
balance,cbf,off_diagonal_report_only,242,30,1,1,0,0,success,success
balance,cbf,off_diagonal_report_only,242,31,1,1,0,0,success,success
balance,cbf,off_diagonal_report_only,242,32,0,1,1,0,lateral_heading_drift,success
balance,cbf,off_diagonal_report_only,242,33,1,1,0,0,success,success
balance,cbf,off_diagonal_report_only,242,34,0,1,1,0,non_lateral_high_cbf_demand,success
balance,cbf,off_diagonal_report_only,242,35,0,1,1,0,non_lateral_high_cbf_demand,success
balance,cbf,off_diagonal_report_only,242,36,1,1,0,0,success,success
balance,cbf,off_diagonal_report_only,242,37,0,1,1,0,non_lateral_high_cbf_demand,success
balance,cbf,off_diagonal_report_only,242,38,1,1,0,0,success,success
balance,cbf,off_diagonal_report_only,242,39,1,1,0,0,success,success
balance,cbf,off_diagonal_report_only,242,40,1,1,0,0,success,success
balance,cbf,off_diagonal_report_only,242,41,1,1,0,0,success,success
balance,cbf,off_diagonal_report_only,242,42,1,1,0,0,success,success
balance,cbf,off_diagonal_report_only,242,43,1,1,0,0,success,success
balance,cbf,off_diagonal_report_only,242,44,1,1,0,0,success,success
balance,cbf,off_diagonal_report_only,242,45,1,0,0,1,success,non_lateral_high_cbf_demand
balance,cbf,off_diagonal_report_only,242,46,1,1,0,0,success,success
balance,cbf,off_diagonal_report_only,242,47,1,1,0,0,success,success
balance,cbf,off_diagonal_report_only,242,48,0,1,1,0,lateral_heading_drift,success
balance,cbf,off_diagonal_report_only,242,49,1,1,0,0,success,success
balance,cbf,off_diagonal_report_only,242,50,1,1,0,0,success,success
balance,cbf,off_diagonal_report_only,242,51,1,1,0,0,success,success
balance,cbf,off_diagonal_report_only,242,52,0,0,1,1,non_lateral_high_cbf_demand,lateral_heading_drift
balance,cbf,off_diagonal_report_only,242,53,1,1,0,0,success,success
balance,cbf,off_diagonal_report_only,242,54,1,1,0,0,success,success
balance,cbf,off_diagonal_report_only,242,55,1,1,0,0,success,success
balance,cbf,off_diagonal_report_only,242,56,1,1,0,0,success,success
balance,cbf,off_diagonal_report_only,242,57,0,1,1,0,lateral_heading_drift,success
balance,cbf,off_diagonal_report_only,242,58,1,1,0,0,success,success
balance,cbf,off_diagonal_report_only,242,59,1,1,0,0,success,success
balance,cbf,off_diagonal_report_only,242,60,1,1,0,0,success,success
balance,cbf,off_diagonal_report_only,242,61,1,1,0,0,success,success
balance,cbf,off_diagonal_report_only,242,62,1,1,0,0,success,success
balance,cbf,off_diagonal_report_only,242,63,1,1,0,0,success,success
balance,cbf,off_diagonal_report_only,242,64,1,1,0,0,success,success
balance,cbf,off_diagonal_report_only,242,65,1,1,0,0,success,success
balance,cbf,off_diagonal_report_only,242,66,1,1,0,0,success,success
balance,cbf,off_diagonal_report_only,242,67,1,1,0,0,success,success
balance,cbf,off_diagonal_report_only,242,68,1,1,0,0,success,success
balance,cbf,off_diagonal_report_only,242,69,1,0,0,1,success,lateral_heading_drift
balance,cbf,off_diagonal_report_only,242,70,1,1,0,0,success,success
balance,cbf,off_diagonal_report_only,242,71,1,1,0,0,success,success
balance,cbf,off_diagonal_report_only,242,72,1,1,0,0,success,success
balance,cbf,off_diagonal_report_only,242,73,1,1,0,0,success,success
balance,cbf,off_diagonal_report_only,242,74,1,1,0,0,success,success
balance,cbf,off_diagonal_report_only,242,75,0,1,1,0,lateral_heading_drift,success
balance,cbf,off_diagonal_report_only,242,76,1,1,0,0,success,success
balance,cbf,off_diagonal_report_only,242,77,1,1,0,0,success,success
balance,cbf,off_diagonal_report_only,242,78,1,1,0,0,success,success
balance,cbf,off_diagonal_report_only,242,79,0,1,1,0,lateral_heading_drift,success
balance,cbf,off_diagonal_report_only,242,80,1,1,0,0,success,success
balance,cbf,off_diagonal_report_only,242,81,1,1,0,0,success,success
balance,cbf,off_diagonal_report_only,242,82,1,1,0,0,success,success
balance,cbf,off_diagonal_report_only,242,83,1,1,0,0,success,success
balance,cbf,off_diagonal_report_only,242,84,1,1,0,0,success,success
balance,cbf,off_diagonal_report_only,242,85,1,1,0,0,success,success
balance,cbf,off_diagonal_report_only,242,86,1,1,0,0,success,success
balance,cbf,off_diagonal_report_only,242,87,1,1,0,0,success,success
balance,cbf,off_diagonal_report_only,242,88,1,1,0,0,success,success
balance,cbf,off_diagonal_report_only,242,89,1,1,0,0,success,success
balance,cbf,off_diagonal_report_only,242,90,1,1,0,0,success,success
balance,cbf,off_diagonal_report_only,242,91,1,1,0,0,success,success
balance,cbf,off_diagonal_report_only,242,92,1,1,0,0,success,success
balance,cbf,off_diagonal_report_only,242,93,1,1,0,0,success,success
balance,cbf,off_diagonal_report_only,242,94,1,1,0,0,success,success
balance,cbf,off_diagonal_report_only,242,95,1,1,0,0,success,success
balance,cbf,off_diagonal_report_only,242,96,1,1,0,0,success,success
balance,cbf,off_diagonal_report_only,242,97,1,1,0,0,success,success
balance,cbf,off_diagonal_report_only,242,98,1,1,0,0,success,success
balance,cbf,off_diagonal_report_only,242,99,1,1,0,0,success,success
balance,cbf,off_diagonal_report_only,242,100,1,1,0,0,success,success
balance,cbf,off_diagonal_report_only,242,101,1,1,0,0,success,success
balance,cbf,off_diagonal_report_only,242,102,1,1,0,0,success,success
balance,cbf,off_diagonal_report_only,242,103,0,1,1,0,lateral_heading_drift,success
balance,cbf,off_diagonal_report_only,242,104,1,1,0,0,success,success
balance,cbf,off_diagonal_report_only,242,105,1,1,0,0,success,success
balance,cbf,off_diagonal_report_only,242,106,1,1,0,0,success,success
balance,cbf,off_diagonal_report_only,242,107,1,1,0,0,success,success
balance,cbf,off_diagonal_report_only,242,108,1,1,0,0,success,success
balance,cbf,off_diagonal_report_only,242,109,1,1,0,0,success,success
balance,cbf,off_diagonal_report_only,242,110,1,1,0,0,success,success
balance,cbf,off_diagonal_report_only,242,111,1,1,0,0,success,success
balance,cbf,off_diagonal_report_only,242,112,1,1,0,0,success,success
balance,cbf,off_diagonal_report_only,242,113,1,1,0,0,success,success
balance,cbf,off_diagonal_report_only,242,114,1,1,0,0,success,success
balance,cbf,off_diagonal_report_only,242,115,1,1,0,0,success,success
balance,cbf,off_diagonal_report_only,242,116,1,1,0,0,success,success
balance,cbf,off_diagonal_report_only,242,117,1,0,0,1,success,lateral_heading_drift
balance,cbf,off_diagonal_report_only,242,118,1,1,0,0,success,success
balance,cbf,off_diagonal_report_only,242,119,1,1,0,0,success,success
balance,cbf,off_diagonal_report_only,242,120,1,1,0,0,success,success
balance,cbf,off_diagonal_report_only,242,121,1,1,0,0,success,success
balance,cbf,off_diagonal_report_only,242,122,1,1,0,0,success,success
balance,cbf,off_diagonal_report_only,242,123,1,1,0,0,success,success
balance,cbf,off_diagonal_report_only,242,124,1,1,0,0,success,success
balance,cbf,off_diagonal_report_only,242,125,1,1,0,0,success,success
balance,cbf,off_diagonal_report_only,242,126,1,1,0,0,success,success
balance,cbf,off_diagonal_report_only,242,127,1,1,0,0,success,success
balance,cbf,off_diagonal_report_only,242,128,0,0,1,1,non_lateral_high_cbf_demand,non_lateral_high_cbf_demand
balance,cbf,off_diagonal_report_only,242,129,0,0,1,1,non_lateral_high_cbf_demand,non_lateral_balance_or_phase
balance,cbf,off_diagonal_report_only,242,130,0,0,1,1,non_lateral_high_cbf_demand,non_lateral_high_cbf_demand
balance,cbf,off_diagonal_report_only,242,131,0,0,1,1,non_lateral_high_cbf_demand,non_lateral_high_cbf_demand
balance,cbf,off_diagonal_report_only,242,132,0,0,1,1,non_lateral_high_cbf_demand,non_lateral_high_cbf_demand
balance,cbf,off_diagonal_report_only,242,133,0,0,1,1,non_lateral_high_cbf_demand,non_lateral_high_cbf_demand
balance,cbf,off_diagonal_report_only,242,134,0,0,1,1,non_lateral_high_cbf_demand,non_lateral_high_cbf_demand
balance,cbf,off_diagonal_report_only,242,135,0,0,1,1,non_lateral_high_cbf_demand,non_lateral_high_cbf_demand
balance,cbf,off_diagonal_report_only,242,136,0,0,1,1,non_lateral_high_cbf_demand,non_lateral_high_cbf_demand
balance,cbf,off_diagonal_report_only,242,137,0,0,1,1,lateral_heading_drift,non_lateral_high_cbf_demand
balance,cbf,off_diagonal_report_only,242,138,0,0,1,1,non_lateral_high_cbf_demand,non_lateral_balance_or_phase
balance,cbf,off_diagonal_report_only,242,139,0,0,1,1,non_lateral_high_cbf_demand,non_lateral_high_cbf_demand
balance,cbf,off_diagonal_report_only,242,140,1,0,0,1,success,non_lateral_balance_or_phase
balance,cbf,off_diagonal_report_only,242,141,1,0,0,1,success,non_lateral_balance_or_phase
balance,cbf,off_diagonal_report_only,242,142,1,0,0,1,success,non_lateral_high_cbf_demand
balance,cbf,off_diagonal_report_only,242,143,1,0,0,1,success,non_lateral_high_cbf_demand
balance,cbf,off_diagonal_report_only,242,144,1,0,0,1,success,non_lateral_high_cbf_demand
balance,cbf,off_diagonal_report_only,242,145,1,1,0,0,success,success
balance,cbf,off_diagonal_report_only,242,146,1,0,0,1,success,non_lateral_high_cbf_demand
balance,cbf,off_diagonal_report_only,242,147,1,0,0,1,success,non_lateral_balance_or_phase
balance,cbf,off_diagonal_report_only,242,148,1,0,0,1,success,non_lateral_high_cbf_demand
balance,cbf,off_diagonal_report_only,242,149,1,1,0,0,success,success
balance,cbf,off_diagonal_report_only,242,150,1,1,0,0,success,success
balance,cbf,off_diagonal_report_only,242,151,1,1,0,0,success,success
balance,cbf,off_diagonal_report_only,242,152,1,1,0,0,success,success
balance,cbf,off_diagonal_report_only,242,153,1,1,0,0,success,success
balance,cbf,off_diagonal_report_only,242,154,1,1,0,0,success,success
balance,cbf,off_diagonal_report_only,242,155,1,1,0,0,success,success
balance,cbf,off_diagonal_report_only,242,156,1,1,0,0,success,success
balance,cbf,off_diagonal_report_only,242,157,1,1,0,0,success,success
balance,cbf,off_diagonal_report_only,242,158,1,1,0,0,success,success
balance,cbf,off_diagonal_report_only,242,159,1,1,0,0,success,success
balance,cbf,off_diagonal_report_only,242,160,1,1,0,0,success,success
balance,cbf,off_diagonal_report_only,242,161,1,1,0,0,success,success
balance,cbf,off_diagonal_report_only,242,162,1,1,0,0,success,success
balance,cbf,off_diagonal_report_only,242,163,1,1,0,0,success,success
balance,cbf,off_diagonal_report_only,242,164,0,1,1,0,lateral_heading_drift,success
balance,cbf,off_diagonal_report_only,242,165,1,1,0,0,success,success
balance,cbf,off_diagonal_report_only,242,166,1,1,0,0,success,success
balance,cbf,off_diagonal_report_only,242,167,1,0,0,1,success,lateral_heading_drift
balance,cbf,off_diagonal_report_only,242,168,1,1,0,0,success,success
balance,cbf,off_diagonal_report_only,242,169,1,1,0,0,success,success
balance,cbf,off_diagonal_report_only,242,170,1,1,0,0,success,success
balance,cbf,off_diagonal_report_only,242,171,1,1,0,0,success,success
balance,cbf,off_diagonal_report_only,242,172,1,1,0,0,success,success
balance,cbf,off_diagonal_report_only,242,173,1,1,0,0,success,success
balance,cbf,off_diagonal_report_only,242,174,1,1,0,0,success,success
balance,cbf,off_diagonal_report_only,242,175,1,1,0,0,success,success
balance,cbf,off_diagonal_report_only,242,176,1,1,0,0,success,success
balance,cbf,off_diagonal_report_only,242,177,1,1,0,0,success,success
balance,cbf,off_diagonal_report_only,242,178,1,1,0,0,success,success
balance,cbf,off_diagonal_report_only,242,179,0,1,1,0,non_lateral_high_cbf_demand,success
balance,cbf,off_diagonal_report_only,242,180,1,1,0,0,success,success
balance,cbf,off_diagonal_report_only,242,181,1,1,0,0,success,success
balance,cbf,off_diagonal_report_only,242,182,1,1,0,0,success,success
balance,cbf,off_diagonal_report_only,242,183,0,1,1,0,lateral_heading_drift,success
balance,cbf,off_diagonal_report_only,242,184,1,1,0,0,success,success
balance,cbf,off_diagonal_report_only,242,185,1,1,0,0,success,success
balance,cbf,off_diagonal_report_only,242,186,1,1,0,0,success,success
balance,cbf,off_diagonal_report_only,242,187,1,1,0,0,success,success
balance,cbf,off_diagonal_report_only,242,188,1,1,0,0,success,success
balance,cbf,off_diagonal_report_only,242,189,1,1,0,0,success,success
balance,cbf,off_diagonal_report_only,242,190,1,1,0,0,success,success
balance,cbf,off_diagonal_report_only,242,191,1,1,0,0,success,success
balance,cbf,off_diagonal_report_only,242,192,1,1,0,0,success,success
balance,cbf,off_diagonal_report_only,242,193,1,1,0,0,success,success
balance,cbf,off_diagonal_report_only,242,194,1,1,0,0,success,success
balance,cbf,off_diagonal_report_only,242,195,1,1,0,0,success,success
balance,cbf,off_diagonal_report_only,242,196,1,1,0,0,success,success
balance,cbf,off_diagonal_report_only,242,197,0,1,1,0,non_lateral_high_cbf_demand,success
balance,cbf,off_diagonal_report_only,242,198,1,1,0,0,success,success
balance,cbf,off_diagonal_report_only,242,199,1,0,0,1,success,lateral_heading_drift
balance,cbf,off_diagonal_report_only,242,200,1,1,0,0,success,success
balance,cbf,off_diagonal_report_only,242,201,1,1,0,0,success,success
balance,cbf,off_diagonal_report_only,242,202,1,1,0,0,success,success
balance,cbf,off_diagonal_report_only,242,203,1,1,0,0,success,success
balance,cbf,off_diagonal_report_only,242,204,1,1,0,0,success,success
balance,cbf,off_diagonal_report_only,242,205,1,1,0,0,success,success
balance,cbf,off_diagonal_report_only,242,206,1,1,0,0,success,success
balance,cbf,off_diagonal_report_only,242,207,1,1,0,0,success,success
balance,cbf,off_diagonal_report_only,242,208,1,1,0,0,success,success
balance,cbf,off_diagonal_report_only,242,209,1,1,0,0,success,success
balance,cbf,off_diagonal_report_only,242,210,1,1,0,0,success,success
balance,cbf,off_diagonal_report_only,242,211,1,1,0,0,success,success
balance,cbf,off_diagonal_report_only,242,212,1,1,0,0,success,success
balance,cbf,off_diagonal_report_only,242,213,1,1,0,0,success,success
balance,cbf,off_diagonal_report_only,242,214,1,1,0,0,success,success
balance,cbf,off_diagonal_report_only,242,215,1,1,0,0,success,success
balance,cbf,off_diagonal_report_only,242,216,1,1,0,0,success,success
balance,cbf,off_diagonal_report_only,242,217,1,1,0,0,success,success
balance,cbf,off_diagonal_report_only,242,218,1,1,0,0,success,success
balance,cbf,off_diagonal_report_only,242,219,0,1,1,0,non_lateral_high_cbf_demand,success
balance,cbf,off_diagonal_report_only,242,220,1,1,0,0,success,success
balance,cbf,off_diagonal_report_only,242,221,1,1,0,0,success,success
balance,cbf,off_diagonal_report_only,242,222,1,1,0,0,success,success
balance,cbf,off_diagonal_report_only,242,223,1,1,0,0,success,success
balance,cbf,off_diagonal_report_only,242,224,1,1,0,0,success,success
balance,cbf,off_diagonal_report_only,242,225,1,1,0,0,success,success
balance,cbf,off_diagonal_report_only,242,226,1,1,0,0,success,success
balance,cbf,off_diagonal_report_only,242,227,0,1,1,0,lateral_heading_drift,success
balance,cbf,off_diagonal_report_only,242,228,1,1,0,0,success,success
balance,cbf,off_diagonal_report_only,242,229,1,1,0,0,success,success
balance,cbf,off_diagonal_report_only,242,230,1,1,0,0,success,success
balance,cbf,off_diagonal_report_only,242,231,1,1,0,0,success,success
balance,cbf,off_diagonal_report_only,242,232,1,1,0,0,success,success
balance,cbf,off_diagonal_report_only,242,233,1,1,0,0,success,success
balance,cbf,off_diagonal_report_only,242,234,1,1,0,0,success,success
balance,cbf,off_diagonal_report_only,242,235,1,1,0,0,success,success
balance,cbf,off_diagonal_report_only,242,236,1,1,0,0,success,success
balance,cbf,off_diagonal_report_only,242,237,1,1,0,0,success,success
balance,cbf,off_diagonal_report_only,242,238,1,1,0,0,success,success
balance,cbf,off_diagonal_report_only,242,239,0,1,1,0,lateral_heading_drift,success
balance,cbf,off_diagonal_report_only,242,240,1,1,0,0,success,success
balance,cbf,off_diagonal_report_only,242,241,1,1,0,0,success,success
balance,cbf,off_diagonal_report_only,242,242,1,1,0,0,success,success
balance,cbf,off_diagonal_report_only,242,243,1,1,0,0,success,success
balance,cbf,off_diagonal_report_only,242,244,1,1,0,0,success,success
balance,cbf,off_diagonal_report_only,242,245,1,1,0,0,success,success
balance,cbf,off_diagonal_report_only,242,246,1,1,0,0,success,success
balance,cbf,off_diagonal_report_only,242,247,1,1,0,0,success,success
balance,cbf,off_diagonal_report_only,242,248,1,1,0,0,success,success
balance,cbf,off_diagonal_report_only,242,249,1,1,0,0,success,success
balance,cbf,off_diagonal_report_only,242,250,1,1,0,0,success,success
balance,cbf,off_diagonal_report_only,242,251,1,1,0,0,success,success
balance,cbf,off_diagonal_report_only,242,252,1,1,0,0,success,success
balance,cbf,off_diagonal_report_only,242,253,1,1,0,0,success,success
balance,cbf,off_diagonal_report_only,242,254,1,1,0,0,success,success
balance,cbf,off_diagonal_report_only,242,255,1,0,0,1,success,lateral_heading_drift
balance,balance,diagonal_primary,242,0,0,0,1,1,non_lateral_balance_or_phase,non_lateral_balance_or_phase
balance,balance,diagonal_primary,242,1,0,0,1,1,non_lateral_balance_or_phase,non_lateral_balance_or_phase
balance,balance,diagonal_primary,242,2,0,0,1,1,non_lateral_balance_or_phase,non_lateral_balance_or_phase
balance,balance,diagonal_primary,242,3,0,0,1,1,non_lateral_balance_or_phase,non_lateral_balance_or_phase
balance,balance,diagonal_primary,242,4,0,0,1,1,non_lateral_balance_or_phase,non_lateral_balance_or_phase
balance,balance,diagonal_primary,242,5,0,0,1,1,non_lateral_balance_or_phase,non_lateral_balance_or_phase
balance,balance,diagonal_primary,242,6,0,0,1,1,non_lateral_high_cbf_demand,non_lateral_balance_or_phase
balance,balance,diagonal_primary,242,7,0,0,1,1,non_lateral_balance_or_phase,non_lateral_balance_or_phase
balance,balance,diagonal_primary,242,8,0,0,1,1,non_lateral_balance_or_phase,non_lateral_balance_or_phase
balance,balance,diagonal_primary,242,9,0,0,1,1,lateral_heading_drift,non_lateral_balance_or_phase
balance,balance,diagonal_primary,242,10,0,0,1,1,non_lateral_high_cbf_demand,non_lateral_balance_or_phase
balance,balance,diagonal_primary,242,11,0,0,1,1,lateral_heading_drift,lateral_heading_drift
balance,balance,diagonal_primary,242,12,0,0,1,1,non_lateral_balance_or_phase,non_lateral_balance_or_phase
balance,balance,diagonal_primary,242,13,0,0,1,1,lateral_heading_drift,non_lateral_high_cbf_demand
balance,balance,diagonal_primary,242,14,0,0,1,1,non_lateral_high_cbf_demand,lateral_heading_drift
balance,balance,diagonal_primary,242,15,0,0,1,1,non_lateral_balance_or_phase,non_lateral_high_cbf_demand
balance,balance,diagonal_primary,242,16,0,0,1,1,non_lateral_balance_or_phase,non_lateral_balance_or_phase
balance,balance,diagonal_primary,242,17,0,0,1,1,non_lateral_balance_or_phase,lateral_heading_drift
balance,balance,diagonal_primary,242,18,0,0,1,1,non_lateral_balance_or_phase,non_lateral_high_cbf_demand
balance,balance,diagonal_primary,242,19,0,1,1,0,non_lateral_balance_or_phase,success
balance,balance,diagonal_primary,242,20,0,1,1,0,lateral_heading_drift,success
balance,balance,diagonal_primary,242,21,0,0,1,1,non_lateral_high_cbf_demand,non_lateral_high_cbf_demand
balance,balance,diagonal_primary,242,22,1,1,0,0,success,success
balance,balance,diagonal_primary,242,23,0,1,1,0,non_lateral_balance_or_phase,success
balance,balance,diagonal_primary,242,24,1,1,0,0,success,success
balance,balance,diagonal_primary,242,25,1,1,0,0,success,success
balance,balance,diagonal_primary,242,26,1,0,0,1,success,lateral_heading_drift
balance,balance,diagonal_primary,242,27,1,1,0,0,success,success
balance,balance,diagonal_primary,242,28,1,1,0,0,success,success
balance,balance,diagonal_primary,242,29,1,1,0,0,success,success
balance,balance,diagonal_primary,242,30,1,1,0,0,success,success
balance,balance,diagonal_primary,242,31,1,1,0,0,success,success
balance,balance,diagonal_primary,242,32,1,1,0,0,success,success
balance,balance,diagonal_primary,242,33,1,1,0,0,success,success
balance,balance,diagonal_primary,242,34,1,1,0,0,success,success
balance,balance,diagonal_primary,242,35,1,1,0,0,success,success
balance,balance,diagonal_primary,242,36,1,1,0,0,success,success
balance,balance,diagonal_primary,242,37,1,1,0,0,success,success
balance,balance,diagonal_primary,242,38,1,1,0,0,success,success
balance,balance,diagonal_primary,242,39,1,1,0,0,success,success
balance,balance,diagonal_primary,242,40,1,1,0,0,success,success
balance,balance,diagonal_primary,242,41,1,1,0,0,success,success
balance,balance,diagonal_primary,242,42,1,1,0,0,success,success
balance,balance,diagonal_primary,242,43,1,1,0,0,success,success
balance,balance,diagonal_primary,242,44,1,1,0,0,success,success
balance,balance,diagonal_primary,242,45,1,1,0,0,success,success
balance,balance,diagonal_primary,242,46,1,1,0,0,success,success
balance,balance,diagonal_primary,242,47,1,1,0,0,success,success
balance,balance,diagonal_primary,242,48,1,1,0,0,success,success
balance,balance,diagonal_primary,242,49,1,1,0,0,success,success
balance,balance,diagonal_primary,242,50,1,1,0,0,success,success
balance,balance,diagonal_primary,242,51,1,1,0,0,success,success
balance,balance,diagonal_primary,242,52,1,1,0,0,success,success
balance,balance,diagonal_primary,242,53,1,1,0,0,success,success
balance,balance,diagonal_primary,242,54,1,1,0,0,success,success
balance,balance,diagonal_primary,242,55,1,1,0,0,success,success
balance,balance,diagonal_primary,242,56,1,1,0,0,success,success
balance,balance,diagonal_primary,242,57,1,1,0,0,success,success
balance,balance,diagonal_primary,242,58,1,1,0,0,success,success
balance,balance,diagonal_primary,242,59,1,1,0,0,success,success
balance,balance,diagonal_primary,242,60,1,0,0,1,success,non_lateral_balance_or_phase
balance,balance,diagonal_primary,242,61,1,1,0,0,success,success
balance,balance,diagonal_primary,242,62,1,1,0,0,success,success
balance,balance,diagonal_primary,242,63,1,1,0,0,success,success
balance,balance,diagonal_primary,242,64,1,1,0,0,success,success
balance,balance,diagonal_primary,242,65,1,1,0,0,success,success
balance,balance,diagonal_primary,242,66,1,1,0,0,success,success
balance,balance,diagonal_primary,242,67,1,1,0,0,success,success
balance,balance,diagonal_primary,242,68,1,1,0,0,success,success
balance,balance,diagonal_primary,242,69,1,1,0,0,success,success
balance,balance,diagonal_primary,242,70,1,1,0,0,success,success
balance,balance,diagonal_primary,242,71,1,1,0,0,success,success
balance,balance,diagonal_primary,242,72,1,1,0,0,success,success
balance,balance,diagonal_primary,242,73,1,1,0,0,success,success
balance,balance,diagonal_primary,242,74,1,1,0,0,success,success
balance,balance,diagonal_primary,242,75,1,1,0,0,success,success
balance,balance,diagonal_primary,242,76,1,1,0,0,success,success
balance,balance,diagonal_primary,242,77,1,1,0,0,success,success
balance,balance,diagonal_primary,242,78,1,1,0,0,success,success
balance,balance,diagonal_primary,242,79,1,1,0,0,success,success
balance,balance,diagonal_primary,242,80,1,1,0,0,success,success
balance,balance,diagonal_primary,242,81,1,1,0,0,success,success
balance,balance,diagonal_primary,242,82,1,1,0,0,success,success
balance,balance,diagonal_primary,242,83,1,1,0,0,success,success
balance,balance,diagonal_primary,242,84,1,1,0,0,success,success
balance,balance,diagonal_primary,242,85,1,1,0,0,success,success
balance,balance,diagonal_primary,242,86,1,1,0,0,success,success
balance,balance,diagonal_primary,242,87,1,1,0,0,success,success
balance,balance,diagonal_primary,242,88,1,1,0,0,success,success
balance,balance,diagonal_primary,242,89,1,1,0,0,success,success
balance,balance,diagonal_primary,242,90,1,1,0,0,success,success
balance,balance,diagonal_primary,242,91,1,1,0,0,success,success
balance,balance,diagonal_primary,242,92,1,1,0,0,success,success
balance,balance,diagonal_primary,242,93,1,1,0,0,success,success
balance,balance,diagonal_primary,242,94,1,1,0,0,success,success
balance,balance,diagonal_primary,242,95,1,1,0,0,success,success
balance,balance,diagonal_primary,242,96,1,1,0,0,success,success
balance,balance,diagonal_primary,242,97,1,1,0,0,success,success
balance,balance,diagonal_primary,242,98,1,1,0,0,success,success
balance,balance,diagonal_primary,242,99,1,1,0,0,success,success
balance,balance,diagonal_primary,242,100,1,1,0,0,success,success
balance,balance,diagonal_primary,242,101,1,1,0,0,success,success
balance,balance,diagonal_primary,242,102,1,1,0,0,success,success
balance,balance,diagonal_primary,242,103,1,1,0,0,success,success
balance,balance,diagonal_primary,242,104,1,1,0,0,success,success
balance,balance,diagonal_primary,242,105,1,1,0,0,success,success
balance,balance,diagonal_primary,242,106,1,1,0,0,success,success
balance,balance,diagonal_primary,242,107,0,1,1,0,lateral_heading_drift,success
balance,balance,diagonal_primary,242,108,1,1,0,0,success,success
balance,balance,diagonal_primary,242,109,1,1,0,0,success,success
balance,balance,diagonal_primary,242,110,1,1,0,0,success,success
balance,balance,diagonal_primary,242,111,1,1,0,0,success,success
balance,balance,diagonal_primary,242,112,1,1,0,0,success,success
balance,balance,diagonal_primary,242,113,1,1,0,0,success,success
balance,balance,diagonal_primary,242,114,1,1,0,0,success,success
balance,balance,diagonal_primary,242,115,1,1,0,0,success,success
balance,balance,diagonal_primary,242,116,1,1,0,0,success,success
balance,balance,diagonal_primary,242,117,0,1,1,0,lateral_heading_drift,success
balance,balance,diagonal_primary,242,118,1,1,0,0,success,success
balance,balance,diagonal_primary,242,119,1,1,0,0,success,success
balance,balance,diagonal_primary,242,120,1,1,0,0,success,success
balance,balance,diagonal_primary,242,121,1,1,0,0,success,success
balance,balance,diagonal_primary,242,122,1,1,0,0,success,success
balance,balance,diagonal_primary,242,123,1,1,0,0,success,success
balance,balance,diagonal_primary,242,124,1,1,0,0,success,success
balance,balance,diagonal_primary,242,125,1,1,0,0,success,success
balance,balance,diagonal_primary,242,126,1,1,0,0,success,success
balance,balance,diagonal_primary,242,127,1,1,0,0,success,success
balance,balance,diagonal_primary,242,128,0,0,1,1,non_lateral_balance_or_phase,non_lateral_balance_or_phase
balance,balance,diagonal_primary,242,129,0,0,1,1,non_lateral_balance_or_phase,non_lateral_balance_or_phase
balance,balance,diagonal_primary,242,130,0,0,1,1,non_lateral_balance_or_phase,non_lateral_balance_or_phase
balance,balance,diagonal_primary,242,131,0,0,1,1,non_lateral_balance_or_phase,non_lateral_balance_or_phase
balance,balance,diagonal_primary,242,132,0,0,1,1,non_lateral_balance_or_phase,non_lateral_high_cbf_demand
balance,balance,diagonal_primary,242,133,0,0,1,1,non_lateral_high_cbf_demand,lateral_heading_drift
balance,balance,diagonal_primary,242,134,0,0,1,1,non_lateral_balance_or_phase,non_lateral_balance_or_phase
balance,balance,diagonal_primary,242,135,0,0,1,1,non_lateral_balance_or_phase,non_lateral_balance_or_phase
balance,balance,diagonal_primary,242,136,0,0,1,1,non_lateral_balance_or_phase,non_lateral_balance_or_phase
balance,balance,diagonal_primary,242,137,0,0,1,1,non_lateral_high_cbf_demand,non_lateral_balance_or_phase
balance,balance,diagonal_primary,242,138,0,0,1,1,non_lateral_balance_or_phase,non_lateral_balance_or_phase
balance,balance,diagonal_primary,242,139,0,0,1,1,non_lateral_balance_or_phase,non_lateral_balance_or_phase
balance,balance,diagonal_primary,242,140,0,0,1,1,non_lateral_high_cbf_demand,non_lateral_balance_or_phase
balance,balance,diagonal_primary,242,141,0,0,1,1,non_lateral_balance_or_phase,non_lateral_balance_or_phase
balance,balance,diagonal_primary,242,142,0,0,1,1,lateral_heading_drift,non_lateral_balance_or_phase
balance,balance,diagonal_primary,242,143,0,0,1,1,lateral_heading_drift,non_lateral_balance_or_phase
balance,balance,diagonal_primary,242,144,0,1,1,0,lateral_heading_drift,success
balance,balance,diagonal_primary,242,145,0,1,1,0,non_lateral_balance_or_phase,success
balance,balance,diagonal_primary,242,146,0,1,1,0,lateral_heading_drift,success
balance,balance,diagonal_primary,242,147,0,0,1,1,non_lateral_balance_or_phase,non_lateral_high_cbf_demand
balance,balance,diagonal_primary,242,148,0,1,1,0,non_lateral_high_cbf_demand,success
balance,balance,diagonal_primary,242,149,0,0,1,1,lateral_heading_drift,lateral_heading_drift
balance,balance,diagonal_primary,242,150,0,1,1,0,non_lateral_balance_or_phase,success
balance,balance,diagonal_primary,242,151,0,1,1,0,non_lateral_balance_or_phase,success
balance,balance,diagonal_primary,242,152,0,0,1,1,lateral_heading_drift,non_lateral_balance_or_phase
balance,balance,diagonal_primary,242,153,0,1,1,0,lateral_heading_drift,success
balance,balance,diagonal_primary,242,154,1,1,0,0,success,success
balance,balance,diagonal_primary,242,155,1,1,0,0,success,success
balance,balance,diagonal_primary,242,156,1,1,0,0,success,success
balance,balance,diagonal_primary,242,157,1,1,0,0,success,success
balance,balance,diagonal_primary,242,158,1,1,0,0,success,success
balance,balance,diagonal_primary,242,159,0,1,1,0,non_lateral_balance_or_phase,success
balance,balance,diagonal_primary,242,160,0,1,1,0,lateral_heading_drift,success
balance,balance,diagonal_primary,242,161,1,1,0,0,success,success
balance,balance,diagonal_primary,242,162,1,1,0,0,success,success
balance,balance,diagonal_primary,242,163,1,1,0,0,success,success
balance,balance,diagonal_primary,242,164,1,0,0,1,success,non_lateral_balance_or_phase
balance,balance,diagonal_primary,242,165,1,1,0,0,success,success
balance,balance,diagonal_primary,242,166,1,1,0,0,success,success
balance,balance,diagonal_primary,242,167,1,1,0,0,success,success
balance,balance,diagonal_primary,242,168,1,1,0,0,success,success
balance,balance,diagonal_primary,242,169,1,1,0,0,success,success
balance,balance,diagonal_primary,242,170,1,1,0,0,success,success
balance,balance,diagonal_primary,242,171,1,1,0,0,success,success
balance,balance,diagonal_primary,242,172,1,1,0,0,success,success
balance,balance,diagonal_primary,242,173,1,1,0,0,success,success
balance,balance,diagonal_primary,242,174,1,1,0,0,success,success
balance,balance,diagonal_primary,242,175,1,1,0,0,success,success
balance,balance,diagonal_primary,242,176,1,1,0,0,success,success
balance,balance,diagonal_primary,242,177,1,1,0,0,success,success
balance,balance,diagonal_primary,242,178,1,1,0,0,success,success
balance,balance,diagonal_primary,242,179,1,0,0,1,success,lateral_heading_drift
balance,balance,diagonal_primary,242,180,1,1,0,0,success,success
balance,balance,diagonal_primary,242,181,1,1,0,0,success,success
balance,balance,diagonal_primary,242,182,1,1,0,0,success,success
balance,balance,diagonal_primary,242,183,1,1,0,0,success,success
balance,balance,diagonal_primary,242,184,1,1,0,0,success,success
balance,balance,diagonal_primary,242,185,1,1,0,0,success,success
balance,balance,diagonal_primary,242,186,1,1,0,0,success,success
balance,balance,diagonal_primary,242,187,1,1,0,0,success,success
balance,balance,diagonal_primary,242,188,1,1,0,0,success,success
balance,balance,diagonal_primary,242,189,1,1,0,0,success,success
balance,balance,diagonal_primary,242,190,1,1,0,0,success,success
balance,balance,diagonal_primary,242,191,1,1,0,0,success,success
balance,balance,diagonal_primary,242,192,1,1,0,0,success,success
balance,balance,diagonal_primary,242,193,1,1,0,0,success,success
balance,balance,diagonal_primary,242,194,1,1,0,0,success,success
balance,balance,diagonal_primary,242,195,1,1,0,0,success,success
balance,balance,diagonal_primary,242,196,1,1,0,0,success,success
balance,balance,diagonal_primary,242,197,1,1,0,0,success,success
balance,balance,diagonal_primary,242,198,1,1,0,0,success,success
balance,balance,diagonal_primary,242,199,1,1,0,0,success,success
balance,balance,diagonal_primary,242,200,1,1,0,0,success,success
balance,balance,diagonal_primary,242,201,1,1,0,0,success,success
balance,balance,diagonal_primary,242,202,1,1,0,0,success,success
balance,balance,diagonal_primary,242,203,1,1,0,0,success,success
balance,balance,diagonal_primary,242,204,1,1,0,0,success,success
balance,balance,diagonal_primary,242,205,1,1,0,0,success,success
balance,balance,diagonal_primary,242,206,1,1,0,0,success,success
balance,balance,diagonal_primary,242,207,1,1,0,0,success,success
balance,balance,diagonal_primary,242,208,1,1,0,0,success,success
balance,balance,diagonal_primary,242,209,1,1,0,0,success,success
balance,balance,diagonal_primary,242,210,1,1,0,0,success,success
balance,balance,diagonal_primary,242,211,1,1,0,0,success,success
balance,balance,diagonal_primary,242,212,1,1,0,0,success,success
balance,balance,diagonal_primary,242,213,1,1,0,0,success,success
balance,balance,diagonal_primary,242,214,1,1,0,0,success,success
balance,balance,diagonal_primary,242,215,1,1,0,0,success,success
balance,balance,diagonal_primary,242,216,1,1,0,0,success,success
balance,balance,diagonal_primary,242,217,1,1,0,0,success,success
balance,balance,diagonal_primary,242,218,1,1,0,0,success,success
balance,balance,diagonal_primary,242,219,1,1,0,0,success,success
balance,balance,diagonal_primary,242,220,1,1,0,0,success,success
balance,balance,diagonal_primary,242,221,1,1,0,0,success,success
balance,balance,diagonal_primary,242,222,1,1,0,0,success,success
balance,balance,diagonal_primary,242,223,1,1,0,0,success,success
balance,balance,diagonal_primary,242,224,1,1,0,0,success,success
balance,balance,diagonal_primary,242,225,1,1,0,0,success,success
balance,balance,diagonal_primary,242,226,1,1,0,0,success,success
balance,balance,diagonal_primary,242,227,1,0,0,1,success,lateral_heading_drift
balance,balance,diagonal_primary,242,228,1,1,0,0,success,success
balance,balance,diagonal_primary,242,229,1,1,0,0,success,success
balance,balance,diagonal_primary,242,230,1,1,0,0,success,success
balance,balance,diagonal_primary,242,231,1,1,0,0,success,success
balance,balance,diagonal_primary,242,232,1,1,0,0,success,success
balance,balance,diagonal_primary,242,233,1,1,0,0,success,success
balance,balance,diagonal_primary,242,234,1,1,0,0,success,success
balance,balance,diagonal_primary,242,235,1,1,0,0,success,success
balance,balance,diagonal_primary,242,236,1,1,0,0,success,success
balance,balance,diagonal_primary,242,237,1,1,0,0,success,success
balance,balance,diagonal_primary,242,238,1,1,0,0,success,success
balance,balance,diagonal_primary,242,239,1,1,0,0,success,success
balance,balance,diagonal_primary,242,240,1,1,0,0,success,success
balance,balance,diagonal_primary,242,241,1,1,0,0,success,success
balance,balance,diagonal_primary,242,242,1,1,0,0,success,success
balance,balance,diagonal_primary,242,243,1,1,0,0,success,success
balance,balance,diagonal_primary,242,244,1,1,0,0,success,success
balance,balance,diagonal_primary,242,245,1,1,0,0,success,success
balance,balance,diagonal_primary,242,246,1,1,0,0,success,success
balance,balance,diagonal_primary,242,247,1,1,0,0,success,success
balance,balance,diagonal_primary,242,248,1,1,0,0,success,success
balance,balance,diagonal_primary,242,249,1,1,0,0,success,success
balance,balance,diagonal_primary,242,250,1,1,0,0,success,success
balance,balance,diagonal_primary,242,251,1,1,0,0,success,success
balance,balance,diagonal_primary,242,252,1,1,0,0,success,success
balance,balance,diagonal_primary,242,253,1,1,0,0,success,success
balance,balance,diagonal_primary,242,254,1,1,0,0,success,success
balance,balance,diagonal_primary,242,255,1,1,0,0,success,success
balance,balance,diagonal_primary,242,256,0,0,1,1,non_lateral_balance_or_phase,non_lateral_high_cbf_demand
balance,balance,diagonal_primary,242,257,0,0,1,1,non_lateral_balance_or_phase,non_lateral_balance_or_phase
balance,balance,diagonal_primary,242,258,0,0,1,1,non_lateral_balance_or_phase,non_lateral_balance_or_phase
balance,balance,diagonal_primary,242,259,0,0,1,1,non_lateral_balance_or_phase,non_lateral_balance_or_phase
balance,balance,diagonal_primary,242,260,0,0,1,1,lateral_heading_drift,non_lateral_balance_or_phase
balance,balance,diagonal_primary,242,261,0,0,1,1,non_lateral_balance_or_phase,non_lateral_balance_or_phase
balance,balance,diagonal_primary,242,262,0,0,1,1,non_lateral_balance_or_phase,non_lateral_balance_or_phase
balance,balance,diagonal_primary,242,263,0,0,1,1,non_lateral_high_cbf_demand,lateral_heading_drift
balance,balance,diagonal_primary,242,264,0,0,1,1,lateral_heading_drift,non_lateral_balance_or_phase
balance,balance,diagonal_primary,242,265,0,0,1,1,non_lateral_high_cbf_demand,non_lateral_balance_or_phase
balance,balance,diagonal_primary,242,266,0,0,1,1,non_lateral_balance_or_phase,non_lateral_balance_or_phase
balance,balance,diagonal_primary,242,267,0,1,1,0,lateral_heading_drift,success
balance,balance,diagonal_primary,242,268,0,0,1,1,lateral_heading_drift,non_lateral_balance_or_phase
balance,balance,diagonal_primary,242,269,0,0,1,1,lateral_heading_drift,non_lateral_balance_or_phase
balance,balance,diagonal_primary,242,270,0,0,1,1,lateral_heading_drift,non_lateral_balance_or_phase
balance,balance,diagonal_primary,242,271,0,0,1,1,non_lateral_high_cbf_demand,non_lateral_balance_or_phase
balance,balance,diagonal_primary,242,272,0,1,1,0,non_lateral_balance_or_phase,success
balance,balance,diagonal_primary,242,273,0,0,1,1,non_lateral_balance_or_phase,non_lateral_balance_or_phase
balance,balance,diagonal_primary,242,274,0,0,1,1,lateral_heading_drift,non_lateral_balance_or_phase
balance,balance,diagonal_primary,242,275,0,1,1,0,non_lateral_high_cbf_demand,success
balance,balance,diagonal_primary,242,276,0,0,1,1,lateral_heading_drift,non_lateral_balance_or_phase
balance,balance,diagonal_primary,242,277,0,0,1,1,non_lateral_balance_or_phase,lateral_heading_drift
balance,balance,diagonal_primary,242,278,1,0,0,1,success,lateral_heading_drift
balance,balance,diagonal_primary,242,279,0,1,1,0,non_lateral_balance_or_phase,success
balance,balance,diagonal_primary,242,280,1,1,0,0,success,success
balance,balance,diagonal_primary,242,281,1,1,0,0,success,success
balance,balance,diagonal_primary,242,282,1,1,0,0,success,success
balance,balance,diagonal_primary,242,283,1,1,0,0,success,success
balance,balance,diagonal_primary,242,284,1,1,0,0,success,success
balance,balance,diagonal_primary,242,285,1,1,0,0,success,success
balance,balance,diagonal_primary,242,286,1,1,0,0,success,success
balance,balance,diagonal_primary,242,287,1,1,0,0,success,success
balance,balance,diagonal_primary,242,288,1,1,0,0,success,success
balance,balance,diagonal_primary,242,289,0,1,1,0,lateral_heading_drift,success
balance,balance,diagonal_primary,242,290,1,1,0,0,success,success
balance,balance,diagonal_primary,242,291,1,1,0,0,success,success
balance,balance,diagonal_primary,242,292,1,1,0,0,success,success
balance,balance,diagonal_primary,242,293,1,1,0,0,success,success
balance,balance,diagonal_primary,242,294,1,1,0,0,success,success
balance,balance,diagonal_primary,242,295,1,1,0,0,success,success
balance,balance,diagonal_primary,242,296,1,1,0,0,success,success
balance,balance,diagonal_primary,242,297,1,1,0,0,success,success
balance,balance,diagonal_primary,242,298,1,1,0,0,success,success
balance,balance,diagonal_primary,242,299,1,1,0,0,success,success
balance,balance,diagonal_primary,242,300,1,1,0,0,success,success
balance,balance,diagonal_primary,242,301,0,1,1,0,lateral_heading_drift,success
balance,balance,diagonal_primary,242,302,1,1,0,0,success,success
balance,balance,diagonal_primary,242,303,1,1,0,0,success,success
balance,balance,diagonal_primary,242,304,1,0,0,1,success,non_lateral_high_cbf_demand
balance,balance,diagonal_primary,242,305,1,1,0,0,success,success
balance,balance,diagonal_primary,242,306,1,1,0,0,success,success
balance,balance,diagonal_primary,242,307,1,1,0,0,success,success
balance,balance,diagonal_primary,242,308,1,1,0,0,success,success
balance,balance,diagonal_primary,242,309,1,1,0,0,success,success
balance,balance,diagonal_primary,242,310,1,1,0,0,success,success
balance,balance,diagonal_primary,242,311,1,1,0,0,success,success
balance,balance,diagonal_primary,242,312,1,0,0,1,success,non_lateral_balance_or_phase
balance,balance,diagonal_primary,242,313,1,1,0,0,success,success
balance,balance,diagonal_primary,242,314,1,1,0,0,success,success
balance,balance,diagonal_primary,242,315,1,1,0,0,success,success
balance,balance,diagonal_primary,242,316,1,1,0,0,success,success
balance,balance,diagonal_primary,242,317,1,1,0,0,success,success
balance,balance,diagonal_primary,242,318,1,1,0,0,success,success
balance,balance,diagonal_primary,242,319,1,1,0,0,success,success
balance,balance,diagonal_primary,242,320,1,1,0,0,success,success
balance,balance,diagonal_primary,242,321,1,1,0,0,success,success
balance,balance,diagonal_primary,242,322,1,1,0,0,success,success
balance,balance,diagonal_primary,242,323,1,1,0,0,success,success
balance,balance,diagonal_primary,242,324,1,0,0,1,success,non_lateral_high_cbf_demand
balance,balance,diagonal_primary,242,325,1,1,0,0,success,success
balance,balance,diagonal_primary,242,326,1,1,0,0,success,success
balance,balance,diagonal_primary,242,327,1,1,0,0,success,success
balance,balance,diagonal_primary,242,328,1,1,0,0,success,success
balance,balance,diagonal_primary,242,329,0,1,1,0,non_lateral_high_cbf_demand,success
balance,balance,diagonal_primary,242,330,1,1,0,0,success,success
balance,balance,diagonal_primary,242,331,1,1,0,0,success,success
balance,balance,diagonal_primary,242,332,1,1,0,0,success,success
balance,balance,diagonal_primary,242,333,1,1,0,0,success,success
balance,balance,diagonal_primary,242,334,1,1,0,0,success,success
balance,balance,diagonal_primary,242,335,1,1,0,0,success,success
balance,balance,diagonal_primary,242,336,1,1,0,0,success,success
balance,balance,diagonal_primary,242,337,1,1,0,0,success,success
balance,balance,diagonal_primary,242,338,1,1,0,0,success,success
balance,balance,diagonal_primary,242,339,1,1,0,0,success,success
balance,balance,diagonal_primary,242,340,1,1,0,0,success,success
balance,balance,diagonal_primary,242,341,1,1,0,0,success,success
balance,balance,diagonal_primary,242,342,1,1,0,0,success,success
balance,balance,diagonal_primary,242,343,1,1,0,0,success,success
balance,balance,diagonal_primary,242,344,1,1,0,0,success,success
balance,balance,diagonal_primary,242,345,1,1,0,0,success,success
balance,balance,diagonal_primary,242,346,1,1,0,0,success,success
balance,balance,diagonal_primary,242,347,1,1,0,0,success,success
balance,balance,diagonal_primary,242,348,1,1,0,0,success,success
balance,balance,diagonal_primary,242,349,1,1,0,0,success,success
balance,balance,diagonal_primary,242,350,1,1,0,0,success,success
balance,balance,diagonal_primary,242,351,1,1,0,0,success,success
balance,balance,diagonal_primary,242,352,1,1,0,0,success,success
balance,balance,diagonal_primary,242,353,1,1,0,0,success,success
balance,balance,diagonal_primary,242,354,1,1,0,0,success,success
balance,balance,diagonal_primary,242,355,1,1,0,0,success,success
balance,balance,diagonal_primary,242,356,1,1,0,0,success,success
balance,balance,diagonal_primary,242,357,1,1,0,0,success,success
balance,balance,diagonal_primary,242,358,1,0,0,1,success,lateral_heading_drift
balance,balance,diagonal_primary,242,359,1,1,0,0,success,success
balance,balance,diagonal_primary,242,360,1,1,0,0,success,success
balance,balance,diagonal_primary,242,361,1,1,0,0,success,success
balance,balance,diagonal_primary,242,362,1,1,0,0,success,success
balance,balance,diagonal_primary,242,363,1,1,0,0,success,success
balance,balance,diagonal_primary,242,364,1,1,0,0,success,success
balance,balance,diagonal_primary,242,365,1,1,0,0,success,success
balance,balance,diagonal_primary,242,366,1,1,0,0,success,success
balance,balance,diagonal_primary,242,367,1,1,0,0,success,success
balance,balance,diagonal_primary,242,368,1,1,0,0,success,success
balance,balance,diagonal_primary,242,369,1,1,0,0,success,success
balance,balance,diagonal_primary,242,370,1,1,0,0,success,success
balance,balance,diagonal_primary,242,371,1,1,0,0,success,success
balance,balance,diagonal_primary,242,372,1,1,0,0,success,success
balance,balance,diagonal_primary,242,373,1,1,0,0,success,success
balance,balance,diagonal_primary,242,374,1,1,0,0,success,success
balance,balance,diagonal_primary,242,375,1,1,0,0,success,success
balance,balance,diagonal_primary,242,376,1,1,0,0,success,success
balance,balance,diagonal_primary,242,377,1,1,0,0,success,success
balance,balance,diagonal_primary,242,378,1,1,0,0,success,success
balance,balance,diagonal_primary,242,379,1,1,0,0,success,success
balance,balance,diagonal_primary,242,380,1,1,0,0,success,success
balance,balance,diagonal_primary,242,381,1,1,0,0,success,success
balance,balance,diagonal_primary,242,382,1,0,0,1,success,lateral_heading_drift
balance,balance,diagonal_primary,242,383,1,1,0,0,success,success
balance,balance,diagonal_primary,242,384,0,0,1,1,non_lateral_balance_or_phase,non_lateral_balance_or_phase
balance,balance,diagonal_primary,242,385,0,0,1,1,non_lateral_balance_or_phase,non_lateral_balance_or_phase
balance,balance,diagonal_primary,242,386,0,0,1,1,non_lateral_balance_or_phase,non_lateral_balance_or_phase
balance,balance,diagonal_primary,242,387,0,0,1,1,non_lateral_balance_or_phase,non_lateral_high_cbf_demand
balance,balance,diagonal_primary,242,388,0,0,1,1,non_lateral_balance_or_phase,non_lateral_balance_or_phase
balance,balance,diagonal_primary,242,389,0,0,1,1,non_lateral_balance_or_phase,non_lateral_balance_or_phase
balance,balance,diagonal_primary,242,390,0,0,1,1,non_lateral_balance_or_phase,non_lateral_balance_or_phase
balance,balance,diagonal_primary,242,391,0,0,1,1,non_lateral_balance_or_phase,lateral_heading_drift
balance,balance,diagonal_primary,242,392,0,0,1,1,non_lateral_balance_or_phase,non_lateral_balance_or_phase
balance,balance,diagonal_primary,242,393,0,0,1,1,non_lateral_balance_or_phase,non_lateral_balance_or_phase
balance,balance,diagonal_primary,242,394,0,0,1,1,non_lateral_balance_or_phase,non_lateral_high_cbf_demand
balance,balance,diagonal_primary,242,395,0,0,1,1,lateral_heading_drift,non_lateral_balance_or_phase
balance,balance,diagonal_primary,242,396,0,0,1,1,non_lateral_balance_or_phase,non_lateral_balance_or_phase
balance,balance,diagonal_primary,242,397,0,0,1,1,non_lateral_high_cbf_demand,lateral_heading_drift
balance,balance,diagonal_primary,242,398,0,0,1,1,non_lateral_high_cbf_demand,non_lateral_balance_or_phase
balance,balance,diagonal_primary,242,399,0,0,1,1,non_lateral_balance_or_phase,non_lateral_balance_or_phase
balance,balance,diagonal_primary,242,400,0,0,1,1,lateral_heading_drift,lateral_heading_drift
balance,balance,diagonal_primary,242,401,0,0,1,1,non_lateral_balance_or_phase,non_lateral_high_cbf_demand
balance,balance,diagonal_primary,242,402,0,0,1,1,non_lateral_balance_or_phase,non_lateral_balance_or_phase
balance,balance,diagonal_primary,242,403,0,0,1,1,lateral_heading_drift,non_lateral_balance_or_phase
balance,balance,diagonal_primary,242,404,1,0,0,1,success,non_lateral_high_cbf_demand
balance,balance,diagonal_primary,242,405,0,0,1,1,lateral_heading_drift,non_lateral_balance_or_phase
balance,balance,diagonal_primary,242,406,0,0,1,1,non_lateral_balance_or_phase,lateral_heading_drift
balance,balance,diagonal_primary,242,407,1,0,0,1,success,non_lateral_balance_or_phase
balance,balance,diagonal_primary,242,408,1,0,0,1,success,lateral_heading_drift
balance,balance,diagonal_primary,242,409,1,0,0,1,success,lateral_heading_drift
balance,balance,diagonal_primary,242,410,1,0,0,1,success,lateral_heading_drift
balance,balance,diagonal_primary,242,411,1,1,0,0,success,success
balance,balance,diagonal_primary,242,412,1,1,0,0,success,success
balance,balance,diagonal_primary,242,413,1,1,0,0,success,success
balance,balance,diagonal_primary,242,414,1,1,0,0,success,success
balance,balance,diagonal_primary,242,415,1,1,0,0,success,success
balance,balance,diagonal_primary,242,416,1,1,0,0,success,success
balance,balance,diagonal_primary,242,417,1,1,0,0,success,success
balance,balance,diagonal_primary,242,418,1,0,0,1,success,lateral_heading_drift
balance,balance,diagonal_primary,242,419,1,1,0,0,success,success
balance,balance,diagonal_primary,242,420,1,1,0,0,success,success
balance,balance,diagonal_primary,242,421,1,1,0,0,success,success
balance,balance,diagonal_primary,242,422,1,1,0,0,success,success
balance,balance,diagonal_primary,242,423,1,1,0,0,success,success
balance,balance,diagonal_primary,242,424,1,1,0,0,success,success
balance,balance,diagonal_primary,242,425,1,1,0,0,success,success
balance,balance,diagonal_primary,242,426,1,1,0,0,success,success
balance,balance,diagonal_primary,242,427,1,0,0,1,success,non_lateral_balance_or_phase
balance,balance,diagonal_primary,242,428,1,1,0,0,success,success
balance,balance,diagonal_primary,242,429,1,1,0,0,success,success
balance,balance,diagonal_primary,242,430,1,1,0,0,success,success
balance,balance,diagonal_primary,242,431,1,0,0,1,success,lateral_heading_drift
balance,balance,diagonal_primary,242,432,1,1,0,0,success,success
balance,balance,diagonal_primary,242,433,1,1,0,0,success,success
balance,balance,diagonal_primary,242,434,1,1,0,0,success,success
balance,balance,diagonal_primary,242,435,1,1,0,0,success,success
balance,balance,diagonal_primary,242,436,0,1,1,0,lateral_heading_drift,success
balance,balance,diagonal_primary,242,437,1,1,0,0,success,success
balance,balance,diagonal_primary,242,438,1,1,0,0,success,success
balance,balance,diagonal_primary,242,439,1,1,0,0,success,success
balance,balance,diagonal_primary,242,440,1,1,0,0,success,success
balance,balance,diagonal_primary,242,441,1,1,0,0,success,success
balance,balance,diagonal_primary,242,442,1,1,0,0,success,success
balance,balance,diagonal_primary,242,443,1,0,0,1,success,lateral_heading_drift
balance,balance,diagonal_primary,242,444,1,0,0,1,success,non_lateral_balance_or_phase
balance,balance,diagonal_primary,242,445,1,0,0,1,success,non_lateral_balance_or_phase
balance,balance,diagonal_primary,242,446,1,1,0,0,success,success
balance,balance,diagonal_primary,242,447,1,1,0,0,success,success
balance,balance,diagonal_primary,242,448,1,1,0,0,success,success
balance,balance,diagonal_primary,242,449,1,1,0,0,success,success
balance,balance,diagonal_primary,242,450,1,1,0,0,success,success
balance,balance,diagonal_primary,242,451,1,1,0,0,success,success
balance,balance,diagonal_primary,242,452,1,1,0,0,success,success
balance,balance,diagonal_primary,242,453,1,1,0,0,success,success
balance,balance,diagonal_primary,242,454,1,1,0,0,success,success
balance,balance,diagonal_primary,242,455,1,1,0,0,success,success
balance,balance,diagonal_primary,242,456,1,1,0,0,success,success
balance,balance,diagonal_primary,242,457,1,1,0,0,success,success
balance,balance,diagonal_primary,242,458,1,1,0,0,success,success
balance,balance,diagonal_primary,242,459,1,1,0,0,success,success
balance,balance,diagonal_primary,242,460,1,1,0,0,success,success
balance,balance,diagonal_primary,242,461,1,1,0,0,success,success
balance,balance,diagonal_primary,242,462,1,1,0,0,success,success
balance,balance,diagonal_primary,242,463,1,1,0,0,success,success
balance,balance,diagonal_primary,242,464,1,1,0,0,success,success
balance,balance,diagonal_primary,242,465,1,1,0,0,success,success
balance,balance,diagonal_primary,242,466,1,1,0,0,success,success
balance,balance,diagonal_primary,242,467,1,1,0,0,success,success
balance,balance,diagonal_primary,242,468,1,1,0,0,success,success
balance,balance,diagonal_primary,242,469,1,1,0,0,success,success
balance,balance,diagonal_primary,242,470,1,1,0,0,success,success
balance,balance,diagonal_primary,242,471,1,1,0,0,success,success
balance,balance,diagonal_primary,242,472,1,1,0,0,success,success
balance,balance,diagonal_primary,242,473,1,1,0,0,success,success
balance,balance,diagonal_primary,242,474,1,1,0,0,success,success
balance,balance,diagonal_primary,242,475,1,1,0,0,success,success
balance,balance,diagonal_primary,242,476,1,1,0,0,success,success
balance,balance,diagonal_primary,242,477,1,1,0,0,success,success
balance,balance,diagonal_primary,242,478,1,1,0,0,success,success
balance,balance,diagonal_primary,242,479,1,1,0,0,success,success
balance,balance,diagonal_primary,242,480,1,1,0,0,success,success
balance,balance,diagonal_primary,242,481,1,1,0,0,success,success
balance,balance,diagonal_primary,242,482,1,1,0,0,success,success
balance,balance,diagonal_primary,242,483,1,1,0,0,success,success
balance,balance,diagonal_primary,242,484,1,1,0,0,success,success
balance,balance,diagonal_primary,242,485,1,1,0,0,success,success
balance,balance,diagonal_primary,242,486,1,1,0,0,success,success
balance,balance,diagonal_primary,242,487,1,1,0,0,success,success
balance,balance,diagonal_primary,242,488,1,1,0,0,success,success
balance,balance,diagonal_primary,242,489,1,1,0,0,success,success
balance,balance,diagonal_primary,242,490,1,1,0,0,success,success
balance,balance,diagonal_primary,242,491,1,1,0,0,success,success
balance,balance,diagonal_primary,242,492,1,1,0,0,success,success
balance,balance,diagonal_primary,242,493,1,1,0,0,success,success
balance,balance,diagonal_primary,242,494,1,1,0,0,success,success
balance,balance,diagonal_primary,242,495,1,1,0,0,success,success
balance,balance,diagonal_primary,242,496,1,1,0,0,success,success
balance,balance,diagonal_primary,242,497,1,1,0,0,success,success
balance,balance,diagonal_primary,242,498,1,1,0,0,success,success
balance,balance,diagonal_primary,242,499,1,1,0,0,success,success
balance,balance,diagonal_primary,242,500,1,1,0,0,success,success
balance,balance,diagonal_primary,242,501,1,1,0,0,success,success
balance,balance,diagonal_primary,242,502,1,1,0,0,success,success
balance,balance,diagonal_primary,242,503,1,1,0,0,success,success
balance,balance,diagonal_primary,242,504,1,1,0,0,success,success
balance,balance,diagonal_primary,242,505,1,1,0,0,success,success
balance,balance,diagonal_primary,242,506,1,1,0,0,success,success
balance,balance,diagonal_primary,242,507,1,1,0,0,success,success
balance,balance,diagonal_primary,242,508,1,1,0,0,success,success
balance,balance,diagonal_primary,242,509,1,1,0,0,success,success
balance,balance,diagonal_primary,242,510,1,1,0,0,success,success
balance,balance,diagonal_primary,242,511,1,1,0,0,success,success
balance,D0,d0_catastrophic,242,0,0,0,1,1,non_lateral_balance_or_phase,non_lateral_high_cbf_demand
balance,D0,d0_catastrophic,242,1,0,0,1,1,non_lateral_balance_or_phase,non_lateral_high_cbf_demand
balance,D0,d0_catastrophic,242,2,1,1,0,0,success,success
balance,D0,d0_catastrophic,242,3,1,1,0,0,success,success
balance,D0,d0_catastrophic,242,4,1,1,0,0,success,success
balance,D0,d0_catastrophic,242,5,1,1,0,0,success,success
balance,D0,d0_catastrophic,242,6,0,1,1,0,non_lateral_balance_or_phase,success
balance,D0,d0_catastrophic,242,7,1,1,0,0,success,success
balance,D0,d0_catastrophic,242,8,1,1,0,0,success,success
balance,D0,d0_catastrophic,242,9,1,1,0,0,success,success
balance,D0,d0_catastrophic,242,10,1,1,0,0,success,success
balance,D0,d0_catastrophic,242,11,1,1,0,0,success,success
balance,D0,d0_catastrophic,242,12,1,1,0,0,success,success
balance,D0,d0_catastrophic,242,13,1,1,0,0,success,success
balance,D0,d0_catastrophic,242,14,1,1,0,0,success,success
balance,D0,d0_catastrophic,242,15,1,1,0,0,success,success
balance,D0,d0_catastrophic,242,16,1,1,0,0,success,success
balance,D0,d0_catastrophic,242,17,1,1,0,0,success,success
balance,D0,d0_catastrophic,242,18,1,1,0,0,success,success
balance,D0,d0_catastrophic,242,19,1,1,0,0,success,success
balance,D0,d0_catastrophic,242,20,1,1,0,0,success,success
balance,D0,d0_catastrophic,242,21,1,1,0,0,success,success
balance,D0,d0_catastrophic,242,22,1,1,0,0,success,success
balance,D0,d0_catastrophic,242,23,1,1,0,0,success,success
balance,D0,d0_catastrophic,242,24,1,1,0,0,success,success
balance,D0,d0_catastrophic,242,25,1,1,0,0,success,success
balance,D0,d0_catastrophic,242,26,1,1,0,0,success,success
balance,D0,d0_catastrophic,242,27,1,1,0,0,success,success
balance,D0,d0_catastrophic,242,28,1,1,0,0,success,success
balance,D0,d0_catastrophic,242,29,1,1,0,0,success,success
balance,D0,d0_catastrophic,242,30,1,1,0,0,success,success
balance,D0,d0_catastrophic,242,31,1,1,0,0,success,success
balance,D0,d0_catastrophic,242,32,1,1,0,0,success,success
balance,D0,d0_catastrophic,242,33,1,1,0,0,success,success
balance,D0,d0_catastrophic,242,34,1,1,0,0,success,success
balance,D0,d0_catastrophic,242,35,1,1,0,0,success,success
balance,D0,d0_catastrophic,242,36,0,1,1,0,non_lateral_balance_or_phase,success
balance,D0,d0_catastrophic,242,37,1,1,0,0,success,success
balance,D0,d0_catastrophic,242,38,1,1,0,0,success,success
balance,D0,d0_catastrophic,242,39,1,1,0,0,success,success
balance,D0,d0_catastrophic,242,40,1,1,0,0,success,success
balance,D0,d0_catastrophic,242,41,1,1,0,0,success,success
balance,D0,d0_catastrophic,242,42,1,1,0,0,success,success
balance,D0,d0_catastrophic,242,43,1,1,0,0,success,success
balance,D0,d0_catastrophic,242,44,0,1,1,0,lateral_heading_drift,success
balance,D0,d0_catastrophic,242,45,1,1,0,0,success,success
balance,D0,d0_catastrophic,242,46,1,1,0,0,success,success
balance,D0,d0_catastrophic,242,47,1,1,0,0,success,success
balance,D0,d0_catastrophic,242,48,1,1,0,0,success,success
balance,D0,d0_catastrophic,242,49,1,1,0,0,success,success
balance,D0,d0_catastrophic,242,50,1,1,0,0,success,success
balance,D0,d0_catastrophic,242,51,1,1,0,0,success,success
balance,D0,d0_catastrophic,242,52,1,1,0,0,success,success
balance,D0,d0_catastrophic,242,53,1,1,0,0,success,success
balance,D0,d0_catastrophic,242,54,1,1,0,0,success,success
balance,D0,d0_catastrophic,242,55,1,1,0,0,success,success
balance,D0,d0_catastrophic,242,56,1,1,0,0,success,success
balance,D0,d0_catastrophic,242,57,1,1,0,0,success,success
balance,D0,d0_catastrophic,242,58,1,1,0,0,success,success
balance,D0,d0_catastrophic,242,59,1,1,0,0,success,success
balance,D0,d0_catastrophic,242,60,1,1,0,0,success,success
balance,D0,d0_catastrophic,242,61,1,1,0,0,success,success
balance,D0,d0_catastrophic,242,62,0,1,1,0,non_lateral_balance_or_phase,success
balance,D0,d0_catastrophic,242,63,1,1,0,0,success,success
balance,D0,d0_catastrophic,242,64,1,1,0,0,success,success
balance,D0,d0_catastrophic,242,65,1,1,0,0,success,success
balance,D0,d0_catastrophic,242,66,1,1,0,0,success,success
balance,D0,d0_catastrophic,242,67,1,1,0,0,success,success
balance,D0,d0_catastrophic,242,68,1,1,0,0,success,success
balance,D0,d0_catastrophic,242,69,1,1,0,0,success,success
balance,D0,d0_catastrophic,242,70,1,1,0,0,success,success
balance,D0,d0_catastrophic,242,71,1,1,0,0,success,success
balance,D0,d0_catastrophic,242,72,1,1,0,0,success,success
balance,D0,d0_catastrophic,242,73,1,1,0,0,success,success
balance,D0,d0_catastrophic,242,74,1,1,0,0,success,success
balance,D0,d0_catastrophic,242,75,1,1,0,0,success,success
balance,D0,d0_catastrophic,242,76,1,1,0,0,success,success
balance,D0,d0_catastrophic,242,77,1,1,0,0,success,success
balance,D0,d0_catastrophic,242,78,1,1,0,0,success,success
balance,D0,d0_catastrophic,242,79,1,1,0,0,success,success
balance,D0,d0_catastrophic,242,80,1,1,0,0,success,success
balance,D0,d0_catastrophic,242,81,1,1,0,0,success,success
balance,D0,d0_catastrophic,242,82,1,1,0,0,success,success
balance,D0,d0_catastrophic,242,83,1,1,0,0,success,success
balance,D0,d0_catastrophic,242,84,1,1,0,0,success,success
balance,D0,d0_catastrophic,242,85,1,1,0,0,success,success
balance,D0,d0_catastrophic,242,86,1,1,0,0,success,success
balance,D0,d0_catastrophic,242,87,1,1,0,0,success,success
balance,D0,d0_catastrophic,242,88,1,1,0,0,success,success
balance,D0,d0_catastrophic,242,89,1,1,0,0,success,success
balance,D0,d0_catastrophic,242,90,1,1,0,0,success,success
balance,D0,d0_catastrophic,242,91,1,1,0,0,success,success
balance,D0,d0_catastrophic,242,92,1,1,0,0,success,success
balance,D0,d0_catastrophic,242,93,1,1,0,0,success,success
balance,D0,d0_catastrophic,242,94,1,1,0,0,success,success
balance,D0,d0_catastrophic,242,95,1,1,0,0,success,success
balance,D0,d0_catastrophic,242,96,1,1,0,0,success,success
balance,D0,d0_catastrophic,242,97,1,1,0,0,success,success
balance,D0,d0_catastrophic,242,98,1,1,0,0,success,success
balance,D0,d0_catastrophic,242,99,1,1,0,0,success,success
balance,D0,d0_catastrophic,242,100,1,1,0,0,success,success
balance,D0,d0_catastrophic,242,101,1,1,0,0,success,success
balance,D0,d0_catastrophic,242,102,1,1,0,0,success,success
balance,D0,d0_catastrophic,242,103,1,1,0,0,success,success
balance,D0,d0_catastrophic,242,104,1,1,0,0,success,success
balance,D0,d0_catastrophic,242,105,1,1,0,0,success,success
balance,D0,d0_catastrophic,242,106,1,1,0,0,success,success
balance,D0,d0_catastrophic,242,107,1,1,0,0,success,success
balance,D0,d0_catastrophic,242,108,1,1,0,0,success,success
balance,D0,d0_catastrophic,242,109,1,1,0,0,success,success
balance,D0,d0_catastrophic,242,110,1,1,0,0,success,success
balance,D0,d0_catastrophic,242,111,1,1,0,0,success,success
balance,D0,d0_catastrophic,242,112,1,1,0,0,success,success
balance,D0,d0_catastrophic,242,113,1,1,0,0,success,success
balance,D0,d0_catastrophic,242,114,1,1,0,0,success,success
balance,D0,d0_catastrophic,242,115,1,1,0,0,success,success
balance,D0,d0_catastrophic,242,116,1,1,0,0,success,success
balance,D0,d0_catastrophic,242,117,1,1,0,0,success,success
balance,D0,d0_catastrophic,242,118,1,1,0,0,success,success
balance,D0,d0_catastrophic,242,119,1,1,0,0,success,success
balance,D0,d0_catastrophic,242,120,1,0,0,0,success,timeout_or_other_nonfall
balance,D0,d0_catastrophic,242,121,1,0,0,0,success,timeout_or_other_nonfall
balance,D0,d0_catastrophic,242,122,0,0,0,0,timeout_or_other_nonfall,timeout_or_other_nonfall
balance,D0,d0_catastrophic,242,123,0,0,0,0,timeout_or_other_nonfall,timeout_or_other_nonfall
balance,D0,d0_catastrophic,242,124,0,0,0,0,timeout_or_other_nonfall,timeout_or_other_nonfall
balance,D0,d0_catastrophic,242,125,0,0,0,0,timeout_or_other_nonfall,timeout_or_other_nonfall
balance,D0,d0_catastrophic,242,126,0,0,0,0,timeout_or_other_nonfall,timeout_or_other_nonfall
balance,D0,d0_catastrophic,242,127,0,0,0,0,timeout_or_other_nonfall,timeout_or_other_nonfall
balance,D0,d0_catastrophic,242,128,0,1,1,0,non_lateral_high_cbf_demand,success
balance,D0,d0_catastrophic,242,129,1,1,0,0,success,success
balance,D0,d0_catastrophic,242,130,1,1,0,0,success,success
balance,D0,d0_catastrophic,242,131,1,1,0,0,success,success
balance,D0,d0_catastrophic,242,132,1,1,0,0,success,success
balance,D0,d0_catastrophic,242,133,1,1,0,0,success,success
balance,D0,d0_catastrophic,242,134,1,1,0,0,success,success
balance,D0,d0_catastrophic,242,135,0,1,1,0,non_lateral_balance_or_phase,success
balance,D0,d0_catastrophic,242,136,1,1,0,0,success,success
balance,D0,d0_catastrophic,242,137,1,1,0,0,success,success
balance,D0,d0_catastrophic,242,138,1,1,0,0,success,success
balance,D0,d0_catastrophic,242,139,1,1,0,0,success,success
balance,D0,d0_catastrophic,242,140,1,1,0,0,success,success
balance,D0,d0_catastrophic,242,141,1,1,0,0,success,success
balance,D0,d0_catastrophic,242,142,1,1,0,0,success,success
balance,D0,d0_catastrophic,242,143,1,1,0,0,success,success
balance,D0,d0_catastrophic,242,144,1,1,0,0,success,success
balance,D0,d0_catastrophic,242,145,1,1,0,0,success,success
balance,D0,d0_catastrophic,242,146,1,1,0,0,success,success
balance,D0,d0_catastrophic,242,147,1,1,0,0,success,success
balance,D0,d0_catastrophic,242,148,1,1,0,0,success,success
balance,D0,d0_catastrophic,242,149,1,1,0,0,success,success
balance,D0,d0_catastrophic,242,150,1,1,0,0,success,success
balance,D0,d0_catastrophic,242,151,1,1,0,0,success,success
balance,D0,d0_catastrophic,242,152,1,1,0,0,success,success
balance,D0,d0_catastrophic,242,153,1,1,0,0,success,success
balance,D0,d0_catastrophic,242,154,1,1,0,0,success,success
balance,D0,d0_catastrophic,242,155,1,1,0,0,success,success
balance,D0,d0_catastrophic,242,156,1,1,0,0,success,success
balance,D0,d0_catastrophic,242,157,1,1,0,0,success,success
balance,D0,d0_catastrophic,242,158,1,1,0,0,success,success
balance,D0,d0_catastrophic,242,159,1,1,0,0,success,success
balance,D0,d0_catastrophic,242,160,1,1,0,0,success,success
balance,D0,d0_catastrophic,242,161,1,1,0,0,success,success
balance,D0,d0_catastrophic,242,162,1,1,0,0,success,success
balance,D0,d0_catastrophic,242,163,1,1,0,0,success,success
balance,D0,d0_catastrophic,242,164,1,1,0,0,success,success
balance,D0,d0_catastrophic,242,165,1,1,0,0,success,success
balance,D0,d0_catastrophic,242,166,1,1,0,0,success,success
balance,D0,d0_catastrophic,242,167,1,1,0,0,success,success
balance,D0,d0_catastrophic,242,168,1,1,0,0,success,success
balance,D0,d0_catastrophic,242,169,1,1,0,0,success,success
balance,D0,d0_catastrophic,242,170,1,1,0,0,success,success
balance,D0,d0_catastrophic,242,171,1,1,0,0,success,success
balance,D0,d0_catastrophic,242,172,1,1,0,0,success,success
balance,D0,d0_catastrophic,242,173,1,1,0,0,success,success
balance,D0,d0_catastrophic,242,174,1,1,0,0,success,success
balance,D0,d0_catastrophic,242,175,1,1,0,0,success,success
balance,D0,d0_catastrophic,242,176,1,1,0,0,success,success
balance,D0,d0_catastrophic,242,177,1,1,0,0,success,success
balance,D0,d0_catastrophic,242,178,1,1,0,0,success,success
balance,D0,d0_catastrophic,242,179,1,1,0,0,success,success
balance,D0,d0_catastrophic,242,180,1,1,0,0,success,success
balance,D0,d0_catastrophic,242,181,1,1,0,0,success,success
balance,D0,d0_catastrophic,242,182,1,1,0,0,success,success
balance,D0,d0_catastrophic,242,183,1,1,0,0,success,success
balance,D0,d0_catastrophic,242,184,1,1,0,0,success,success
balance,D0,d0_catastrophic,242,185,1,1,0,0,success,success
balance,D0,d0_catastrophic,242,186,1,1,0,0,success,success
balance,D0,d0_catastrophic,242,187,1,1,0,0,success,success
balance,D0,d0_catastrophic,242,188,1,1,0,0,success,success
balance,D0,d0_catastrophic,242,189,1,1,0,0,success,success
balance,D0,d0_catastrophic,242,190,1,1,0,0,success,success
balance,D0,d0_catastrophic,242,191,1,1,0,0,success,success
balance,D0,d0_catastrophic,242,192,1,1,0,0,success,success
balance,D0,d0_catastrophic,242,193,1,1,0,0,success,success
balance,D0,d0_catastrophic,242,194,1,1,0,0,success,success
balance,D0,d0_catastrophic,242,195,0,1,1,0,non_lateral_high_cbf_demand,success
balance,D0,d0_catastrophic,242,196,1,1,0,0,success,success
balance,D0,d0_catastrophic,242,197,1,1,0,0,success,success
balance,D0,d0_catastrophic,242,198,1,1,0,0,success,success
balance,D0,d0_catastrophic,242,199,1,1,0,0,success,success
balance,D0,d0_catastrophic,242,200,1,1,0,0,success,success
balance,D0,d0_catastrophic,242,201,1,1,0,0,success,success
balance,D0,d0_catastrophic,242,202,1,1,0,0,success,success
balance,D0,d0_catastrophic,242,203,1,1,0,0,success,success
balance,D0,d0_catastrophic,242,204,1,1,0,0,success,success
balance,D0,d0_catastrophic,242,205,1,1,0,0,success,success
balance,D0,d0_catastrophic,242,206,1,1,0,0,success,success
balance,D0,d0_catastrophic,242,207,1,1,0,0,success,success
balance,D0,d0_catastrophic,242,208,1,1,0,0,success,success
balance,D0,d0_catastrophic,242,209,1,1,0,0,success,success
balance,D0,d0_catastrophic,242,210,1,1,0,0,success,success
balance,D0,d0_catastrophic,242,211,1,1,0,0,success,success
balance,D0,d0_catastrophic,242,212,1,1,0,0,success,success
balance,D0,d0_catastrophic,242,213,1,1,0,0,success,success
balance,D0,d0_catastrophic,242,214,1,1,0,0,success,success
balance,D0,d0_catastrophic,242,215,1,1,0,0,success,success
balance,D0,d0_catastrophic,242,216,1,1,0,0,success,success
balance,D0,d0_catastrophic,242,217,1,1,0,0,success,success
balance,D0,d0_catastrophic,242,218,1,1,0,0,success,success
balance,D0,d0_catastrophic,242,219,1,1,0,0,success,success
balance,D0,d0_catastrophic,242,220,1,1,0,0,success,success
balance,D0,d0_catastrophic,242,221,1,1,0,0,success,success
balance,D0,d0_catastrophic,242,222,1,1,0,0,success,success
balance,D0,d0_catastrophic,242,223,1,1,0,0,success,success
balance,D0,d0_catastrophic,242,224,1,1,0,0,success,success
balance,D0,d0_catastrophic,242,225,1,1,0,0,success,success
balance,D0,d0_catastrophic,242,226,1,1,0,0,success,success
balance,D0,d0_catastrophic,242,227,1,1,0,0,success,success
balance,D0,d0_catastrophic,242,228,1,1,0,0,success,success
balance,D0,d0_catastrophic,242,229,1,1,0,0,success,success
balance,D0,d0_catastrophic,242,230,1,1,0,0,success,success
balance,D0,d0_catastrophic,242,231,1,1,0,0,success,success
balance,D0,d0_catastrophic,242,232,1,1,0,0,success,success
balance,D0,d0_catastrophic,242,233,1,1,0,0,success,success
balance,D0,d0_catastrophic,242,234,1,1,0,0,success,success
balance,D0,d0_catastrophic,242,235,1,1,0,0,success,success
balance,D0,d0_catastrophic,242,236,1,1,0,0,success,success
balance,D0,d0_catastrophic,242,237,1,1,0,0,success,success
balance,D0,d0_catastrophic,242,238,1,1,0,0,success,success
balance,D0,d0_catastrophic,242,239,1,1,0,0,success,success
balance,D0,d0_catastrophic,242,240,1,1,0,0,success,success
balance,D0,d0_catastrophic,242,241,1,1,0,0,success,success
balance,D0,d0_catastrophic,242,242,1,1,0,0,success,success
balance,D0,d0_catastrophic,242,243,1,1,0,0,success,success
balance,D0,d0_catastrophic,242,244,1,0,0,0,success,timeout_or_other_nonfall
balance,D0,d0_catastrophic,242,245,1,0,0,0,success,timeout_or_other_nonfall
balance,D0,d0_catastrophic,242,246,1,0,0,0,success,timeout_or_other_nonfall
balance,D0,d0_catastrophic,242,247,1,0,0,0,success,timeout_or_other_nonfall
balance,D0,d0_catastrophic,242,248,1,0,0,0,success,timeout_or_other_nonfall
balance,D0,d0_catastrophic,242,249,1,0,0,0,success,timeout_or_other_nonfall
balance,D0,d0_catastrophic,242,250,1,0,0,0,success,timeout_or_other_nonfall
balance,D0,d0_catastrophic,242,251,0,0,0,0,timeout_or_other_nonfall,timeout_or_other_nonfall
balance,D0,d0_catastrophic,242,252,0,0,0,0,timeout_or_other_nonfall,timeout_or_other_nonfall
balance,D0,d0_catastrophic,242,253,0,0,0,0,timeout_or_other_nonfall,timeout_or_other_nonfall
balance,D0,d0_catastrophic,242,254,0,0,0,0,timeout_or_other_nonfall,timeout_or_other_nonfall
balance,D0,d0_catastrophic,242,255,0,0,0,0,timeout_or_other_nonfall,timeout_or_other_nonfall
