candidate_index,riser_height_m,clearance_barrier_slope,evaluation_seed,environment_id,off_success,on_success,off_fell,on_fell,off_toe_riser_kick,on_toe_riser_kick,off_max_riser,on_max_riser,off_would_intervene_count,on_intervention_count
0,0.17,0.8,147260000,0,False,True,True,False,True,True,7,9,48,44
0,0.17,0.8,147260000,1,False,True,True,False,True,True,4,9,49,51
0,0.17,0.8,147260000,2,True,True,False,False,True,True,9,9,41,57
0,0.17,0.8,147260000,3,False,False,True,True,True,True,7,4,65,45
0,0.17,0.8,147260000,4,False,False,True,True,True,True,6,5,33,57
0,0.17,0.8,147260000,5,False,True,True,False,True,True,1,9,16,48
0,0.17,0.8,147260000,6,True,True,False,False,True,True,9,9,45,32
0,0.17,0.8,147260000,7,True,True,False,False,True,True,9,9,38,32
0,0.17,0.8,147260000,8,True,True,False,False,True,True,9,9,43,45
0,0.17,0.8,147260000,9,False,True,True,False,True,True,8,9,66,38
0,0.17,0.8,147260000,10,False,True,True,False,True,True,3,9,28,46
0,0.17,0.8,147260000,11,False,True,True,False,True,True,7,9,35,47
0,0.17,0.8,147260000,12,False,True,True,False,True,True,7,9,44,44
0,0.17,0.8,147260000,13,False,True,True,False,True,True,9,9,61,36
0,0.17,0.8,147260000,14,False,False,True,True,True,True,9,7,50,73
0,0.17,0.8,147260000,15,False,False,True,True,True,True,8,5,45,48
0,0.17,0.8,147260000,16,True,True,False,False,True,True,9,9,35,87
0,0.17,0.8,147260000,17,True,True,False,False,True,True,9,9,59,42
0,0.17,0.8,147260000,18,False,True,True,False,True,True,8,9,74,46
0,0.17,0.8,147260000,19,True,True,False,False,True,True,9,9,63,38
0,0.17,0.8,147260000,20,False,True,True,False,True,True,7,9,47,42
0,0.17,0.8,147260000,21,True,True,False,False,True,True,9,9,59,47
0,0.17,0.8,147260000,22,True,True,False,False,True,True,9,9,99,49
0,0.17,0.8,147260000,23,True,True,False,False,True,True,9,9,54,37
0,0.17,0.8,147260000,24,True,True,False,False,True,True,9,9,36,41
0,0.17,0.8,147260000,25,True,True,False,False,True,True,9,9,52,36
0,0.17,0.8,147260000,26,True,True,False,False,True,True,9,9,35,46
0,0.17,0.8,147260000,27,False,False,True,True,True,True,8,9,66,60
0,0.17,0.8,147260000,28,True,True,False,False,True,True,9,9,42,42
0,0.17,0.8,147260000,29,True,True,False,False,True,True,9,9,57,55
0,0.17,0.8,147260000,30,True,True,False,False,True,True,9,9,65,61
0,0.17,0.8,147260000,31,True,True,False,False,True,True,9,9,43,42
0,0.17,0.8,147260000,32,True,False,False,True,True,True,9,3,46,75
0,0.17,0.8,147260000,33,False,True,True,False,True,True,9,9,43,42
0,0.17,0.8,147260000,34,True,False,False,True,True,True,9,8,34,72
0,0.17,0.8,147260000,35,True,True,False,False,True,True,9,9,40,43
0,0.17,0.8,147260000,36,True,True,False,False,True,True,9,9,36,38
0,0.17,0.8,147260000,37,False,True,True,False,True,True,4,9,67,44
0,0.17,0.8,147260000,38,True,True,False,False,True,True,9,9,44,27
0,0.17,0.8,147260000,39,True,True,False,False,True,True,9,9,42,38
0,0.17,0.8,147260000,40,True,True,False,False,True,True,9,9,40,52
0,0.17,0.8,147260000,41,True,True,False,False,True,True,9,9,47,40
0,0.17,0.8,147260000,42,True,True,False,False,True,True,9,9,51,49
0,0.17,0.8,147260000,43,True,True,False,False,True,True,9,9,39,50
0,0.17,0.8,147260000,44,True,True,False,False,True,True,9,9,51,48
0,0.17,0.8,147260000,45,True,False,False,True,True,True,9,9,74,79
0,0.17,0.8,147260000,46,True,True,False,False,True,True,9,9,36,26
0,0.17,0.8,147260000,47,True,True,False,False,True,True,9,9,32,61
0,0.17,0.8,147260000,48,True,True,False,False,True,True,9,9,41,37
0,0.17,0.8,147260000,49,True,True,False,False,True,True,9,9,45,32
0,0.17,0.8,147260000,50,True,False,False,True,True,True,9,9,47,24
0,0.17,0.8,147260000,51,True,True,False,False,True,True,9,9,56,35
0,0.17,0.8,147260000,52,False,True,True,False,True,True,8,9,41,36
0,0.17,0.8,147260000,53,False,True,True,False,True,True,9,9,49,53
0,0.17,0.8,147260000,54,True,True,False,False,True,True,9,9,35,43
0,0.17,0.8,147260000,55,True,True,False,False,True,True,9,9,30,51
0,0.17,0.8,147260000,56,False,False,True,True,True,True,5,8,26,46
0,0.17,0.8,147260000,57,True,True,False,False,True,True,9,9,41,40
0,0.17,0.8,147260000,58,True,False,False,True,True,True,9,9,47,54
0,0.17,0.8,147260000,59,True,True,False,False,True,True,9,9,56,40
0,0.17,0.8,147260000,60,True,True,False,False,True,True,9,9,41,57
0,0.17,0.8,147260000,61,True,True,False,False,True,True,9,9,36,39
0,0.17,0.8,147260000,62,True,False,False,True,True,True,9,3,53,35
0,0.17,0.8,147260000,63,True,True,False,False,True,True,9,9,34,60
0,0.17,0.8,147260000,64,False,True,True,False,False,True,1,9,20,38
0,0.17,0.8,147260000,65,True,True,False,False,True,True,9,9,60,47
0,0.17,0.8,147260000,66,True,True,False,False,True,True,9,9,46,80
0,0.17,0.8,147260000,67,False,True,True,False,True,True,2,9,14,44
0,0.17,0.8,147260000,68,True,True,False,False,True,True,9,9,51,31
0,0.17,0.8,147260000,69,True,True,False,False,True,True,9,9,44,58
0,0.17,0.8,147260000,70,True,True,False,False,True,True,9,9,52,39
0,0.17,0.8,147260000,71,True,True,False,False,True,True,9,9,38,38
0,0.17,0.8,147260000,72,False,False,True,True,True,True,4,9,64,53
0,0.17,0.8,147260000,73,False,True,True,False,True,True,9,9,66,28
0,0.17,0.8,147260000,74,True,True,False,False,True,True,9,9,44,41
0,0.17,0.8,147260000,75,True,True,False,False,True,True,9,9,49,37
0,0.17,0.8,147260000,76,False,False,True,True,True,True,6,5,69,79
0,0.17,0.8,147260000,77,True,False,False,True,True,True,9,8,57,65
0,0.17,0.8,147260000,78,True,True,False,False,True,True,9,9,57,40
0,0.17,0.8,147260000,79,True,True,False,False,True,True,9,9,50,43
0,0.17,0.8,147260000,80,True,True,False,False,True,True,9,9,56,49
0,0.17,0.8,147260000,81,False,True,True,False,True,True,6,9,26,49
0,0.17,0.8,147260000,82,True,False,False,True,True,True,9,7,55,62
0,0.17,0.8,147260000,83,False,True,True,False,True,True,9,9,31,51
0,0.17,0.8,147260000,84,False,False,True,True,True,True,3,9,27,53
0,0.17,0.8,147260000,85,True,True,False,False,True,True,9,9,43,40
0,0.17,0.8,147260000,86,False,False,True,True,True,True,7,8,40,58
0,0.17,0.8,147260000,87,True,True,False,False,True,True,9,9,44,33
0,0.17,0.8,147260000,88,True,True,False,False,True,True,9,9,61,39
0,0.17,0.8,147260000,89,True,True,False,False,True,True,9,9,51,48
0,0.17,0.8,147260000,90,False,True,True,False,True,True,7,9,64,44
0,0.17,0.8,147260000,91,True,True,False,False,True,True,9,9,36,50
0,0.17,0.8,147260000,92,True,True,False,False,True,True,9,9,70,80
0,0.17,0.8,147260000,93,True,True,False,False,True,True,9,9,46,49
0,0.17,0.8,147260000,94,True,True,False,False,True,True,9,9,53,35
0,0.17,0.8,147260000,95,True,True,False,False,True,True,9,9,51,40
0,0.17,0.8,147260000,96,True,True,False,False,True,True,9,9,54,49
0,0.17,0.8,147260000,97,True,True,False,False,True,True,9,9,48,50
0,0.17,0.8,147260000,98,True,True,False,False,True,True,9,9,38,29
0,0.17,0.8,147260000,99,True,False,False,True,True,True,9,8,60,60
0,0.17,0.8,147260000,100,True,True,False,False,True,True,9,9,37,43
0,0.17,0.8,147260000,101,True,True,False,False,True,True,9,9,45,57
0,0.17,0.8,147260000,102,False,True,True,False,True,True,8,9,75,37
0,0.17,0.8,147260000,103,True,True,False,False,True,True,9,9,39,50
0,0.17,0.8,147260000,104,True,True,False,False,True,True,9,9,55,39
0,0.17,0.8,147260000,105,False,True,True,False,True,True,3,9,29,54
0,0.17,0.8,147260000,106,True,True,False,False,True,True,9,9,53,43
0,0.17,0.8,147260000,107,True,True,False,False,True,True,9,9,42,41
0,0.17,0.8,147260000,108,True,True,False,False,True,True,9,9,43,45
0,0.17,0.8,147260000,109,True,True,False,False,True,True,9,9,55,41
0,0.17,0.8,147260000,110,True,True,False,False,True,True,9,9,38,30
0,0.17,0.8,147260000,111,True,True,False,False,True,True,9,9,42,52
0,0.17,0.8,147260000,112,False,False,True,True,True,True,8,6,57,60
0,0.17,0.8,147260000,113,True,True,False,False,True,True,9,9,44,41
0,0.17,0.8,147260000,114,False,True,True,False,True,True,9,9,42,45
0,0.17,0.8,147260000,115,True,True,False,False,True,True,9,9,37,37
0,0.17,0.8,147260000,116,False,True,True,False,True,True,8,9,92,49
0,0.17,0.8,147260000,117,True,True,False,False,True,True,9,9,72,44
0,0.17,0.8,147260000,118,True,True,False,False,True,True,9,9,47,47
0,0.17,0.8,147260000,119,False,False,True,True,True,True,9,7,48,63
0,0.17,0.8,147260000,120,True,True,False,False,True,True,9,9,34,68
0,0.17,0.8,147260000,121,True,True,False,False,True,True,9,9,52,55
0,0.17,0.8,147260000,122,False,True,True,False,True,True,2,9,274,35
0,0.17,0.8,147260000,123,True,True,False,False,True,True,9,9,33,50
0,0.17,0.8,147260000,124,True,False,False,True,True,True,9,5,51,67
0,0.17,0.8,147260000,125,True,True,False,False,True,True,9,9,59,60
0,0.17,0.8,147260000,126,True,False,False,True,True,True,9,9,38,48
0,0.17,0.8,147260000,127,False,True,True,False,True,True,8,9,75,54
0,0.17,0.8,147260001,0,False,True,True,False,True,True,9,9,90,49
0,0.17,0.8,147260001,1,True,False,False,True,True,True,9,9,75,114
0,0.17,0.8,147260001,2,False,True,True,False,True,True,7,9,42,53
0,0.17,0.8,147260001,3,True,True,False,False,True,True,9,9,56,45
0,0.17,0.8,147260001,4,True,False,False,True,True,True,9,1,46,35
0,0.17,0.8,147260001,5,False,True,True,False,True,True,4,9,46,39
0,0.17,0.8,147260001,6,True,True,False,False,True,True,9,9,44,41
0,0.17,0.8,147260001,7,True,True,False,False,True,True,9,9,48,35
0,0.17,0.8,147260001,8,True,True,False,False,True,True,9,9,51,47
0,0.17,0.8,147260001,9,True,True,False,False,True,True,9,9,39,45
0,0.17,0.8,147260001,10,False,False,True,True,True,True,9,9,59,40
0,0.17,0.8,147260001,11,True,False,False,True,True,True,9,9,30,33
0,0.17,0.8,147260001,12,True,False,False,True,True,False,9,3,42,32
0,0.17,0.8,147260001,13,True,True,False,False,True,True,9,9,50,63
0,0.17,0.8,147260001,14,False,True,True,False,True,True,9,9,29,50
0,0.17,0.8,147260001,15,False,True,True,False,True,True,9,9,31,38
0,0.17,0.8,147260001,16,True,True,False,False,True,True,9,9,35,36
0,0.17,0.8,147260001,17,True,False,False,True,True,True,9,4,34,42
0,0.17,0.8,147260001,18,True,True,False,False,True,True,9,9,35,52
0,0.17,0.8,147260001,19,True,True,False,False,True,True,9,9,51,52
0,0.17,0.8,147260001,20,False,True,True,False,True,True,9,9,51,20
0,0.17,0.8,147260001,21,False,True,True,False,True,True,5,9,30,53
0,0.17,0.8,147260001,22,True,True,False,False,True,True,9,9,45,43
0,0.17,0.8,147260001,23,False,True,True,False,True,True,3,9,19,39
0,0.17,0.8,147260001,24,True,True,False,False,True,True,9,9,64,45
0,0.17,0.8,147260001,25,True,True,False,False,True,True,9,9,41,51
0,0.17,0.8,147260001,26,True,True,False,False,True,True,9,9,35,36
0,0.17,0.8,147260001,27,True,True,False,False,True,True,9,9,49,52
0,0.17,0.8,147260001,28,True,False,False,True,True,True,9,6,33,53
0,0.17,0.8,147260001,29,False,True,True,False,True,True,3,9,29,46
0,0.17,0.8,147260001,30,True,True,False,False,True,True,9,9,41,59
0,0.17,0.8,147260001,31,True,True,False,False,True,True,9,9,40,58
0,0.17,0.8,147260001,32,True,True,False,False,True,True,9,9,49,64
0,0.17,0.8,147260001,33,True,False,False,True,True,True,9,5,33,38
0,0.17,0.8,147260001,34,False,True,True,False,False,True,1,9,16,38
0,0.17,0.8,147260001,35,True,True,False,False,True,True,9,9,46,46
0,0.17,0.8,147260001,36,True,True,False,False,True,True,9,9,34,36
0,0.17,0.8,147260001,37,True,True,False,False,True,True,9,9,46,44
0,0.17,0.8,147260001,38,True,True,False,False,True,True,9,9,45,38
0,0.17,0.8,147260001,39,True,False,False,True,True,True,9,7,35,37
0,0.17,0.8,147260001,40,False,True,True,False,True,True,9,9,47,37
0,0.17,0.8,147260001,41,True,True,False,False,True,True,9,9,44,49
0,0.17,0.8,147260001,42,False,True,True,False,True,True,9,9,47,49
0,0.17,0.8,147260001,43,False,False,True,True,True,True,4,4,25,26
0,0.17,0.8,147260001,44,True,True,False,False,True,True,9,9,39,45
0,0.17,0.8,147260001,45,True,True,False,False,True,True,9,9,35,46
0,0.17,0.8,147260001,46,True,False,False,True,True,True,9,9,52,54
0,0.17,0.8,147260001,47,False,False,True,True,True,True,9,2,59,43
0,0.17,0.8,147260001,48,True,True,False,False,True,True,9,9,41,47
0,0.17,0.8,147260001,49,False,True,True,False,True,True,7,9,65,32
0,0.17,0.8,147260001,50,True,True,False,False,True,True,9,9,45,47
0,0.17,0.8,147260001,51,True,True,False,False,True,True,9,9,72,47
0,0.17,0.8,147260001,52,False,True,True,False,True,True,5,9,47,60
0,0.17,0.8,147260001,53,True,True,False,False,True,True,9,9,45,50
0,0.17,0.8,147260001,54,True,True,False,False,True,True,9,9,46,45
0,0.17,0.8,147260001,55,True,True,False,False,True,True,9,9,44,38
0,0.17,0.8,147260001,56,True,True,False,False,True,True,9,9,59,50
0,0.17,0.8,147260001,57,False,True,True,False,True,True,9,9,53,52
0,0.17,0.8,147260001,58,True,True,False,False,True,True,9,9,54,32
0,0.17,0.8,147260001,59,True,True,False,False,True,True,9,9,43,40
0,0.17,0.8,147260001,60,True,True,False,False,True,True,9,9,60,51
0,0.17,0.8,147260001,61,True,True,False,False,True,True,9,9,43,39
0,0.17,0.8,147260001,62,True,True,False,False,True,True,9,9,34,57
0,0.17,0.8,147260001,63,False,True,True,False,True,True,9,9,33,56
0,0.17,0.8,147260001,64,True,True,False,False,True,True,9,9,43,47
0,0.17,0.8,147260001,65,False,True,True,False,True,True,7,9,64,31
0,0.17,0.8,147260001,66,True,True,False,False,True,True,9,9,47,53
0,0.17,0.8,147260001,67,True,False,False,True,True,True,9,9,54,44
0,0.17,0.8,147260001,68,True,False,False,True,True,True,9,5,35,60
0,0.17,0.8,147260001,69,True,True,False,False,True,True,9,9,38,34
0,0.17,0.8,147260001,70,True,False,False,True,True,True,9,9,58,47
0,0.17,0.8,147260001,71,True,False,False,True,True,True,9,8,42,49
0,0.17,0.8,147260001,72,True,True,False,False,True,True,9,9,51,58
0,0.17,0.8,147260001,73,True,True,False,False,True,True,9,9,65,47
0,0.17,0.8,147260001,74,True,True,False,False,True,True,9,9,54,35
0,0.17,0.8,147260001,75,True,True,False,False,True,True,9,9,46,32
0,0.17,0.8,147260001,76,True,True,False,False,True,True,9,9,52,57
0,0.17,0.8,147260001,77,True,True,False,False,True,True,9,9,39,36
0,0.17,0.8,147260001,78,True,True,False,False,True,True,9,9,42,43
0,0.17,0.8,147260001,79,True,False,False,True,True,True,9,6,44,56
0,0.17,0.8,147260001,80,True,False,False,True,True,True,9,7,35,71
0,0.17,0.8,147260001,81,True,False,False,True,True,True,9,9,29,53
0,0.17,0.8,147260001,82,True,True,False,False,True,True,9,9,35,40
0,0.17,0.8,147260001,83,True,True,False,False,True,True,9,9,56,60
0,0.17,0.8,147260001,84,True,True,False,False,True,True,9,9,47,29
0,0.17,0.8,147260001,85,True,True,False,False,True,True,9,9,38,54
0,0.17,0.8,147260001,86,False,True,True,False,True,True,3,9,39,75
0,0.17,0.8,147260001,87,True,True,False,False,True,True,9,9,69,38
0,0.17,0.8,147260001,88,True,True,False,False,True,True,9,9,37,40
0,0.17,0.8,147260001,89,True,True,False,False,True,True,9,9,70,40
0,0.17,0.8,147260001,90,True,True,False,False,True,True,9,9,59,47
0,0.17,0.8,147260001,91,False,False,True,True,True,True,8,8,78,79
0,0.17,0.8,147260001,92,False,True,True,False,True,True,9,9,50,44
0,0.17,0.8,147260001,93,True,True,False,False,True,True,9,9,49,57
0,0.17,0.8,147260001,94,True,True,False,False,True,True,9,9,48,39
0,0.17,0.8,147260001,95,True,True,False,False,True,True,9,9,62,39
0,0.17,0.8,147260001,96,True,False,False,True,True,True,9,9,44,53
0,0.17,0.8,147260001,97,False,True,True,False,True,True,8,9,61,53
0,0.17,0.8,147260001,98,True,True,False,False,True,True,9,9,34,51
0,0.17,0.8,147260001,99,True,True,False,False,True,True,9,9,45,48
0,0.17,0.8,147260001,100,True,True,False,False,True,True,9,9,55,43
0,0.17,0.8,147260001,101,True,True,False,False,True,True,9,9,51,37
0,0.17,0.8,147260001,102,True,True,False,False,True,True,9,9,40,53
0,0.17,0.8,147260001,103,True,False,False,True,True,True,9,7,50,35
0,0.17,0.8,147260001,104,True,True,False,False,True,True,9,9,32,50
0,0.17,0.8,147260001,105,True,True,False,False,True,True,9,9,64,48
0,0.17,0.8,147260001,106,False,True,True,False,True,True,9,9,33,62
0,0.17,0.8,147260001,107,True,True,False,False,True,True,9,9,61,69
0,0.17,0.8,147260001,108,True,True,False,False,True,True,9,9,49,53
0,0.17,0.8,147260001,109,True,True,False,False,True,True,9,9,51,40
0,0.17,0.8,147260001,110,True,True,False,False,True,True,9,9,41,39
0,0.17,0.8,147260001,111,False,True,True,False,True,True,9,9,50,36
0,0.17,0.8,147260001,112,False,True,True,False,True,True,9,9,50,30
0,0.17,0.8,147260001,113,True,True,False,False,True,True,9,9,49,35
0,0.17,0.8,147260001,114,False,True,True,False,True,True,6,9,44,44
0,0.17,0.8,147260001,115,True,True,False,False,True,True,9,9,33,42
0,0.17,0.8,147260001,116,True,True,False,False,True,True,9,9,49,40
0,0.17,0.8,147260001,117,True,True,False,False,True,True,9,9,40,44
0,0.17,0.8,147260001,118,False,False,True,True,True,True,9,8,46,61
0,0.17,0.8,147260001,119,False,False,True,True,True,True,9,7,47,46
0,0.17,0.8,147260001,120,False,True,True,False,True,True,4,9,25,45
0,0.17,0.8,147260001,121,True,True,False,False,True,True,9,9,61,45
0,0.17,0.8,147260001,122,False,False,True,True,True,True,9,9,48,36
0,0.17,0.8,147260001,123,False,True,True,False,True,True,9,9,81,42
0,0.17,0.8,147260001,124,False,False,True,True,True,True,9,5,38,40
0,0.17,0.8,147260001,125,True,False,False,True,True,True,9,5,35,36
0,0.17,0.8,147260001,126,False,True,True,False,True,True,9,9,50,32
0,0.17,0.8,147260001,127,True,True,False,False,True,True,9,9,39,62
1,0.172,0.8,147260100,0,True,True,False,False,True,True,9,9,37,43
1,0.172,0.8,147260100,1,True,True,False,False,True,True,9,9,55,51
1,0.172,0.8,147260100,2,True,True,False,False,True,True,9,9,58,61
1,0.172,0.8,147260100,3,True,True,False,False,True,True,9,9,42,46
1,0.172,0.8,147260100,4,True,True,False,False,True,True,9,9,41,46
1,0.172,0.8,147260100,5,True,True,False,False,True,True,9,9,67,42
1,0.172,0.8,147260100,6,True,True,False,False,True,True,9,9,47,41
1,0.172,0.8,147260100,7,True,True,False,False,True,True,9,9,41,40
1,0.172,0.8,147260100,8,True,True,False,False,True,True,9,9,81,50
1,0.172,0.8,147260100,9,True,True,False,False,True,True,9,9,37,31
1,0.172,0.8,147260100,10,False,True,True,False,True,True,6,9,53,44
1,0.172,0.8,147260100,11,True,True,False,False,True,True,9,9,35,46
1,0.172,0.8,147260100,12,True,True,False,False,True,True,9,9,33,63
1,0.172,0.8,147260100,13,True,True,False,False,True,True,9,9,75,74
1,0.172,0.8,147260100,14,True,True,False,False,True,True,9,9,54,48
1,0.172,0.8,147260100,15,True,False,False,True,True,True,9,9,37,50
1,0.172,0.8,147260100,16,True,True,False,False,True,True,9,9,65,47
1,0.172,0.8,147260100,17,True,True,False,False,True,True,9,9,35,44
1,0.172,0.8,147260100,18,True,True,False,False,True,True,9,9,50,42
1,0.172,0.8,147260100,19,True,True,False,False,True,True,9,9,33,36
1,0.172,0.8,147260100,20,False,False,True,True,True,True,9,8,48,48
1,0.172,0.8,147260100,21,False,False,True,True,True,True,8,9,52,59
1,0.172,0.8,147260100,22,False,True,True,False,True,True,9,9,67,50
1,0.172,0.8,147260100,23,True,True,False,False,True,True,9,9,36,54
1,0.172,0.8,147260100,24,True,False,False,True,True,True,9,7,48,63
1,0.172,0.8,147260100,25,True,False,False,True,True,True,9,5,30,36
1,0.172,0.8,147260100,26,False,True,True,False,True,True,9,9,43,40
1,0.172,0.8,147260100,27,True,True,False,False,True,True,9,9,40,58
1,0.172,0.8,147260100,28,True,True,False,False,True,True,9,9,41,54
1,0.172,0.8,147260100,29,True,True,False,False,True,True,9,9,47,67
1,0.172,0.8,147260100,30,True,True,False,False,True,True,9,9,44,49
1,0.172,0.8,147260100,31,False,True,True,False,True,True,9,9,44,54
1,0.172,0.8,147260100,32,False,True,True,False,True,True,3,9,71,47
1,0.172,0.8,147260100,33,True,False,False,True,True,True,9,4,53,30
1,0.172,0.8,147260100,34,True,True,False,False,True,True,9,9,46,35
1,0.172,0.8,147260100,35,False,True,True,False,True,True,6,9,60,40
1,0.172,0.8,147260100,36,True,False,False,True,True,True,9,8,35,52
1,0.172,0.8,147260100,37,False,False,True,True,True,True,9,3,51,57
1,0.172,0.8,147260100,38,True,True,False,False,True,True,9,9,40,65
1,0.172,0.8,147260100,39,False,True,True,False,True,True,8,9,73,48
1,0.172,0.8,147260100,40,False,True,True,False,True,True,8,9,62,80
1,0.172,0.8,147260100,41,True,True,False,False,True,True,9,9,46,35
1,0.172,0.8,147260100,42,True,True,False,False,True,True,9,9,48,39
1,0.172,0.8,147260100,43,True,True,False,False,True,True,9,9,45,41
1,0.172,0.8,147260100,44,True,True,False,False,True,True,9,9,51,38
1,0.172,0.8,147260100,45,False,True,True,False,True,True,3,9,40,55
1,0.172,0.8,147260100,46,True,True,False,False,True,True,9,9,44,41
1,0.172,0.8,147260100,47,False,False,True,True,True,True,5,2,35,42
1,0.172,0.8,147260100,48,True,True,False,False,True,True,9,9,45,63
1,0.172,0.8,147260100,49,True,True,False,False,True,True,9,9,39,36
1,0.172,0.8,147260100,50,True,True,False,False,True,True,9,9,49,47
1,0.172,0.8,147260100,51,True,False,False,True,True,True,9,5,39,27
1,0.172,0.8,147260100,52,True,True,False,False,True,True,9,9,48,53
1,0.172,0.8,147260100,53,False,False,True,True,True,True,7,5,36,56
1,0.172,0.8,147260100,54,True,True,False,False,True,True,9,9,37,37
1,0.172,0.8,147260100,55,True,True,False,False,True,True,9,9,44,43
1,0.172,0.8,147260100,56,True,True,False,False,True,True,9,9,40,50
1,0.172,0.8,147260100,57,True,True,False,False,True,True,9,9,55,66
1,0.172,0.8,147260100,58,False,True,True,False,True,True,6,9,84,31
1,0.172,0.8,147260100,59,True,True,False,False,True,True,9,9,44,47
1,0.172,0.8,147260100,60,True,True,False,False,True,True,9,9,72,39
1,0.172,0.8,147260100,61,True,True,False,False,True,True,9,9,37,76
1,0.172,0.8,147260100,62,True,True,False,False,True,True,9,9,52,59
1,0.172,0.8,147260100,63,False,False,True,True,True,True,9,6,47,52
1,0.172,0.8,147260100,64,True,True,False,False,True,True,9,9,56,31
1,0.172,0.8,147260100,65,False,False,True,True,True,True,6,7,61,44
1,0.172,0.8,147260100,66,True,True,False,False,True,True,9,9,64,35
1,0.172,0.8,147260100,67,True,True,False,False,True,True,9,9,44,42
1,0.172,0.8,147260100,68,True,True,False,False,True,True,9,9,44,42
1,0.172,0.8,147260100,69,True,True,False,False,True,True,9,9,39,49
1,0.172,0.8,147260100,70,True,True,False,False,True,True,9,9,38,50
1,0.172,0.8,147260100,71,True,True,False,False,True,True,9,9,39,34
1,0.172,0.8,147260100,72,False,True,True,False,True,True,1,9,24,49
1,0.172,0.8,147260100,73,True,True,False,False,True,True,9,9,47,63
1,0.172,0.8,147260100,74,True,False,False,True,True,True,9,4,38,32
1,0.172,0.8,147260100,75,True,False,False,True,True,True,9,8,78,68
1,0.172,0.8,147260100,76,False,True,True,False,True,True,8,9,53,49
1,0.172,0.8,147260100,77,False,True,True,False,True,True,9,9,66,55
1,0.172,0.8,147260100,78,False,True,True,False,True,True,7,9,37,51
1,0.172,0.8,147260100,79,True,True,False,False,True,True,9,9,44,32
1,0.172,0.8,147260100,80,True,False,False,True,True,True,9,4,57,20
1,0.172,0.8,147260100,81,False,True,True,False,True,True,9,9,54,55
1,0.172,0.8,147260100,82,True,True,False,False,True,True,9,9,53,30
1,0.172,0.8,147260100,83,True,True,False,False,True,True,9,9,43,51
1,0.172,0.8,147260100,84,True,False,False,True,True,True,9,9,49,48
1,0.172,0.8,147260100,85,True,True,False,False,True,True,9,9,33,37
1,0.172,0.8,147260100,86,False,False,True,True,True,True,9,5,64,30
1,0.172,0.8,147260100,87,True,True,False,False,True,True,9,9,39,34
1,0.172,0.8,147260100,88,True,True,False,False,True,True,9,9,35,25
1,0.172,0.8,147260100,89,False,True,True,False,True,True,9,9,51,43
1,0.172,0.8,147260100,90,True,True,False,False,True,True,9,9,56,42
1,0.172,0.8,147260100,91,True,True,False,False,True,True,9,9,54,36
1,0.172,0.8,147260100,92,True,True,False,False,True,True,9,9,45,44
1,0.172,0.8,147260100,93,False,True,True,False,True,True,4,9,39,54
1,0.172,0.8,147260100,94,True,True,False,False,True,True,9,9,43,49
1,0.172,0.8,147260100,95,True,True,False,False,True,True,9,9,40,34
1,0.172,0.8,147260100,96,True,True,False,False,True,True,9,9,42,54
1,0.172,0.8,147260100,97,True,True,False,False,True,True,9,9,53,37
1,0.172,0.8,147260100,98,True,True,False,False,True,True,9,9,42,44
1,0.172,0.8,147260100,99,True,True,False,False,True,True,9,9,36,54
1,0.172,0.8,147260100,100,True,False,False,True,True,True,9,7,44,40
1,0.172,0.8,147260100,101,True,True,False,False,True,True,9,9,49,43
1,0.172,0.8,147260100,102,True,True,False,False,True,True,9,9,55,26
1,0.172,0.8,147260100,103,False,True,True,False,True,True,1,9,30,63
1,0.172,0.8,147260100,104,True,True,False,False,True,True,9,9,44,45
1,0.172,0.8,147260100,105,False,True,True,False,True,True,1,9,30,44
1,0.172,0.8,147260100,106,True,True,False,False,True,True,9,9,40,41
1,0.172,0.8,147260100,107,True,True,False,False,True,True,9,9,47,39
1,0.172,0.8,147260100,108,True,True,False,False,True,True,9,9,37,42
1,0.172,0.8,147260100,109,True,True,False,False,True,True,9,9,45,39
1,0.172,0.8,147260100,110,True,False,False,True,True,True,9,9,34,64
1,0.172,0.8,147260100,111,True,True,False,False,True,True,9,9,42,47
1,0.172,0.8,147260100,112,True,True,False,False,True,True,9,9,40,39
1,0.172,0.8,147260100,113,True,True,False,False,True,True,9,9,38,51
1,0.172,0.8,147260100,114,True,True,False,False,True,True,9,9,43,46
1,0.172,0.8,147260100,115,False,True,True,False,True,True,7,9,58,32
1,0.172,0.8,147260100,116,False,False,True,True,True,True,4,4,28,37
1,0.172,0.8,147260100,117,True,True,False,False,True,True,9,9,49,43
1,0.172,0.8,147260100,118,True,True,False,False,True,True,9,9,42,47
1,0.172,0.8,147260100,119,True,True,False,False,True,True,9,9,47,48
1,0.172,0.8,147260100,120,True,True,False,False,True,True,9,9,47,41
1,0.172,0.8,147260100,121,True,True,False,False,True,True,9,9,45,55
1,0.172,0.8,147260100,122,True,True,False,False,True,True,9,9,43,34
1,0.172,0.8,147260100,123,True,True,False,False,True,True,9,9,68,48
1,0.172,0.8,147260100,124,True,False,False,True,True,True,9,9,41,52
1,0.172,0.8,147260100,125,False,True,True,False,True,True,7,9,54,44
1,0.172,0.8,147260100,126,True,True,False,False,True,True,9,9,41,52
1,0.172,0.8,147260100,127,False,True,True,False,True,True,1,9,114,54
1,0.172,0.8,147260101,0,True,True,False,False,True,True,9,9,39,46
1,0.172,0.8,147260101,1,True,True,False,False,True,True,9,9,50,54
1,0.172,0.8,147260101,2,False,True,True,False,True,True,9,9,76,48
1,0.172,0.8,147260101,3,True,True,False,False,True,True,9,9,51,44
1,0.172,0.8,147260101,4,True,True,False,False,True,True,9,9,44,47
1,0.172,0.8,147260101,5,True,True,False,False,True,True,9,9,61,37
1,0.172,0.8,147260101,6,True,False,False,True,True,True,9,9,37,62
1,0.172,0.8,147260101,7,False,True,True,False,True,True,3,9,24,43
1,0.172,0.8,147260101,8,True,True,False,False,True,True,9,9,45,62
1,0.172,0.8,147260101,9,False,True,True,False,True,True,1,9,18,38
1,0.172,0.8,147260101,10,False,True,True,False,True,True,9,9,54,37
1,0.172,0.8,147260101,11,True,False,False,True,True,True,9,5,46,43
1,0.172,0.8,147260101,12,True,True,False,False,True,True,9,9,34,45
1,0.172,0.8,147260101,13,True,True,False,False,True,True,9,9,38,39
1,0.172,0.8,147260101,14,True,True,False,False,True,True,9,9,51,26
1,0.172,0.8,147260101,15,True,True,False,False,True,True,9,9,42,39
1,0.172,0.8,147260101,16,True,False,False,True,True,True,9,9,57,83
1,0.172,0.8,147260101,17,True,True,False,False,True,True,9,9,48,59
1,0.172,0.8,147260101,18,True,True,False,False,True,True,9,9,63,37
1,0.172,0.8,147260101,19,True,True,False,False,True,True,9,9,46,43
1,0.172,0.8,147260101,20,True,True,False,False,True,True,9,9,51,45
1,0.172,0.8,147260101,21,True,True,False,False,True,True,9,9,44,39
1,0.172,0.8,147260101,22,False,True,True,False,True,True,9,9,42,36
1,0.172,0.8,147260101,23,False,True,True,False,True,True,5,9,56,40
1,0.172,0.8,147260101,24,False,True,True,False,True,True,9,9,34,62
1,0.172,0.8,147260101,25,True,True,False,False,True,True,9,9,41,52
1,0.172,0.8,147260101,26,True,True,False,False,True,True,9,9,39,102
1,0.172,0.8,147260101,27,True,True,False,False,True,True,9,9,72,48
1,0.172,0.8,147260101,28,False,True,True,False,True,True,9,9,39,46
1,0.172,0.8,147260101,29,False,True,True,False,True,True,8,9,58,51
1,0.172,0.8,147260101,30,False,True,True,False,True,True,9,9,50,55
1,0.172,0.8,147260101,31,True,False,False,True,True,True,9,1,32,22
1,0.172,0.8,147260101,32,False,True,True,False,True,True,3,9,39,53
1,0.172,0.8,147260101,33,False,True,True,False,True,True,3,9,52,55
1,0.172,0.8,147260101,34,False,True,True,False,True,True,8,9,93,38
1,0.172,0.8,147260101,35,True,True,False,False,True,True,9,9,34,28
1,0.172,0.8,147260101,36,False,True,True,False,True,True,6,9,96,45
1,0.172,0.8,147260101,37,True,False,False,True,True,True,9,5,43,36
1,0.172,0.8,147260101,38,False,True,True,False,True,True,7,9,45,37
1,0.172,0.8,147260101,39,False,True,True,False,True,True,9,9,35,36
1,0.172,0.8,147260101,40,True,True,False,False,True,True,9,9,55,52
1,0.172,0.8,147260101,41,True,True,False,False,True,True,9,9,56,51
1,0.172,0.8,147260101,42,True,True,False,False,True,True,9,9,45,40
1,0.172,0.8,147260101,43,True,True,False,False,True,True,9,9,43,48
1,0.172,0.8,147260101,44,True,True,False,False,True,True,9,9,38,48
1,0.172,0.8,147260101,45,True,True,False,False,True,True,9,9,48,45
1,0.172,0.8,147260101,46,True,True,False,False,True,True,9,9,38,46
1,0.172,0.8,147260101,47,True,False,False,True,True,True,9,2,34,33
1,0.172,0.8,147260101,48,True,True,False,False,True,True,9,9,36,52
1,0.172,0.8,147260101,49,True,True,False,False,True,True,9,9,59,41
1,0.172,0.8,147260101,50,True,False,False,True,True,True,9,8,54,38
1,0.172,0.8,147260101,51,False,True,True,False,True,True,5,9,30,42
1,0.172,0.8,147260101,52,True,True,False,False,True,True,9,9,44,56
1,0.172,0.8,147260101,53,False,True,True,False,True,True,4,9,51,51
1,0.172,0.8,147260101,54,True,False,False,True,True,True,9,9,47,50
1,0.172,0.8,147260101,55,False,True,True,False,False,True,2,9,29,64
1,0.172,0.8,147260101,56,True,False,False,True,True,True,9,3,43,17
1,0.172,0.8,147260101,57,False,False,True,True,True,True,9,6,41,59
1,0.172,0.8,147260101,58,False,False,True,True,True,True,8,7,58,60
1,0.172,0.8,147260101,59,True,False,False,True,True,True,9,8,48,48
1,0.172,0.8,147260101,60,True,True,False,False,True,True,9,9,66,45
1,0.172,0.8,147260101,61,True,True,False,False,True,True,9,9,49,43
1,0.172,0.8,147260101,62,False,True,True,False,True,True,7,9,124,36
1,0.172,0.8,147260101,63,False,True,True,False,True,True,3,9,18,25
1,0.172,0.8,147260101,64,True,True,False,False,True,True,9,9,46,49
1,0.172,0.8,147260101,65,False,True,True,False,True,True,9,9,48,50
1,0.172,0.8,147260101,66,True,True,False,False,True,True,9,9,53,43
1,0.172,0.8,147260101,67,True,False,False,True,True,True,9,9,57,58
1,0.172,0.8,147260101,68,True,False,False,True,True,True,9,7,43,40
1,0.172,0.8,147260101,69,True,True,False,False,True,True,9,9,36,44
1,0.172,0.8,147260101,70,True,True,False,False,True,True,9,9,57,59
1,0.172,0.8,147260101,71,True,True,False,False,True,True,9,9,61,30
1,0.172,0.8,147260101,72,True,False,False,True,True,True,9,4,46,52
1,0.172,0.8,147260101,73,True,True,False,False,True,True,9,9,44,52
1,0.172,0.8,147260101,74,True,True,False,False,True,True,9,9,33,47
1,0.172,0.8,147260101,75,True,True,False,False,True,True,9,9,41,40
1,0.172,0.8,147260101,76,True,True,False,False,True,True,9,9,50,60
1,0.172,0.8,147260101,77,True,False,False,True,True,True,9,9,53,47
1,0.172,0.8,147260101,78,True,True,False,False,True,True,9,9,48,28
1,0.172,0.8,147260101,79,True,False,False,True,True,True,9,8,38,53
1,0.172,0.8,147260101,80,True,True,False,False,True,True,9,9,42,36
1,0.172,0.8,147260101,81,True,True,False,False,True,True,9,9,57,49
1,0.172,0.8,147260101,82,True,True,False,False,True,True,9,9,52,39
1,0.172,0.8,147260101,83,True,False,False,True,True,True,9,3,43,37
1,0.172,0.8,147260101,84,False,True,True,False,True,True,5,9,45,35
1,0.172,0.8,147260101,85,True,True,False,False,True,True,9,9,38,41
1,0.172,0.8,147260101,86,True,False,False,True,True,True,9,4,33,74
1,0.172,0.8,147260101,87,True,True,False,False,True,True,9,9,42,45
1,0.172,0.8,147260101,88,False,True,True,False,True,True,7,9,64,39
1,0.172,0.8,147260101,89,True,True,False,False,True,True,9,9,37,38
1,0.172,0.8,147260101,90,True,True,False,False,True,True,9,9,44,38
1,0.172,0.8,147260101,91,True,False,False,True,True,True,9,5,54,22
1,0.172,0.8,147260101,92,True,True,False,False,True,True,9,9,39,33
1,0.172,0.8,147260101,93,True,False,False,True,True,True,9,9,48,100
1,0.172,0.8,147260101,94,True,True,False,False,True,True,9,9,56,36
1,0.172,0.8,147260101,95,True,True,False,False,True,True,9,9,36,35
1,0.172,0.8,147260101,96,True,True,False,False,True,True,9,9,52,61
1,0.172,0.8,147260101,97,True,True,False,False,True,True,9,9,39,32
1,0.172,0.8,147260101,98,True,True,False,False,True,True,9,9,53,36
1,0.172,0.8,147260101,99,True,False,False,True,True,True,9,3,42,29
1,0.172,0.8,147260101,100,True,False,False,True,True,True,9,5,46,60
1,0.172,0.8,147260101,101,True,True,False,False,True,True,9,9,26,49
1,0.172,0.8,147260101,102,True,True,False,False,True,True,9,9,59,52
1,0.172,0.8,147260101,103,True,True,False,False,True,True,9,9,48,51
1,0.172,0.8,147260101,104,True,True,False,False,True,True,9,9,51,65
1,0.172,0.8,147260101,105,True,True,False,False,True,True,9,9,45,29
1,0.172,0.8,147260101,106,True,True,False,False,True,True,9,9,49,37
1,0.172,0.8,147260101,107,False,True,True,False,True,True,9,9,49,43
1,0.172,0.8,147260101,108,True,True,False,False,True,True,9,9,69,48
1,0.172,0.8,147260101,109,True,True,False,False,True,True,9,9,42,40
1,0.172,0.8,147260101,110,False,True,True,False,True,True,9,9,100,42
1,0.172,0.8,147260101,111,False,True,True,False,True,True,6,9,52,48
1,0.172,0.8,147260101,112,True,True,False,False,True,True,9,9,63,54
1,0.172,0.8,147260101,113,False,True,True,False,True,True,9,9,35,47
1,0.172,0.8,147260101,114,True,True,False,False,True,True,9,9,41,52
1,0.172,0.8,147260101,115,True,True,False,False,True,True,9,9,57,46
1,0.172,0.8,147260101,116,True,False,False,True,True,True,9,3,49,21
1,0.172,0.8,147260101,117,False,True,True,False,True,True,9,9,45,57
1,0.172,0.8,147260101,118,True,False,False,True,True,True,9,8,77,45
1,0.172,0.8,147260101,119,True,True,False,False,True,True,9,9,42,43
1,0.172,0.8,147260101,120,True,True,False,False,True,True,9,9,41,36
1,0.172,0.8,147260101,121,True,False,False,True,True,True,9,9,42,44
1,0.172,0.8,147260101,122,True,True,False,False,True,True,9,9,58,50
1,0.172,0.8,147260101,123,False,True,True,False,True,True,8,9,54,53
1,0.172,0.8,147260101,124,True,True,False,False,True,True,9,9,41,38
1,0.172,0.8,147260101,125,True,False,False,True,True,True,9,3,64,42
1,0.172,0.8,147260101,126,True,False,False,True,True,True,9,8,51,49
1,0.172,0.8,147260101,127,True,True,False,False,True,True,9,9,40,41
2,0.174,0.8,147260200,0,True,True,False,False,True,True,9,9,38,54
2,0.174,0.8,147260200,1,True,True,False,False,True,True,9,9,41,47
2,0.174,0.8,147260200,2,True,True,False,False,True,True,9,9,69,52
2,0.174,0.8,147260200,3,True,False,False,True,True,True,9,6,62,79
2,0.174,0.8,147260200,4,True,True,False,False,True,True,9,9,30,47
2,0.174,0.8,147260200,5,True,True,False,False,True,True,9,9,79,45
2,0.174,0.8,147260200,6,True,True,False,False,True,True,9,9,53,39
2,0.174,0.8,147260200,7,False,True,True,False,True,True,8,9,56,46
2,0.174,0.8,147260200,8,True,True,False,False,True,True,9,9,41,47
2,0.174,0.8,147260200,9,True,False,False,True,True,True,9,5,86,39
2,0.174,0.8,147260200,10,True,True,False,False,True,True,9,9,49,56
2,0.174,0.8,147260200,11,True,True,False,False,True,True,9,9,38,37
2,0.174,0.8,147260200,12,True,False,False,True,True,True,9,9,52,34
2,0.174,0.8,147260200,13,False,True,True,False,True,True,4,9,44,57
2,0.174,0.8,147260200,14,False,True,True,False,True,True,9,9,43,58
2,0.174,0.8,147260200,15,False,False,True,True,True,True,9,4,49,56
2,0.174,0.8,147260200,16,False,True,True,False,True,True,9,9,44,23
2,0.174,0.8,147260200,17,True,True,False,False,True,True,9,9,44,49
2,0.174,0.8,147260200,18,True,True,False,False,True,True,9,9,51,45
2,0.174,0.8,147260200,19,True,True,False,False,True,True,9,9,51,44
2,0.174,0.8,147260200,20,True,True,False,False,True,True,9,9,50,48
2,0.174,0.8,147260200,21,True,False,False,True,True,True,9,9,41,25
2,0.174,0.8,147260200,22,True,True,False,False,True,True,9,9,43,50
2,0.174,0.8,147260200,23,True,True,False,False,True,True,9,9,59,34
2,0.174,0.8,147260200,24,True,True,False,False,True,True,9,9,51,41
2,0.174,0.8,147260200,25,True,True,False,False,True,True,9,9,40,33
2,0.174,0.8,147260200,26,False,True,True,False,True,True,5,9,29,64
2,0.174,0.8,147260200,27,False,True,True,False,True,True,9,9,75,42
2,0.174,0.8,147260200,28,True,True,False,False,True,True,9,9,45,46
2,0.174,0.8,147260200,29,True,True,False,False,True,True,9,9,41,47
2,0.174,0.8,147260200,30,True,True,False,False,True,True,9,9,59,52
2,0.174,0.8,147260200,31,True,True,False,False,True,True,9,9,49,43
2,0.174,0.8,147260200,32,True,True,False,False,True,True,9,9,64,32
2,0.174,0.8,147260200,33,True,True,False,False,True,True,9,9,40,47
2,0.174,0.8,147260200,34,False,True,True,False,True,True,7,9,61,56
2,0.174,0.8,147260200,35,False,True,True,False,False,True,1,9,16,30
2,0.174,0.8,147260200,36,False,False,True,True,True,True,9,9,65,48
2,0.174,0.8,147260200,37,True,True,False,False,True,True,9,9,35,41
2,0.174,0.8,147260200,38,True,True,False,False,True,True,9,9,56,42
2,0.174,0.8,147260200,39,True,False,False,True,True,True,9,9,28,29
2,0.174,0.8,147260200,40,False,True,True,False,True,True,4,9,85,55
2,0.174,0.8,147260200,41,True,True,False,False,True,True,9,9,37,44
2,0.174,0.8,147260200,42,False,False,True,True,True,True,9,8,74,39
2,0.174,0.8,147260200,43,True,True,False,False,True,True,9,9,52,53
2,0.174,0.8,147260200,44,False,True,True,False,True,True,7,9,45,62
2,0.174,0.8,147260200,45,True,True,False,False,True,True,9,9,35,45
2,0.174,0.8,147260200,46,True,True,False,False,True,True,9,9,50,49
2,0.174,0.8,147260200,47,True,False,False,True,True,True,9,6,36,44
2,0.174,0.8,147260200,48,True,True,False,False,True,True,9,9,45,41
2,0.174,0.8,147260200,49,True,True,False,False,True,True,9,9,44,44
2,0.174,0.8,147260200,50,False,True,True,False,True,True,3,9,63,50
2,0.174,0.8,147260200,51,True,True,False,False,True,True,9,9,93,42
2,0.174,0.8,147260200,52,True,False,False,True,True,False,9,2,31,24
2,0.174,0.8,147260200,53,True,True,False,False,True,True,9,9,56,37
2,0.174,0.8,147260200,54,False,False,True,True,True,True,6,6,39,52
2,0.174,0.8,147260200,55,False,True,True,False,True,True,9,9,52,42
2,0.174,0.8,147260200,56,False,False,True,True,False,True,1,4,29,27
2,0.174,0.8,147260200,57,False,True,True,False,True,True,9,9,38,46
2,0.174,0.8,147260200,58,True,False,False,True,True,True,9,9,42,67
2,0.174,0.8,147260200,59,True,False,False,True,True,True,9,7,33,56
2,0.174,0.8,147260200,60,True,False,False,True,True,True,9,3,32,74
2,0.174,0.8,147260200,61,False,True,True,False,True,True,7,9,39,34
2,0.174,0.8,147260200,62,False,False,True,True,True,True,2,9,45,74
2,0.174,0.8,147260200,63,False,True,True,False,True,True,9,9,50,52
2,0.174,0.8,147260200,64,False,True,True,False,True,True,5,9,54,40
2,0.174,0.8,147260200,65,True,True,False,False,True,True,9,9,30,35
2,0.174,0.8,147260200,66,True,True,False,False,True,True,9,9,46,52
2,0.174,0.8,147260200,67,True,True,False,False,True,True,9,9,44,37
2,0.174,0.8,147260200,68,False,True,True,False,True,True,8,9,67,49
2,0.174,0.8,147260200,69,True,False,False,True,True,True,9,4,48,31
2,0.174,0.8,147260200,70,True,True,False,False,True,True,9,9,40,49
2,0.174,0.8,147260200,71,True,True,False,False,True,True,9,9,53,62
2,0.174,0.8,147260200,72,True,True,False,False,True,True,9,9,49,34
2,0.174,0.8,147260200,73,True,True,False,False,True,True,9,9,89,48
2,0.174,0.8,147260200,74,True,True,False,False,True,True,9,9,40,45
2,0.174,0.8,147260200,75,True,True,False,False,True,True,9,9,40,44
2,0.174,0.8,147260200,76,True,True,False,False,True,True,9,9,48,52
2,0.174,0.8,147260200,77,True,True,False,False,True,True,9,9,52,52
2,0.174,0.8,147260200,78,True,False,False,True,True,True,9,9,65,50
2,0.174,0.8,147260200,79,False,True,True,False,True,True,8,9,76,43
2,0.174,0.8,147260200,80,False,True,True,False,True,True,9,9,58,41
2,0.174,0.8,147260200,81,True,True,False,False,True,True,9,9,55,49
2,0.174,0.8,147260200,82,False,False,True,True,True,True,2,8,27,61
2,0.174,0.8,147260200,83,True,True,False,False,True,True,9,9,51,47
2,0.174,0.8,147260200,84,True,True,False,False,True,True,9,9,56,59
2,0.174,0.8,147260200,85,True,True,False,False,True,True,9,9,48,43
2,0.174,0.8,147260200,86,True,True,False,False,True,True,9,9,57,59
2,0.174,0.8,147260200,87,True,True,False,False,True,True,9,9,48,81
2,0.174,0.8,147260200,88,True,True,False,False,True,True,9,9,43,51
2,0.174,0.8,147260200,89,True,True,False,False,True,True,9,9,64,38
2,0.174,0.8,147260200,90,True,True,False,False,True,True,9,9,27,58
2,0.174,0.8,147260200,91,True,True,False,False,True,True,9,9,57,36
2,0.174,0.8,147260200,92,False,False,True,True,True,True,5,7,53,80
2,0.174,0.8,147260200,93,True,False,False,True,True,True,9,6,83,53
2,0.174,0.8,147260200,94,False,True,True,False,True,True,7,9,63,36
2,0.174,0.8,147260200,95,True,True,False,False,True,True,9,9,40,40
2,0.174,0.8,147260200,96,False,False,True,True,True,True,8,8,42,77
2,0.174,0.8,147260200,97,False,True,True,False,True,True,7,9,53,40
2,0.174,0.8,147260200,98,True,True,False,False,True,True,9,9,31,27
2,0.174,0.8,147260200,99,True,True,False,False,True,True,9,9,45,41
2,0.174,0.8,147260200,100,True,True,False,False,True,True,9,9,42,50
2,0.174,0.8,147260200,101,True,True,False,False,True,True,9,9,52,39
2,0.174,0.8,147260200,102,False,True,True,False,True,True,7,9,57,45
2,0.174,0.8,147260200,103,True,False,False,True,True,True,9,2,32,27
2,0.174,0.8,147260200,104,True,False,False,True,True,True,9,6,68,40
2,0.174,0.8,147260200,105,False,True,True,False,True,True,5,9,70,78
2,0.174,0.8,147260200,106,False,False,True,True,True,True,6,4,68,35
2,0.174,0.8,147260200,107,True,True,False,False,True,True,9,9,71,44
2,0.174,0.8,147260200,108,True,True,False,False,True,True,9,9,40,48
2,0.174,0.8,147260200,109,True,True,False,False,True,True,9,9,32,42
2,0.174,0.8,147260200,110,True,True,False,False,True,True,9,9,53,45
2,0.174,0.8,147260200,111,True,True,False,False,True,True,9,9,49,48
2,0.174,0.8,147260200,112,True,True,False,False,True,True,9,9,49,61
2,0.174,0.8,147260200,113,True,True,False,False,True,True,9,9,43,35
2,0.174,0.8,147260200,114,True,True,False,False,True,True,9,9,37,60
2,0.174,0.8,147260200,115,False,False,True,True,True,True,5,5,50,38
2,0.174,0.8,147260200,116,False,False,True,True,True,True,5,7,50,35
2,0.174,0.8,147260200,117,True,False,False,True,True,True,9,8,48,90
2,0.174,0.8,147260200,118,True,True,False,False,True,True,9,9,59,41
2,0.174,0.8,147260200,119,True,True,False,False,True,True,9,9,43,50
2,0.174,0.8,147260200,120,True,True,False,False,True,True,9,9,69,36
2,0.174,0.8,147260200,121,False,False,True,True,True,True,4,6,42,55
2,0.174,0.8,147260200,122,True,True,False,False,True,True,9,9,49,45
2,0.174,0.8,147260200,123,True,True,False,False,True,True,9,9,54,56
2,0.174,0.8,147260200,124,True,False,False,True,False,True,9,3,48,30
2,0.174,0.8,147260200,125,False,True,True,False,False,True,2,9,26,49
2,0.174,0.8,147260200,126,True,True,False,False,True,True,9,9,43,36
2,0.174,0.8,147260200,127,True,True,False,False,True,True,9,9,62,33
2,0.174,0.8,147260201,0,True,True,False,False,True,True,9,9,42,45
2,0.174,0.8,147260201,1,False,False,True,True,True,True,8,8,69,47
2,0.174,0.8,147260201,2,False,True,True,False,True,True,4,9,39,41
2,0.174,0.8,147260201,3,True,True,False,False,True,True,9,9,42,45
2,0.174,0.8,147260201,4,True,True,False,False,True,True,9,9,51,42
2,0.174,0.8,147260201,5,True,True,False,False,True,True,9,9,60,67
2,0.174,0.8,147260201,6,True,True,False,False,True,True,9,9,41,57
2,0.174,0.8,147260201,7,False,True,True,False,True,True,8,9,53,45
2,0.174,0.8,147260201,8,True,True,False,False,True,True,9,9,53,56
2,0.174,0.8,147260201,9,True,False,False,True,True,True,9,6,41,41
2,0.174,0.8,147260201,10,True,True,False,False,True,True,9,9,54,42
2,0.174,0.8,147260201,11,True,False,False,True,True,True,9,5,46,44
2,0.174,0.8,147260201,12,True,True,False,False,True,True,9,9,57,47
2,0.174,0.8,147260201,13,True,True,False,False,True,True,9,9,43,43
2,0.174,0.8,147260201,14,False,True,True,False,True,True,6,9,42,53
2,0.174,0.8,147260201,15,True,True,False,False,True,True,9,9,45,44
2,0.174,0.8,147260201,16,False,True,True,False,True,True,2,9,31,51
2,0.174,0.8,147260201,17,False,True,True,False,True,True,9,9,60,64
2,0.174,0.8,147260201,18,False,True,True,False,True,True,8,9,75,35
2,0.174,0.8,147260201,19,True,True,False,False,True,True,9,9,39,33
2,0.174,0.8,147260201,20,True,True,False,False,True,True,9,9,40,50
2,0.174,0.8,147260201,21,True,True,False,False,True,True,9,9,58,40
2,0.174,0.8,147260201,22,False,False,True,True,True,True,9,4,62,70
2,0.174,0.8,147260201,23,True,False,False,True,True,True,9,5,31,51
2,0.174,0.8,147260201,24,True,False,False,True,True,True,9,4,42,27
2,0.174,0.8,147260201,25,True,False,False,True,True,True,9,8,46,55
2,0.174,0.8,147260201,26,True,False,False,True,True,True,9,7,40,73
2,0.174,0.8,147260201,27,False,True,True,False,True,True,6,9,41,51
2,0.174,0.8,147260201,28,True,True,False,False,True,True,9,9,37,57
2,0.174,0.8,147260201,29,False,True,True,False,True,True,1,9,30,35
2,0.174,0.8,147260201,30,True,True,False,False,True,True,9,9,77,50
2,0.174,0.8,147260201,31,True,False,False,True,True,True,9,4,44,39
2,0.174,0.8,147260201,32,True,True,False,False,True,True,9,9,49,52
2,0.174,0.8,147260201,33,True,True,False,False,True,True,9,9,28,54
2,0.174,0.8,147260201,34,False,True,True,False,True,True,8,9,61,41
2,0.174,0.8,147260201,35,False,True,True,False,True,True,9,9,59,46
2,0.174,0.8,147260201,36,True,False,False,True,True,True,9,4,39,21
2,0.174,0.8,147260201,37,True,True,False,False,True,True,9,9,41,39
2,0.174,0.8,147260201,38,True,True,False,False,True,True,9,9,43,35
2,0.174,0.8,147260201,39,True,True,False,False,True,True,9,9,75,35
2,0.174,0.8,147260201,40,True,True,False,False,True,True,9,9,64,33
2,0.174,0.8,147260201,41,False,True,True,False,True,True,9,9,45,46
2,0.174,0.8,147260201,42,True,True,False,False,True,True,9,9,79,41
2,0.174,0.8,147260201,43,True,True,False,False,True,True,9,9,59,55
2,0.174,0.8,147260201,44,True,True,False,False,True,True,9,9,57,45
2,0.174,0.8,147260201,45,False,True,True,False,True,True,9,9,38,23
2,0.174,0.8,147260201,46,True,True,False,False,True,True,9,9,56,50
2,0.174,0.8,147260201,47,True,True,False,False,True,True,9,9,34,43
2,0.174,0.8,147260201,48,True,True,False,False,True,True,9,9,37,45
2,0.174,0.8,147260201,49,False,True,True,False,True,True,9,9,64,32
2,0.174,0.8,147260201,50,True,False,False,True,True,True,9,9,34,51
2,0.174,0.8,147260201,51,False,False,True,True,True,True,7,4,61,44
2,0.174,0.8,147260201,52,True,True,False,False,True,True,9,9,44,35
2,0.174,0.8,147260201,53,False,False,True,True,True,True,9,5,48,60
2,0.174,0.8,147260201,54,False,True,True,False,True,True,5,9,69,34
2,0.174,0.8,147260201,55,True,True,False,False,True,True,9,9,46,48
2,0.174,0.8,147260201,56,True,True,False,False,True,True,9,9,46,37
2,0.174,0.8,147260201,57,False,True,True,False,True,True,3,9,31,74
2,0.174,0.8,147260201,58,True,True,False,False,True,True,9,9,30,50
2,0.174,0.8,147260201,59,True,True,False,False,True,True,9,9,35,51
2,0.174,0.8,147260201,60,False,True,True,False,True,True,3,9,33,45
2,0.174,0.8,147260201,61,False,True,True,False,True,True,9,9,69,50
2,0.174,0.8,147260201,62,False,True,True,False,False,True,2,9,21,53
2,0.174,0.8,147260201,63,True,False,False,True,True,True,9,9,50,40
2,0.174,0.8,147260201,64,False,False,True,True,True,True,6,9,54,40
2,0.174,0.8,147260201,65,True,False,False,True,True,True,9,9,37,39
2,0.174,0.8,147260201,66,False,True,True,False,True,True,5,9,45,48
2,0.174,0.8,147260201,67,True,False,False,True,True,True,9,9,49,57
2,0.174,0.8,147260201,68,True,True,False,False,True,True,9,9,43,38
2,0.174,0.8,147260201,69,False,True,True,False,True,True,9,9,56,49
2,0.174,0.8,147260201,70,True,True,False,False,True,True,9,9,50,58
2,0.174,0.8,147260201,71,True,True,False,False,True,True,9,9,40,56
2,0.174,0.8,147260201,72,False,False,True,True,True,True,9,5,35,25
2,0.174,0.8,147260201,73,True,False,False,True,True,True,9,9,35,29
2,0.174,0.8,147260201,74,True,True,False,False,True,True,9,9,74,42
2,0.174,0.8,147260201,75,True,True,False,False,True,True,9,9,34,51
2,0.174,0.8,147260201,76,True,True,False,False,True,True,9,9,47,65
2,0.174,0.8,147260201,77,True,True,False,False,True,True,9,9,41,39
2,0.174,0.8,147260201,78,True,False,False,True,True,True,9,8,43,60
2,0.174,0.8,147260201,79,True,True,False,False,True,True,9,9,56,40
2,0.174,0.8,147260201,80,False,False,True,True,True,True,8,8,59,65
2,0.174,0.8,147260201,81,True,False,False,True,True,True,9,1,52,20
2,0.174,0.8,147260201,82,False,False,True,True,True,True,3,4,23,35
2,0.174,0.8,147260201,83,True,False,False,True,True,True,9,8,52,55
2,0.174,0.8,147260201,84,False,True,True,False,True,True,9,9,48,48
2,0.174,0.8,147260201,85,False,True,True,False,True,True,6,9,100,48
2,0.174,0.8,147260201,86,True,False,False,True,True,True,9,6,65,63
2,0.174,0.8,147260201,87,True,True,False,False,True,True,9,9,54,54
2,0.174,0.8,147260201,88,False,False,True,True,True,True,9,9,74,56
2,0.174,0.8,147260201,89,True,True,False,False,True,True,9,9,71,53
2,0.174,0.8,147260201,90,False,True,True,False,True,True,9,9,48,59
2,0.174,0.8,147260201,91,True,True,False,False,True,True,9,9,39,46
2,0.174,0.8,147260201,92,True,True,False,False,True,True,9,9,46,53
2,0.174,0.8,147260201,93,False,True,True,False,True,True,9,9,41,41
2,0.174,0.8,147260201,94,False,True,True,False,False,True,1,9,14,43
2,0.174,0.8,147260201,95,True,True,False,False,True,True,9,9,47,63
2,0.174,0.8,147260201,96,True,False,False,True,True,True,9,1,38,58
2,0.174,0.8,147260201,97,True,False,False,True,True,True,9,6,62,38
2,0.174,0.8,147260201,98,False,True,True,False,True,True,7,9,86,40
2,0.174,0.8,147260201,99,True,True,False,False,True,True,9,9,45,51
2,0.174,0.8,147260201,100,True,False,False,True,True,True,9,9,52,42
2,0.174,0.8,147260201,101,True,True,False,False,True,True,9,9,60,42
2,0.174,0.8,147260201,102,True,True,False,False,True,True,9,9,72,32
2,0.174,0.8,147260201,103,True,True,False,False,True,True,9,9,39,49
2,0.174,0.8,147260201,104,True,True,False,False,True,True,9,9,52,42
2,0.174,0.8,147260201,105,True,True,False,False,True,True,9,9,44,44
2,0.174,0.8,147260201,106,False,True,True,False,True,True,9,9,52,34
2,0.174,0.8,147260201,107,True,True,False,False,True,True,9,9,39,43
2,0.174,0.8,147260201,108,True,True,False,False,True,True,9,9,56,41
2,0.174,0.8,147260201,109,True,True,False,False,True,True,9,9,39,58
2,0.174,0.8,147260201,110,False,True,True,False,True,True,3,9,97,62
2,0.174,0.8,147260201,111,True,True,False,False,True,True,9,9,58,33
2,0.174,0.8,147260201,112,True,True,False,False,True,True,9,9,60,38
2,0.174,0.8,147260201,113,True,False,False,True,True,True,9,9,47,46
2,0.174,0.8,147260201,114,True,True,False,False,True,True,9,9,65,51
2,0.174,0.8,147260201,115,True,True,False,False,True,True,9,9,32,42
2,0.174,0.8,147260201,116,True,False,False,True,True,True,9,9,42,77
2,0.174,0.8,147260201,117,True,True,False,False,True,True,9,9,72,43
2,0.174,0.8,147260201,118,True,True,False,False,True,True,9,9,46,47
2,0.174,0.8,147260201,119,True,True,False,False,True,True,9,9,41,51
2,0.174,0.8,147260201,120,True,False,False,True,True,True,9,3,82,40
2,0.174,0.8,147260201,121,True,True,False,False,True,True,9,9,47,42
2,0.174,0.8,147260201,122,True,True,False,False,True,True,9,9,32,43
2,0.174,0.8,147260201,123,True,False,False,True,True,True,9,9,51,55
2,0.174,0.8,147260201,124,True,True,False,False,True,True,9,9,46,48
2,0.174,0.8,147260201,125,True,True,False,False,True,True,9,9,41,42
2,0.174,0.8,147260201,126,True,False,False,True,True,True,9,6,36,65
2,0.174,0.8,147260201,127,True,False,False,True,True,True,9,9,35,56
3,0.176,0.8,147260300,0,False,True,True,False,True,True,9,9,31,61
3,0.176,0.8,147260300,1,True,False,False,True,True,True,9,4,63,40
3,0.176,0.8,147260300,2,True,True,False,False,True,True,9,9,41,51
3,0.176,0.8,147260300,3,True,True,False,False,True,True,9,9,48,46
3,0.176,0.8,147260300,4,True,True,False,False,True,True,9,9,49,53
3,0.176,0.8,147260300,5,True,True,False,False,True,True,9,9,38,46
3,0.176,0.8,147260300,6,True,True,False,False,True,True,9,9,50,55
3,0.176,0.8,147260300,7,True,True,False,False,True,True,9,9,29,55
3,0.176,0.8,147260300,8,False,True,True,False,True,True,9,9,47,53
3,0.176,0.8,147260300,9,False,False,True,True,True,True,8,3,70,38
3,0.176,0.8,147260300,10,False,True,True,False,True,True,9,9,65,50
3,0.176,0.8,147260300,11,True,True,False,False,True,True,9,9,55,61
3,0.176,0.8,147260300,12,True,True,False,False,True,True,9,9,42,24
3,0.176,0.8,147260300,13,True,True,False,False,True,True,9,9,79,37
3,0.176,0.8,147260300,14,True,True,False,False,True,True,9,9,54,51
3,0.176,0.8,147260300,15,True,False,False,True,True,False,9,2,60,37
3,0.176,0.8,147260300,16,True,True,False,False,True,True,9,9,70,43
3,0.176,0.8,147260300,17,False,False,True,True,True,True,9,8,54,52
3,0.176,0.8,147260300,18,False,True,True,False,False,True,2,9,27,55
3,0.176,0.8,147260300,19,False,False,True,True,True,True,7,9,76,52
3,0.176,0.8,147260300,20,True,True,False,False,True,True,9,9,58,35
3,0.176,0.8,147260300,21,True,False,False,True,True,True,9,9,47,54
3,0.176,0.8,147260300,22,False,True,True,False,True,True,3,9,38,36
3,0.176,0.8,147260300,23,True,True,False,False,True,True,9,9,40,35
3,0.176,0.8,147260300,24,True,True,False,False,True,True,9,9,56,61
3,0.176,0.8,147260300,25,True,True,False,False,True,True,9,9,43,55
3,0.176,0.8,147260300,26,True,True,False,False,True,True,9,9,29,64
3,0.176,0.8,147260300,27,True,True,False,False,True,True,9,9,35,41
3,0.176,0.8,147260300,28,False,True,True,False,True,True,5,9,28,46
3,0.176,0.8,147260300,29,True,True,False,False,True,True,9,9,45,41
3,0.176,0.8,147260300,30,True,True,False,False,True,True,9,9,48,48
3,0.176,0.8,147260300,31,True,True,False,False,True,True,9,9,48,39
3,0.176,0.8,147260300,32,True,True,False,False,True,True,9,9,44,37
3,0.176,0.8,147260300,33,False,True,True,False,True,True,9,9,62,33
3,0.176,0.8,147260300,34,False,True,True,False,True,True,3,9,31,57
3,0.176,0.8,147260300,35,True,True,False,False,True,True,9,9,43,39
3,0.176,0.8,147260300,36,False,False,True,True,True,True,9,9,40,41
3,0.176,0.8,147260300,37,True,True,False,False,True,True,9,9,44,51
3,0.176,0.8,147260300,38,True,True,False,False,True,True,9,9,51,58
3,0.176,0.8,147260300,39,True,True,False,False,True,True,9,9,39,39
3,0.176,0.8,147260300,40,False,True,True,False,True,True,8,9,77,68
3,0.176,0.8,147260300,41,True,True,False,False,True,True,9,9,40,54
3,0.176,0.8,147260300,42,True,True,False,False,True,True,9,9,42,56
3,0.176,0.8,147260300,43,True,False,False,True,True,True,9,4,53,47
3,0.176,0.8,147260300,44,True,True,False,False,True,True,9,9,42,66
3,0.176,0.8,147260300,45,False,True,True,False,True,True,7,9,60,66
3,0.176,0.8,147260300,46,True,True,False,False,True,True,9,9,54,47
3,0.176,0.8,147260300,47,False,True,True,False,True,True,1,9,28,39
3,0.176,0.8,147260300,48,False,False,True,True,True,True,7,7,38,38
3,0.176,0.8,147260300,49,False,False,True,True,True,True,6,8,53,47
3,0.176,0.8,147260300,50,True,True,False,False,True,True,9,9,45,41
3,0.176,0.8,147260300,51,True,True,False,False,True,True,9,9,66,50
3,0.176,0.8,147260300,52,True,True,False,False,True,True,9,9,55,45
3,0.176,0.8,147260300,53,True,True,False,False,True,True,9,9,59,44
3,0.176,0.8,147260300,54,False,True,True,False,True,True,9,9,45,52
3,0.176,0.8,147260300,55,True,True,False,False,True,True,9,9,34,65
3,0.176,0.8,147260300,56,False,True,True,False,True,True,6,9,53,44
3,0.176,0.8,147260300,57,True,True,False,False,True,True,9,9,48,51
3,0.176,0.8,147260300,58,False,False,True,True,True,True,8,3,47,20
3,0.176,0.8,147260300,59,True,False,False,True,True,True,9,7,33,33
3,0.176,0.8,147260300,60,False,False,True,True,True,True,7,3,73,32
3,0.176,0.8,147260300,61,True,False,False,True,True,True,9,2,59,31
3,0.176,0.8,147260300,62,False,True,True,False,True,True,5,9,42,47
3,0.176,0.8,147260300,63,True,True,False,False,True,True,9,9,44,55
3,0.176,0.8,147260300,64,True,True,False,False,True,True,9,9,51,61
3,0.176,0.8,147260300,65,True,True,False,False,True,True,9,9,61,57
3,0.176,0.8,147260300,66,True,True,False,False,True,True,9,9,39,53
3,0.176,0.8,147260300,67,False,False,True,True,False,True,1,3,20,31
3,0.176,0.8,147260300,68,False,True,True,False,True,True,6,9,41,44
3,0.176,0.8,147260300,69,True,True,False,False,True,True,9,9,45,45
3,0.176,0.8,147260300,70,True,True,False,False,True,True,9,9,55,48
3,0.176,0.8,147260300,71,False,True,True,False,True,True,2,9,41,44
3,0.176,0.8,147260300,72,False,True,True,False,True,True,9,9,39,38
3,0.176,0.8,147260300,73,True,True,False,False,True,True,9,9,52,43
3,0.176,0.8,147260300,74,False,True,True,False,False,True,3,9,35,65
3,0.176,0.8,147260300,75,False,True,True,False,True,True,6,9,80,41
3,0.176,0.8,147260300,76,False,False,True,True,True,True,9,5,65,22
3,0.176,0.8,147260300,77,False,True,True,False,True,True,5,9,49,51
3,0.176,0.8,147260300,78,True,False,False,True,True,True,9,3,37,23
3,0.176,0.8,147260300,79,False,False,True,True,True,True,8,9,60,51
3,0.176,0.8,147260300,80,True,False,False,True,True,True,9,3,43,35
3,0.176,0.8,147260300,81,True,True,False,False,True,True,9,9,35,39
3,0.176,0.8,147260300,82,False,True,True,False,True,True,7,9,50,52
3,0.176,0.8,147260300,83,True,False,False,True,True,True,9,3,68,20
3,0.176,0.8,147260300,84,True,True,False,False,True,True,9,9,44,54
3,0.176,0.8,147260300,85,False,True,True,False,True,True,9,9,48,53
3,0.176,0.8,147260300,86,False,True,True,False,True,True,9,9,48,54
3,0.176,0.8,147260300,87,True,False,False,True,True,True,9,3,36,35
3,0.176,0.8,147260300,88,True,True,False,False,True,True,9,9,37,44
3,0.176,0.8,147260300,89,True,True,False,False,True,True,9,9,39,54
3,0.176,0.8,147260300,90,True,True,False,False,True,True,9,9,57,42
3,0.176,0.8,147260300,91,True,True,False,False,True,True,9,9,46,59
3,0.176,0.8,147260300,92,False,True,True,False,True,True,7,9,39,50
3,0.176,0.8,147260300,93,True,False,False,True,True,True,9,6,62,50
3,0.176,0.8,147260300,94,False,True,True,False,True,True,4,9,45,49
3,0.176,0.8,147260300,95,True,True,False,False,True,True,9,9,32,44
3,0.176,0.8,147260300,96,False,True,True,False,True,True,3,9,43,24
3,0.176,0.8,147260300,97,True,False,False,True,True,True,9,4,41,29
3,0.176,0.8,147260300,98,False,True,True,False,True,True,8,9,71,60
3,0.176,0.8,147260300,99,True,True,False,False,True,True,9,9,78,62
3,0.176,0.8,147260300,100,True,True,False,False,True,True,9,9,44,36
3,0.176,0.8,147260300,101,True,True,False,False,True,True,9,9,58,52
3,0.176,0.8,147260300,102,True,False,False,True,True,True,9,4,56,54
3,0.176,0.8,147260300,103,False,True,True,False,True,True,9,9,48,36
3,0.176,0.8,147260300,104,True,True,False,False,True,True,9,9,41,37
3,0.176,0.8,147260300,105,False,True,True,False,True,True,8,9,47,48
3,0.176,0.8,147260300,106,False,True,True,False,True,True,6,9,37,56
3,0.176,0.8,147260300,107,True,True,False,False,True,True,9,9,46,46
3,0.176,0.8,147260300,108,True,False,False,True,True,True,9,4,46,28
3,0.176,0.8,147260300,109,True,True,False,False,True,True,9,9,46,44
3,0.176,0.8,147260300,110,True,True,False,False,True,True,9,9,34,42
3,0.176,0.8,147260300,111,False,True,True,False,True,True,9,9,121,54
3,0.176,0.8,147260300,112,False,True,True,False,True,True,3,9,28,45
3,0.176,0.8,147260300,113,True,True,False,False,True,True,9,9,50,49
3,0.176,0.8,147260300,114,True,True,False,False,True,True,9,9,46,58
3,0.176,0.8,147260300,115,False,True,True,False,False,True,1,9,15,37
3,0.176,0.8,147260300,116,True,True,False,False,True,True,9,9,49,28
3,0.176,0.8,147260300,117,False,True,True,False,False,True,2,9,39,44
3,0.176,0.8,147260300,118,False,False,True,True,True,True,7,9,39,61
3,0.176,0.8,147260300,119,True,False,False,True,True,True,9,9,60,66
3,0.176,0.8,147260300,120,True,True,False,False,True,True,9,9,45,50
3,0.176,0.8,147260300,121,True,True,False,False,True,True,9,9,40,54
3,0.176,0.8,147260300,122,False,True,True,False,True,True,1,9,23,59
3,0.176,0.8,147260300,123,False,False,True,True,True,True,8,8,60,56
3,0.176,0.8,147260300,124,False,False,True,True,True,True,9,9,66,48
3,0.176,0.8,147260300,125,False,True,True,False,True,True,8,9,62,46
3,0.176,0.8,147260300,126,True,False,False,True,True,True,9,4,50,32
3,0.176,0.8,147260300,127,False,True,True,False,True,True,9,9,69,48
3,0.176,0.8,147260301,0,True,True,False,False,True,True,9,9,41,48
3,0.176,0.8,147260301,1,False,False,True,True,True,True,8,4,103,30
3,0.176,0.8,147260301,2,True,True,False,False,True,True,9,9,52,66
3,0.176,0.8,147260301,3,False,True,True,False,True,True,6,9,34,52
3,0.176,0.8,147260301,4,False,True,True,False,True,True,1,9,19,32
3,0.176,0.8,147260301,5,False,True,True,False,True,True,8,9,58,53
3,0.176,0.8,147260301,6,True,False,False,True,True,True,9,2,35,62
3,0.176,0.8,147260301,7,True,True,False,False,True,True,9,9,63,58
3,0.176,0.8,147260301,8,False,True,True,False,True,True,9,9,57,24
3,0.176,0.8,147260301,9,True,True,False,False,True,True,9,9,48,54
3,0.176,0.8,147260301,10,True,True,False,False,True,True,9,9,31,35
3,0.176,0.8,147260301,11,False,False,True,True,True,True,7,8,72,75
3,0.176,0.8,147260301,12,True,True,False,False,True,True,9,9,44,55
3,0.176,0.8,147260301,13,False,True,True,False,True,True,9,9,64,36
3,0.176,0.8,147260301,14,False,True,True,False,True,True,8,9,46,47
3,0.176,0.8,147260301,15,True,False,False,True,True,True,9,7,55,42
3,0.176,0.8,147260301,16,False,True,True,False,True,True,8,9,52,53
3,0.176,0.8,147260301,17,True,True,False,False,True,True,9,9,38,64
3,0.176,0.8,147260301,18,False,True,True,False,True,True,8,9,53,44
3,0.176,0.8,147260301,19,True,True,False,False,True,True,9,9,57,34
3,0.176,0.8,147260301,20,True,True,False,False,True,True,9,9,47,47
3,0.176,0.8,147260301,21,True,True,False,False,True,True,9,9,42,40
3,0.176,0.8,147260301,22,True,True,False,False,True,True,9,9,45,44
3,0.176,0.8,147260301,23,True,True,False,False,True,True,9,9,60,43
3,0.176,0.8,147260301,24,True,True,False,False,True,True,9,9,42,52
3,0.176,0.8,147260301,25,True,True,False,False,True,True,9,9,46,49
3,0.176,0.8,147260301,26,True,True,False,False,True,True,9,9,41,53
3,0.176,0.8,147260301,27,False,True,True,False,True,True,7,9,62,48
3,0.176,0.8,147260301,28,True,True,False,False,True,True,9,9,85,45
3,0.176,0.8,147260301,29,True,True,False,False,True,True,9,9,40,48
3,0.176,0.8,147260301,30,False,True,True,False,True,True,5,9,50,36
3,0.176,0.8,147260301,31,True,True,False,False,True,True,9,9,70,75
3,0.176,0.8,147260301,32,True,True,False,False,True,True,9,9,27,37
3,0.176,0.8,147260301,33,False,True,True,False,True,True,2,9,33,30
3,0.176,0.8,147260301,34,False,True,True,False,True,True,2,9,117,29
3,0.176,0.8,147260301,35,False,True,True,False,True,True,1,9,36,38
3,0.176,0.8,147260301,36,False,True,True,False,True,True,7,9,57,40
3,0.176,0.8,147260301,37,True,True,False,False,True,True,9,9,72,37
3,0.176,0.8,147260301,38,True,False,False,True,True,True,9,3,35,21
3,0.176,0.8,147260301,39,False,False,True,True,True,True,3,8,28,57
3,0.176,0.8,147260301,40,True,True,False,False,True,True,9,9,39,57
3,0.176,0.8,147260301,41,True,True,False,False,True,True,9,9,50,50
3,0.176,0.8,147260301,42,True,True,False,False,True,True,9,9,36,37
3,0.176,0.8,147260301,43,True,False,False,True,True,True,9,4,29,34
3,0.176,0.8,147260301,44,True,True,False,False,True,True,9,9,43,31
3,0.176,0.8,147260301,45,True,True,False,False,True,True,9,9,41,35
3,0.176,0.8,147260301,46,False,True,True,False,True,True,9,9,90,48
3,0.176,0.8,147260301,47,False,True,True,False,True,True,9,9,65,36
3,0.176,0.8,147260301,48,True,True,False,False,True,True,9,9,37,44
3,0.176,0.8,147260301,49,True,False,False,True,True,True,9,8,57,46
3,0.176,0.8,147260301,50,True,True,False,False,True,True,9,9,49,50
3,0.176,0.8,147260301,51,False,False,True,True,True,True,7,8,51,57
3,0.176,0.8,147260301,52,True,True,False,False,True,True,9,9,61,42
3,0.176,0.8,147260301,53,False,True,True,False,True,True,6,9,56,50
3,0.176,0.8,147260301,54,True,False,False,True,True,True,9,9,53,71
3,0.176,0.8,147260301,55,True,True,False,False,True,True,9,9,36,34
3,0.176,0.8,147260301,56,True,True,False,False,True,True,9,9,43,30
3,0.176,0.8,147260301,57,True,True,False,False,True,True,9,9,35,47
3,0.176,0.8,147260301,58,True,True,False,False,True,True,9,9,50,55
3,0.176,0.8,147260301,59,True,True,False,False,True,True,9,9,65,44
3,0.176,0.8,147260301,60,True,True,False,False,True,True,9,9,51,47
3,0.176,0.8,147260301,61,True,True,False,False,True,True,9,9,37,44
3,0.176,0.8,147260301,62,True,False,False,True,True,True,9,4,42,34
3,0.176,0.8,147260301,63,True,False,False,True,True,True,9,4,45,43
3,0.176,0.8,147260301,64,True,True,False,False,True,True,9,9,48,66
3,0.176,0.8,147260301,65,True,False,False,True,True,True,9,4,45,30
3,0.176,0.8,147260301,66,True,True,False,False,True,True,9,9,61,43
3,0.176,0.8,147260301,67,True,True,False,False,True,True,9,9,38,38
3,0.176,0.8,147260301,68,True,True,False,False,True,True,9,9,55,61
3,0.176,0.8,147260301,69,False,True,True,False,True,True,8,9,38,30
3,0.176,0.8,147260301,70,False,True,True,False,True,True,9,9,52,41
3,0.176,0.8,147260301,71,True,False,False,True,True,True,9,9,49,82
3,0.176,0.8,147260301,72,True,True,False,False,True,True,9,9,49,48
3,0.176,0.8,147260301,73,True,True,False,False,True,True,9,9,48,49
3,0.176,0.8,147260301,74,False,False,True,True,True,True,9,7,101,35
3,0.176,0.8,147260301,75,True,True,False,False,True,True,9,9,45,42
3,0.176,0.8,147260301,76,True,True,False,False,True,True,9,9,41,46
3,0.176,0.8,147260301,77,True,True,False,False,True,True,9,9,39,49
3,0.176,0.8,147260301,78,True,False,False,True,True,True,9,7,40,41
3,0.176,0.8,147260301,79,True,True,False,False,True,True,9,9,34,68
3,0.176,0.8,147260301,80,True,True,False,False,True,True,9,9,43,43
3,0.176,0.8,147260301,81,True,True,False,False,True,True,9,9,36,41
3,0.176,0.8,147260301,82,False,True,True,False,True,True,9,9,50,81
3,0.176,0.8,147260301,83,True,False,False,True,True,True,9,5,37,52
3,0.176,0.8,147260301,84,True,True,False,False,True,True,9,9,55,45
3,0.176,0.8,147260301,85,True,False,False,True,True,True,9,9,40,37
3,0.176,0.8,147260301,86,True,True,False,False,True,True,9,9,32,53
3,0.176,0.8,147260301,87,True,True,False,False,True,True,9,9,70,45
3,0.176,0.8,147260301,88,True,True,False,False,True,True,9,9,57,52
3,0.176,0.8,147260301,89,False,False,True,True,True,True,9,2,62,68
3,0.176,0.8,147260301,90,True,False,False,True,True,True,9,7,53,40
3,0.176,0.8,147260301,91,True,True,False,False,True,True,9,9,34,56
3,0.176,0.8,147260301,92,False,False,True,True,False,True,2,3,27,46
3,0.176,0.8,147260301,93,True,True,False,False,True,True,9,9,54,39
3,0.176,0.8,147260301,94,False,True,True,False,True,True,2,9,27,69
3,0.176,0.8,147260301,95,False,False,True,True,True,True,9,3,55,56
3,0.176,0.8,147260301,96,False,True,True,False,True,True,2,9,25,27
3,0.176,0.8,147260301,97,True,True,False,False,True,True,9,9,32,42
3,0.176,0.8,147260301,98,True,True,False,False,True,True,9,9,47,38
3,0.176,0.8,147260301,99,False,True,True,False,False,True,3,9,34,51
3,0.176,0.8,147260301,100,True,True,False,False,True,True,9,9,47,36
3,0.176,0.8,147260301,101,True,False,False,True,True,True,9,4,45,59
3,0.176,0.8,147260301,102,True,False,False,True,True,True,9,9,48,53
3,0.176,0.8,147260301,103,True,True,False,False,True,True,9,9,41,43
3,0.176,0.8,147260301,104,True,True,False,False,True,True,9,9,43,49
3,0.176,0.8,147260301,105,False,True,True,False,True,True,9,9,46,50
3,0.176,0.8,147260301,106,True,True,False,False,True,True,9,9,50,40
3,0.176,0.8,147260301,107,False,False,True,True,True,True,3,1,63,37
3,0.176,0.8,147260301,108,True,True,False,False,True,True,9,9,55,43
3,0.176,0.8,147260301,109,True,True,False,False,True,True,9,9,62,54
3,0.176,0.8,147260301,110,True,True,False,False,True,True,9,9,47,48
3,0.176,0.8,147260301,111,True,False,False,True,True,True,9,9,65,62
3,0.176,0.8,147260301,112,False,True,True,False,True,True,8,9,43,42
3,0.176,0.8,147260301,113,False,True,True,False,False,True,1,9,17,38
3,0.176,0.8,147260301,114,False,True,False,False,True,True,9,9,332,63
3,0.176,0.8,147260301,115,False,True,True,False,True,True,5,9,38,33
3,0.176,0.8,147260301,116,True,True,False,False,True,True,9,9,39,53
3,0.176,0.8,147260301,117,False,True,True,False,True,True,4,9,48,53
3,0.176,0.8,147260301,118,True,True,False,False,True,True,9,9,38,58
3,0.176,0.8,147260301,119,True,True,False,False,True,True,9,9,50,70
3,0.176,0.8,147260301,120,True,False,False,True,True,True,9,7,59,96
3,0.176,0.8,147260301,121,True,True,False,False,True,True,9,9,48,36
3,0.176,0.8,147260301,122,True,True,False,False,True,True,9,9,45,37
3,0.176,0.8,147260301,123,True,False,False,True,True,True,9,7,67,47
3,0.176,0.8,147260301,124,False,True,True,False,True,True,4,9,28,54
3,0.176,0.8,147260301,125,True,False,False,True,True,True,9,9,55,57
3,0.176,0.8,147260301,126,True,True,False,False,True,True,9,9,39,64
3,0.176,0.8,147260301,127,False,True,True,False,True,True,9,9,39,41
4,0.178,0.8,147260400,0,True,True,False,False,True,True,9,9,68,50
4,0.178,0.8,147260400,1,False,True,True,False,True,True,7,9,41,38
4,0.178,0.8,147260400,2,True,True,False,False,True,True,9,9,70,57
4,0.178,0.8,147260400,3,True,False,False,True,True,True,9,6,60,64
4,0.178,0.8,147260400,4,True,True,False,False,True,True,9,9,32,46
4,0.178,0.8,147260400,5,True,True,False,False,True,True,9,9,40,52
4,0.178,0.8,147260400,6,False,True,True,False,True,True,2,9,32,46
4,0.178,0.8,147260400,7,False,True,True,False,True,True,2,9,33,72
4,0.178,0.8,147260400,8,True,True,False,False,True,True,9,9,43,55
4,0.178,0.8,147260400,9,True,True,False,False,True,True,9,9,76,69
4,0.178,0.8,147260400,10,True,True,False,False,True,True,9,9,47,45
4,0.178,0.8,147260400,11,False,True,True,False,True,True,9,9,61,50
4,0.178,0.8,147260400,12,False,False,True,True,True,True,9,9,43,50
4,0.178,0.8,147260400,13,True,True,False,False,True,True,9,9,52,35
4,0.178,0.8,147260400,14,False,True,True,False,True,True,9,9,66,69
4,0.178,0.8,147260400,15,True,False,False,True,True,True,9,9,45,55
4,0.178,0.8,147260400,16,True,True,False,False,True,True,9,9,82,47
4,0.178,0.8,147260400,17,True,True,False,False,True,True,9,9,41,53
4,0.178,0.8,147260400,18,True,True,False,False,True,True,9,9,78,39
4,0.178,0.8,147260400,19,True,True,False,False,True,True,9,9,49,37
4,0.178,0.8,147260400,20,False,True,True,False,True,True,7,9,48,56
4,0.178,0.8,147260400,21,True,True,False,False,True,True,9,9,36,72
4,0.178,0.8,147260400,22,True,True,False,False,True,True,9,9,68,35
4,0.178,0.8,147260400,23,True,False,False,True,True,True,9,9,55,41
4,0.178,0.8,147260400,24,True,True,False,False,True,True,9,9,51,45
4,0.178,0.8,147260400,25,True,False,False,True,True,True,9,4,48,32
4,0.178,0.8,147260400,26,False,False,True,True,True,True,6,3,57,15
4,0.178,0.8,147260400,27,False,True,True,False,True,True,5,9,42,48
4,0.178,0.8,147260400,28,True,True,False,False,True,True,9,9,56,50
4,0.178,0.8,147260400,29,True,True,False,False,True,True,9,9,37,47
4,0.178,0.8,147260400,30,True,False,False,True,True,True,9,4,49,81
4,0.178,0.8,147260400,31,False,True,True,False,True,True,4,9,38,41
4,0.178,0.8,147260400,32,False,False,True,True,True,True,4,8,41,41
4,0.178,0.8,147260400,33,True,True,False,False,True,True,9,9,45,32
4,0.178,0.8,147260400,34,True,True,False,False,True,True,9,9,54,39
4,0.178,0.8,147260400,35,False,False,True,True,False,True,1,9,22,83
4,0.178,0.8,147260400,36,False,True,True,False,False,True,3,9,27,61
4,0.178,0.8,147260400,37,True,False,False,True,True,True,9,3,54,52
4,0.178,0.8,147260400,38,True,True,False,False,True,True,9,9,43,50
4,0.178,0.8,147260400,39,True,True,False,False,True,True,9,9,78,61
4,0.178,0.8,147260400,40,False,True,True,False,False,True,1,9,20,51
4,0.178,0.8,147260400,41,False,True,True,False,True,True,4,9,35,51
4,0.178,0.8,147260400,42,True,True,False,False,True,True,9,9,69,45
4,0.178,0.8,147260400,43,True,False,False,True,True,True,9,5,47,40
4,0.178,0.8,147260400,44,True,True,False,False,True,True,9,9,55,55
4,0.178,0.8,147260400,45,True,True,False,False,True,True,9,9,52,58
4,0.178,0.8,147260400,46,True,True,False,False,True,True,9,9,49,53
4,0.178,0.8,147260400,47,False,True,True,False,True,True,7,9,52,38
4,0.178,0.8,147260400,48,True,True,False,False,True,True,9,9,35,41
4,0.178,0.8,147260400,49,False,False,True,True,True,True,7,9,31,57
4,0.178,0.8,147260400,50,False,True,True,False,True,True,7,9,57,63
4,0.178,0.8,147260400,51,True,True,False,False,True,True,9,9,44,49
4,0.178,0.8,147260400,52,True,True,False,False,True,True,9,9,46,81
4,0.178,0.8,147260400,53,False,True,True,False,True,True,4,9,27,58
4,0.178,0.8,147260400,54,True,True,False,False,True,True,9,9,46,48
4,0.178,0.8,147260400,55,True,False,False,True,True,True,9,3,37,67
4,0.178,0.8,147260400,56,True,True,False,False,True,True,9,9,42,63
4,0.178,0.8,147260400,57,False,True,True,False,True,True,9,9,79,57
4,0.178,0.8,147260400,58,True,True,False,False,True,True,9,9,40,50
4,0.178,0.8,147260400,59,True,True,False,False,True,True,9,9,54,69
4,0.178,0.8,147260400,60,False,True,True,False,True,True,5,9,62,41
4,0.178,0.8,147260400,61,False,True,True,False,True,True,7,9,61,55
4,0.178,0.8,147260400,62,False,True,True,False,True,True,7,9,44,54
4,0.178,0.8,147260400,63,True,True,False,False,True,True,9,9,36,52
4,0.178,0.8,147260400,64,False,False,True,True,True,False,8,1,48,22
4,0.178,0.8,147260400,65,True,True,False,False,True,True,9,9,46,48
4,0.178,0.8,147260400,66,True,True,False,False,True,True,9,9,48,54
4,0.178,0.8,147260400,67,False,True,True,False,True,True,9,9,47,41
4,0.178,0.8,147260400,68,True,True,False,False,True,True,9,9,59,64
4,0.178,0.8,147260400,69,False,False,True,True,True,True,7,5,38,29
4,0.178,0.8,147260400,70,True,False,False,True,True,True,9,9,52,58
4,0.178,0.8,147260400,71,False,True,True,False,True,True,1,9,31,41
4,0.178,0.8,147260400,72,False,True,True,False,True,True,8,9,52,51
4,0.178,0.8,147260400,73,True,True,False,False,True,True,9,9,39,62
4,0.178,0.8,147260400,74,True,False,False,True,True,True,9,8,72,60
4,0.178,0.8,147260400,75,True,True,False,False,True,True,9,9,77,70
4,0.178,0.8,147260400,76,True,True,False,False,True,True,9,9,49,54
4,0.178,0.8,147260400,77,False,False,True,True,True,True,1,7,31,59
4,0.178,0.8,147260400,78,True,False,False,True,True,True,9,9,55,113
4,0.178,0.8,147260400,79,True,True,False,False,True,True,9,9,44,30
4,0.178,0.8,147260400,80,False,True,True,False,True,True,8,9,95,34
4,0.178,0.8,147260400,81,True,False,False,True,True,True,9,3,34,19
4,0.178,0.8,147260400,82,False,True,True,False,True,True,4,9,34,39
4,0.178,0.8,147260400,83,False,True,True,False,True,True,9,9,68,41
4,0.178,0.8,147260400,84,False,False,True,True,True,True,8,3,56,40
4,0.178,0.8,147260400,85,True,False,False,True,True,True,9,6,44,32
4,0.178,0.8,147260400,86,False,False,True,True,True,True,9,1,57,31
4,0.178,0.8,147260400,87,False,True,True,False,True,True,4,9,35,49
4,0.178,0.8,147260400,88,True,False,False,True,True,True,9,4,57,30
4,0.178,0.8,147260400,89,True,True,False,False,True,True,9,9,59,54
4,0.178,0.8,147260400,90,False,True,True,False,True,True,9,9,36,40
4,0.178,0.8,147260400,91,True,True,False,False,True,True,9,9,77,48
4,0.178,0.8,147260400,92,False,True,True,False,True,True,5,9,55,50
4,0.178,0.8,147260400,93,True,False,False,True,True,True,9,3,45,46
4,0.178,0.8,147260400,94,True,True,False,False,True,True,9,9,42,44
4,0.178,0.8,147260400,95,True,False,False,True,True,False,9,1,47,25
4,0.178,0.8,147260400,96,True,True,False,False,True,True,9,9,41,55
4,0.178,0.8,147260400,97,False,False,True,True,True,True,7,4,75,37
4,0.178,0.8,147260400,98,True,False,False,True,True,True,9,4,54,23
4,0.178,0.8,147260400,99,False,True,True,False,True,True,8,9,57,37
4,0.178,0.8,147260400,100,True,True,False,False,True,True,9,9,61,47
4,0.178,0.8,147260400,101,True,True,False,False,True,True,9,9,35,42
4,0.178,0.8,147260400,102,True,True,False,False,True,True,9,9,46,54
4,0.178,0.8,147260400,103,False,True,True,False,True,True,6,9,61,49
4,0.178,0.8,147260400,104,True,True,False,False,True,True,9,9,48,46
4,0.178,0.8,147260400,105,False,True,True,False,True,True,7,9,49,37
4,0.178,0.8,147260400,106,True,True,False,False,True,True,9,9,37,34
4,0.178,0.8,147260400,107,True,True,False,False,True,True,9,9,39,44
4,0.178,0.8,147260400,108,True,True,False,False,True,True,9,9,37,55
4,0.178,0.8,147260400,109,True,True,False,False,True,True,9,9,61,71
4,0.178,0.8,147260400,110,False,True,True,False,True,True,9,9,100,52
4,0.178,0.8,147260400,111,False,True,True,False,True,True,9,9,54,53
4,0.178,0.8,147260400,112,True,True,False,False,True,True,9,9,61,56
4,0.178,0.8,147260400,113,True,True,False,False,True,True,9,9,37,35
4,0.178,0.8,147260400,114,False,True,True,False,False,True,2,9,20,56
4,0.178,0.8,147260400,115,False,True,True,False,True,True,9,9,72,70
4,0.178,0.8,147260400,116,True,True,False,False,True,True,9,9,57,45
4,0.178,0.8,147260400,117,False,True,True,False,True,True,4,9,27,68
4,0.178,0.8,147260400,118,True,True,False,False,True,True,9,9,51,46
4,0.178,0.8,147260400,119,True,True,False,False,True,True,9,9,58,36
4,0.178,0.8,147260400,120,True,False,False,True,True,True,9,7,44,35
4,0.178,0.8,147260400,121,True,False,False,True,True,True,9,8,36,76
4,0.178,0.8,147260400,122,True,True,False,False,True,True,9,9,59,53
4,0.178,0.8,147260400,123,True,True,False,False,True,True,9,9,42,56
4,0.178,0.8,147260400,124,False,True,True,False,False,True,1,9,24,44
4,0.178,0.8,147260400,125,True,True,False,False,True,True,9,9,50,52
4,0.178,0.8,147260400,126,True,False,False,True,True,True,9,9,69,45
4,0.178,0.8,147260400,127,True,True,False,False,True,True,9,9,71,39
4,0.178,0.8,147260401,0,False,True,True,False,True,True,7,9,42,53
4,0.178,0.8,147260401,1,True,True,False,False,True,True,9,9,46,54
4,0.178,0.8,147260401,2,False,True,True,False,True,True,9,9,53,34
4,0.178,0.8,147260401,3,False,False,True,True,True,True,9,9,55,48
4,0.178,0.8,147260401,4,True,True,False,False,True,True,9,9,47,64
4,0.178,0.8,147260401,5,True,True,False,False,True,True,9,9,36,28
4,0.178,0.8,147260401,6,False,True,True,False,True,True,9,9,50,53
4,0.178,0.8,147260401,7,True,True,False,False,True,True,9,9,46,46
4,0.178,0.8,147260401,8,False,True,True,False,True,True,3,9,26,53
4,0.178,0.8,147260401,9,False,True,True,False,True,True,9,9,37,57
4,0.178,0.8,147260401,10,True,True,False,False,True,True,9,9,63,65
4,0.178,0.8,147260401,11,True,False,False,True,True,True,9,8,40,77
4,0.178,0.8,147260401,12,True,True,False,False,True,True,9,9,33,35
4,0.178,0.8,147260401,13,True,True,False,False,True,True,9,9,49,45
4,0.178,0.8,147260401,14,True,False,False,True,True,True,9,7,49,55
4,0.178,0.8,147260401,15,False,False,True,True,True,True,3,9,30,57
4,0.178,0.8,147260401,16,True,True,False,False,True,True,9,9,54,48
4,0.178,0.8,147260401,17,True,True,False,False,True,True,9,9,50,62
4,0.178,0.8,147260401,18,False,False,True,True,True,True,4,5,36,63
4,0.178,0.8,147260401,19,False,False,True,True,True,True,4,8,30,90
4,0.178,0.8,147260401,20,False,True,True,False,True,True,9,9,36,44
4,0.178,0.8,147260401,21,True,True,False,False,True,True,9,9,43,49
4,0.178,0.8,147260401,22,True,False,False,True,True,True,9,9,55,54
4,0.178,0.8,147260401,23,False,False,True,True,True,True,3,6,27,58
4,0.178,0.8,147260401,24,True,True,False,False,True,True,9,9,49,42
4,0.178,0.8,147260401,25,True,True,False,False,True,True,9,9,47,58
4,0.178,0.8,147260401,26,True,True,False,False,True,True,9,9,36,41
4,0.178,0.8,147260401,27,True,False,False,True,True,True,9,3,40,22
4,0.178,0.8,147260401,28,False,False,True,True,True,True,4,6,36,45
4,0.178,0.8,147260401,29,False,True,True,False,True,True,5,9,63,41
4,0.178,0.8,147260401,30,False,True,True,False,True,True,8,9,69,73
4,0.178,0.8,147260401,31,True,True,False,False,True,True,9,9,34,47
4,0.178,0.8,147260401,32,False,True,True,False,True,True,8,9,85,46
4,0.178,0.8,147260401,33,True,False,False,True,True,True,9,9,46,46
4,0.178,0.8,147260401,34,True,False,False,True,True,True,9,6,46,47
4,0.178,0.8,147260401,35,False,True,True,False,True,True,9,9,39,42
4,0.178,0.8,147260401,36,False,False,True,True,True,False,6,2,85,26
4,0.178,0.8,147260401,37,True,True,False,False,True,True,9,9,57,37
4,0.178,0.8,147260401,38,False,True,True,False,True,True,8,9,78,64
4,0.178,0.8,147260401,39,False,False,True,True,True,True,6,9,56,66
4,0.178,0.8,147260401,40,True,True,False,False,True,True,9,9,66,34
4,0.178,0.8,147260401,41,True,True,False,False,True,True,9,9,54,35
4,0.178,0.8,147260401,42,True,True,False,False,True,True,9,9,49,34
4,0.178,0.8,147260401,43,True,True,False,False,True,True,9,9,42,48
4,0.178,0.8,147260401,44,True,True,False,False,True,True,9,9,49,45
4,0.178,0.8,147260401,45,True,True,False,False,True,True,9,9,50,40
4,0.178,0.8,147260401,46,True,True,False,False,True,True,9,9,44,24
4,0.178,0.8,147260401,47,True,True,False,False,True,True,9,9,40,61
4,0.178,0.8,147260401,48,False,True,True,False,True,True,6,9,30,45
4,0.178,0.8,147260401,49,True,True,False,False,True,True,9,9,64,63
4,0.178,0.8,147260401,50,True,True,False,False,True,True,9,9,100,54
4,0.178,0.8,147260401,51,False,True,True,False,True,True,8,9,59,50
4,0.178,0.8,147260401,52,True,True,False,False,True,True,9,9,43,68
4,0.178,0.8,147260401,53,False,True,True,False,False,True,1,9,15,43
4,0.178,0.8,147260401,54,False,False,True,True,True,True,9,9,45,49
4,0.178,0.8,147260401,55,True,False,False,True,True,True,9,3,46,29
4,0.178,0.8,147260401,56,False,True,True,False,True,True,1,9,26,59
4,0.178,0.8,147260401,57,False,False,True,True,True,True,2,9,19,65
4,0.178,0.8,147260401,58,False,True,True,False,True,True,7,9,54,42
4,0.178,0.8,147260401,59,True,False,False,True,True,True,9,2,47,37
4,0.178,0.8,147260401,60,True,True,False,False,True,True,9,9,42,55
4,0.178,0.8,147260401,61,True,True,False,False,True,True,9,9,59,41
4,0.178,0.8,147260401,62,True,True,False,False,True,True,9,9,44,45
4,0.178,0.8,147260401,63,False,False,True,True,True,True,4,4,48,23
4,0.178,0.8,147260401,64,True,True,False,False,True,True,9,9,76,50
4,0.178,0.8,147260401,65,False,False,True,True,True,True,9,4,68,58
4,0.178,0.8,147260401,66,False,True,True,False,True,True,6,9,34,56
4,0.178,0.8,147260401,67,True,False,False,True,True,True,9,6,41,56
4,0.178,0.8,147260401,68,True,False,False,True,True,True,9,8,56,96
4,0.178,0.8,147260401,69,True,True,False,False,True,True,9,9,49,43
4,0.178,0.8,147260401,70,True,True,False,False,True,True,9,9,55,71
4,0.178,0.8,147260401,71,True,True,False,False,True,True,9,9,39,50
4,0.178,0.8,147260401,72,True,True,False,False,True,True,9,9,57,28
4,0.178,0.8,147260401,73,False,True,True,False,True,True,6,9,68,43
4,0.178,0.8,147260401,74,False,False,True,True,True,True,3,9,28,60
4,0.178,0.8,147260401,75,True,True,False,False,True,True,9,9,67,36
4,0.178,0.8,147260401,76,True,True,False,False,True,True,9,9,44,67
4,0.178,0.8,147260401,77,True,True,False,False,True,True,9,9,30,71
4,0.178,0.8,147260401,78,True,True,False,False,True,True,9,9,50,35
4,0.178,0.8,147260401,79,True,False,False,True,True,True,9,7,42,72
4,0.178,0.8,147260401,80,True,True,False,False,True,True,9,9,57,44
4,0.178,0.8,147260401,81,True,True,False,False,True,True,9,9,54,60
4,0.178,0.8,147260401,82,True,True,False,False,True,True,9,9,55,31
4,0.178,0.8,147260401,83,False,True,True,False,True,True,7,9,102,37
4,0.178,0.8,147260401,84,False,True,True,False,True,True,9,9,39,45
4,0.178,0.8,147260401,85,True,True,False,False,True,True,9,9,59,48
4,0.178,0.8,147260401,86,False,True,True,False,True,True,2,9,24,57
4,0.178,0.8,147260401,87,False,True,True,False,True,True,5,9,36,58
4,0.178,0.8,147260401,88,True,True,False,False,True,True,9,9,67,55
4,0.178,0.8,147260401,89,False,False,True,True,True,True,9,7,72,114
4,0.178,0.8,147260401,90,True,True,False,False,True,True,9,9,44,46
4,0.178,0.8,147260401,91,True,True,False,False,True,True,9,9,55,66
4,0.178,0.8,147260401,92,True,True,False,False,True,True,9,9,35,43
4,0.178,0.8,147260401,93,False,True,True,False,True,True,8,9,44,44
4,0.178,0.8,147260401,94,False,True,True,False,True,True,9,9,62,57
4,0.178,0.8,147260401,95,True,True,False,False,True,True,9,9,52,40
4,0.178,0.8,147260401,96,True,False,False,True,True,True,9,9,50,78
4,0.178,0.8,147260401,97,True,True,False,False,True,True,9,9,52,51
4,0.178,0.8,147260401,98,True,True,False,False,True,True,9,9,53,52
4,0.178,0.8,147260401,99,False,False,True,True,True,True,8,6,36,92
4,0.178,0.8,147260401,100,True,True,False,False,True,True,9,9,74,52
4,0.178,0.8,147260401,101,True,False,False,True,True,True,9,5,63,58
4,0.178,0.8,147260401,102,False,True,True,False,True,True,9,9,53,43
4,0.178,0.8,147260401,103,False,False,True,True,True,True,9,6,82,66
4,0.178,0.8,147260401,104,False,True,True,False,True,True,8,9,52,65
4,0.178,0.8,147260401,105,True,True,False,False,True,True,9,9,34,48
4,0.178,0.8,147260401,106,False,True,True,False,True,True,4,9,54,45
4,0.178,0.8,147260401,107,True,True,False,False,True,True,9,9,44,44
4,0.178,0.8,147260401,108,True,False,False,True,True,True,9,5,44,67
4,0.178,0.8,147260401,109,True,True,False,False,True,True,9,9,42,51
4,0.178,0.8,147260401,110,False,True,True,False,True,True,9,9,53,68
4,0.178,0.8,147260401,111,True,True,False,False,True,True,9,9,39,52
4,0.178,0.8,147260401,112,True,False,False,True,True,False,9,2,29,27
4,0.178,0.8,147260401,113,False,True,True,False,True,True,8,9,56,56
4,0.178,0.8,147260401,114,False,False,True,True,True,True,9,1,52,23
4,0.178,0.8,147260401,115,False,True,True,False,True,True,9,9,41,45
4,0.178,0.8,147260401,116,False,True,True,False,True,True,5,9,43,45
4,0.178,0.8,147260401,117,True,False,False,True,True,True,9,3,36,32
4,0.178,0.8,147260401,118,True,True,False,False,True,True,9,9,60,68
4,0.178,0.8,147260401,119,True,True,False,False,True,True,9,9,49,40
4,0.178,0.8,147260401,120,True,True,False,False,True,True,9,9,53,55
4,0.178,0.8,147260401,121,False,True,True,False,True,True,9,9,48,60
4,0.178,0.8,147260401,122,True,False,False,True,True,True,9,5,40,28
4,0.178,0.8,147260401,123,True,True,False,False,True,True,9,9,54,46
4,0.178,0.8,147260401,124,True,True,False,False,True,True,9,9,49,58
4,0.178,0.8,147260401,125,True,True,False,False,True,True,9,9,44,47
4,0.178,0.8,147260401,126,False,False,True,True,True,True,7,4,66,35
4,0.178,0.8,147260401,127,False,False,True,True,True,True,9,9,36,59
5,0.18,0.8,147260500,0,True,True,False,False,True,True,9,9,53,63
5,0.18,0.8,147260500,1,False,False,False,True,True,True,9,6,368,53
5,0.18,0.8,147260500,2,True,True,False,False,True,True,9,9,41,42
5,0.18,0.8,147260500,3,True,True,False,False,True,True,9,9,57,60
5,0.18,0.8,147260500,4,True,False,False,True,True,True,9,8,71,67
5,0.18,0.8,147260500,5,True,True,False,False,True,True,9,9,56,59
5,0.18,0.8,147260500,6,True,True,False,False,True,True,9,9,60,47
5,0.18,0.8,147260500,7,True,False,False,True,True,True,9,8,49,59
5,0.18,0.8,147260500,8,True,True,False,False,True,True,9,9,49,33
5,0.18,0.8,147260500,9,True,False,False,True,True,True,9,5,46,75
5,0.18,0.8,147260500,10,False,True,True,False,True,True,6,9,44,55
5,0.18,0.8,147260500,11,True,True,False,False,True,True,9,9,47,54
5,0.18,0.8,147260500,12,True,True,False,False,True,True,9,9,56,43
5,0.18,0.8,147260500,13,True,True,False,False,True,True,9,9,44,52
5,0.18,0.8,147260500,14,True,True,False,False,True,True,9,9,52,64
5,0.18,0.8,147260500,15,True,True,False,False,True,True,9,9,57,47
5,0.18,0.8,147260500,16,True,True,False,False,True,True,9,9,39,39
5,0.18,0.8,147260500,17,True,True,False,False,True,True,9,9,39,42
5,0.18,0.8,147260500,18,False,True,True,False,True,True,8,9,74,53
5,0.18,0.8,147260500,19,True,True,False,False,True,True,9,9,38,29
5,0.18,0.8,147260500,20,False,True,True,False,True,True,9,9,56,43
5,0.18,0.8,147260500,21,True,True,False,False,True,True,9,9,57,55
5,0.18,0.8,147260500,22,True,True,False,False,True,True,9,9,52,62
5,0.18,0.8,147260500,23,False,True,True,False,True,True,8,9,61,51
5,0.18,0.8,147260500,24,False,False,True,True,True,True,4,7,26,25
5,0.18,0.8,147260500,25,True,True,False,False,True,True,9,9,92,58
5,0.18,0.8,147260500,26,True,True,False,False,True,True,9,9,47,45
5,0.18,0.8,147260500,27,False,True,True,False,True,True,8,9,39,36
5,0.18,0.8,147260500,28,False,True,True,False,True,True,2,9,37,55
5,0.18,0.8,147260500,29,False,False,True,True,True,True,9,9,58,39
5,0.18,0.8,147260500,30,True,True,False,False,True,True,9,9,40,44
5,0.18,0.8,147260500,31,False,False,True,True,True,True,9,5,81,62
5,0.18,0.8,147260500,32,False,True,True,False,True,True,9,9,69,57
5,0.18,0.8,147260500,33,True,True,False,False,True,True,9,9,68,53
5,0.18,0.8,147260500,34,False,False,True,True,True,True,8,8,56,79
5,0.18,0.8,147260500,35,True,True,False,False,True,True,9,9,71,42
5,0.18,0.8,147260500,36,False,False,True,True,True,True,9,6,47,53
5,0.18,0.8,147260500,37,False,True,True,False,True,True,5,9,117,51
5,0.18,0.8,147260500,38,True,False,False,True,True,True,9,9,38,56
5,0.18,0.8,147260500,39,False,True,True,False,True,True,3,9,26,41
5,0.18,0.8,147260500,40,True,True,False,False,True,True,9,9,63,63
5,0.18,0.8,147260500,41,False,False,True,True,True,True,9,8,37,60
5,0.18,0.8,147260500,42,True,True,False,False,True,True,9,9,41,58
5,0.18,0.8,147260500,43,True,True,False,False,True,True,9,9,46,58
5,0.18,0.8,147260500,44,True,True,False,False,True,True,9,9,46,60
5,0.18,0.8,147260500,45,False,True,True,False,True,True,2,9,20,57
5,0.18,0.8,147260500,46,True,False,False,True,True,True,9,7,73,41
5,0.18,0.8,147260500,47,True,False,False,True,True,True,9,8,64,49
5,0.18,0.8,147260500,48,False,True,True,False,True,True,7,9,78,48
5,0.18,0.8,147260500,49,True,True,False,False,True,True,9,9,45,53
5,0.18,0.8,147260500,50,True,False,False,True,True,True,9,3,60,37
5,0.18,0.8,147260500,51,True,True,False,False,True,True,9,9,50,51
5,0.18,0.8,147260500,52,True,True,False,False,True,True,9,9,49,38
5,0.18,0.8,147260500,53,True,False,False,True,True,True,9,7,42,33
5,0.18,0.8,147260500,54,False,True,True,False,True,True,3,9,35,53
5,0.18,0.8,147260500,55,False,True,True,False,True,True,2,9,24,60
5,0.18,0.8,147260500,56,False,True,True,False,True,True,9,9,45,72
5,0.18,0.8,147260500,57,False,True,True,False,True,True,9,9,67,48
5,0.18,0.8,147260500,58,True,True,False,False,True,True,9,9,65,65
5,0.18,0.8,147260500,59,False,True,True,False,True,True,7,9,41,56
5,0.18,0.8,147260500,60,True,True,False,False,True,True,9,9,39,55
5,0.18,0.8,147260500,61,False,True,True,False,True,True,5,9,71,43
5,0.18,0.8,147260500,62,True,True,False,False,True,True,9,9,42,49
5,0.18,0.8,147260500,63,True,True,False,False,True,True,9,9,53,61
5,0.18,0.8,147260500,64,True,True,False,False,True,True,9,9,47,56
5,0.18,0.8,147260500,65,False,True,True,False,True,True,6,9,25,47
5,0.18,0.8,147260500,66,False,False,True,True,True,True,9,9,90,86
5,0.18,0.8,147260500,67,True,True,False,False,True,True,9,9,42,51
5,0.18,0.8,147260500,68,False,False,True,True,True,True,4,8,29,56
5,0.18,0.8,147260500,69,True,True,False,False,True,True,9,9,42,36
5,0.18,0.8,147260500,70,True,True,False,False,True,True,9,9,49,60
5,0.18,0.8,147260500,71,True,True,False,False,True,True,9,9,33,43
5,0.18,0.8,147260500,72,True,True,False,False,True,True,9,9,40,40
5,0.18,0.8,147260500,73,True,True,False,False,True,True,9,9,48,64
5,0.18,0.8,147260500,74,True,True,False,False,True,True,9,9,48,44
5,0.18,0.8,147260500,75,True,False,False,True,True,True,9,8,55,85
5,0.18,0.8,147260500,76,True,True,False,False,True,True,9,9,68,34
5,0.18,0.8,147260500,77,True,True,False,False,True,True,9,9,45,50
5,0.18,0.8,147260500,78,True,True,False,False,True,True,9,9,44,51
5,0.18,0.8,147260500,79,True,True,False,False,True,True,9,9,57,51
5,0.18,0.8,147260500,80,False,False,True,True,True,True,3,2,26,21
5,0.18,0.8,147260500,81,True,True,False,False,True,True,9,9,62,65
5,0.18,0.8,147260500,82,True,True,False,False,True,True,9,9,40,29
5,0.18,0.8,147260500,83,True,False,False,True,True,False,9,1,54,25
5,0.18,0.8,147260500,84,True,False,False,True,True,True,9,6,63,39
5,0.18,0.8,147260500,85,True,True,False,False,True,True,9,9,43,49
5,0.18,0.8,147260500,86,True,False,False,True,True,True,9,9,41,74
5,0.18,0.8,147260500,87,True,True,False,False,True,True,9,9,49,44
5,0.18,0.8,147260500,88,True,False,False,True,True,True,9,9,49,71
5,0.18,0.8,147260500,89,True,True,False,False,True,True,9,9,47,45
5,0.18,0.8,147260500,90,False,True,True,False,True,True,7,9,63,57
5,0.18,0.8,147260500,91,True,True,False,False,True,True,9,9,44,44
5,0.18,0.8,147260500,92,True,True,False,False,True,True,9,9,51,52
5,0.18,0.8,147260500,93,True,True,False,False,True,True,9,9,50,57
5,0.18,0.8,147260500,94,False,False,True,True,True,True,9,4,39,39
5,0.18,0.8,147260500,95,True,True,False,False,True,True,9,9,55,39
5,0.18,0.8,147260500,96,False,True,True,False,True,True,9,9,50,87
5,0.18,0.8,147260500,97,False,True,True,False,True,True,7,9,47,39
5,0.18,0.8,147260500,98,True,False,False,True,True,True,9,9,59,63
5,0.18,0.8,147260500,99,True,True,False,False,True,True,9,9,41,51
5,0.18,0.8,147260500,100,True,True,False,False,True,True,9,9,45,58
5,0.18,0.8,147260500,101,False,True,True,False,True,True,9,9,60,34
5,0.18,0.8,147260500,102,True,True,False,False,True,True,9,9,55,55
5,0.18,0.8,147260500,103,True,False,False,True,True,True,9,9,47,59
5,0.18,0.8,147260500,104,False,True,True,False,True,True,9,9,57,43
5,0.18,0.8,147260500,105,True,True,False,False,True,True,9,9,58,61
5,0.18,0.8,147260500,106,False,True,True,False,True,True,7,9,79,51
5,0.18,0.8,147260500,107,True,True,False,False,True,True,9,9,43,33
5,0.18,0.8,147260500,108,True,True,False,False,True,True,9,9,58,55
5,0.18,0.8,147260500,109,False,True,True,False,True,True,9,9,49,42
5,0.18,0.8,147260500,110,True,True,False,False,True,True,9,9,67,65
5,0.18,0.8,147260500,111,False,True,True,False,True,True,4,9,39,61
5,0.18,0.8,147260500,112,True,True,False,False,True,True,9,9,60,69
5,0.18,0.8,147260500,113,True,False,False,True,True,True,9,5,43,49
5,0.18,0.8,147260500,114,True,True,False,False,True,True,9,9,51,34
5,0.18,0.8,147260500,115,True,False,False,True,True,True,9,5,32,29
5,0.18,0.8,147260500,116,True,True,False,False,True,True,9,9,72,52
5,0.18,0.8,147260500,117,False,True,True,False,True,True,8,9,72,49
5,0.18,0.8,147260500,118,False,True,True,False,True,True,4,9,38,66
5,0.18,0.8,147260500,119,False,True,True,False,True,True,9,9,42,64
5,0.18,0.8,147260500,120,True,False,False,True,True,True,9,9,43,45
5,0.18,0.8,147260500,121,True,True,False,False,True,True,9,9,80,47
5,0.18,0.8,147260500,122,False,True,True,False,False,True,1,9,20,51
5,0.18,0.8,147260500,123,True,True,False,False,True,True,9,9,71,49
5,0.18,0.8,147260500,124,False,False,True,True,True,True,9,9,43,69
5,0.18,0.8,147260500,125,False,True,True,False,True,True,9,9,50,46
5,0.18,0.8,147260500,126,False,True,True,False,True,True,7,9,88,30
5,0.18,0.8,147260500,127,True,False,False,True,True,True,9,6,35,54
5,0.18,0.8,147260501,0,False,True,True,False,True,True,9,9,36,58
5,0.18,0.8,147260501,1,True,False,False,True,True,True,9,7,62,76
5,0.18,0.8,147260501,2,True,False,False,True,True,True,9,5,44,31
5,0.18,0.8,147260501,3,False,True,True,False,False,True,1,9,17,54
5,0.18,0.8,147260501,4,False,False,True,True,True,True,9,1,67,28
5,0.18,0.8,147260501,5,True,True,False,False,True,True,9,9,38,44
5,0.18,0.8,147260501,6,False,True,True,False,True,True,8,9,54,77
5,0.18,0.8,147260501,7,False,True,True,False,True,True,2,9,291,52
5,0.18,0.8,147260501,8,True,True,False,False,True,True,9,9,43,38
5,0.18,0.8,147260501,9,True,True,False,False,True,True,9,9,67,39
5,0.18,0.8,147260501,10,False,False,True,True,True,True,8,9,56,52
5,0.18,0.8,147260501,11,False,True,True,False,True,True,9,9,71,51
5,0.18,0.8,147260501,12,False,True,True,False,False,True,4,9,33,50
5,0.18,0.8,147260501,13,True,True,False,False,True,True,9,9,65,82
5,0.18,0.8,147260501,14,False,True,True,False,True,True,9,9,81,48
5,0.18,0.8,147260501,15,False,True,True,False,True,True,7,9,58,49
5,0.18,0.8,147260501,16,True,True,False,False,True,True,9,9,74,52
5,0.18,0.8,147260501,17,True,True,False,False,True,True,9,9,47,93
5,0.18,0.8,147260501,18,False,True,True,False,True,True,6,9,69,68
5,0.18,0.8,147260501,19,True,True,False,False,True,True,9,9,49,57
5,0.18,0.8,147260501,20,False,True,True,False,True,True,5,9,45,53
5,0.18,0.8,147260501,21,True,True,False,False,True,True,9,9,53,39
5,0.18,0.8,147260501,22,True,False,False,True,True,True,9,7,59,63
5,0.18,0.8,147260501,23,True,False,False,True,True,True,9,4,77,81
5,0.18,0.8,147260501,24,True,True,False,False,True,True,9,9,54,50
5,0.18,0.8,147260501,25,True,True,False,False,True,True,9,9,47,52
5,0.18,0.8,147260501,26,False,False,True,True,True,True,9,6,49,79
5,0.18,0.8,147260501,27,True,False,False,True,True,True,9,3,35,38
5,0.18,0.8,147260501,28,True,True,False,False,True,True,9,9,83,39
5,0.18,0.8,147260501,29,True,True,False,False,True,True,9,9,38,57
5,0.18,0.8,147260501,30,True,True,False,False,True,True,9,9,55,40
5,0.18,0.8,147260501,31,True,False,False,True,True,True,9,9,53,40
5,0.18,0.8,147260501,32,False,True,True,False,True,True,1,9,30,41
5,0.18,0.8,147260501,33,True,True,False,False,True,True,9,9,41,46
5,0.18,0.8,147260501,34,False,True,True,False,True,True,3,9,37,25
5,0.18,0.8,147260501,35,True,True,False,False,True,True,9,9,51,41
5,0.18,0.8,147260501,36,False,True,True,False,True,True,6,9,60,46
5,0.18,0.8,147260501,37,True,True,False,False,True,True,9,9,52,86
5,0.18,0.8,147260501,38,True,True,False,False,True,True,9,9,51,58
5,0.18,0.8,147260501,39,True,True,False,False,True,True,9,9,69,47
5,0.18,0.8,147260501,40,False,True,True,False,True,True,1,9,27,69
5,0.18,0.8,147260501,41,True,True,False,False,True,True,9,9,47,35
5,0.18,0.8,147260501,42,True,True,False,False,True,True,9,9,54,68
5,0.18,0.8,147260501,43,False,True,True,False,True,True,9,9,50,73
5,0.18,0.8,147260501,44,True,True,False,False,True,True,9,9,42,43
5,0.18,0.8,147260501,45,False,False,True,True,True,True,9,6,57,59
5,0.18,0.8,147260501,46,False,False,True,True,True,True,9,6,52,36
5,0.18,0.8,147260501,47,False,True,True,False,True,True,9,9,42,61
5,0.18,0.8,147260501,48,True,True,False,False,True,True,9,9,70,57
5,0.18,0.8,147260501,49,True,True,False,False,True,True,9,9,36,52
5,0.18,0.8,147260501,50,True,True,False,False,True,True,9,9,49,68
5,0.18,0.8,147260501,51,True,True,False,False,True,True,9,9,42,42
5,0.18,0.8,147260501,52,False,False,True,True,True,True,7,8,46,48
5,0.18,0.8,147260501,53,False,False,True,True,True,True,8,1,100,18
5,0.18,0.8,147260501,54,False,True,True,False,True,True,6,9,46,62
5,0.18,0.8,147260501,55,True,True,False,False,True,True,9,9,66,38
5,0.18,0.8,147260501,56,True,False,False,True,True,True,9,7,46,59
5,0.18,0.8,147260501,57,True,True,False,False,True,True,9,9,34,41
5,0.18,0.8,147260501,58,False,True,True,False,True,True,9,9,38,55
5,0.18,0.8,147260501,59,True,True,False,False,True,True,9,9,67,76
5,0.18,0.8,147260501,60,False,False,True,True,True,True,9,7,37,72
5,0.18,0.8,147260501,61,True,True,False,False,True,True,9,9,57,37
5,0.18,0.8,147260501,62,True,False,False,True,True,True,9,5,52,82
5,0.18,0.8,147260501,63,False,True,True,False,True,True,1,9,35,43
5,0.18,0.8,147260501,64,False,False,True,True,False,True,2,5,29,67
5,0.18,0.8,147260501,65,False,False,True,True,True,True,3,9,32,39
5,0.18,0.8,147260501,66,False,True,True,False,True,True,9,9,78,41
5,0.18,0.8,147260501,67,False,True,True,False,True,True,5,9,30,51
5,0.18,0.8,147260501,68,False,True,True,False,True,True,9,9,82,59
5,0.18,0.8,147260501,69,True,True,False,False,True,True,9,9,51,51
5,0.18,0.8,147260501,70,False,False,True,True,True,True,8,4,74,32
5,0.18,0.8,147260501,71,True,True,False,False,True,True,9,9,51,65
5,0.18,0.8,147260501,72,False,True,True,False,False,True,1,9,33,36
5,0.18,0.8,147260501,73,False,False,True,True,True,True,9,6,49,39
5,0.18,0.8,147260501,74,True,True,False,False,True,True,9,9,42,45
5,0.18,0.8,147260501,75,False,True,True,False,True,True,5,9,45,55
5,0.18,0.8,147260501,76,False,False,True,True,True,True,3,8,35,92
5,0.18,0.8,147260501,77,False,True,True,False,True,True,4,9,44,86
5,0.18,0.8,147260501,78,True,True,False,False,True,True,9,9,74,67
5,0.18,0.8,147260501,79,True,True,False,False,True,True,9,9,43,64
5,0.18,0.8,147260501,80,False,False,True,True,True,True,8,3,58,20
5,0.18,0.8,147260501,81,False,False,True,True,False,True,2,5,17,43
5,0.18,0.8,147260501,82,False,True,True,False,True,True,9,9,40,45
5,0.18,0.8,147260501,83,False,False,True,True,True,True,9,7,39,60
5,0.18,0.8,147260501,84,False,True,True,False,True,True,9,9,55,36
5,0.18,0.8,147260501,85,True,True,False,False,True,True,9,9,44,45
5,0.18,0.8,147260501,86,False,True,True,False,True,True,5,9,50,39
5,0.18,0.8,147260501,87,True,False,False,True,True,True,9,5,68,45
5,0.18,0.8,147260501,88,True,True,False,False,True,True,9,9,81,50
5,0.18,0.8,147260501,89,True,False,False,True,True,True,9,9,77,60
5,0.18,0.8,147260501,90,True,True,False,False,True,True,9,9,40,54
5,0.18,0.8,147260501,91,True,True,False,False,True,True,9,9,56,69
5,0.18,0.8,147260501,92,False,False,True,True,True,True,4,3,68,33
5,0.18,0.8,147260501,93,True,True,False,False,True,True,9,9,54,90
5,0.18,0.8,147260501,94,True,True,False,False,True,True,9,9,49,48
5,0.18,0.8,147260501,95,True,True,False,False,True,True,9,9,57,54
5,0.18,0.8,147260501,96,True,True,False,False,True,True,9,9,56,42
5,0.18,0.8,147260501,97,True,True,False,False,True,True,9,9,65,47
5,0.18,0.8,147260501,98,True,True,False,False,True,True,9,9,44,52
5,0.18,0.8,147260501,99,True,True,False,False,True,True,9,9,51,31
5,0.18,0.8,147260501,100,False,True,True,False,True,True,7,9,53,64
5,0.18,0.8,147260501,101,False,True,True,False,True,True,7,9,81,51
5,0.18,0.8,147260501,102,True,True,False,False,True,True,9,9,44,92
5,0.18,0.8,147260501,103,False,True,True,False,False,True,1,9,21,66
5,0.18,0.8,147260501,104,True,True,False,False,True,True,9,9,71,59
5,0.18,0.8,147260501,105,True,True,False,False,True,True,9,9,72,47
5,0.18,0.8,147260501,106,False,True,True,False,True,True,4,9,33,44
5,0.18,0.8,147260501,107,False,False,True,True,True,True,4,4,58,70
5,0.18,0.8,147260501,108,True,True,False,False,True,True,9,9,50,64
5,0.18,0.8,147260501,109,False,True,True,False,True,True,6,9,40,58
5,0.18,0.8,147260501,110,True,True,False,False,True,True,9,9,44,24
5,0.18,0.8,147260501,111,True,False,False,True,True,True,9,4,53,32
5,0.18,0.8,147260501,112,True,True,False,False,True,True,9,9,67,37
5,0.18,0.8,147260501,113,False,True,True,False,True,True,7,9,40,65
5,0.18,0.8,147260501,114,False,False,True,True,True,True,6,6,53,32
5,0.18,0.8,147260501,115,True,True,False,False,True,True,9,9,37,58
5,0.18,0.8,147260501,116,True,True,False,False,True,True,9,9,53,58
5,0.18,0.8,147260501,117,False,True,True,False,True,True,9,9,48,61
5,0.18,0.8,147260501,118,False,True,True,False,True,True,9,9,62,35
5,0.18,0.8,147260501,119,False,True,True,False,True,True,9,9,49,59
5,0.18,0.8,147260501,120,True,True,False,False,True,True,9,9,54,37
5,0.18,0.8,147260501,121,True,True,False,False,True,True,9,9,61,70
5,0.18,0.8,147260501,122,True,True,False,False,True,True,9,9,51,80
5,0.18,0.8,147260501,123,False,False,True,True,True,True,4,3,35,46
5,0.18,0.8,147260501,124,True,True,False,False,True,True,9,9,61,73
5,0.18,0.8,147260501,125,False,True,True,False,True,True,7,9,36,57
5,0.18,0.8,147260501,126,True,True,False,False,True,True,9,9,49,42
5,0.18,0.8,147260501,127,True,True,False,False,True,True,9,9,73,52
6,0.182,0.8,147260600,0,True,True,False,False,True,True,9,9,42,70
6,0.182,0.8,147260600,1,True,True,False,False,True,True,9,9,71,51
6,0.182,0.8,147260600,2,True,True,False,False,True,True,9,9,64,70
6,0.182,0.8,147260600,3,True,True,False,False,True,True,9,9,56,55
6,0.182,0.8,147260600,4,True,True,False,False,True,True,9,9,59,29
6,0.182,0.8,147260600,5,True,True,False,False,True,True,9,9,45,73
6,0.182,0.8,147260600,6,True,False,False,True,True,True,9,4,38,30
6,0.182,0.8,147260600,7,False,False,True,True,True,True,9,6,47,54
6,0.182,0.8,147260600,8,False,True,True,False,True,True,7,9,51,62
6,0.182,0.8,147260600,9,False,False,True,True,True,False,3,1,27,38
6,0.182,0.8,147260600,10,False,True,True,False,True,True,9,9,62,69
6,0.182,0.8,147260600,11,False,False,True,True,True,True,5,4,40,35
6,0.182,0.8,147260600,12,True,True,False,False,True,True,9,9,50,40
6,0.182,0.8,147260600,13,True,True,False,False,True,True,9,9,50,59
6,0.182,0.8,147260600,14,True,True,False,False,True,True,9,9,42,70
6,0.182,0.8,147260600,15,False,True,True,False,False,True,1,9,14,52
6,0.182,0.8,147260600,16,True,True,False,False,True,True,9,9,35,57
6,0.182,0.8,147260600,17,True,True,False,False,True,True,9,9,51,47
6,0.182,0.8,147260600,18,False,False,True,True,True,True,5,3,83,30
6,0.182,0.8,147260600,19,False,True,True,False,True,True,8,9,46,29
6,0.182,0.8,147260600,20,True,True,False,False,True,True,9,9,62,58
6,0.182,0.8,147260600,21,True,False,False,True,True,True,9,1,50,45
6,0.182,0.8,147260600,22,True,True,False,False,True,True,9,9,47,49
6,0.182,0.8,147260600,23,False,True,True,False,True,True,6,9,40,63
6,0.182,0.8,147260600,24,False,False,True,True,True,True,7,5,43,32
6,0.182,0.8,147260600,25,False,False,True,True,True,True,8,9,50,54
6,0.182,0.8,147260600,26,False,True,True,False,True,True,3,9,59,40
6,0.182,0.8,147260600,27,True,True,False,False,True,True,9,9,42,59
6,0.182,0.8,147260600,28,False,False,True,True,False,True,1,9,27,48
6,0.182,0.8,147260600,29,False,True,True,False,True,True,7,9,92,48
6,0.182,0.8,147260600,30,False,True,True,False,True,True,9,9,54,52
6,0.182,0.8,147260600,31,True,True,False,False,True,True,9,9,48,49
6,0.182,0.8,147260600,32,True,True,False,False,True,True,9,9,60,61
6,0.182,0.8,147260600,33,True,True,False,False,True,True,9,9,42,56
6,0.182,0.8,147260600,34,True,True,False,False,True,True,9,9,40,58
6,0.182,0.8,147260600,35,True,True,False,False,True,True,9,9,36,57
6,0.182,0.8,147260600,36,True,True,False,False,True,True,9,9,44,59
6,0.182,0.8,147260600,37,False,True,True,False,True,True,4,9,27,54
6,0.182,0.8,147260600,38,True,False,False,True,True,True,9,8,39,60
6,0.182,0.8,147260600,39,True,True,False,False,True,True,9,9,66,50
6,0.182,0.8,147260600,40,False,False,True,True,True,True,9,7,43,72
6,0.182,0.8,147260600,41,False,False,True,True,True,True,9,9,45,45
6,0.182,0.8,147260600,42,True,False,False,True,True,True,9,5,46,46
6,0.182,0.8,147260600,43,True,True,False,False,True,True,9,9,55,55
6,0.182,0.8,147260600,44,True,True,False,False,True,True,9,9,42,48
6,0.182,0.8,147260600,45,True,True,False,False,True,True,9,9,46,61
6,0.182,0.8,147260600,46,True,True,False,False,True,True,9,9,55,58
6,0.182,0.8,147260600,47,False,True,True,False,True,True,9,9,42,40
6,0.182,0.8,147260600,48,True,True,False,False,True,True,9,9,53,66
6,0.182,0.8,147260600,49,True,True,False,False,True,True,9,9,64,51
6,0.182,0.8,147260600,50,False,True,True,False,True,True,8,9,54,40
6,0.182,0.8,147260600,51,False,False,True,True,True,True,8,6,44,45
6,0.182,0.8,147260600,52,True,True,False,False,True,True,9,9,41,46
6,0.182,0.8,147260600,53,True,True,False,False,True,True,9,9,47,36
6,0.182,0.8,147260600,54,True,False,False,True,True,True,9,2,67,77
6,0.182,0.8,147260600,55,True,True,False,False,True,True,9,9,84,62
6,0.182,0.8,147260600,56,True,True,False,False,True,True,9,9,61,49
6,0.182,0.8,147260600,57,True,False,False,True,True,True,9,9,54,61
6,0.182,0.8,147260600,58,True,True,False,False,True,True,9,9,111,59
6,0.182,0.8,147260600,59,True,True,False,False,True,True,9,9,46,45
6,0.182,0.8,147260600,60,True,True,False,False,True,True,9,9,58,64
6,0.182,0.8,147260600,61,True,False,False,True,True,True,9,8,49,81
6,0.182,0.8,147260600,62,True,True,False,False,True,True,9,9,44,51
6,0.182,0.8,147260600,63,True,True,False,False,True,True,9,9,49,46
6,0.182,0.8,147260600,64,True,True,False,False,True,True,9,9,50,60
6,0.182,0.8,147260600,65,True,True,False,False,True,True,9,9,48,43
6,0.182,0.8,147260600,66,True,True,False,False,True,True,9,9,62,63
6,0.182,0.8,147260600,67,False,False,True,True,False,True,2,5,21,39
6,0.182,0.8,147260600,68,False,True,True,False,True,True,1,9,24,50
6,0.182,0.8,147260600,69,True,False,False,True,True,True,9,9,48,64
6,0.182,0.8,147260600,70,True,False,False,True,True,True,9,5,58,39
6,0.182,0.8,147260600,71,True,True,False,False,True,True,9,9,53,41
6,0.182,0.8,147260600,72,True,True,False,False,True,True,9,9,45,54
6,0.182,0.8,147260600,73,False,True,True,False,True,True,1,9,20,47
6,0.182,0.8,147260600,74,True,False,False,True,True,True,9,8,61,109
6,0.182,0.8,147260600,75,True,True,False,False,True,True,9,9,61,51
6,0.182,0.8,147260600,76,False,False,True,True,True,True,9,8,51,58
6,0.182,0.8,147260600,77,True,False,False,True,True,True,9,6,47,31
6,0.182,0.8,147260600,78,False,True,True,False,True,True,8,9,51,57
6,0.182,0.8,147260600,79,True,False,False,True,True,True,9,4,46,27
6,0.182,0.8,147260600,80,True,True,False,False,True,True,9,9,33,49
6,0.182,0.8,147260600,81,False,False,True,True,True,True,2,7,19,73
6,0.182,0.8,147260600,82,False,True,True,False,True,True,8,9,55,45
6,0.182,0.8,147260600,83,False,True,True,False,True,True,7,9,111,58
6,0.182,0.8,147260600,84,True,True,False,False,True,True,9,9,44,66
6,0.182,0.8,147260600,85,False,True,True,False,True,True,9,9,69,53
6,0.182,0.8,147260600,86,False,False,True,True,True,True,8,7,82,41
6,0.182,0.8,147260600,87,True,False,False,True,True,True,9,6,65,50
6,0.182,0.8,147260600,88,True,True,False,False,True,True,9,9,38,48
6,0.182,0.8,147260600,89,False,True,True,False,True,True,2,9,16,54
6,0.182,0.8,147260600,90,False,True,True,False,True,True,9,9,42,41
6,0.182,0.8,147260600,91,False,True,True,False,True,True,4,9,67,52
6,0.182,0.8,147260600,92,False,True,True,False,False,True,1,9,23,51
6,0.182,0.8,147260600,93,True,True,False,False,True,True,9,9,60,52
6,0.182,0.8,147260600,94,True,True,False,False,True,True,9,9,51,43
6,0.182,0.8,147260600,95,True,True,False,False,True,True,9,9,36,48
6,0.182,0.8,147260600,96,False,False,True,True,True,True,6,3,130,34
6,0.182,0.8,147260600,97,True,True,False,False,True,True,9,9,42,68
6,0.182,0.8,147260600,98,True,True,False,False,True,True,9,9,82,41
6,0.182,0.8,147260600,99,False,False,True,True,True,True,9,9,48,58
6,0.182,0.8,147260600,100,False,True,True,False,True,True,5,9,82,78
6,0.182,0.8,147260600,101,False,True,True,False,True,True,6,9,37,42
6,0.182,0.8,147260600,102,True,False,False,True,True,True,9,7,71,106
6,0.182,0.8,147260600,103,True,True,False,False,True,True,9,9,52,47
6,0.182,0.8,147260600,104,False,True,True,False,True,True,3,9,26,48
6,0.182,0.8,147260600,105,True,False,False,True,True,True,9,7,55,61
6,0.182,0.8,147260600,106,True,True,False,False,True,True,9,9,79,63
6,0.182,0.8,147260600,107,True,False,False,True,True,True,9,3,52,23
6,0.182,0.8,147260600,108,False,True,True,False,True,True,8,9,81,50
6,0.182,0.8,147260600,109,True,False,False,True,True,True,9,9,52,63
6,0.182,0.8,147260600,110,False,True,True,False,True,True,1,9,29,53
6,0.182,0.8,147260600,111,False,True,True,False,True,True,9,9,60,47
6,0.182,0.8,147260600,112,False,True,True,False,True,True,6,9,84,54
6,0.182,0.8,147260600,113,False,True,True,False,True,True,6,9,89,57
6,0.182,0.8,147260600,114,False,True,True,False,True,True,9,9,36,53
6,0.182,0.8,147260600,115,False,True,True,False,True,True,4,9,26,52
6,0.182,0.8,147260600,116,False,False,True,True,True,True,5,9,57,50
6,0.182,0.8,147260600,117,True,True,False,False,True,True,9,9,62,34
6,0.182,0.8,147260600,118,True,True,False,False,True,True,9,9,39,60
6,0.182,0.8,147260600,119,False,True,True,False,True,True,9,9,75,64
6,0.182,0.8,147260600,120,False,False,True,True,False,True,2,6,29,38
6,0.182,0.8,147260600,121,True,True,False,False,True,True,9,9,40,54
6,0.182,0.8,147260600,122,False,True,True,False,True,True,8,9,74,41
6,0.182,0.8,147260600,123,False,True,True,False,False,True,1,9,22,50
6,0.182,0.8,147260600,124,True,True,False,False,True,True,9,9,107,43
6,0.182,0.8,147260600,125,True,True,False,False,True,True,9,9,77,39
6,0.182,0.8,147260600,126,False,True,True,False,True,True,8,9,63,29
6,0.182,0.8,147260600,127,False,False,True,True,True,True,2,8,34,61
6,0.182,0.8,147260601,0,False,False,True,True,True,True,8,5,64,53
6,0.182,0.8,147260601,1,True,True,False,False,True,True,9,9,42,48
6,0.182,0.8,147260601,2,True,True,False,False,True,True,9,9,69,57
6,0.182,0.8,147260601,3,True,False,False,True,True,True,9,4,76,54
6,0.182,0.8,147260601,4,True,True,False,False,True,True,9,9,42,52
6,0.182,0.8,147260601,5,True,False,False,True,True,True,9,9,87,74
6,0.182,0.8,147260601,6,True,True,False,False,True,True,9,9,54,36
6,0.182,0.8,147260601,7,False,False,True,True,True,True,1,6,20,35
6,0.182,0.8,147260601,8,False,True,True,False,True,True,3,9,75,50
6,0.182,0.8,147260601,9,False,True,True,False,True,True,4,9,36,45
6,0.182,0.8,147260601,10,True,True,False,False,True,True,9,9,72,43
6,0.182,0.8,147260601,11,False,True,True,False,True,True,9,9,43,50
6,0.182,0.8,147260601,12,True,False,False,True,True,True,9,4,33,35
6,0.182,0.8,147260601,13,False,False,True,True,True,True,2,4,52,107
6,0.182,0.8,147260601,14,False,False,True,True,True,True,1,6,29,75
6,0.182,0.8,147260601,15,True,True,False,False,True,True,9,9,73,50
6,0.182,0.8,147260601,16,True,True,False,False,True,True,9,9,97,60
6,0.182,0.8,147260601,17,True,True,False,False,True,True,9,9,59,49
6,0.182,0.8,147260601,18,True,True,False,False,True,True,9,9,80,90
6,0.182,0.8,147260601,19,True,True,False,False,True,True,9,9,54,49
6,0.182,0.8,147260601,20,False,True,True,False,True,True,7,9,54,55
6,0.182,0.8,147260601,21,True,True,False,False,True,True,9,9,70,50
6,0.182,0.8,147260601,22,True,True,False,False,True,True,9,9,39,54
6,0.182,0.8,147260601,23,False,True,True,False,True,True,5,9,104,64
6,0.182,0.8,147260601,24,True,True,False,False,True,True,9,9,61,58
6,0.182,0.8,147260601,25,False,True,True,False,True,True,6,9,33,60
6,0.182,0.8,147260601,26,True,True,False,False,True,True,9,9,49,39
6,0.182,0.8,147260601,27,True,True,False,False,True,True,9,9,32,52
6,0.182,0.8,147260601,28,False,True,True,False,True,True,9,9,42,53
6,0.182,0.8,147260601,29,False,True,True,False,True,True,9,9,54,62
6,0.182,0.8,147260601,30,False,True,True,False,True,True,6,9,63,48
6,0.182,0.8,147260601,31,True,True,False,False,True,True,9,9,62,59
6,0.182,0.8,147260601,32,True,False,False,True,True,True,9,8,54,64
6,0.182,0.8,147260601,33,False,True,True,False,True,True,8,9,57,37
6,0.182,0.8,147260601,34,False,False,True,True,True,True,4,9,27,63
6,0.182,0.8,147260601,35,True,False,False,True,True,True,9,8,62,60
6,0.182,0.8,147260601,36,True,True,False,False,True,True,9,9,68,59
6,0.182,0.8,147260601,37,True,True,False,False,True,True,9,9,56,47
6,0.182,0.8,147260601,38,True,True,False,False,True,True,9,9,44,49
6,0.182,0.8,147260601,39,True,True,False,False,True,True,9,9,51,48
6,0.182,0.8,147260601,40,True,True,False,False,True,True,9,9,61,59
6,0.182,0.8,147260601,41,True,True,False,False,True,True,9,9,58,44
6,0.182,0.8,147260601,42,True,True,False,False,True,True,9,9,43,39
6,0.182,0.8,147260601,43,True,False,False,True,True,True,9,2,55,19
6,0.182,0.8,147260601,44,True,True,False,False,True,True,9,9,42,52
6,0.182,0.8,147260601,45,True,False,False,True,True,True,9,5,59,72
6,0.182,0.8,147260601,46,True,False,False,True,True,True,9,9,53,29
6,0.182,0.8,147260601,47,False,False,True,True,True,True,6,5,53,86
6,0.182,0.8,147260601,48,False,True,True,False,True,True,9,9,53,41
6,0.182,0.8,147260601,49,False,True,True,False,True,True,7,9,79,56
6,0.182,0.8,147260601,50,True,True,False,False,True,True,9,9,40,71
6,0.182,0.8,147260601,51,True,False,False,True,True,True,9,8,54,55
6,0.182,0.8,147260601,52,False,True,True,False,True,True,7,9,60,31
6,0.182,0.8,147260601,53,True,True,False,False,True,True,9,9,67,48
6,0.182,0.8,147260601,54,True,True,False,False,True,True,9,9,40,74
6,0.182,0.8,147260601,55,False,True,True,False,True,True,6,9,71,42
6,0.182,0.8,147260601,56,True,True,False,False,True,True,9,9,42,54
6,0.182,0.8,147260601,57,True,True,False,False,True,True,9,9,48,47
6,0.182,0.8,147260601,58,False,False,True,True,True,True,9,7,57,85
6,0.182,0.8,147260601,59,True,True,False,False,True,True,9,9,48,62
6,0.182,0.8,147260601,60,True,True,False,False,True,True,9,9,63,46
6,0.182,0.8,147260601,61,False,True,True,False,True,True,9,9,58,51
6,0.182,0.8,147260601,62,False,True,True,False,True,True,9,9,39,88
6,0.182,0.8,147260601,63,True,True,False,False,True,True,9,9,32,35
6,0.182,0.8,147260601,64,False,True,True,False,False,True,1,9,18,46
6,0.182,0.8,147260601,65,True,True,False,False,True,True,9,9,60,44
6,0.182,0.8,147260601,66,False,True,True,False,True,True,7,9,53,55
6,0.182,0.8,147260601,67,False,True,True,False,True,True,9,9,46,40
6,0.182,0.8,147260601,68,True,True,False,False,True,True,9,9,46,49
6,0.182,0.8,147260601,69,True,True,False,False,True,True,9,9,50,70
6,0.182,0.8,147260601,70,True,False,False,True,True,True,9,7,43,67
6,0.182,0.8,147260601,71,True,False,False,True,True,True,9,7,31,57
6,0.182,0.8,147260601,72,True,False,False,True,True,True,9,9,32,57
6,0.182,0.8,147260601,73,True,True,False,False,True,True,9,9,53,46
6,0.182,0.8,147260601,74,True,True,False,False,True,True,9,9,50,60
6,0.182,0.8,147260601,75,True,True,False,False,True,True,9,9,75,84
6,0.182,0.8,147260601,76,False,True,True,False,True,True,9,9,45,61
6,0.182,0.8,147260601,77,True,True,False,False,True,True,9,9,58,33
6,0.182,0.8,147260601,78,True,True,False,False,True,True,9,9,52,49
6,0.182,0.8,147260601,79,True,True,False,False,True,True,9,9,53,62
6,0.182,0.8,147260601,80,True,True,False,False,True,True,9,9,46,55
6,0.182,0.8,147260601,81,False,False,True,True,True,True,2,7,25,38
6,0.182,0.8,147260601,82,True,True,False,False,True,True,9,9,48,69
6,0.182,0.8,147260601,83,False,False,True,True,True,True,5,8,37,67
6,0.182,0.8,147260601,84,False,True,True,False,True,True,9,9,57,51
6,0.182,0.8,147260601,85,True,False,False,True,True,True,9,3,33,58
6,0.182,0.8,147260601,86,True,True,False,False,True,True,9,9,32,67
6,0.182,0.8,147260601,87,False,False,True,True,True,True,9,4,46,27
6,0.182,0.8,147260601,88,False,True,True,False,True,True,1,9,32,57
6,0.182,0.8,147260601,89,True,False,False,True,True,True,9,7,50,48
6,0.182,0.8,147260601,90,True,False,False,True,True,True,9,9,58,43
6,0.182,0.8,147260601,91,False,True,True,False,True,True,9,9,60,42
6,0.182,0.8,147260601,92,False,True,True,False,True,True,3,9,38,81
6,0.182,0.8,147260601,93,False,False,True,True,True,True,5,4,49,47
6,0.182,0.8,147260601,94,True,True,False,False,True,True,9,9,51,48
6,0.182,0.8,147260601,95,True,True,False,False,True,True,9,9,67,47
6,0.182,0.8,147260601,96,True,False,False,True,True,True,9,6,52,57
6,0.182,0.8,147260601,97,True,True,False,False,True,True,9,9,44,64
6,0.182,0.8,147260601,98,False,True,True,False,True,True,7,9,26,54
6,0.182,0.8,147260601,99,True,True,False,False,True,True,9,9,43,45
6,0.182,0.8,147260601,100,True,True,False,False,True,True,9,9,50,44
6,0.182,0.8,147260601,101,True,True,False,False,True,True,9,9,46,49
6,0.182,0.8,147260601,102,True,True,False,False,True,True,9,9,60,67
6,0.182,0.8,147260601,103,False,True,True,False,True,True,9,9,33,37
6,0.182,0.8,147260601,104,True,True,False,False,True,True,9,9,88,55
6,0.182,0.8,147260601,105,False,True,True,False,True,True,9,9,63,27
6,0.182,0.8,147260601,106,False,True,True,False,True,True,9,9,73,76
6,0.182,0.8,147260601,107,False,False,True,True,True,True,6,3,64,81
6,0.182,0.8,147260601,108,True,False,False,True,True,True,9,9,41,48
6,0.182,0.8,147260601,109,True,True,False,False,True,True,9,9,46,43
6,0.182,0.8,147260601,110,True,False,False,True,True,True,9,7,53,86
6,0.182,0.8,147260601,111,True,False,False,True,True,True,9,9,47,113
6,0.182,0.8,147260601,112,True,True,False,False,True,True,9,9,33,38
6,0.182,0.8,147260601,113,False,False,True,True,True,True,9,6,38,79
6,0.182,0.8,147260601,114,False,True,True,False,False,True,3,9,28,54
6,0.182,0.8,147260601,115,False,True,True,False,True,True,8,9,56,54
6,0.182,0.8,147260601,116,True,False,False,True,True,True,9,3,51,18
6,0.182,0.8,147260601,117,True,True,False,False,True,True,9,9,49,33
6,0.182,0.8,147260601,118,False,True,True,False,True,True,5,9,56,56
6,0.182,0.8,147260601,119,False,False,True,True,True,True,1,4,29,32
6,0.182,0.8,147260601,120,False,False,True,True,True,True,6,4,36,32
6,0.182,0.8,147260601,121,False,True,True,False,True,True,5,9,35,35
6,0.182,0.8,147260601,122,False,False,True,True,True,True,7,9,81,45
6,0.182,0.8,147260601,123,False,False,True,True,True,True,2,5,25,39
6,0.182,0.8,147260601,124,False,True,True,False,True,True,8,9,55,51
6,0.182,0.8,147260601,125,True,True,False,False,True,True,9,9,55,39
6,0.182,0.8,147260601,126,True,True,False,False,True,True,9,9,55,49
6,0.182,0.8,147260601,127,False,False,True,True,True,True,9,6,48,60
7,0.184,0.8,147260700,0,False,True,True,False,True,True,3,9,49,61
7,0.184,0.8,147260700,1,False,False,True,True,True,True,8,6,42,66
7,0.184,0.8,147260700,2,False,True,True,False,True,True,7,9,61,41
7,0.184,0.8,147260700,3,False,True,True,False,True,True,9,9,51,51
7,0.184,0.8,147260700,4,True,False,False,True,True,True,9,5,48,36
7,0.184,0.8,147260700,5,True,True,False,False,True,True,9,9,37,46
7,0.184,0.8,147260700,6,False,True,True,False,True,True,5,9,43,57
7,0.184,0.8,147260700,7,True,True,False,False,True,True,9,9,77,44
7,0.184,0.8,147260700,8,True,True,False,False,True,True,9,9,81,53
7,0.184,0.8,147260700,9,False,True,True,False,True,True,6,9,39,54
7,0.184,0.8,147260700,10,False,True,True,False,True,True,1,9,42,71
7,0.184,0.8,147260700,11,True,True,False,False,True,True,9,9,45,44
7,0.184,0.8,147260700,12,True,True,False,False,True,True,9,9,53,47
7,0.184,0.8,147260700,13,True,True,False,False,True,True,9,9,44,31
7,0.184,0.8,147260700,14,True,True,False,False,True,True,9,9,60,63
7,0.184,0.8,147260700,15,True,True,False,False,True,True,9,9,74,44
7,0.184,0.8,147260700,16,True,True,False,False,True,True,9,9,58,35
7,0.184,0.8,147260700,17,False,True,True,False,True,True,9,9,42,44
7,0.184,0.8,147260700,18,True,False,False,True,True,True,9,9,60,68
7,0.184,0.8,147260700,19,True,False,False,True,True,True,9,6,48,33
7,0.184,0.8,147260700,20,True,True,False,False,True,True,9,9,39,40
7,0.184,0.8,147260700,21,True,False,False,True,True,True,9,9,52,74
7,0.184,0.8,147260700,22,True,False,False,True,True,True,9,7,48,42
7,0.184,0.8,147260700,23,True,True,False,False,True,True,9,9,80,50
7,0.184,0.8,147260700,24,False,True,True,False,True,True,4,9,28,51
7,0.184,0.8,147260700,25,True,True,False,False,True,True,9,9,63,96
7,0.184,0.8,147260700,26,True,True,False,False,True,True,9,9,57,43
7,0.184,0.8,147260700,27,True,True,False,False,True,True,9,9,64,52
7,0.184,0.8,147260700,28,True,True,False,False,True,True,9,9,42,55
7,0.184,0.8,147260700,29,True,True,False,False,True,True,9,9,77,55
7,0.184,0.8,147260700,30,True,True,False,False,True,True,9,9,48,34
7,0.184,0.8,147260700,31,False,True,True,False,True,True,8,9,46,68
7,0.184,0.8,147260700,32,True,False,False,True,True,True,9,9,62,54
7,0.184,0.8,147260700,33,True,False,False,True,True,True,9,1,50,38
7,0.184,0.8,147260700,34,False,False,True,True,True,True,7,9,46,71
7,0.184,0.8,147260700,35,True,True,False,False,True,True,9,9,50,57
7,0.184,0.8,147260700,36,True,False,False,True,True,True,9,3,63,33
7,0.184,0.8,147260700,37,False,True,True,False,True,True,9,9,42,65
7,0.184,0.8,147260700,38,False,False,True,True,False,True,2,1,23,34
7,0.184,0.8,147260700,39,False,True,True,False,True,True,8,9,59,47
7,0.184,0.8,147260700,40,True,True,False,False,True,True,9,9,46,77
7,0.184,0.8,147260700,41,True,True,False,False,True,True,9,9,58,55
7,0.184,0.8,147260700,42,True,True,False,False,True,True,9,9,52,42
7,0.184,0.8,147260700,43,False,False,True,True,True,True,9,8,55,61
7,0.184,0.8,147260700,44,False,False,True,True,True,True,2,9,30,38
7,0.184,0.8,147260700,45,True,False,False,True,True,True,9,8,45,73
7,0.184,0.8,147260700,46,True,True,False,False,True,True,9,9,62,48
7,0.184,0.8,147260700,47,True,False,False,True,True,True,9,5,57,33
7,0.184,0.8,147260700,48,True,True,False,False,True,True,9,9,76,57
7,0.184,0.8,147260700,49,True,True,False,False,True,True,9,9,59,53
7,0.184,0.8,147260700,50,False,True,True,False,False,True,1,9,20,56
7,0.184,0.8,147260700,51,False,True,True,False,True,True,4,9,44,51
7,0.184,0.8,147260700,52,False,False,True,True,True,True,8,5,93,31
7,0.184,0.8,147260700,53,True,True,False,False,True,True,9,9,45,40
7,0.184,0.8,147260700,54,False,True,True,False,True,True,9,9,55,50
7,0.184,0.8,147260700,55,True,True,False,False,True,True,9,9,50,43
7,0.184,0.8,147260700,56,True,True,False,False,True,True,9,9,61,42
7,0.184,0.8,147260700,57,False,True,True,False,True,True,7,9,49,47
7,0.184,0.8,147260700,58,False,True,True,False,True,True,8,9,71,52
7,0.184,0.8,147260700,59,True,True,False,False,True,True,9,9,52,39
7,0.184,0.8,147260700,60,True,True,False,False,True,True,9,9,58,61
7,0.184,0.8,147260700,61,True,True,False,False,True,True,9,9,59,31
7,0.184,0.8,147260700,62,True,True,False,False,True,True,9,9,93,44
7,0.184,0.8,147260700,63,True,True,False,False,True,True,9,9,75,48
7,0.184,0.8,147260700,64,False,True,True,False,True,True,9,9,56,63
7,0.184,0.8,147260700,65,True,True,False,False,True,True,9,9,54,88
7,0.184,0.8,147260700,66,True,True,False,False,True,True,9,9,62,50
7,0.184,0.8,147260700,67,False,True,True,False,True,True,9,9,52,51
7,0.184,0.8,147260700,68,False,False,True,True,True,True,4,8,29,40
7,0.184,0.8,147260700,69,True,False,False,True,True,True,9,4,67,39
7,0.184,0.8,147260700,70,False,True,True,False,True,True,6,9,38,81
7,0.184,0.8,147260700,71,True,True,False,False,True,True,9,9,46,51
7,0.184,0.8,147260700,72,True,True,False,False,True,True,9,9,38,47
7,0.184,0.8,147260700,73,True,True,False,False,True,True,9,9,55,61
7,0.184,0.8,147260700,74,False,True,True,False,False,True,3,9,54,56
7,0.184,0.8,147260700,75,True,False,False,True,True,True,9,9,73,45
7,0.184,0.8,147260700,76,False,False,True,True,True,True,5,1,51,28
7,0.184,0.8,147260700,77,True,True,False,False,True,True,9,9,72,44
7,0.184,0.8,147260700,78,True,False,False,True,True,True,9,9,45,77
7,0.184,0.8,147260700,79,True,True,False,False,True,True,9,9,63,61
7,0.184,0.8,147260700,80,True,True,False,False,True,True,9,9,64,73
7,0.184,0.8,147260700,81,False,False,True,True,True,True,7,5,44,68
7,0.184,0.8,147260700,82,False,True,True,False,True,True,1,9,28,52
7,0.184,0.8,147260700,83,True,True,False,False,True,True,9,9,53,37
7,0.184,0.8,147260700,84,True,True,False,False,True,True,9,9,38,61
7,0.184,0.8,147260700,85,True,True,False,False,True,True,9,9,51,52
7,0.184,0.8,147260700,86,False,True,True,False,True,True,3,9,20,39
7,0.184,0.8,147260700,87,True,False,False,True,True,True,9,9,107,55
7,0.184,0.8,147260700,88,True,False,False,True,True,True,9,1,41,35
7,0.184,0.8,147260700,89,True,True,False,False,True,True,9,9,46,48
7,0.184,0.8,147260700,90,False,False,True,True,True,True,3,1,52,57
7,0.184,0.8,147260700,91,True,True,False,False,True,True,9,9,43,48
7,0.184,0.8,147260700,92,True,True,False,False,True,True,9,9,83,54
7,0.184,0.8,147260700,93,True,True,False,False,True,True,9,9,55,51
7,0.184,0.8,147260700,94,True,False,False,True,True,True,9,4,60,59
7,0.184,0.8,147260700,95,False,False,True,True,True,True,3,6,43,38
7,0.184,0.8,147260700,96,False,False,True,True,True,True,8,6,74,58
7,0.184,0.8,147260700,97,True,True,False,False,True,True,9,9,49,61
7,0.184,0.8,147260700,98,True,True,False,False,True,True,9,9,66,65
7,0.184,0.8,147260700,99,True,False,False,True,True,True,9,6,43,48
7,0.184,0.8,147260700,100,False,True,True,False,True,True,9,9,72,53
7,0.184,0.8,147260700,101,False,False,True,True,True,True,4,7,23,49
7,0.184,0.8,147260700,102,False,True,True,False,True,True,8,9,81,58
7,0.184,0.8,147260700,103,True,False,False,True,True,True,9,5,68,48
7,0.184,0.8,147260700,104,True,True,False,False,True,True,9,9,41,35
7,0.184,0.8,147260700,105,True,True,False,False,True,True,9,9,67,33
7,0.184,0.8,147260700,106,True,True,False,False,True,True,9,9,61,55
7,0.184,0.8,147260700,107,True,False,False,True,True,True,9,8,63,50
7,0.184,0.8,147260700,108,True,True,False,False,True,True,9,9,46,64
7,0.184,0.8,147260700,109,True,True,False,False,True,True,9,9,80,51
7,0.184,0.8,147260700,110,True,True,False,False,True,True,9,9,44,49
7,0.184,0.8,147260700,111,False,False,True,True,True,True,9,6,59,42
7,0.184,0.8,147260700,112,False,True,True,False,True,True,8,9,47,50
7,0.184,0.8,147260700,113,True,False,False,True,True,True,9,9,45,62
7,0.184,0.8,147260700,114,True,False,False,True,True,True,9,7,43,60
7,0.184,0.8,147260700,115,False,True,True,False,True,True,9,9,60,49
7,0.184,0.8,147260700,116,True,True,False,False,True,True,9,9,39,43
7,0.184,0.8,147260700,117,False,True,True,False,False,True,2,9,23,73
7,0.184,0.8,147260700,118,True,True,False,False,True,True,9,9,59,63
7,0.184,0.8,147260700,119,False,True,True,False,True,True,8,9,57,64
7,0.184,0.8,147260700,120,False,True,True,False,True,True,9,9,64,45
7,0.184,0.8,147260700,121,True,True,False,False,True,True,9,9,59,61
7,0.184,0.8,147260700,122,True,True,False,False,True,True,9,9,44,61
7,0.184,0.8,147260700,123,True,True,False,False,True,True,9,9,65,81
7,0.184,0.8,147260700,124,True,False,False,True,True,True,9,4,44,52
7,0.184,0.8,147260700,125,True,True,False,False,True,True,9,9,48,55
7,0.184,0.8,147260700,126,False,True,True,False,False,True,1,9,32,62
7,0.184,0.8,147260700,127,True,True,False,False,True,True,9,9,83,47
7,0.184,0.8,147260701,0,False,False,True,True,True,True,9,5,67,47
7,0.184,0.8,147260701,1,False,True,True,False,True,True,8,9,103,55
7,0.184,0.8,147260701,2,False,True,True,False,True,True,9,9,82,43
7,0.184,0.8,147260701,3,True,True,False,False,True,True,9,9,50,66
7,0.184,0.8,147260701,4,True,False,False,True,True,True,9,4,36,34
7,0.184,0.8,147260701,5,False,True,True,False,True,True,5,9,37,45
7,0.184,0.8,147260701,6,True,True,False,False,True,True,9,9,80,60
7,0.184,0.8,147260701,7,True,True,False,False,True,True,9,9,67,60
7,0.184,0.8,147260701,8,True,True,False,False,True,True,9,9,62,62
7,0.184,0.8,147260701,9,True,False,False,True,True,True,9,2,43,28
7,0.184,0.8,147260701,10,True,False,False,True,True,True,9,5,68,34
7,0.184,0.8,147260701,11,False,True,True,False,True,True,8,9,61,53
7,0.184,0.8,147260701,12,True,False,False,True,True,True,9,9,55,42
7,0.184,0.8,147260701,13,True,True,False,False,True,True,9,9,56,40
7,0.184,0.8,147260701,14,True,True,False,False,True,True,9,9,61,62
7,0.184,0.8,147260701,15,True,False,False,True,True,True,9,7,41,64
7,0.184,0.8,147260701,16,True,False,False,True,True,True,9,4,42,33
7,0.184,0.8,147260701,17,False,False,True,True,True,True,3,7,25,67
7,0.184,0.8,147260701,18,True,True,False,False,True,True,9,9,40,48
7,0.184,0.8,147260701,19,True,True,False,False,True,True,9,9,65,58
7,0.184,0.8,147260701,20,True,False,False,True,True,True,9,9,73,35
7,0.184,0.8,147260701,21,True,True,False,False,True,True,9,9,67,46
7,0.184,0.8,147260701,22,False,True,True,False,True,True,3,9,55,43
7,0.184,0.8,147260701,23,True,False,False,True,True,True,9,8,70,71
7,0.184,0.8,147260701,24,True,True,False,False,True,True,9,9,62,41
7,0.184,0.8,147260701,25,True,False,False,True,True,True,9,3,106,33
7,0.184,0.8,147260701,26,False,True,True,False,True,True,7,9,28,58
7,0.184,0.8,147260701,27,True,False,False,True,True,True,9,3,162,50
7,0.184,0.8,147260701,28,False,True,True,False,True,True,6,9,69,52
7,0.184,0.8,147260701,29,False,True,True,False,True,True,9,9,51,33
7,0.184,0.8,147260701,30,False,False,True,True,True,True,8,5,49,80
7,0.184,0.8,147260701,31,False,True,True,False,True,True,9,9,38,67
7,0.184,0.8,147260701,32,True,True,False,False,True,True,9,9,48,48
7,0.184,0.8,147260701,33,False,True,True,False,True,True,3,9,36,49
7,0.184,0.8,147260701,34,True,True,False,False,True,True,9,9,52,53
7,0.184,0.8,147260701,35,True,True,False,False,True,True,9,9,36,73
7,0.184,0.8,147260701,36,True,True,False,False,True,True,9,9,36,46
7,0.184,0.8,147260701,37,False,True,True,False,True,True,9,9,70,63
7,0.184,0.8,147260701,38,False,False,True,True,True,True,6,6,65,66
7,0.184,0.8,147260701,39,True,True,False,False,True,True,9,9,65,49
7,0.184,0.8,147260701,40,False,True,True,False,True,True,2,9,18,60
7,0.184,0.8,147260701,41,False,True,True,False,False,True,1,9,15,46
7,0.184,0.8,147260701,42,True,True,False,False,True,True,9,9,56,53
7,0.184,0.8,147260701,43,True,False,False,True,True,True,9,3,64,32
7,0.184,0.8,147260701,44,False,True,True,False,True,True,7,9,61,52
7,0.184,0.8,147260701,45,False,True,True,False,True,True,4,9,33,37
7,0.184,0.8,147260701,46,True,True,False,False,True,True,9,9,62,49
7,0.184,0.8,147260701,47,True,True,False,False,True,True,9,9,41,57
7,0.184,0.8,147260701,48,False,True,True,False,True,True,9,9,41,68
7,0.184,0.8,147260701,49,False,False,True,True,False,True,2,9,22,53
7,0.184,0.8,147260701,50,False,True,True,False,True,True,3,9,34,55
7,0.184,0.8,147260701,51,True,True,False,False,True,True,9,9,48,63
7,0.184,0.8,147260701,52,True,True,False,False,True,True,9,9,55,52
7,0.184,0.8,147260701,53,True,True,False,False,True,True,9,9,84,50
7,0.184,0.8,147260701,54,False,False,True,True,True,True,9,3,55,29
7,0.184,0.8,147260701,55,True,False,False,True,True,True,9,9,54,47
7,0.184,0.8,147260701,56,True,False,False,True,True,True,9,6,46,49
7,0.184,0.8,147260701,57,False,True,True,False,True,True,3,9,67,87
7,0.184,0.8,147260701,58,True,True,False,False,True,True,9,9,33,53
7,0.184,0.8,147260701,59,True,True,False,False,True,True,9,9,50,47
7,0.184,0.8,147260701,60,True,False,False,True,True,True,9,4,47,23
7,0.184,0.8,147260701,61,False,True,True,False,True,True,8,9,51,38
7,0.184,0.8,147260701,62,False,True,True,False,True,True,9,9,97,44
7,0.184,0.8,147260701,63,False,True,True,False,True,True,6,9,45,44
7,0.184,0.8,147260701,64,True,True,False,False,True,True,9,9,44,49
7,0.184,0.8,147260701,65,True,True,False,False,True,True,9,9,36,27
7,0.184,0.8,147260701,66,False,True,True,False,True,True,2,9,103,41
7,0.184,0.8,147260701,67,False,True,True,False,True,True,9,9,56,60
7,0.184,0.8,147260701,68,True,True,False,False,True,True,9,9,57,64
7,0.184,0.8,147260701,69,False,False,True,True,False,True,1,7,38,70
7,0.184,0.8,147260701,70,False,False,True,True,True,True,2,3,40,40
7,0.184,0.8,147260701,71,False,False,True,True,True,True,8,4,63,33
7,0.184,0.8,147260701,72,False,True,True,False,True,True,2,9,21,54
7,0.184,0.8,147260701,73,True,True,False,False,True,True,9,9,48,46
7,0.184,0.8,147260701,74,False,True,True,False,True,True,3,9,33,36
7,0.184,0.8,147260701,75,False,False,True,True,True,True,9,1,43,28
7,0.184,0.8,147260701,76,True,False,False,True,True,True,9,6,63,37
7,0.184,0.8,147260701,77,True,True,False,False,True,True,9,9,48,42
7,0.184,0.8,147260701,78,True,True,False,False,True,True,9,9,45,78
7,0.184,0.8,147260701,79,False,False,True,True,True,True,2,3,33,37
7,0.184,0.8,147260701,80,True,True,False,False,True,True,9,9,44,57
7,0.184,0.8,147260701,81,True,True,False,False,True,True,9,9,53,55
7,0.184,0.8,147260701,82,False,False,True,True,True,True,9,1,70,29
7,0.184,0.8,147260701,83,True,True,False,False,True,True,9,9,47,64
7,0.184,0.8,147260701,84,True,True,False,False,True,True,9,9,34,100
7,0.184,0.8,147260701,85,False,False,True,True,True,True,6,4,74,32
7,0.184,0.8,147260701,86,True,True,False,False,True,True,9,9,33,49
7,0.184,0.8,147260701,87,True,True,False,False,True,True,9,9,63,68
7,0.184,0.8,147260701,88,False,True,True,False,True,True,9,9,56,37
7,0.184,0.8,147260701,89,True,False,False,True,True,True,9,7,58,92
7,0.184,0.8,147260701,90,False,True,True,False,True,True,7,9,33,45
7,0.184,0.8,147260701,91,False,True,True,False,True,True,9,9,55,36
7,0.184,0.8,147260701,92,False,False,True,True,False,True,6,5,32,39
7,0.184,0.8,147260701,93,True,True,False,False,True,True,9,9,90,69
7,0.184,0.8,147260701,94,True,True,False,False,True,True,9,9,33,71
7,0.184,0.8,147260701,95,True,True,False,False,True,True,9,9,80,65
7,0.184,0.8,147260701,96,True,True,False,False,True,True,9,9,52,64
7,0.184,0.8,147260701,97,False,True,True,False,True,True,9,9,63,48
7,0.184,0.8,147260701,98,True,True,False,False,True,True,9,9,52,48
7,0.184,0.8,147260701,99,True,False,False,True,True,True,9,2,61,35
7,0.184,0.8,147260701,100,False,True,True,False,True,True,6,9,52,33
7,0.184,0.8,147260701,101,True,True,False,False,True,True,9,9,57,41
7,0.184,0.8,147260701,102,True,False,False,True,True,True,9,9,37,38
7,0.184,0.8,147260701,103,True,True,False,False,True,True,9,9,45,60
7,0.184,0.8,147260701,104,False,False,True,True,True,True,8,9,61,73
7,0.184,0.8,147260701,105,True,True,False,False,True,True,9,9,51,40
7,0.184,0.8,147260701,106,True,True,False,False,True,True,9,9,49,51
7,0.184,0.8,147260701,107,False,True,True,False,True,True,1,9,28,55
7,0.184,0.8,147260701,108,False,True,True,False,True,True,9,9,83,61
7,0.184,0.8,147260701,109,True,True,False,False,True,True,9,9,52,63
7,0.184,0.8,147260701,110,True,False,False,True,True,True,9,6,33,101
7,0.184,0.8,147260701,111,False,True,True,False,True,True,9,9,45,48
7,0.184,0.8,147260701,112,True,True,False,False,True,True,9,9,42,51
7,0.184,0.8,147260701,113,True,True,False,False,True,True,9,9,46,57
7,0.184,0.8,147260701,114,True,False,False,True,True,True,9,6,53,60
7,0.184,0.8,147260701,115,False,True,True,False,False,True,2,9,28,40
7,0.184,0.8,147260701,116,False,True,True,False,True,True,9,9,59,47
7,0.184,0.8,147260701,117,True,True,False,False,True,True,9,9,46,48
7,0.184,0.8,147260701,118,False,True,True,False,True,True,5,9,45,49
7,0.184,0.8,147260701,119,False,False,True,True,True,True,8,5,59,57
7,0.184,0.8,147260701,120,True,True,False,False,True,True,9,9,59,60
7,0.184,0.8,147260701,121,False,False,True,True,True,True,2,5,24,36
7,0.184,0.8,147260701,122,False,True,True,False,True,True,1,9,32,51
7,0.184,0.8,147260701,123,True,False,False,True,True,True,9,5,29,69
7,0.184,0.8,147260701,124,False,True,True,False,True,True,6,9,49,67
7,0.184,0.8,147260701,125,False,True,True,False,True,True,9,9,46,60
7,0.184,0.8,147260701,126,True,True,False,False,True,True,9,9,40,32
7,0.184,0.8,147260701,127,True,False,False,True,True,True,9,7,60,63
8,0.186,0.8,147260800,0,True,True,False,False,True,True,9,9,43,66
8,0.186,0.8,147260800,1,True,True,False,False,True,True,9,9,48,49
8,0.186,0.8,147260800,2,True,True,False,False,True,True,9,9,76,80
8,0.186,0.8,147260800,3,True,True,False,False,True,True,9,9,49,45
8,0.186,0.8,147260800,4,False,False,True,True,True,True,8,3,104,30
8,0.186,0.8,147260800,5,True,True,False,False,True,True,9,9,40,25
8,0.186,0.8,147260800,6,True,True,False,False,True,True,9,9,52,72
8,0.186,0.8,147260800,7,False,True,True,False,True,True,9,9,58,57
8,0.186,0.8,147260800,8,True,False,False,True,True,True,9,9,52,48
8,0.186,0.8,147260800,9,False,True,True,False,True,True,3,9,60,37
8,0.186,0.8,147260800,10,False,False,True,True,True,True,6,9,47,78
8,0.186,0.8,147260800,11,False,False,True,True,True,True,7,6,62,44
8,0.186,0.8,147260800,12,True,True,False,False,True,True,9,9,70,61
8,0.186,0.8,147260800,13,True,False,False,True,True,True,9,8,46,52
8,0.186,0.8,147260800,14,True,False,False,True,True,True,9,7,59,31
8,0.186,0.8,147260800,15,False,True,True,False,False,True,2,9,22,55
8,0.186,0.8,147260800,16,False,True,True,False,True,True,9,9,36,40
8,0.186,0.8,147260800,17,False,True,True,False,True,True,7,9,69,72
8,0.186,0.8,147260800,18,True,True,False,False,True,True,9,9,47,55
8,0.186,0.8,147260800,19,False,True,True,False,True,True,6,9,28,53
8,0.186,0.8,147260800,20,True,True,False,False,True,True,9,9,55,54
8,0.186,0.8,147260800,21,True,False,False,True,True,True,9,3,106,29
8,0.186,0.8,147260800,22,False,True,True,False,True,True,4,9,90,67
8,0.186,0.8,147260800,23,True,True,False,False,True,True,9,9,62,60
8,0.186,0.8,147260800,24,True,True,False,False,True,True,9,9,51,56
8,0.186,0.8,147260800,25,False,True,True,False,True,True,4,9,34,46
8,0.186,0.8,147260800,26,False,True,True,False,True,True,8,9,61,60
8,0.186,0.8,147260800,27,False,True,True,False,True,True,7,9,47,72
8,0.186,0.8,147260800,28,False,False,True,True,True,True,7,6,55,60
8,0.186,0.8,147260800,29,True,True,False,False,True,True,9,9,51,64
8,0.186,0.8,147260800,30,True,False,False,True,True,True,9,9,43,67
8,0.186,0.8,147260800,31,False,True,True,False,False,True,1,9,17,56
8,0.186,0.8,147260800,32,True,False,False,True,True,True,9,4,59,79
8,0.186,0.8,147260800,33,True,True,False,False,True,True,9,9,45,50
8,0.186,0.8,147260800,34,True,True,False,False,True,True,9,9,67,55
8,0.186,0.8,147260800,35,True,False,False,True,True,True,9,8,55,82
8,0.186,0.8,147260800,36,True,True,False,False,True,True,9,9,47,39
8,0.186,0.8,147260800,37,True,False,False,True,True,True,9,5,38,44
8,0.186,0.8,147260800,38,True,True,False,False,True,True,9,9,49,46
8,0.186,0.8,147260800,39,True,True,False,False,True,True,9,9,46,52
8,0.186,0.8,147260800,40,True,True,False,False,True,True,9,9,42,56
8,0.186,0.8,147260800,41,True,False,False,True,True,True,9,9,48,57
8,0.186,0.8,147260800,42,True,True,False,False,True,True,9,9,62,61
8,0.186,0.8,147260800,43,True,False,False,True,True,True,9,7,57,76
8,0.186,0.8,147260800,44,True,True,False,False,True,True,9,9,68,46
8,0.186,0.8,147260800,45,False,True,True,False,True,True,3,9,31,38
8,0.186,0.8,147260800,46,False,True,True,False,True,True,3,9,53,58
8,0.186,0.8,147260800,47,True,True,False,False,True,True,9,9,45,42
8,0.186,0.8,147260800,48,True,True,False,False,True,True,9,9,71,50
8,0.186,0.8,147260800,49,False,True,True,False,True,True,1,9,35,48
8,0.186,0.8,147260800,50,True,True,False,False,True,True,9,9,62,57
8,0.186,0.8,147260800,51,False,True,True,False,True,True,9,9,83,45
8,0.186,0.8,147260800,52,True,True,False,False,True,True,9,9,49,101
8,0.186,0.8,147260800,53,False,False,True,True,True,True,8,4,54,53
8,0.186,0.8,147260800,54,False,True,True,False,True,True,8,9,39,54
8,0.186,0.8,147260800,55,False,True,True,False,True,True,7,9,96,56
8,0.186,0.8,147260800,56,True,True,False,False,True,True,9,9,52,44
8,0.186,0.8,147260800,57,True,True,False,False,True,True,9,9,42,40
8,0.186,0.8,147260800,58,False,True,True,False,True,True,8,9,54,48
8,0.186,0.8,147260800,59,False,False,True,True,True,True,9,3,123,35
8,0.186,0.8,147260800,60,True,False,False,True,True,True,9,9,39,48
8,0.186,0.8,147260800,61,True,False,False,True,True,True,9,9,56,59
8,0.186,0.8,147260800,62,False,True,True,False,True,True,4,9,41,59
8,0.186,0.8,147260800,63,True,True,False,False,True,True,9,9,64,63
8,0.186,0.8,147260800,64,True,False,False,True,True,True,9,5,64,36
8,0.186,0.8,147260800,65,False,True,True,False,True,True,9,9,92,41
8,0.186,0.8,147260800,66,True,True,False,False,True,True,9,9,65,59
8,0.186,0.8,147260800,67,True,True,False,False,True,True,9,9,59,49
8,0.186,0.8,147260800,68,True,True,False,False,True,True,9,9,78,47
8,0.186,0.8,147260800,69,True,True,False,False,True,True,9,9,80,76
8,0.186,0.8,147260800,70,True,False,False,True,True,True,9,9,73,40
8,0.186,0.8,147260800,71,False,True,True,False,True,True,8,9,71,60
8,0.186,0.8,147260800,72,False,True,True,False,True,True,6,9,31,65
8,0.186,0.8,147260800,73,True,True,False,False,True,True,9,9,53,73
8,0.186,0.8,147260800,74,True,False,False,True,True,True,9,3,27,61
8,0.186,0.8,147260800,75,True,False,False,True,True,True,9,4,49,45
8,0.186,0.8,147260800,76,False,True,True,False,True,True,7,9,47,78
8,0.186,0.8,147260800,77,True,True,False,False,True,True,9,9,36,48
8,0.186,0.8,147260800,78,False,True,True,False,True,True,6,9,51,75
8,0.186,0.8,147260800,79,True,False,False,True,True,True,9,1,63,36
8,0.186,0.8,147260800,80,True,True,False,False,True,True,9,9,66,45
8,0.186,0.8,147260800,81,True,True,False,False,True,True,9,9,51,41
8,0.186,0.8,147260800,82,False,True,True,False,True,True,8,9,58,57
8,0.186,0.8,147260800,83,True,True,False,False,True,True,9,9,56,38
8,0.186,0.8,147260800,84,True,True,False,False,True,True,9,9,64,67
8,0.186,0.8,147260800,85,True,True,False,False,True,True,9,9,39,59
8,0.186,0.8,147260800,86,False,True,True,False,True,True,9,9,33,55
8,0.186,0.8,147260800,87,False,False,True,True,True,True,7,7,52,56
8,0.186,0.8,147260800,88,False,False,True,True,True,True,2,9,30,69
8,0.186,0.8,147260800,89,False,True,True,False,True,True,8,9,41,68
8,0.186,0.8,147260800,90,True,True,False,False,True,True,9,9,66,61
8,0.186,0.8,147260800,91,False,False,True,True,True,True,9,3,53,52
8,0.186,0.8,147260800,92,True,True,False,False,True,True,9,9,51,49
8,0.186,0.8,147260800,93,True,True,False,False,True,True,9,9,45,53
8,0.186,0.8,147260800,94,True,True,False,False,True,True,9,9,57,41
8,0.186,0.8,147260800,95,True,True,False,False,True,True,9,9,59,37
8,0.186,0.8,147260800,96,False,True,True,False,True,True,6,9,60,83
8,0.186,0.8,147260800,97,True,True,False,False,True,True,9,9,38,59
8,0.186,0.8,147260800,98,True,True,False,False,True,True,9,9,56,54
8,0.186,0.8,147260800,99,True,True,False,False,True,True,9,9,43,48
8,0.186,0.8,147260800,100,True,True,False,False,True,True,9,9,53,25
8,0.186,0.8,147260800,101,True,False,False,True,True,True,9,9,77,47
8,0.186,0.8,147260800,102,True,True,False,False,True,True,9,9,61,57
8,0.186,0.8,147260800,103,True,True,False,False,True,True,9,9,79,41
8,0.186,0.8,147260800,104,True,True,False,False,True,True,9,9,54,33
8,0.186,0.8,147260800,105,True,True,False,False,True,True,9,9,51,80
8,0.186,0.8,147260800,106,True,True,False,False,True,True,9,9,33,47
8,0.186,0.8,147260800,107,False,True,True,False,True,True,5,9,45,55
8,0.186,0.8,147260800,108,False,True,True,False,True,True,9,9,67,39
8,0.186,0.8,147260800,109,False,False,True,True,True,True,9,6,50,96
8,0.186,0.8,147260800,110,True,True,False,False,True,True,9,9,41,39
8,0.186,0.8,147260800,111,False,True,True,False,True,True,7,9,61,54
8,0.186,0.8,147260800,112,True,True,False,False,True,True,9,9,88,44
8,0.186,0.8,147260800,113,False,True,True,False,True,True,7,9,64,48
8,0.186,0.8,147260800,114,False,True,True,False,True,True,4,9,77,69
8,0.186,0.8,147260800,115,True,False,False,True,True,True,9,2,49,22
8,0.186,0.8,147260800,116,True,True,False,False,True,True,9,9,60,60
8,0.186,0.8,147260800,117,True,True,False,False,True,True,9,9,76,64
8,0.186,0.8,147260800,118,True,True,False,False,True,True,9,9,80,63
8,0.186,0.8,147260800,119,False,False,True,True,True,True,1,9,32,78
8,0.186,0.8,147260800,120,True,False,False,True,True,True,9,8,39,92
8,0.186,0.8,147260800,121,False,True,True,False,True,True,6,9,36,58
8,0.186,0.8,147260800,122,True,False,False,True,True,True,9,6,37,56
8,0.186,0.8,147260800,123,False,False,True,True,True,True,9,4,62,67
8,0.186,0.8,147260800,124,False,True,True,False,True,True,9,9,57,76
8,0.186,0.8,147260800,125,False,True,True,False,True,True,8,9,38,52
8,0.186,0.8,147260800,126,True,True,False,False,True,True,9,9,45,53
8,0.186,0.8,147260800,127,True,True,False,False,True,True,9,9,62,41
8,0.186,0.8,147260801,0,True,True,False,False,True,True,9,9,46,59
8,0.186,0.8,147260801,1,True,True,False,False,True,True,9,9,45,66
8,0.186,0.8,147260801,2,False,False,True,True,True,True,8,2,55,51
8,0.186,0.8,147260801,3,True,True,False,False,True,True,9,9,51,57
8,0.186,0.8,147260801,4,True,True,False,False,True,True,9,9,41,46
8,0.186,0.8,147260801,5,False,True,True,False,True,True,8,9,81,39
8,0.186,0.8,147260801,6,True,True,False,False,True,True,9,9,79,50
8,0.186,0.8,147260801,7,False,False,True,True,True,True,7,8,59,57
8,0.186,0.8,147260801,8,False,True,True,False,True,True,1,9,14,49
8,0.186,0.8,147260801,9,False,True,True,False,True,True,5,9,51,44
8,0.186,0.8,147260801,10,False,False,True,True,True,True,5,8,41,49
8,0.186,0.8,147260801,11,True,True,False,False,True,True,9,9,68,46
8,0.186,0.8,147260801,12,True,True,False,False,True,True,9,9,47,51
8,0.186,0.8,147260801,13,False,False,True,True,True,True,3,9,38,91
8,0.186,0.8,147260801,14,True,True,False,False,True,True,9,9,57,37
8,0.186,0.8,147260801,15,True,False,False,True,True,True,9,5,47,54
8,0.186,0.8,147260801,16,False,True,True,False,True,True,3,9,36,59
8,0.186,0.8,147260801,17,True,True,False,False,True,True,9,9,58,73
8,0.186,0.8,147260801,18,False,True,True,False,True,True,2,9,44,51
8,0.186,0.8,147260801,19,True,True,False,False,True,True,9,9,67,43
8,0.186,0.8,147260801,20,True,True,False,False,True,True,9,9,69,51
8,0.186,0.8,147260801,21,True,True,False,False,True,True,9,9,59,45
8,0.186,0.8,147260801,22,True,True,False,False,True,True,9,9,76,48
8,0.186,0.8,147260801,23,False,False,True,True,True,True,2,9,20,41
8,0.186,0.8,147260801,24,True,True,False,False,True,True,9,9,48,41
8,0.186,0.8,147260801,25,False,True,True,False,True,True,5,9,39,50
8,0.186,0.8,147260801,26,True,False,False,True,True,True,9,7,49,68
8,0.186,0.8,147260801,27,True,False,False,True,True,True,9,5,85,28
8,0.186,0.8,147260801,28,True,True,False,False,True,True,9,9,42,48
8,0.186,0.8,147260801,29,True,True,False,False,True,True,9,9,42,58
8,0.186,0.8,147260801,30,True,True,False,False,True,True,9,9,43,41
8,0.186,0.8,147260801,31,False,True,True,False,True,True,4,9,43,57
8,0.186,0.8,147260801,32,False,False,True,True,True,True,4,1,38,60
8,0.186,0.8,147260801,33,False,True,True,False,True,True,9,9,58,44
8,0.186,0.8,147260801,34,False,False,True,True,True,True,7,9,54,117
8,0.186,0.8,147260801,35,False,True,True,False,True,True,9,9,59,51
8,0.186,0.8,147260801,36,True,True,False,False,True,True,9,9,45,70
8,0.186,0.8,147260801,37,True,False,False,True,True,True,9,3,53,37
8,0.186,0.8,147260801,38,False,True,True,False,True,True,9,9,72,56
8,0.186,0.8,147260801,39,True,True,False,False,True,True,9,9,85,41
8,0.186,0.8,147260801,40,False,False,True,True,True,True,9,4,44,31
8,0.186,0.8,147260801,41,True,True,False,False,True,True,9,9,64,61
8,0.186,0.8,147260801,42,False,False,True,True,True,True,7,9,77,61
8,0.186,0.8,147260801,43,False,True,True,False,True,True,6,9,48,58
8,0.186,0.8,147260801,44,True,False,False,True,True,True,9,9,89,58
8,0.186,0.8,147260801,45,False,False,True,True,False,True,1,7,26,53
8,0.186,0.8,147260801,46,False,True,True,False,True,True,4,9,27,85
8,0.186,0.8,147260801,47,True,True,False,False,True,True,9,9,37,45
8,0.186,0.8,147260801,48,True,True,False,False,True,True,9,9,62,83
8,0.186,0.8,147260801,49,True,True,False,False,True,True,9,9,96,36
8,0.186,0.8,147260801,50,True,False,False,True,True,True,9,9,43,56
8,0.186,0.8,147260801,51,True,False,False,True,True,True,9,9,54,66
8,0.186,0.8,147260801,52,True,True,False,False,True,True,9,9,57,54
8,0.186,0.8,147260801,53,False,False,True,True,True,True,9,5,59,39
8,0.186,0.8,147260801,54,True,True,False,False,True,True,9,9,65,69
8,0.186,0.8,147260801,55,True,True,False,False,True,True,9,9,50,55
8,0.186,0.8,147260801,56,False,True,True,False,True,True,9,9,53,47
8,0.186,0.8,147260801,57,False,True,True,False,False,True,1,9,27,37
8,0.186,0.8,147260801,58,True,False,False,True,True,True,9,5,69,48
8,0.186,0.8,147260801,59,True,False,False,True,True,True,9,7,74,59
8,0.186,0.8,147260801,60,False,True,True,False,True,True,9,9,58,60
8,0.186,0.8,147260801,61,False,True,True,False,True,True,4,9,33,41
8,0.186,0.8,147260801,62,True,False,False,True,True,True,9,7,54,37
8,0.186,0.8,147260801,63,False,True,True,False,True,True,2,9,28,65
8,0.186,0.8,147260801,64,False,True,True,False,True,True,9,9,43,43
8,0.186,0.8,147260801,65,False,True,True,False,True,True,8,9,98,66
8,0.186,0.8,147260801,66,True,False,False,True,True,True,9,9,47,56
8,0.186,0.8,147260801,67,False,False,True,True,False,True,1,1,25,37
8,0.186,0.8,147260801,68,True,True,False,False,True,True,9,9,82,36
8,0.186,0.8,147260801,69,False,False,True,True,True,True,9,7,67,70
8,0.186,0.8,147260801,70,True,True,False,False,True,True,9,9,68,84
8,0.186,0.8,147260801,71,True,True,False,False,True,True,9,9,51,35
8,0.186,0.8,147260801,72,True,False,False,True,True,True,9,6,48,95
8,0.186,0.8,147260801,73,False,False,True,True,True,True,9,5,109,60
8,0.186,0.8,147260801,74,False,False,True,True,True,True,2,5,35,39
8,0.186,0.8,147260801,75,True,True,False,False,True,True,9,9,48,50
8,0.186,0.8,147260801,76,True,False,False,True,True,True,9,9,57,54
8,0.186,0.8,147260801,77,False,True,True,False,False,True,2,9,24,55
8,0.186,0.8,147260801,78,True,True,False,False,True,True,9,9,62,57
8,0.186,0.8,147260801,79,True,True,False,False,True,True,9,9,57,52
8,0.186,0.8,147260801,80,False,True,True,False,True,True,9,9,63,39
8,0.186,0.8,147260801,81,False,True,True,False,False,True,2,9,25,50
8,0.186,0.8,147260801,82,True,True,False,False,True,True,9,9,56,55
8,0.186,0.8,147260801,83,False,True,True,False,True,True,9,9,82,67
8,0.186,0.8,147260801,84,True,True,False,False,True,True,9,9,54,65
8,0.186,0.8,147260801,85,False,True,True,False,True,True,9,9,110,43
8,0.186,0.8,147260801,86,False,False,True,True,True,True,3,4,19,73
8,0.186,0.8,147260801,87,False,False,True,True,True,True,6,9,46,56
8,0.186,0.8,147260801,88,True,True,False,False,True,True,9,9,44,54
8,0.186,0.8,147260801,89,True,True,False,False,True,True,9,9,67,45
8,0.186,0.8,147260801,90,False,True,True,False,True,True,9,9,131,60
8,0.186,0.8,147260801,91,True,True,False,False,True,True,9,9,41,38
8,0.186,0.8,147260801,92,True,True,False,False,True,True,9,9,47,56
8,0.186,0.8,147260801,93,False,True,True,False,False,True,2,9,23,72
8,0.186,0.8,147260801,94,True,True,False,False,True,True,9,9,46,36
8,0.186,0.8,147260801,95,False,False,True,True,True,True,2,6,38,40
8,0.186,0.8,147260801,96,False,True,True,False,True,True,8,9,120,46
8,0.186,0.8,147260801,97,False,False,True,True,True,True,5,6,40,49
8,0.186,0.8,147260801,98,False,False,True,True,True,True,2,7,17,62
8,0.186,0.8,147260801,99,True,False,False,True,True,True,9,3,63,21
8,0.186,0.8,147260801,100,True,True,False,False,True,True,9,9,44,58
8,0.186,0.8,147260801,101,False,True,True,False,True,True,4,9,34,76
8,0.186,0.8,147260801,102,True,False,False,True,True,True,9,3,66,57
8,0.186,0.8,147260801,103,True,True,False,False,True,True,9,9,54,46
8,0.186,0.8,147260801,104,True,True,False,False,True,True,9,9,65,59
8,0.186,0.8,147260801,105,False,True,True,False,True,True,5,9,49,42
8,0.186,0.8,147260801,106,False,False,True,True,False,True,1,4,21,81
8,0.186,0.8,147260801,107,True,True,False,False,True,True,9,9,46,56
8,0.186,0.8,147260801,108,True,True,False,False,True,True,9,9,53,90
8,0.186,0.8,147260801,109,False,True,True,False,True,True,3,9,16,53
8,0.186,0.8,147260801,110,True,True,False,False,True,True,9,9,63,62
8,0.186,0.8,147260801,111,False,True,True,False,True,True,9,9,72,47
8,0.186,0.8,147260801,112,False,False,True,True,True,True,2,2,66,23
8,0.186,0.8,147260801,113,False,True,True,False,True,True,4,9,78,48
8,0.186,0.8,147260801,114,True,True,False,False,True,True,9,9,72,38
8,0.186,0.8,147260801,115,True,True,False,False,True,True,9,9,44,67
8,0.186,0.8,147260801,116,False,True,True,False,True,True,9,9,81,51
8,0.186,0.8,147260801,117,False,True,True,False,True,True,6,9,46,52
8,0.186,0.8,147260801,118,False,True,True,False,True,True,7,9,49,39
8,0.186,0.8,147260801,119,True,False,False,True,True,True,9,6,57,45
8,0.186,0.8,147260801,120,False,True,True,False,True,True,1,9,29,54
8,0.186,0.8,147260801,121,True,True,False,False,True,True,9,9,38,47
8,0.186,0.8,147260801,122,True,True,False,False,True,True,9,9,62,83
8,0.186,0.8,147260801,123,False,False,True,True,True,True,8,6,69,49
8,0.186,0.8,147260801,124,True,False,False,True,True,True,9,4,46,34
8,0.186,0.8,147260801,125,True,True,False,False,True,True,9,9,42,74
8,0.186,0.8,147260801,126,False,False,True,True,True,True,7,3,53,37
8,0.186,0.8,147260801,127,False,True,True,False,True,True,7,9,81,69
9,0.188,0.8,147260900,0,False,True,True,False,True,True,3,9,36,51
9,0.188,0.8,147260900,1,True,False,False,True,True,True,9,6,52,58
9,0.188,0.8,147260900,2,True,True,False,False,True,True,9,9,62,56
9,0.188,0.8,147260900,3,False,False,True,True,True,True,6,9,47,65
9,0.188,0.8,147260900,4,True,True,False,False,True,True,9,9,60,76
9,0.188,0.8,147260900,5,False,True,True,False,True,True,9,9,61,42
9,0.188,0.8,147260900,6,False,True,True,False,True,True,7,9,75,54
9,0.188,0.8,147260900,7,True,False,False,True,True,True,9,4,45,39
9,0.188,0.8,147260900,8,True,True,False,False,True,True,9,9,45,52
9,0.188,0.8,147260900,9,True,True,False,False,True,True,9,9,75,66
9,0.188,0.8,147260900,10,True,True,False,False,True,True,9,9,70,46
9,0.188,0.8,147260900,11,True,True,False,False,True,True,9,9,56,45
9,0.188,0.8,147260900,12,True,False,False,True,True,True,9,4,31,49
9,0.188,0.8,147260900,13,True,False,False,True,True,True,9,9,89,95
9,0.188,0.8,147260900,14,False,False,True,True,True,True,7,4,40,31
9,0.188,0.8,147260900,15,False,False,True,True,False,True,1,6,18,46
9,0.188,0.8,147260900,16,True,False,False,True,True,True,9,2,62,57
9,0.188,0.8,147260900,17,True,True,False,False,True,True,9,9,54,50
9,0.188,0.8,147260900,18,True,True,False,False,True,True,9,9,77,50
9,0.188,0.8,147260900,19,True,True,False,False,True,True,9,9,58,55
9,0.188,0.8,147260900,20,False,True,True,False,True,True,3,9,23,57
9,0.188,0.8,147260900,21,True,True,False,False,True,True,9,9,56,51
9,0.188,0.8,147260900,22,True,True,False,False,True,True,9,9,49,46
9,0.188,0.8,147260900,23,True,True,False,False,True,True,9,9,65,74
9,0.188,0.8,147260900,24,True,True,False,False,True,True,9,9,43,48
9,0.188,0.8,147260900,25,False,False,True,True,True,True,9,4,37,36
9,0.188,0.8,147260900,26,True,True,False,False,True,True,9,9,44,36
9,0.188,0.8,147260900,27,False,False,True,True,True,True,9,9,103,59
9,0.188,0.8,147260900,28,True,True,False,False,True,True,9,9,65,66
9,0.188,0.8,147260900,29,True,True,False,False,True,True,9,9,71,43
9,0.188,0.8,147260900,30,True,True,False,False,True,True,9,9,59,63
9,0.188,0.8,147260900,31,True,True,False,False,True,True,9,9,43,68
9,0.188,0.8,147260900,32,False,True,True,False,True,True,2,9,86,50
9,0.188,0.8,147260900,33,False,False,True,True,True,True,6,9,70,37
9,0.188,0.8,147260900,34,True,False,False,True,True,True,9,4,45,33
9,0.188,0.8,147260900,35,False,True,True,False,True,True,7,9,66,43
9,0.188,0.8,147260900,36,False,True,True,False,True,True,8,9,53,56
9,0.188,0.8,147260900,37,False,True,True,False,True,True,9,9,40,55
9,0.188,0.8,147260900,38,False,True,True,False,True,True,8,9,50,50
9,0.188,0.8,147260900,39,True,True,False,False,True,True,9,9,62,55
9,0.188,0.8,147260900,40,False,True,True,False,True,True,9,9,73,58
9,0.188,0.8,147260900,41,False,False,True,True,True,True,6,2,51,29
9,0.188,0.8,147260900,42,False,True,True,False,True,True,9,9,40,28
9,0.188,0.8,147260900,43,False,False,True,True,True,True,3,9,43,95
9,0.188,0.8,147260900,44,False,False,True,True,True,True,6,5,58,39
9,0.188,0.8,147260900,45,True,True,False,False,True,True,9,9,58,54
9,0.188,0.8,147260900,46,True,True,False,False,True,True,9,9,57,44
9,0.188,0.8,147260900,47,True,True,False,False,True,True,9,9,36,76
9,0.188,0.8,147260900,48,False,True,True,False,True,True,4,9,30,69
9,0.188,0.8,147260900,49,False,True,True,False,True,True,4,9,53,54
9,0.188,0.8,147260900,50,True,True,False,False,True,True,9,9,85,59
9,0.188,0.8,147260900,51,True,True,False,False,True,True,9,9,69,82
9,0.188,0.8,147260900,52,True,True,False,False,True,True,9,9,89,54
9,0.188,0.8,147260900,53,False,True,True,False,True,True,9,9,74,56
9,0.188,0.8,147260900,54,False,False,True,True,True,True,5,7,69,79
9,0.188,0.8,147260900,55,False,True,True,False,True,True,3,9,51,51
9,0.188,0.8,147260900,56,False,False,True,True,True,True,4,4,52,52
9,0.188,0.8,147260900,57,False,True,True,False,True,True,9,9,67,53
9,0.188,0.8,147260900,58,True,False,False,True,True,True,9,2,51,60
9,0.188,0.8,147260900,59,False,True,True,False,True,True,8,9,68,40
9,0.188,0.8,147260900,60,True,True,False,False,True,True,9,9,55,41
9,0.188,0.8,147260900,61,True,False,False,True,True,True,9,4,67,53
9,0.188,0.8,147260900,62,False,True,True,False,False,True,1,9,21,72
9,0.188,0.8,147260900,63,False,True,True,False,True,True,5,9,32,46
9,0.188,0.8,147260900,64,True,False,False,True,True,True,9,9,61,70
9,0.188,0.8,147260900,65,True,True,False,False,True,True,9,9,70,59
9,0.188,0.8,147260900,66,True,False,False,True,True,True,9,9,41,50
9,0.188,0.8,147260900,67,False,True,True,False,True,True,8,9,125,80
9,0.188,0.8,147260900,68,True,False,False,True,True,True,9,5,45,31
9,0.188,0.8,147260900,69,True,True,False,False,True,True,9,9,56,47
9,0.188,0.8,147260900,70,True,True,False,False,True,True,9,9,65,54
9,0.188,0.8,147260900,71,False,True,True,False,True,True,9,9,72,58
9,0.188,0.8,147260900,72,True,True,False,False,True,True,9,9,75,72
9,0.188,0.8,147260900,73,True,True,False,False,True,True,9,9,63,81
9,0.188,0.8,147260900,74,True,True,False,False,True,True,9,9,56,40
9,0.188,0.8,147260900,75,True,True,False,False,True,True,9,9,50,73
9,0.188,0.8,147260900,76,True,True,False,False,True,True,9,9,52,54
9,0.188,0.8,147260900,77,True,True,False,False,True,True,9,9,73,46
9,0.188,0.8,147260900,78,True,True,False,False,True,True,9,9,68,61
9,0.188,0.8,147260900,79,True,False,False,True,True,True,9,9,103,92
9,0.188,0.8,147260900,80,True,False,False,True,True,True,9,5,70,43
9,0.188,0.8,147260900,81,True,True,False,False,True,True,9,9,52,68
9,0.188,0.8,147260900,82,False,False,True,True,False,True,4,4,34,27
9,0.188,0.8,147260900,83,True,True,False,False,True,True,9,9,61,48
9,0.188,0.8,147260900,84,True,True,False,False,True,True,9,9,67,87
9,0.188,0.8,147260900,85,True,True,False,False,True,True,9,9,65,50
9,0.188,0.8,147260900,86,False,False,True,True,True,True,1,2,25,26
9,0.188,0.8,147260900,87,False,True,True,False,True,True,3,9,20,41
9,0.188,0.8,147260900,88,False,False,True,True,True,True,3,9,21,50
9,0.188,0.8,147260900,89,False,True,True,False,True,True,9,9,96,36
9,0.188,0.8,147260900,90,True,True,False,False,True,True,9,9,85,47
9,0.188,0.8,147260900,91,True,True,False,False,True,True,9,9,52,44
9,0.188,0.8,147260900,92,True,True,False,False,True,True,9,9,41,63
9,0.188,0.8,147260900,93,True,True,False,False,True,True,9,9,45,79
9,0.188,0.8,147260900,94,True,True,False,False,True,True,9,9,39,56
9,0.188,0.8,147260900,95,False,True,True,False,True,True,7,9,72,34
9,0.188,0.8,147260900,96,True,False,False,True,True,True,9,6,64,70
9,0.188,0.8,147260900,97,True,True,False,False,True,True,9,9,76,60
9,0.188,0.8,147260900,98,True,False,False,True,True,True,9,2,47,26
9,0.188,0.8,147260900,99,True,True,False,False,True,True,9,9,48,72
9,0.188,0.8,147260900,100,True,True,False,False,True,True,9,9,68,39
9,0.188,0.8,147260900,101,True,True,False,False,True,True,9,9,52,61
9,0.188,0.8,147260900,102,False,True,True,False,True,True,9,9,103,53
9,0.188,0.8,147260900,103,True,True,False,False,True,True,9,9,64,67
9,0.188,0.8,147260900,104,True,True,False,False,True,True,9,9,61,50
9,0.188,0.8,147260900,105,True,False,False,True,True,True,9,9,61,70
9,0.188,0.8,147260900,106,False,True,True,False,True,True,3,9,35,62
9,0.188,0.8,147260900,107,True,False,False,True,True,True,9,8,66,76
9,0.188,0.8,147260900,108,True,False,False,True,True,True,9,4,68,33
9,0.188,0.8,147260900,109,True,True,False,False,True,True,9,9,47,68
9,0.188,0.8,147260900,110,True,True,False,False,True,True,9,9,55,75
9,0.188,0.8,147260900,111,True,False,False,True,True,True,9,9,39,73
9,0.188,0.8,147260900,112,False,True,True,False,True,True,4,9,30,55
9,0.188,0.8,147260900,113,True,True,False,False,True,True,9,9,87,62
9,0.188,0.8,147260900,114,True,True,False,False,True,True,9,9,75,58
9,0.188,0.8,147260900,115,True,False,False,True,True,True,9,4,45,49
9,0.188,0.8,147260900,116,True,True,False,False,True,True,9,9,41,59
9,0.188,0.8,147260900,117,False,True,True,False,True,True,8,9,41,82
9,0.188,0.8,147260900,118,False,False,True,True,True,True,4,9,73,57
9,0.188,0.8,147260900,119,False,True,True,False,True,True,4,9,74,64
9,0.188,0.8,147260900,120,True,False,False,True,True,True,9,6,61,54
9,0.188,0.8,147260900,121,False,False,True,True,True,True,3,9,47,74
9,0.188,0.8,147260900,122,True,True,False,False,True,True,9,9,50,56
9,0.188,0.8,147260900,123,True,True,False,False,True,True,9,9,67,59
9,0.188,0.8,147260900,124,True,True,False,False,True,True,9,9,69,56
9,0.188,0.8,147260900,125,True,True,False,False,True,True,9,9,73,41
9,0.188,0.8,147260900,126,True,True,False,False,True,True,9,9,74,49
9,0.188,0.8,147260900,127,True,True,False,False,True,True,9,9,86,55
9,0.188,0.8,147260901,0,True,True,False,False,True,True,9,9,46,41
9,0.188,0.8,147260901,1,False,True,True,False,True,True,3,9,34,57
9,0.188,0.8,147260901,2,False,True,True,False,True,True,7,9,64,31
9,0.188,0.8,147260901,3,True,False,False,True,True,True,9,6,50,57
9,0.188,0.8,147260901,4,False,False,True,True,False,True,7,4,72,34
9,0.188,0.8,147260901,5,False,True,True,False,True,True,2,9,22,44
9,0.188,0.8,147260901,6,False,False,True,True,True,True,5,9,68,60
9,0.188,0.8,147260901,7,True,False,False,True,True,True,9,7,43,71
9,0.188,0.8,147260901,8,False,False,True,True,True,False,7,3,91,44
9,0.188,0.8,147260901,9,True,False,False,True,True,True,9,3,62,35
9,0.188,0.8,147260901,10,False,True,True,False,False,True,1,9,21,60
9,0.188,0.8,147260901,11,True,True,False,False,True,True,9,9,82,125
9,0.188,0.8,147260901,12,False,False,True,True,True,True,7,5,64,50
9,0.188,0.8,147260901,13,True,True,False,False,True,True,9,9,64,54
9,0.188,0.8,147260901,14,False,False,True,True,True,False,2,1,44,46
9,0.188,0.8,147260901,15,False,False,True,True,True,True,7,2,92,37
9,0.188,0.8,147260901,16,False,False,True,True,True,True,4,1,55,72
9,0.188,0.8,147260901,17,False,True,True,False,True,True,9,9,38,39
9,0.188,0.8,147260901,18,False,False,True,True,True,True,5,3,56,25
9,0.188,0.8,147260901,19,False,True,True,False,True,True,4,9,40,52
9,0.188,0.8,147260901,20,True,False,False,True,True,False,9,2,57,35
9,0.188,0.8,147260901,21,False,True,True,False,True,True,8,9,75,76
9,0.188,0.8,147260901,22,True,False,False,True,True,True,9,4,66,36
9,0.188,0.8,147260901,23,False,True,True,False,True,True,4,9,57,59
9,0.188,0.8,147260901,24,True,True,False,False,True,True,9,9,47,45
9,0.188,0.8,147260901,25,False,True,True,False,True,True,3,9,83,48
9,0.188,0.8,147260901,26,True,False,False,True,True,True,9,1,34,44
9,0.188,0.8,147260901,27,True,True,False,False,True,True,9,9,46,55
9,0.188,0.8,147260901,28,False,True,True,False,True,True,3,9,70,51
9,0.188,0.8,147260901,29,True,True,False,False,True,True,9,9,52,53
9,0.188,0.8,147260901,30,False,False,True,True,True,True,8,7,64,75
9,0.188,0.8,147260901,31,False,True,True,False,False,True,2,9,28,51
9,0.188,0.8,147260901,32,True,True,False,False,True,True,9,9,64,56
9,0.188,0.8,147260901,33,True,True,False,False,True,True,9,9,49,80
9,0.188,0.8,147260901,34,False,True,True,False,True,True,3,9,17,55
9,0.188,0.8,147260901,35,False,False,True,True,True,True,6,6,49,55
9,0.188,0.8,147260901,36,True,True,False,False,True,True,9,9,50,39
9,0.188,0.8,147260901,37,False,True,True,False,True,True,6,9,60,57
9,0.188,0.8,147260901,38,False,True,True,False,False,True,5,9,46,40
9,0.188,0.8,147260901,39,False,False,True,True,True,True,2,1,62,49
9,0.188,0.8,147260901,40,True,True,False,False,True,True,9,9,58,60
9,0.188,0.8,147260901,41,False,True,True,False,True,True,9,9,42,75
9,0.188,0.8,147260901,42,True,False,False,True,True,True,9,7,79,42
9,0.188,0.8,147260901,43,False,True,True,False,True,True,3,9,55,64
9,0.188,0.8,147260901,44,False,True,True,False,True,True,9,9,55,53
9,0.188,0.8,147260901,45,True,True,False,False,True,True,9,9,43,64
9,0.188,0.8,147260901,46,False,True,True,False,False,True,1,9,18,47
9,0.188,0.8,147260901,47,True,True,False,False,True,True,9,9,48,48
9,0.188,0.8,147260901,48,True,False,False,True,True,True,9,8,80,54
9,0.188,0.8,147260901,49,False,True,True,False,True,True,7,9,45,57
9,0.188,0.8,147260901,50,False,False,True,True,True,True,9,8,49,58
9,0.188,0.8,147260901,51,False,True,True,False,True,True,6,9,39,60
9,0.188,0.8,147260901,52,False,True,True,False,True,True,1,9,19,40
9,0.188,0.8,147260901,53,True,True,False,False,True,True,9,9,78,50
9,0.188,0.8,147260901,54,True,True,False,False,True,True,9,9,65,41
9,0.188,0.8,147260901,55,True,True,False,False,True,True,9,9,58,42
9,0.188,0.8,147260901,56,False,True,True,False,True,True,3,9,48,58
9,0.188,0.8,147260901,57,False,False,True,True,True,True,8,2,50,15
9,0.188,0.8,147260901,58,True,True,False,False,True,True,9,9,66,87
9,0.188,0.8,147260901,59,True,False,False,True,True,True,9,9,45,44
9,0.188,0.8,147260901,60,True,False,False,True,True,True,9,4,43,32
9,0.188,0.8,147260901,61,False,False,True,True,True,True,3,2,35,38
9,0.188,0.8,147260901,62,True,True,False,False,True,True,9,9,74,61
9,0.188,0.8,147260901,63,False,True,True,False,True,True,6,9,54,48
9,0.188,0.8,147260901,64,False,True,True,False,False,True,1,9,17,46
9,0.188,0.8,147260901,65,True,False,False,True,True,True,9,5,51,44
9,0.188,0.8,147260901,66,True,True,False,False,True,True,9,9,42,76
9,0.188,0.8,147260901,67,True,True,False,False,True,True,9,9,52,85
9,0.188,0.8,147260901,68,True,True,False,False,True,True,9,9,45,65
9,0.188,0.8,147260901,69,False,True,True,False,True,True,7,9,83,62
9,0.188,0.8,147260901,70,True,True,False,False,True,True,9,9,56,32
9,0.188,0.8,147260901,71,True,True,False,False,True,True,9,9,62,51
9,0.188,0.8,147260901,72,True,False,False,True,True,True,9,4,57,38
9,0.188,0.8,147260901,73,True,False,False,True,True,True,9,4,38,44
9,0.188,0.8,147260901,74,True,True,False,False,True,True,9,9,73,68
9,0.188,0.8,147260901,75,False,True,True,False,True,True,9,9,72,47
9,0.188,0.8,147260901,76,True,False,False,True,True,True,9,9,53,59
9,0.188,0.8,147260901,77,True,True,False,False,True,True,9,9,74,51
9,0.188,0.8,147260901,78,True,False,False,True,True,True,9,7,73,82
9,0.188,0.8,147260901,79,False,False,True,True,True,True,5,4,50,38
9,0.188,0.8,147260901,80,True,True,False,False,True,True,9,9,43,56
9,0.188,0.8,147260901,81,False,False,True,True,True,True,9,3,66,36
9,0.188,0.8,147260901,82,True,True,False,False,True,True,9,9,37,51
9,0.188,0.8,147260901,83,False,False,True,True,True,True,5,3,78,32
9,0.188,0.8,147260901,84,False,False,True,True,True,True,7,9,68,57
9,0.188,0.8,147260901,85,False,True,True,False,True,True,4,9,33,60
9,0.188,0.8,147260901,86,True,True,False,False,True,True,9,9,43,45
9,0.188,0.8,147260901,87,True,True,False,False,True,True,9,9,79,45
9,0.188,0.8,147260901,88,True,False,False,True,True,True,9,7,47,38
9,0.188,0.8,147260901,89,True,True,False,False,True,True,9,9,40,34
9,0.188,0.8,147260901,90,False,True,True,False,True,True,6,9,72,36
9,0.188,0.8,147260901,91,True,True,False,False,True,True,9,9,63,48
9,0.188,0.8,147260901,92,True,True,False,False,True,True,9,9,66,64
9,0.188,0.8,147260901,93,True,False,False,True,True,False,9,1,49,37
9,0.188,0.8,147260901,94,True,True,False,False,True,True,9,9,59,57
9,0.188,0.8,147260901,95,False,True,True,False,True,True,4,9,42,68
9,0.188,0.8,147260901,96,False,True,True,False,True,True,2,9,18,48
9,0.188,0.8,147260901,97,True,True,False,False,True,True,9,9,62,54
9,0.188,0.8,147260901,98,True,True,False,False,True,True,9,9,58,75
9,0.188,0.8,147260901,99,False,False,True,True,True,True,9,7,108,41
9,0.188,0.8,147260901,100,True,True,False,False,True,True,9,9,95,55
9,0.188,0.8,147260901,101,True,True,False,False,True,True,9,9,69,51
9,0.188,0.8,147260901,102,True,False,False,True,True,True,9,6,56,50
9,0.188,0.8,147260901,103,False,False,True,True,True,True,9,5,105,35
9,0.188,0.8,147260901,104,True,False,False,True,True,True,9,6,58,61
9,0.188,0.8,147260901,105,False,True,True,False,True,True,8,9,67,64
9,0.188,0.8,147260901,106,True,True,False,False,True,True,9,9,74,44
9,0.188,0.8,147260901,107,True,True,False,False,True,True,9,9,65,53
9,0.188,0.8,147260901,108,False,False,True,True,True,True,6,4,84,42
9,0.188,0.8,147260901,109,True,False,False,True,True,True,9,9,44,63
9,0.188,0.8,147260901,110,True,False,False,True,True,True,9,5,52,52
9,0.188,0.8,147260901,111,True,True,False,False,True,True,9,9,80,50
9,0.188,0.8,147260901,112,False,False,True,True,True,True,6,2,74,34
9,0.188,0.8,147260901,113,False,True,True,False,True,True,7,9,58,42
9,0.188,0.8,147260901,114,False,True,True,False,True,True,6,9,45,47
9,0.188,0.8,147260901,115,True,True,False,False,True,True,9,9,50,33
9,0.188,0.8,147260901,116,False,True,True,False,True,True,9,9,72,63
9,0.188,0.8,147260901,117,True,True,False,False,True,True,9,9,122,74
9,0.188,0.8,147260901,118,True,False,False,True,True,True,9,7,46,24
9,0.188,0.8,147260901,119,False,True,True,False,True,True,9,9,52,42
9,0.188,0.8,147260901,120,True,True,False,False,True,True,9,9,76,64
9,0.188,0.8,147260901,121,False,False,True,True,True,True,8,9,74,52
9,0.188,0.8,147260901,122,True,True,False,False,True,True,9,9,49,50
9,0.188,0.8,147260901,123,True,True,False,False,True,True,9,9,61,28
9,0.188,0.8,147260901,124,True,True,False,False,True,True,9,9,39,69
9,0.188,0.8,147260901,125,False,False,True,True,True,True,5,8,64,49
9,0.188,0.8,147260901,126,True,True,False,False,True,True,9,9,70,64
9,0.188,0.8,147260901,127,False,True,True,False,True,True,8,9,104,77
10,0.19,0.8,147261000,0,False,True,True,False,True,True,5,9,47,66
10,0.19,0.8,147261000,1,False,False,True,True,True,True,6,5,58,65
10,0.19,0.8,147261000,2,True,False,False,True,True,False,9,2,54,29
10,0.19,0.8,147261000,3,True,False,False,True,True,True,9,6,72,47
10,0.19,0.8,147261000,4,True,True,False,False,True,True,9,9,58,70
10,0.19,0.8,147261000,5,True,True,False,False,True,True,9,9,71,52
10,0.19,0.8,147261000,6,False,True,True,False,True,True,5,9,51,70
10,0.19,0.8,147261000,7,False,True,True,False,True,True,9,9,60,46
10,0.19,0.8,147261000,8,False,False,True,True,True,True,9,6,47,42
10,0.19,0.8,147261000,9,True,True,False,False,True,True,9,9,60,52
10,0.19,0.8,147261000,10,False,False,True,True,True,True,4,9,38,67
10,0.19,0.8,147261000,11,True,True,False,False,True,True,9,9,95,59
10,0.19,0.8,147261000,12,True,False,False,True,True,True,9,8,63,59
10,0.19,0.8,147261000,13,False,True,True,False,True,True,7,9,52,52
10,0.19,0.8,147261000,14,False,True,True,False,True,True,9,9,67,52
10,0.19,0.8,147261000,15,False,False,True,True,True,True,4,8,39,99
10,0.19,0.8,147261000,16,False,True,True,False,True,True,8,9,70,69
10,0.19,0.8,147261000,17,False,True,True,False,True,True,8,9,73,64
10,0.19,0.8,147261000,18,False,True,True,False,True,True,6,9,56,53
10,0.19,0.8,147261000,19,False,True,True,False,True,True,8,9,93,55
10,0.19,0.8,147261000,20,True,False,False,True,True,True,9,9,58,65
10,0.19,0.8,147261000,21,True,True,False,False,True,True,9,9,97,63
10,0.19,0.8,147261000,22,False,False,True,True,True,True,9,5,44,58
10,0.19,0.8,147261000,23,True,False,False,True,True,False,9,4,101,57
10,0.19,0.8,147261000,24,True,False,False,True,True,True,9,8,65,68
10,0.19,0.8,147261000,25,False,True,True,False,True,True,7,9,55,59
10,0.19,0.8,147261000,26,False,False,True,True,True,True,9,7,46,35
10,0.19,0.8,147261000,27,True,False,False,True,True,True,9,3,78,36
10,0.19,0.8,147261000,28,True,True,False,False,True,True,9,9,50,45
10,0.19,0.8,147261000,29,True,False,False,True,True,True,9,7,72,73
10,0.19,0.8,147261000,30,True,False,False,True,True,True,9,4,83,52
10,0.19,0.8,147261000,31,False,False,True,True,True,True,5,7,29,89
10,0.19,0.8,147261000,32,False,False,True,True,True,True,6,2,53,49
10,0.19,0.8,147261000,33,False,False,True,True,True,True,9,3,67,46
10,0.19,0.8,147261000,34,True,False,False,True,True,True,9,8,70,63
10,0.19,0.8,147261000,35,True,False,False,True,True,True,9,5,48,54
10,0.19,0.8,147261000,36,True,True,False,False,True,True,9,9,51,82
10,0.19,0.8,147261000,37,False,True,True,False,True,True,9,9,67,37
10,0.19,0.8,147261000,38,True,True,False,False,True,True,9,9,43,61
10,0.19,0.8,147261000,39,False,False,True,True,True,False,9,5,53,52
10,0.19,0.8,147261000,40,False,False,True,True,False,True,1,3,18,20
10,0.19,0.8,147261000,41,False,False,True,True,True,True,4,9,34,84
10,0.19,0.8,147261000,42,False,True,True,False,True,True,6,9,49,64
10,0.19,0.8,147261000,43,True,True,False,False,True,True,9,9,44,73
10,0.19,0.8,147261000,44,True,False,False,True,True,True,9,9,74,54
10,0.19,0.8,147261000,45,True,True,False,False,True,True,9,9,56,67
10,0.19,0.8,147261000,46,False,True,True,False,True,True,8,9,59,69
10,0.19,0.8,147261000,47,False,False,True,True,True,True,9,1,101,52
10,0.19,0.8,147261000,48,True,False,False,True,True,True,9,3,59,30
10,0.19,0.8,147261000,49,False,True,True,False,True,True,8,9,53,71
10,0.19,0.8,147261000,50,True,False,False,True,True,True,9,3,58,32
10,0.19,0.8,147261000,51,False,True,True,False,True,True,2,9,53,37
10,0.19,0.8,147261000,52,True,True,False,False,True,True,9,9,53,57
10,0.19,0.8,147261000,53,True,True,False,False,True,True,9,9,54,66
10,0.19,0.8,147261000,54,False,False,True,True,True,True,9,9,80,60
10,0.19,0.8,147261000,55,True,False,False,True,True,True,9,4,48,36
10,0.19,0.8,147261000,56,False,True,True,False,True,True,9,9,75,65
10,0.19,0.8,147261000,57,True,True,False,False,True,True,9,9,61,41
10,0.19,0.8,147261000,58,False,False,True,True,True,True,7,8,49,53
10,0.19,0.8,147261000,59,False,True,True,False,True,True,8,9,74,54
10,0.19,0.8,147261000,60,True,False,False,True,True,True,9,3,45,32
10,0.19,0.8,147261000,61,True,True,False,False,True,True,9,9,67,36
10,0.19,0.8,147261000,62,True,False,False,True,True,True,9,9,54,39
10,0.19,0.8,147261000,63,True,True,False,False,True,True,9,9,65,34
10,0.19,0.8,147261000,64,True,True,False,False,True,True,9,9,61,57
10,0.19,0.8,147261000,65,False,False,True,True,True,True,9,3,77,105
10,0.19,0.8,147261000,66,False,True,True,False,True,True,3,9,27,34
10,0.19,0.8,147261000,67,False,True,True,False,False,True,6,9,58,67
10,0.19,0.8,147261000,68,True,False,False,True,True,True,9,6,86,38
10,0.19,0.8,147261000,69,False,False,True,True,True,True,9,9,63,53
10,0.19,0.8,147261000,70,True,True,False,False,True,True,9,9,63,95
10,0.19,0.8,147261000,71,False,True,True,False,True,True,8,9,75,52
10,0.19,0.8,147261000,72,True,True,False,False,True,True,9,9,49,59
10,0.19,0.8,147261000,73,False,True,True,False,True,True,3,9,67,64
10,0.19,0.8,147261000,74,False,True,True,False,True,True,9,9,60,65
10,0.19,0.8,147261000,75,False,False,True,True,True,True,5,7,64,58
10,0.19,0.8,147261000,76,False,True,True,False,False,True,1,9,35,71
10,0.19,0.8,147261000,77,False,False,True,True,True,True,7,2,35,15
10,0.19,0.8,147261000,78,False,False,True,True,True,True,6,5,45,75
10,0.19,0.8,147261000,79,False,True,True,False,True,True,4,9,50,75
10,0.19,0.8,147261000,80,True,True,False,False,True,True,9,9,68,59
10,0.19,0.8,147261000,81,False,False,True,True,True,True,5,6,41,62
10,0.19,0.8,147261000,82,False,True,True,False,False,True,3,9,41,54
10,0.19,0.8,147261000,83,False,True,True,False,True,True,4,9,36,43
10,0.19,0.8,147261000,84,True,False,False,True,True,False,9,2,47,17
10,0.19,0.8,147261000,85,True,False,False,True,True,True,9,3,59,54
10,0.19,0.8,147261000,86,True,False,False,True,True,True,9,9,97,62
10,0.19,0.8,147261000,87,True,True,False,False,True,True,9,9,57,52
10,0.19,0.8,147261000,88,True,True,False,False,True,True,9,9,41,51
10,0.19,0.8,147261000,89,True,False,False,True,True,True,9,7,67,84
10,0.19,0.8,147261000,90,True,True,False,False,True,True,9,9,66,30
10,0.19,0.8,147261000,91,True,False,False,True,True,True,9,6,71,36
10,0.19,0.8,147261000,92,True,True,False,False,True,True,9,9,31,51
10,0.19,0.8,147261000,93,True,True,False,False,True,True,9,9,59,60
10,0.19,0.8,147261000,94,True,False,False,True,True,True,9,8,53,118
10,0.19,0.8,147261000,95,False,True,True,False,True,True,7,9,88,82
10,0.19,0.8,147261000,96,False,True,True,False,True,True,9,9,51,54
10,0.19,0.8,147261000,97,True,False,False,True,True,True,9,4,44,31
10,0.19,0.8,147261000,98,False,True,True,False,True,True,9,9,71,68
10,0.19,0.8,147261000,99,True,False,False,True,True,True,9,8,53,63
10,0.19,0.8,147261000,100,False,True,True,False,True,True,9,9,79,42
10,0.19,0.8,147261000,101,False,True,True,False,True,True,8,9,59,36
10,0.19,0.8,147261000,102,True,False,False,True,True,True,9,2,80,61
10,0.19,0.8,147261000,103,True,True,False,False,True,True,9,9,58,55
10,0.19,0.8,147261000,104,True,True,False,False,True,True,9,9,39,75
10,0.19,0.8,147261000,105,True,False,False,True,True,True,9,3,39,39
10,0.19,0.8,147261000,106,False,False,True,True,False,True,1,4,19,47
10,0.19,0.8,147261000,107,False,False,True,True,True,True,9,9,53,74
10,0.19,0.8,147261000,108,True,False,False,True,True,True,9,8,38,60
10,0.19,0.8,147261000,109,False,False,True,True,True,True,3,2,51,32
10,0.19,0.8,147261000,110,True,False,False,True,True,False,9,3,54,22
10,0.19,0.8,147261000,111,False,True,True,False,True,True,7,9,46,64
10,0.19,0.8,147261000,112,False,False,True,True,True,True,8,9,59,62
10,0.19,0.8,147261000,113,False,True,True,False,True,True,8,9,44,48
10,0.19,0.8,147261000,114,False,True,True,False,True,True,5,9,43,68
10,0.19,0.8,147261000,115,True,True,False,False,True,True,9,9,74,71
10,0.19,0.8,147261000,116,True,True,False,False,True,True,9,9,90,55
10,0.19,0.8,147261000,117,True,True,False,False,True,True,9,9,62,71
10,0.19,0.8,147261000,118,True,True,False,False,True,True,9,9,64,29
10,0.19,0.8,147261000,119,False,True,True,False,True,True,9,9,60,65
10,0.19,0.8,147261000,120,False,False,True,True,True,True,8,2,44,16
10,0.19,0.8,147261000,121,False,True,True,False,True,True,3,9,31,43
10,0.19,0.8,147261000,122,False,True,True,False,True,True,8,9,47,88
10,0.19,0.8,147261000,123,True,False,False,True,True,True,9,1,61,52
10,0.19,0.8,147261000,124,False,False,True,True,False,True,3,5,37,59
10,0.19,0.8,147261000,125,True,True,False,False,True,True,9,9,48,63
10,0.19,0.8,147261000,126,True,True,False,False,True,True,9,9,59,53
10,0.19,0.8,147261000,127,False,False,True,True,True,True,9,7,60,65
10,0.19,0.8,147261001,0,True,False,False,True,True,True,9,9,59,72
10,0.19,0.8,147261001,1,True,False,False,True,True,True,9,5,49,41
10,0.19,0.8,147261001,2,True,True,False,False,True,True,9,9,48,62
10,0.19,0.8,147261001,3,True,True,False,False,True,True,9,9,52,57
10,0.19,0.8,147261001,4,False,False,True,True,True,True,5,5,50,61
10,0.19,0.8,147261001,5,False,False,True,True,True,True,9,8,93,61
10,0.19,0.8,147261001,6,True,True,False,False,True,True,9,9,36,67
10,0.19,0.8,147261001,7,False,False,True,True,True,True,9,8,70,103
10,0.19,0.8,147261001,8,True,False,False,True,True,True,9,9,87,60
10,0.19,0.8,147261001,9,True,False,False,True,True,True,9,3,91,45
10,0.19,0.8,147261001,10,False,False,True,True,False,True,7,5,58,38
10,0.19,0.8,147261001,11,False,False,True,True,True,True,2,1,49,57
10,0.19,0.8,147261001,12,False,False,True,True,True,True,9,2,104,57
10,0.19,0.8,147261001,13,True,True,False,False,True,True,9,9,67,50
10,0.19,0.8,147261001,14,True,False,False,True,True,True,9,8,60,114
10,0.19,0.8,147261001,15,False,False,True,True,True,True,3,4,42,63
10,0.19,0.8,147261001,16,True,False,False,True,True,True,9,8,67,83
10,0.19,0.8,147261001,17,True,False,False,True,True,True,9,4,71,33
10,0.19,0.8,147261001,18,True,False,False,True,True,True,9,6,58,91
10,0.19,0.8,147261001,19,True,False,False,True,True,True,9,9,43,51
10,0.19,0.8,147261001,20,False,True,True,False,True,True,3,9,25,44
10,0.19,0.8,147261001,21,False,True,True,False,True,True,5,9,43,49
10,0.19,0.8,147261001,22,False,False,True,True,True,True,1,9,21,36
10,0.19,0.8,147261001,23,True,True,False,False,True,True,9,9,92,36
10,0.19,0.8,147261001,24,False,True,True,False,False,True,2,9,47,48
10,0.19,0.8,147261001,25,True,False,False,True,True,True,9,9,58,54
10,0.19,0.8,147261001,26,True,True,False,False,True,True,9,9,82,46
10,0.19,0.8,147261001,27,False,False,True,True,True,True,8,3,72,27
10,0.19,0.8,147261001,28,True,False,False,True,True,True,9,9,63,60
10,0.19,0.8,147261001,29,True,True,False,False,True,True,9,9,40,58
10,0.19,0.8,147261001,30,True,True,False,False,True,True,9,9,53,74
10,0.19,0.8,147261001,31,True,True,False,False,True,True,9,9,79,41
10,0.19,0.8,147261001,32,True,False,False,True,True,True,9,7,73,66
10,0.19,0.8,147261001,33,False,True,True,False,True,True,3,9,91,46
10,0.19,0.8,147261001,34,True,True,False,False,True,True,9,9,67,37
10,0.19,0.8,147261001,35,True,False,False,True,True,True,9,9,45,77
10,0.19,0.8,147261001,36,True,False,False,True,True,True,9,1,69,26
10,0.19,0.8,147261001,37,False,True,True,False,True,True,9,9,44,61
10,0.19,0.8,147261001,38,True,True,False,False,True,True,9,9,56,51
10,0.19,0.8,147261001,39,False,True,True,False,True,True,8,9,65,76
10,0.19,0.8,147261001,40,False,False,True,True,True,True,7,8,48,80
10,0.19,0.8,147261001,41,False,True,True,False,True,True,5,9,39,57
10,0.19,0.8,147261001,42,False,False,True,True,True,True,3,5,31,61
10,0.19,0.8,147261001,43,True,False,False,True,True,True,9,4,76,60
10,0.19,0.8,147261001,44,True,False,False,True,True,True,9,9,53,65
10,0.19,0.8,147261001,45,False,True,True,False,True,True,4,9,39,54
10,0.19,0.8,147261001,46,False,True,True,False,True,True,9,9,66,58
10,0.19,0.8,147261001,47,False,False,True,True,True,True,4,5,56,36
10,0.19,0.8,147261001,48,False,False,True,True,True,True,8,5,60,98
10,0.19,0.8,147261001,49,True,True,False,False,True,True,9,9,47,42
10,0.19,0.8,147261001,50,True,True,False,False,True,True,9,9,49,63
10,0.19,0.8,147261001,51,False,True,True,False,True,True,8,9,100,54
10,0.19,0.8,147261001,52,False,False,True,True,True,True,5,3,50,19
10,0.19,0.8,147261001,53,False,True,True,False,True,True,5,9,56,46
10,0.19,0.8,147261001,54,False,False,True,True,True,True,7,8,87,70
10,0.19,0.8,147261001,55,False,False,True,True,True,True,3,8,34,91
10,0.19,0.8,147261001,56,True,True,False,False,True,True,9,9,75,45
10,0.19,0.8,147261001,57,False,True,True,False,True,True,9,9,59,82
10,0.19,0.8,147261001,58,True,True,False,False,True,True,9,9,67,90
10,0.19,0.8,147261001,59,True,True,False,False,True,True,9,9,66,43
10,0.19,0.8,147261001,60,True,True,False,False,True,True,9,9,74,47
10,0.19,0.8,147261001,61,True,False,False,True,True,True,9,6,67,47
10,0.19,0.8,147261001,62,True,True,False,False,True,True,9,9,57,35
10,0.19,0.8,147261001,63,False,True,True,False,True,True,5,9,84,42
10,0.19,0.8,147261001,64,True,True,False,False,True,True,9,9,66,80
10,0.19,0.8,147261001,65,False,False,True,True,True,True,5,5,55,40
10,0.19,0.8,147261001,66,False,True,True,False,True,True,3,9,22,50
10,0.19,0.8,147261001,67,True,False,False,True,True,True,9,8,47,73
10,0.19,0.8,147261001,68,False,True,True,False,True,True,7,9,44,54
10,0.19,0.8,147261001,69,True,True,False,False,True,True,9,9,56,69
10,0.19,0.8,147261001,70,False,True,True,False,True,True,8,9,44,42
10,0.19,0.8,147261001,71,True,True,False,False,True,True,9,9,79,117
10,0.19,0.8,147261001,72,False,False,True,True,True,True,7,1,62,48
10,0.19,0.8,147261001,73,False,True,True,False,True,True,5,9,41,64
10,0.19,0.8,147261001,74,True,True,False,False,True,True,9,9,77,52
10,0.19,0.8,147261001,75,True,False,False,True,True,True,9,5,58,45
10,0.19,0.8,147261001,76,True,False,False,True,True,True,9,1,42,40
10,0.19,0.8,147261001,77,True,False,False,True,True,True,9,9,46,86
10,0.19,0.8,147261001,78,True,True,False,False,True,True,9,9,60,31
10,0.19,0.8,147261001,79,False,True,True,False,True,True,4,9,36,38
10,0.19,0.8,147261001,80,True,False,False,True,True,False,9,1,51,16
10,0.19,0.8,147261001,81,False,False,True,True,True,True,5,7,55,56
10,0.19,0.8,147261001,82,True,True,False,False,True,True,9,9,57,114
10,0.19,0.8,147261001,83,False,True,True,False,True,True,5,9,49,60
10,0.19,0.8,147261001,84,True,True,False,False,True,True,9,9,73,56
10,0.19,0.8,147261001,85,True,False,False,True,True,True,9,7,74,104
10,0.19,0.8,147261001,86,False,False,True,True,True,True,3,4,38,63
10,0.19,0.8,147261001,87,False,False,True,True,True,False,4,1,64,41
10,0.19,0.8,147261001,88,False,True,True,False,True,True,5,9,51,59
10,0.19,0.8,147261001,89,True,True,False,False,True,True,9,9,59,83
10,0.19,0.8,147261001,90,True,True,False,False,True,True,9,9,59,68
10,0.19,0.8,147261001,91,True,True,False,False,True,True,9,9,68,69
10,0.19,0.8,147261001,92,False,True,True,False,False,True,3,9,44,67
10,0.19,0.8,147261001,93,True,True,False,False,True,True,9,9,57,57
10,0.19,0.8,147261001,94,False,True,True,False,True,True,7,9,57,66
10,0.19,0.8,147261001,95,False,True,True,False,True,True,9,9,60,38
10,0.19,0.8,147261001,96,True,True,False,False,True,True,9,9,45,44
10,0.19,0.8,147261001,97,False,False,True,True,True,True,9,8,71,58
10,0.19,0.8,147261001,98,False,False,True,True,True,True,9,7,55,63
10,0.19,0.8,147261001,99,True,True,False,False,True,True,9,9,29,43
10,0.19,0.8,147261001,100,False,True,True,False,True,True,8,9,69,59
10,0.19,0.8,147261001,101,False,False,True,True,True,True,5,4,49,27
10,0.19,0.8,147261001,102,False,True,True,False,True,True,8,9,35,62
10,0.19,0.8,147261001,103,False,False,True,True,True,True,6,9,55,48
10,0.19,0.8,147261001,104,True,False,False,True,True,True,9,4,51,37
10,0.19,0.8,147261001,105,False,True,True,False,True,True,7,9,55,55
10,0.19,0.8,147261001,106,False,True,True,False,True,True,9,9,99,64
10,0.19,0.8,147261001,107,True,False,False,True,True,True,9,2,53,37
10,0.19,0.8,147261001,108,False,False,True,True,True,True,8,2,56,20
10,0.19,0.8,147261001,109,False,True,True,False,True,True,8,9,64,58
10,0.19,0.8,147261001,110,True,True,False,False,True,True,9,9,68,67
10,0.19,0.8,147261001,111,True,False,False,True,True,True,9,4,34,57
10,0.19,0.8,147261001,112,False,True,True,False,True,True,8,9,76,56
10,0.19,0.8,147261001,113,True,False,False,True,True,True,9,8,61,58
10,0.19,0.8,147261001,114,False,True,True,False,True,True,6,9,69,31
10,0.19,0.8,147261001,115,False,True,True,False,True,True,4,9,41,54
10,0.19,0.8,147261001,116,False,True,True,False,True,True,3,9,45,44
10,0.19,0.8,147261001,117,False,True,True,False,True,True,7,9,61,70
10,0.19,0.8,147261001,118,True,False,False,True,True,True,9,5,49,46
10,0.19,0.8,147261001,119,True,False,False,True,True,True,9,4,63,30
10,0.19,0.8,147261001,120,True,True,False,False,True,True,9,9,55,42
10,0.19,0.8,147261001,121,True,True,False,False,True,True,9,9,38,61
10,0.19,0.8,147261001,122,False,False,True,True,True,True,4,5,47,55
10,0.19,0.8,147261001,123,False,True,True,False,True,True,4,9,45,56
10,0.19,0.8,147261001,124,True,False,False,True,True,True,9,6,45,42
10,0.19,0.8,147261001,125,True,False,False,True,True,True,9,5,68,63
10,0.19,0.8,147261001,126,True,True,False,False,True,True,9,9,65,66
10,0.19,0.8,147261001,127,False,True,True,False,True,True,6,9,44,55
