phase,context,method,arm,round,action_mean_shift,actor_gradient_clipped_fraction,actor_gradient_norm,actor_loss,behavior_approx_kl,cbf_intervention_count,cbf_intervention_per_riser,clip_fraction,epoch_moving_forward_kl_json,mean_cbf_correction_norm,mean_policy_to_target_distance_after_update,mean_policy_to_target_distance_before_update,mean_residual_target_norm,minibatch_diagnostics_json,moving_forward_kl,rollout_fall_rate,rollout_mean_reached_riser,rollout_mean_return,rollout_success_rate,round_end_actor_sha256,round_start_actor_sha256,teacher_error_after_action_00,teacher_error_after_action_01,teacher_error_after_action_02,teacher_error_after_action_03,teacher_error_after_action_04,teacher_error_after_action_05,teacher_error_after_action_06,teacher_error_after_action_07,teacher_error_after_action_08,teacher_error_after_action_09,teacher_error_after_action_10,teacher_error_after_action_11,teacher_error_before_action_00,teacher_error_before_action_01,teacher_error_before_action_02,teacher_error_before_action_03,teacher_error_before_action_04,teacher_error_before_action_05,teacher_error_before_action_06,teacher_error_before_action_07,teacher_error_before_action_08,teacher_error_before_action_09,teacher_error_before_action_10,teacher_error_before_action_11,teacher_eta,teacher_fraction_among_interventions,teacher_gate_mode,teacher_huber_loss_mean,teacher_loss,teacher_mode,teacher_smooth_l1_beta,teacher_transition_count,teacher_weight_sum,toe_riser_kick_event_count,value_loss
formal,F1,A0,A0,1,0.004420833080075681,1.0,53.75639343261719,0.009499683685135096,0.002673329785466194,8021,6.537082195281982,0.3852386474609375,"[0.004105071537196636,0.0020862040109932423]",0.6025205850601196,0.0,0.0,0.0,"[{""action_mean_shift"":0.006653760094195604,""actor_gradient_norm_pre_clip"":10.17145824432373,""behavior_approximate_kl"":0.010884255170822144,""clip_fraction"":0.67694091796875,""epoch"":1,""minibatch"":1,""moving_forward_kl"":0.009563665837049484},{""action_mean_shift"":0.005545197986066341,""actor_gradient_norm_pre_clip"":53.75639343261719,""behavior_approximate_kl"":0.006201416254043579,""clip_fraction"":0.6282958984375,""epoch"":1,""minibatch"":2,""moving_forward_kl"":0.006690554320812225},{""action_mean_shift"":0.004696897231042385,""actor_gradient_norm_pre_clip"":40.30577850341797,""behavior_approximate_kl"":0.0040201907977461815,""clip_fraction"":0.5643310546875,""epoch"":1,""minibatch"":3,""moving_forward_kl"":0.00482581090182066},{""action_mean_shift"":0.004255510866641998,""actor_gradient_norm_pre_clip"":35.685577392578125,""behavior_approximate_kl"":0.004019266460090876,""clip_fraction"":0.520263671875,""epoch"":1,""minibatch"":4,""moving_forward_kl"":0.004093821160495281},{""action_mean_shift"":0.003930332139134407,""actor_gradient_norm_pre_clip"":29.883901596069336,""behavior_approximate_kl"":0.003753089578822255,""clip_fraction"":0.49505615234375,""epoch"":2,""minibatch"":1,""moving_forward_kl"":0.003498662728816271},{""action_mean_shift"":0.003668632823973894,""actor_gradient_norm_pre_clip"":28.84668731689453,""behavior_approximate_kl"":0.0036277207545936108,""clip_fraction"":0.460693359375,""epoch"":2,""minibatch"":2,""moving_forward_kl"":0.0030052908696234226},{""action_mean_shift"":0.0035649542696774006,""actor_gradient_norm_pre_clip"":32.86934280395508,""behavior_approximate_kl"":0.0030371975153684616,""clip_fraction"":0.45025634765625,""epoch"":2,""minibatch"":3,""moving_forward_kl"":0.002863649744540453},{""action_mean_shift"":0.003051379229873419,""actor_gradient_norm_pre_clip"":30.609407424926758,""behavior_approximate_kl"":0.0020756095182150602,""clip_fraction"":0.38165283203125,""epoch"":2,""minibatch"":4,""moving_forward_kl"":0.0020898221991956234}]",0.0020862040109932423,0.2962962962962963,8.051851851851852,-5.854794111958256,0.7037037037037037,db7d2e519e19374b748c4bb8ffc16d17a344077141364ad39dd1d2df19428c4c,7afed309902a323a43b47005c01529c84160944bb8cea2c45d000b38b18cc099,0.0,0.0,0.0,0.0,0.0,0.0,0.0,0.0,0.0,0.0,0.0,0.0,0.0,0.0,0.0,0.0,0.0,0.0,0.0,0.0,0.0,0.0,0.0,0.0,0.0,0.0,none,0.0,0.0,none,0.05,0.0,0.0,877.0,0.6070948243141174
formal,F1,A0,A0,2,0.002139276926754974,1.0,26.575408935546875,0.0012937366918777116,0.0010893727885559201,7915,6.362540245056152,0.1771697998046875,"[0.000918454141356051,0.0007973442552611232]",0.6037832498550415,0.0,0.0,0.0,"[{""action_mean_shift"":0.002193914260715246,""actor_gradient_norm_pre_clip"":10.443757057189941,""behavior_approximate_kl"":0.0012063768226653337,""clip_fraction"":0.2501220703125,""epoch"":1,""minibatch"":1,""moving_forward_kl"":0.0010494483867660165},{""action_mean_shift"":0.0026101809926331043,""actor_gradient_norm_pre_clip"":26.575408935546875,""behavior_approximate_kl"":0.0018386205192655325,""clip_fraction"":0.322021484375,""epoch"":1,""minibatch"":2,""moving_forward_kl"":0.0014350563287734985},{""action_mean_shift"":0.0023452574387192726,""actor_gradient_norm_pre_clip"":26.271268844604492,""behavior_approximate_kl"":0.0007221044506877661,""clip_fraction"":0.27667236328125,""epoch"":1,""minibatch"":3,""moving_forward_kl"":0.0011444572592154145},{""action_mean_shift"":0.0020978725515305996,""actor_gradient_norm_pre_clip"":22.622041702270508,""behavior_approximate_kl"":0.0007211041520349681,""clip_fraction"":0.2293701171875,""epoch"":1,""minibatch"":4,""moving_forward_kl"":0.000920773483812809},{""action_mean_shift"":0.0019469191320240498,""actor_gradient_norm_pre_clip"":19.16978645324707,""behavior_approximate_kl"":0.0009800533298403025,""clip_fraction"":0.1971435546875,""epoch"":2,""minibatch"":1,""moving_forward_kl"":0.0008029168238863349},{""action_mean_shift"":0.0019772443920373917,""actor_gradient_norm_pre_clip"":16.943124771118164,""behavior_approximate_kl"":0.0017358572222292423,""clip_fraction"":0.20037841796875,""epoch"":2,""minibatch"":2,""moving_forward_kl"":0.0008354181190952659},{""action_mean_shift"":0.002059752820059657,""actor_gradient_norm_pre_clip"":18.664018630981445,""behavior_approximate_kl"":0.0015026265755295753,""clip_fraction"":0.21142578125,""epoch"":2,""minibatch"":3,""moving_forward_kl"":0.0009240410290658474},{""action_mean_shift"":0.0018830738263204694,""actor_gradient_norm_pre_clip"":18.732847213745117,""behavior_approximate_kl"":0.001207366120070219,""clip_fraction"":0.1787109375,""epoch"":2,""minibatch"":4,""moving_forward_kl"":0.0007934345630928874}]",0.0007973442552611232,0.28346456692913385,8.236220472440944,-5.990845644567895,0.7165354330708661,3f6dcddd0182587f1f899213033146f82f73ea4c8dd235da7a5e921d10d6c38c,db7d2e519e19374b748c4bb8ffc16d17a344077141364ad39dd1d2df19428c4c,0.0,0.0,0.0,0.0,0.0,0.0,0.0,0.0,0.0,0.0,0.0,0.0,0.0,0.0,0.0,0.0,0.0,0.0,0.0,0.0,0.0,0.0,0.0,0.0,0.0,0.0,none,0.0,0.0,none,0.05,0.0,0.0,823.0,0.6508860439062119
formal,F1,A0,A0,3,0.0017212292004842311,1.0,20.8654727935791,0.00037841263110749424,0.0009563447674736381,7831,6.151610374450684,0.1584625244140625,"[0.0006512404070235789,0.0006726131541654468]",0.6069251298904419,0.0,0.0,0.0,"[{""action_mean_shift"":0.0012603545328602195,""actor_gradient_norm_pre_clip"":10.925583839416504,""behavior_approximate_kl"":0.0005646655336022377,""clip_fraction"":0.06744384765625,""epoch"":1,""minibatch"":1,""moving_forward_kl"":0.00034928941749967635},{""action_mean_shift"":0.0018061220180243254,""actor_gradient_norm_pre_clip"":16.496795654296875,""behavior_approximate_kl"":0.0008802219526842237,""clip_fraction"":0.16851806640625,""epoch"":1,""minibatch"":2,""moving_forward_kl"":0.0006886286428198218},{""action_mean_shift"":0.0017986727179959416,""actor_gradient_norm_pre_clip"":20.8654727935791,""behavior_approximate_kl"":0.0007625651778653264,""clip_fraction"":0.1612548828125,""epoch"":1,""minibatch"":3,""moving_forward_kl"":0.0006801045965403318},{""action_mean_shift"":0.0017608717316761613,""actor_gradient_norm_pre_clip"":14.706012725830078,""behavior_approximate_kl"":0.0005481411353684962,""clip_fraction"":0.15435791015625,""epoch"":1,""minibatch"":4,""moving_forward_kl"":0.0006553965504281223},{""action_mean_shift"":0.001736076665110886,""actor_gradient_norm_pre_clip"":14.754764556884766,""behavior_approximate_kl"":0.001005167025141418,""clip_fraction"":0.14971923828125,""epoch"":2,""minibatch"":1,""moving_forward_kl"":0.0006447146297432482},{""action_mean_shift"":0.0018836325034499168,""actor_gradient_norm_pre_clip"":16.243549346923828,""behavior_approximate_kl"":0.0010384024353697896,""clip_fraction"":0.1807861328125,""epoch"":2,""minibatch"":2,""moving_forward_kl"":0.0007648923201486468},{""action_mean_shift"":0.0017594830133020878,""actor_gradient_norm_pre_clip"":18.83521842956543,""behavior_approximate_kl"":0.0007353947730734944,""clip_fraction"":0.1517333984375,""epoch"":2,""minibatch"":3,""moving_forward_kl"":0.0006643039523623884},{""action_mean_shift"":0.0017646204214543104,""actor_gradient_norm_pre_clip"":18.4294490814209,""behavior_approximate_kl"":0.0009347626473754644,""clip_fraction"":0.15948486328125,""epoch"":2,""minibatch"":4,""moving_forward_kl"":0.0006720598321408033}]",0.0006726131541654468,0.3023255813953488,8.015503875968992,-5.4997396690900935,0.6976744186046512,6c1a88a23ec9e6b07c8591d0b77b6197c99558ecfe269081becae189c3999688,3f6dcddd0182587f1f899213033146f82f73ea4c8dd235da7a5e921d10d6c38c,0.0,0.0,0.0,0.0,0.0,0.0,0.0,0.0,0.0,0.0,0.0,0.0,0.0,0.0,0.0,0.0,0.0,0.0,0.0,0.0,0.0,0.0,0.0,0.0,0.0,0.0,none,0.0,0.0,none,0.05,0.0,0.0,931.0,0.514969177544117
formal,F1,A0,A0,4,0.0017578837141627446,1.0,21.593820571899414,0.0001780678576324135,0.0011487319134175777,7900,6.407136917114258,0.184051513671875,"[0.0007160973036661744,0.0007988029974512756]",0.6067330837249756,0.0,0.0,0.0,"[{""action_mean_shift"":0.0013289969647303224,""actor_gradient_norm_pre_clip"":9.949396133422852,""behavior_approximate_kl"":0.0003725803690031171,""clip_fraction"":0.0794677734375,""epoch"":1,""minibatch"":1,""moving_forward_kl"":0.0003854858805425465},{""action_mean_shift"":0.0017466841964051127,""actor_gradient_norm_pre_clip"":17.404382705688477,""behavior_approximate_kl"":0.0009367751190438867,""clip_fraction"":0.15606689453125,""epoch"":1,""minibatch"":2,""moving_forward_kl"":0.0006376031087711453},{""action_mean_shift"":0.001602421049028635,""actor_gradient_norm_pre_clip"":19.849590301513672,""behavior_approximate_kl"":0.00037505049840547144,""clip_fraction"":0.1170654296875,""epoch"":1,""minibatch"":3,""moving_forward_kl"":0.0005405411357060075},{""action_mean_shift"":0.001833055866882205,""actor_gradient_norm_pre_clip"":12.98876667022705,""behavior_approximate_kl"":0.000900134677067399,""clip_fraction"":0.16827392578125,""epoch"":1,""minibatch"":4,""moving_forward_kl"":0.0007128392462618649},{""action_mean_shift"":0.00174005888402462,""actor_gradient_norm_pre_clip"":16.91828727722168,""behavior_approximate_kl"":0.0003751512849703431,""clip_fraction"":0.1483154296875,""epoch"":2,""minibatch"":1,""moving_forward_kl"":0.0006620730273425579},{""action_mean_shift"":0.0019950626883655787,""actor_gradient_norm_pre_clip"":14.901371955871582,""behavior_approximate_kl"":0.0011837489437311888,""clip_fraction"":0.2049560546875,""epoch"":2,""minibatch"":2,""moving_forward_kl"":0.0008470065658912063},{""action_mean_shift"":0.0019263108260929585,""actor_gradient_norm_pre_clip"":21.593820571899414,""behavior_approximate_kl"":0.000850810669362545,""clip_fraction"":0.192626953125,""epoch"":2,""minibatch"":3,""moving_forward_kl"":0.0007958277128636837},{""action_mean_shift"":0.0018904792377725244,""actor_gradient_norm_pre_clip"":20.54798698425293,""behavior_approximate_kl"":0.0012474852846935391,""clip_fraction"":0.1820068359375,""epoch"":2,""minibatch"":4,""moving_forward_kl"":0.0007952204905450344}]",0.0007988029974512756,0.3007518796992481,7.984962406015038,-5.606305102656658,0.6992481203007519,8a3af6408436f0b77c680689009491e46d2b99f7dddc34f5030db0e03bd9b652,6c1a88a23ec9e6b07c8591d0b77b6197c99558ecfe269081becae189c3999688,0.0,0.0,0.0,0.0,0.0,0.0,0.0,0.0,0.0,0.0,0.0,0.0,0.0,0.0,0.0,0.0,0.0,0.0,0.0,0.0,0.0,0.0,0.0,0.0,0.0,0.0,none,0.0,0.0,none,0.05,0.0,0.0,906.0,0.5296567380428314
formal,F1,A0,A0,5,0.0017136153328465298,1.0,23.669008255004883,0.00044003056245855987,0.0008222345495596528,8121,6.559773921966553,0.126708984375,"[0.0006230203434824944,0.0005757746985182166]",0.6052119135856628,0.0,0.0,0.0,"[{""action_mean_shift"":0.0016752246301621199,""actor_gradient_norm_pre_clip"":10.732686996459961,""behavior_approximate_kl"":0.0010024653747677803,""clip_fraction"":0.144775390625,""epoch"":1,""minibatch"":1,""moving_forward_kl"":0.0006103935884311795},{""action_mean_shift"":0.001975647872313857,""actor_gradient_norm_pre_clip"":23.669008255004883,""behavior_approximate_kl"":0.0005939881084486842,""clip_fraction"":0.20318603515625,""epoch"":1,""minibatch"":2,""moving_forward_kl"":0.0008191511733457446},{""action_mean_shift"":0.001824163249693811,""actor_gradient_norm_pre_clip"":23.074806213378906,""behavior_approximate_kl"":0.0005430099554359913,""clip_fraction"":0.17254638671875,""epoch"":1,""minibatch"":3,""moving_forward_kl"":0.0006929632509127259},{""action_mean_shift"":0.001702865120023489,""actor_gradient_norm_pre_clip"":21.110429763793945,""behavior_approximate_kl"":0.00047460608766414225,""clip_fraction"":0.14453125,""epoch"":1,""minibatch"":4,""moving_forward_kl"":0.000622464925982058},{""action_mean_shift"":0.0015981090255081654,""actor_gradient_norm_pre_clip"":20.456457138061523,""behavior_approximate_kl"":0.0006151177221909165,""clip_fraction"":0.11895751953125,""epoch"":2,""minibatch"":1,""moving_forward_kl"":0.0005480804247781634},{""action_mean_shift"":0.001715678721666336,""actor_gradient_norm_pre_clip"":17.16779327392578,""behavior_approximate_kl"":0.0007685525342822075,""clip_fraction"":0.14837646484375,""epoch"":2,""minibatch"":2,""moving_forward_kl"":0.0006259891088120639},{""action_mean_shift"":0.0016111121512949467,""actor_gradient_norm_pre_clip"":19.983938217163086,""behavior_approximate_kl"":0.0006905101472511888,""clip_fraction"":0.11614990234375,""epoch"":2,""minibatch"":3,""moving_forward_kl"":0.000554516795091331},{""action_mean_shift"":0.0016061218921095133,""actor_gradient_norm_pre_clip"":19.231903076171875,""behavior_approximate_kl"":0.0006307052681222558,""clip_fraction"":0.1287841796875,""epoch"":2,""minibatch"":4,""moving_forward_kl"":0.0005771291325800121}]",0.0005757746985182166,0.3282442748091603,8.01526717557252,-6.108275779331003,0.6717557251908397,719aafb96453d42ad3165988b1a699b215a49e0d22d90a1eba15f053439f3c74,8a3af6408436f0b77c680689009491e46d2b99f7dddc34f5030db0e03bd9b652,0.0,0.0,0.0,0.0,0.0,0.0,0.0,0.0,0.0,0.0,0.0,0.0,0.0,0.0,0.0,0.0,0.0,0.0,0.0,0.0,0.0,0.0,0.0,0.0,0.0,0.0,none,0.0,0.0,none,0.05,0.0,0.0,883.0,0.42695704102516174
formal,F1,A0,A0,6,0.0016976935730781406,1.0,24.036571502685547,0.0002328739210497588,0.0008826914126984775,7974,6.482926845550537,0.135955810546875,"[0.0005812558811157942,0.0005813464522361755]",0.6143780946731567,0.0,0.0,0.0,"[{""action_mean_shift"":0.0015274411998689175,""actor_gradient_norm_pre_clip"":12.820778846740723,""behavior_approximate_kl"":0.00015464381431229413,""clip_fraction"":0.11865234375,""epoch"":1,""minibatch"":1,""moving_forward_kl"":0.0005222929758019745},{""action_mean_shift"":0.001858101924881339,""actor_gradient_norm_pre_clip"":18.8848934173584,""behavior_approximate_kl"":0.0007642143755219877,""clip_fraction"":0.1812744140625,""epoch"":1,""minibatch"":2,""moving_forward_kl"":0.0007438304601237178},{""action_mean_shift"":0.0015504586044698954,""actor_gradient_norm_pre_clip"":23.262453079223633,""behavior_approximate_kl"":-2.6535126380622387e-06,""clip_fraction"":0.11376953125,""epoch"":1,""minibatch"":3,""moving_forward_kl"":0.0005046379519626498},{""action_mean_shift"":0.0016564144752919674,""actor_gradient_norm_pre_clip"":15.507464408874512,""behavior_approximate_kl"":0.0006285257404670119,""clip_fraction"":0.132080078125,""epoch"":1,""minibatch"":4,""moving_forward_kl"":0.0005796994082629681},{""action_mean_shift"":0.0014732929412275553,""actor_gradient_norm_pre_clip"":17.79819679260254,""behavior_approximate_kl"":0.0008263734052889049,""clip_fraction"":0.0972900390625,""epoch"":2,""minibatch"":1,""moving_forward_kl"":0.0004587425501085818},{""action_mean_shift"":0.0018841936253011227,""actor_gradient_norm_pre_clip"":14.65554141998291,""behavior_approximate_kl"":0.0010128337889909744,""clip_fraction"":0.18341064453125,""epoch"":2,""minibatch"":2,""moving_forward_kl"":0.0007544992258772254},{""action_mean_shift"":0.001968936761841178,""actor_gradient_norm_pre_clip"":24.036571502685547,""behavior_approximate_kl"":0.0010410528630018234,""clip_fraction"":0.20355224609375,""epoch"":2,""minibatch"":3,""moving_forward_kl"":0.0008288556709885597},{""action_mean_shift"":0.0016627090517431498,""actor_gradient_norm_pre_clip"":21.997474670410156,""behavior_approximate_kl"":0.0006279076915234327,""clip_fraction"":0.136962890625,""epoch"":2,""minibatch"":4,""moving_forward_kl"":0.0005807947600260377}]",0.0005813464522361755,0.2740740740740741,7.940740740740741,-5.256218894322713,0.725925925925926,7d3edc611098ce4faf09f2d05845dca11c6c14bddedaa7cf9bf717ddeeabb0df,719aafb96453d42ad3165988b1a699b215a49e0d22d90a1eba15f053439f3c74,0.0,0.0,0.0,0.0,0.0,0.0,0.0,0.0,0.0,0.0,0.0,0.0,0.0,0.0,0.0,0.0,0.0,0.0,0.0,0.0,0.0,0.0,0.0,0.0,0.0,0.0,none,0.0,0.0,none,0.05,0.0,0.0,887.0,0.5253432765603065
formal,F1,A0,A0,7,0.0015907290217000991,1.0,24.394847869873047,2.8168346034362912e-05,0.0010059813503175974,7951,6.427647590637207,0.1670379638671875,"[0.0005811033770442009,0.0007162613910622895]",0.6076650023460388,0.0,0.0,0.0,"[{""action_mean_shift"":0.0011182362213730812,""actor_gradient_norm_pre_clip"":12.931222915649414,""behavior_approximate_kl"":0.00023968657478690147,""clip_fraction"":0.04486083984375,""epoch"":1,""minibatch"":1,""moving_forward_kl"":0.00027518250863067806},{""action_mean_shift"":0.0016711973585188389,""actor_gradient_norm_pre_clip"":15.261484146118164,""behavior_approximate_kl"":0.0003609530976973474,""clip_fraction"":0.14111328125,""epoch"":1,""minibatch"":2,""moving_forward_kl"":0.0005916926311329007},{""action_mean_shift"":0.0017432266613468528,""actor_gradient_norm_pre_clip"":19.67481803894043,""behavior_approximate_kl"":0.0003859102725982666,""clip_fraction"":0.15740966796875,""epoch"":1,""minibatch"":3,""moving_forward_kl"":0.0006387954344972968},{""action_mean_shift"":0.0016310691135004163,""actor_gradient_norm_pre_clip"":24.394847869873047,""behavior_approximate_kl"":0.0008564330055378377,""clip_fraction"":0.12713623046875,""epoch"":1,""minibatch"":4,""moving_forward_kl"":0.0005782052758149803},{""action_mean_shift"":0.001566475722938776,""actor_gradient_norm_pre_clip"":15.52641487121582,""behavior_approximate_kl"":0.0007732030935585499,""clip_fraction"":0.12127685546875,""epoch"":2,""minibatch"":1,""moving_forward_kl"":0.000520428002346307},{""action_mean_shift"":0.001683360431343317,""actor_gradient_norm_pre_clip"":16.33846092224121,""behavior_approximate_kl"":0.0003668757271952927,""clip_fraction"":0.1402587890625,""epoch"":2,""minibatch"":2,""moving_forward_kl"":0.0006017008563503623},{""action_mean_shift"":0.001496889628469944,""actor_gradient_norm_pre_clip"":18.83161735534668,""behavior_approximate_kl"":0.0006540429312735796,""clip_fraction"":0.10101318359375,""epoch"":2,""minibatch"":3,""moving_forward_kl"":0.00048210256500169635},{""action_mean_shift"":0.0018153770361095667,""actor_gradient_norm_pre_clip"":14.035332679748535,""behavior_approximate_kl"":0.0005302390782162547,""clip_fraction"":0.16558837890625,""epoch"":2,""minibatch"":4,""moving_forward_kl"":0.0007131355814635754}]",0.0007162613910622895,0.3203125,8.0546875,-5.812757423147559,0.6796875,84d08dbb9f10a71e0df18beba5de0e865f9f0d56eaf1ed28c4ded9e3d0383071,7d3edc611098ce4faf09f2d05845dca11c6c14bddedaa7cf9bf717ddeeabb0df,0.0,0.0,0.0,0.0,0.0,0.0,0.0,0.0,0.0,0.0,0.0,0.0,0.0,0.0,0.0,0.0,0.0,0.0,0.0,0.0,0.0,0.0,0.0,0.0,0.0,0.0,none,0.0,0.0,none,0.05,0.0,0.0,917.0,0.35358885303139687
formal,F1,A0,A0,8,0.0017603560845600441,1.0,24.90876007080078,0.00022321321011986583,0.0010073815938085318,7936,6.379421234130859,0.1975860595703125,"[0.0005498620448634028,0.0007873994763940573]",0.6092520356178284,0.0,0.0,0.0,"[{""action_mean_shift"":0.0015446915058419108,""actor_gradient_norm_pre_clip"":10.85802173614502,""behavior_approximate_kl"":0.0013773002428933978,""clip_fraction"":0.1270751953125,""epoch"":1,""minibatch"":1,""moving_forward_kl"":0.0005700519541278481},{""action_mean_shift"":0.0020287688821554184,""actor_gradient_norm_pre_clip"":23.606348037719727,""behavior_approximate_kl"":0.0005539500853046775,""clip_fraction"":0.20806884765625,""epoch"":1,""minibatch"":2,""moving_forward_kl"":0.0008895330829545856},{""action_mean_shift"":0.001760580693371594,""actor_gradient_norm_pre_clip"":24.90876007080078,""behavior_approximate_kl"":0.0011180851142853498,""clip_fraction"":0.15997314453125,""epoch"":1,""minibatch"":3,""moving_forward_kl"":0.0006615758175030351},{""action_mean_shift"":0.0015813627978786826,""actor_gradient_norm_pre_clip"":20.101821899414062,""behavior_approximate_kl"":-0.00014742830535396934,""clip_fraction"":0.12060546875,""epoch"":1,""minibatch"":4,""moving_forward_kl"":0.0005515735247172415},{""action_mean_shift"":0.0017120225820690393,""actor_gradient_norm_pre_clip"":14.444515228271484,""behavior_approximate_kl"":0.0004514810862019658,""clip_fraction"":0.15008544921875,""epoch"":2,""minibatch"":1,""moving_forward_kl"":0.000628858688287437},{""action_mean_shift"":0.001675869687460363,""actor_gradient_norm_pre_clip"":17.525348663330078,""behavior_approximate_kl"":0.0010193136986345053,""clip_fraction"":0.13861083984375,""epoch"":2,""minibatch"":2,""moving_forward_kl"":0.0005945789162069559},{""action_mean_shift"":0.0018361435504630208,""actor_gradient_norm_pre_clip"":15.369744300842285,""behavior_approximate_kl"":0.0009646267280913889,""clip_fraction"":0.17242431640625,""epoch"":2,""minibatch"":3,""moving_forward_kl"":0.0007104055257514119},{""action_mean_shift"":0.001943408977240324,""actor_gradient_norm_pre_clip"":20.89197540283203,""behavior_approximate_kl"":0.00040618638740852475,""clip_fraction"":0.19805908203125,""epoch"":2,""minibatch"":4,""moving_forward_kl"":0.000787746103014797}]",0.0007873994763940573,0.26356589147286824,8.232558139534884,-5.284255757812382,0.7364341085271318,b2dcfd35bab768ea95c51bba346546086d6375c69f959c5c5a45c9a818969a56,84d08dbb9f10a71e0df18beba5de0e865f9f0d56eaf1ed28c4ded9e3d0383071,0.0,0.0,0.0,0.0,0.0,0.0,0.0,0.0,0.0,0.0,0.0,0.0,0.0,0.0,0.0,0.0,0.0,0.0,0.0,0.0,0.0,0.0,0.0,0.0,0.0,0.0,none,0.0,0.0,none,0.05,0.0,0.0,868.0,0.3993324898183346
formal,F1,A1,A1,1,0.031895568361505866,1.0,269.7032470703125,9.988088846206665,0.7795500755310059,8221,6.672889709472656,0.9253387451171875,"[0.24686212837696075,0.788297176361084]",0.6407787203788757,0.5668011903762817,0.6315792202949524,0.6315792202949524,"[{""action_mean_shift"":0.008396070450544357,""actor_gradient_norm_pre_clip"":269.7032470703125,""behavior_approximate_kl"":0.016975652426481247,""clip_fraction"":0.66278076171875,""epoch"":1,""minibatch"":1,""moving_forward_kl"":0.01852988824248314},{""action_mean_shift"":0.016081955283880234,""actor_gradient_norm_pre_clip"":214.57476806640625,""behavior_approximate_kl"":0.06951600313186646,""clip_fraction"":0.7945556640625,""epoch"":1,""minibatch"":2,""moving_forward_kl"":0.06943980604410172},{""action_mean_shift"":0.023334799334406853,""actor_gradient_norm_pre_clip"":214.88711547851562,""behavior_approximate_kl"":0.13879546523094177,""clip_fraction"":0.84527587890625,""epoch"":1,""minibatch"":3,""moving_forward_kl"":0.1485186219215393},{""action_mean_shift"":0.029540278017520905,""actor_gradient_norm_pre_clip"":175.00840759277344,""behavior_approximate_kl"":0.24128969013690948,""clip_fraction"":0.8729248046875,""epoch"":1,""minibatch"":4,""moving_forward_kl"":0.24342897534370422},{""action_mean_shift"":0.03589460253715515,""actor_gradient_norm_pre_clip"":169.58126831054688,""behavior_approximate_kl"":0.3518182039260864,""clip_fraction"":0.8912353515625,""epoch"":2,""minibatch"":1,""moving_forward_kl"":0.36312150955200195},{""action_mean_shift"":0.04214602708816528,""actor_gradient_norm_pre_clip"":151.93458557128906,""behavior_approximate_kl"":0.4874260127544403,""clip_fraction"":0.90777587890625,""epoch"":2,""minibatch"":2,""moving_forward_kl"":0.5026894807815552},{""action_mean_shift"":0.04736051335930824,""actor_gradient_norm_pre_clip"":132.8949432373047,""behavior_approximate_kl"":0.6498090028762817,""clip_fraction"":0.91650390625,""epoch"":2,""minibatch"":3,""moving_forward_kl"":0.6395357847213745},{""action_mean_shift"":0.0524103008210659,""actor_gradient_norm_pre_clip"":131.2085723876953,""behavior_approximate_kl"":0.7814077138900757,""clip_fraction"":0.92718505859375,""epoch"":2,""minibatch"":4,""moving_forward_kl"":0.7926551699638367}]",0.788297176361084,0.3458646616541353,7.962406015037594,-6.8173688784577795,0.6541353383458647,56d3e3f351cc624467b34990962e35d80287dc0d490a6527ccd3685a82da237a,7afed309902a323a43b47005c01529c84160944bb8cea2c45d000b38b18cc099,0.1597156524658203,0.06930895894765854,0.057765547186136246,0.2713441252708435,0.04935794323682785,0.04012823849916458,0.15939104557037354,0.09011287242174149,0.049790121614933014,0.1848219782114029,0.04622972384095192,0.04101087898015976,0.16552259027957916,0.07065349072217941,0.05787104740738869,0.3175358176231384,0.04886975139379501,0.039918579161167145,0.1652935892343521,0.09408604353666306,0.05210188031196594,0.20953167974948883,0.04774727672338486,0.04074622318148613,1.0,0.8269067406654358,local_success_50,0.0,97.80615425109863,full_action,0.05,6798.0,6645.310546875,879.0,0.780140183866024
formal,F1,A1,A1,2,0.027476522547658533,1.0,253.3012237548828,9.399602055549622,0.6992411613464355,7553,5.9285712242126465,0.9151763916015625,"[0.17543886601924896,0.7001160383224487]",0.6136190295219421,0.5457944273948669,0.6091058254241943,0.6091058254241943,"[{""action_mean_shift"":0.005799402948468924,""actor_gradient_norm_pre_clip"":253.3012237548828,""behavior_approximate_kl"":0.01000910997390747,""clip_fraction"":0.51861572265625,""epoch"":1,""minibatch"":1,""moving_forward_kl"":0.009818869642913342},{""action_mean_shift"":0.011909574270248413,""actor_gradient_norm_pre_clip"":214.44837951660156,""behavior_approximate_kl"":0.03865119814872742,""clip_fraction"":0.70794677734375,""epoch"":1,""minibatch"":2,""moving_forward_kl"":0.04134242981672287},{""action_mean_shift"":0.01808088645339012,""actor_gradient_norm_pre_clip"":207.78492736816406,""behavior_approximate_kl"":0.09665177762508392,""clip_fraction"":0.7889404296875,""epoch"":1,""minibatch"":3,""moving_forward_kl"":0.09618225693702698},{""action_mean_shift"":0.02447052113711834,""actor_gradient_norm_pre_clip"":182.98411560058594,""behavior_approximate_kl"":0.17834529280662537,""clip_fraction"":0.84307861328125,""epoch"":1,""minibatch"":4,""moving_forward_kl"":0.17562799155712128},{""action_mean_shift"":0.030687149614095688,""actor_gradient_norm_pre_clip"":160.1129150390625,""behavior_approximate_kl"":0.26952362060546875,""clip_fraction"":0.86834716796875,""epoch"":2,""minibatch"":1,""moving_forward_kl"":0.27640610933303833},{""action_mean_shift"":0.03702954202890396,""actor_gradient_norm_pre_clip"":149.6701202392578,""behavior_approximate_kl"":0.4056941866874695,""clip_fraction"":0.8902587890625,""epoch"":2,""minibatch"":2,""moving_forward_kl"":0.40264832973480225},{""action_mean_shift"":0.043232329189777374,""actor_gradient_norm_pre_clip"":132.83636474609375,""behavior_approximate_kl"":0.5607805252075195,""clip_fraction"":0.9029541015625,""epoch"":2,""minibatch"":3,""moving_forward_kl"":0.5509566068649292},{""action_mean_shift"":0.04860277473926544,""actor_gradient_norm_pre_clip"":128.04212951660156,""behavior_approximate_kl"":0.691752016544342,""clip_fraction"":0.9130859375,""epoch"":2,""minibatch"":4,""moving_forward_kl"":0.699406623840332}]",0.7001160383224487,0.33076923076923076,8.107692307692307,-5.8930110876376816,0.6692307692307692,5bf41dc5b0aabefd3f6fe3ad78f7e8ba04eba1cbb07086bc6582e1e79da6496e,56d3e3f351cc624467b34990962e35d80287dc0d490a6527ccd3685a82da237a,0.1528148651123047,0.06873511523008347,0.05807775631546974,0.26106682419776917,0.04757283255457878,0.040196117013692856,0.1510506421327591,0.08879861980676651,0.04613391309976578,0.17980380356311798,0.04556269198656082,0.04005235806107521,0.15977244079113007,0.07070301473140717,0.058825019747018814,0.3054148554801941,0.04728252813220024,0.04002410173416138,0.15766999125480652,0.09341579675674438,0.047567278146743774,0.20429359376430511,0.046966470777988434,0.03988266736268997,1.0,0.845094621181488,local_success_50,0.0,92.34155464172363,full_action,0.05,6383.0,6243.6416015625,910.0,0.6573924273252487
formal,F1,A1,A1,3,0.02785772772040218,1.0,239.4058380126953,8.532415807247162,0.6895362138748169,6891,5.354312419891357,0.912567138671875,"[0.18609730899333954,0.6929173469543457]",0.5518567562103271,0.517926812171936,0.5799266695976257,0.5799266695976257,"[{""action_mean_shift"":0.006106034852564335,""actor_gradient_norm_pre_clip"":239.4058380126953,""behavior_approximate_kl"":0.011701541021466255,""clip_fraction"":0.52630615234375,""epoch"":1,""minibatch"":1,""moving_forward_kl"":0.010937832295894623},{""action_mean_shift"":0.012546749785542488,""actor_gradient_norm_pre_clip"":197.98776245117188,""behavior_approximate_kl"":0.04409238323569298,""clip_fraction"":0.71136474609375,""epoch"":1,""minibatch"":2,""moving_forward_kl"":0.04596332460641861},{""action_mean_shift"":0.018794115632772446,""actor_gradient_norm_pre_clip"":181.14300537109375,""behavior_approximate_kl"":0.1037769541144371,""clip_fraction"":0.79034423828125,""epoch"":1,""minibatch"":3,""moving_forward_kl"":0.10367977619171143},{""action_mean_shift"":0.025109276175498962,""actor_gradient_norm_pre_clip"":163.2147216796875,""behavior_approximate_kl"":0.17752382159233093,""clip_fraction"":0.83673095703125,""epoch"":1,""minibatch"":4,""moving_forward_kl"":0.18496668338775635},{""action_mean_shift"":0.03150295093655586,""actor_gradient_norm_pre_clip"":148.46238708496094,""behavior_approximate_kl"":0.28009772300720215,""clip_fraction"":0.8673095703125,""epoch"":2,""minibatch"":1,""moving_forward_kl"":0.2915413975715637},{""action_mean_shift"":0.03733816370368004,""actor_gradient_norm_pre_clip"":128.97607421875,""behavior_approximate_kl"":0.4118229150772095,""clip_fraction"":0.88800048828125,""epoch"":2,""minibatch"":2,""moving_forward_kl"":0.4120652675628662},{""action_mean_shift"":0.04279804602265358,""actor_gradient_norm_pre_clip"":113.09781646728516,""behavior_approximate_kl"":0.544766902923584,""clip_fraction"":0.89984130859375,""epoch"":2,""minibatch"":3,""moving_forward_kl"":0.5446892976760864},{""action_mean_shift"":0.04866648465394974,""actor_gradient_norm_pre_clip"":114.09400939941406,""behavior_approximate_kl"":0.7078372240066528,""clip_fraction"":0.912353515625,""epoch"":2,""minibatch"":4,""moving_forward_kl"":0.7042691707611084}]",0.6929173469543457,0.192,8.664,-3.4619287281036377,0.808,36fc9071c9660056a2f9145be9dec79320173292863031e9c50b63b045cf5ba3,5bf41dc5b0aabefd3f6fe3ad78f7e8ba04eba1cbb07086bc6582e1e79da6496e,0.14285388588905334,0.06432250142097473,0.056916944682598114,0.2416224628686905,0.046460095793008804,0.03990446776151657,0.1455206722021103,0.08873948454856873,0.04677848145365715,0.17335887253284454,0.04517308622598648,0.040437016636133194,0.14992649853229523,0.06569411605596542,0.057304345071315765,0.2859130799770355,0.045982297509908676,0.039766859263181686,0.15165092051029205,0.09334596991539001,0.047919824719429016,0.19756504893302917,0.04663557559251785,0.04018542915582657,1.0,0.8740386366844177,local_success_50,0.0,83.50356578826904,full_action,0.05,6023.0,5873.6611328125,927.0,0.461997140198946
formal,F1,A1,A1,4,0.02620560786454007,1.0,247.1481475830078,8.473749697208405,0.6460027098655701,6312,4.8367815017700195,0.9058685302734375,"[0.16656634211540222,0.6388721466064453]",0.5645862817764282,0.5072678327560425,0.5682858824729919,0.5682858824729919,"[{""action_mean_shift"":0.005645464640110731,""actor_gradient_norm_pre_clip"":247.1481475830078,""behavior_approximate_kl"":0.009943746961653233,""clip_fraction"":0.49749755859375,""epoch"":1,""minibatch"":1,""moving_forward_kl"":0.009612390771508217},{""action_mean_shift"":0.011455737054347992,""actor_gradient_norm_pre_clip"":195.01205444335938,""behavior_approximate_kl"":0.041362930089235306,""clip_fraction"":0.68707275390625,""epoch"":1,""minibatch"":2,""moving_forward_kl"":0.0393604040145874},{""action_mean_shift"":0.017367366701364517,""actor_gradient_norm_pre_clip"":174.3754119873047,""behavior_approximate_kl"":0.09219851344823837,""clip_fraction"":0.77288818359375,""epoch"":1,""minibatch"":3,""moving_forward_kl"":0.09119220077991486},{""action_mean_shift"":0.023632973432540894,""actor_gradient_norm_pre_clip"":161.4602813720703,""behavior_approximate_kl"":0.1755654364824295,""clip_fraction"":0.82037353515625,""epoch"":1,""minibatch"":4,""moving_forward_kl"":0.16846370697021484},{""action_mean_shift"":0.029729364439845085,""actor_gradient_norm_pre_clip"":159.36184692382812,""behavior_approximate_kl"":0.2647109627723694,""clip_fraction"":0.85992431640625,""epoch"":2,""minibatch"":1,""moving_forward_kl"":0.26647239923477173},{""action_mean_shift"":0.03503786399960518,""actor_gradient_norm_pre_clip"":126.50667572021484,""behavior_approximate_kl"":0.3868780732154846,""clip_fraction"":0.87445068359375,""epoch"":2,""minibatch"":2,""moving_forward_kl"":0.37111741304397583},{""action_mean_shift"":0.04079486429691315,""actor_gradient_norm_pre_clip"":104.2020263671875,""behavior_approximate_kl"":0.5024138689041138,""clip_fraction"":0.89752197265625,""epoch"":2,""minibatch"":3,""moving_forward_kl"":0.5025311708450317},{""action_mean_shift"":0.04598122835159302,""actor_gradient_norm_pre_clip"":109.0074234008789,""behavior_approximate_kl"":0.6542337536811829,""clip_fraction"":0.9088134765625,""epoch"":2,""minibatch"":4,""moving_forward_kl"":0.6430016756057739}]",0.6388721466064453,0.2222222222222222,8.192592592592593,-3.141119948139897,0.7777777777777778,1b0c30e721aeff368cf9c795c32d86c593b12cdc1a7f23bc9fd6d8445606c33f,36fc9071c9660056a2f9145be9dec79320173292863031e9c50b63b045cf5ba3,0.14196324348449707,0.06247350946068764,0.05702333524823189,0.24076488614082336,0.04581845551729202,0.03994475305080414,0.13532309234142303,0.09100672602653503,0.04713844880461693,0.16370050609111786,0.04588121920824051,0.04051024839282036,0.1495075225830078,0.06402944028377533,0.057219650596380234,0.28740382194519043,0.04547370970249176,0.03986378014087677,0.14045295119285583,0.09585554152727127,0.048119865357875824,0.18542855978012085,0.04706651344895363,0.040393125265836716,1.0,0.838561475276947,local_success_50,0.0,83.08756351470947,full_action,0.05,5293.0,5168.15625,933.0,0.47422799840569496
formal,F1,A1,A1,5,0.02567189949331805,1.0,238.21517944335938,8.10716825723648,0.6297891736030579,6187,4.5897626876831055,0.9038238525390625,"[0.16199108958244324,0.626777172088623]",0.5888950824737549,0.4978545308113098,0.5585017800331116,0.5585017800331116,"[{""action_mean_shift"":0.005500407423824072,""actor_gradient_norm_pre_clip"":238.21517944335938,""behavior_approximate_kl"":0.007847264409065247,""clip_fraction"":0.48687744140625,""epoch"":1,""minibatch"":1,""moving_forward_kl"":0.009332793764770031},{""action_mean_shift"":0.011078380048274994,""actor_gradient_norm_pre_clip"":199.9777069091797,""behavior_approximate_kl"":0.041498083621263504,""clip_fraction"":0.66229248046875,""epoch"":1,""minibatch"":2,""moving_forward_kl"":0.03801187872886658},{""action_mean_shift"":0.017063386738300323,""actor_gradient_norm_pre_clip"":178.32415771484375,""behavior_approximate_kl"":0.09267163276672363,""clip_fraction"":0.76141357421875,""epoch"":1,""minibatch"":3,""moving_forward_kl"":0.08928442001342773},{""action_mean_shift"":0.02310945838689804,""actor_gradient_norm_pre_clip"":165.32186889648438,""behavior_approximate_kl"":0.16333341598510742,""clip_fraction"":0.818359375,""epoch"":1,""minibatch"":4,""moving_forward_kl"":0.1630924642086029},{""action_mean_shift"":0.02861303836107254,""actor_gradient_norm_pre_clip"":142.1719207763672,""behavior_approximate_kl"":0.2542465925216675,""clip_fraction"":0.85626220703125,""epoch"":2,""minibatch"":1,""moving_forward_kl"":0.25111499428749084},{""action_mean_shift"":0.034793153405189514,""actor_gradient_norm_pre_clip"":136.9434051513672,""behavior_approximate_kl"":0.3758178949356079,""clip_fraction"":0.8785400390625,""epoch"":2,""minibatch"":2,""moving_forward_kl"":0.3700443506240845},{""action_mean_shift"":0.04027710109949112,""actor_gradient_norm_pre_clip"":121.49049377441406,""behavior_approximate_kl"":0.49297186732292175,""clip_fraction"":0.89141845703125,""epoch"":2,""minibatch"":3,""moving_forward_kl"":0.49822601675987244},{""action_mean_shift"":0.044940270483493805,""actor_gradient_norm_pre_clip"":113.18343353271484,""behavior_approximate_kl"":0.6309877634048462,""clip_fraction"":0.90167236328125,""epoch"":2,""minibatch"":4,""moving_forward_kl"":0.6252295970916748}]",0.626777172088623,0.28888888888888886,8.214814814814815,-5.163144929320724,0.7111111111111111,304edf96191dce0da9c6a679772b9edbdd6ba98c1e88398aad0941a86e8fb9cc,1b0c30e721aeff368cf9c795c32d86c593b12cdc1a7f23bc9fd6d8445606c33f,0.1426956057548523,0.0634068176150322,0.05968029052019119,0.2447510063648224,0.04624083638191223,0.040248844772577286,0.12713223695755005,0.08779312670230865,0.044951628893613815,0.15337856113910675,0.046409375965595245,0.040180549025535583,0.15045508742332458,0.06460700184106827,0.059777017682790756,0.2948550581932068,0.04561047628521919,0.040064625442028046,0.13112466037273407,0.09210345894098282,0.04556497558951378,0.17215792834758759,0.04735502228140831,0.03997211158275604,1.0,0.8060449361801147,local_success_50,0.0,79.58905696868896,full_action,0.05,4987.0,4863.7939453125,964.0,0.7365190014243126
formal,F1,A1,A1,6,0.025217807560693473,1.0,226.8769989013672,8.344115674495697,0.5997254848480225,5851,4.252180099487305,0.901336669921875,"[0.1627356857061386,0.6034852862358093]",0.5540870428085327,0.49306559562683105,0.5535044074058533,0.5535044074058533,"[{""action_mean_shift"":0.005536678712815046,""actor_gradient_norm_pre_clip"":226.8769989013672,""behavior_approximate_kl"":0.009187178686261177,""clip_fraction"":0.48468017578125,""epoch"":1,""minibatch"":1,""moving_forward_kl"":0.009461859241127968},{""action_mean_shift"":0.011262848973274231,""actor_gradient_norm_pre_clip"":179.28871154785156,""behavior_approximate_kl"":0.03493313491344452,""clip_fraction"":0.68072509765625,""epoch"":1,""minibatch"":2,""moving_forward_kl"":0.039381999522447586},{""action_mean_shift"":0.017092039808630943,""actor_gradient_norm_pre_clip"":176.53292846679688,""behavior_approximate_kl"":0.09088218957185745,""clip_fraction"":0.770263671875,""epoch"":1,""minibatch"":3,""moving_forward_kl"":0.0904541015625},{""action_mean_shift"":0.022828415036201477,""actor_gradient_norm_pre_clip"":154.57337951660156,""behavior_approximate_kl"":0.1639595329761505,""clip_fraction"":0.813232421875,""epoch"":1,""minibatch"":4,""moving_forward_kl"":0.16264699399471283},{""action_mean_shift"":0.028648383915424347,""actor_gradient_norm_pre_clip"":131.13088989257812,""behavior_approximate_kl"":0.26060688495635986,""clip_fraction"":0.85223388671875,""epoch"":2,""minibatch"":1,""moving_forward_kl"":0.25495249032974243},{""action_mean_shift"":0.03400978446006775,""actor_gradient_norm_pre_clip"":125.57891082763672,""behavior_approximate_kl"":0.35314059257507324,""clip_fraction"":0.87408447265625,""epoch"":2,""minibatch"":2,""moving_forward_kl"":0.3627559542655945},{""action_mean_shift"":0.03925102949142456,""actor_gradient_norm_pre_clip"":114.01632690429688,""behavior_approximate_kl"":0.48198941349983215,""clip_fraction"":0.89398193359375,""epoch"":2,""minibatch"":3,""moving_forward_kl"":0.48613181710243225},{""action_mean_shift"":0.04311328008770943,""actor_gradient_norm_pre_clip"":101.469970703125,""behavior_approximate_kl"":0.5872456431388855,""clip_fraction"":0.8988037109375,""epoch"":2,""minibatch"":4,""moving_forward_kl"":0.5940210223197937}]",0.6034852862358093,0.2805755395683453,7.9928057553956835,-3.711461459990028,0.7194244604316546,0912b99b86776ed6d50f5997772be3fa7edfd303de12e7410a831ff7acd2643b,304edf96191dce0da9c6a679772b9edbdd6ba98c1e88398aad0941a86e8fb9cc,0.14591090381145477,0.065447598695755,0.05905008316040039,0.24342569708824158,0.046303827315568924,0.04020393267273903,0.12146627902984619,0.0875248983502388,0.04623951390385628,0.1473560333251953,0.04512309283018112,0.04053844138979912,0.1536969393491745,0.06644847244024277,0.05874263495206833,0.2970049977302551,0.0452861562371254,0.039982568472623825,0.12342903017997742,0.09162198752164841,0.04663614556193352,0.1641785055398941,0.04586683213710785,0.04040927812457085,1.0,0.8039650917053223,local_success_50,0.0,81.80119609832764,full_action,0.05,4704.0,4582.95947265625,963.0,0.4368271790444851
formal,F1,A1,A1,7,0.02442719362443313,1.0,230.61709594726562,7.893965423107147,0.5928536057472229,5389,3.6659862995147705,0.900604248046875,"[0.1518111526966095,0.5900536179542542]",0.5481913685798645,0.4846102297306061,0.5462084412574768,0.5462084412574768,"[{""action_mean_shift"":0.005171774420887232,""actor_gradient_norm_pre_clip"":230.61709594726562,""behavior_approximate_kl"":0.008920073509216309,""clip_fraction"":0.4613037109375,""epoch"":1,""minibatch"":1,""moving_forward_kl"":0.008605620823800564},{""action_mean_shift"":0.010501938872039318,""actor_gradient_norm_pre_clip"":192.5834503173828,""behavior_approximate_kl"":0.03278689458966255,""clip_fraction"":0.65899658203125,""epoch"":1,""minibatch"":2,""moving_forward_kl"":0.035302095115184784},{""action_mean_shift"":0.01618373766541481,""actor_gradient_norm_pre_clip"":174.6781005859375,""behavior_approximate_kl"":0.08989186584949493,""clip_fraction"":0.7611083984375,""epoch"":1,""minibatch"":3,""moving_forward_kl"":0.08311183750629425},{""action_mean_shift"":0.02194196544587612,""actor_gradient_norm_pre_clip"":160.67298889160156,""behavior_approximate_kl"":0.15285778045654297,""clip_fraction"":0.81805419921875,""epoch"":1,""minibatch"":4,""moving_forward_kl"":0.1527729481458664},{""action_mean_shift"":0.027960192412137985,""actor_gradient_norm_pre_clip"":150.80137634277344,""behavior_approximate_kl"":0.24264806509017944,""clip_fraction"":0.85455322265625,""epoch"":2,""minibatch"":1,""moving_forward_kl"":0.2464737445116043},{""action_mean_shift"":0.032515574246644974,""actor_gradient_norm_pre_clip"":121.20580291748047,""behavior_approximate_kl"":0.32818400859832764,""clip_fraction"":0.87164306640625,""epoch"":2,""minibatch"":2,""moving_forward_kl"":0.337810218334198},{""action_mean_shift"":0.038331709802150726,""actor_gradient_norm_pre_clip"":120.26905822753906,""behavior_approximate_kl"":0.48473095893859863,""clip_fraction"":0.8885498046875,""epoch"":2,""minibatch"":3,""moving_forward_kl"":0.4662814736366272},{""action_mean_shift"":0.04281065613031387,""actor_gradient_norm_pre_clip"":103.31480407714844,""behavior_approximate_kl"":0.5951095223426819,""clip_fraction"":0.9007568359375,""epoch"":2,""minibatch"":4,""moving_forward_kl"":0.5864259004592896}]",0.5900536179542542,0.21379310344827587,8.213793103448277,-2.8210793544506205,0.7862068965517242,185e086d27af31e6b800036b6f7036fbeec3bc5633a1719c47e5ebcdedff66fa,0912b99b86776ed6d50f5997772be3fa7edfd303de12e7410a831ff7acd2643b,0.13609808683395386,0.05960642546415329,0.05768242105841637,0.2337656021118164,0.04590710997581482,0.04044337198138237,0.12399864196777344,0.09143058955669403,0.04544951021671295,0.1531006246805191,0.04725306108593941,0.041007477790117264,0.14358216524124146,0.060719188302755356,0.05713088810443878,0.287061870098114,0.044911593198776245,0.04019681364297867,0.12655098736286163,0.09676998108625412,0.04556732252240181,0.17129744589328766,0.047721017152071,0.040788549929857254,1.0,0.8396733999252319,local_success_50,0.0,77.48399925231934,full_action,0.05,4525.0,4396.2978515625,973.0,0.6001850366592407
formal,F1,A1,A1,8,0.024490852025337517,1.0,228.30526733398438,7.437620162963867,0.5896258354187012,5115,3.394160509109497,0.8997802734375,"[0.15603750944137573,0.5862860679626465]",0.5681626200675964,0.47319296002388,0.5358341336250305,0.5358341336250305,"[{""action_mean_shift"":0.005259095691144466,""actor_gradient_norm_pre_clip"":228.30526733398438,""behavior_approximate_kl"":0.00814189575612545,""clip_fraction"":0.46771240234375,""epoch"":1,""minibatch"":1,""moving_forward_kl"":0.008838364854454994},{""action_mean_shift"":0.010763199999928474,""actor_gradient_norm_pre_clip"":187.0454864501953,""behavior_approximate_kl"":0.03571943938732147,""clip_fraction"":0.6627197265625,""epoch"":1,""minibatch"":2,""moving_forward_kl"":0.03684660419821739},{""action_mean_shift"":0.016428761184215546,""actor_gradient_norm_pre_clip"":174.3086395263672,""behavior_approximate_kl"":0.0894731804728508,""clip_fraction"":0.75433349609375,""epoch"":1,""minibatch"":3,""moving_forward_kl"":0.0862027257680893},{""action_mean_shift"":0.022200560197234154,""actor_gradient_norm_pre_clip"":163.65872192382812,""behavior_approximate_kl"":0.1642438769340515,""clip_fraction"":0.8155517578125,""epoch"":1,""minibatch"":4,""moving_forward_kl"":0.15690770745277405},{""action_mean_shift"":0.027860896661877632,""actor_gradient_norm_pre_clip"":132.55770874023438,""behavior_approximate_kl"":0.24948722124099731,""clip_fraction"":0.85064697265625,""epoch"":2,""minibatch"":1,""moving_forward_kl"":0.246771901845932},{""action_mean_shift"":0.03287489712238312,""actor_gradient_norm_pre_clip"":128.53173828125,""behavior_approximate_kl"":0.3472791910171509,""clip_fraction"":0.87115478515625,""epoch"":2,""minibatch"":2,""moving_forward_kl"":0.34710195660591125},{""action_mean_shift"":0.03794902190566063,""actor_gradient_norm_pre_clip"":117.12472534179688,""behavior_approximate_kl"":0.4730221629142761,""clip_fraction"":0.887451171875,""epoch"":2,""minibatch"":3,""moving_forward_kl"":0.46376553177833557},{""action_mean_shift"":0.04259038344025612,""actor_gradient_norm_pre_clip"":115.91612243652344,""behavior_approximate_kl"":0.5863855481147766,""clip_fraction"":0.90411376953125,""epoch"":2,""minibatch"":4,""moving_forward_kl"":0.5876826047897339}]",0.5862860679626465,0.24836601307189543,8.098039215686274,-2.9773520052043443,0.7516339869281046,4ccf25690aaf4a89aa0708be2e68ab3aa0cfce84acc05a425dc81641692be8ac,185e086d27af31e6b800036b6f7036fbeec3bc5633a1719c47e5ebcdedff66fa,0.13703808188438416,0.060980234295129776,0.05932086333632469,0.24000973999500275,0.04536725953221321,0.041227106004953384,0.10899335891008377,0.08899785578250885,0.045196328312158585,0.1376412957906723,0.044869598001241684,0.040746498852968216,0.1435181349515915,0.06178610771894455,0.058417629450559616,0.29623016715049744,0.04395746439695358,0.0410194918513298,0.11083526909351349,0.09465234726667404,0.04532546177506447,0.15447944402694702,0.045125532895326614,0.04064343869686127,1.0,0.8191593289375305,local_success_50,0.0,72.8574686050415,full_action,0.05,4190.0,4069.80078125,949.0,0.5916282534599304
formal,F1,A2,A2,1,0.0041433373698964715,1.0,49.23545455932617,0.02375604782719165,0.002131727524101734,7882,6.305600166320801,0.3839111328125,"[0.0035054509062319994,0.0018787491135299206]",0.6153352856636047,0.15712544322013855,0.15680243074893951,0.15680243074893951,"[{""action_mean_shift"":0.0060696350410580635,""actor_gradient_norm_pre_clip"":9.559053421020508,""behavior_approximate_kl"":0.00688626803457737,""clip_fraction"":0.65252685546875,""epoch"":1,""minibatch"":1,""moving_forward_kl"":0.007882878184318542},{""action_mean_shift"":0.005369423422962427,""actor_gradient_norm_pre_clip"":49.23545455932617,""behavior_approximate_kl"":0.00635073147714138,""clip_fraction"":0.6136474609375,""epoch"":1,""minibatch"":2,""moving_forward_kl"":0.0062824636697769165},{""action_mean_shift"":0.004452084191143513,""actor_gradient_norm_pre_clip"":38.46725845336914,""behavior_approximate_kl"":0.004427386447787285,""clip_fraction"":0.5419921875,""epoch"":1,""minibatch"":3,""moving_forward_kl"":0.004328183364123106},{""action_mean_shift"":0.004022934474050999,""actor_gradient_norm_pre_clip"":29.86512565612793,""behavior_approximate_kl"":0.003714609192684293,""clip_fraction"":0.5040283203125,""epoch"":1,""minibatch"":4,""moving_forward_kl"":0.003509645350277424},{""action_mean_shift"":0.0036865524016320705,""actor_gradient_norm_pre_clip"":25.801105499267578,""behavior_approximate_kl"":0.002700053621083498,""clip_fraction"":0.46063232421875,""epoch"":2,""minibatch"":1,""moving_forward_kl"":0.003035128116607666},{""action_mean_shift"":0.003484820481389761,""actor_gradient_norm_pre_clip"":30.34174919128418,""behavior_approximate_kl"":0.0031737079843878746,""clip_fraction"":0.44329833984375,""epoch"":2,""minibatch"":2,""moving_forward_kl"":0.002678976859897375},{""action_mean_shift"":0.0030936626717448235,""actor_gradient_norm_pre_clip"":30.081941604614258,""behavior_approximate_kl"":0.0023313071578741074,""clip_fraction"":0.39453125,""epoch"":2,""minibatch"":3,""moving_forward_kl"":0.0020591202192008495},{""action_mean_shift"":0.002967586275190115,""actor_gradient_norm_pre_clip"":27.973024368286133,""behavior_approximate_kl"":0.0019158264622092247,""clip_fraction"":0.37774658203125,""epoch"":2,""minibatch"":4,""moving_forward_kl"":0.0018715548794716597}]",0.0018787491135299206,0.2962962962962963,8.007407407407408,-5.363951315703216,0.7037037037037037,e5ef1622ba26d57aa131872ffe32d5f9f24d582fc9f59841901730f281273116,7afed309902a323a43b47005c01529c84160944bb8cea2c45d000b38b18cc099,0.03766440600156784,0.01443640235811472,0.00975565705448389,0.07426431775093079,0.005431049037724733,0.001523370505310595,0.03830891102552414,0.022275511175394058,0.007505505345761776,0.05006382614374161,0.005142747890204191,0.001484241452999413,0.03738795965909958,0.014156467281281948,0.009812241420149803,0.07349208742380142,0.005277310963720083,0.001249907654710114,0.03799394890666008,0.021814173087477684,0.007477804087102413,0.04979197680950165,0.004950487520545721,0.0008547797915525734,0.25,1.0,all_interventions,0.015107131330296397,0.015107131330296397,residual,0.05,7882.0,7728.5595703125,911.0,0.6068989187479019
formal,F1,A2,A2,2,0.002230190293630585,1.0,22.565021514892578,0.017027235124260187,0.0016575483605265617,7991,6.544635772705078,0.2239532470703125,"[0.000993775436654687,0.0009365950245410204]",0.628716230392456,0.16024841368198395,0.16038790345191956,0.16038790345191956,"[{""action_mean_shift"":0.0020539616234600544,""actor_gradient_norm_pre_clip"":11.788198471069336,""behavior_approximate_kl"":0.0008473224006593227,""clip_fraction"":0.21636962890625,""epoch"":1,""minibatch"":1,""moving_forward_kl"":0.0009169046534225345},{""action_mean_shift"":0.0023747107479721308,""actor_gradient_norm_pre_clip"":21.09193229675293,""behavior_approximate_kl"":0.000949850887991488,""clip_fraction"":0.27587890625,""epoch"":1,""minibatch"":2,""moving_forward_kl"":0.001204696949571371},{""action_mean_shift"":0.002366477157920599,""actor_gradient_norm_pre_clip"":22.565021514892578,""behavior_approximate_kl"":0.0014606505865231156,""clip_fraction"":0.2801513671875,""epoch"":1,""minibatch"":3,""moving_forward_kl"":0.0012010327773168683},{""action_mean_shift"":0.002140655182301998,""actor_gradient_norm_pre_clip"":19.64850616455078,""behavior_approximate_kl"":0.0012531967367976904,""clip_fraction"":0.23681640625,""epoch"":1,""minibatch"":4,""moving_forward_kl"":0.0009907413041219115},{""action_mean_shift"":0.0023174851667135954,""actor_gradient_norm_pre_clip"":16.419208526611328,""behavior_approximate_kl"":0.001737705897539854,""clip_fraction"":0.263427734375,""epoch"":2,""minibatch"":1,""moving_forward_kl"":0.0011855645570904016},{""action_mean_shift"":0.0022732459474354982,""actor_gradient_norm_pre_clip"":22.266508102416992,""behavior_approximate_kl"":0.0010062443325296044,""clip_fraction"":0.25799560546875,""epoch"":2,""minibatch"":2,""moving_forward_kl"":0.001126553863286972},{""action_mean_shift"":0.002226539421826601,""actor_gradient_norm_pre_clip"":19.447261810302734,""behavior_approximate_kl"":0.0015731046441942453,""clip_fraction"":0.250732421875,""epoch"":2,""minibatch"":3,""moving_forward_kl"":0.0010604362469166517},{""action_mean_shift"":0.0020884471014142036,""actor_gradient_norm_pre_clip"":19.334182739257812,""behavior_approximate_kl"":0.0021516126580536366,""clip_fraction"":0.22296142578125,""epoch"":2,""minibatch"":4,""moving_forward_kl"":0.0009327663574367762}]",0.0009365950245410204,0.28125,8.1328125,-6.162422671914101,0.71875,c4fc34b03d575d78590e31c2414bdfb57050a10caa019be4e8c0cb11d0f06a7d,e5ef1622ba26d57aa131872ffe32d5f9f24d582fc9f59841901730f281273116,0.03867940232157707,0.01795031689107418,0.0119602857157588,0.07666841149330139,0.006768621504306793,0.0018558241426944733,0.03735097870230675,0.022846341133117676,0.007765413261950016,0.04848350211977959,0.005423151422291994,0.0011765712406486273,0.038714129477739334,0.017581388354301453,0.011804264038801193,0.0763668566942215,0.005823289975523949,0.0015617565950378776,0.03708403930068016,0.022196464240550995,0.007705783471465111,0.048440396785736084,0.004674654453992844,0.0008385663968510926,0.25,1.0,all_interventions,0.01590089127421379,0.01590089127421379,residual,0.05,7991.0,7826.82421875,950.0,0.7568453624844551
formal,F1,A2,A2,3,0.0018516633426770568,1.0,27.87440299987793,0.016076332074590027,0.0010552164167165756,7977,6.427880764007568,0.1537017822265625,"[0.0007684826850891113,0.0006504148477688432]",0.6176939606666565,0.15727883577346802,0.1576787233352661,0.1576787233352661,"[{""action_mean_shift"":0.0014402430970221758,""actor_gradient_norm_pre_clip"":10.44886302947998,""behavior_approximate_kl"":0.00036864128196612,""clip_fraction"":0.0986328125,""epoch"":1,""minibatch"":1,""moving_forward_kl"":0.00045520614366978407},{""action_mean_shift"":0.0020320271141827106,""actor_gradient_norm_pre_clip"":20.338693618774414,""behavior_approximate_kl"":0.0010166767751798034,""clip_fraction"":0.21942138671875,""epoch"":1,""minibatch"":2,""moving_forward_kl"":0.0008677636506035924},{""action_mean_shift"":0.002098415046930313,""actor_gradient_norm_pre_clip"":27.87440299987793,""behavior_approximate_kl"":0.0010717452969402075,""clip_fraction"":0.2318115234375,""epoch"":1,""minibatch"":3,""moving_forward_kl"":0.000916278688237071},{""action_mean_shift"":0.0018846041057258844,""actor_gradient_norm_pre_clip"":24.943073272705078,""behavior_approximate_kl"":0.00034513926948420703,""clip_fraction"":0.177001953125,""epoch"":1,""minibatch"":4,""moving_forward_kl"":0.0007735628169029951},{""action_mean_shift"":0.0017774247098714113,""actor_gradient_norm_pre_clip"":16.161073684692383,""behavior_approximate_kl"":0.001203086692839861,""clip_fraction"":0.158447265625,""epoch"":2,""minibatch"":1,""moving_forward_kl"":0.0007068475824780762},{""action_mean_shift"":0.0019084245432168245,""actor_gradient_norm_pre_clip"":14.545669555664062,""behavior_approximate_kl"":0.000767363584600389,""clip_fraction"":0.1888427734375,""epoch"":2,""minibatch"":2,""moving_forward_kl"":0.0007795152487233281},{""action_mean_shift"":0.0019175847992300987,""actor_gradient_norm_pre_clip"":20.546815872192383,""behavior_approximate_kl"":0.0011773440055549145,""clip_fraction"":0.1888427734375,""epoch"":2,""minibatch"":3,""moving_forward_kl"":0.0007754246471449733},{""action_mean_shift"":0.0017545833252370358,""actor_gradient_norm_pre_clip"":20.28640365600586,""behavior_approximate_kl"":0.0007199546089395881,""clip_fraction"":0.15380859375,""epoch"":2,""minibatch"":4,""moving_forward_kl"":0.0006474144174717367}]",0.0006504148477688432,0.27906976744186046,8.093023255813954,-5.599236606627471,0.7209302325581395,8845c9bef08b13a3805faf446456f277d33093ed0efa5c5f58ad06a46e031aa0,c4fc34b03d575d78590e31c2414bdfb57050a10caa019be4e8c0cb11d0f06a7d,0.03571951389312744,0.015409844927489758,0.009364539757370949,0.07180707901716232,0.005597012583166361,0.0014803679659962654,0.0396641343832016,0.02318623848259449,0.008314111270010471,0.051762714982032776,0.005473307333886623,0.0010627148440107703,0.035678766667842865,0.015283352695405483,0.00918489322066307,0.0718178078532219,0.005179813597351313,0.0011498669628053904,0.039453182369470596,0.02325402945280075,0.00800112634897232,0.05158326029777527,0.005266900639981031,0.0009089593077078462,0.25,1.0,all_interventions,0.015369369415566325,0.015369369415566325,residual,0.05,7977.0,7808.05078125,890.0,0.5496852099895477
formal,F1,A2,A2,4,0.0016949117998592556,1.0,21.427675247192383,0.014897590386681259,0.0009581221966072917,7752,6.1621623039245605,0.16900634765625,"[0.0006377435638569295,0.000724016921594739]",0.6007526516914368,0.15270566940307617,0.1532188206911087,0.1532188206911087,"[{""action_mean_shift"":0.0010847109369933605,""actor_gradient_norm_pre_clip"":11.569075584411621,""behavior_approximate_kl"":0.00034138732007704675,""clip_fraction"":0.0467529296875,""epoch"":1,""minibatch"":1,""moving_forward_kl"":0.0002754901652224362},{""action_mean_shift"":0.0017392764566466212,""actor_gradient_norm_pre_clip"":14.173752784729004,""behavior_approximate_kl"":0.001157895429059863,""clip_fraction"":0.15386962890625,""epoch"":1,""minibatch"":2,""moving_forward_kl"":0.000665573519654572},{""action_mean_shift"":0.0017410232685506344,""actor_gradient_norm_pre_clip"":21.427675247192383,""behavior_approximate_kl"":0.0009608123800717294,""clip_fraction"":0.1485595703125,""epoch"":1,""minibatch"":3,""moving_forward_kl"":0.000658051751088351},{""action_mean_shift"":0.0017419913783669472,""actor_gradient_norm_pre_clip"":17.680421829223633,""behavior_approximate_kl"":0.0005465750582516193,""clip_fraction"":0.14752197265625,""epoch"":1,""minibatch"":4,""moving_forward_kl"":0.0006401680293492973},{""action_mean_shift"":0.0017771560233086348,""actor_gradient_norm_pre_clip"":14.138581275939941,""behavior_approximate_kl"":0.0010740156285464764,""clip_fraction"":0.156005859375,""epoch"":2,""minibatch"":1,""moving_forward_kl"":0.0006746661965735257},{""action_mean_shift"":0.0017409087158739567,""actor_gradient_norm_pre_clip"":16.74496078491211,""behavior_approximate_kl"":0.0007752273231744766,""clip_fraction"":0.1502685546875,""epoch"":2,""minibatch"":2,""moving_forward_kl"":0.0006503316108137369},{""action_mean_shift"":0.001897428766824305,""actor_gradient_norm_pre_clip"":16.327896118164062,""behavior_approximate_kl"":0.000581619213335216,""clip_fraction"":0.1785888671875,""epoch"":2,""minibatch"":3,""moving_forward_kl"":0.000776998233050108},{""action_mean_shift"":0.0018367988523095846,""actor_gradient_norm_pre_clip"":21.273216247558594,""behavior_approximate_kl"":0.001040264149196446,""clip_fraction"":0.17095947265625,""epoch"":2,""minibatch"":4,""moving_forward_kl"":0.0007248841575346887}]",0.000724016921594739,0.3037037037037037,7.940740740740741,-5.070245156464753,0.6962962962962963,43c3520fab0445d29f6bb8c65791efb79383d2a301524ba5b30f41605779e2c1,8845c9bef08b13a3805faf446456f277d33093ed0efa5c5f58ad06a46e031aa0,0.03576333448290825,0.014046589843928814,0.00951986014842987,0.07276343554258347,0.004850162658840418,0.0013984962133690715,0.038160666823387146,0.020516766235232353,0.006542265880852938,0.04989049583673477,0.005558521021157503,0.0009202891960740089,0.0356401689350605,0.01361546479165554,0.009289327077567577,0.07289092242717743,0.00467569287866354,0.0011216619750484824,0.03832879662513733,0.02027745358645916,0.006489302963018417,0.0497957319021225,0.00494683301076293,0.0007124246913008392,0.25,1.0,all_interventions,0.014669579453766346,0.014669579453766346,residual,0.05,7752.0,7594.3779296875,833.0,0.5350007489323616
formal,F1,A2,A2,5,0.0016899909969652072,1.0,22.140254974365234,0.01501457265112549,0.000572389573790133,7935,6.39919376373291,0.12713623046875,"[0.0005681327311322093,0.0005552611546590924]",0.5990132689476013,0.15314677357673645,0.15313468873500824,0.15313468873500824,"[{""action_mean_shift"":0.0013341318117454648,""actor_gradient_norm_pre_clip"":10.371014595031738,""behavior_approximate_kl"":0.00033225753577426076,""clip_fraction"":0.07568359375,""epoch"":1,""minibatch"":1,""moving_forward_kl"":0.0003881391021423042},{""action_mean_shift"":0.0017987744649872184,""actor_gradient_norm_pre_clip"":16.46352195739746,""behavior_approximate_kl"":0.0009395706583745778,""clip_fraction"":0.16729736328125,""epoch"":1,""minibatch"":2,""moving_forward_kl"":0.0007002264028415084},{""action_mean_shift"":0.001762227970175445,""actor_gradient_norm_pre_clip"":19.057374954223633,""behavior_approximate_kl"":0.0009421482100151479,""clip_fraction"":0.15948486328125,""epoch"":1,""minibatch"":3,""moving_forward_kl"":0.000669164932332933},{""action_mean_shift"":0.001607552170753479,""actor_gradient_norm_pre_clip"":16.055692672729492,""behavior_approximate_kl"":0.0008297279709950089,""clip_fraction"":0.12481689453125,""epoch"":1,""minibatch"":4,""moving_forward_kl"":0.0005643625045195222},{""action_mean_shift"":0.0017467945581302047,""actor_gradient_norm_pre_clip"":14.172666549682617,""behavior_approximate_kl"":0.0010238424874842167,""clip_fraction"":0.15716552734375,""epoch"":2,""minibatch"":1,""moving_forward_kl"":0.0006500115850940347},{""action_mean_shift"":0.0019134033937007189,""actor_gradient_norm_pre_clip"":16.980253219604492,""behavior_approximate_kl"":0.0012824473669752479,""clip_fraction"":0.18798828125,""epoch"":2,""minibatch"":2,""moving_forward_kl"":0.0007815433200448751},{""action_mean_shift"":0.0017386385006830096,""actor_gradient_norm_pre_clip"":22.140254974365234,""behavior_approximate_kl"":0.000728833838365972,""clip_fraction"":0.15283203125,""epoch"":2,""minibatch"":3,""moving_forward_kl"":0.0006561680929735303},{""action_mean_shift"":0.0016184051055461168,""actor_gradient_norm_pre_clip"":17.568361282348633,""behavior_approximate_kl"":0.0004672270442824811,""clip_fraction"":0.12744140625,""epoch"":2,""minibatch"":4,""moving_forward_kl"":0.0005552060320042074}]",0.0005552611546590924,0.3383458646616541,7.7894736842105265,-5.766486788154545,0.6616541353383458,94974af34bfb6457159aab1b8d8846c24cb9161ad7b68b4a79d6ebbe619ecd28,43c3520fab0445d29f6bb8c65791efb79383d2a301524ba5b30f41605779e2c1,0.03562668338418007,0.013257631100714207,0.008231263607740402,0.07041668891906738,0.004869241267442703,0.0011449470184743404,0.03958810865879059,0.022446487098932266,0.007098681293427944,0.05137336999177933,0.005347369238734245,0.0008135742391459644,0.035464975982904434,0.012958998791873455,0.0082454364746809,0.07035988569259644,0.004585369024425745,0.0010049554985016584,0.03929829224944115,0.022304175421595573,0.0069641293957829475,0.05113127827644348,0.004980707541108131,0.0007700826972723007,0.25,1.0,all_interventions,0.014704029890708625,0.014704029890708625,residual,0.05,7935.0,7755.21875,896.0,0.490355484187603
formal,F1,A2,A2,6,0.0017123683064710349,1.0,22.048654556274414,0.014967874391004443,0.0007893586298450828,7852,6.2866291999816895,0.1470184326171875,"[0.0005746853421442211,0.0006329309544526041]",0.596362292766571,0.1517883986234665,0.152191162109375,0.152191162109375,"[{""action_mean_shift"":0.001268760534003377,""actor_gradient_norm_pre_clip"":10.326371192932129,""behavior_approximate_kl"":0.00036262997309677303,""clip_fraction"":0.0599365234375,""epoch"":1,""minibatch"":1,""moving_forward_kl"":0.00034546098322607577},{""action_mean_shift"":0.0019072798313573003,""actor_gradient_norm_pre_clip"":14.429680824279785,""behavior_approximate_kl"":0.0002416031202301383,""clip_fraction"":0.184326171875,""epoch"":1,""minibatch"":2,""moving_forward_kl"":0.0007824846543371677},{""action_mean_shift"":0.0019135922193527222,""actor_gradient_norm_pre_clip"":22.048654556274414,""behavior_approximate_kl"":0.0006886760820634663,""clip_fraction"":0.1888427734375,""epoch"":1,""minibatch"":3,""moving_forward_kl"":0.0007829052046872675},{""action_mean_shift"":0.0016474454896524549,""actor_gradient_norm_pre_clip"":21.23037338256836,""behavior_approximate_kl"":0.0004666194727178663,""clip_fraction"":0.12689208984375,""epoch"":1,""minibatch"":4,""moving_forward_kl"":0.000576301128603518},{""action_mean_shift"":0.0015982682816684246,""actor_gradient_norm_pre_clip"":15.263930320739746,""behavior_approximate_kl"":0.0005809441208839417,""clip_fraction"":0.12603759765625,""epoch"":2,""minibatch"":1,""moving_forward_kl"":0.0005406528362073004},{""action_mean_shift"":0.0017613924574106932,""actor_gradient_norm_pre_clip"":14.85230541229248,""behavior_approximate_kl"":0.0014299142640084028,""clip_fraction"":0.1553955078125,""epoch"":2,""minibatch"":2,""moving_forward_kl"":0.0006493495311588049},{""action_mean_shift"":0.0018995385617017746,""actor_gradient_norm_pre_clip"":20.642608642578125,""behavior_approximate_kl"":0.0007410509278997779,""clip_fraction"":0.1854248046875,""epoch"":2,""minibatch"":3,""moving_forward_kl"":0.0007526773260906339},{""action_mean_shift"":0.0017026690766215324,""actor_gradient_norm_pre_clip"":21.933212280273438,""behavior_approximate_kl"":0.0006056088022887707,""clip_fraction"":0.14471435546875,""epoch"":2,""minibatch"":4,""moving_forward_kl"":0.0006324382266029716}]",0.0006329309544526041,0.2692307692307692,8.246153846153845,-5.050759964722854,0.7307692307692307,e9fa1f6cfc2468a8bc86427ff60a30f6a838ee612ceddead273603df1573ae66,94974af34bfb6457159aab1b8d8846c24cb9161ad7b68b4a79d6ebbe619ecd28,0.03581695258617401,0.014391064643859863,0.009501400403678417,0.07195042073726654,0.005124150309711695,0.0013816215796396136,0.03778015077114105,0.01978154480457306,0.006859258748590946,0.0489506833255291,0.0052011567167937756,0.000902148662135005,0.035738732665777206,0.014179808087646961,0.009257292374968529,0.07214325666427612,0.004872854333370924,0.0011559941340237856,0.03739337623119354,0.019898151978850365,0.006742009427398443,0.048963602632284164,0.004826679360121489,0.0007311234367080033,0.25,1.0,all_interventions,0.014507351210340858,0.014507351210340858,residual,0.05,7852.0,7687.556640625,933.0,0.39234406501054764
formal,F1,A2,A2,7,0.00162252809968777,1.0,22.000633239746094,0.014372041914612055,0.0009749354794621468,7788,6.3163018226623535,0.121246337890625,"[0.0006511773681268096,0.0005529061891138554]",0.5863294005393982,0.14855217933654785,0.14948049187660217,0.14948049187660217,"[{""action_mean_shift"":0.0012795033399015665,""actor_gradient_norm_pre_clip"":11.315572738647461,""behavior_approximate_kl"":0.0005029506282880902,""clip_fraction"":0.06781005859375,""epoch"":1,""minibatch"":1,""moving_forward_kl"":0.0003547939704731107},{""action_mean_shift"":0.0017243982292711735,""actor_gradient_norm_pre_clip"":15.115659713745117,""behavior_approximate_kl"":0.0006073454860597849,""clip_fraction"":0.15740966796875,""epoch"":1,""minibatch"":2,""moving_forward_kl"":0.0006270745070651174},{""action_mean_shift"":0.0017001803498715162,""actor_gradient_norm_pre_clip"":20.889223098754883,""behavior_approximate_kl"":0.0004931202274747193,""clip_fraction"":0.145751953125,""epoch"":1,""minibatch"":3,""moving_forward_kl"":0.0005965466843917966},{""action_mean_shift"":0.0017580246785655618,""actor_gradient_norm_pre_clip"":22.000633239746094,""behavior_approximate_kl"":0.0007318474818021059,""clip_fraction"":0.15789794921875,""epoch"":1,""minibatch"":4,""moving_forward_kl"":0.0006516110152006149},{""action_mean_shift"":0.0015833628131076694,""actor_gradient_norm_pre_clip"":20.117223739624023,""behavior_approximate_kl"":0.0006975074065849185,""clip_fraction"":0.12225341796875,""epoch"":2,""minibatch"":1,""moving_forward_kl"":0.0005262083141133189},{""action_mean_shift"":0.0017129301559180021,""actor_gradient_norm_pre_clip"":17.000654220581055,""behavior_approximate_kl"":0.0012185644591227174,""clip_fraction"":0.14276123046875,""epoch"":2,""minibatch"":2,""moving_forward_kl"":0.0006384162697941065},{""action_mean_shift"":0.0016330536454916,""actor_gradient_norm_pre_clip"":21.235374450683594,""behavior_approximate_kl"":0.0009853679221123457,""clip_fraction"":0.132080078125,""epoch"":2,""minibatch"":3,""moving_forward_kl"":0.0005682399496436119},{""action_mean_shift"":0.0015887715853750706,""actor_gradient_norm_pre_clip"":17.43039321899414,""behavior_approximate_kl"":0.0008043632842600346,""clip_fraction"":0.12152099609375,""epoch"":2,""minibatch"":4,""moving_forward_kl"":0.0005527064786292613}]",0.0005529061891138554,0.26153846153846155,8.215384615384615,-4.708432914660527,0.7384615384615385,920edfc56cad4f4696d76ec9416d1f0a1137109fd3a243d96f1a413e53f833e7,e9fa1f6cfc2468a8bc86427ff60a30f6a838ee612ceddead273603df1573ae66,0.035708267241716385,0.01287749595940113,0.00850509200245142,0.07189671695232391,0.004657143261283636,0.0011337392497807741,0.03691476956009865,0.019294926896691322,0.006253809668123722,0.048259589821100235,0.0054125702008605,0.00078247842611745,0.03581655025482178,0.012717481702566147,0.008386804722249508,0.07223125547170639,0.004644016735255718,0.0010181227698922157,0.036686379462480545,0.019296972081065178,0.005996812600642443,0.04843667522072792,0.004688360262662172,0.0006378520629368722,0.25,0.9999999403953552,all_interventions,0.014121701708063483,0.014121701708063483,residual,0.05,7788.0,7632.5556640625,868.0,0.34062422066926956
formal,F1,A2,A2,8,0.0016720156418159604,1.0,19.898242950439453,0.01427785080159083,0.0008823676034808159,7628,6.087789535522461,0.138092041015625,"[0.0006555847357958555,0.0005838649813085794]",0.5815959572792053,0.1482706069946289,0.14859573543071747,0.14859573543071747,"[{""action_mean_shift"":0.0015074241673573852,""actor_gradient_norm_pre_clip"":9.983802795410156,""behavior_approximate_kl"":0.0007456420571543276,""clip_fraction"":0.11688232421875,""epoch"":1,""minibatch"":1,""moving_forward_kl"":0.0005290262633934617},{""action_mean_shift"":0.001658196677453816,""actor_gradient_norm_pre_clip"":19.79688262939453,""behavior_approximate_kl"":0.00029086420545354486,""clip_fraction"":0.14306640625,""epoch"":1,""minibatch"":2,""moving_forward_kl"":0.0005822114180773497},{""action_mean_shift"":0.0016821178141981363,""actor_gradient_norm_pre_clip"":19.898242950439453,""behavior_approximate_kl"":0.0008502225391566753,""clip_fraction"":0.14215087890625,""epoch"":1,""minibatch"":3,""moving_forward_kl"":0.0005959025002084672},{""action_mean_shift"":0.0017711599357426167,""actor_gradient_norm_pre_clip"":18.60209083557129,""behavior_approximate_kl"":0.0008219726150855422,""clip_fraction"":0.1571044921875,""epoch"":1,""minibatch"":4,""moving_forward_kl"":0.0006578303291462362},{""action_mean_shift"":0.0016905567608773708,""actor_gradient_norm_pre_clip"":18.440675735473633,""behavior_approximate_kl"":0.0009679864160716534,""clip_fraction"":0.146728515625,""epoch"":2,""minibatch"":1,""moving_forward_kl"":0.0006073752301745117},{""action_mean_shift"":0.0017711438704282045,""actor_gradient_norm_pre_clip"":14.9877290725708,""behavior_approximate_kl"":0.0008352948352694511,""clip_fraction"":0.16156005859375,""epoch"":2,""minibatch"":2,""moving_forward_kl"":0.0006771916523575783},{""action_mean_shift"":0.0016282966826111078,""actor_gradient_norm_pre_clip"":16.54826545715332,""behavior_approximate_kl"":0.0009387676254846156,""clip_fraction"":0.1251220703125,""epoch"":2,""minibatch"":3,""moving_forward_kl"":0.0005512771895155311},{""action_mean_shift"":0.001667229225859046,""actor_gradient_norm_pre_clip"":16.49287223815918,""behavior_approximate_kl"":0.0006822638097219169,""clip_fraction"":0.134033203125,""epoch"":2,""minibatch"":4,""moving_forward_kl"":0.000580752152018249}]",0.0005838649813085794,0.2265625,8.4140625,-4.371199660003185,0.7734375,adeb5c6c0afc9d58b7881636e51c3970f91cacefd981eaba3634f413f8866f60,920edfc56cad4f4696d76ec9416d1f0a1137109fd3a243d96f1a413e53f833e7,0.03447504714131355,0.013699539937078953,0.00940332468599081,0.07039419561624527,0.004832460079342127,0.0013684793375432491,0.03717609494924545,0.020344682037830353,0.00621884735301137,0.04902314767241478,0.005037044174969196,0.0009386733872815967,0.03455827385187149,0.013470932841300964,0.009315638802945614,0.07012353092432022,0.004306943621486425,0.0011261736508458853,0.037054695188999176,0.01995084062218666,0.0060165091417729855,0.04908542335033417,0.004716827999800444,0.0006573137943632901,0.25,1.0,all_interventions,0.014039859524928033,0.014039859524928033,residual,0.05,7628.0,7459.0185546875,921.0,0.341592513024807
formal,F2,A0,A0,1,0.005457515246234834,1.0,61.4034309387207,0.013998914160765707,0.00315907783806324,8541,6.800159454345703,0.474578857421875,"[0.005746105685830116,0.0030499459244310856]",0.6184837222099304,0.0,0.0,0.0,"[{""action_mean_shift"":0.00901451800018549,""actor_gradient_norm_pre_clip"":11.28829288482666,""behavior_approximate_kl"":0.01744617149233818,""clip_fraction"":0.76092529296875,""epoch"":1,""minibatch"":1,""moving_forward_kl"":0.017361897975206375},{""action_mean_shift"":0.007121248170733452,""actor_gradient_norm_pre_clip"":61.4034309387207,""behavior_approximate_kl"":0.00977526605129242,""clip_fraction"":0.70819091796875,""epoch"":1,""minibatch"":2,""moving_forward_kl"":0.01078033447265625},{""action_mean_shift"":0.005518227815628052,""actor_gradient_norm_pre_clip"":50.089717864990234,""behavior_approximate_kl"":0.0052849529311060905,""clip_fraction"":0.62689208984375,""epoch"":1,""minibatch"":3,""moving_forward_kl"":0.0064580668695271015},{""action_mean_shift"":0.005131554789841175,""actor_gradient_norm_pre_clip"":40.05967712402344,""behavior_approximate_kl"":0.006075646728277206,""clip_fraction"":0.60003662109375,""epoch"":1,""minibatch"":4,""moving_forward_kl"":0.005754752084612846},{""action_mean_shift"":0.004828088916838169,""actor_gradient_norm_pre_clip"":41.971229553222656,""behavior_approximate_kl"":0.00640789233148098,""clip_fraction"":0.562255859375,""epoch"":2,""minibatch"":1,""moving_forward_kl"":0.005287854932248592},{""action_mean_shift"":0.004469171166419983,""actor_gradient_norm_pre_clip"":42.44611740112305,""behavior_approximate_kl"":0.003991532605141401,""clip_fraction"":0.55364990234375,""epoch"":2,""minibatch"":2,""moving_forward_kl"":0.004367387387901545},{""action_mean_shift"":0.0038376753218472004,""actor_gradient_norm_pre_clip"":38.8636360168457,""behavior_approximate_kl"":0.0034691565670073032,""clip_fraction"":0.48809814453125,""epoch"":2,""minibatch"":3,""moving_forward_kl"":0.0031620608642697334},{""action_mean_shift"":0.003739637788385153,""actor_gradient_norm_pre_clip"":32.58488082885742,""behavior_approximate_kl"":0.003537979442626238,""clip_fraction"":0.4722900390625,""epoch"":2,""minibatch"":4,""moving_forward_kl"":0.0030611599795520306}]",0.0030499459244310856,0.3333333333333333,7.9523809523809526,-6.912893355838836,0.6666666666666666,226959df1ce9134195db77fa08f1d23519986f7838f4de640ee7814ef9e5064d,7afed309902a323a43b47005c01529c84160944bb8cea2c45d000b38b18cc099,0.0,0.0,0.0,0.0,0.0,0.0,0.0,0.0,0.0,0.0,0.0,0.0,0.0,0.0,0.0,0.0,0.0,0.0,0.0,0.0,0.0,0.0,0.0,0.0,0.0,0.0,none,0.0,0.0,none,0.05,0.0,0.0,946.0,0.6783681735396385
formal,F2,A0,A0,2,0.0027188033855054528,1.0,38.5709114074707,0.003296760667581111,0.0014907682780176401,8252,6.518167495727539,0.2599639892578125,"[0.001448261784389615,0.0011111123021692038]",0.617558479309082,0.0,0.0,0.0,"[{""action_mean_shift"":0.002940424485132098,""actor_gradient_norm_pre_clip"":10.106266021728516,""behavior_approximate_kl"":0.0033185300417244434,""clip_fraction"":0.3623046875,""epoch"":1,""minibatch"":1,""moving_forward_kl"":0.001989091048017144},{""action_mean_shift"":0.0033993907272815704,""actor_gradient_norm_pre_clip"":36.88671875,""behavior_approximate_kl"":0.0033778136130422354,""clip_fraction"":0.41009521484375,""epoch"":1,""minibatch"":2,""moving_forward_kl"":0.0026567147579044104},{""action_mean_shift"":0.0028244657441973686,""actor_gradient_norm_pre_clip"":38.5709114074707,""behavior_approximate_kl"":0.001979006454348564,""clip_fraction"":0.33184814453125,""epoch"":1,""minibatch"":3,""moving_forward_kl"":0.0018881803844124079},{""action_mean_shift"":0.002546482952311635,""actor_gradient_norm_pre_clip"":30.706396102905273,""behavior_approximate_kl"":0.0009312127949669957,""clip_fraction"":0.2979736328125,""epoch"":1,""minibatch"":4,""moving_forward_kl"":0.001448997762054205},{""action_mean_shift"":0.002407243475317955,""actor_gradient_norm_pre_clip"":24.79168701171875,""behavior_approximate_kl"":0.001259319018572569,""clip_fraction"":0.28656005859375,""epoch"":2,""minibatch"":1,""moving_forward_kl"":0.0012515583075582981},{""action_mean_shift"":0.002656928263604641,""actor_gradient_norm_pre_clip"":29.20736312866211,""behavior_approximate_kl"":0.002281483728438616,""clip_fraction"":0.3214111328125,""epoch"":2,""minibatch"":2,""moving_forward_kl"":0.0015529919182881713},{""action_mean_shift"":0.002684850711375475,""actor_gradient_norm_pre_clip"":32.44023895263672,""behavior_approximate_kl"":0.0018072716193273664,""clip_fraction"":0.33282470703125,""epoch"":2,""minibatch"":3,""moving_forward_kl"":0.001530463108792901},{""action_mean_shift"":0.002290640724822879,""actor_gradient_norm_pre_clip"":30.274147033691406,""behavior_approximate_kl"":0.0014057764783501625,""clip_fraction"":0.258544921875,""epoch"":2,""minibatch"":4,""moving_forward_kl"":0.0011122579453513026}]",0.0011111123021692038,0.272,8.208,-5.7630775451660154,0.728,393a3bb72e8a2c39c0f07657ef7b0eb7a11e0c850551864684f77897f50e054e,226959df1ce9134195db77fa08f1d23519986f7838f4de640ee7814ef9e5064d,0.0,0.0,0.0,0.0,0.0,0.0,0.0,0.0,0.0,0.0,0.0,0.0,0.0,0.0,0.0,0.0,0.0,0.0,0.0,0.0,0.0,0.0,0.0,0.0,0.0,0.0,none,0.0,0.0,none,0.05,0.0,0.0,898.0,0.5425304099917412
formal,F2,A0,A0,3,0.001753468983224593,1.0,22.844282150268555,0.0003638104535639286,0.0011954691726714373,8285,6.627999782562256,0.1488800048828125,"[0.0006413327064365149,0.0006627322873100638]",0.6258649230003357,0.0,0.0,0.0,"[{""action_mean_shift"":0.001590014435350895,""actor_gradient_norm_pre_clip"":11.165071487426758,""behavior_approximate_kl"":0.00045434528146870434,""clip_fraction"":0.1370849609375,""epoch"":1,""minibatch"":1,""moving_forward_kl"":0.0005515756784006953},{""action_mean_shift"":0.0018686640542000532,""actor_gradient_norm_pre_clip"":22.844282150268555,""behavior_approximate_kl"":0.0009082937613129616,""clip_fraction"":0.18499755859375,""epoch"":1,""minibatch"":2,""moving_forward_kl"":0.0007351857493631542},{""action_mean_shift"":0.0017458349466323853,""actor_gradient_norm_pre_clip"":21.11485481262207,""behavior_approximate_kl"":0.0007707838667556643,""clip_fraction"":0.15838623046875,""epoch"":1,""minibatch"":3,""moving_forward_kl"":0.0006637779297307134},{""action_mean_shift"":0.0017146930331364274,""actor_gradient_norm_pre_clip"":19.920047760009766,""behavior_approximate_kl"":0.0001601208932697773,""clip_fraction"":0.1439208984375,""epoch"":1,""minibatch"":4,""moving_forward_kl"":0.000638446828816086},{""action_mean_shift"":0.0017042215913534164,""actor_gradient_norm_pre_clip"":19.090740203857422,""behavior_approximate_kl"":0.0007718941196799278,""clip_fraction"":0.1483154296875,""epoch"":2,""minibatch"":1,""moving_forward_kl"":0.0006371578201651573},{""action_mean_shift"":0.0018427588511258364,""actor_gradient_norm_pre_clip"":16.077680587768555,""behavior_approximate_kl"":0.0007183070993050933,""clip_fraction"":0.17596435546875,""epoch"":2,""minibatch"":2,""moving_forward_kl"":0.0007340178708545864},{""action_mean_shift"":0.0018519009463489056,""actor_gradient_norm_pre_clip"":18.835350036621094,""behavior_approximate_kl"":0.0009745369898155332,""clip_fraction"":0.17230224609375,""epoch"":2,""minibatch"":3,""moving_forward_kl"":0.0007597379153594375},{""action_mean_shift"":0.0017096640076488256,""actor_gradient_norm_pre_clip"":20.05038833618164,""behavior_approximate_kl"":0.0013722989242523909,""clip_fraction"":0.1513671875,""epoch"":2,""minibatch"":4,""moving_forward_kl"":0.0006604621303267777}]",0.0006627322873100638,0.29457364341085274,8.108527131782946,-6.724172285360884,0.7054263565891473,c3842148d3e16db50204c334b12f8fb86cbedecd569ceb432fa0c9f2733fb5c8,393a3bb72e8a2c39c0f07657ef7b0eb7a11e0c850551864684f77897f50e054e,0.0,0.0,0.0,0.0,0.0,0.0,0.0,0.0,0.0,0.0,0.0,0.0,0.0,0.0,0.0,0.0,0.0,0.0,0.0,0.0,0.0,0.0,0.0,0.0,0.0,0.0,none,0.0,0.0,none,0.05,0.0,0.0,900.0,0.5638244077563286
formal,F2,A0,A0,4,0.001693429847364314,1.0,23.754117965698242,0.0004691463109338656,0.0007996550993993878,8765,7.131814479827881,0.11639404296875,"[0.0006372234784066677,0.0005296635208651423]",0.6382430791854858,0.0,0.0,0.0,"[{""action_mean_shift"":0.0015180567279458046,""actor_gradient_norm_pre_clip"":12.278027534484863,""behavior_approximate_kl"":0.0007632903871126473,""clip_fraction"":0.11651611328125,""epoch"":1,""minibatch"":1,""moving_forward_kl"":0.0004957091296091676},{""action_mean_shift"":0.0018481342121958733,""actor_gradient_norm_pre_clip"":18.387372970581055,""behavior_approximate_kl"":0.0006309474119916558,""clip_fraction"":0.178955078125,""epoch"":1,""minibatch"":2,""moving_forward_kl"":0.0007303135935217142},{""action_mean_shift"":0.001861671218648553,""actor_gradient_norm_pre_clip"":23.754117965698242,""behavior_approximate_kl"":5.4895805078558624e-05,""clip_fraction"":0.17388916015625,""epoch"":1,""minibatch"":3,""moving_forward_kl"":0.0007423849310725927},{""action_mean_shift"":0.0017263200134038925,""actor_gradient_norm_pre_clip"":22.103275299072266,""behavior_approximate_kl"":0.0007108253194019198,""clip_fraction"":0.149169921875,""epoch"":1,""minibatch"":4,""moving_forward_kl"":0.000637681339867413},{""action_mean_shift"":0.0015130150131881237,""actor_gradient_norm_pre_clip"":18.32463836669922,""behavior_approximate_kl"":0.00047639344120398164,""clip_fraction"":0.1025390625,""epoch"":2,""minibatch"":1,""moving_forward_kl"":0.0004915861645713449},{""action_mean_shift"":0.0018050896469503641,""actor_gradient_norm_pre_clip"":16.322240829467773,""behavior_approximate_kl"":0.0009106462821364403,""clip_fraction"":0.1658935546875,""epoch"":2,""minibatch"":2,""moving_forward_kl"":0.0006973063573241234},{""action_mean_shift"":0.0017054296331480145,""actor_gradient_norm_pre_clip"":20.81170654296875,""behavior_approximate_kl"":0.0012789566535502672,""clip_fraction"":0.14697265625,""epoch"":2,""minibatch"":3,""moving_forward_kl"":0.0006199841154739261},{""action_mean_shift"":0.0015697223134338856,""actor_gradient_norm_pre_clip"":18.16988754272461,""behavior_approximate_kl"":0.0008411051821894944,""clip_fraction"":0.11529541015625,""epoch"":2,""minibatch"":4,""moving_forward_kl"":0.000528104486875236}]",0.0005296635208651423,0.41911764705882354,7.426470588235294,-8.167382534812479,0.5808823529411765,791ea9e917694b7d1a9e0e74a60164903a667029f799ef16435e75ce36143d85,c3842148d3e16db50204c334b12f8fb86cbedecd569ceb432fa0c9f2733fb5c8,0.0,0.0,0.0,0.0,0.0,0.0,0.0,0.0,0.0,0.0,0.0,0.0,0.0,0.0,0.0,0.0,0.0,0.0,0.0,0.0,0.0,0.0,0.0,0.0,0.0,0.0,none,0.0,0.0,none,0.05,0.0,0.0,903.0,0.6283586174249649
formal,F2,A0,A0,5,0.001691920930170454,1.0,22.718421936035156,0.00011741294292733073,0.0009139328030869365,8547,6.977142810821533,0.15704345703125,"[0.0006259928341023624,0.0006594962324015796]",0.6419526934623718,0.0,0.0,0.0,"[{""action_mean_shift"":0.001153511693701148,""actor_gradient_norm_pre_clip"":9.82941722869873,""behavior_approximate_kl"":0.00041680148569867015,""clip_fraction"":0.0482177734375,""epoch"":1,""minibatch"":1,""moving_forward_kl"":0.00028726301388815045},{""action_mean_shift"":0.0019271355122327805,""actor_gradient_norm_pre_clip"":14.507484436035156,""behavior_approximate_kl"":0.0004701859434135258,""clip_fraction"":0.19683837890625,""epoch"":1,""minibatch"":2,""moving_forward_kl"":0.000794062449131161},{""action_mean_shift"":0.0019107275875285268,""actor_gradient_norm_pre_clip"":22.718421936035156,""behavior_approximate_kl"":0.0007557936478406191,""clip_fraction"":0.19525146484375,""epoch"":1,""minibatch"":3,""moving_forward_kl"":0.0007766509079374373},{""action_mean_shift"":0.001706158509477973,""actor_gradient_norm_pre_clip"":18.40486717224121,""behavior_approximate_kl"":0.0010764836333692074,""clip_fraction"":0.14605712890625,""epoch"":1,""minibatch"":4,""moving_forward_kl"":0.0006241012015379965},{""action_mean_shift"":0.0017476619686931372,""actor_gradient_norm_pre_clip"":15.923887252807617,""behavior_approximate_kl"":0.0010374347912147641,""clip_fraction"":0.16064453125,""epoch"":2,""minibatch"":1,""moving_forward_kl"":0.000676519179251045},{""action_mean_shift"":0.0017046428984031081,""actor_gradient_norm_pre_clip"":16.829511642456055,""behavior_approximate_kl"":0.0009887464111670852,""clip_fraction"":0.14666748046875,""epoch"":2,""minibatch"":2,""moving_forward_kl"":0.0006507451180368662},{""action_mean_shift"":0.0016267502214759588,""actor_gradient_norm_pre_clip"":16.790634155273438,""behavior_approximate_kl"":0.000904744490981102,""clip_fraction"":0.1302490234375,""epoch"":2,""minibatch"":3,""moving_forward_kl"":0.0005712974234484136},{""action_mean_shift"":0.0017587790498510003,""actor_gradient_norm_pre_clip"":14.480441093444824,""behavior_approximate_kl"":0.0006265816045925021,""clip_fraction"":0.156005859375,""epoch"":2,""minibatch"":4,""moving_forward_kl"":0.0006612295401282609}]",0.0006594962324015796,0.3333333333333333,7.7727272727272725,-7.744209089062431,0.6666666666666666,719e3fd9bfaa321b3ffad751a8c1392019f5b1289264a1886aaf2bad400405d8,791ea9e917694b7d1a9e0e74a60164903a667029f799ef16435e75ce36143d85,0.0,0.0,0.0,0.0,0.0,0.0,0.0,0.0,0.0,0.0,0.0,0.0,0.0,0.0,0.0,0.0,0.0,0.0,0.0,0.0,0.0,0.0,0.0,0.0,0.0,0.0,none,0.0,0.0,none,0.05,0.0,0.0,933.0,0.6020712926983833
formal,F2,A0,A0,6,0.0016980964282993227,1.0,21.595407485961914,0.00020588750339811668,0.001095866085961461,8253,6.693430423736572,0.1773681640625,"[0.0005697792512364686,0.0007293267408385873]",0.6322116255760193,0.0,0.0,0.0,"[{""action_mean_shift"":0.0013255106750875711,""actor_gradient_norm_pre_clip"":10.543997764587402,""behavior_approximate_kl"":0.00042938950355164707,""clip_fraction"":0.07513427734375,""epoch"":1,""minibatch"":1,""moving_forward_kl"":0.00039221011684276164},{""action_mean_shift"":0.001823227503336966,""actor_gradient_norm_pre_clip"":14.309876441955566,""behavior_approximate_kl"":0.0007845201762393117,""clip_fraction"":0.17340087890625,""epoch"":1,""minibatch"":2,""moving_forward_kl"":0.0007098433561623096},{""action_mean_shift"":0.0018090433441102505,""actor_gradient_norm_pre_clip"":20.16982078552246,""behavior_approximate_kl"":0.0006315716891549528,""clip_fraction"":0.1697998046875,""epoch"":1,""minibatch"":3,""moving_forward_kl"":0.0007076456677168608},{""action_mean_shift"":0.0016285000601783395,""actor_gradient_norm_pre_clip"":19.145675659179688,""behavior_approximate_kl"":-5.8364501455798745e-05,""clip_fraction"":0.12548828125,""epoch"":1,""minibatch"":4,""moving_forward_kl"":0.0005716598825529218},{""action_mean_shift"":0.0017035395139828324,""actor_gradient_norm_pre_clip"":13.996918678283691,""behavior_approximate_kl"":0.0007931896252557635,""clip_fraction"":0.14013671875,""epoch"":2,""minibatch"":1,""moving_forward_kl"":0.0006193660665303469},{""action_mean_shift"":0.0017456767382100224,""actor_gradient_norm_pre_clip"":16.060840606689453,""behavior_approximate_kl"":0.0007857143646106124,""clip_fraction"":0.1455078125,""epoch"":2,""minibatch"":2,""moving_forward_kl"":0.0006526962388306856},{""action_mean_shift"":0.0016932026483118534,""actor_gradient_norm_pre_clip"":21.595407485961914,""behavior_approximate_kl"":0.000529659038875252,""clip_fraction"":0.14013671875,""epoch"":2,""minibatch"":3,""moving_forward_kl"":0.0006068721413612366},{""action_mean_shift"":0.0018560709431767464,""actor_gradient_norm_pre_clip"":17.416500091552734,""behavior_approximate_kl"":0.00118184182792902,""clip_fraction"":0.17974853515625,""epoch"":2,""minibatch"":4,""moving_forward_kl"":0.0007305065519176424}]",0.0007293267408385873,0.27906976744186046,8.108527131782946,-6.779189283533614,0.7209302325581395,5c6fe103de1557d700746a8dfb0b49c43956cf2a66fd471cde21054a429d87f5,719e3fd9bfaa321b3ffad751a8c1392019f5b1289264a1886aaf2bad400405d8,0.0,0.0,0.0,0.0,0.0,0.0,0.0,0.0,0.0,0.0,0.0,0.0,0.0,0.0,0.0,0.0,0.0,0.0,0.0,0.0,0.0,0.0,0.0,0.0,0.0,0.0,none,0.0,0.0,none,0.05,0.0,0.0,941.0,0.6069325506687164
formal,F2,A0,A0,7,0.0017303809290751815,1.0,22.38417625427246,2.6282912585884333e-05,0.001104222727008164,8442,6.936729431152344,0.1668701171875,"[0.0007684838492423296,0.0007034078007563949]",0.6263142228126526,0.0,0.0,0.0,"[{""action_mean_shift"":0.001171704032458365,""actor_gradient_norm_pre_clip"":12.168769836425781,""behavior_approximate_kl"":-0.00011242354230489582,""clip_fraction"":0.04608154296875,""epoch"":1,""minibatch"":1,""moving_forward_kl"":0.000291795062366873},{""action_mean_shift"":0.001470978488214314,""actor_gradient_norm_pre_clip"":15.040440559387207,""behavior_approximate_kl"":0.00031904486240819097,""clip_fraction"":0.09869384765625,""epoch"":1,""minibatch"":2,""moving_forward_kl"":0.0004637872043531388},{""action_mean_shift"":0.001608753576874733,""actor_gradient_norm_pre_clip"":17.67559051513672,""behavior_approximate_kl"":0.0006000757566653192,""clip_fraction"":0.12255859375,""epoch"":1,""minibatch"":3,""moving_forward_kl"":0.0005468623712658882},{""action_mean_shift"":0.0018676710315048695,""actor_gradient_norm_pre_clip"":15.990966796875,""behavior_approximate_kl"":0.0007614005007781088,""clip_fraction"":0.18182373046875,""epoch"":1,""minibatch"":4,""moving_forward_kl"":0.0007641396368853748},{""action_mean_shift"":0.0018508495995774865,""actor_gradient_norm_pre_clip"":14.747496604919434,""behavior_approximate_kl"":0.0012130946852266788,""clip_fraction"":0.1776123046875,""epoch"":2,""minibatch"":1,""moving_forward_kl"":0.0007370092207565904},{""action_mean_shift"":0.0019611346069723368,""actor_gradient_norm_pre_clip"":19.118703842163086,""behavior_approximate_kl"":0.0011296747252345085,""clip_fraction"":0.2008056640625,""epoch"":2,""minibatch"":2,""moving_forward_kl"":0.0008120834245346487},{""action_mean_shift"":0.002110794186592102,""actor_gradient_norm_pre_clip"":21.384382247924805,""behavior_approximate_kl"":0.0012360927648842335,""clip_fraction"":0.226806640625,""epoch"":2,""minibatch"":3,""moving_forward_kl"":0.0009414166561327875},{""action_mean_shift"":0.0018011619104072452,""actor_gradient_norm_pre_clip"":22.38417625427246,""behavior_approximate_kl"":0.0011443444527685642,""clip_fraction"":0.16558837890625,""epoch"":2,""minibatch"":4,""moving_forward_kl"":0.0006979953031986952}]",0.0007034078007563949,0.2900763358778626,8.030534351145038,-6.704382182987592,0.7099236641221374,0a52ce32d221c4fcc397634081331e33642422b5644687f5699e7174b014e07d,5c6fe103de1557d700746a8dfb0b49c43956cf2a66fd471cde21054a429d87f5,0.0,0.0,0.0,0.0,0.0,0.0,0.0,0.0,0.0,0.0,0.0,0.0,0.0,0.0,0.0,0.0,0.0,0.0,0.0,0.0,0.0,0.0,0.0,0.0,0.0,0.0,none,0.0,0.0,none,0.05,0.0,0.0,889.0,0.5287583544850349
formal,F2,A0,A0,8,0.0018415520753478631,1.0,25.150741577148438,0.0007908624538686126,0.0005748869152739644,8105,6.5257649421691895,0.1324310302734375,"[0.0007245991146191955,0.0005758835468441248]",0.6155248284339905,0.0,0.0,0.0,"[{""action_mean_shift"":0.0017801315989345312,""actor_gradient_norm_pre_clip"":10.348409652709961,""behavior_approximate_kl"":0.0011102501302957535,""clip_fraction"":0.16827392578125,""epoch"":1,""minibatch"":1,""moving_forward_kl"":0.0007168278098106384},{""action_mean_shift"":0.0020960448309779167,""actor_gradient_norm_pre_clip"":21.087862014770508,""behavior_approximate_kl"":0.0007307466585189104,""clip_fraction"":0.230712890625,""epoch"":1,""minibatch"":2,""moving_forward_kl"":0.0009475768893025815},{""action_mean_shift"":0.001750629278831184,""actor_gradient_norm_pre_clip"":25.150741577148438,""behavior_approximate_kl"":0.00020260390010662377,""clip_fraction"":0.15179443359375,""epoch"":1,""minibatch"":3,""moving_forward_kl"":0.0006557047599926591},{""action_mean_shift"":0.0018292986787855625,""actor_gradient_norm_pre_clip"":23.535308837890625,""behavior_approximate_kl"":0.001033382024616003,""clip_fraction"":0.1717529296875,""epoch"":1,""minibatch"":4,""moving_forward_kl"":0.0007225379813462496},{""action_mean_shift"":0.0017833400052040815,""actor_gradient_norm_pre_clip"":19.683307647705078,""behavior_approximate_kl"":0.001113171223551035,""clip_fraction"":0.1612548828125,""epoch"":2,""minibatch"":1,""moving_forward_kl"":0.0006807877216488123},{""action_mean_shift"":0.001823442056775093,""actor_gradient_norm_pre_clip"":20.681913375854492,""behavior_approximate_kl"":0.0010423955973237753,""clip_fraction"":0.17071533203125,""epoch"":2,""minibatch"":2,""moving_forward_kl"":0.0007132868049666286},{""action_mean_shift"":0.0020255250856280327,""actor_gradient_norm_pre_clip"":18.891267776489258,""behavior_approximate_kl"":0.0012109201634302735,""clip_fraction"":0.21307373046875,""epoch"":2,""minibatch"":3,""moving_forward_kl"":0.0008944506989791989},{""action_mean_shift"":0.0016440050676465034,""actor_gradient_norm_pre_clip"":22.405323028564453,""behavior_approximate_kl"":0.000402982288505882,""clip_fraction"":0.1326904296875,""epoch"":2,""minibatch"":4,""moving_forward_kl"":0.000577532104216516}]",0.0005758835468441248,0.29770992366412213,8.259541984732824,-6.126304535465386,0.7022900763358778,d8302d0546cd723e1838d4775b958475048f79efd605efc516798b71d703230f,0a52ce32d221c4fcc397634081331e33642422b5644687f5699e7174b014e07d,0.0,0.0,0.0,0.0,0.0,0.0,0.0,0.0,0.0,0.0,0.0,0.0,0.0,0.0,0.0,0.0,0.0,0.0,0.0,0.0,0.0,0.0,0.0,0.0,0.0,0.0,none,0.0,0.0,none,0.05,0.0,0.0,921.0,0.44172047451138496
formal,F2,A1,A1,1,0.03179551777429879,1.0,268.5603942871094,10.749613642692566,0.7813658714294434,8397,6.865903377532959,0.9295196533203125,"[0.2432139813899994,0.7758668661117554]",0.6269890069961548,0.581884503364563,0.6457083821296692,0.6457083821296692,"[{""action_mean_shift"":0.008430909365415573,""actor_gradient_norm_pre_clip"":268.5603942871094,""behavior_approximate_kl"":0.021566960960626602,""clip_fraction"":0.66412353515625,""epoch"":1,""minibatch"":1,""moving_forward_kl"":0.018514767289161682},{""action_mean_shift"":0.015947725623846054,""actor_gradient_norm_pre_clip"":220.15501403808594,""behavior_approximate_kl"":0.06638111174106598,""clip_fraction"":0.79913330078125,""epoch"":1,""minibatch"":2,""moving_forward_kl"":0.06841080635786057},{""action_mean_shift"":0.02296329103410244,""actor_gradient_norm_pre_clip"":198.04263305664062,""behavior_approximate_kl"":0.14866705238819122,""clip_fraction"":0.84490966796875,""epoch"":1,""minibatch"":3,""moving_forward_kl"":0.14475935697555542},{""action_mean_shift"":0.02989821508526802,""actor_gradient_norm_pre_clip"":179.46810913085938,""behavior_approximate_kl"":0.24615243077278137,""clip_fraction"":0.88177490234375,""epoch"":1,""minibatch"":4,""moving_forward_kl"":0.24579723179340363},{""action_mean_shift"":0.03603664040565491,""actor_gradient_norm_pre_clip"":166.42845153808594,""behavior_approximate_kl"":0.36029672622680664,""clip_fraction"":0.90130615234375,""epoch"":2,""minibatch"":1,""moving_forward_kl"":0.36072516441345215},{""action_mean_shift"":0.04159798473119736,""actor_gradient_norm_pre_clip"":149.9005584716797,""behavior_approximate_kl"":0.49342769384384155,""clip_fraction"":0.912841796875,""epoch"":2,""minibatch"":2,""moving_forward_kl"":0.4880806505680084},{""action_mean_shift"":0.04719804227352142,""actor_gradient_norm_pre_clip"":137.6245880126953,""behavior_approximate_kl"":0.6472024917602539,""clip_fraction"":0.9193115234375,""epoch"":2,""minibatch"":3,""moving_forward_kl"":0.6321297883987427},{""action_mean_shift"":0.05229133367538452,""actor_gradient_norm_pre_clip"":128.53099060058594,""behavior_approximate_kl"":0.7782015204429626,""clip_fraction"":0.92706298828125,""epoch"":2,""minibatch"":4,""moving_forward_kl"":0.7788752317428589}]",0.7758668661117554,0.2777777777777778,8.182539682539682,-6.716278170782422,0.7222222222222222,4e06bfef8f84b2f0fa188c061fa3c2de57cba9f859e1438b9e293689d9023889,7afed309902a323a43b47005c01529c84160944bb8cea2c45d000b38b18cc099,0.1605970412492752,0.07248483598232269,0.06101267784833908,0.27582356333732605,0.04880111292004585,0.04074632376432419,0.1620265394449234,0.09693778306245804,0.05073130130767822,0.19019973278045654,0.04663649573922157,0.040423840284347534,0.16618220508098602,0.07434967160224915,0.06127072498202324,0.3198927938938141,0.04821758344769478,0.04057810455560684,0.1685754805803299,0.1014351099729538,0.0528799444437027,0.21471385657787323,0.04825101047754288,0.04026609659194946,1.0,0.8555436730384827,local_success_50,0.0,105.35109424591064,full_action,0.05,7184.0,7056.802734375,954.0,0.6084674820303917
formal,F2,A1,A1,2,0.02736530569382012,1.0,253.17459106445312,9.548882007598877,0.6857771873474121,7935,6.307631015777588,0.916900634765625,"[0.173086479306221,0.6907716989517212]",0.6235681772232056,0.5534830689430237,0.6160959005355835,0.6160959005355835,"[{""action_mean_shift"":0.005696997977793217,""actor_gradient_norm_pre_clip"":253.17459106445312,""behavior_approximate_kl"":0.009477588348090649,""clip_fraction"":0.51318359375,""epoch"":1,""minibatch"":1,""moving_forward_kl"":0.009521005675196648},{""action_mean_shift"":0.011782924644649029,""actor_gradient_norm_pre_clip"":216.61376953125,""behavior_approximate_kl"":0.038840170949697495,""clip_fraction"":0.7166748046875,""epoch"":1,""minibatch"":2,""moving_forward_kl"":0.04064410924911499},{""action_mean_shift"":0.018022876232862473,""actor_gradient_norm_pre_clip"":192.45068359375,""behavior_approximate_kl"":0.09408164024353027,""clip_fraction"":0.79534912109375,""epoch"":1,""minibatch"":3,""moving_forward_kl"":0.0948072001338005},{""action_mean_shift"":0.024488063529133797,""actor_gradient_norm_pre_clip"":193.97482299804688,""behavior_approximate_kl"":0.1701432168483734,""clip_fraction"":0.84246826171875,""epoch"":1,""minibatch"":4,""moving_forward_kl"":0.1749146729707718},{""action_mean_shift"":0.030580319464206696,""actor_gradient_norm_pre_clip"":161.8141326904297,""behavior_approximate_kl"":0.2753186523914337,""clip_fraction"":0.8692626953125,""epoch"":2,""minibatch"":1,""moving_forward_kl"":0.27415770292282104},{""action_mean_shift"":0.03705263137817383,""actor_gradient_norm_pre_clip"":150.7041473388672,""behavior_approximate_kl"":0.400593638420105,""clip_fraction"":0.89422607421875,""epoch"":2,""minibatch"":2,""moving_forward_kl"":0.4016367793083191},{""action_mean_shift"":0.04271211475133896,""actor_gradient_norm_pre_clip"":125.23796081542969,""behavior_approximate_kl"":0.5213792324066162,""clip_fraction"":0.90655517578125,""epoch"":2,""minibatch"":3,""moving_forward_kl"":0.5327394008636475},{""action_mean_shift"":0.048586517572402954,""actor_gradient_norm_pre_clip"":131.34329223632812,""behavior_approximate_kl"":0.6865646839141846,""clip_fraction"":0.91693115234375,""epoch"":2,""minibatch"":4,""moving_forward_kl"":0.6942342519760132}]",0.6907716989517212,0.32575757575757575,7.795454545454546,-6.3323104363499265,0.6742424242424242,c7ead9c76b2d8a5f61bba834284301fd700d4a212e2fc038d282b85e368092ce,4e06bfef8f84b2f0fa188c061fa3c2de57cba9f859e1438b9e293689d9023889,0.15419001877307892,0.06719014048576355,0.058231182396411896,0.2647726535797119,0.04908003658056259,0.04008682444691658,0.1529250591993332,0.09065425395965576,0.04797878861427307,0.1810973882675171,0.045951101928949356,0.040004413574934006,0.1606411635875702,0.0689573734998703,0.05858442187309265,0.3089572489261627,0.048478905111551285,0.03994061425328255,0.15995508432388306,0.09521692246198654,0.04949986934661865,0.20508550107479095,0.04745035991072655,0.03982475772500038,1.0,0.8317580819129944,local_success_50,0.0,93.84425926208496,full_action,0.05,6600.0,6458.2333984375,911.0,0.7120909318327904
formal,F2,A1,A1,3,0.027974589844234288,1.0,253.96250915527344,8.685961484909058,0.6962032318115234,7452,5.900237560272217,0.9119873046875,"[0.18635544180870056,0.6963841319084167]",0.5649383068084717,0.5230473875999451,0.5854535102844238,0.5854535102844238,"[{""action_mean_shift"":0.006111259572207928,""actor_gradient_norm_pre_clip"":253.96250915527344,""behavior_approximate_kl"":0.010464359074831009,""clip_fraction"":0.532470703125,""epoch"":1,""minibatch"":1,""moving_forward_kl"":0.010943125002086163},{""action_mean_shift"":0.012400493025779724,""actor_gradient_norm_pre_clip"":197.18539428710938,""behavior_approximate_kl"":0.043957311660051346,""clip_fraction"":0.70635986328125,""epoch"":1,""minibatch"":2,""moving_forward_kl"":0.04481511935591698},{""action_mean_shift"":0.01893538609147072,""actor_gradient_norm_pre_clip"":172.09812927246094,""behavior_approximate_kl"":0.10708542168140411,""clip_fraction"":0.79608154296875,""epoch"":1,""minibatch"":3,""moving_forward_kl"":0.10426034033298492},{""action_mean_shift"":0.025303399190306664,""actor_gradient_norm_pre_clip"":156.10821533203125,""behavior_approximate_kl"":0.18733814358711243,""clip_fraction"":0.83770751953125,""epoch"":1,""minibatch"":4,""moving_forward_kl"":0.1868588924407959},{""action_mean_shift"":0.03163539990782738,""actor_gradient_norm_pre_clip"":139.9053955078125,""behavior_approximate_kl"":0.29758942127227783,""clip_fraction"":0.86676025390625,""epoch"":2,""minibatch"":1,""moving_forward_kl"":0.29116564989089966},{""action_mean_shift"":0.03719080239534378,""actor_gradient_norm_pre_clip"":139.17279052734375,""behavior_approximate_kl"":0.3987976908683777,""clip_fraction"":0.885986328125,""epoch"":2,""minibatch"":2,""moving_forward_kl"":0.40771839022636414},{""action_mean_shift"":0.0434652715921402,""actor_gradient_norm_pre_clip"":117.38004302978516,""behavior_approximate_kl"":0.5537099838256836,""clip_fraction"":0.90411376953125,""epoch"":2,""minibatch"":3,""moving_forward_kl"":0.5553089380264282},{""action_mean_shift"":0.04875470697879791,""actor_gradient_norm_pre_clip"":105.34131622314453,""behavior_approximate_kl"":0.705875039100647,""clip_fraction"":0.90997314453125,""epoch"":2,""minibatch"":4,""moving_forward_kl"":0.7027461528778076}]",0.6963841319084167,0.2734375,8.1875,-5.001325245946646,0.7265625,201902dac5b7af1f9ef40a09df2570a01c65b1d78ca6a0fb9d7ef35919541906,c7ead9c76b2d8a5f61bba834284301fd700d4a212e2fc038d282b85e368092ce,0.14302103221416473,0.0636616200208664,0.05708569288253784,0.23944982886314392,0.04696609452366829,0.040656913071870804,0.1499505192041397,0.09022252261638641,0.04813278838992119,0.17835909128189087,0.04593966528773308,0.04017031565308571,0.1500769853591919,0.06512311846017838,0.05743378400802612,0.2831784784793854,0.04661963880062103,0.04047168791294098,0.15697911381721497,0.09518897533416748,0.04946671053767204,0.20328818261623383,0.047427598387002945,0.0399998240172863,1.0,0.8493021726608276,local_success_50,0.0,85.01699447631836,full_action,0.05,6329.0,6194.5029296875,930.0,0.48395511880517006
formal,F2,A1,A1,4,0.02677752950694412,1.0,230.83969116210938,8.363815307617188,0.6688541769981384,6936,5.351851940155029,0.909637451171875,"[0.17095962166786194,0.6641662120819092]",0.6221956014633179,0.5076892971992493,0.5682827234268188,0.5682827234268188,"[{""action_mean_shift"":0.005729682743549347,""actor_gradient_norm_pre_clip"":230.83969116210938,""behavior_approximate_kl"":0.009295306168496609,""clip_fraction"":0.5068359375,""epoch"":1,""minibatch"":1,""moving_forward_kl"":0.009761209599673748},{""action_mean_shift"":0.011686903424561024,""actor_gradient_norm_pre_clip"":196.93783569335938,""behavior_approximate_kl"":0.04279036447405815,""clip_fraction"":0.6961669921875,""epoch"":1,""minibatch"":2,""moving_forward_kl"":0.04065070301294327},{""action_mean_shift"":0.017823440954089165,""actor_gradient_norm_pre_clip"":181.4908905029297,""behavior_approximate_kl"":0.0993896946310997,""clip_fraction"":0.782470703125,""epoch"":1,""minibatch"":3,""moving_forward_kl"":0.09456641227006912},{""action_mean_shift"":0.023962825536727905,""actor_gradient_norm_pre_clip"":160.5152587890625,""behavior_approximate_kl"":0.17227277159690857,""clip_fraction"":0.829833984375,""epoch"":1,""minibatch"":4,""moving_forward_kl"":0.1706625372171402},{""action_mean_shift"":0.030354082584381104,""actor_gradient_norm_pre_clip"":141.421142578125,""behavior_approximate_kl"":0.26982006430625916,""clip_fraction"":0.86492919921875,""epoch"":2,""minibatch"":1,""moving_forward_kl"":0.27337646484375},{""action_mean_shift"":0.03599288687109947,""actor_gradient_norm_pre_clip"":128.90965270996094,""behavior_approximate_kl"":0.3958239257335663,""clip_fraction"":0.8857421875,""epoch"":2,""minibatch"":2,""moving_forward_kl"":0.3879212737083435},{""action_mean_shift"":0.04171861335635185,""actor_gradient_norm_pre_clip"":115.25836181640625,""behavior_approximate_kl"":0.5241361856460571,""clip_fraction"":0.89996337890625,""epoch"":2,""minibatch"":3,""moving_forward_kl"":0.5181291103363037},{""action_mean_shift"":0.04695180058479309,""actor_gradient_norm_pre_clip"":110.55982208251953,""behavior_approximate_kl"":0.669212818145752,""clip_fraction"":0.90673828125,""epoch"":2,""minibatch"":4,""moving_forward_kl"":0.6615906953811646}]",0.6641662120819092,0.3076923076923077,8.13076923076923,-5.685611374561603,0.6923076923076923,fb245f775f460f2b5d9003794933b3366c6f7bcbeeb5ce3fec18854889cf4eeb,201902dac5b7af1f9ef40a09df2570a01c65b1d78ca6a0fb9d7ef35919541906,0.14177142083644867,0.06546057015657425,0.05940384417772293,0.24011477828025818,0.0464339479804039,0.04098661616444588,0.13724297285079956,0.08841455727815628,0.04869479313492775,0.16251930594444275,0.04558894783258438,0.04037919640541077,0.14900249242782593,0.06684242188930511,0.05953933298587799,0.2857958972454071,0.04610618203878403,0.04081012308597565,0.1431082934141159,0.09289828687906265,0.049725644290447235,0.18534788489341736,0.04669308662414551,0.04016001150012016,1.0,0.8184832334518433,local_success_50,0.0,82.09384059906006,full_action,0.05,5677.0,5543.2177734375,930.0,0.7994399070739746
formal,F2,A1,A1,5,0.02673948387382552,1.0,232.2480926513672,8.34050977230072,0.663240909576416,6500,4.901960849761963,0.9090728759765625,"[0.1736128330230713,0.658034086227417]",0.5772790312767029,0.5027537941932678,0.5644258260726929,0.5644258260726929,"[{""action_mean_shift"":0.005753651726990938,""actor_gradient_norm_pre_clip"":232.2480926513672,""behavior_approximate_kl"":0.009945990517735481,""clip_fraction"":0.5048828125,""epoch"":1,""minibatch"":1,""moving_forward_kl"":0.009936623275279999},{""action_mean_shift"":0.011793454177677631,""actor_gradient_norm_pre_clip"":198.71710205078125,""behavior_approximate_kl"":0.044481754302978516,""clip_fraction"":0.7017822265625,""epoch"":1,""minibatch"":2,""moving_forward_kl"":0.04148457571864128},{""action_mean_shift"":0.017913945019245148,""actor_gradient_norm_pre_clip"":184.625732421875,""behavior_approximate_kl"":0.0997740626335144,""clip_fraction"":0.7806396484375,""epoch"":1,""minibatch"":3,""moving_forward_kl"":0.0959300547838211},{""action_mean_shift"":0.024237211793661118,""actor_gradient_norm_pre_clip"":164.57872009277344,""behavior_approximate_kl"":0.17417043447494507,""clip_fraction"":0.83331298828125,""epoch"":1,""minibatch"":4,""moving_forward_kl"":0.1751537322998047},{""action_mean_shift"":0.030039124190807343,""actor_gradient_norm_pre_clip"":144.78335571289062,""behavior_approximate_kl"":0.2707290053367615,""clip_fraction"":0.862548828125,""epoch"":2,""minibatch"":1,""moving_forward_kl"":0.27129271626472473},{""action_mean_shift"":0.036076489835977554,""actor_gradient_norm_pre_clip"":130.95277404785156,""behavior_approximate_kl"":0.3884727954864502,""clip_fraction"":0.8865966796875,""epoch"":2,""minibatch"":2,""moving_forward_kl"":0.39168769121170044},{""action_mean_shift"":0.041453953832387924,""actor_gradient_norm_pre_clip"":120.55120849609375,""behavior_approximate_kl"":0.5264118313789368,""clip_fraction"":0.902099609375,""epoch"":2,""minibatch"":3,""moving_forward_kl"":0.5190625786781311},{""action_mean_shift"":0.046648040413856506,""actor_gradient_norm_pre_clip"":113.80183410644531,""behavior_approximate_kl"":0.677017092704773,""clip_fraction"":0.90740966796875,""epoch"":2,""minibatch"":4,""moving_forward_kl"":0.6594859957695007}]",0.658034086227417,0.291044776119403,8.119402985074627,-4.5897968420341835,0.7089552238805971,755787541f6641046ef7883f4e9409e0c219952ac48d5f88f4483bbd0c878094,fb245f775f460f2b5d9003794933b3366c6f7bcbeeb5ce3fec18854889cf4eeb,0.14426246285438538,0.06405051052570343,0.05865968391299248,0.24535338580608368,0.04702218621969223,0.03996698558330536,0.12926490604877472,0.08824454247951508,0.04630909115076065,0.15728223323822021,0.04550931230187416,0.04003499448299408,0.15207576751708984,0.0651802271604538,0.05863528326153755,0.2949208617210388,0.04659942910075188,0.03977902978658676,0.1330772042274475,0.09307996183633804,0.047011662274599075,0.17817029356956482,0.04640171304345131,0.039935849606990814,1.0,0.8152307271957397,local_success_50,0.0,81.77291774749756,full_action,0.05,5299.0,5170.458984375,942.0,0.5710810795426369
formal,F2,A1,A1,6,0.02557820244692266,1.0,228.3778533935547,8.630498588085175,0.6307114362716675,6271,4.750757694244385,0.9056243896484375,"[0.16311350464820862,0.6213841438293457]",0.6025113463401794,0.5030925273895264,0.5639097094535828,0.5639097094535828,"[{""action_mean_shift"":0.005484041757881641,""actor_gradient_norm_pre_clip"":228.3778533935547,""behavior_approximate_kl"":0.00953597016632557,""clip_fraction"":0.48681640625,""epoch"":1,""minibatch"":1,""moving_forward_kl"":0.009309828281402588},{""action_mean_shift"":0.011205959133803844,""actor_gradient_norm_pre_clip"":200.04055786132812,""behavior_approximate_kl"":0.041191570460796356,""clip_fraction"":0.67230224609375,""epoch"":1,""minibatch"":2,""moving_forward_kl"":0.03894144296646118},{""action_mean_shift"":0.01698518544435501,""actor_gradient_norm_pre_clip"":175.26329040527344,""behavior_approximate_kl"":0.09316262602806091,""clip_fraction"":0.763671875,""epoch"":1,""minibatch"":3,""moving_forward_kl"":0.08908352255821228},{""action_mean_shift"":0.02328423596918583,""actor_gradient_norm_pre_clip"":163.8021697998047,""behavior_approximate_kl"":0.17413964867591858,""clip_fraction"":0.82586669921875,""epoch"":1,""minibatch"":4,""moving_forward_kl"":0.16612622141838074},{""action_mean_shift"":0.028934314846992493,""actor_gradient_norm_pre_clip"":147.65748596191406,""behavior_approximate_kl"":0.26423442363739014,""clip_fraction"":0.85723876953125,""epoch"":2,""minibatch"":1,""moving_forward_kl"":0.2572743892669678},{""action_mean_shift"":0.03465139865875244,""actor_gradient_norm_pre_clip"":132.8040008544922,""behavior_approximate_kl"":0.3795388340950012,""clip_fraction"":0.87933349609375,""epoch"":2,""minibatch"":2,""moving_forward_kl"":0.3714216947555542},{""action_mean_shift"":0.03954450413584709,""actor_gradient_norm_pre_clip"":115.72864532470703,""behavior_approximate_kl"":0.4905170798301697,""clip_fraction"":0.89154052734375,""epoch"":2,""minibatch"":3,""moving_forward_kl"":0.4868799149990082},{""action_mean_shift"":0.04453597962856293,""actor_gradient_norm_pre_clip"":106.1384048461914,""behavior_approximate_kl"":0.627547025680542,""clip_fraction"":0.90887451171875,""epoch"":2,""minibatch"":4,""moving_forward_kl"":0.6159093379974365}]",0.6213841438293457,0.3103448275862069,7.875862068965517,-4.973689108881457,0.6896551724137931,db1b3d4275458bb116133a8fd57ed67e569c35bbd074c8a2bc66374d1c8ed993,755787541f6641046ef7883f4e9409e0c219952ac48d5f88f4483bbd0c878094,0.14250296354293823,0.06564219295978546,0.05991228297352791,0.2440430223941803,0.04639755189418793,0.04061233997344971,0.12771619856357574,0.09339713305234909,0.04737324267625809,0.15544924139976501,0.04580305889248848,0.039965350180864334,0.1502927988767624,0.0668095201253891,0.05973124876618385,0.2956651747226715,0.045521531254053116,0.040377598255872726,0.13049232959747314,0.09829040616750717,0.047759950160980225,0.1732628345489502,0.046441979706287384,0.039764903485774994,1.0,0.789347767829895,local_success_50,0.0,84.74201202392578,full_action,0.05,4950.0,4823.28076171875,874.0,0.5968453735113144
formal,F2,A1,A1,7,0.025124464998953044,1.0,248.9809112548828,8.766661047935486,0.6144663095474243,5702,3.9054794311523438,0.9001007080078125,"[0.1618424654006958,0.6125052571296692]",0.5827339887619019,0.5043524503707886,0.5670673847198486,0.5670673847198486,"[{""action_mean_shift"":0.005441359244287014,""actor_gradient_norm_pre_clip"":248.9809112548828,""behavior_approximate_kl"":0.01025964505970478,""clip_fraction"":0.4830322265625,""epoch"":1,""minibatch"":1,""moving_forward_kl"":0.009325738996267319},{""action_mean_shift"":0.011048935353755951,""actor_gradient_norm_pre_clip"":203.2273712158203,""behavior_approximate_kl"":0.03918097913265228,""clip_fraction"":0.67596435546875,""epoch"":1,""minibatch"":2,""moving_forward_kl"":0.03859715163707733},{""action_mean_shift"":0.016945425420999527,""actor_gradient_norm_pre_clip"":181.6038360595703,""behavior_approximate_kl"":0.0887487530708313,""clip_fraction"":0.76885986328125,""epoch"":1,""minibatch"":3,""moving_forward_kl"":0.08989822864532471},{""action_mean_shift"":0.02261994034051895,""actor_gradient_norm_pre_clip"":169.65872192382812,""behavior_approximate_kl"":0.1623293161392212,""clip_fraction"":0.81536865234375,""epoch"":1,""minibatch"":4,""moving_forward_kl"":0.16180773079395294},{""action_mean_shift"":0.028229739516973495,""actor_gradient_norm_pre_clip"":159.7680206298828,""behavior_approximate_kl"":0.25257593393325806,""clip_fraction"":0.84539794921875,""epoch"":2,""minibatch"":1,""moving_forward_kl"":0.25301164388656616},{""action_mean_shift"":0.03406251221895218,""actor_gradient_norm_pre_clip"":131.1350555419922,""behavior_approximate_kl"":0.37178149819374084,""clip_fraction"":0.87628173828125,""epoch"":2,""minibatch"":2,""moving_forward_kl"":0.36783409118652344},{""action_mean_shift"":0.03913573920726776,""actor_gradient_norm_pre_clip"":121.62776184082031,""behavior_approximate_kl"":0.4904962182044983,""clip_fraction"":0.88873291015625,""epoch"":2,""minibatch"":3,""moving_forward_kl"":0.48584941029548645},{""action_mean_shift"":0.043512068688869476,""actor_gradient_norm_pre_clip"":120.1388168334961,""behavior_approximate_kl"":0.6079332828521729,""clip_fraction"":0.90118408203125,""epoch"":2,""minibatch"":4,""moving_forward_kl"":0.6098575592041016}]",0.6125052571296692,0.3333333333333333,7.82,-4.4762217791875205,0.6666666666666666,dc8fbde3de566c814113d471543f7aa7fd77075e232c7a3296a9b9eab0e3ed9c,db1b3d4275458bb116133a8fd57ed67e569c35bbd074c8a2bc66374d1c8ed993,0.147116556763649,0.058608923107385635,0.05906761810183525,0.2606900632381439,0.04653473198413849,0.040289558470249176,0.12086118012666702,0.08983559906482697,0.04405571520328522,0.14680226147174835,0.04701247811317444,0.04040132462978363,0.1535540074110031,0.05966799333691597,0.05823388695716858,0.3160855174064636,0.04487024247646332,0.040038056671619415,0.12254314124584198,0.09525801986455917,0.04419946298003197,0.16352641582489014,0.04749463126063347,0.04034358263015747,1.0,0.8137495517730713,local_success_50,0.0,86.09496688842773,full_action,0.05,4640.0,4505.501953125,928.0,0.590410016477108
formal,F2,A1,A1,8,0.02457697974750772,1.0,242.0264892578125,8.518669605255127,0.5847598314285278,5603,3.842935562133789,0.9063568115234375,"[0.15436598658561707,0.5890040397644043]",0.6364092826843262,0.4890372157096863,0.550348162651062,0.550348162651062,"[{""action_mean_shift"":0.005250255111604929,""actor_gradient_norm_pre_clip"":242.0264892578125,""behavior_approximate_kl"":0.008113408461213112,""clip_fraction"":0.4716796875,""epoch"":1,""minibatch"":1,""moving_forward_kl"":0.008859902620315552},{""action_mean_shift"":0.010691313073039055,""actor_gradient_norm_pre_clip"":188.8414306640625,""behavior_approximate_kl"":0.03470422700047493,""clip_fraction"":0.68292236328125,""epoch"":1,""minibatch"":2,""moving_forward_kl"":0.03623730316758156},{""action_mean_shift"":0.01634242758154869,""actor_gradient_norm_pre_clip"":174.2185516357422,""behavior_approximate_kl"":0.08416017144918442,""clip_fraction"":0.77734375,""epoch"":1,""minibatch"":3,""moving_forward_kl"":0.0845179557800293},{""action_mean_shift"":0.022231489419937134,""actor_gradient_norm_pre_clip"":151.04566955566406,""behavior_approximate_kl"":0.1536998152732849,""clip_fraction"":0.82696533203125,""epoch"":1,""minibatch"":4,""moving_forward_kl"":0.15541453659534454},{""action_mean_shift"":0.027648210525512695,""actor_gradient_norm_pre_clip"":140.39389038085938,""behavior_approximate_kl"":0.2429109662771225,""clip_fraction"":0.8607177734375,""epoch"":2,""minibatch"":1,""moving_forward_kl"":0.24115920066833496},{""action_mean_shift"":0.0333314947783947,""actor_gradient_norm_pre_clip"":124.77873992919922,""behavior_approximate_kl"":0.3359401226043701,""clip_fraction"":0.88018798828125,""epoch"":2,""minibatch"":2,""moving_forward_kl"":0.3510117828845978},{""action_mean_shift"":0.03822392225265503,""actor_gradient_norm_pre_clip"":118.88777160644531,""behavior_approximate_kl"":0.45973724126815796,""clip_fraction"":0.89459228515625,""epoch"":2,""minibatch"":3,""moving_forward_kl"":0.46666544675827026},{""action_mean_shift"":0.04289672523736954,""actor_gradient_norm_pre_clip"":111.79656982421875,""behavior_approximate_kl"":0.598801851272583,""clip_fraction"":0.90582275390625,""epoch"":2,""minibatch"":4,""moving_forward_kl"":0.5911890268325806}]",0.5890040397644043,0.34615384615384615,7.839743589743589,-5.131691773732503,0.6538461538461539,2f8e71abc872f2002a5ab210d3295f5a26098854dda9448349c7439c186a6304,dc8fbde3de566c814113d471543f7aa7fd77075e232c7a3296a9b9eab0e3ed9c,0.13700920343399048,0.05967683717608452,0.05678000673651695,0.23786741495132446,0.04610152915120125,0.04126633703708649,0.12064075469970703,0.09673415124416351,0.04678257554769516,0.151622474193573,0.04672471061348915,0.04056968912482262,0.14373622834682465,0.06057977303862572,0.05596957355737686,0.2929684817790985,0.04453460872173309,0.041106145828962326,0.12211667001247406,0.10228228569030762,0.04697722941637039,0.16739976406097412,0.04728592187166214,0.04044419527053833,1.0,0.7758343815803528,local_success_50,0.0,83.72362613677979,full_action,0.05,4347.0,4200.419921875,970.0,0.7657758742570877
formal,F2,A2,A2,1,0.004835739062400535,1.0,50.614051818847656,0.026372966822236776,0.003028424922376871,8480,6.922449111938477,0.4293670654296875,"[0.0048486534506082535,0.002641401719301939]",0.6259676218032837,0.159444198012352,0.1595989465713501,0.1595989465713501,"[{""action_mean_shift"":0.008194996044039726,""actor_gradient_norm_pre_clip"":11.312560081481934,""behavior_approximate_kl"":0.01512194611132145,""clip_fraction"":0.735595703125,""epoch"":1,""minibatch"":1,""moving_forward_kl"":0.014495348557829857},{""action_mean_shift"":0.006308028940111399,""actor_gradient_norm_pre_clip"":50.614051818847656,""behavior_approximate_kl"":0.009837046265602112,""clip_fraction"":0.6676025390625,""epoch"":1,""minibatch"":2,""moving_forward_kl"":0.008572489023208618},{""action_mean_shift"":0.004655386786907911,""actor_gradient_norm_pre_clip"":41.68247985839844,""behavior_approximate_kl"":0.004821103066205978,""clip_fraction"":0.54833984375,""epoch"":1,""minibatch"":3,""moving_forward_kl"":0.0047955019399523735},{""action_mean_shift"":0.004698834381997585,""actor_gradient_norm_pre_clip"":27.695758819580078,""behavior_approximate_kl"":0.00509095611050725,""clip_fraction"":0.5631103515625,""epoch"":1,""minibatch"":4,""moving_forward_kl"":0.0048360321670770645},{""action_mean_shift"":0.004250119440257549,""actor_gradient_norm_pre_clip"":33.35791015625,""behavior_approximate_kl"":0.005900786258280277,""clip_fraction"":0.525634765625,""epoch"":2,""minibatch"":1,""moving_forward_kl"":0.0039735957980155945},{""action_mean_shift"":0.0035757068544626236,""actor_gradient_norm_pre_clip"":37.283573150634766,""behavior_approximate_kl"":0.0035476386547088623,""clip_fraction"":0.45745849609375,""epoch"":2,""minibatch"":2,""moving_forward_kl"":0.0027946149930357933},{""action_mean_shift"":0.003580744145438075,""actor_gradient_norm_pre_clip"":28.06083869934082,""behavior_approximate_kl"":0.0027843299321830273,""clip_fraction"":0.45526123046875,""epoch"":2,""minibatch"":3,""moving_forward_kl"":0.0028632008470594883},{""action_mean_shift"":0.0034220959059894085,""actor_gradient_norm_pre_clip"":28.60792350769043,""behavior_approximate_kl"":0.003009639447554946,""clip_fraction"":0.434814453125,""epoch"":2,""minibatch"":4,""moving_forward_kl"":0.0026373546570539474}]",0.002641401719301939,0.366412213740458,7.694656488549619,-7.028331754771807,0.6335877862595419,769e487429fc800f51d71f86ed33bf946730ed0a17fa7ea5dfcdf72fae2b69a0,7afed309902a323a43b47005c01529c84160944bb8cea2c45d000b38b18cc099,0.0396316796541214,0.015731966122984886,0.00949097704142332,0.07930131256580353,0.005202204454690218,0.0012001899303868413,0.038376420736312866,0.019720980897545815,0.0068629151210188866,0.04925883933901787,0.006055993027985096,0.0012743643019348383,0.039594899863004684,0.015766246244311333,0.009361711330711842,0.07855343073606491,0.005448666401207447,0.0011364691890776157,0.03816723823547363,0.019661186262965202,0.0067347451113164425,0.04893467202782631,0.004829728975892067,0.0007343424367718399,0.25,1.0,all_interventions,0.015510190627537668,0.015510190627537668,residual,0.05,8480.0,8310.5478515625,922.0,0.6900837644934654
formal,F2,A2,A2,2,0.002175118337618187,1.0,30.277957916259766,0.016442491207271814,0.0013314407551661134,8569,6.927243232727051,0.223388671875,"[0.0008616390987299383,0.0009196551982313395]",0.6109537482261658,0.1553046554327011,0.15618418157100677,0.15618418157100677,"[{""action_mean_shift"":0.002180391224101186,""actor_gradient_norm_pre_clip"":10.44099235534668,""behavior_approximate_kl"":0.0012639726046472788,""clip_fraction"":0.251220703125,""epoch"":1,""minibatch"":1,""moving_forward_kl"":0.0010194117203354836},{""action_mean_shift"":0.002690536668524146,""actor_gradient_norm_pre_clip"":24.098094940185547,""behavior_approximate_kl"":0.0008349333656951785,""clip_fraction"":0.33502197265625,""epoch"":1,""minibatch"":2,""moving_forward_kl"":0.0015601348131895065},{""action_mean_shift"":0.0024396793451160192,""actor_gradient_norm_pre_clip"":30.277957916259766,""behavior_approximate_kl"":0.0012249596184119582,""clip_fraction"":0.29522705078125,""epoch"":1,""minibatch"":3,""moving_forward_kl"":0.001272478373721242},{""action_mean_shift"":0.0020011276938021183,""actor_gradient_norm_pre_clip"":23.936664581298828,""behavior_approximate_kl"":0.0005551305948756635,""clip_fraction"":0.20257568359375,""epoch"":1,""minibatch"":4,""moving_forward_kl"":0.0008570497157052159},{""action_mean_shift"":0.0018719937652349472,""actor_gradient_norm_pre_clip"":17.35097312927246,""behavior_approximate_kl"":0.0009724452393129468,""clip_fraction"":0.177734375,""epoch"":2,""minibatch"":1,""moving_forward_kl"":0.0007473636069335043},{""action_mean_shift"":0.002057639416307211,""actor_gradient_norm_pre_clip"":19.689573287963867,""behavior_approximate_kl"":0.0012343693524599075,""clip_fraction"":0.21942138671875,""epoch"":2,""minibatch"":2,""moving_forward_kl"":0.0009087719954550266},{""action_mean_shift"":0.002086471300572157,""actor_gradient_norm_pre_clip"":21.334135055541992,""behavior_approximate_kl"":0.0013494383310899138,""clip_fraction"":0.21575927734375,""epoch"":2,""minibatch"":3,""moving_forward_kl"":0.0009354408830404282},{""action_mean_shift"":0.002073107287287712,""actor_gradient_norm_pre_clip"":23.092830657958984,""behavior_approximate_kl"":0.001251070643775165,""clip_fraction"":0.21917724609375,""epoch"":2,""minibatch"":4,""moving_forward_kl"":0.000915922166313976}]",0.0009196551982313395,0.2868217054263566,8.007751937984496,-6.473067379737085,0.7131782945736435,dade7f185a6744d73f3825fac3ffc9bbd983bc852c462912cde4db2044eee7c8,769e487429fc800f51d71f86ed33bf946730ed0a17fa7ea5dfcdf72fae2b69a0,0.037615709006786346,0.015527472831308842,0.009566024877130985,0.07425083965063095,0.005614115856587887,0.0012862709118053317,0.037764355540275574,0.021267684176564217,0.006865353789180517,0.0493488535284996,0.00523819075897336,0.0010767163475975394,0.03763248398900032,0.015399247407913208,0.009518828243017197,0.07446695864200592,0.00518500292673707,0.0011763818329200149,0.03758880868554115,0.021134482696652412,0.006603828631341457,0.04913916438817978,0.004784677177667618,0.0007339183357544243,0.25,1.0,all_interventions,0.01509978505782783,0.01509978505782783,residual,0.05,8569.0,8374.703125,906.0,0.5557417124509811
formal,F2,A2,A2,3,0.0018347068398725241,1.0,26.158672332763672,0.015744651900604367,0.0010023093782365322,8397,6.7445783615112305,0.1703033447265625,"[0.0006439749849960208,0.0006999442121013999]",0.6129576563835144,0.1557423621416092,0.15653085708618164,0.15653085708618164,"[{""action_mean_shift"":0.0016772568924352527,""actor_gradient_norm_pre_clip"":10.652932167053223,""behavior_approximate_kl"":0.0008447195868939161,""clip_fraction"":0.1474609375,""epoch"":1,""minibatch"":1,""moving_forward_kl"":0.000615301018115133},{""action_mean_shift"":0.0022254730574786663,""actor_gradient_norm_pre_clip"":26.158672332763672,""behavior_approximate_kl"":0.001435789163224399,""clip_fraction"":0.25933837890625,""epoch"":1,""minibatch"":2,""moving_forward_kl"":0.001058659516274929},{""action_mean_shift"":0.0021037301048636436,""actor_gradient_norm_pre_clip"":25.82373809814453,""behavior_approximate_kl"":0.0006403041770681739,""clip_fraction"":0.2342529296875,""epoch"":1,""minibatch"":3,""moving_forward_kl"":0.0009458515560254455},{""action_mean_shift"":0.0017423343379050493,""actor_gradient_norm_pre_clip"":23.183034896850586,""behavior_approximate_kl"":0.0007747128256596625,""clip_fraction"":0.15850830078125,""epoch"":1,""minibatch"":4,""moving_forward_kl"":0.0006442400626838207},{""action_mean_shift"":0.0016891518607735634,""actor_gradient_norm_pre_clip"":18.008991241455078,""behavior_approximate_kl"":0.0003221783263143152,""clip_fraction"":0.14056396484375,""epoch"":2,""minibatch"":1,""moving_forward_kl"":0.0006130950059741735},{""action_mean_shift"":0.0017789897974580526,""actor_gradient_norm_pre_clip"":17.497652053833008,""behavior_approximate_kl"":0.0006819949485361576,""clip_fraction"":0.15850830078125,""epoch"":2,""minibatch"":2,""moving_forward_kl"":0.0006642770604230464},{""action_mean_shift"":0.0016562623204663396,""actor_gradient_norm_pre_clip"":20.38755989074707,""behavior_approximate_kl"":0.0007726887706667185,""clip_fraction"":0.13775634765625,""epoch"":2,""minibatch"":3,""moving_forward_kl"":0.0005830993177369237},{""action_mean_shift"":0.0018044563475996256,""actor_gradient_norm_pre_clip"":15.981524467468262,""behavior_approximate_kl"":0.001036947127431631,""clip_fraction"":0.16845703125,""epoch"":2,""minibatch"":4,""moving_forward_kl"":0.0006972888950258493}]",0.0006999442121013999,0.32558139534883723,8.186046511627907,-7.077723802522171,0.6744186046511628,e72ee9aa6972190107bdcbfcd7cea38eb5ddeba38046f3ea7c157d2e41878899,dade7f185a6744d73f3825fac3ffc9bbd983bc852c462912cde4db2044eee7c8,0.03750675916671753,0.0152587266638875,0.010242754593491554,0.07557731866836548,0.005297421477735043,0.0013971047010272741,0.03768966346979141,0.020310712978243828,0.006734445225447416,0.048997677862644196,0.004887424875050783,0.001066196127794683,0.0372750349342823,0.015115653164684772,0.009937658905982971,0.07613591104745865,0.004932332318276167,0.0011990645434707403,0.037544138729572296,0.02026095800101757,0.006520408205688,0.04883546382188797,0.004744671285152435,0.0007049704436212778,0.25,1.0,all_interventions,0.014977222657762468,0.014977222657762468,residual,0.05,8397.0,8215.9365234375,932.0,0.464401226490736
formal,F2,A2,A2,4,0.0018129856616724283,1.0,29.752269744873047,0.015974699170328677,0.000530764926224947,8367,6.640476226806641,0.1212921142578125,"[0.0007544289110228419,0.000535476952791214]",0.6160991191864014,0.15630124509334564,0.15703848004341125,0.15703848004341125,"[{""action_mean_shift"":0.0017474088817834854,""actor_gradient_norm_pre_clip"":11.691295623779297,""behavior_approximate_kl"":0.0003166819515172392,""clip_fraction"":0.15692138671875,""epoch"":1,""minibatch"":1,""moving_forward_kl"":0.0006665217224508524},{""action_mean_shift"":0.002140502678230405,""actor_gradient_norm_pre_clip"":23.985511779785156,""behavior_approximate_kl"":0.001041917479597032,""clip_fraction"":0.24420166015625,""epoch"":1,""minibatch"":2,""moving_forward_kl"":0.0009694398613646626},{""action_mean_shift"":0.00178628321737051,""actor_gradient_norm_pre_clip"":29.752269744873047,""behavior_approximate_kl"":0.0008439395460300148,""clip_fraction"":0.1644287109375,""epoch"":1,""minibatch"":3,""moving_forward_kl"":0.0006645987741649151},{""action_mean_shift"":0.0018393180798739195,""actor_gradient_norm_pre_clip"":17.972482681274414,""behavior_approximate_kl"":0.0005685861688107252,""clip_fraction"":0.17486572265625,""epoch"":1,""minibatch"":4,""moving_forward_kl"":0.0007556650089100003},{""action_mean_shift"":0.0018021264113485813,""actor_gradient_norm_pre_clip"":24.080909729003906,""behavior_approximate_kl"":0.0006691094022244215,""clip_fraction"":0.16717529296875,""epoch"":2,""minibatch"":1,""moving_forward_kl"":0.0007082306547090411},{""action_mean_shift"":0.0017972271889448166,""actor_gradient_norm_pre_clip"":22.030302047729492,""behavior_approximate_kl"":0.000567656010389328,""clip_fraction"":0.164306640625,""epoch"":2,""minibatch"":2,""moving_forward_kl"":0.0007006241357885301},{""action_mean_shift"":0.0018003375735133886,""actor_gradient_norm_pre_clip"":20.113357543945312,""behavior_approximate_kl"":0.0009773056954145432,""clip_fraction"":0.1644287109375,""epoch"":2,""minibatch"":3,""moving_forward_kl"":0.0006795494118705392},{""action_mean_shift"":0.0015906812623143196,""actor_gradient_norm_pre_clip"":19.219133377075195,""behavior_approximate_kl"":0.0005692667909897864,""clip_fraction"":0.12078857421875,""epoch"":2,""minibatch"":4,""moving_forward_kl"":0.0005353038432076573}]",0.000535476952791214,0.3181818181818182,7.962121212121212,-6.3029532577052265,0.6818181818181818,341a299b54544d27347f7054c6540cfa4071112982cf43ba74f72bf944b187cc,e72ee9aa6972190107bdcbfcd7cea38eb5ddeba38046f3ea7c157d2e41878899,0.03785976767539978,0.013328653760254383,0.009173979051411152,0.0760936513543129,0.0053016869351267815,0.0015827685128897429,0.03824072331190109,0.020714500918984413,0.007520213257521391,0.04927820339798927,0.005065207835286856,0.0008864587289281189,0.0382499173283577,0.01319811586290598,0.009170007891952991,0.07608411461114883,0.005068324040621519,0.0011262221960350871,0.03820720687508583,0.02078516222536564,0.007113019470125437,0.049402616918087006,0.004946603439748287,0.0007693847874179482,0.25,1.0,all_interventions,0.015109386062249541,0.015109386062249541,residual,0.05,8367.0,8202.1083984375,908.0,0.4457452744245529
formal,F2,A2,A2,5,0.0018184691725764424,1.0,22.830350875854492,0.01568790210876614,0.0008500863332301378,8092,6.568181991577148,0.1785430908203125,"[0.00069919612724334,0.000725426129065454]",0.6242859363555908,0.15819936990737915,0.15896916389465332,0.15896916389465332,"[{""action_mean_shift"":0.0013954131864011288,""actor_gradient_norm_pre_clip"":9.504600524902344,""behavior_approximate_kl"":0.0004757907590828836,""clip_fraction"":0.09613037109375,""epoch"":1,""minibatch"":1,""moving_forward_kl"":0.0004486560937948525},{""action_mean_shift"":0.0019281442509964108,""actor_gradient_norm_pre_clip"":21.3586483001709,""behavior_approximate_kl"":0.0006288965232670307,""clip_fraction"":0.19769287109375,""epoch"":1,""minibatch"":2,""moving_forward_kl"":0.0008051834884099662},{""action_mean_shift"":0.001908392645418644,""actor_gradient_norm_pre_clip"":22.830350875854492,""behavior_approximate_kl"":0.0009589798282831907,""clip_fraction"":0.18951416015625,""epoch"":1,""minibatch"":3,""moving_forward_kl"":0.0007822292391210794},{""action_mean_shift"":0.0017907405272126198,""actor_gradient_norm_pre_clip"":19.12239646911621,""behavior_approximate_kl"":0.0009556985460221767,""clip_fraction"":0.1632080078125,""epoch"":1,""minibatch"":4,""moving_forward_kl"":0.0006936070276424289},{""action_mean_shift"":0.0018891573417931795,""actor_gradient_norm_pre_clip"":14.368182182312012,""behavior_approximate_kl"":0.0008259678143076599,""clip_fraction"":0.178466796875,""epoch"":2,""minibatch"":1,""moving_forward_kl"":0.000783564813900739},{""action_mean_shift"":0.0019281895365566015,""actor_gradient_norm_pre_clip"":19.08453941345215,""behavior_approximate_kl"":0.0013673938810825348,""clip_fraction"":0.18902587890625,""epoch"":2,""minibatch"":2,""moving_forward_kl"":0.0008212573593482375},{""action_mean_shift"":0.001848698826506734,""actor_gradient_norm_pre_clip"":18.392087936401367,""behavior_approximate_kl"":0.0012595064472407103,""clip_fraction"":0.178955078125,""epoch"":2,""minibatch"":3,""moving_forward_kl"":0.0007280523423105478},{""action_mean_shift"":0.0018590170657262206,""actor_gradient_norm_pre_clip"":17.992916107177734,""behavior_approximate_kl"":0.0008675057906657457,""clip_fraction"":0.17889404296875,""epoch"":2,""minibatch"":4,""moving_forward_kl"":0.0007297381525859237}]",0.000725426129065454,0.31496062992125984,8.0,-6.80198656104681,0.6850393700787402,aa83b052093f946f6dfd42bf635b2971097afb1c40f57f00761cecb673c97b51,341a299b54544d27347f7054c6540cfa4071112982cf43ba74f72bf944b187cc,0.03734287992119789,0.013289244845509529,0.008812032639980316,0.07510783523321152,0.0055899848230183125,0.0011848245048895478,0.03939516842365265,0.022985128685832024,0.00807182863354683,0.050970807671546936,0.005307971499860287,0.0010548762511461973,0.037150561809539795,0.013240267522633076,0.008415156975388527,0.07538946717977524,0.0050567807629704475,0.00102230126503855,0.03920562192797661,0.023009855300188065,0.007759817410260439,0.051156315952539444,0.004995823837816715,0.0008597593987360597,0.25,0.9999999403953552,all_interventions,0.015374173875898123,0.015374173875898123,residual,0.05,8092.0,7940.47021484375,896.0,0.5434296205639839
formal,F2,A2,A2,6,0.001709646574454382,1.0,22.824121475219727,0.015346326981671154,0.0006377837853506207,8113,6.622857093811035,0.1856231689453125,"[0.0005310284905135632,0.0007565191481262445]",0.6249139308929443,0.1583411693572998,0.15910199284553528,0.15910199284553528,"[{""action_mean_shift"":0.0013633144553750753,""actor_gradient_norm_pre_clip"":11.215376853942871,""behavior_approximate_kl"":0.00015797790547367185,""clip_fraction"":0.07977294921875,""epoch"":1,""minibatch"":1,""moving_forward_kl"":0.0003938261070288718},{""action_mean_shift"":0.0018977154977619648,""actor_gradient_norm_pre_clip"":15.888161659240723,""behavior_approximate_kl"":0.0006802863208577037,""clip_fraction"":0.18597412109375,""epoch"":1,""minibatch"":2,""moving_forward_kl"":0.0007596858777105808},{""action_mean_shift"":0.0017864328110590577,""actor_gradient_norm_pre_clip"":22.824121475219727,""behavior_approximate_kl"":0.0006207802798599005,""clip_fraction"":0.1627197265625,""epoch"":1,""minibatch"":3,""moving_forward_kl"":0.0006824784213677049},{""action_mean_shift"":0.0015627932734787464,""actor_gradient_norm_pre_clip"":18.410564422607422,""behavior_approximate_kl"":0.0008319822372868657,""clip_fraction"":0.11724853515625,""epoch"":1,""minibatch"":4,""moving_forward_kl"":0.0005286940140649676},{""action_mean_shift"":0.0015988247469067574,""actor_gradient_norm_pre_clip"":15.586762428283691,""behavior_approximate_kl"":0.0008097062818706036,""clip_fraction"":0.1224365234375,""epoch"":2,""minibatch"":1,""moving_forward_kl"":0.0005423772381618619},{""action_mean_shift"":0.0018054516986012459,""actor_gradient_norm_pre_clip"":15.745502471923828,""behavior_approximate_kl"":0.0007058782503008842,""clip_fraction"":0.164794921875,""epoch"":2,""minibatch"":2,""moving_forward_kl"":0.0006833224906586111},{""action_mean_shift"":0.001782947569154203,""actor_gradient_norm_pre_clip"":19.884056091308594,""behavior_approximate_kl"":0.0005306273233145475,""clip_fraction"":0.163330078125,""epoch"":2,""minibatch"":3,""moving_forward_kl"":0.0006790383486077189},{""action_mean_shift"":0.001879692543298006,""actor_gradient_norm_pre_clip"":20.428457260131836,""behavior_approximate_kl"":0.00041079134098254144,""clip_fraction"":0.1826171875,""epoch"":2,""minibatch"":4,""moving_forward_kl"":0.0007519462378695607}]",0.0007565191481262445,0.2923076923076923,7.8538461538461535,-6.121181344985962,0.7076923076923077,74e16a5892d57d30a1274f544e053a1c98d00252ba6e062d1a72c8e3f8f9c0f6,aa83b052093f946f6dfd42bf635b2971097afb1c40f57f00761cecb673c97b51,0.0377926379442215,0.014149702154099941,0.00922961626201868,0.07619807124137878,0.005675022024661303,0.0011148600606247783,0.038862548768520355,0.022087203338742256,0.007351585663855076,0.0507827028632164,0.005455304868519306,0.0007694960222579539,0.037596140056848526,0.013707002624869347,0.00869432371109724,0.07640939950942993,0.005071109626442194,0.0010620992397889495,0.038984525948762894,0.02179848589003086,0.007024321239441633,0.050893642008304596,0.004992800299078226,0.0007758659776300192,0.25,1.0,all_interventions,0.015332127688452601,0.015332127688452601,residual,0.05,8113.0,7962.6396484375,890.0,0.41029082983732224
formal,F2,A2,A2,7,0.0017728501989040524,1.0,20.32054328918457,0.01614324003458023,0.0009598303586244583,8417,6.766077041625977,0.20526123046875,"[0.0006557148299179971,0.0008505441946908832]",0.6323069930076599,0.1609337329864502,0.1613379567861557,0.1613379567861557,"[{""action_mean_shift"":0.0013046913081780076,""actor_gradient_norm_pre_clip"":12.055055618286133,""behavior_approximate_kl"":0.0006902582244947553,""clip_fraction"":0.08416748046875,""epoch"":1,""minibatch"":1,""moving_forward_kl"":0.00041178439278155565},{""action_mean_shift"":0.0016644693678244948,""actor_gradient_norm_pre_clip"":15.757942199707031,""behavior_approximate_kl"":0.0010316388215869665,""clip_fraction"":0.14013671875,""epoch"":1,""minibatch"":2,""moving_forward_kl"":0.0006068907678127289},{""action_mean_shift"":0.0017391907749697566,""actor_gradient_norm_pre_clip"":20.32054328918457,""behavior_approximate_kl"":0.00073621841147542,""clip_fraction"":0.1534423828125,""epoch"":1,""minibatch"":3,""moving_forward_kl"":0.0006597370374947786},{""action_mean_shift"":0.001748506329022348,""actor_gradient_norm_pre_clip"":18.444217681884766,""behavior_approximate_kl"":0.0009231927106156945,""clip_fraction"":0.15728759765625,""epoch"":1,""minibatch"":4,""moving_forward_kl"":0.0006515950663015246},{""action_mean_shift"":0.001858311821706593,""actor_gradient_norm_pre_clip"":16.620573043823242,""behavior_approximate_kl"":0.0012949475785717368,""clip_fraction"":0.17669677734375,""epoch"":2,""minibatch"":1,""moving_forward_kl"":0.0007456104503944516},{""action_mean_shift"":0.002031870884820819,""actor_gradient_norm_pre_clip"":20.11693572998047,""behavior_approximate_kl"":0.001382297370582819,""clip_fraction"":0.214111328125,""epoch"":2,""minibatch"":2,""moving_forward_kl"":0.000879500643350184},{""action_mean_shift"":0.0018490353832021356,""actor_gradient_norm_pre_clip"":19.39708137512207,""behavior_approximate_kl"":0.0009981108596548438,""clip_fraction"":0.169921875,""epoch"":2,""minibatch"":3,""moving_forward_kl"":0.0007366300560534},{""action_mean_shift"":0.0019867257215082645,""actor_gradient_norm_pre_clip"":19.791561126708984,""behavior_approximate_kl"":0.0011362419463694096,""clip_fraction"":0.2108154296875,""epoch"":2,""minibatch"":4,""moving_forward_kl"":0.0008477357914671302}]",0.0008505441946908832,0.3602941176470588,7.911764705882353,-7.543955923879848,0.6397058823529411,cbb588bfb2738d30fb31c88165ad7d9a08cfc9e28b136f31fe120d0fbe7ea305,74e16a5892d57d30a1274f544e053a1c98d00252ba6e062d1a72c8e3f8f9c0f6,0.036271143704652786,0.015409176237881184,0.00929876510053873,0.0729823112487793,0.005228816065937281,0.0013642561389133334,0.04219165816903114,0.024148806929588318,0.00807843916118145,0.05467960238456726,0.0058907861821353436,0.0010236254893243313,0.035881172865629196,0.014930256642401218,0.009123374707996845,0.07324451208114624,0.004895549733191729,0.0011321520432829857,0.041782937943935394,0.023958373814821243,0.007772414945065975,0.05425265058875084,0.0053265150636434555,0.000914466567337513,0.25,1.0,all_interventions,0.015873639029450715,0.015873639029450715,residual,0.05,8417.0,8242.42578125,940.0,0.5974860042333603
formal,F2,A2,A2,8,0.0017496121436124668,1.0,26.077360153198242,0.015899982885457575,0.0008321792702190578,8502,6.88978910446167,0.116729736328125,"[0.0008322432404384017,0.0005269928951747715]",0.6179669499397278,0.15760089457035065,0.157648503780365,0.157648503780365,"[{""action_mean_shift"":0.0016719200648367405,""actor_gradient_norm_pre_clip"":13.270291328430176,""behavior_approximate_kl"":0.0009264926193282008,""clip_fraction"":0.15478515625,""epoch"":1,""minibatch"":1,""moving_forward_kl"":0.0006429997156374156},{""action_mean_shift"":0.0018738301005214453,""actor_gradient_norm_pre_clip"":22.64198112487793,""behavior_approximate_kl"":0.0007944919634610415,""clip_fraction"":0.1873779296875,""epoch"":1,""minibatch"":2,""moving_forward_kl"":0.0007743682945147157},{""action_mean_shift"":0.0016435123980045319,""actor_gradient_norm_pre_clip"":26.077360153198242,""behavior_approximate_kl"":0.000427598220994696,""clip_fraction"":0.1414794921875,""epoch"":1,""minibatch"":3,""moving_forward_kl"":0.0005993997910991311},{""action_mean_shift"":0.001896205823868513,""actor_gradient_norm_pre_clip"":18.28276252746582,""behavior_approximate_kl"":0.0010991268791258335,""clip_fraction"":0.1851806640625,""epoch"":1,""minibatch"":4,""moving_forward_kl"":0.000835580169223249},{""action_mean_shift"":0.0016520695062354207,""actor_gradient_norm_pre_clip"":20.287607192993164,""behavior_approximate_kl"":0.0007564110564999282,""clip_fraction"":0.13372802734375,""epoch"":2,""minibatch"":1,""moving_forward_kl"":0.0005787109257653356},{""action_mean_shift"":0.001829697983339429,""actor_gradient_norm_pre_clip"":17.119657516479492,""behavior_approximate_kl"":0.001230812631547451,""clip_fraction"":0.1689453125,""epoch"":2,""minibatch"":2,""moving_forward_kl"":0.0007607287261635065},{""action_mean_shift"":0.0018602532800287008,""actor_gradient_norm_pre_clip"":21.282978057861328,""behavior_approximate_kl"":0.0012513697147369385,""clip_fraction"":0.18023681640625,""epoch"":2,""minibatch"":3,""moving_forward_kl"":0.0008049795287661254},{""action_mean_shift"":0.0015694079920649529,""actor_gradient_norm_pre_clip"":20.85177993774414,""behavior_approximate_kl"":0.0007746695773676038,""clip_fraction"":0.1165771484375,""epoch"":2,""minibatch"":4,""moving_forward_kl"":0.000527267053257674}]",0.0005269928951747715,0.25984251968503935,8.21259842519685,-6.280141045728068,0.7401574803149606,b288dee02a4b53eebb03702b1f608448e8360fc8818c9f46340fc9d73d5bb92f,cbb588bfb2738d30fb31c88165ad7d9a08cfc9e28b136f31fe120d0fbe7ea305,0.03821694850921631,0.014869514852762222,0.01016113068908453,0.07515260577201843,0.00528921652585268,0.0014125903835520148,0.038629211485385895,0.021746428683400154,0.007782407104969025,0.0498003289103508,0.005254242569208145,0.0009348740568384528,0.03812545910477638,0.014754990115761757,0.010091179981827736,0.07494422793388367,0.005023564212024212,0.0011979026021435857,0.03835798799991608,0.02145247533917427,0.007589193060994148,0.04970034211874008,0.004962510894984007,0.000834635051432997,0.25,1.0,all_interventions,0.015333718270994723,0.015333718270994723,residual,0.05,8502.0,8327.0830078125,910.0,0.5198298655450344
formal,F3,A0,A0,1,0.004963928455254063,1.0,55.81659698486328,0.011321518541080877,0.003740487853065133,8474,6.267751693725586,0.4579925537109375,"[0.0049203624948859215,0.002923826687037945]",0.6378393769264221,0.0,0.0,0.0,"[{""action_mean_shift"":0.007987105287611485,""actor_gradient_norm_pre_clip"":11.459360122680664,""behavior_approximate_kl"":0.016040552407503128,""clip_fraction"":0.7216796875,""epoch"":1,""minibatch"":1,""moving_forward_kl"":0.01391439139842987},{""action_mean_shift"":0.006214046850800514,""actor_gradient_norm_pre_clip"":55.81659698486328,""behavior_approximate_kl"":0.008185829035937786,""clip_fraction"":0.6693115234375,""epoch"":1,""minibatch"":2,""moving_forward_kl"":0.00816643238067627},{""action_mean_shift"":0.005150517448782921,""actor_gradient_norm_pre_clip"":42.24700927734375,""behavior_approximate_kl"":0.005883640144020319,""clip_fraction"":0.60760498046875,""epoch"":1,""minibatch"":3,""moving_forward_kl"":0.00564487325027585},{""action_mean_shift"":0.004747127648442984,""actor_gradient_norm_pre_clip"":36.728694915771484,""behavior_approximate_kl"":0.004429205320775509,""clip_fraction"":0.57073974609375,""epoch"":1,""minibatch"":4,""moving_forward_kl"":0.0049103484489023685},{""action_mean_shift"":0.004150783643126488,""actor_gradient_norm_pre_clip"":37.22916030883789,""behavior_approximate_kl"":0.005058632232248783,""clip_fraction"":0.50701904296875,""epoch"":2,""minibatch"":1,""moving_forward_kl"":0.0039055929519236088},{""action_mean_shift"":0.003938816487789154,""actor_gradient_norm_pre_clip"":32.59341049194336,""behavior_approximate_kl"":0.003500937484204769,""clip_fraction"":0.4859619140625,""epoch"":2,""minibatch"":2,""moving_forward_kl"":0.003581264754757285},{""action_mean_shift"":0.0038844554219394922,""actor_gradient_norm_pre_clip"":30.303647994995117,""behavior_approximate_kl"":0.0045201657339930534,""clip_fraction"":0.4754638671875,""epoch"":2,""minibatch"":3,""moving_forward_kl"":0.0034763971343636513},{""action_mean_shift"":0.003638574853539467,""actor_gradient_norm_pre_clip"":33.753963470458984,""behavior_approximate_kl"":0.003185378387570381,""clip_fraction"":0.451904296875,""epoch"":2,""minibatch"":4,""moving_forward_kl"":0.002943657338619232}]",0.002923826687037945,0.4392523364485981,9.186915887850468,-10.228404401618743,0.5607476635514018,70be5a03f41cff931e083d6e15d136db01392ce5ce7369f31971d1c8f02d8ba4,7afed309902a323a43b47005c01529c84160944bb8cea2c45d000b38b18cc099,0.0,0.0,0.0,0.0,0.0,0.0,0.0,0.0,0.0,0.0,0.0,0.0,0.0,0.0,0.0,0.0,0.0,0.0,0.0,0.0,0.0,0.0,0.0,0.0,0.0,0.0,none,0.0,0.0,none,0.05,0.0,0.0,978.0,0.6561804413795471
formal,F3,A0,A0,2,0.0021069876675028354,1.0,27.195615768432617,0.0012123368360335007,0.0011288454988971353,8210,6.014652252197266,0.1725921630859375,"[0.0010792206740006804,0.0007724245660938323]",0.6337961554527283,0.0,0.0,0.0,"[{""action_mean_shift"":0.0021038283593952656,""actor_gradient_norm_pre_clip"":14.818881034851074,""behavior_approximate_kl"":0.0011052151676267385,""clip_fraction"":0.2340087890625,""epoch"":1,""minibatch"":1,""moving_forward_kl"":0.0009568175300955772},{""action_mean_shift"":0.002478533424437046,""actor_gradient_norm_pre_clip"":27.195615768432617,""behavior_approximate_kl"":0.001344894990324974,""clip_fraction"":0.29803466796875,""epoch"":1,""minibatch"":2,""moving_forward_kl"":0.001339298440143466},{""action_mean_shift"":0.002243359573185444,""actor_gradient_norm_pre_clip"":24.81404685974121,""behavior_approximate_kl"":0.000979867996647954,""clip_fraction"":0.25433349609375,""epoch"":1,""minibatch"":3,""moving_forward_kl"":0.0010860073380172253},{""action_mean_shift"":0.0021621875930577517,""actor_gradient_norm_pre_clip"":24.22402000427246,""behavior_approximate_kl"":0.0014957827515900135,""clip_fraction"":0.2265625,""epoch"":1,""minibatch"":4,""moving_forward_kl"":0.0010773793328553438},{""action_mean_shift"":0.0020202684681862593,""actor_gradient_norm_pre_clip"":23.755985260009766,""behavior_approximate_kl"":0.0012425954919308424,""clip_fraction"":0.206787109375,""epoch"":2,""minibatch"":1,""moving_forward_kl"":0.0009086222271434963},{""action_mean_shift"":0.001997556071728468,""actor_gradient_norm_pre_clip"":16.54151153564453,""behavior_approximate_kl"":0.0014904587296769023,""clip_fraction"":0.19720458984375,""epoch"":2,""minibatch"":2,""moving_forward_kl"":0.0008888872107490897},{""action_mean_shift"":0.0019953250885009766,""actor_gradient_norm_pre_clip"":21.022079467773438,""behavior_approximate_kl"":0.001668000128120184,""clip_fraction"":0.203125,""epoch"":2,""minibatch"":3,""moving_forward_kl"":0.0008842868846841156},{""action_mean_shift"":0.0018548427615314722,""actor_gradient_norm_pre_clip"":21.61188507080078,""behavior_approximate_kl"":0.0008846751297824085,""clip_fraction"":0.173583984375,""epoch"":2,""minibatch"":4,""moving_forward_kl"":0.0007744607864879072}]",0.0007724245660938323,0.4491525423728814,9.40677966101695,-10.200461048190876,0.5508474576271186,c086c6a9e4e20a22bc79430101a7eec39c5a3a2bd94964a9a91d899ec7937714,70be5a03f41cff931e083d6e15d136db01392ce5ce7369f31971d1c8f02d8ba4,0.0,0.0,0.0,0.0,0.0,0.0,0.0,0.0,0.0,0.0,0.0,0.0,0.0,0.0,0.0,0.0,0.0,0.0,0.0,0.0,0.0,0.0,0.0,0.0,0.0,0.0,none,0.0,0.0,none,0.05,0.0,0.0,959.0,0.5990489944815636
formal,F3,A0,A0,3,0.0019361067534191534,1.0,26.301868438720703,0.0008285908552352339,0.0009049808140844107,8161,5.952589511871338,0.164306640625,"[0.0007117250934243202,0.0007116353372111917]",0.6073265075683594,0.0,0.0,0.0,"[{""action_mean_shift"":0.0018591793486848474,""actor_gradient_norm_pre_clip"":10.72661304473877,""behavior_approximate_kl"":0.0009818277321755886,""clip_fraction"":0.1771240234375,""epoch"":1,""minibatch"":1,""moving_forward_kl"":0.0007985456613823771},{""action_mean_shift"":0.0021253013983368874,""actor_gradient_norm_pre_clip"":26.301868438720703,""behavior_approximate_kl"":0.0004461979551706463,""clip_fraction"":0.2275390625,""epoch"":1,""minibatch"":2,""moving_forward_kl"":0.0010106100235134363},{""action_mean_shift"":0.002004853915423155,""actor_gradient_norm_pre_clip"":21.14049530029297,""behavior_approximate_kl"":0.0007095210603438318,""clip_fraction"":0.2066650390625,""epoch"":1,""minibatch"":3,""moving_forward_kl"":0.0008537058020010591},{""action_mean_shift"":0.0018095066770911217,""actor_gradient_norm_pre_clip"":23.12637710571289,""behavior_approximate_kl"":0.0005569225177168846,""clip_fraction"":0.1610107421875,""epoch"":1,""minibatch"":4,""moving_forward_kl"":0.0007098126225173473},{""action_mean_shift"":0.001658865949138999,""actor_gradient_norm_pre_clip"":17.92560577392578,""behavior_approximate_kl"":0.0003133241552859545,""clip_fraction"":0.1331787109375,""epoch"":2,""minibatch"":1,""moving_forward_kl"":0.0005939810071140528},{""action_mean_shift"":0.0021211104467511177,""actor_gradient_norm_pre_clip"":18.260496139526367,""behavior_approximate_kl"":0.0009165076189674437,""clip_fraction"":0.225341796875,""epoch"":2,""minibatch"":2,""moving_forward_kl"":0.0009943540208041668},{""action_mean_shift"":0.0021113650873303413,""actor_gradient_norm_pre_clip"":26.108509063720703,""behavior_approximate_kl"":0.002049448434263468,""clip_fraction"":0.228759765625,""epoch"":2,""minibatch"":3,""moving_forward_kl"":0.0009551452239975333},{""action_mean_shift"":0.0017986712045967579,""actor_gradient_norm_pre_clip"":22.30783462524414,""behavior_approximate_kl"":0.0011628929059952497,""clip_fraction"":0.16510009765625,""epoch"":2,""minibatch"":4,""moving_forward_kl"":0.0007111509330570698}]",0.0007116353372111917,0.3684210526315789,9.74561403508772,-9.269677203998231,0.631578947368421,8128e675a079e9d794ba8834a44251a3544a9ad74685941d8b5cda65487b1340,c086c6a9e4e20a22bc79430101a7eec39c5a3a2bd94964a9a91d899ec7937714,0.0,0.0,0.0,0.0,0.0,0.0,0.0,0.0,0.0,0.0,0.0,0.0,0.0,0.0,0.0,0.0,0.0,0.0,0.0,0.0,0.0,0.0,0.0,0.0,0.0,0.0,none,0.0,0.0,none,0.05,0.0,0.0,1023.0,0.47400422766804695
formal,F3,A0,A0,4,0.001980285655008629,1.0,32.91866683959961,0.0010581393726170063,0.0010588534642010927,8265,6.099630832672119,0.1762847900390625,"[0.0007378326263278723,0.000823068548925221]",0.6268585324287415,0.0,0.0,0.0,"[{""action_mean_shift"":0.001918718684464693,""actor_gradient_norm_pre_clip"":12.322758674621582,""behavior_approximate_kl"":0.001048233825713396,""clip_fraction"":0.19439697265625,""epoch"":1,""minibatch"":1,""moving_forward_kl"":0.0008576854597777128},{""action_mean_shift"":0.002434383612126112,""actor_gradient_norm_pre_clip"":25.9249267578125,""behavior_approximate_kl"":0.0011454583145678043,""clip_fraction"":0.298583984375,""epoch"":1,""minibatch"":2,""moving_forward_kl"":0.0012728768633678555},{""action_mean_shift"":0.0020207285415381193,""actor_gradient_norm_pre_clip"":32.91866683959961,""behavior_approximate_kl"":0.0005525668384507298,""clip_fraction"":0.21173095703125,""epoch"":1,""minibatch"":3,""moving_forward_kl"":0.0008785811951383948},{""action_mean_shift"":0.0018665327224880457,""actor_gradient_norm_pre_clip"":24.36469078063965,""behavior_approximate_kl"":0.00017021896201185882,""clip_fraction"":0.17626953125,""epoch"":1,""minibatch"":4,""moving_forward_kl"":0.000739892537239939},{""action_mean_shift"":0.0018629138357937336,""actor_gradient_norm_pre_clip"":18.982717514038086,""behavior_approximate_kl"":0.0007226895540952682,""clip_fraction"":0.17828369140625,""epoch"":2,""minibatch"":1,""moving_forward_kl"":0.0007767389761283994},{""action_mean_shift"":0.001986783929169178,""actor_gradient_norm_pre_clip"":18.89717674255371,""behavior_approximate_kl"":0.0010755981784313917,""clip_fraction"":0.20452880859375,""epoch"":2,""minibatch"":2,""moving_forward_kl"":0.0008634151890873909},{""action_mean_shift"":0.0018719115760177374,""actor_gradient_norm_pre_clip"":21.751575469970703,""behavior_approximate_kl"":0.0008991360664367676,""clip_fraction"":0.1685791015625,""epoch"":2,""minibatch"":3,""moving_forward_kl"":0.0008122254512272775},{""action_mean_shift"":0.0018803123384714127,""actor_gradient_norm_pre_clip"":18.988771438598633,""behavior_approximate_kl"":0.0010905259987339377,""clip_fraction"":0.17401123046875,""epoch"":2,""minibatch"":4,""moving_forward_kl"":0.0008211578242480755}]",0.000823068548925221,0.40540540540540543,9.342342342342342,-9.989780765395981,0.5945945945945946,aafb199e3d93da79749b43fc2ab6a49c11bf1bb1d97d1815ddd5856ba3f3f98b,8128e675a079e9d794ba8834a44251a3544a9ad74685941d8b5cda65487b1340,0.0,0.0,0.0,0.0,0.0,0.0,0.0,0.0,0.0,0.0,0.0,0.0,0.0,0.0,0.0,0.0,0.0,0.0,0.0,0.0,0.0,0.0,0.0,0.0,0.0,0.0,none,0.0,0.0,none,0.05,0.0,0.0,1008.0,0.4990774132311344
formal,F3,A0,A0,5,0.00177853083005175,1.0,23.006969451904297,0.00044604032882489264,0.0006244704127311707,8442,6.139636516571045,0.1177520751953125,"[0.0007273955852724612,0.0005339037743397057]",0.6293877959251404,0.0,0.0,0.0,"[{""action_mean_shift"":0.0016289688646793365,""actor_gradient_norm_pre_clip"":10.419384002685547,""behavior_approximate_kl"":0.0005296375602483749,""clip_fraction"":0.134033203125,""epoch"":1,""minibatch"":1,""moving_forward_kl"":0.0005678224842995405},{""action_mean_shift"":0.0020152588840574026,""actor_gradient_norm_pre_clip"":20.5531063079834,""behavior_approximate_kl"":0.0006484860787168145,""clip_fraction"":0.2109375,""epoch"":1,""minibatch"":2,""moving_forward_kl"":0.0008566711330786347},{""action_mean_shift"":0.0016671225894242525,""actor_gradient_norm_pre_clip"":23.006969451904297,""behavior_approximate_kl"":0.0007143417606130242,""clip_fraction"":0.13421630859375,""epoch"":1,""minibatch"":3,""moving_forward_kl"":0.0005829103174619377},{""action_mean_shift"":0.0018422924913465977,""actor_gradient_norm_pre_clip"":16.571460723876953,""behavior_approximate_kl"":0.0005841722595505416,""clip_fraction"":0.1693115234375,""epoch"":1,""minibatch"":4,""moving_forward_kl"":0.0007269869092851877},{""action_mean_shift"":0.0018393960781395435,""actor_gradient_norm_pre_clip"":18.972000122070312,""behavior_approximate_kl"":0.0007237571990117431,""clip_fraction"":0.1715087890625,""epoch"":2,""minibatch"":1,""moving_forward_kl"":0.0007110864389687777},{""action_mean_shift"":0.0018620623741298914,""actor_gradient_norm_pre_clip"":17.735177993774414,""behavior_approximate_kl"":0.0008066659793257713,""clip_fraction"":0.17889404296875,""epoch"":2,""minibatch"":2,""moving_forward_kl"":0.0007386122597381473},{""action_mean_shift"":0.0018009950872510672,""actor_gradient_norm_pre_clip"":19.61756706237793,""behavior_approximate_kl"":0.0007225730223581195,""clip_fraction"":0.164794921875,""epoch"":2,""minibatch"":3,""moving_forward_kl"":0.0006939474260434508},{""action_mean_shift"":0.0015721502713859081,""actor_gradient_norm_pre_clip"":14.929262161254883,""behavior_approximate_kl"":0.0007027940591797233,""clip_fraction"":0.1099853515625,""epoch"":2,""minibatch"":4,""moving_forward_kl"":0.0005301550263538957}]",0.0005339037743397057,0.4074074074074074,9.444444444444445,-9.946219091062192,0.5925925925925926,26e4f8c21f44ae93a6ed4d2d8d0950834e609a87f89382457522911c58096303,aafb199e3d93da79749b43fc2ab6a49c11bf1bb1d97d1815ddd5856ba3f3f98b,0.0,0.0,0.0,0.0,0.0,0.0,0.0,0.0,0.0,0.0,0.0,0.0,0.0,0.0,0.0,0.0,0.0,0.0,0.0,0.0,0.0,0.0,0.0,0.0,0.0,0.0,none,0.0,0.0,none,0.05,0.0,0.0,993.0,0.5534157082438469
formal,F3,A0,A0,6,0.0017397489864379168,1.0,21.21426010131836,0.00023079530001268722,0.0010735932737588882,8331,6.1167402267456055,0.1708526611328125,"[0.000551051867660135,0.0007454459555447102]",0.6169570684432983,0.0,0.0,0.0,"[{""action_mean_shift"":0.0012951020617038012,""actor_gradient_norm_pre_clip"":10.467002868652344,""behavior_approximate_kl"":0.0002587480703368783,""clip_fraction"":0.06890869140625,""epoch"":1,""minibatch"":1,""moving_forward_kl"":0.00036129256477579474},{""action_mean_shift"":0.0018959540175274014,""actor_gradient_norm_pre_clip"":16.156892776489258,""behavior_approximate_kl"":0.0009702565148472786,""clip_fraction"":0.18890380859375,""epoch"":1,""minibatch"":2,""moving_forward_kl"":0.000753627740778029},{""action_mean_shift"":0.0018030242063105106,""actor_gradient_norm_pre_clip"":20.127304077148438,""behavior_approximate_kl"":0.0012667416594922543,""clip_fraction"":0.1722412109375,""epoch"":1,""minibatch"":3,""moving_forward_kl"":0.0006868551135994494},{""action_mean_shift"":0.001600111834704876,""actor_gradient_norm_pre_clip"":20.547086715698242,""behavior_approximate_kl"":0.0008269520476460457,""clip_fraction"":0.1243896484375,""epoch"":1,""minibatch"":4,""moving_forward_kl"":0.0005500164697878063},{""action_mean_shift"":0.0017185874748975039,""actor_gradient_norm_pre_clip"":13.471181869506836,""behavior_approximate_kl"":0.0005834809853695333,""clip_fraction"":0.14801025390625,""epoch"":2,""minibatch"":1,""moving_forward_kl"":0.0006447732448577881},{""action_mean_shift"":0.001969475531950593,""actor_gradient_norm_pre_clip"":17.271547317504883,""behavior_approximate_kl"":0.0008731065317988396,""clip_fraction"":0.207763671875,""epoch"":2,""minibatch"":2,""moving_forward_kl"":0.0008207783102989197},{""action_mean_shift"":0.001794506679289043,""actor_gradient_norm_pre_clip"":21.21426010131836,""behavior_approximate_kl"":0.0014120751293376088,""clip_fraction"":0.1636962890625,""epoch"":2,""minibatch"":3,""moving_forward_kl"":0.0006874434184283018},{""action_mean_shift"":0.001841230085119605,""actor_gradient_norm_pre_clip"":16.68406105041504,""behavior_approximate_kl"":0.000811757636256516,""clip_fraction"":0.16485595703125,""epoch"":2,""minibatch"":4,""moving_forward_kl"":0.0007388771045953035}]",0.0007454459555447102,0.41964285714285715,9.607142857142858,-9.997836095946175,0.5803571428571429,b7257b39807996a2163853b6d736ea25134b7a0e5bbf0150d6a061625c3ca013,26e4f8c21f44ae93a6ed4d2d8d0950834e609a87f89382457522911c58096303,0.0,0.0,0.0,0.0,0.0,0.0,0.0,0.0,0.0,0.0,0.0,0.0,0.0,0.0,0.0,0.0,0.0,0.0,0.0,0.0,0.0,0.0,0.0,0.0,0.0,0.0,none,0.0,0.0,none,0.05,0.0,0.0,1009.0,0.51369983330369
formal,F3,A0,A0,7,0.0016944684757618234,1.0,23.662288665771484,0.00023406076797982678,0.0009722353424876928,8150,5.880230903625488,0.1655426025390625,"[0.0005497281672433019,0.000701845739968121]",0.617009162902832,0.0,0.0,0.0,"[{""action_mean_shift"":0.00142641831189394,""actor_gradient_norm_pre_clip"":12.031129837036133,""behavior_approximate_kl"":6.47817796561867e-05,""clip_fraction"":0.09735107421875,""epoch"":1,""minibatch"":1,""moving_forward_kl"":0.0004650658229365945},{""action_mean_shift"":0.0017659174045547843,""actor_gradient_norm_pre_clip"":17.74201202392578,""behavior_approximate_kl"":0.0005767383263446391,""clip_fraction"":0.1629638671875,""epoch"":1,""minibatch"":2,""moving_forward_kl"":0.0006760851247236133},{""action_mean_shift"":0.001655647880397737,""actor_gradient_norm_pre_clip"":20.528709411621094,""behavior_approximate_kl"":0.0007336519192904234,""clip_fraction"":0.1375732421875,""epoch"":1,""minibatch"":3,""moving_forward_kl"":0.0005863380501978099},{""action_mean_shift"":0.0015737935900688171,""actor_gradient_norm_pre_clip"":14.72055721282959,""behavior_approximate_kl"":0.0006141765043139458,""clip_fraction"":0.1221923828125,""epoch"":1,""minibatch"":4,""moving_forward_kl"":0.0005504346336238086},{""action_mean_shift"":0.001834068913012743,""actor_gradient_norm_pre_clip"":16.882265090942383,""behavior_approximate_kl"":0.0010115146869793534,""clip_fraction"":0.17340087890625,""epoch"":2,""minibatch"":1,""moving_forward_kl"":0.0007291029905900359},{""action_mean_shift"":0.001909514656290412,""actor_gradient_norm_pre_clip"":23.594846725463867,""behavior_approximate_kl"":0.0011604209430515766,""clip_fraction"":0.19195556640625,""epoch"":2,""minibatch"":2,""moving_forward_kl"":0.0007767765200696886},{""action_mean_shift"":0.001583992619998753,""actor_gradient_norm_pre_clip"":23.662288665771484,""behavior_approximate_kl"":0.0009547978406772017,""clip_fraction"":0.11407470703125,""epoch"":2,""minibatch"":3,""moving_forward_kl"":0.0005538348341360688},{""action_mean_shift"":0.0018063944298774004,""actor_gradient_norm_pre_clip"":14.971270561218262,""behavior_approximate_kl"":0.000726236030459404,""clip_fraction"":0.1700439453125,""epoch"":2,""minibatch"":4,""moving_forward_kl"":0.000704362231772393}]",0.000701845739968121,0.3783783783783784,9.36936936936937,-8.709704725591987,0.6216216216216216,a335fe61d2f5d8aab513ba36e0c8c99b9ae0fabc0749b1417ebb38feffbbd1ea,b7257b39807996a2163853b6d736ea25134b7a0e5bbf0150d6a061625c3ca013,0.0,0.0,0.0,0.0,0.0,0.0,0.0,0.0,0.0,0.0,0.0,0.0,0.0,0.0,0.0,0.0,0.0,0.0,0.0,0.0,0.0,0.0,0.0,0.0,0.0,0.0,none,0.0,0.0,none,0.05,0.0,0.0,987.0,0.3322680927813053
formal,F3,A0,A0,8,0.0018371106853010133,1.0,23.381620407104492,0.0003706222923938185,0.000805473537184298,8355,6.107456207275391,0.1209564208984375,"[0.0007685273885726929,0.0005466140573844314]",0.6259741187095642,0.0,0.0,0.0,"[{""action_mean_shift"":0.0017096668016165495,""actor_gradient_norm_pre_clip"":10.320342063903809,""behavior_approximate_kl"":0.0009839099366217852,""clip_fraction"":0.1522216796875,""epoch"":1,""minibatch"":1,""moving_forward_kl"":0.0006437224801629782},{""action_mean_shift"":0.0021906644105911255,""actor_gradient_norm_pre_clip"":22.395689010620117,""behavior_approximate_kl"":0.001301611540839076,""clip_fraction"":0.251953125,""epoch"":1,""minibatch"":2,""moving_forward_kl"":0.0010262199211865664},{""action_mean_shift"":0.0020046397112309933,""actor_gradient_norm_pre_clip"":23.381620407104492,""behavior_approximate_kl"":0.0009507626527920365,""clip_fraction"":0.208984375,""epoch"":1,""minibatch"":3,""moving_forward_kl"":0.0008440298261120915},{""action_mean_shift"":0.0018919248832389712,""actor_gradient_norm_pre_clip"":23.330135345458984,""behavior_approximate_kl"":0.0010598947992548347,""clip_fraction"":0.18475341796875,""epoch"":1,""minibatch"":4,""moving_forward_kl"":0.0007685154560022056},{""action_mean_shift"":0.0018242010846734047,""actor_gradient_norm_pre_clip"":20.81263542175293,""behavior_approximate_kl"":0.000815105508081615,""clip_fraction"":0.17401123046875,""epoch"":2,""minibatch"":1,""moving_forward_kl"":0.0007315537077374756},{""action_mean_shift"":0.0017771131824702024,""actor_gradient_norm_pre_clip"":15.929831504821777,""behavior_approximate_kl"":0.0010120850056409836,""clip_fraction"":0.16302490234375,""epoch"":2,""minibatch"":2,""moving_forward_kl"":0.0006990897236391902},{""action_mean_shift"":0.0017098623793572187,""actor_gradient_norm_pre_clip"":18.18455696105957,""behavior_approximate_kl"":0.0008311707642860711,""clip_fraction"":0.1484375,""epoch"":2,""minibatch"":3,""moving_forward_kl"":0.0006526723736897111},{""action_mean_shift"":0.001588813029229641,""actor_gradient_norm_pre_clip"":17.993112564086914,""behavior_approximate_kl"":0.0007383886259049177,""clip_fraction"":0.118408203125,""epoch"":2,""minibatch"":4,""moving_forward_kl"":0.000547583622392267}]",0.0005466140573844314,0.37383177570093457,9.36448598130841,-9.918681808721239,0.6261682242990654,6d322c797e0c3365578f834969fbce992794bbb356d5f75842944c10790ab67d,a335fe61d2f5d8aab513ba36e0c8c99b9ae0fabc0749b1417ebb38feffbbd1ea,0.0,0.0,0.0,0.0,0.0,0.0,0.0,0.0,0.0,0.0,0.0,0.0,0.0,0.0,0.0,0.0,0.0,0.0,0.0,0.0,0.0,0.0,0.0,0.0,0.0,0.0,none,0.0,0.0,none,0.05,0.0,0.0,991.0,0.5665758699178696
formal,F3,A1,A1,1,0.031751793110743165,1.0,273.54754638671875,9.857421278953552,0.7791241407394409,8441,6.2665181159973145,0.9287872314453125,"[0.2458663433790207,0.7793514728546143]",0.610529363155365,0.561018168926239,0.6243796944618225,0.6243796944618225,"[{""action_mean_shift"":0.008507052436470985,""actor_gradient_norm_pre_clip"":273.54754638671875,""behavior_approximate_kl"":0.019972460344433784,""clip_fraction"":0.66912841796875,""epoch"":1,""minibatch"":1,""moving_forward_kl"":0.019082948565483093},{""action_mean_shift"":0.01602812483906746,""actor_gradient_norm_pre_clip"":215.9344482421875,""behavior_approximate_kl"":0.0667349174618721,""clip_fraction"":0.78753662109375,""epoch"":1,""minibatch"":2,""moving_forward_kl"":0.06955382227897644},{""action_mean_shift"":0.023035626858472824,""actor_gradient_norm_pre_clip"":191.68035888671875,""behavior_approximate_kl"":0.14501897990703583,""clip_fraction"":0.84490966796875,""epoch"":1,""minibatch"":3,""moving_forward_kl"":0.14529460668563843},{""action_mean_shift"":0.02958102524280548,""actor_gradient_norm_pre_clip"":175.9571533203125,""behavior_approximate_kl"":0.2495870292186737,""clip_fraction"":0.8731689453125,""epoch"":1,""minibatch"":4,""moving_forward_kl"":0.24372175335884094},{""action_mean_shift"":0.03599347919225693,""actor_gradient_norm_pre_clip"":160.3346710205078,""behavior_approximate_kl"":0.36507493257522583,""clip_fraction"":0.89501953125,""epoch"":2,""minibatch"":1,""moving_forward_kl"":0.3634245693683624},{""action_mean_shift"":0.04166250675916672,""actor_gradient_norm_pre_clip"":150.51475524902344,""behavior_approximate_kl"":0.473683625459671,""clip_fraction"":0.91131591796875,""epoch"":2,""minibatch"":2,""moving_forward_kl"":0.4916185736656189},{""action_mean_shift"":0.046923279762268066,""actor_gradient_norm_pre_clip"":134.5680694580078,""behavior_approximate_kl"":0.6489417552947998,""clip_fraction"":0.9215087890625,""epoch"":2,""minibatch"":3,""moving_forward_kl"":0.6288876533508301},{""action_mean_shift"":0.05228324979543686,""actor_gradient_norm_pre_clip"":128.16160583496094,""behavior_approximate_kl"":0.7835729122161865,""clip_fraction"":0.92523193359375,""epoch"":2,""minibatch"":4,""moving_forward_kl"":0.7848773002624512}]",0.7793514728546143,0.4369747899159664,9.134453781512605,-9.587107133464652,0.5630252100840336,297046d6b041e559fa1e24f600fe360d83b72bc42c99225ca3f2662aab75e54b,7afed309902a323a43b47005c01529c84160944bb8cea2c45d000b38b18cc099,0.1573832482099533,0.07115171104669571,0.06160396710038185,0.26965418457984924,0.048752542585134506,0.04041565582156181,0.1530373990535736,0.09215712547302246,0.04900665208697319,0.18114183843135834,0.046116288751363754,0.04021647199988365,0.16359706223011017,0.07324022799730301,0.06202935427427292,0.31454789638519287,0.048391252756118774,0.04026544466614723,0.1588105410337448,0.0965811237692833,0.05082469806075096,0.2045964002609253,0.04749259725213051,0.04002394899725914,1.0,0.8344982862472534,local_success_50,0.0,96.49917602539062,full_action,0.05,7044.0,6882.88818359375,1011.0,0.6093906536698341
formal,F3,A1,A1,2,0.02734187268652022,1.0,259.3634033203125,9.572499632835388,0.6887764930725098,7494,5.434372901916504,0.916259765625,"[0.1740601807832718,0.696482241153717]",0.6086705327033997,0.5506856441497803,0.6131183505058289,0.6131183505058289,"[{""action_mean_shift"":0.005676207132637501,""actor_gradient_norm_pre_clip"":259.3634033203125,""behavior_approximate_kl"":0.010234829038381577,""clip_fraction"":0.50048828125,""epoch"":1,""minibatch"":1,""moving_forward_kl"":0.009562081657350063},{""action_mean_shift"":0.011741449125111103,""actor_gradient_norm_pre_clip"":220.87380981445312,""behavior_approximate_kl"":0.03839535638689995,""clip_fraction"":0.7000732421875,""epoch"":1,""minibatch"":2,""moving_forward_kl"":0.0407145693898201},{""action_mean_shift"":0.018012760207057,""actor_gradient_norm_pre_clip"":212.4339141845703,""behavior_approximate_kl"":0.08944286406040192,""clip_fraction"":0.7913818359375,""epoch"":1,""minibatch"":3,""moving_forward_kl"":0.0958360880613327},{""action_mean_shift"":0.024504980072379112,""actor_gradient_norm_pre_clip"":180.43960571289062,""behavior_approximate_kl"":0.17102500796318054,""clip_fraction"":0.840576171875,""epoch"":1,""minibatch"":4,""moving_forward_kl"":0.17629560828208923},{""action_mean_shift"":0.03043195605278015,""actor_gradient_norm_pre_clip"":166.10134887695312,""behavior_approximate_kl"":0.27200737595558167,""clip_fraction"":0.86590576171875,""epoch"":2,""minibatch"":1,""moving_forward_kl"":0.2740611732006073},{""action_mean_shift"":0.037113457918167114,""actor_gradient_norm_pre_clip"":162.12867736816406,""behavior_approximate_kl"":0.3981049954891205,""clip_fraction"":0.88720703125,""epoch"":2,""minibatch"":2,""moving_forward_kl"":0.40603387355804443},{""action_mean_shift"":0.042968280613422394,""actor_gradient_norm_pre_clip"":144.84515380859375,""behavior_approximate_kl"":0.5449169874191284,""clip_fraction"":0.90643310546875,""epoch"":2,""minibatch"":3,""moving_forward_kl"":0.5463142395019531},{""action_mean_shift"":0.048285890370607376,""actor_gradient_norm_pre_clip"":121.98466491699219,""behavior_approximate_kl"":0.6772810220718384,""clip_fraction"":0.9166259765625,""epoch"":2,""minibatch"":4,""moving_forward_kl"":0.6928374767303467}]",0.696482241153717,0.2972972972972973,9.81081081081081,-8.57074902938293,0.7027027027027027,d44845c0d3cd51aa7d1713219a7f8c6ca8bb683497fa8dda9df6956bc1cab980,297046d6b041e559fa1e24f600fe360d83b72bc42c99225ca3f2662aab75e54b,0.15793035924434662,0.06677611917257309,0.059396885335445404,0.2736268639564514,0.04819360747933388,0.040745873004198074,0.14405284821987152,0.0894121304154396,0.047472137957811356,0.17205600440502167,0.04512905329465866,0.0404403991997242,0.1646929532289505,0.06835021078586578,0.05967077612876892,0.3205183446407318,0.04794667288661003,0.040626075118780136,0.14960354566574097,0.093597412109375,0.048841483891010284,0.19384300708770752,0.04640645161271095,0.040220510214567184,1.0,0.864958643913269,local_success_50,0.0,94.08406639099121,full_action,0.05,6482.0,6341.609375,975.0,0.6080685704946518
formal,F3,A1,A1,3,0.02771683596074581,1.0,253.0379180908203,9.072682976722717,0.6954885125160217,7264,5.210903644561768,0.9135894775390625,"[0.1846802830696106,0.6978182196617126]",0.5914125442504883,0.5355110764503479,0.5975726246833801,0.5975726246833801,"[{""action_mean_shift"":0.006053207442164421,""actor_gradient_norm_pre_clip"":253.0379180908203,""behavior_approximate_kl"":0.010551642626523972,""clip_fraction"":0.5264892578125,""epoch"":1,""minibatch"":1,""moving_forward_kl"":0.010892272926867008},{""action_mean_shift"":0.012150619179010391,""actor_gradient_norm_pre_clip"":207.28689575195312,""behavior_approximate_kl"":0.04217660799622536,""clip_fraction"":0.70233154296875,""epoch"":1,""minibatch"":2,""moving_forward_kl"":0.044119544327259064},{""action_mean_shift"":0.01849016733467579,""actor_gradient_norm_pre_clip"":188.1114501953125,""behavior_approximate_kl"":0.105372853577137,""clip_fraction"":0.7901611328125,""epoch"":1,""minibatch"":3,""moving_forward_kl"":0.10127328336238861},{""action_mean_shift"":0.02511175349354744,""actor_gradient_norm_pre_clip"":173.5064239501953,""behavior_approximate_kl"":0.18174296617507935,""clip_fraction"":0.8367919921875,""epoch"":1,""minibatch"":4,""moving_forward_kl"":0.18614895641803741},{""action_mean_shift"":0.03135233372449875,""actor_gradient_norm_pre_clip"":154.7281951904297,""behavior_approximate_kl"":0.2937314808368683,""clip_fraction"":0.87005615234375,""epoch"":2,""minibatch"":1,""moving_forward_kl"":0.2910895347595215},{""action_mean_shift"":0.0371171273291111,""actor_gradient_norm_pre_clip"":142.1534881591797,""behavior_approximate_kl"":0.412356972694397,""clip_fraction"":0.88861083984375,""epoch"":2,""minibatch"":2,""moving_forward_kl"":0.4095236659049988},{""action_mean_shift"":0.04313240572810173,""actor_gradient_norm_pre_clip"":126.4689712524414,""behavior_approximate_kl"":0.5457699298858643,""clip_fraction"":0.9022216796875,""epoch"":2,""minibatch"":3,""moving_forward_kl"":0.5524297952651978},{""action_mean_shift"":0.04832707345485687,""actor_gradient_norm_pre_clip"":121.02090454101562,""behavior_approximate_kl"":0.6921362280845642,""clip_fraction"":0.91534423828125,""epoch"":2,""minibatch"":4,""moving_forward_kl"":0.7007595300674438}]",0.6978182196617126,0.3130434782608696,10.008695652173913,-7.991028060083804,0.6869565217391305,25138c9d59a0a0bcc5167fcb0ec59e837bd54605abb3d3e0ce4ecb1966311d3d,d44845c0d3cd51aa7d1713219a7f8c6ca8bb683497fa8dda9df6956bc1cab980,0.15150976181030273,0.06824304908514023,0.0607210248708725,0.255516916513443,0.04711640626192093,0.04123486205935478,0.14420120418071747,0.09172022342681885,0.04815659672021866,0.173384428024292,0.04569310322403908,0.039965420961380005,0.15835867822170258,0.06970718502998352,0.06094617024064064,0.3028009533882141,0.046648092567920685,0.041041284799575806,0.14841000735759735,0.09603738784790039,0.049038030207157135,0.19458669424057007,0.046951476484537125,0.039869122207164764,1.0,0.8638491034507751,local_success_50,0.0,88.98943424224854,full_action,0.05,6275.0,6140.57275390625,985.0,0.4900522753596306
formal,F3,A1,A1,4,0.02676396816968918,1.0,255.05819702148438,8.693172216415405,0.6622766256332397,6583,4.63265323638916,0.9092559814453125,"[0.17451342940330505,0.6679505109786987]",0.556244432926178,0.5200117826461792,0.5821039080619812,0.5821039080619812,"[{""action_mean_shift"":0.005805619992315769,""actor_gradient_norm_pre_clip"":255.05819702148438,""behavior_approximate_kl"":0.009208153001964092,""clip_fraction"":0.50634765625,""epoch"":1,""minibatch"":1,""moving_forward_kl"":0.010148711502552032},{""action_mean_shift"":0.011842192150652409,""actor_gradient_norm_pre_clip"":214.89317321777344,""behavior_approximate_kl"":0.03879803419113159,""clip_fraction"":0.68756103515625,""epoch"":1,""minibatch"":2,""moving_forward_kl"":0.0421534962952137},{""action_mean_shift"":0.01782597042620182,""actor_gradient_norm_pre_clip"":181.99615478515625,""behavior_approximate_kl"":0.0977962464094162,""clip_fraction"":0.78509521484375,""epoch"":1,""minibatch"":3,""moving_forward_kl"":0.0956277996301651},{""action_mean_shift"":0.024056028574705124,""actor_gradient_norm_pre_clip"":176.0010986328125,""behavior_approximate_kl"":0.17042730748653412,""clip_fraction"":0.8299560546875,""epoch"":1,""minibatch"":4,""moving_forward_kl"":0.17461800575256348},{""action_mean_shift"":0.03022834286093712,""actor_gradient_norm_pre_clip"":164.63604736328125,""behavior_approximate_kl"":0.2849663197994232,""clip_fraction"":0.86083984375,""epoch"":2,""minibatch"":1,""moving_forward_kl"":0.2765818238258362},{""action_mean_shift"":0.03585210070014,""actor_gradient_norm_pre_clip"":140.69883728027344,""behavior_approximate_kl"":0.3842163681983948,""clip_fraction"":0.88592529296875,""epoch"":2,""minibatch"":2,""moving_forward_kl"":0.3908846378326416},{""action_mean_shift"":0.04171716421842575,""actor_gradient_norm_pre_clip"":130.24496459960938,""behavior_approximate_kl"":0.5197658538818359,""clip_fraction"":0.89715576171875,""epoch"":2,""minibatch"":3,""moving_forward_kl"":0.5286726951599121},{""action_mean_shift"":0.04678432643413544,""actor_gradient_norm_pre_clip"":116.38619995117188,""behavior_approximate_kl"":0.6526833772659302,""clip_fraction"":0.90985107421875,""epoch"":2,""minibatch"":4,""moving_forward_kl"":0.6700147390365601}]",0.6679505109786987,0.2719298245614035,10.140350877192983,-6.584651608216135,0.7280701754385965,6595ef616828a9aa720123b68191810dce084d4613f3b1858c8d8774900ebd4f,25138c9d59a0a0bcc5167fcb0ec59e837bd54605abb3d3e0ce4ecb1966311d3d,0.1497429758310318,0.06305152922868729,0.05954214558005333,0.2604507505893707,0.04691976308822632,0.04029080271720886,0.13042087852954865,0.0891481339931488,0.046858761459589005,0.15942630171775818,0.046689473092556,0.040503405034542084,0.15729086101055145,0.0644940435886383,0.05984948202967644,0.31059351563453674,0.04617415741086006,0.0400133952498436,0.134027361869812,0.09360450506210327,0.047504767775535583,0.17885752022266388,0.04749535769224167,0.04031756520271301,1.0,0.8687528371810913,local_success_50,0.0,85.2315902709961,full_action,0.05,5719.0,5578.61474609375,1002.0,0.4281320460140705
formal,F3,A1,A1,5,0.025854127015918493,1.0,243.86033630371094,7.943261802196503,0.6311404705047607,6270,4.381551265716553,0.904876708984375,"[0.16543306410312653,0.6338701248168945]",0.5805574655532837,0.4947047233581543,0.5562974214553833,0.5562974214553833,"[{""action_mean_shift"":0.005564139224588871,""actor_gradient_norm_pre_clip"":243.86033630371094,""behavior_approximate_kl"":0.010008499026298523,""clip_fraction"":0.48388671875,""epoch"":1,""minibatch"":1,""moving_forward_kl"":0.00958914402872324},{""action_mean_shift"":0.011385596357285976,""actor_gradient_norm_pre_clip"":204.6188201904297,""behavior_approximate_kl"":0.038733791559934616,""clip_fraction"":0.68341064453125,""epoch"":1,""minibatch"":2,""moving_forward_kl"":0.03988844156265259},{""action_mean_shift"":0.017155934125185013,""actor_gradient_norm_pre_clip"":183.43453979492188,""behavior_approximate_kl"":0.08574067801237106,""clip_fraction"":0.77044677734375,""epoch"":1,""minibatch"":3,""moving_forward_kl"":0.09045049548149109},{""action_mean_shift"":0.023167651146650314,""actor_gradient_norm_pre_clip"":153.69534301757812,""behavior_approximate_kl"":0.16598844528198242,""clip_fraction"":0.82421875,""epoch"":1,""minibatch"":4,""moving_forward_kl"":0.16441747546195984},{""action_mean_shift"":0.02888905256986618,""actor_gradient_norm_pre_clip"":143.36460876464844,""behavior_approximate_kl"":0.2527443766593933,""clip_fraction"":0.85662841796875,""epoch"":2,""minibatch"":1,""moving_forward_kl"":0.25562584400177},{""action_mean_shift"":0.035109005868434906,""actor_gradient_norm_pre_clip"":139.76522827148438,""behavior_approximate_kl"":0.3761690855026245,""clip_fraction"":0.87957763671875,""epoch"":2,""minibatch"":2,""moving_forward_kl"":0.37693941593170166},{""action_mean_shift"":0.04025533050298691,""actor_gradient_norm_pre_clip"":121.89955139160156,""behavior_approximate_kl"":0.5124473571777344,""clip_fraction"":0.8939208984375,""epoch"":2,""minibatch"":3,""moving_forward_kl"":0.5026147961616516},{""action_mean_shift"":0.04530630633234978,""actor_gradient_norm_pre_clip"":111.53662872314453,""behavior_approximate_kl"":0.6215015649795532,""clip_fraction"":0.90484619140625,""epoch"":2,""minibatch"":4,""moving_forward_kl"":0.6380716562271118}]",0.6338701248168945,0.368,9.576,-7.575399757385254,0.632,f67ee414ac206bea53b676e18bdea8d3e4d6f9bf86317dcd36fe266f45c7d762,6595ef616828a9aa720123b68191810dce084d4613f3b1858c8d8774900ebd4f,0.14494961500167847,0.06593526899814606,0.05960678681731224,0.24720197916030884,0.04616313800215721,0.04085037112236023,0.12253880500793457,0.0844150260090828,0.04652604088187218,0.14850923418998718,0.04503250494599342,0.039829712361097336,0.1533900648355484,0.06731100380420685,0.05969098582863808,0.2997193932533264,0.04550446197390556,0.040651872754096985,0.12496883422136307,0.08844064921140671,0.04712855443358421,0.16646097600460052,0.0457288920879364,0.03964615613222122,1.0,0.8272727131843567,local_success_50,0.0,77.92481899261475,full_action,0.05,5187.0,5056.408203125,1007.0,0.6258461400866508
formal,F3,A1,A1,6,0.025342471315525472,1.0,256.39697265625,8.371200561523438,0.6211336851119995,5777,3.887617826461792,0.9003448486328125,"[0.1625744104385376,0.6234780550003052]",0.5521043539047241,0.4990236759185791,0.5612201690673828,0.5612201690673828,"[{""action_mean_shift"":0.0054678041487932205,""actor_gradient_norm_pre_clip"":256.39697265625,""behavior_approximate_kl"":0.009117336943745613,""clip_fraction"":0.48040771484375,""epoch"":1,""minibatch"":1,""moving_forward_kl"":0.009431976824998856},{""action_mean_shift"":0.011062524281442165,""actor_gradient_norm_pre_clip"":195.1481170654297,""behavior_approximate_kl"":0.03794444724917412,""clip_fraction"":0.67169189453125,""epoch"":1,""minibatch"":2,""moving_forward_kl"":0.038386277854442596},{""action_mean_shift"":0.016825182363390923,""actor_gradient_norm_pre_clip"":178.1072540283203,""behavior_approximate_kl"":0.08962839841842651,""clip_fraction"":0.76129150390625,""epoch"":1,""minibatch"":3,""moving_forward_kl"":0.08855066448450089},{""action_mean_shift"":0.022923823446035385,""actor_gradient_norm_pre_clip"":158.52040100097656,""behavior_approximate_kl"":0.15882451832294464,""clip_fraction"":0.8192138671875,""epoch"":1,""minibatch"":4,""moving_forward_kl"":0.16360174119472504},{""action_mean_shift"":0.028748728334903717,""actor_gradient_norm_pre_clip"":147.10650634765625,""behavior_approximate_kl"":0.24372626841068268,""clip_fraction"":0.8544921875,""epoch"":2,""minibatch"":1,""moving_forward_kl"":0.25682002305984497},{""action_mean_shift"":0.03383006155490875,""actor_gradient_norm_pre_clip"":136.998779296875,""behavior_approximate_kl"":0.3692649304866791,""clip_fraction"":0.87322998046875,""epoch"":2,""minibatch"":2,""moving_forward_kl"":0.36040428280830383},{""action_mean_shift"":0.039489373564720154,""actor_gradient_norm_pre_clip"":131.44284057617188,""behavior_approximate_kl"":0.4885382056236267,""clip_fraction"":0.8870849609375,""epoch"":2,""minibatch"":3,""moving_forward_kl"":0.4933837950229645},{""action_mean_shift"":0.04439227283000946,""actor_gradient_norm_pre_clip"":108.58078002929688,""behavior_approximate_kl"":0.6327126026153564,""clip_fraction"":0.90045166015625,""epoch"":2,""minibatch"":4,""moving_forward_kl"":0.6279536485671997}]",0.6234780550003052,0.26153846153846155,9.838461538461539,-5.965056151610154,0.7384615384615385,262e24382d1fb39706bdf06edb38a9e762ca80193e3ed685c5fcf11c80ab094e,f67ee414ac206bea53b676e18bdea8d3e4d6f9bf86317dcd36fe266f45c7d762,0.14367762207984924,0.06196901202201843,0.05934213101863861,0.25059154629707336,0.047032430768013,0.04100841283798218,0.12056048959493637,0.09231939166784286,0.04601460322737694,0.14946018159389496,0.04609303921461105,0.04074568301439285,0.15137958526611328,0.06300225108861923,0.059000249952077866,0.3047139644622803,0.04603983089327812,0.0408327542245388,0.12292369455099106,0.0971674770116806,0.04636380076408386,0.16672614216804504,0.04675253853201866,0.04059402644634247,1.0,0.8442097902297974,local_success_50,0.0,82.12662696838379,full_action,0.05,4877.0,4746.3642578125,1017.0,0.4536574222147465
formal,F3,A1,A1,7,0.025612452591303736,1.0,236.6558380126953,8.57006573677063,0.6236909627914429,5697,3.708984375,0.91436767578125,"[0.1635788381099701,0.6259809732437134]",0.58314448595047,0.49529939889907837,0.5571110248565674,0.5571110248565674,"[{""action_mean_shift"":0.005378770176321268,""actor_gradient_norm_pre_clip"":236.6558380126953,""behavior_approximate_kl"":0.008741708472371101,""clip_fraction"":0.47174072265625,""epoch"":1,""minibatch"":1,""moving_forward_kl"":0.009223390370607376},{""action_mean_shift"":0.011116044595837593,""actor_gradient_norm_pre_clip"":194.87269592285156,""behavior_approximate_kl"":0.040294840931892395,""clip_fraction"":0.6776123046875,""epoch"":1,""minibatch"":2,""moving_forward_kl"":0.03864314407110214},{""action_mean_shift"":0.017006106674671173,""actor_gradient_norm_pre_clip"":176.52012634277344,""behavior_approximate_kl"":0.0909217819571495,""clip_fraction"":0.77435302734375,""epoch"":1,""minibatch"":3,""moving_forward_kl"":0.09053193777799606},{""action_mean_shift"":0.022991031408309937,""actor_gradient_norm_pre_clip"":157.08489990234375,""behavior_approximate_kl"":0.15730109810829163,""clip_fraction"":0.8294677734375,""epoch"":1,""minibatch"":4,""moving_forward_kl"":0.16451245546340942},{""action_mean_shift"":0.02883056551218033,""actor_gradient_norm_pre_clip"":136.86729431152344,""behavior_approximate_kl"":0.2642127275466919,""clip_fraction"":0.8643798828125,""epoch"":2,""minibatch"":1,""moving_forward_kl"":0.2569938898086548},{""action_mean_shift"":0.03474682942032814,""actor_gradient_norm_pre_clip"":131.1812286376953,""behavior_approximate_kl"":0.3735962510108948,""clip_fraction"":0.88653564453125,""epoch"":2,""minibatch"":2,""moving_forward_kl"":0.372005820274353},{""action_mean_shift"":0.03996879234910011,""actor_gradient_norm_pre_clip"":121.44622802734375,""behavior_approximate_kl"":0.478756308555603,""clip_fraction"":0.90533447265625,""epoch"":2,""minibatch"":3,""moving_forward_kl"":0.49224838614463806},{""action_mean_shift"":0.044861480593681335,""actor_gradient_norm_pre_clip"":118.2316665649414,""behavior_approximate_kl"":0.6157587170600891,""clip_fraction"":0.913330078125,""epoch"":2,""minibatch"":4,""moving_forward_kl"":0.6228212714195251}]",0.6259809732437134,0.39416058394160586,9.262773722627736,-6.959179502334038,0.6058394160583942,09266c0dd8ccbbc4e882ce31f25f45f8e7f725e94799f7f93602d865e810baf3,262e24382d1fb39706bdf06edb38a9e762ca80193e3ed685c5fcf11c80ab094e,0.14597012102603912,0.06553513556718826,0.06078805774450302,0.24668288230895996,0.046729255467653275,0.04053433611989021,0.12004861235618591,0.08975017815828323,0.04552611708641052,0.14738793671131134,0.04699224606156349,0.040083833038806915,0.1530178338289261,0.0665379986166954,0.06007003039121628,0.3010912835597992,0.04533703625202179,0.040283214300870895,0.12212591618299484,0.09534214437007904,0.04577477648854256,0.16431766748428345,0.047479383647441864,0.03996327519416809,1.0,0.8151658773422241,local_success_50,0.0,84.31425094604492,full_action,0.05,4644.0,4520.33984375,1041.0,0.9272467195987701
formal,F3,A1,A1,8,0.02500671974848956,1.0,231.1703643798828,7.960526466369629,0.5851294994354248,5465,3.4198999404907227,0.9055938720703125,"[0.16064083576202393,0.5896053910255432]",0.533007800579071,0.478914350271225,0.5409525036811829,0.5409525036811829,"[{""action_mean_shift"":0.005541379563510418,""actor_gradient_norm_pre_clip"":231.1703643798828,""behavior_approximate_kl"":0.008809668011963367,""clip_fraction"":0.49658203125,""epoch"":1,""minibatch"":1,""moving_forward_kl"":0.009465294890105724},{""action_mean_shift"":0.011209975928068161,""actor_gradient_norm_pre_clip"":191.9052734375,""behavior_approximate_kl"":0.03973555564880371,""clip_fraction"":0.69512939453125,""epoch"":1,""minibatch"":2,""moving_forward_kl"":0.03864172846078873},{""action_mean_shift"":0.017011884599924088,""actor_gradient_norm_pre_clip"":171.938232421875,""behavior_approximate_kl"":0.08475078642368317,""clip_fraction"":0.78338623046875,""epoch"":1,""minibatch"":3,""moving_forward_kl"":0.08898381888866425},{""action_mean_shift"":0.022706616669893265,""actor_gradient_norm_pre_clip"":154.00845336914062,""behavior_approximate_kl"":0.15639474987983704,""clip_fraction"":0.8260498046875,""epoch"":1,""minibatch"":4,""moving_forward_kl"":0.16007904708385468},{""action_mean_shift"":0.02817431464791298,""actor_gradient_norm_pre_clip"":134.0792999267578,""behavior_approximate_kl"":0.24097219109535217,""clip_fraction"":0.85992431640625,""epoch"":2,""minibatch"":1,""moving_forward_kl"":0.24638709425926208},{""action_mean_shift"":0.033860594034194946,""actor_gradient_norm_pre_clip"":138.97482299804688,""behavior_approximate_kl"":0.3617748022079468,""clip_fraction"":0.8802490234375,""epoch"":2,""minibatch"":2,""moving_forward_kl"":0.36259692907333374},{""action_mean_shift"":0.038662560284137726,""actor_gradient_norm_pre_clip"":117.3914794921875,""behavior_approximate_kl"":0.4716007709503174,""clip_fraction"":0.90008544921875,""epoch"":2,""minibatch"":3,""moving_forward_kl"":0.47473061084747314},{""action_mean_shift"":0.04288643226027489,""actor_gradient_norm_pre_clip"":103.052490234375,""behavior_approximate_kl"":0.5824809670448303,""clip_fraction"":0.90325927734375,""epoch"":2,""minibatch"":4,""moving_forward_kl"":0.5875167846679688}]",0.5896053910255432,0.30656934306569344,9.554744525547445,-6.021677661116105,0.6934306569343066,9dc635162563f2432c9bd21b2c1fc86942af2e84615e15aaf4c8a6652efa3c65,09266c0dd8ccbbc4e882ce31f25f45f8e7f725e94799f7f93602d865e810baf3,0.13901080191135406,0.05939555913209915,0.05864880979061127,0.24288266897201538,0.04601238667964935,0.0412728488445282,0.11589116603136063,0.0869535431265831,0.045757535845041275,0.1404714733362198,0.045669201761484146,0.03990725800395012,0.14566455781459808,0.06034841015934944,0.057561881840229034,0.3007540702819824,0.04444750398397446,0.04104006662964821,0.11758679896593094,0.09132581204175949,0.045944876968860626,0.1554962545633316,0.04605560004711151,0.039800312370061874,1.0,0.8206770420074463,local_success_50,0.0,78.04537105560303,full_action,0.05,4485.0,4343.88134765625,982.0,0.5099470056593418
formal,F3,A2,A2,1,0.00430039077764377,1.0,47.49535369873047,0.024199300911277533,0.0027523511089384556,8296,6.077655792236328,0.3988189697265625,"[0.003564321668818593,0.0021608364768326283]",0.6221019625663757,0.15900465846061707,0.15916086733341217,0.15916086733341217,"[{""action_mean_shift"":0.0062790135852992535,""actor_gradient_norm_pre_clip"":11.178657531738281,""behavior_approximate_kl"":0.008287737146019936,""clip_fraction"":0.6727294921875,""epoch"":1,""minibatch"":1,""moving_forward_kl"":0.008396951481699944},{""action_mean_shift"":0.005764645989984274,""actor_gradient_norm_pre_clip"":47.49535369873047,""behavior_approximate_kl"":0.006741642951965332,""clip_fraction"":0.64501953125,""epoch"":1,""minibatch"":2,""moving_forward_kl"":0.006998495198786259},{""action_mean_shift"":0.004551035352051258,""actor_gradient_norm_pre_clip"":41.06368637084961,""behavior_approximate_kl"":0.003786338260397315,""clip_fraction"":0.55877685546875,""epoch"":1,""minibatch"":3,""moving_forward_kl"":0.004493197426199913},{""action_mean_shift"":0.004003026522696018,""actor_gradient_norm_pre_clip"":29.379234313964844,""behavior_approximate_kl"":0.003356439992785454,""clip_fraction"":0.49688720703125,""epoch"":1,""minibatch"":4,""moving_forward_kl"":0.0035675964318215847},{""action_mean_shift"":0.0038604591973125935,""actor_gradient_norm_pre_clip"":28.43878936767578,""behavior_approximate_kl"":0.004605274181813002,""clip_fraction"":0.4898681640625,""epoch"":2,""minibatch"":1,""moving_forward_kl"":0.003295055590569973},{""action_mean_shift"":0.0034810653887689114,""actor_gradient_norm_pre_clip"":30.825307846069336,""behavior_approximate_kl"":0.0033648221287876368,""clip_fraction"":0.4482421875,""epoch"":2,""minibatch"":2,""moving_forward_kl"":0.0026595008093863726},{""action_mean_shift"":0.003322053700685501,""actor_gradient_norm_pre_clip"":30.866844177246094,""behavior_approximate_kl"":0.003061489202082157,""clip_fraction"":0.4375,""epoch"":2,""minibatch"":3,""moving_forward_kl"":0.0023904768750071526},{""action_mean_shift"":0.0031418264843523502,""actor_gradient_norm_pre_clip"":31.81141471862793,""behavior_approximate_kl"":0.0025859035085886717,""clip_fraction"":0.3973388671875,""epoch"":2,""minibatch"":4,""moving_forward_kl"":0.002182315569370985}]",0.0021608364768326283,0.415929203539823,9.08849557522124,-9.446668403338542,0.584070796460177,9602c28c6f51d29d97ac45e8e5c37dc487b3051123909bb75dced6703ec851d7,7afed309902a323a43b47005c01529c84160944bb8cea2c45d000b38b18cc099,0.03779907152056694,0.016935253515839577,0.010244213975965977,0.07763944566249847,0.005753206089138985,0.0014643458416685462,0.038476113229990005,0.021660618484020233,0.006848111283034086,0.04919973388314247,0.004792110528796911,0.0013632390182465315,0.03757496923208237,0.016266576945781708,0.00997238140553236,0.07734958082437515,0.005367564968764782,0.001238176948390901,0.03758598864078522,0.021507635712623596,0.006547839380800724,0.04932780563831329,0.0048459237441420555,0.0007342841126956046,0.25,1.0,all_interventions,0.015443980926647782,0.015443980926647782,residual,0.05,8296.0,8101.51953125,992.0,0.6233105212450027
formal,F3,A2,A2,2,0.002191818261053413,1.0,28.813459396362305,0.016536931158043444,0.001121307141147554,8574,6.253829479217529,0.20721435546875,"[0.0008547837496735156,0.0008423882536590099]",0.6115283966064453,0.15622206032276154,0.15637743473052979,0.15637743473052979,"[{""action_mean_shift"":0.0022893035784363747,""actor_gradient_norm_pre_clip"":13.125823020935059,""behavior_approximate_kl"":0.0012174365110695362,""clip_fraction"":0.24395751953125,""epoch"":1,""minibatch"":1,""moving_forward_kl"":0.001260723453015089},{""action_mean_shift"":0.0025466515216976404,""actor_gradient_norm_pre_clip"":26.564531326293945,""behavior_approximate_kl"":0.0016774493269622326,""clip_fraction"":0.3155517578125,""epoch"":1,""minibatch"":2,""moving_forward_kl"":0.0013982432428747416},{""action_mean_shift"":0.0022892076522111893,""actor_gradient_norm_pre_clip"":26.52056884765625,""behavior_approximate_kl"":0.0012496740091592073,""clip_fraction"":0.26055908203125,""epoch"":1,""minibatch"":3,""moving_forward_kl"":0.0011473523918539286},{""action_mean_shift"":0.0019801585003733635,""actor_gradient_norm_pre_clip"":21.814739227294922,""behavior_approximate_kl"":0.0008130032802000642,""clip_fraction"":0.19891357421875,""epoch"":1,""minibatch"":4,""moving_forward_kl"":0.0008570579811930656},{""action_mean_shift"":0.0020313437562435865,""actor_gradient_norm_pre_clip"":21.65579605102539,""behavior_approximate_kl"":0.0011705493088811636,""clip_fraction"":0.21307373046875,""epoch"":2,""minibatch"":1,""moving_forward_kl"":0.0008625374175608158},{""action_mean_shift"":0.002347781788557768,""actor_gradient_norm_pre_clip"":21.659561157226562,""behavior_approximate_kl"":0.001845643506385386,""clip_fraction"":0.27862548828125,""epoch"":2,""minibatch"":2,""moving_forward_kl"":0.0011704048374667764},{""action_mean_shift"":0.0020538074895739555,""actor_gradient_norm_pre_clip"":28.813459396362305,""behavior_approximate_kl"":0.00140333769377321,""clip_fraction"":0.21990966796875,""epoch"":2,""minibatch"":3,""moving_forward_kl"":0.0008964274311438203},{""action_mean_shift"":0.0019962918013334274,""actor_gradient_norm_pre_clip"":20.506969451904297,""behavior_approximate_kl"":0.0008974424563348293,""clip_fraction"":0.20623779296875,""epoch"":2,""minibatch"":4,""moving_forward_kl"":0.0008420957601629198}]",0.0008423882536590099,0.46846846846846846,9.306306306306306,-9.931573541314751,0.5315315315315315,b80a4326aabec99cd3cfd6a59bf31d7e1ab071b0850ddd587c656b5a02174703,9602c28c6f51d29d97ac45e8e5c37dc487b3051123909bb75dced6703ec851d7,0.03759186342358589,0.015325632877647877,0.010766943916678429,0.07554500550031662,0.0055346740409731865,0.0013841630425304174,0.03663000464439392,0.021589942276477814,0.0070518795400857925,0.049670685082674026,0.005159201566129923,0.0008408924913965166,0.037381358444690704,0.015081923454999924,0.010406744666397572,0.07535778731107712,0.004952048882842064,0.0012625046074390411,0.03694592043757439,0.020965950563549995,0.006820914335548878,0.04945743829011917,0.004808433819562197,0.0007391174440272152,0.25,1.0,all_interventions,0.015106207225471735,0.015106207225471735,residual,0.05,8574.0,8377.044921875,994.0,0.45583251863718033
formal,F3,A2,A2,3,0.001942677772603929,1.0,27.070066452026367,0.015656302915886045,0.0007083113305270672,8281,6.066666603088379,0.1550445556640625,"[0.0007697568507865071,0.0006406430620700121]",0.6041272282600403,0.15357239544391632,0.15369749069213867,0.15369749069213867,"[{""action_mean_shift"":0.0020669777877628803,""actor_gradient_norm_pre_clip"":11.072676658630371,""behavior_approximate_kl"":0.000762115465477109,""clip_fraction"":0.22119140625,""epoch"":1,""minibatch"":1,""moving_forward_kl"":0.0009561884799040854},{""action_mean_shift"":0.0020988103933632374,""actor_gradient_norm_pre_clip"":26.53396987915039,""behavior_approximate_kl"":0.0009076009155251086,""clip_fraction"":0.22509765625,""epoch"":1,""minibatch"":2,""moving_forward_kl"":0.0009487889474257827},{""action_mean_shift"":0.0019226274453103542,""actor_gradient_norm_pre_clip"":27.070066452026367,""behavior_approximate_kl"":0.0012720574159175158,""clip_fraction"":0.196533203125,""epoch"":1,""minibatch"":3,""moving_forward_kl"":0.0007807313231751323},{""action_mean_shift"":0.0018846271559596062,""actor_gradient_norm_pre_clip"":18.510379791259766,""behavior_approximate_kl"":0.0010422782506793737,""clip_fraction"":0.18115234375,""epoch"":1,""minibatch"":4,""moving_forward_kl"":0.000766306184232235},{""action_mean_shift"":0.001755171688273549,""actor_gradient_norm_pre_clip"":19.43668556213379,""behavior_approximate_kl"":0.0009306301362812519,""clip_fraction"":0.15582275390625,""epoch"":2,""minibatch"":1,""moving_forward_kl"":0.0006517597939819098},{""action_mean_shift"":0.0020672455430030823,""actor_gradient_norm_pre_clip"":16.90625762939453,""behavior_approximate_kl"":0.0010550920851528645,""clip_fraction"":0.22393798828125,""epoch"":2,""minibatch"":2,""moving_forward_kl"":0.0009267427958548069},{""action_mean_shift"":0.001987050287425518,""actor_gradient_norm_pre_clip"":25.4108943939209,""behavior_approximate_kl"":0.0008875458152033389,""clip_fraction"":0.20135498046875,""epoch"":2,""minibatch"":3,""moving_forward_kl"":0.0008560598362237215},{""action_mean_shift"":0.0017589118797332048,""actor_gradient_norm_pre_clip"":21.378089904785156,""behavior_approximate_kl"":0.00038909330032765865,""clip_fraction"":0.15399169921875,""epoch"":2,""minibatch"":4,""moving_forward_kl"":0.0006429896457120776}]",0.0006406430620700121,0.3761467889908257,9.614678899082568,-8.922439229597739,0.6238532110091743,87ba30206dd9c4d450a23086b6acd62cdfd4ee4833f5c9b9560d91b5cd3ecf4a,b80a4326aabec99cd3cfd6a59bf31d7e1ab071b0850ddd587c656b5a02174703,0.03730013221502304,0.014310288242995739,0.009215394034981728,0.07499170303344727,0.005193246994167566,0.0012860569404438138,0.03641604259610176,0.021410461515188217,0.006886600516736507,0.04841000586748123,0.004955115262418985,0.0009641720098443329,0.03659363090991974,0.013986029662191868,0.00923074409365654,0.07494144141674042,0.0047897412441670895,0.0011225867783650756,0.036395687609910965,0.021152503788471222,0.006730228196829557,0.048297252506017685,0.004705669824033976,0.0007356728310696781,0.25,1.0,all_interventions,0.014723768108524382,0.014723768108524382,residual,0.05,8281.0,8132.99462890625,979.0,0.39830660820007324
formal,F3,A2,A2,4,0.0018943386676255614,1.0,26.12381935119629,0.01543377060443163,0.001015012850984931,8028,5.82583475112915,0.1457061767578125,"[0.0008266045479103923,0.0006361744017340243]",0.6040608286857605,0.15428824722766876,0.15428122878074646,0.15428122878074646,"[{""action_mean_shift"":0.0018105588387697935,""actor_gradient_norm_pre_clip"":10.951530456542969,""behavior_approximate_kl"":0.00041101290844380856,""clip_fraction"":0.1724853515625,""epoch"":1,""minibatch"":1,""moving_forward_kl"":0.0007476108730770648},{""action_mean_shift"":0.002101198537275195,""actor_gradient_norm_pre_clip"":24.689302444458008,""behavior_approximate_kl"":0.0008792649605311453,""clip_fraction"":0.23223876953125,""epoch"":1,""minibatch"":2,""moving_forward_kl"":0.0009548562811687589},{""action_mean_shift"":0.0018917890265583992,""actor_gradient_norm_pre_clip"":26.12381935119629,""behavior_approximate_kl"":0.0007166486466303468,""clip_fraction"":0.1875,""epoch"":1,""minibatch"":3,""moving_forward_kl"":0.0007576589705422521},{""action_mean_shift"":0.0019189217127859592,""actor_gradient_norm_pre_clip"":20.45587158203125,""behavior_approximate_kl"":0.0011199105065315962,""clip_fraction"":0.19219970703125,""epoch"":1,""minibatch"":4,""moving_forward_kl"":0.0008204098558053374},{""action_mean_shift"":0.0017931897891685367,""actor_gradient_norm_pre_clip"":22.196617126464844,""behavior_approximate_kl"":0.0007755038095638156,""clip_fraction"":0.1693115234375,""epoch"":2,""minibatch"":1,""moving_forward_kl"":0.0006980737671256065},{""action_mean_shift"":0.0018975752172991633,""actor_gradient_norm_pre_clip"":17.946773529052734,""behavior_approximate_kl"":0.0009202053770422935,""clip_fraction"":0.1854248046875,""epoch"":2,""minibatch"":2,""moving_forward_kl"":0.0007740866858512163},{""action_mean_shift"":0.0020254573319107294,""actor_gradient_norm_pre_clip"":20.01844596862793,""behavior_approximate_kl"":0.0020217285491526127,""clip_fraction"":0.20721435546875,""epoch"":2,""minibatch"":3,""moving_forward_kl"":0.0008874885970726609},{""action_mean_shift"":0.0017160188872367144,""actor_gradient_norm_pre_clip"":24.260339736938477,""behavior_approximate_kl"":0.0006425017490983009,""clip_fraction"":0.1505126953125,""epoch"":2,""minibatch"":4,""moving_forward_kl"":0.0006367251044139266}]",0.0006361744017340243,0.3333333333333333,9.614035087719298,-8.324166649266294,0.6666666666666666,4ca59a0ab5a1144071dc7d01081da8a46e4ed4e9ec79d404d73be73792c93b69,87ba30206dd9c4d450a23086b6acd62cdfd4ee4833f5c9b9560d91b5cd3ecf4a,0.03794700652360916,0.012762431986629963,0.009168297983705997,0.07811745256185532,0.005177232902497053,0.0014076168881729245,0.035877179354429245,0.01935453899204731,0.006009011063724756,0.0479312427341938,0.004867598880082369,0.0008274927386082709,0.0376390777528286,0.012498066760599613,0.009156371466815472,0.07790236920118332,0.004986124113202095,0.0011201199376955628,0.035722535103559494,0.019363652914762497,0.0060996729880571365,0.047597698867321014,0.0046171448193490505,0.0006689666770398617,0.25,1.0,all_interventions,0.014636075124144554,0.014636075124144554,residual,0.05,8028.0,7853.3720703125,957.0,0.39418454840779305
formal,F3,A2,A2,5,0.001696909632300958,1.0,26.562658309936523,0.015473593841306865,0.0005247450899332762,7913,5.738215923309326,0.1103363037109375,"[0.0006151298293843865,0.0004980816738680005]",0.6152109503746033,0.1566925346851349,0.15735337138175964,0.15735337138175964,"[{""action_mean_shift"":0.0015221141511574388,""actor_gradient_norm_pre_clip"":12.91739273071289,""behavior_approximate_kl"":0.0007510086288675666,""clip_fraction"":0.11663818359375,""epoch"":1,""minibatch"":1,""moving_forward_kl"":0.0005267749656923115},{""action_mean_shift"":0.0019164984114468098,""actor_gradient_norm_pre_clip"":24.340511322021484,""behavior_approximate_kl"":0.0010667932219803333,""clip_fraction"":0.1942138671875,""epoch"":1,""minibatch"":2,""moving_forward_kl"":0.0007875139708630741},{""action_mean_shift"":0.0016109627904370427,""actor_gradient_norm_pre_clip"":26.562658309936523,""behavior_approximate_kl"":0.00047224483569152653,""clip_fraction"":0.12481689453125,""epoch"":1,""minibatch"":3,""moving_forward_kl"":0.0005520171253010631},{""action_mean_shift"":0.0016785961342975497,""actor_gradient_norm_pre_clip"":16.08106231689453,""behavior_approximate_kl"":0.0009355411166325212,""clip_fraction"":0.139404296875,""epoch"":1,""minibatch"":4,""moving_forward_kl"":0.0006144949002191424},{""action_mean_shift"":0.0017368567641824484,""actor_gradient_norm_pre_clip"":18.123884201049805,""behavior_approximate_kl"":0.0004442479112185538,""clip_fraction"":0.15460205078125,""epoch"":2,""minibatch"":1,""moving_forward_kl"":0.000642725673969835},{""action_mean_shift"":0.0018486722838133574,""actor_gradient_norm_pre_clip"":19.860675811767578,""behavior_approximate_kl"":0.0006926971254870296,""clip_fraction"":0.17767333984375,""epoch"":2,""minibatch"":2,""moving_forward_kl"":0.0007255739183165133},{""action_mean_shift"":0.0017360543133690953,""actor_gradient_norm_pre_clip"":19.63189697265625,""behavior_approximate_kl"":0.00027742426027543843,""clip_fraction"":0.1513671875,""epoch"":2,""minibatch"":3,""moving_forward_kl"":0.0006378765683621168},{""action_mean_shift"":0.0015255222097039223,""actor_gradient_norm_pre_clip"":19.013328552246094,""behavior_approximate_kl"":0.0005508007016032934,""clip_fraction"":0.11016845703125,""epoch"":2,""minibatch"":4,""moving_forward_kl"":0.0004955017357133329}]",0.0004980816738680005,0.4017857142857143,9.357142857142858,-8.417672893830709,0.5982142857142857,1d7a31fb3167d651deedd92100390114422598b933143cc5d2a41ebf7db204d2,4ca59a0ab5a1144071dc7d01081da8a46e4ed4e9ec79d404d73be73792c93b69,0.03833770006895065,0.01299428939819336,0.010369224473834038,0.07710538804531097,0.005240340251475573,0.0013463799841701984,0.03694990649819374,0.020710906013846397,0.005947817582637072,0.050022345036268234,0.004922741092741489,0.0008462206460535526,0.0385860875248909,0.01273971889168024,0.010157464072108269,0.07736076414585114,0.00493971211835742,0.0012190131237730384,0.036915432661771774,0.020747723057866096,0.005763558205217123,0.05006237328052521,0.004923614207655191,0.0006198842311277986,0.25,1.0,all_interventions,0.015100710792466998,0.015100710792466998,residual,0.05,7913.0,7730.013671875,973.0,0.38794710114598274
formal,F3,A2,A2,6,0.0017662011669017375,1.0,29.792131423950195,0.015732212108559906,0.0009372831555083394,8327,6.0914411544799805,0.1641998291015625,"[0.0004780484887305647,0.0007406168151646852]",0.6087430119514465,0.15531232953071594,0.15588818490505219,0.15588818490505219,"[{""action_mean_shift"":0.0016406564973294735,""actor_gradient_norm_pre_clip"":12.731201171875,""behavior_approximate_kl"":3.6903395084664226e-05,""clip_fraction"":0.14019775390625,""epoch"":1,""minibatch"":1,""moving_forward_kl"":0.0005759830819442868},{""action_mean_shift"":0.0021018879488110542,""actor_gradient_norm_pre_clip"":26.062721252441406,""behavior_approximate_kl"":0.001433465862646699,""clip_fraction"":0.23284912109375,""epoch"":1,""minibatch"":2,""moving_forward_kl"":0.0009404246811755002},{""action_mean_shift"":0.0018463372252881527,""actor_gradient_norm_pre_clip"":29.792131423950195,""behavior_approximate_kl"":0.0009552550036460161,""clip_fraction"":0.17303466796875,""epoch"":1,""minibatch"":3,""moving_forward_kl"":0.000728541286662221},{""action_mean_shift"":0.0014704165514558554,""actor_gradient_norm_pre_clip"":22.591995239257812,""behavior_approximate_kl"":0.00030631583649665117,""clip_fraction"":0.102294921875,""epoch"":1,""minibatch"":4,""moving_forward_kl"":0.0004770360537804663},{""action_mean_shift"":0.0015858388505876064,""actor_gradient_norm_pre_clip"":14.47840690612793,""behavior_approximate_kl"":0.0005102294380776584,""clip_fraction"":0.12158203125,""epoch"":2,""minibatch"":1,""moving_forward_kl"":0.0005564718740060925},{""action_mean_shift"":0.0018318642396479845,""actor_gradient_norm_pre_clip"":15.126067161560059,""behavior_approximate_kl"":0.0005699365865439177,""clip_fraction"":0.17254638671875,""epoch"":2,""minibatch"":2,""moving_forward_kl"":0.0007244748412631452},{""action_mean_shift"":0.0018338828813284636,""actor_gradient_norm_pre_clip"":21.39362907409668,""behavior_approximate_kl"":0.0008404622785747051,""clip_fraction"":0.17156982421875,""epoch"":2,""minibatch"":3,""moving_forward_kl"":0.0007309686043299735},{""action_mean_shift"":0.0018187251407653093,""actor_gradient_norm_pre_clip"":25.5003719329834,""behavior_approximate_kl"":0.0014845543773844838,""clip_fraction"":0.1678466796875,""epoch"":2,""minibatch"":4,""moving_forward_kl"":0.0007674784865230322}]",0.0007406168151646852,0.4396551724137931,8.931034482758621,-9.211740358122464,0.5603448275862069,e5ce1aea0aff3027bdd9d86c8fbf59fe324dd586d6bbf465b11c150ea44db094,1d7a31fb3167d651deedd92100390114422598b933143cc5d2a41ebf7db204d2,0.036553870886564255,0.014952343888580799,0.010822282172739506,0.07517427206039429,0.005629455205053091,0.00186830700840801,0.03652093559503555,0.02117534540593624,0.0073151970282197,0.04861465096473694,0.005367130972445011,0.001076406566426158,0.03672374039888382,0.01487534400075674,0.0106594143435359,0.07490216195583344,0.0048670037649571896,0.0012885511387139559,0.03664245083928108,0.021141624078154564,0.0071440814062952995,0.04874227195978165,0.004773586522787809,0.0008271379047073424,0.25,1.0,all_interventions,0.01504403178114444,0.01504403178114444,residual,0.05,8327.0,8123.798828125,987.0,0.4099193252623081
formal,F3,A2,A2,7,0.0016766620974522084,1.0,23.323810577392578,0.01580104627646506,0.0006399101694114506,8210,6.059040546417236,0.1166229248046875,"[0.0005643238546326756,0.0005370067665353417]",0.6203893423080444,0.15786731243133545,0.15847855806350708,0.15847855806350708,"[{""action_mean_shift"":0.0014259872259572148,""actor_gradient_norm_pre_clip"":11.666284561157227,""behavior_approximate_kl"":0.0005969067569822073,""clip_fraction"":0.09210205078125,""epoch"":1,""minibatch"":1,""moving_forward_kl"":0.00044131831964477897},{""action_mean_shift"":0.0019003917695954442,""actor_gradient_norm_pre_clip"":19.533660888671875,""behavior_approximate_kl"":0.0006803314900025725,""clip_fraction"":0.1903076171875,""epoch"":1,""minibatch"":2,""moving_forward_kl"":0.0007612858316861093},{""action_mean_shift"":0.0016003833152353764,""actor_gradient_norm_pre_clip"":23.323810577392578,""behavior_approximate_kl"":0.0005606332561001182,""clip_fraction"":0.1243896484375,""epoch"":1,""minibatch"":3,""moving_forward_kl"":0.0005433462793007493},{""action_mean_shift"":0.001584136625751853,""actor_gradient_norm_pre_clip"":18.084033966064453,""behavior_approximate_kl"":0.0002920109545812011,""clip_fraction"":0.12408447265625,""epoch"":1,""minibatch"":4,""moving_forward_kl"":0.0005615153932012618},{""action_mean_shift"":0.0017228899523615837,""actor_gradient_norm_pre_clip"":17.099525451660156,""behavior_approximate_kl"":0.0007670373888686299,""clip_fraction"":0.14715576171875,""epoch"":2,""minibatch"":1,""moving_forward_kl"":0.000636048789601773},{""action_mean_shift"":0.00184893689583987,""actor_gradient_norm_pre_clip"":21.651092529296875,""behavior_approximate_kl"":0.0008902576519176364,""clip_fraction"":0.177734375,""epoch"":2,""minibatch"":2,""moving_forward_kl"":0.0007287078769877553},{""action_mean_shift"":0.0017579993000254035,""actor_gradient_norm_pre_clip"":21.7811336517334,""behavior_approximate_kl"":0.0007576590869575739,""clip_fraction"":0.1605224609375,""epoch"":2,""minibatch"":3,""moving_forward_kl"":0.0006649220595136285},{""action_mean_shift"":0.0015725716948509216,""actor_gradient_norm_pre_clip"":17.888288497924805,""behavior_approximate_kl"":0.0009440395515412092,""clip_fraction"":0.11248779296875,""epoch"":2,""minibatch"":4,""moving_forward_kl"":0.0005331987049430609}]",0.0005370067665353417,0.4336283185840708,9.247787610619469,-9.355423231040483,0.5663716814159292,f8885b5d0cf5d72ea72a9fbd32dbb4b16c54c0110c0ac2e6221e27ace80c9b32,e5ce1aea0aff3027bdd9d86c8fbf59fe324dd586d6bbf465b11c150ea44db094,0.03810815140604973,0.01890132948756218,0.011075618676841259,0.07560144364833832,0.005614393390715122,0.001437329570762813,0.03647943586111069,0.02066722698509693,0.006493574474006891,0.04842124506831169,0.005008548963814974,0.0009302160469815135,0.03818083927035332,0.018784264102578163,0.01114212442189455,0.0757758840918541,0.005623674485832453,0.0013579503865912557,0.036384742707014084,0.02031473070383072,0.006214451510459185,0.04846930876374245,0.004736204631626606,0.0006717450451105833,0.25,1.0,all_interventions,0.015440877992659807,0.015440877992659807,residual,0.05,8210.0,8029.69677734375,1005.0,0.44308099150657654
formal,F3,A2,A2,8,0.0018354282074142247,1.0,23.75684356689453,0.01622085680719465,0.0008429692243225873,8458,6.169219493865967,0.205230712890625,"[0.0006102234474383295,0.0008523254655301571]",0.632644534111023,0.16196218132972717,0.16222093999385834,0.16222093999385834,"[{""action_mean_shift"":0.0014746116939932108,""actor_gradient_norm_pre_clip"":10.653618812561035,""behavior_approximate_kl"":0.0003739221428986639,""clip_fraction"":0.10015869140625,""epoch"":1,""minibatch"":1,""moving_forward_kl"":0.0004596654907800257},{""action_mean_shift"":0.0019428313244134188,""actor_gradient_norm_pre_clip"":17.540414810180664,""behavior_approximate_kl"":0.0007749925716780126,""clip_fraction"":0.19537353515625,""epoch"":1,""minibatch"":2,""moving_forward_kl"":0.0007911250577308238},{""action_mean_shift"":0.0017960837576538324,""actor_gradient_norm_pre_clip"":21.618595123291016,""behavior_approximate_kl"":0.0004500434151850641,""clip_fraction"":0.1669921875,""epoch"":1,""minibatch"":3,""moving_forward_kl"":0.0006971771363168955},{""action_mean_shift"":0.0016684066504240036,""actor_gradient_norm_pre_clip"":23.75684356689453,""behavior_approximate_kl"":0.0004343633190728724,""clip_fraction"":0.13543701171875,""epoch"":1,""minibatch"":4,""moving_forward_kl"":0.0006113519193604589},{""action_mean_shift"":0.001803993247449398,""actor_gradient_norm_pre_clip"":17.16234016418457,""behavior_approximate_kl"":0.0005181246669963002,""clip_fraction"":0.163818359375,""epoch"":2,""minibatch"":1,""moving_forward_kl"":0.0007020448101684451},{""action_mean_shift"":0.0019344142638146877,""actor_gradient_norm_pre_clip"":17.345186233520508,""behavior_approximate_kl"":0.00048110555508174,""clip_fraction"":0.190673828125,""epoch"":2,""minibatch"":2,""moving_forward_kl"":0.0007939264178276062},{""action_mean_shift"":0.0020637656562030315,""actor_gradient_norm_pre_clip"":19.965900421142578,""behavior_approximate_kl"":2.80645617749542e-05,""clip_fraction"":0.220947265625,""epoch"":2,""minibatch"":3,""moving_forward_kl"":0.0008947915630415082},{""action_mean_shift"":0.001999319065362215,""actor_gradient_norm_pre_clip"":21.48476791381836,""behavior_approximate_kl"":0.0014155340613797307,""clip_fraction"":0.2030029296875,""epoch"":2,""minibatch"":4,""moving_forward_kl"":0.0008489664178341627}]",0.0008523254655301571,0.41818181818181815,9.327272727272728,-10.158625214750117,0.5818181818181818,cff779ebb0816324066a9298afc7847787a1dff59a47bd18d3ad99a63ffec930,f8885b5d0cf5d72ea72a9fbd32dbb4b16c54c0110c0ac2e6221e27ace80c9b32,0.037551239132881165,0.01713213324546814,0.010445680469274521,0.07770084589719772,0.0060156648978590965,0.0013524340465664864,0.03878260776400566,0.02149471454322338,0.006602613255381584,0.051340289413928986,0.0051169912330806255,0.0008859630906954408,0.037758056074380875,0.01682007499039173,0.010355984792113304,0.07762262970209122,0.005389983765780926,0.0012760368408635259,0.038879912346601486,0.02123650535941124,0.0063697462901473045,0.05081206560134888,0.004996501374989748,0.0006984313949942589,0.25,1.0,all_interventions,0.015826078481040895,0.015826078481040895,residual,0.05,8458.0,8241.146484375,1010.0,0.5317061580717564
