specialist_mode,policy_role,metric,phase_bin,normalized_episode_phase,trace_count,same_rollout_success_trace_count,mean,q25,q75,post_audit_replay_used
lateral,base,abs_centerline_error,0,0.0,40,29,0.044332472287351266,0.02726062200963497,0.06399694085121155,False
lateral,base,abs_centerline_error,1,0.01,40,29,0.044864316810562736,0.031048276843503118,0.06086936131119728,False
lateral,base,abs_centerline_error,2,0.02,40,29,0.044956365147219915,0.030444449661299583,0.058940623179078104,False
lateral,base,abs_centerline_error,3,0.03,40,29,0.044128690760466265,0.029113660906441508,0.056687502972781655,False
lateral,base,abs_centerline_error,4,0.04,40,29,0.04505379943863953,0.034883546009659774,0.061157290711998935,False
lateral,base,abs_centerline_error,5,0.05,40,29,0.045945700996817315,0.027821769658476103,0.0664789649657905,False
lateral,base,abs_centerline_error,6,0.06,40,29,0.05274157569394448,0.025563023695722217,0.07754460722208023,False
lateral,base,abs_centerline_error,7,0.07,40,29,0.05975707617277658,0.029354470246471465,0.08973221294581891,False
lateral,base,abs_centerline_error,8,0.08,40,29,0.0620277015644242,0.018007142497226597,0.09351155124604701,False
lateral,base,abs_centerline_error,9,0.09,40,29,0.06497691309603397,0.02466090909671038,0.10044375492259859,False
lateral,base,abs_centerline_error,10,0.1,40,29,0.06963493498740717,0.021861962508410222,0.11110235136002303,False
lateral,base,abs_centerline_error,11,0.11,40,29,0.07805813074283652,0.029863037308678026,0.120568489972502,False
lateral,base,abs_centerline_error,12,0.12,40,29,0.08400610341504218,0.04066724311560392,0.12411469966173173,False
lateral,base,abs_centerline_error,13,0.13,40,29,0.08032822541387938,0.04380342209711671,0.11353038601577281,False
lateral,base,abs_centerline_error,14,0.14,40,29,0.07914676871259871,0.040198669675737604,0.11715407542884351,False
lateral,base,abs_centerline_error,15,0.15,40,29,0.08230082965572363,0.03811563840135933,0.12479269914329053,False
lateral,base,abs_centerline_error,16,0.16,40,29,0.08901453512598528,0.043480874001979836,0.13351911410689354,False
lateral,base,abs_centerline_error,17,0.17,40,29,0.09398109631024998,0.04796648155897854,0.1459717096760869,False
lateral,base,abs_centerline_error,18,0.18,40,29,0.09461266053467991,0.03885704819113014,0.15162344925105573,False
lateral,base,abs_centerline_error,19,0.19,40,29,0.09402123133105304,0.04366138331592083,0.14668591670691966,False
lateral,base,abs_centerline_error,20,0.2,40,29,0.09170785960392094,0.0418191434815526,0.14007646888494493,False
lateral,base,abs_centerline_error,21,0.21,40,29,0.09083523707155838,0.03366580966394396,0.14324415057897566,False
lateral,base,abs_centerline_error,22,0.22,40,29,0.0941920518714469,0.027714003445580598,0.15436615228652956,False
lateral,base,abs_centerline_error,23,0.23,40,29,0.09860681981862582,0.034267243780195675,0.1718303517252207,False
lateral,base,abs_centerline_error,24,0.24,40,29,0.10217455486742437,0.020812963265925653,0.18424529388546942,False
lateral,base,abs_centerline_error,25,0.25,40,29,0.10919001129223034,0.03263621055521071,0.18358976300805807,False
lateral,base,abs_centerline_error,26,0.26,40,29,0.1105673200924648,0.04629883807152511,0.17849525839090347,False
lateral,base,abs_centerline_error,27,0.27,40,29,0.1102237132619776,0.04031752282753598,0.1738488433882594,False
lateral,base,abs_centerline_error,28,0.28,40,29,0.11196512395795435,0.037357076965272365,0.17891064822673802,False
lateral,base,abs_centerline_error,29,0.29,40,29,0.11188081833782053,0.0360220515076071,0.17659953411668544,False
lateral,base,abs_centerline_error,30,0.3,40,29,0.11429684128568625,0.03201571288518609,0.18226740993559357,False
lateral,base,abs_centerline_error,31,0.31,40,29,0.1186695609574963,0.0348796743247658,0.18379304829984905,False
lateral,base,abs_centerline_error,32,0.32,40,29,0.12217925027490129,0.03807024829089641,0.17939000606536865,False
lateral,base,abs_centerline_error,33,0.33,40,29,0.12565982838161288,0.03354223329573867,0.1992234289646149,False
lateral,base,abs_centerline_error,34,0.34,40,29,0.12947184575069695,0.030883560925722205,0.21477130435407166,False
lateral,base,abs_centerline_error,35,0.35000000000000003,40,29,0.13307699953060362,0.04154638564214104,0.22246678806841375,False
lateral,base,abs_centerline_error,36,0.36,40,29,0.13361022369586867,0.031663103345781575,0.22599438965320587,False
lateral,base,abs_centerline_error,37,0.37,40,29,0.13352024407591667,0.03505431487225003,0.20614230401813982,False
lateral,base,abs_centerline_error,38,0.38,40,29,0.13475719955636303,0.03514424379915,0.21372097596526143,False
lateral,base,abs_centerline_error,39,0.39,40,29,0.14011869130877316,0.03288303755223753,0.22659594334661962,False
lateral,base,abs_centerline_error,40,0.4,40,29,0.14759018803830262,0.04576282519847158,0.23684686645865444,False
lateral,base,abs_centerline_error,41,0.41000000000000003,40,29,0.15350651727704098,0.07269278023391965,0.24295143611729145,False
lateral,base,abs_centerline_error,42,0.42,40,29,0.15620907696383074,0.06540045894682407,0.24579949371516704,False
lateral,base,abs_centerline_error,43,0.43,40,29,0.16118025434130684,0.057291315291076936,0.2418594916164875,False
lateral,base,abs_centerline_error,44,0.44,40,29,0.16538579301396386,0.07188310362398626,0.23603593617677687,False
lateral,base,abs_centerline_error,45,0.45,40,29,0.17411412083689357,0.07192058926448233,0.2277473475784063,False
lateral,base,abs_centerline_error,46,0.46,40,29,0.1850068755230168,0.0897420129179955,0.2424436040967703,False
lateral,base,abs_centerline_error,47,0.47000000000000003,40,29,0.19182266236282886,0.09475058093667038,0.27895598590374004,False
lateral,base,abs_centerline_error,48,0.48,40,29,0.19581635788863055,0.10295077465474606,0.300628100335598,False
lateral,base,abs_centerline_error,49,0.49,40,29,0.20365762646845548,0.12073544858023523,0.30417196080088615,False
lateral,base,abs_centerline_error,50,0.5,40,29,0.21575552853755653,0.13431169465184212,0.3321583867073059,False
lateral,base,abs_centerline_error,51,0.51,40,29,0.22849445491656667,0.12947631441056728,0.3508157452940941,False
lateral,base,abs_centerline_error,52,0.52,40,29,0.2392356496714056,0.13488628923892973,0.3472940206527709,False
lateral,base,abs_centerline_error,53,0.53,40,29,0.24581602872908123,0.14185587111860515,0.33825033187866216,False
lateral,base,abs_centerline_error,54,0.54,40,29,0.2509899832513183,0.15750226065516482,0.36143339797854424,False
lateral,base,abs_centerline_error,55,0.55,40,29,0.259302375530824,0.1573852628469467,0.3719187278300524,False
lateral,base,abs_centerline_error,56,0.56,40,29,0.271280449293554,0.16405197232961655,0.3899237495660782,False
lateral,base,abs_centerline_error,57,0.5700000000000001,40,29,0.2839608392901719,0.1598885022848847,0.4008917450159789,False
lateral,base,abs_centerline_error,58,0.58,40,29,0.2933421553689987,0.18720297507941705,0.4131122018396854,False
lateral,base,abs_centerline_error,59,0.59,40,29,0.30072809363342823,0.18171068552881478,0.42300994768738726,False
lateral,base,abs_centerline_error,60,0.6,40,29,0.3077597971586511,0.19849926531314846,0.43513720482587814,False
lateral,base,abs_centerline_error,61,0.61,40,29,0.31659864923078557,0.20422358535230162,0.4363454455882311,False
lateral,base,abs_centerline_error,62,0.62,40,29,0.32615218277834357,0.19257211253046994,0.45309819445014,False
lateral,base,abs_centerline_error,63,0.63,40,29,0.3309432402972526,0.18993503242731094,0.4764657990634441,False
lateral,base,abs_centerline_error,64,0.64,40,29,0.3413909310298041,0.19550231635570525,0.48116274565458295,False
lateral,base,abs_centerline_error,65,0.65,40,29,0.35057904090266667,0.1855467526242137,0.49394133612513547,False
lateral,base,abs_centerline_error,66,0.66,40,29,0.3633772009468521,0.1796943511068821,0.5098182761669159,False
lateral,base,abs_centerline_error,67,0.67,40,29,0.37448317956236143,0.18802890110760948,0.5310196417570114,False
lateral,base,abs_centerline_error,68,0.68,40,29,0.38298263897188006,0.19724642589688288,0.5367730152606964,False
lateral,base,abs_centerline_error,69,0.6900000000000001,40,29,0.38728572155721486,0.18645060066133737,0.544108612537384,False
lateral,base,abs_centerline_error,70,0.7000000000000001,40,29,0.39426372151821865,0.1664160244166851,0.5647530943155289,False
lateral,base,abs_centerline_error,71,0.71,40,29,0.4049994775094091,0.16957837849855417,0.5715509299933911,False
lateral,base,abs_centerline_error,72,0.72,40,29,0.4152180862128734,0.17756123706698415,0.5880749934911728,False
lateral,base,abs_centerline_error,73,0.73,40,29,0.4274690156821161,0.18655189454555512,0.6093364925682544,False
lateral,base,abs_centerline_error,74,0.74,40,29,0.4374521298781038,0.18384498201310634,0.619699833393097,False
lateral,base,abs_centerline_error,75,0.75,40,29,0.44739970020018516,0.19747031852602953,0.6275944635272025,False
lateral,base,abs_centerline_error,76,0.76,40,29,0.45641554508730764,0.21482303619384768,0.6427462440729141,False
lateral,base,abs_centerline_error,77,0.77,40,29,0.4661343324277549,0.23630670696496964,0.6587692050635815,False
lateral,base,abs_centerline_error,78,0.78,40,29,0.4773365515954793,0.24365329861640928,0.6688783603906632,False
lateral,base,abs_centerline_error,79,0.79,40,29,0.48720235570333903,0.24300226390361784,0.6868475955724718,False
lateral,base,abs_centerline_error,80,0.8,40,29,0.49647188862320046,0.24809645935893057,0.7101124793291091,False
lateral,base,abs_centerline_error,81,0.81,40,29,0.5107872244603933,0.24967668838799,0.7311664137244225,False
lateral,base,abs_centerline_error,82,0.8200000000000001,40,29,0.5224972837641835,0.2635128036141398,0.7427919721603395,False
lateral,base,abs_centerline_error,83,0.8300000000000001,40,29,0.5351027756351978,0.27734580751508475,0.7718161387741567,False
lateral,base,abs_centerline_error,84,0.84,40,29,0.5440514191687107,0.28092055380344383,0.7845497477054596,False
lateral,base,abs_centerline_error,85,0.85,40,29,0.5505737496532677,0.2913495395332575,0.7945359796285629,False
lateral,base,abs_centerline_error,86,0.86,40,29,0.5599608073746787,0.27702743001282215,0.8150312572717665,False
lateral,base,abs_centerline_error,87,0.87,40,29,0.5687423558295703,0.2802561700344085,0.8368179333209992,False
lateral,base,abs_centerline_error,88,0.88,40,29,0.5837902630306779,0.28984233558177946,0.8750963419675828,False
lateral,base,abs_centerline_error,89,0.89,40,29,0.595048080099339,0.294800076931715,0.9009199944138528,False
lateral,base,abs_centerline_error,90,0.9,40,29,0.6052401984855532,0.298083470016718,0.9108350545167923,False
lateral,base,abs_centerline_error,91,0.91,40,29,0.6142674784250557,0.2902299162000417,0.9046104097366334,False
lateral,base,abs_centerline_error,92,0.92,40,29,0.6230450183972716,0.2763985492289067,0.9201886552572252,False
lateral,base,abs_centerline_error,93,0.93,40,29,0.6337354641603306,0.29304614700376985,0.9261788421869277,False
lateral,base,abs_centerline_error,94,0.9400000000000001,40,29,0.6437345986710861,0.30962187163531796,0.9521499013900759,False
lateral,base,abs_centerline_error,95,0.9500000000000001,40,29,0.6562095698923806,0.3050163069739937,0.9776678413152695,False
lateral,base,abs_centerline_error,96,0.96,40,29,0.6710215009714011,0.2934175504744053,0.9869427877664566,False
lateral,base,abs_centerline_error,97,0.97,40,29,0.6915583108449355,0.2997798477113247,1.0447248905897135,False
lateral,base,abs_centerline_error,98,0.98,40,29,0.7132159988135098,0.30941150337457657,1.1046372652053833,False
lateral,base,abs_centerline_error,99,0.99,40,29,0.73830751890986,0.3187778670340776,1.1777856379747391,False
lateral,base,abs_centerline_error,100,1.0,40,29,0.033688724134117366,0.016543041914701462,0.051462434232234955,False
lateral,base,abs_heading_error,0,0.0,40,29,0.05495688926312141,0.020775537472218275,0.08845566213130951,False
lateral,base,abs_heading_error,1,0.01,40,29,0.08871032406471205,0.05393437223508954,0.11630999773740769,False
lateral,base,abs_heading_error,2,0.02,40,29,0.15381976959516758,0.0946571657434106,0.2154486118257046,False
lateral,base,abs_heading_error,3,0.03,40,29,0.2406198216364718,0.16935288578271865,0.3180483850836754,False
lateral,base,abs_heading_error,4,0.04,40,29,0.29907299401983617,0.25054364815354346,0.3639123886823654,False
lateral,base,abs_heading_error,5,0.05,40,29,0.3054813508875668,0.24581845849752426,0.3590039826929569,False
lateral,base,abs_heading_error,6,0.06,40,29,0.3292221710421145,0.25519935831427576,0.39706523209810257,False
lateral,base,abs_heading_error,7,0.07,40,29,0.3734672463629395,0.32444896250963207,0.42961722478270536,False
lateral,base,abs_heading_error,8,0.08,40,29,0.40901727525889864,0.30922510832548145,0.5061959314346313,False
lateral,base,abs_heading_error,9,0.09,40,29,0.43433337274566286,0.34092183545231813,0.5259141732752323,False
lateral,base,abs_heading_error,10,0.1,40,29,0.43923190802335743,0.33464946523308753,0.5598872408270835,False
lateral,base,abs_heading_error,11,0.11,40,29,0.4327445335686207,0.33514594681560994,0.5440914396941662,False
lateral,base,abs_heading_error,12,0.12,40,29,0.46641284307837483,0.36730640470981596,0.5552623134851455,False
lateral,base,abs_heading_error,13,0.13,40,29,0.5174495711848142,0.43147939108312133,0.6167079304158687,False
lateral,base,abs_heading_error,14,0.14,40,29,0.5121888585239648,0.47062635749578463,0.6028902125358582,False
lateral,base,abs_heading_error,15,0.15,40,29,0.46217598591931164,0.3687512986361981,0.5584001831710339,False
lateral,base,abs_heading_error,16,0.16,40,29,0.42500839258730416,0.36329777657985707,0.5078821820020676,False
lateral,base,abs_heading_error,17,0.17,40,29,0.44039064253494165,0.336392127647996,0.5420384740829469,False
lateral,base,abs_heading_error,18,0.18,40,29,0.49247813887149083,0.36122131466865526,0.6010165795683861,False
lateral,base,abs_heading_error,19,0.19,40,29,0.5264987984448671,0.4030591718852521,0.625504348576069,False
lateral,base,abs_heading_error,20,0.2,40,29,0.5304863478988411,0.3511743709445,0.6607704341411592,False
lateral,base,abs_heading_error,21,0.21,40,29,0.5127924393974246,0.39820037633180605,0.6244175121188165,False
lateral,base,abs_heading_error,22,0.22,40,29,0.48021885411068804,0.392987535893917,0.6096025404334069,False
lateral,base,abs_heading_error,23,0.23,40,29,0.4686746568419039,0.3137472867965697,0.6025753909349444,False
lateral,base,abs_heading_error,24,0.24,40,29,0.4789140338152647,0.3178786194324493,0.6245379370450974,False
lateral,base,abs_heading_error,25,0.25,40,29,0.4938301847316325,0.3465615995228291,0.5763300806283951,False
lateral,base,abs_heading_error,26,0.26,40,29,0.5275632573440673,0.37543405681848535,0.6440352571010591,False
lateral,base,abs_heading_error,27,0.27,40,29,0.5454205398447811,0.3959422969073054,0.6934845823049546,False
lateral,base,abs_heading_error,28,0.28,40,29,0.5395687080323694,0.3669387605786327,0.6731938731670375,False
lateral,base,abs_heading_error,29,0.29,40,29,0.5328576241284609,0.4105099608004093,0.6651147493720055,False
lateral,base,abs_heading_error,30,0.3,40,29,0.5229054801166059,0.34926154688000677,0.6758104667067528,False
lateral,base,abs_heading_error,31,0.31,40,29,0.5138487250413746,0.33471335619688025,0.6648275479674339,False
lateral,base,abs_heading_error,32,0.32,40,29,0.5429268970561678,0.40856286853551865,0.6608608168363577,False
lateral,base,abs_heading_error,33,0.33,40,29,0.565959645487368,0.40205837629735486,0.6952396121621129,False
lateral,base,abs_heading_error,34,0.34,40,29,0.5768943657279016,0.38983827993273756,0.744237503409386,False
lateral,base,abs_heading_error,35,0.35000000000000003,40,29,0.5846568844467401,0.46753587834537,0.7158787414431573,False
lateral,base,abs_heading_error,36,0.36,40,29,0.6047716776579617,0.4293706655502321,0.7847375202178953,False
lateral,base,abs_heading_error,37,0.37,40,29,0.608084417719394,0.43901363015174866,0.8260661056637765,False
lateral,base,abs_heading_error,38,0.38,40,29,0.6097816838994622,0.4140048608183861,0.8223434245586398,False
lateral,base,abs_heading_error,39,0.39,40,29,0.5979707219824194,0.40128375969827135,0.7732646241784096,False
lateral,base,abs_heading_error,40,0.4,40,29,0.5936705739423632,0.4006983399391174,0.7524509727954865,False
lateral,base,abs_heading_error,41,0.41000000000000003,40,29,0.6307019842527808,0.46402184218168285,0.8423456346988683,False
lateral,base,abs_heading_error,42,0.42,40,29,0.6471121723800898,0.48337831005454013,0.8520936137437825,False
lateral,base,abs_heading_error,43,0.43,40,29,0.6389831743668766,0.37930730968713755,0.8883193680644036,False
lateral,base,abs_heading_error,44,0.44,40,29,0.6389159965887665,0.4106970739364624,0.8311420208215711,False
lateral,base,abs_heading_error,45,0.45,40,29,0.6365055871126243,0.5028916135430336,0.7819344021379948,False
lateral,base,abs_heading_error,46,0.46,40,29,0.6589780838117004,0.5151390220224855,0.8436713802814485,False
lateral,base,abs_heading_error,47,0.47000000000000003,40,29,0.6968395705018193,0.5476725715398792,0.8719080887734889,False
lateral,base,abs_heading_error,48,0.48,40,29,0.7174414038211109,0.484700948894024,0.8706623381376264,False
lateral,base,abs_heading_error,49,0.49,40,29,0.7284122499590742,0.5361819769442084,0.9423517625033856,False
lateral,base,abs_heading_error,50,0.5,40,29,0.7250902301631867,0.5234725773334501,0.9224957376718521,False
lateral,base,abs_heading_error,51,0.51,40,29,0.7335061099287123,0.4955407290160656,0.9015617126226432,False
lateral,base,abs_heading_error,52,0.52,40,29,0.7494776452481748,0.52390052497387,0.9421828836202624,False
lateral,base,abs_heading_error,53,0.53,40,29,0.7546391246598212,0.5529077661037449,0.993445997983217,False
lateral,base,abs_heading_error,54,0.54,40,29,0.7443350824713706,0.5370138707756988,1.0224987542629245,False
lateral,base,abs_heading_error,55,0.55,40,29,0.7539660697057843,0.4645402446389182,0.9877440415322779,False
lateral,base,abs_heading_error,56,0.56,40,29,0.737736835479736,0.5565734511613849,1.0266096270084384,False
lateral,base,abs_heading_error,57,0.5700000000000001,40,29,0.734352537754865,0.604650921970605,0.9393300701677801,False
lateral,base,abs_heading_error,58,0.58,40,29,0.7370292747020722,0.5101618155837059,1.0129076620936404,False
lateral,base,abs_heading_error,59,0.59,40,29,0.7671945197102615,0.45963423043489454,0.9631777492165565,False
lateral,base,abs_heading_error,60,0.6,40,29,0.7976724938675759,0.5409968048334122,1.0550069510936737,False
lateral,base,abs_heading_error,61,0.61,40,29,0.8083550601892384,0.5935230661928652,1.0512152877449983,False
lateral,base,abs_heading_error,62,0.62,40,29,0.8365978143438696,0.5758610826730726,1.0299682265520098,False
lateral,base,abs_heading_error,63,0.63,40,29,0.8659056263137608,0.6963351593911646,1.1216361981630325,False
lateral,base,abs_heading_error,64,0.64,40,29,0.8636634471891449,0.6251576930284501,1.2196004784107208,False
lateral,base,abs_heading_error,65,0.65,40,29,0.8593212362378837,0.5096030712127685,1.1553446173667907,False
lateral,base,abs_heading_error,66,0.66,40,29,0.8603499734923241,0.5611747518181799,1.1287645375728603,False
lateral,base,abs_heading_error,67,0.67,40,29,0.8800729454383257,0.6161650517582897,1.1348975983262053,False
lateral,base,abs_heading_error,68,0.68,40,29,0.9041875641047957,0.6919089704751971,1.1598086643218997,False
lateral,base,abs_heading_error,69,0.6900000000000001,40,29,0.9296314887441696,0.662956541776657,1.2016918936371794,False
lateral,base,abs_heading_error,70,0.7000000000000001,40,29,0.9456355847604572,0.6706600219011304,1.230025386810302,False
lateral,base,abs_heading_error,71,0.71,40,29,0.9174689899729568,0.5973921507596971,1.153540841937065,False
lateral,base,abs_heading_error,72,0.72,40,29,0.8905557321086526,0.6905837422609328,1.11909970164299,False
lateral,base,abs_heading_error,73,0.73,40,29,0.8821604266799985,0.6686708459258084,1.1498999387025834,False
lateral,base,abs_heading_error,74,0.74,40,29,0.9056788800284268,0.6225991964340202,1.199424895048142,False
lateral,base,abs_heading_error,75,0.75,40,29,0.9274140689522028,0.6325723081827167,1.2698377221822743,False
lateral,base,abs_heading_error,76,0.76,40,29,0.9461178259439768,0.618776510953903,1.2867383193969726,False
lateral,base,abs_heading_error,77,0.77,40,29,0.9746986690051853,0.5903722396492963,1.2931513515114785,False
lateral,base,abs_heading_error,78,0.78,40,29,0.9818512013219298,0.6893987300992014,1.2838276946544644,False
lateral,base,abs_heading_error,79,0.79,40,29,0.9836691378057004,0.7003409630060197,1.2476138105988506,False
lateral,base,abs_heading_error,80,0.8,40,29,0.9776941190659997,0.7055266439914709,1.2665596246719357,False
lateral,base,abs_heading_error,81,0.81,40,29,0.9710018528848888,0.6147017531096932,1.2862384638190267,False
lateral,base,abs_heading_error,82,0.8200000000000001,40,29,0.9832412474751473,0.6152972182631485,1.3719663560390474,False
lateral,base,abs_heading_error,83,0.8300000000000001,40,29,1.0097223012093455,0.6126463447511197,1.343433173894883,False
lateral,base,abs_heading_error,84,0.84,40,29,1.0465046821758153,0.7020559597015381,1.3284106898307801,False
lateral,base,abs_heading_error,85,0.85,40,29,1.0655499352887274,0.6975160785019398,1.4254594579339028,False
lateral,base,abs_heading_error,86,0.86,40,29,1.0474449764527378,0.7451673781871797,1.455795884728432,False
lateral,base,abs_heading_error,87,0.87,40,29,1.0257078521661462,0.7007747235894211,1.3884119960665702,False
lateral,base,abs_heading_error,88,0.88,40,29,1.0098054246790706,0.6689700376987457,1.4073638367652894,False
lateral,base,abs_heading_error,89,0.89,40,29,1.029705662536435,0.6618433597683906,1.3411601421236985,False
lateral,base,abs_heading_error,90,0.9,40,29,1.0527391236368566,0.7843538716435432,1.3482068032026295,False
lateral,base,abs_heading_error,91,0.91,40,29,1.0748665731251241,0.7454855550825592,1.3904012981057174,False
lateral,base,abs_heading_error,92,0.92,40,29,1.095335049584508,0.7370089632272724,1.4506174635887157,False
lateral,base,abs_heading_error,93,0.93,40,29,1.1034506027922035,0.7051445174217227,1.5209017047286042,False
lateral,base,abs_heading_error,94,0.9400000000000001,40,29,1.1143207229617984,0.6354249033331876,1.498250759840011,False
lateral,base,abs_heading_error,95,0.9500000000000001,40,29,1.1119603907875715,0.6606293484568599,1.3885673493146884,False
lateral,base,abs_heading_error,96,0.96,40,29,1.1009623881317676,0.7563140094280241,1.3138105630874628,False
lateral,base,abs_heading_error,97,0.97,40,29,1.0993619225248694,0.781298223733902,1.4138601410388942,False
lateral,base,abs_heading_error,98,0.98,40,29,1.115873166240752,0.714312798976898,1.5059078836441038,False
lateral,base,abs_heading_error,99,0.99,40,29,1.1332679057940838,0.6978518371284006,1.471367653608322,False
lateral,base,abs_heading_error,100,1.0,40,29,0.04778729204845149,0.023024436552077532,0.06990345753729343,False
lateral,base,abs_centerline_error_rate,0,0.0,40,29,0.0,0.0,0.0,False
lateral,base,abs_centerline_error_rate,1,0.01,40,29,0.11854820299148558,0.10456449976190925,0.1310012391768396,False
lateral,base,abs_centerline_error_rate,2,0.02,40,29,0.0736659461557865,0.05941965874284505,0.08683875016868114,False
lateral,base,abs_centerline_error_rate,3,0.03,40,29,0.07123891826439649,0.057292616926133653,0.0857423054985702,False
lateral,base,abs_centerline_error_rate,4,0.04,40,29,0.09698141507059338,0.04535537026822564,0.1342338529229164,False
lateral,base,abs_centerline_error_rate,5,0.05,40,29,0.1568544102832675,0.057551346253603655,0.23522873595356947,False
lateral,base,abs_centerline_error_rate,6,0.06,40,29,0.1791860337089747,0.07783751003444184,0.24493477880954742,False
lateral,base,abs_centerline_error_rate,7,0.07,40,29,0.14735575439129026,0.05278084324672811,0.2388912516832351,False
lateral,base,abs_centerline_error_rate,8,0.08,40,29,0.19394455454684795,0.07533958926796934,0.28350393846631067,False
lateral,base,abs_centerline_error_rate,9,0.09,40,29,0.1622757432726212,0.08483457587193695,0.22354445774108203,False
lateral,base,abs_centerline_error_rate,10,0.1,40,29,0.15421834672335535,0.08767130784690379,0.21786427050828946,False
lateral,base,abs_centerline_error_rate,11,0.11,40,29,0.16082347037084394,0.07856892049312603,0.2309147575870154,False
lateral,base,abs_centerline_error_rate,12,0.12,40,29,0.14109874635189776,0.07816132113337534,0.18594119310379026,False
lateral,base,abs_centerline_error_rate,13,0.13,40,29,0.1352897275052965,0.07202563527971481,0.18087119020521636,False
lateral,base,abs_centerline_error_rate,14,0.14,40,29,0.14368746105395264,0.09066522307693972,0.19212266676127937,False
lateral,base,abs_centerline_error_rate,15,0.15,40,29,0.1616340824170039,0.08033290505409235,0.20761140622198582,False
lateral,base,abs_centerline_error_rate,16,0.16,40,29,0.15461784289777283,0.057744733989238635,0.19879144057631482,False
lateral,base,abs_centerline_error_rate,17,0.17,40,29,0.16266536506824206,0.06326518487185255,0.25464364327490263,False
lateral,base,abs_centerline_error_rate,18,0.18,40,29,0.14011705233156685,0.04306386586278673,0.21598129719495812,False
lateral,base,abs_centerline_error_rate,19,0.19,40,29,0.1671272623687982,0.05577346589416264,0.23837645575404148,False
lateral,base,abs_centerline_error_rate,20,0.2,40,29,0.1768955814372749,0.08424852043390282,0.2846396118402482,False
lateral,base,abs_centerline_error_rate,21,0.21,40,29,0.1760461110374891,0.0869136741384864,0.24488482065498862,False
lateral,base,abs_centerline_error_rate,22,0.22,40,29,0.15274073112010958,0.06529295884072786,0.20065328568220167,False
lateral,base,abs_centerline_error_rate,23,0.23,40,29,0.18660632301191807,0.10449369588866829,0.25670607388019573,False
lateral,base,abs_centerline_error_rate,24,0.24,40,29,0.1331124448701739,0.059277937449514886,0.2002327330410481,False
lateral,base,abs_centerline_error_rate,25,0.25,40,29,0.14971540339756756,0.04467835463583474,0.2076373565942049,False
lateral,base,abs_centerline_error_rate,26,0.26,40,29,0.14524740939587333,0.07927660889923559,0.18342038616538053,False
lateral,base,abs_centerline_error_rate,27,0.27,40,29,0.17513090884685506,0.076348653063178,0.26212311461567883,False
lateral,base,abs_centerline_error_rate,28,0.28,40,29,0.15971579895541083,0.055729331448673924,0.22879375517368314,False
lateral,base,abs_centerline_error_rate,29,0.29,40,29,0.12813678061775863,0.056400160454213616,0.17840752750635178,False
lateral,base,abs_centerline_error_rate,30,0.3,40,29,0.13905635023955254,0.043478086590766796,0.23499632254242867,False
lateral,base,abs_centerline_error_rate,31,0.31,40,29,0.14468433867767455,0.08244057232514027,0.19180142503231767,False
lateral,base,abs_centerline_error_rate,32,0.32,40,29,0.1596544322222472,0.06686072051525127,0.1984579231962563,False
lateral,base,abs_centerline_error_rate,33,0.33,40,29,0.170374441231601,0.086325448006392,0.24496235698461483,False
lateral,base,abs_centerline_error_rate,34,0.34,40,29,0.1573903890633957,0.07773615512996906,0.2241570036858321,False
lateral,base,abs_centerline_error_rate,35,0.35000000000000003,40,29,0.1797236326523124,0.09293593782931503,0.22785971611738193,False
lateral,base,abs_centerline_error_rate,36,0.36,40,29,0.15506414636224522,0.07319905608892448,0.20000552162528135,False
lateral,base,abs_centerline_error_rate,37,0.37,40,29,0.1810956185385585,0.08843341842293735,0.26832046318799263,False
lateral,base,abs_centerline_error_rate,38,0.38,40,29,0.20210895840171714,0.11606045946478782,0.2849199377000332,False
lateral,base,abs_centerline_error_rate,39,0.39,40,29,0.14914544303249572,0.0869304955750713,0.22405415385961655,False
lateral,base,abs_centerline_error_rate,40,0.4,40,29,0.16895649571437393,0.06629629060626038,0.24658782407641328,False
lateral,base,abs_centerline_error_rate,41,0.41000000000000003,40,29,0.14295709773618723,0.06425146013498133,0.19735622964799276,False
lateral,base,abs_centerline_error_rate,42,0.42,40,29,0.1663406561315061,0.0646577477455141,0.2635970637202267,False
lateral,base,abs_centerline_error_rate,43,0.43,40,29,0.1939048802116886,0.1215254361415283,0.23880231827497603,False
lateral,base,abs_centerline_error_rate,44,0.44,40,29,0.19445279412996022,0.10725610703229915,0.24111533164978072,False
lateral,base,abs_centerline_error_rate,45,0.45,40,29,0.14814037748612466,0.05097815766930604,0.1936028897762295,False
lateral,base,abs_centerline_error_rate,46,0.46,40,29,0.19089955033129072,0.10344737321138275,0.24926525682210968,False
lateral,base,abs_centerline_error_rate,47,0.47000000000000003,40,29,0.1844518082085995,0.08626948297023752,0.206067011691631,False
lateral,base,abs_centerline_error_rate,48,0.48,40,29,0.19413198415935054,0.12901054397225553,0.25322013348340966,False
lateral,base,abs_centerline_error_rate,49,0.49,40,29,0.1848437447473406,0.12251832984387877,0.25968141481280366,False
lateral,base,abs_centerline_error_rate,50,0.5,40,29,0.19028172586113218,0.07918365299701584,0.2722993493080139,False
lateral,base,abs_centerline_error_rate,51,0.51,40,29,0.19156909239664688,0.0741355419158953,0.26410822570323833,False
lateral,base,abs_centerline_error_rate,52,0.52,40,29,0.18413124565035063,0.07845074683427763,0.26730006188154437,False
lateral,base,abs_centerline_error_rate,53,0.53,40,29,0.14134693515673277,0.07160218060016632,0.19789353013038657,False
lateral,base,abs_centerline_error_rate,54,0.54,40,29,0.22671970552578552,0.13680539000779465,0.2865523174405101,False
lateral,base,abs_centerline_error_rate,55,0.55,40,29,0.19005659447982887,0.06185481324791796,0.2768420428037618,False
lateral,base,abs_centerline_error_rate,56,0.56,40,29,0.18894376721978223,0.07775937020778537,0.2563950717449197,False
lateral,base,abs_centerline_error_rate,57,0.5700000000000001,40,29,0.22173624858260169,0.12065076828002708,0.2738437242805967,False
lateral,base,abs_centerline_error_rate,58,0.58,40,29,0.18863730514422053,0.08198773488402451,0.29745434969663725,False
lateral,base,abs_centerline_error_rate,59,0.59,40,29,0.2112978742811829,0.07969529181718764,0.309148125350479,False
lateral,base,abs_centerline_error_rate,60,0.6,40,29,0.18900603193789736,0.08081652224063887,0.2672933042049421,False
lateral,base,abs_centerline_error_rate,61,0.61,40,29,0.1627822839114812,0.05751197040081104,0.24336516112089152,False
lateral,base,abs_centerline_error_rate,62,0.62,40,29,0.20466577880084486,0.09853129833936626,0.3132767879962926,False
lateral,base,abs_centerline_error_rate,63,0.63,40,29,0.19582184335496283,0.08691540652885982,0.2797607704997058,False
lateral,base,abs_centerline_error_rate,64,0.64,40,29,0.19950137907266616,0.11692766845226414,0.26937131583690677,False
lateral,base,abs_centerline_error_rate,65,0.65,40,29,0.1960398328118025,0.07596220821142097,0.29181962832808495,False
lateral,base,abs_centerline_error_rate,66,0.66,40,29,0.2148652186766266,0.11871953308582317,0.2622344335913673,False
lateral,base,abs_centerline_error_rate,67,0.67,40,29,0.21769918561365942,0.11331402137875397,0.2718154639005653,False
lateral,base,abs_centerline_error_rate,68,0.68,40,29,0.18936554731428631,0.08175306022167275,0.25207027792930786,False
lateral,base,abs_centerline_error_rate,69,0.6900000000000001,40,29,0.18432716016471345,0.1097440440207719,0.23562545143067923,False
lateral,base,abs_centerline_error_rate,70,0.7000000000000001,40,29,0.18280695844441588,0.06855409592389852,0.2990039438009242,False
lateral,base,abs_centerline_error_rate,71,0.71,40,29,0.19324509293586012,0.05404022336006126,0.254719955846667,False
lateral,base,abs_centerline_error_rate,72,0.72,40,29,0.19175739148259172,0.10834227502346061,0.28113141417503373,False
lateral,base,abs_centerline_error_rate,73,0.73,40,29,0.2043359568901359,0.08277782052755306,0.2783025726675985,False
lateral,base,abs_centerline_error_rate,74,0.74,40,29,0.15079330205917368,0.07337322458624845,0.21064404398202882,False
lateral,base,abs_centerline_error_rate,75,0.75,40,29,0.15691622626036397,0.054691312834620726,0.2434162423014628,False
lateral,base,abs_centerline_error_rate,76,0.76,40,29,0.1904245864078403,0.10170581936836222,0.24596785008907535,False
lateral,base,abs_centerline_error_rate,77,0.77,40,29,0.20797621997818366,0.09799349121749397,0.26120176166295933,False
lateral,base,abs_centerline_error_rate,78,0.78,40,29,0.23378793224692357,0.09881190955638983,0.33259132504463207,False
lateral,base,abs_centerline_error_rate,79,0.79,40,29,0.21779391849040955,0.08824425935745166,0.3181264735758305,False
lateral,base,abs_centerline_error_rate,80,0.8,40,29,0.21845338821411114,0.10242521762847859,0.31498745083809,False
lateral,base,abs_centerline_error_rate,81,0.81,40,29,0.20971017181873294,0.12136803753674116,0.2885671518743046,False
lateral,base,abs_centerline_error_rate,82,0.8200000000000001,40,29,0.17653561308979981,0.05682383850216856,0.28050023317336964,False
lateral,base,abs_centerline_error_rate,83,0.8300000000000001,40,29,0.15450167031958706,0.0835242792963978,0.22155749052763096,False
lateral,base,abs_centerline_error_rate,84,0.84,40,29,0.19104287724569466,0.08120733499527011,0.27798378467559814,False
lateral,base,abs_centerline_error_rate,85,0.85,40,29,0.20175687979906787,0.0972519069910047,0.2890643104910845,False
lateral,base,abs_centerline_error_rate,86,0.86,40,29,0.2523704766780139,0.12667939066886905,0.33898860216140775,False
lateral,base,abs_centerline_error_rate,87,0.87,40,29,0.22966241110861305,0.1202372461557391,0.3030224293470382,False
lateral,base,abs_centerline_error_rate,88,0.88,40,29,0.24048606385290633,0.11742596328258517,0.33213019371032865,False
lateral,base,abs_centerline_error_rate,89,0.89,40,29,0.17766277483850726,0.06568679213523934,0.23321790993213712,False
lateral,base,abs_centerline_error_rate,90,0.9,40,29,0.16999773807823676,0.05376163870096225,0.22191591560840607,False
lateral,base,abs_centerline_error_rate,91,0.91,40,29,0.2089569873139266,0.10903277434408626,0.26289256662130295,False
lateral,base,abs_centerline_error_rate,92,0.92,40,29,0.21659824848175072,0.0647333748638653,0.30962100625038314,False
lateral,base,abs_centerline_error_rate,93,0.93,40,29,0.26659276808798305,0.09188960492610929,0.3166334995627379,False
lateral,base,abs_centerline_error_rate,94,0.9400000000000001,40,29,0.3077465556263923,0.09685096144676207,0.377550065517425,False
lateral,base,abs_centerline_error_rate,95,0.9500000000000001,40,29,0.3243900001794097,0.12272061780095395,0.38233316503465015,False
lateral,base,abs_centerline_error_rate,96,0.96,40,29,0.29951580067724015,0.11283321678638525,0.35396813690662554,False
lateral,base,abs_centerline_error_rate,97,0.97,40,29,0.324644866362214,0.09004860743880297,0.4233494251966474,False
lateral,base,abs_centerline_error_rate,98,0.98,40,29,0.3515492332205173,0.09169650077819803,0.46069564670324364,False
lateral,base,abs_centerline_error_rate,99,0.99,40,29,0.39012235257029515,0.07648289203643766,0.567234256863593,False
lateral,base,abs_centerline_error_rate,100,1.0,40,29,0.0,0.0,0.0,False
lateral,base,abs_heading_error_rate,0,0.0,40,29,0.0,0.0,0.0,False
lateral,base,abs_heading_error_rate,1,0.01,40,29,0.7349095047488811,0.6205971866846085,0.8455710625648498,False
lateral,base,abs_heading_error_rate,2,0.02,40,29,0.9310701608955861,0.8365700924396515,1.009766699075699,False
lateral,base,abs_heading_error_rate,3,0.03,40,29,0.7675246391603723,0.5491360375285147,1.0662927269935605,False
lateral,base,abs_heading_error_rate,4,0.04,40,29,0.7691037807054818,0.354591019153595,1.123501399755478,False
lateral,base,abs_heading_error_rate,5,0.05,40,29,0.7557487504184245,0.5873348966240881,0.8320088885724551,False
lateral,base,abs_heading_error_rate,6,0.06,40,29,0.8908657525423915,0.6020991855859756,1.2096357038617136,False
lateral,base,abs_heading_error_rate,7,0.07,40,29,0.9429857536144552,0.6567817944288239,1.3349702149629583,False
lateral,base,abs_heading_error_rate,8,0.08,40,29,0.7042763144522903,0.4301620066165922,0.9416751360893245,False
lateral,base,abs_heading_error_rate,9,0.09,40,29,1.2341169579029083,0.7491074202954768,1.7565357697010042,False
lateral,base,abs_heading_error_rate,10,0.1,40,29,1.2949096349719909,0.7883614063262927,1.6789298504590986,False
lateral,base,abs_heading_error_rate,11,0.11,40,29,1.0214279289301484,0.6001944541931159,1.3325879779458043,False
lateral,base,abs_heading_error_rate,12,0.12,40,29,1.0250396818369625,0.5041672784090038,1.3476785147190096,False
lateral,base,abs_heading_error_rate,13,0.13,40,29,1.0403838128745557,0.5629573206603518,1.447127973139287,False
lateral,base,abs_heading_error_rate,14,0.14,40,29,1.0219607671201223,0.5727737301588033,1.3493639719486235,False
lateral,base,abs_heading_error_rate,15,0.15,40,29,1.0415265179681592,0.589400536566968,1.4928939506411554,False
lateral,base,abs_heading_error_rate,16,0.16,40,29,1.180900714397431,0.7970006674528103,1.436911429166794,False
lateral,base,abs_heading_error_rate,17,0.17,40,29,1.17536412076652,0.8764586228132314,1.35602760016918,False
lateral,base,abs_heading_error_rate,18,0.18,40,29,1.1993912740051742,0.6327032600343223,1.541816725134849,False
lateral,base,abs_heading_error_rate,19,0.19,40,29,1.042455767452717,0.5633702732622623,1.4010221326351178,False
lateral,base,abs_heading_error_rate,20,0.2,40,29,1.2687978215795002,0.6985835283994662,1.7924005568027508,False
lateral,base,abs_heading_error_rate,21,0.21,40,29,1.3623649730607874,0.9339979226887195,1.6300810700655008,False
lateral,base,abs_heading_error_rate,22,0.22,40,29,1.3185015913080433,0.7525495000183653,1.6271237742900848,False
lateral,base,abs_heading_error_rate,23,0.23,40,29,1.3907968473248185,0.9123665586113934,1.81157804965973,False
lateral,base,abs_heading_error_rate,24,0.24,40,29,1.126110171377659,0.6593132174015038,1.5212702870368946,False
lateral,base,abs_heading_error_rate,25,0.25,40,29,1.2878247964195908,0.8343107514083388,1.5912259519100194,False
lateral,base,abs_heading_error_rate,26,0.26,40,29,1.1247575490772714,0.8260785639286055,1.438944013118744,False
lateral,base,abs_heading_error_rate,27,0.27,40,29,1.0829588408842672,0.7008451355993749,1.4037570434808766,False
lateral,base,abs_heading_error_rate,28,0.28,40,29,1.3261174045875652,0.8033805799484253,1.6442598831653519,False
lateral,base,abs_heading_error_rate,29,0.29,40,29,1.28006095306482,0.7287004174292095,1.7237819397449476,False
lateral,base,abs_heading_error_rate,30,0.3,40,29,1.1459663081169125,0.6539938747882806,1.726940253376973,False
lateral,base,abs_heading_error_rate,31,0.31,40,29,1.2235347028747199,0.6825528526306158,1.6516636782884548,False
lateral,base,abs_heading_error_rate,32,0.32,40,29,1.1899965139701973,0.8233675074577324,1.6553009128570593,False
lateral,base,abs_heading_error_rate,33,0.33,40,29,1.1476654204130177,0.7097109758853895,1.5064105811715116,False
lateral,base,abs_heading_error_rate,34,0.34,40,29,1.1166623251717545,0.8415748673677433,1.3696089184284317,False
lateral,base,abs_heading_error_rate,35,0.35000000000000003,40,29,1.2716133861057477,0.9445071816444407,1.6294658362865428,False
lateral,base,abs_heading_error_rate,36,0.36,40,29,0.9900793231725693,0.486221522092819,1.420241478681565,False
lateral,base,abs_heading_error_rate,37,0.37,40,29,1.2139669658020136,0.8755383640527726,1.6395418828725832,False
lateral,base,abs_heading_error_rate,38,0.38,40,29,1.3785310015529393,0.9670238259434708,1.6881446242332456,False
lateral,base,abs_heading_error_rate,39,0.39,40,29,1.272460158303381,0.6466959159076217,1.6807017943263034,False
lateral,base,abs_heading_error_rate,40,0.4,40,29,1.1866068161278962,0.738980668783185,1.452480125427246,False
lateral,base,abs_heading_error_rate,41,0.41000000000000003,40,29,1.2280201895702614,0.6473905235529023,1.699889174103733,False
lateral,base,abs_heading_error_rate,42,0.42,40,29,1.136965022280814,0.5663874986767762,1.4002728915214542,False
lateral,base,abs_heading_error_rate,43,0.43,40,29,1.4680088916569949,0.8772161388397226,1.929677797555928,False
lateral,base,abs_heading_error_rate,44,0.44,40,29,1.2054274277761574,0.5861057043075522,1.621247977018348,False
lateral,base,abs_heading_error_rate,45,0.45,40,29,1.220944313034415,0.7723201327025887,1.595745444297795,False
lateral,base,abs_heading_error_rate,46,0.46,40,29,1.1775052852891377,0.6629164901375797,1.557316176891323,False
lateral,base,abs_heading_error_rate,47,0.47000000000000003,40,29,1.3039221590049563,0.9207267495989785,1.6245093560218864,False
lateral,base,abs_heading_error_rate,48,0.48,40,29,1.25773623880744,0.8746210062503817,1.670279359817503,False
lateral,base,abs_heading_error_rate,49,0.49,40,29,1.312930039323866,0.7625803093612165,1.6855816045403447,False
lateral,base,abs_heading_error_rate,50,0.5,40,29,1.169764538668096,0.6924800574779526,1.5373177230358124,False
lateral,base,abs_heading_error_rate,51,0.51,40,29,1.1795586605481776,0.6790223553776777,1.5153906649350872,False
lateral,base,abs_heading_error_rate,52,0.52,40,29,1.2929869438111783,0.8404139101505284,1.6416518986225141,False
lateral,base,abs_heading_error_rate,53,0.53,40,29,1.1498912038803093,0.5709904551506038,1.6707502004504196,False
lateral,base,abs_heading_error_rate,54,0.54,40,29,1.2370692132264394,0.7369316685199737,1.7266602605581285,False
lateral,base,abs_heading_error_rate,55,0.55,40,29,1.2860320235812106,0.6062956228852288,1.7669539153575848,False
lateral,base,abs_heading_error_rate,56,0.56,40,29,1.1313707947432996,0.6164141297340384,1.395584812164315,False
lateral,base,abs_heading_error_rate,57,0.5700000000000001,40,29,1.200216336727143,0.7106102262437664,1.517010457813737,False
lateral,base,abs_heading_error_rate,58,0.58,40,29,1.2220772978886953,0.7864489740133292,1.5421750009059938,False
lateral,base,abs_heading_error_rate,59,0.59,40,29,1.06215151907876,0.49915730074048503,1.5598866412043573,False
lateral,base,abs_heading_error_rate,60,0.6,40,29,1.3298202345054597,0.6720739215612388,1.8670061111450007,False
lateral,base,abs_heading_error_rate,61,0.61,40,29,1.2735862115211785,0.7678061848878887,1.6284366720914978,False
lateral,base,abs_heading_error_rate,62,0.62,40,29,1.1912423076033585,0.7342076599597922,1.628598263859753,False
lateral,base,abs_heading_error_rate,63,0.63,40,29,1.205050373882056,0.8430033177137406,1.5922098934650342,False
lateral,base,abs_heading_error_rate,64,0.64,40,29,1.2525977507829658,0.9030909383296988,1.6113783216476447,False
lateral,base,abs_heading_error_rate,65,0.65,40,29,1.2125472751492634,0.7495877519249885,1.6425360098481225,False
lateral,base,abs_heading_error_rate,66,0.66,40,29,1.0246320340931399,0.7492700846493268,1.4100038951635316,False
lateral,base,abs_heading_error_rate,67,0.67,40,29,1.0338683263510486,0.570570358186962,1.3629656714201017,False
lateral,base,abs_heading_error_rate,68,0.68,40,29,1.1968108406066893,0.9446347308158871,1.5060827708244207,False
lateral,base,abs_heading_error_rate,69,0.6900000000000001,40,29,1.27398464999162,0.7394464351981949,1.6950368686020485,False
lateral,base,abs_heading_error_rate,70,0.7000000000000001,40,29,1.229114821199325,0.6910594033077382,1.5775597751140613,False
lateral,base,abs_heading_error_rate,71,0.71,40,29,1.1300281953578821,0.743649782389399,1.4601746714115116,False
lateral,base,abs_heading_error_rate,72,0.72,40,29,1.2836913342736658,0.6721545308828375,1.8088925576210007,False
lateral,base,abs_heading_error_rate,73,0.73,40,29,1.2110325665064157,0.5544891804456759,1.6819943803548831,False
lateral,base,abs_heading_error_rate,74,0.74,40,29,1.1951827093623575,0.6775795462727543,1.489816740155219,False
lateral,base,abs_heading_error_rate,75,0.75,40,29,1.2171299849636843,0.7638427428901191,1.5505777671933174,False
lateral,base,abs_heading_error_rate,76,0.76,40,29,1.1931105940639968,0.6965091806650151,1.632140095233901,False
lateral,base,abs_heading_error_rate,77,0.77,40,29,1.2749429824352256,0.8973390281200382,1.6335232546925562,False
lateral,base,abs_heading_error_rate,78,0.78,40,29,1.26646072909236,0.867622458934787,1.7095213091373453,False
lateral,base,abs_heading_error_rate,79,0.79,40,29,1.1803686934523312,0.6966322571039282,1.5844256725907417,False
lateral,base,abs_heading_error_rate,80,0.8,40,29,1.2092554559931183,0.5416113257408133,1.5764749050140203,False
lateral,base,abs_heading_error_rate,81,0.81,40,29,1.259206031180918,0.9223923519253729,1.599944549202914,False
lateral,base,abs_heading_error_rate,82,0.8200000000000001,40,29,1.3074832216799233,0.7985935807228154,1.6086925119161557,False
lateral,base,abs_heading_error_rate,83,0.8300000000000001,40,29,1.3609521089345227,0.9468812638521176,1.726668046712881,False
lateral,base,abs_heading_error_rate,84,0.84,40,29,1.2907653010934594,0.7994488924741888,1.4798274815082568,False
lateral,base,abs_heading_error_rate,85,0.85,40,29,1.4111797830462476,0.9441994130611449,1.6729779958724975,False
lateral,base,abs_heading_error_rate,86,0.86,40,29,1.211086644191295,0.6536400320008368,1.3322264540195488,False
lateral,base,abs_heading_error_rate,87,0.87,40,29,0.9921124508529902,0.5504989380389437,1.4913649812340748,False
lateral,base,abs_heading_error_rate,88,0.88,40,29,1.265499670783059,0.7298702383041413,1.7000814187526698,False
lateral,base,abs_heading_error_rate,89,0.89,40,29,1.2275955810435124,0.8275505763292341,1.6087680792808539,False
lateral,base,abs_heading_error_rate,90,0.9,40,29,1.2288347102142874,0.8488024771213531,1.6127792418003086,False
lateral,base,abs_heading_error_rate,91,0.91,40,29,1.236969477035102,0.6809129400551353,1.5971585544943832,False
lateral,base,abs_heading_error_rate,92,0.92,40,29,1.2700814768206319,0.8357402920722932,1.7467101824283704,False
lateral,base,abs_heading_error_rate,93,0.93,40,29,1.3557028943151215,0.9585218161344524,1.5803086492419158,False
lateral,base,abs_heading_error_rate,94,0.9400000000000001,40,29,1.08095091039594,0.681887521743751,1.5066523849964084,False
lateral,base,abs_heading_error_rate,95,0.9500000000000001,40,29,1.2018483311682933,0.7351008981466264,1.549757495522496,False
lateral,base,abs_heading_error_rate,96,0.96,40,29,1.3355220934376117,0.7793046098947527,1.589758154153824,False
lateral,base,abs_heading_error_rate,97,0.97,40,29,1.0464039313085405,0.7096227884292736,1.4482415434718214,False
lateral,base,abs_heading_error_rate,98,0.98,40,29,1.3645684496052557,0.7617354887723922,1.7498117089271514,False
lateral,base,abs_heading_error_rate,99,0.99,40,29,1.5199703339785349,0.8197989165782926,1.779302720725529,False
lateral,base,abs_heading_error_rate,100,1.0,40,29,0.0,0.0,0.0,False
lateral,base,command_vy,0,0.0,40,29,0.0,0.0,0.0,False
lateral,base,command_vy,1,0.01,40,29,-0.0010007047180552039,0.0,0.0,False
lateral,base,command_vy,2,0.02,40,29,-0.008576590495766142,-0.017921099159866574,0.0033618053700774915,False
lateral,base,command_vy,3,0.03,40,29,-0.028829502499487715,-0.06170775298029184,0.007937218071892857,False
lateral,base,command_vy,4,0.04,40,29,-0.04946547104325145,-0.09489585794508457,0.012409847853705287,False
lateral,base,command_vy,5,0.05,40,29,-0.06549286514578852,-0.12154023759067059,0.005369570112088695,False
lateral,base,command_vy,6,0.06,40,29,-0.0772986295397277,-0.13362499952316284,-0.00748753449181094,False
lateral,base,command_vy,7,0.07,40,29,-0.08667525904206558,-0.14202316738665105,-0.028042712383903576,False
lateral,base,command_vy,8,0.08,40,29,-0.09773461359180509,-0.14680364817380906,-0.05103065229952336,False
lateral,base,command_vy,9,0.09,40,29,-0.10655669730249791,-0.14861992686986925,-0.06881981922313571,False
lateral,base,command_vy,10,0.1,40,29,-0.11210965817794205,-0.1494041532278061,-0.08679932691156864,False
lateral,base,command_vy,11,0.11,40,29,-0.11544035995099693,-0.14974217489361763,-0.09305717879906297,False
lateral,base,command_vy,12,0.12,40,29,-0.11524388832412658,-0.14988838225603104,-0.09357639186084271,False
lateral,base,command_vy,13,0.13,40,29,-0.11828657626640052,-0.14996322453022004,-0.09499346401542424,False
lateral,base,command_vy,14,0.14,40,29,-0.12119724809378385,-0.14998345345258712,-0.10084592431783676,False
lateral,base,command_vy,15,0.15,40,29,-0.12416908422484989,-0.14999093860387802,-0.10244886316359043,False
lateral,base,command_vy,16,0.16,40,29,-0.12455289940536023,-0.14999604910612108,-0.10318194791674615,False
lateral,base,command_vy,17,0.17,40,29,-0.12375734727829697,-0.14997293166816236,-0.10318197309970856,False
lateral,base,command_vy,18,0.18,40,29,-0.1254072372475639,-0.1499856974184513,-0.10527128752321005,False
lateral,base,command_vy,19,0.19,40,29,-0.12666027066297827,-0.1499982137233019,-0.1072736582532525,False
lateral,base,command_vy,20,0.2,40,29,-0.1276891303621232,-0.14999984502792357,-0.10583780854940414,False
lateral,base,command_vy,21,0.21,40,29,-0.1291665062867105,-0.14999991655349731,-0.10572199556976557,False
lateral,base,command_vy,22,0.22,40,29,-0.12634771116822957,-0.14999890953302383,-0.1085890194028616,False
lateral,base,command_vy,23,0.23,40,29,-0.12465737908473233,-0.1499998716264963,-0.10810899496078491,False
lateral,base,command_vy,24,0.24,40,29,-0.12613505098549654,-0.14999991655349731,-0.10874362282454968,False
lateral,base,command_vy,25,0.25,40,29,-0.1271651410497725,-0.14999991655349731,-0.10953197861090302,False
lateral,base,command_vy,26,0.26,40,29,-0.12722041517309848,-0.15455325424671185,-0.10944467358291149,False
lateral,base,command_vy,27,0.27,40,29,-0.12822700803261247,-0.156356897726655,-0.10963103441521527,False
lateral,base,command_vy,28,0.28,40,29,-0.1270562200611457,-0.15185855776071547,-0.10935507439076902,False
lateral,base,command_vy,29,0.29,40,29,-0.1279615657068789,-0.15442888259887697,-0.10905526690185069,False
lateral,base,command_vy,30,0.3,40,29,-0.12859781565144657,-0.14999991655349731,-0.10800854302942753,False
lateral,base,command_vy,31,0.31,40,29,-0.13037424734327943,-0.15292424872517585,-0.10387662345543504,False
lateral,base,command_vy,32,0.32,40,29,-0.12738443608209488,-0.15589791670441627,-0.10265983186662198,False
lateral,base,command_vy,33,0.33,40,29,-0.12337824827712032,-0.15898803979158402,-0.09287997275590897,False
lateral,base,command_vy,34,0.34,40,29,-0.12149292453005915,-0.15976613856852057,-0.09983382590115072,False
lateral,base,command_vy,35,0.35000000000000003,40,29,-0.12380104523617774,-0.15558832269161937,-0.10290452484041453,False
lateral,base,command_vy,36,0.36,40,29,-0.12306963890045883,-0.15382679417729378,-0.10272535093128682,False
lateral,base,command_vy,37,0.37,40,29,-0.1212348280131118,-0.15133823111653327,-0.10181098584085703,False
lateral,base,command_vy,38,0.38,40,29,-0.11793455864535647,-0.1524426057934761,-0.09108313791453836,False
lateral,base,command_vy,39,0.39,40,29,-0.11368269630428407,-0.15303575351834298,-0.08486897021532061,False
lateral,base,command_vy,40,0.4,40,29,-0.11378679296700282,-0.15253554061055183,-0.09966458454728128,False
lateral,base,command_vy,41,0.41000000000000003,40,29,-0.11643088463338791,-0.15202742971479893,-0.09975181318819523,False
lateral,base,command_vy,42,0.42,40,29,-0.11857877815514803,-0.1510665874183178,-0.10203388668596744,False
lateral,base,command_vy,43,0.43,40,29,-0.1177507976740599,-0.1500011059641838,-0.10249323187395931,False
lateral,base,command_vy,44,0.44,40,29,-0.11416388745978474,-0.14999990075826644,-0.10318197309970856,False
lateral,base,command_vy,45,0.45,40,29,-0.11146863421425221,-0.1499990813434124,-0.10317935850471258,False
lateral,base,command_vy,46,0.46,40,29,-0.11091494806669652,-0.14999963507056235,-0.10317589696496726,False
lateral,base,command_vy,47,0.47000000000000003,40,29,-0.10949367939913646,-0.1499999624490738,-0.10317987076938151,False
lateral,base,command_vy,48,0.48,40,29,-0.10839788103848695,-0.14999991655349731,-0.10318125739693641,False
lateral,base,command_vy,49,0.49,40,29,-0.10692709227697923,-0.1499987620860338,-0.10318173123523594,False
lateral,base,command_vy,50,0.5,40,29,-0.10633046424482018,-0.1499994695186615,-0.10318197309970856,False
lateral,base,command_vy,51,0.51,40,29,-0.10858238395513035,-0.14999977573752404,-0.10318197309970856,False
lateral,base,command_vy,52,0.52,40,29,-0.112499398637563,-0.14999994337558747,-0.1031820010393858,False
lateral,base,command_vy,53,0.53,40,29,-0.11616412614635192,-0.15249559350311756,-0.10880890965461731,False
lateral,base,command_vy,54,0.54,40,29,-0.11508558826847001,-0.15015547037124632,-0.10824230663478374,False
lateral,base,command_vy,55,0.55,40,29,-0.1109251160174608,-0.1510444538667798,-0.10318197309970856,False
lateral,base,command_vy,56,0.56,40,29,-0.11116472187195907,-0.1499999612569809,-0.10346143916249276,False
lateral,base,command_vy,57,0.5700000000000001,40,29,-0.10870231751631945,-0.15096452668309213,-0.10326922871172428,False
lateral,base,command_vy,58,0.58,40,29,-0.10593503322592006,-0.1499999612569809,-0.10060499608516693,False
lateral,base,command_vy,59,0.59,40,29,-0.1023881553397514,-0.1499999612569809,-0.10222663424909116,False
lateral,base,command_vy,60,0.6,40,29,-0.1011580104357563,-0.1499999612569809,-0.08740341961383821,False
lateral,base,command_vy,61,0.61,40,29,-0.10194401082606055,-0.15005951195955275,-0.09088104182854292,False
lateral,base,command_vy,62,0.62,40,29,-0.10343775862175972,-0.15002238988876343,-0.09859598871320485,False
lateral,base,command_vy,63,0.63,40,29,-0.1056634609512985,-0.15000845193862916,-0.10318179540336132,False
lateral,base,command_vy,64,0.64,40,29,-0.10665619143284859,-0.1500032189488411,-0.10313156835734844,False
lateral,base,command_vy,65,0.65,40,29,-0.10717863379570189,-0.15000125020742416,-0.10318213440477847,False
lateral,base,command_vy,66,0.66,40,29,-0.10813095040596092,-0.15000051468610764,-0.10318204030394554,False
lateral,base,command_vy,67,0.67,40,29,-0.1081250397237018,-0.15000009655952454,-0.10318218352273106,False
lateral,base,command_vy,68,0.68,40,29,-0.1076311382530257,-0.14999999970197678,-0.10318201035261154,False
lateral,base,command_vy,69,0.6900000000000001,40,29,-0.10808621171209956,-0.15250007063150406,-0.10318201035261154,False
lateral,base,command_vy,70,0.7000000000000001,40,29,-0.10801154670305549,-0.15250007063150406,-0.10318194665014743,False
lateral,base,command_vy,71,0.71,40,29,-0.10751182770170269,-0.1499999612569809,-0.10318196864798665,False
lateral,base,command_vy,72,0.72,40,29,-0.10612928363436369,-0.1499999612569809,-0.1031820010393858,False
lateral,base,command_vy,73,0.73,40,29,-0.10342201578244566,-0.1499999091774225,-0.10217859223484993,False
lateral,base,command_vy,74,0.74,40,29,-0.10352603278495369,-0.14999991655349731,-0.1016232987493277,False
lateral,base,command_vy,75,0.75,40,29,-0.10373054961673915,-0.14999991655349731,-0.10318197309970856,False
lateral,base,command_vy,76,0.76,40,29,-0.10487116869143212,-0.14999991655349731,-0.10318197309970856,False
lateral,base,command_vy,77,0.77,40,29,-0.10791096393507904,-0.15080632753670214,-0.10318197309970856,False
lateral,base,command_vy,78,0.78,40,29,-0.1107270179227926,-0.15033125281333923,-0.10318197309970856,False
lateral,base,command_vy,79,0.79,40,29,-0.11254779049335048,-0.15290764346718788,-0.10318197309970856,False
lateral,base,command_vy,80,0.8,40,29,-0.11443770763464274,-0.1599999964237213,-0.10318201035261154,False
lateral,base,command_vy,81,0.81,40,29,-0.11598488831520078,-0.1599999964237213,-0.10388513965532185,False
lateral,base,command_vy,82,0.8200000000000001,40,29,-0.11776525797694923,-0.1599999964237213,-0.10534537173807622,False
lateral,base,command_vy,83,0.8300000000000001,40,29,-0.11750127661973234,-0.15251149237155914,-0.10833920298144223,False
lateral,base,command_vy,84,0.84,40,29,-0.11428355609998106,-0.15000151097774506,-0.1031820010393858,False
lateral,base,command_vy,85,0.85,40,29,-0.11371813718928023,-0.1500005777925253,-0.10609656013548374,False
lateral,base,command_vy,86,0.86,40,29,-0.11405341200903056,-0.15028617754578588,-0.10403613097965717,False
lateral,base,command_vy,87,0.87,40,29,-0.11417379764653739,-0.1505651355534792,-0.10367613162845372,False
lateral,base,command_vy,88,0.88,40,29,-0.11595341550931335,-0.15071171030402183,-0.10503407381474972,False
lateral,base,command_vy,89,0.89,40,29,-0.1172126868441701,-0.15936405226588246,-0.10377174476161599,False
lateral,base,command_vy,90,0.9,40,29,-0.11693278771825133,-0.15986350998282434,-0.10336965695023537,False
lateral,base,command_vy,91,0.91,40,29,-0.11609521299507468,-0.1599999964237213,-0.10324181281030179,False
lateral,base,command_vy,92,0.92,40,29,-0.11415774363279343,-0.15999770939350128,-0.10318253681063652,False
lateral,base,command_vy,93,0.93,40,29,-0.11125158720742905,-0.15999970898032187,-0.10318196821957827,False
lateral,base,command_vy,94,0.9400000000000001,40,29,-0.10983396977745,-0.15251368746161462,-0.10318203411996364,False
lateral,base,command_vy,95,0.9500000000000001,40,29,-0.1124179138918407,-0.1599999964237213,-0.1031820010393858,False
lateral,base,command_vy,96,0.96,40,29,-0.11574003247916698,-0.1599999964237213,-0.10318218372762203,False
lateral,base,command_vy,97,0.97,40,29,-0.1186521528856829,-0.1559657394886017,-0.1031853000074625,False
lateral,base,command_vy,98,0.98,40,29,-0.12092882981151343,-0.1599999964237213,-0.10827031251043082,False
lateral,base,command_vy,99,0.99,40,29,-0.1217638631910086,-0.1599999964237213,-0.10873944545164706,False
lateral,base,command_vy,100,1.0,40,29,0.0,0.0,0.0,False
lateral,base,command_wz,0,0.0,40,29,0.0,0.0,0.0,False
lateral,base,command_wz,1,0.01,40,29,-0.0021747791140514896,0.0,0.0,False
lateral,base,command_wz,2,0.02,40,29,-0.029184303943766275,-0.05375301823019981,0.0004248125536832959,False
lateral,base,command_wz,3,0.03,40,29,-0.08037344345554448,-0.16873616073280573,-0.0022948771728260897,False
lateral,base,command_wz,4,0.04,40,29,-0.14189410543674608,-0.2908982828259468,-0.02713530756533146,False
lateral,base,command_wz,5,0.05,40,29,-0.18956446841359137,-0.34027066044509413,-0.058761868579313176,False
lateral,base,command_wz,6,0.06,40,29,-0.21510958570428196,-0.3406773388385773,-0.10780123393982648,False
lateral,base,command_wz,7,0.07,40,29,-0.23520067630149427,-0.30448403351008896,-0.15254312731325628,False
lateral,base,command_wz,8,0.08,40,29,-0.27015266206860544,-0.3746256306767464,-0.18896129578351972,False
lateral,base,command_wz,9,0.09,40,29,-0.29971839736402034,-0.4115144947916269,-0.2189050754159689,False
lateral,base,command_wz,10,0.1,40,29,-0.31468727335333824,-0.4255449533462525,-0.23092331327497967,False
lateral,base,command_wz,11,0.11,40,29,-0.3210396807417274,-0.41878838509321215,-0.24760805074125528,False
lateral,base,command_wz,12,0.12,40,29,-0.32430981373786927,-0.4217915371060371,-0.23971477240324018,False
lateral,base,command_wz,13,0.13,40,29,-0.33458403768762957,-0.42284883826971054,-0.2563265184313059,False
lateral,base,command_wz,14,0.14,40,29,-0.35324709689617156,-0.4281784960627556,-0.25960729017853734,False
lateral,base,command_wz,15,0.15,40,29,-0.36438032362610107,-0.42772231809794903,-0.28160622827708726,False
lateral,base,command_wz,16,0.16,40,29,-0.36899236389994616,-0.42818160802125926,-0.3268790757656098,False
lateral,base,command_wz,17,0.17,40,29,-0.3699746061861515,-0.42993134640157227,-0.2620301555097102,False
lateral,base,command_wz,18,0.18,40,29,-0.369471738472581,-0.4292787450551987,-0.30890857249498366,False
lateral,base,command_wz,19,0.19,40,29,-0.37376314412802447,-0.42875836715102195,-0.3295866012573242,False
lateral,base,command_wz,20,0.2,40,29,-0.37687936417758466,-0.43080218732357023,-0.3253934353590011,False
lateral,base,command_wz,21,0.21,40,29,-0.37538913917541494,-0.4283082116395235,-0.3126407504826783,False
lateral,base,command_wz,22,0.22,40,29,-0.3688851289823651,-0.434704155176878,-0.25999922201037406,False
lateral,base,command_wz,23,0.23,40,29,-0.3631096102185548,-0.43961409136652946,-0.25999964863061903,False
lateral,base,command_wz,24,0.24,40,29,-0.36169806543737654,-0.4416067683696747,-0.27944013744592666,False
lateral,base,command_wz,25,0.25,40,29,-0.3601741907186806,-0.43296056240797043,-0.2668848466128112,False
lateral,base,command_wz,26,0.26,40,29,-0.36716143508255483,-0.43471996203064917,-0.26077756062150004,False
lateral,base,command_wz,27,0.27,40,29,-0.3723016657941044,-0.4393122809380293,-0.2910373230278492,False
lateral,base,command_wz,28,0.28,40,29,-0.36947482134401805,-0.44442070722579957,-0.2925314396619796,False
lateral,base,command_wz,29,0.29,40,29,-0.370346426088363,-0.4383325070142746,-0.3129388234764338,False
lateral,base,command_wz,30,0.3,40,29,-0.36284902362152927,-0.4404781021177769,-0.2817613407969475,False
lateral,base,command_wz,31,0.31,40,29,-0.3633885477911681,-0.44722346276044844,-0.27908299677073944,False
lateral,base,command_wz,32,0.32,40,29,-0.36290596780925993,-0.44807532846927645,-0.25999993085861206,False
lateral,base,command_wz,33,0.33,40,29,-0.35918523503467437,-0.44896219819784167,-0.2591550700366497,False
lateral,base,command_wz,34,0.34,40,29,-0.3664356919333223,-0.44980042830109596,-0.2887891000509262,False
lateral,base,command_wz,35,0.35000000000000003,40,29,-0.3761264471849427,-0.44918041229248046,-0.2992750048637389,False
lateral,base,command_wz,36,0.36,40,29,-0.383435963820666,-0.44981840074062346,-0.2960459619760513,False
lateral,base,command_wz,37,0.37,40,29,-0.38902266033599153,-0.449896330088377,-0.32972821377217787,False
lateral,base,command_wz,38,0.38,40,29,-0.3753929901886732,-0.449976744055748,-0.2984504702687264,False
lateral,base,command_wz,39,0.39,40,29,-0.3694814896173776,-0.4499503889679909,-0.2634453058242798,False
lateral,base,command_wz,40,0.4,40,29,-0.3730109503492713,-0.4497541278600693,-0.26682196706533434,False
lateral,base,command_wz,41,0.41000000000000003,40,29,-0.3770554597079753,-0.449738140553236,-0.2647659692168236,False
lateral,base,command_wz,42,0.42,40,29,-0.37959642120636994,-0.44996606796979904,-0.2949521957337856,False
lateral,base,command_wz,43,0.43,40,29,-0.3731369260512293,-0.44999560207128525,-0.30455171629786515,False
lateral,base,command_wz,44,0.44,40,29,-0.3595498753637075,-0.45000001788139343,-0.29419164121150965,False
lateral,base,command_wz,45,0.45,40,29,-0.35423929030075674,-0.4499999597668648,-0.2813105482608079,False
lateral,base,command_wz,46,0.46,40,29,-0.3575779239758849,-0.45000001788139343,-0.28222696736454966,False
lateral,base,command_wz,47,0.47000000000000003,40,29,-0.36151671441644434,-0.45000001788139343,-0.2937989686429501,False
lateral,base,command_wz,48,0.48,40,29,-0.36340989530086504,-0.45000001788139343,-0.3167003968358039,False
lateral,base,command_wz,49,0.49,40,29,-0.3598174073034898,-0.45000001788139343,-0.3461976124346256,False
lateral,base,command_wz,50,0.5,40,29,-0.34817707343026993,-0.45000001788139343,-0.3225573673844338,False
lateral,base,command_wz,51,0.51,40,29,-0.35156389375962316,-0.45000001788139343,-0.3267767563462257,False
lateral,base,command_wz,52,0.52,40,29,-0.35898624554648995,-0.45000001788139343,-0.305414256453514,False
lateral,base,command_wz,53,0.53,40,29,-0.36249837731895973,-0.45000001788139343,-0.3054000546783209,False
lateral,base,command_wz,54,0.54,40,29,-0.34934189161891116,-0.45000001788139343,-0.27164962619543176,False
lateral,base,command_wz,55,0.55,40,29,-0.33836811318993576,-0.45000001788139343,-0.2726297937333583,False
lateral,base,command_wz,56,0.56,40,29,-0.34204977672547104,-0.45000001788139343,-0.26282865554094315,False
lateral,base,command_wz,57,0.5700000000000001,40,29,-0.3561421177759768,-0.45000001788139343,-0.26186691530048845,False
lateral,base,command_wz,58,0.58,40,29,-0.36950211946666245,-0.45000001788139343,-0.28130144819617303,False
lateral,base,command_wz,59,0.59,40,29,-0.3754214461501687,-0.45000001788139343,-0.2609791598469019,False
lateral,base,command_wz,60,0.6,40,29,-0.369351083431393,-0.45000001788139343,-0.260517056286335,False
lateral,base,command_wz,61,0.61,40,29,-0.36738698234618644,-0.45000001788139343,-0.2600904259085655,False
lateral,base,command_wz,62,0.62,40,29,-0.36221008500922475,-0.45000001788139343,-0.26004544124007223,False
lateral,base,command_wz,63,0.63,40,29,-0.3600961586859776,-0.45000001788139343,-0.2600228686630726,False
lateral,base,command_wz,64,0.64,40,29,-0.35846898105740543,-0.45000001788139343,-0.2600403609871864,False
lateral,base,command_wz,65,0.65,40,29,-0.3551393758319318,-0.45000001788139343,-0.2600213557481766,False
lateral,base,command_wz,66,0.66,40,29,-0.3510297861248255,-0.45000001788139343,-0.2600112855434418,False
lateral,base,command_wz,67,0.67,40,29,-0.3525578907150776,-0.45000001788139343,-0.28588482461869713,False
lateral,base,command_wz,68,0.68,40,29,-0.3580552231818438,-0.45000001788139343,-0.26000316768884657,False
lateral,base,command_wz,69,0.6900000000000001,40,29,-0.3626752369403839,-0.45000001788139343,-0.2917789988219743,False
lateral,base,command_wz,70,0.7000000000000001,40,29,-0.36345518244430425,-0.45000001788139343,-0.3333814285695548,False
lateral,base,command_wz,71,0.71,40,29,-0.35888774610869584,-0.45000001788139343,-0.29840843252837657,False
lateral,base,command_wz,72,0.72,40,29,-0.3610113298520446,-0.45000001788139343,-0.3185473755002021,False
lateral,base,command_wz,73,0.73,40,29,-0.3692367322938517,-0.45000001788139343,-0.35667503967881203,False
lateral,base,command_wz,74,0.74,40,29,-0.3732125173886306,-0.45000001788139343,-0.32916695892810804,False
lateral,base,command_wz,75,0.75,40,29,-0.36877693524584176,-0.45000001788139343,-0.3031784798949957,False
lateral,base,command_wz,76,0.76,40,29,-0.36198642718791973,-0.45000001788139343,-0.2714744099974633,False
lateral,base,command_wz,77,0.77,40,29,-0.35930956624075766,-0.45000001788139343,-0.26423147015273574,False
lateral,base,command_wz,78,0.78,40,29,-0.3552234362401069,-0.45000001788139343,-0.26006760478019714,False
lateral,base,command_wz,79,0.79,40,29,-0.3582711658403277,-0.45000001788139343,-0.2600001096725464,False
lateral,base,command_wz,80,0.8,40,29,-0.35770618949085475,-0.45000001788139343,-0.26062204092741015,False
lateral,base,command_wz,81,0.81,40,29,-0.35587047521770004,-0.45000001788139343,-0.26023357406258585,False
lateral,base,command_wz,82,0.8200000000000001,40,29,-0.3547331898957491,-0.45000001788139343,-0.2600876821577549,False
lateral,base,command_wz,83,0.8300000000000001,40,29,-0.3580716566666961,-0.45000001788139343,-0.2995918644964699,False
lateral,base,command_wz,84,0.84,40,29,-0.36068805395066744,-0.45000001788139343,-0.31594619482755676,False
lateral,base,command_wz,85,0.85,40,29,-0.35962097413837907,-0.45000001788139343,-0.30209677815437314,False
lateral,base,command_wz,86,0.86,40,29,-0.36235294114798305,-0.45000001788139343,-0.29740103036165244,False
lateral,base,command_wz,87,0.87,40,29,-0.3633265308514237,-0.45000001788139343,-0.29061879366636273,False
lateral,base,command_wz,88,0.88,40,29,-0.3603755217008292,-0.45000001788139343,-0.2990348666906357,False
lateral,base,command_wz,89,0.89,40,29,-0.35841454026848085,-0.45000001788139343,-0.31723823919892347,False
lateral,base,command_wz,90,0.9,40,29,-0.3659062495827675,-0.45000001788139343,-0.329099825769663,False
lateral,base,command_wz,91,0.91,40,29,-0.3683553993552924,-0.45000001788139343,-0.3601584774255754,False
lateral,base,command_wz,92,0.92,40,29,-0.3680117928422989,-0.45000001788139343,-0.33773611873388254,False
lateral,base,command_wz,93,0.93,40,29,-0.37037604835815735,-0.45000001788139343,-0.32275970809161675,False
lateral,base,command_wz,94,0.9400000000000001,40,29,-0.3714597058147193,-0.45000001788139343,-0.34336859419941906,False
lateral,base,command_wz,95,0.9500000000000001,40,29,-0.372783095324412,-0.45000001788139343,-0.3356969732791187,False
lateral,base,command_wz,96,0.96,40,29,-0.37154773027636123,-0.45000001788139343,-0.32246876984834655,False
lateral,base,command_wz,97,0.97,40,29,-0.3692071811705827,-0.45000001788139343,-0.32029421105980876,False
lateral,base,command_wz,98,0.98,40,29,-0.3656476076394319,-0.45000001788139343,-0.29686073541641234,False
lateral,base,command_wz,99,0.99,40,29,-0.35722120284475384,-0.45000001788139343,-0.2861154218018055,False
lateral,base,command_wz,100,1.0,40,29,0.0,0.0,0.0,False
lateral,base,cbf_correction_norm,0,0.0,40,29,2.5742568099396122e-08,2.3283064365386963e-10,4.0105286203129253e-08,False
lateral,base,cbf_correction_norm,1,0.01,40,29,3.8111598185452955e-08,1.6967653252430994e-08,5.8482270723914095e-08,False
lateral,base,cbf_correction_norm,2,0.02,40,29,3.0973889488805645e-08,1.5863848163988335e-08,4.55101048135731e-08,False
lateral,base,cbf_correction_norm,3,0.03,40,29,2.7704668199790564e-08,1.740144237594165e-08,3.2174112822858094e-08,False
lateral,base,cbf_correction_norm,4,0.04,40,29,3.850215796052935e-08,2.1371242855394712e-08,6.079327306451886e-08,False
lateral,base,cbf_correction_norm,5,0.05,40,29,4.587753584361921e-08,2.4221115690892256e-08,6.599945230334471e-08,False
lateral,base,cbf_correction_norm,6,0.06,40,29,6.581832036101075e-08,4.4260609950441713e-08,8.904061456149754e-08,False
lateral,base,cbf_correction_norm,7,0.07,40,29,4.447020110431854e-08,1.903002251335538e-08,6.602574289971119e-08,False
lateral,base,cbf_correction_norm,8,0.08,40,29,5.772015071503491e-08,3.1981701553718284e-08,8.183375644676974e-08,False
lateral,base,cbf_correction_norm,9,0.09,40,29,6.364584026741229e-08,4.0136634393839245e-08,9.041793648023607e-08,False
lateral,base,cbf_correction_norm,10,0.1,40,29,6.225120606995204e-08,3.692242245278983e-08,7.488192697024937e-08,False
lateral,base,cbf_correction_norm,11,0.11,40,29,5.5295332880511706e-08,2.996087679063558e-08,7.363429473272728e-08,False
lateral,base,cbf_correction_norm,12,0.12,40,29,0.001865168233070686,2.1902706528464914e-08,7.47379795740244e-08,False
lateral,base,cbf_correction_norm,13,0.13,40,29,3.8396607734324416e-05,3.0070747847332685e-08,8.125672231074082e-08,False
lateral,base,cbf_correction_norm,14,0.14,40,29,0.0022597456195763725,3.5449925324115724e-08,8.152540738493054e-08,False
lateral,base,cbf_correction_norm,15,0.15,40,29,6.840531402596551e-08,4.1434930775352616e-08,8.506335431590627e-08,False
lateral,base,cbf_correction_norm,16,0.16,40,29,5.511918771272664e-08,3.032652438506035e-08,8.150562678110865e-08,False
lateral,base,cbf_correction_norm,17,0.17,40,29,0.005066587238404128,4.202975673717225e-08,9.223373053757198e-08,False
lateral,base,cbf_correction_norm,18,0.18,40,29,0.002682377868458965,3.67507076592943e-08,7.771183199167803e-08,False
lateral,base,cbf_correction_norm,19,0.19,40,29,0.0035261297240962936,4.070287786817046e-08,1.2334312060602315e-07,False
lateral,base,cbf_correction_norm,20,0.2,40,29,0.0004897448120413297,4.5018100358617834e-08,9.413437496164079e-08,False
lateral,base,cbf_correction_norm,21,0.21,40,29,0.0004646292431076837,5.312081432506957e-08,1.1023693942124902e-07,False
lateral,base,cbf_correction_norm,22,0.22,40,29,0.015364460246620715,4.1670656631964604e-08,8.695839856187599e-08,False
lateral,base,cbf_correction_norm,23,0.23,40,29,0.009946509583191437,5.211052791942437e-08,1.0133127569922307e-07,False
lateral,base,cbf_correction_norm,24,0.24,40,29,0.005032207587649365,4.879120814038664e-08,1.1314094667369518e-07,False
lateral,base,cbf_correction_norm,25,0.25,40,29,6.819245486622272e-08,3.9508007754207623e-08,9.240369491791989e-08,False
lateral,base,cbf_correction_norm,26,0.26,40,29,0.0027540691042361775,3.8128438122342464e-08,9.543170378378821e-08,False
lateral,base,cbf_correction_norm,27,0.27,40,29,0.003508814978572322,4.0500105624729715e-08,9.020414768912164e-08,False
lateral,base,cbf_correction_norm,28,0.28,40,29,0.0006999432066795497,4.3287686288805806e-08,8.479628946567188e-08,False
lateral,base,cbf_correction_norm,29,0.29,40,29,7.384322341064108e-08,4.951104148887043e-08,9.063408518805696e-08,False
lateral,base,cbf_correction_norm,30,0.3,40,29,0.0006878729539557636,5.980262498539444e-08,1.0058136403756643e-07,False
lateral,base,cbf_correction_norm,31,0.31,40,29,0.0017457246578118217,4.7241713860834924e-08,9.170217190934692e-08,False
lateral,base,cbf_correction_norm,32,0.32,40,29,0.003269056898409196,4.760447151141992e-08,1.0599411307765593e-07,False
lateral,base,cbf_correction_norm,33,0.33,40,29,5.8656299212200804e-08,3.1269212150686356e-08,8.139774694271273e-08,False
lateral,base,cbf_correction_norm,34,0.34,40,29,6.086786335579555e-08,3.472944743343493e-08,7.413459375271722e-08,False
lateral,base,cbf_correction_norm,35,0.35000000000000003,40,29,7.357313223932375e-08,4.6450109536522475e-08,9.216376464227024e-08,False
lateral,base,cbf_correction_norm,36,0.36,40,29,0.004822020700516615,4.403901236571542e-08,8.689703179243149e-08,False
lateral,base,cbf_correction_norm,37,0.37,40,29,7.369197451967395e-08,5.4689691770804164e-08,8.695761740895597e-08,False
lateral,base,cbf_correction_norm,38,0.38,40,29,0.004172316214956247,3.775176892872891e-08,8.538521832690529e-08,False
lateral,base,cbf_correction_norm,39,0.39,40,29,6.238842478800695e-08,3.6303050876540717e-08,8.166593991276722e-08,False
lateral,base,cbf_correction_norm,40,0.4,40,29,0.004414502254968981,4.224482257342238e-08,9.774554996511181e-08,False
lateral,base,cbf_correction_norm,41,0.41000000000000003,40,29,0.002698224131806562,4.2512134266204125e-08,8.722809553773992e-08,False
lateral,base,cbf_correction_norm,42,0.42,40,29,0.010593016389649766,3.7734602287287125e-08,8.129651817512254e-08,False
lateral,base,cbf_correction_norm,43,0.43,40,29,6.676203856947904e-08,4.6338792154543215e-08,8.12964061402968e-08,False
lateral,base,cbf_correction_norm,44,0.44,40,29,0.00463923540651341,2.82824268182934e-08,1.0676535936227101e-07,False
lateral,base,cbf_correction_norm,45,0.45,40,29,6.262804368439839e-08,3.389958744826069e-08,8.603583481203714e-08,False
lateral,base,cbf_correction_norm,46,0.46,40,29,7.967109582684987e-08,4.1222941131735443e-08,1.1571981808344762e-07,False
lateral,base,cbf_correction_norm,47,0.47000000000000003,40,29,6.409413048169553e-08,4.087565574906219e-08,8.049721799352511e-08,False
lateral,base,cbf_correction_norm,48,0.48,40,29,0.0020698399557432514,4.6040210612830364e-08,9.228681328465886e-08,False
lateral,base,cbf_correction_norm,49,0.49,40,29,0.00972004191444056,5.47700077269121e-08,9.568095276080143e-08,False
lateral,base,cbf_correction_norm,50,0.5,40,29,0.01074940333111148,3.806924558924532e-08,9.778781073777054e-08,False
lateral,base,cbf_correction_norm,51,0.51,40,29,0.006684214549820139,5.378428623359403e-08,9.232280115512035e-08,False
lateral,base,cbf_correction_norm,52,0.52,40,29,0.0054774393225640716,4.313260682842162e-08,8.804644615167713e-08,False
lateral,base,cbf_correction_norm,53,0.53,40,29,6.337940638867501e-08,3.61667844117616e-08,8.521985618514814e-08,False
lateral,base,cbf_correction_norm,54,0.54,40,29,0.0007531239144677218,4.318378392653749e-08,7.883247061357707e-08,False
lateral,base,cbf_correction_norm,55,0.55,40,29,0.002830609983805174,5.844679160649116e-08,1.1714447962773806e-07,False
lateral,base,cbf_correction_norm,56,0.56,40,29,6.819960114778939e-08,4.0113234902605725e-08,8.363877668671259e-08,False
lateral,base,cbf_correction_norm,57,0.5700000000000001,40,29,7.188042873917937e-08,3.9598870928970164e-08,9.465554015264425e-08,False
lateral,base,cbf_correction_norm,58,0.58,40,29,0.007835730633976317,3.774605925599375e-08,8.666598596107675e-08,False
lateral,base,cbf_correction_norm,59,0.59,40,29,0.0016960846600610718,4.959671116022663e-08,1.0599543346145882e-07,False
lateral,base,cbf_correction_norm,60,0.6,40,29,0.0013364183564277474,5.0266394957532294e-08,9.374309009047e-08,False
lateral,base,cbf_correction_norm,61,0.61,40,29,0.01018741117469076,4.3844262762604173e-08,6.782258591186955e-08,False
lateral,base,cbf_correction_norm,62,0.62,40,29,6.151299374890228e-08,3.3621461028587665e-08,8.128233510262844e-08,False
lateral,base,cbf_correction_norm,63,0.63,40,29,0.007276177400279764,4.5718818899587155e-08,1.0906586092929189e-07,False
lateral,base,cbf_correction_norm,64,0.64,40,29,7.879103550401096e-08,4.8607074383255744e-08,9.87024454701669e-08,False
lateral,base,cbf_correction_norm,65,0.65,40,29,0.0024115004703832536,3.923445742737322e-08,1.0269733383694292e-07,False
lateral,base,cbf_correction_norm,66,0.66,40,29,6.55036124208585e-08,3.503711674568466e-08,8.876364400833867e-08,False
lateral,base,cbf_correction_norm,67,0.67,40,29,0.0011255212998854704,4.677471930669465e-08,1.1420317930444243e-07,False
lateral,base,cbf_correction_norm,68,0.68,40,29,0.00018462555811416464,3.772398049051133e-08,7.950798746492244e-08,False
lateral,base,cbf_correction_norm,69,0.6900000000000001,40,29,0.000583040774138962,3.5536041167461164e-08,9.368651246788279e-08,False
lateral,base,cbf_correction_norm,70,0.7000000000000001,40,29,0.0003878396881239469,4.3703570229426796e-08,8.592502380721912e-08,False
lateral,base,cbf_correction_norm,71,0.71,40,29,0.002752160712333631,4.7465754722253034e-08,1.11363590278302e-07,False
lateral,base,cbf_correction_norm,72,0.72,40,29,0.0018520234583875405,5.673080087476058e-08,1.0211869842180594e-07,False
lateral,base,cbf_correction_norm,73,0.73,40,29,0.009911789735503673,6.144027780763398e-08,1.0614586551938103e-07,False
lateral,base,cbf_correction_norm,74,0.74,40,29,0.00029553895275604363,4.603100972389058e-08,1.1380695870144592e-07,False
lateral,base,cbf_correction_norm,75,0.75,40,29,0.000852645227837251,4.732446834410136e-08,9.453727045638516e-08,False
lateral,base,cbf_correction_norm,76,0.76,40,29,0.010629647532785306,3.790749627086007e-08,1.0171739781128528e-07,False
lateral,base,cbf_correction_norm,77,0.77,40,29,0.003198398962325545,4.118238377426347e-08,9.127763982874611e-08,False
lateral,base,cbf_correction_norm,78,0.78,40,29,0.00045683622721859617,6.035253235836538e-08,1.0588656866872237e-07,False
lateral,base,cbf_correction_norm,79,0.79,40,29,0.0016984289939829408,3.4331747276183935e-08,8.917330713842473e-08,False
lateral,base,cbf_correction_norm,80,0.8,40,29,7.209458410262189e-08,4.173563876719414e-08,8.489121867683049e-08,False
lateral,base,cbf_correction_norm,81,0.81,40,29,6.798582223410672e-08,3.5943835072771536e-08,9.160126903218376e-08,False
lateral,base,cbf_correction_norm,82,0.8200000000000001,40,29,6.670848580014902e-08,4.5838866018498824e-08,8.619247505947549e-08,False
lateral,base,cbf_correction_norm,83,0.8300000000000001,40,29,6.413078734812705e-08,4.40218079900126e-08,8.09408837199028e-08,False
lateral,base,cbf_correction_norm,84,0.84,40,29,0.00020152256759394015,4.178098830465184e-08,9.324897339624368e-08,False
lateral,base,cbf_correction_norm,85,0.85,40,29,0.002929804475178814,4.609821635526191e-08,7.878579220132962e-08,False
lateral,base,cbf_correction_norm,86,0.86,40,29,6.104319780764205e-08,2.9643774759335912e-08,7.759902567627855e-08,False
lateral,base,cbf_correction_norm,87,0.87,40,29,0.0007359036830067686,2.462418359883123e-08,7.342699024803763e-08,False
lateral,base,cbf_correction_norm,88,0.88,40,29,0.0033017111547289,2.9399533563179447e-08,8.651464732167823e-08,False
lateral,base,cbf_correction_norm,89,0.89,40,29,0.013401510610354736,3.4889969491303134e-08,7.283003677471785e-08,False
lateral,base,cbf_correction_norm,90,0.9,40,29,0.00022715327487593867,3.229297496076758e-08,7.533712658158705e-08,False
lateral,base,cbf_correction_norm,91,0.91,40,29,0.014774953517949455,4.4958973810515193e-08,8.534014318328854e-08,False
lateral,base,cbf_correction_norm,92,0.92,40,29,6.817789761992555e-08,3.8402062187971165e-08,8.645602903811727e-08,False
lateral,base,cbf_correction_norm,93,0.93,40,29,0.0017151186358070204,3.251991382846593e-08,8.250523643837917e-08,False
lateral,base,cbf_correction_norm,94,0.9400000000000001,40,29,0.0073230122369763425,2.854148993591948e-08,7.972544569412314e-08,False
lateral,base,cbf_correction_norm,95,0.9500000000000001,40,29,0.02671214288092975,3.9494271630858565e-08,9.646443448474332e-08,False
lateral,base,cbf_correction_norm,96,0.96,40,29,0.03740921107753084,3.41686729221635e-08,8.013723444832917e-08,False
lateral,base,cbf_correction_norm,97,0.97,40,29,0.042682157931751764,3.3977123443661825e-08,7.382875145900407e-08,False
lateral,base,cbf_correction_norm,98,0.98,40,29,0.08107729894580394,3.943443573461993e-08,9.614711100169837e-08,False
lateral,base,cbf_correction_norm,99,0.99,40,29,0.09401439293267133,2.8803706717539516e-08,6.87816171485161e-08,False
lateral,base,cbf_correction_norm,100,1.0,40,29,0.0,0.0,0.0,False
lateral,control,abs_centerline_error,0,0.0,40,34,0.04433246378903277,0.027260891161859035,0.06399701908230782,False
lateral,control,abs_centerline_error,1,0.01,40,34,0.04493934389075731,0.03051025246270001,0.061036753533408046,False
lateral,control,abs_centerline_error,2,0.02,40,34,0.04456259794009384,0.03130714698694646,0.057667140327394006,False
lateral,control,abs_centerline_error,3,0.03,40,34,0.044056129616947146,0.029248451199382543,0.05598161218687892,False
lateral,control,abs_centerline_error,4,0.04,40,34,0.04520041702524758,0.03309663571417332,0.0632543994113803,False
lateral,control,abs_centerline_error,5,0.05,40,34,0.04793324575992301,0.030800229404121637,0.06782483756542206,False
lateral,control,abs_centerline_error,6,0.06,40,34,0.05500245336361696,0.025638613291084772,0.0828872848302126,False
lateral,control,abs_centerline_error,7,0.07,40,34,0.060726827019068896,0.028046473078429703,0.09886872217059137,False
lateral,control,abs_centerline_error,8,0.08,40,34,0.062986531468021,0.021782300435006622,0.09601279079914093,False
lateral,control,abs_centerline_error,9,0.09,40,34,0.06310524732572959,0.019203235069289802,0.10243148079141975,False
lateral,control,abs_centerline_error,10,0.1,40,34,0.06886681177667922,0.0236358311958611,0.10698377061635256,False
lateral,control,abs_centerline_error,11,0.11,40,34,0.07842162056312371,0.03235022075474262,0.12471124734729529,False
lateral,control,abs_centerline_error,12,0.12,40,34,0.08456934319037827,0.041984439678490165,0.12150129228830338,False
lateral,control,abs_centerline_error,13,0.13,40,34,0.08111183330148923,0.03569352173246443,0.11620840985327957,False
lateral,control,abs_centerline_error,14,0.14,40,34,0.08042983349366113,0.0423064786195755,0.11625965543091299,False
lateral,control,abs_centerline_error,15,0.15,40,34,0.08177334166395665,0.037418681150302294,0.12469487385824322,False
lateral,control,abs_centerline_error,16,0.16,40,34,0.09035315587455986,0.03622431430965663,0.13471477627754214,False
lateral,control,abs_centerline_error,17,0.17,40,34,0.09644296506134198,0.043527948744595105,0.14119299579411745,False
lateral,control,abs_centerline_error,18,0.18,40,34,0.09756566762318834,0.04979862870648502,0.14230148881673815,False
lateral,control,abs_centerline_error,19,0.19,40,34,0.09488936802663371,0.041998194567859186,0.14443597491830587,False
lateral,control,abs_centerline_error,20,0.2,40,34,0.08815470222674776,0.038676365278661244,0.1416345603764057,False
lateral,control,abs_centerline_error,21,0.21,40,34,0.08553176748057287,0.02883063646033407,0.13656736973673103,False
lateral,control,abs_centerline_error,22,0.22,40,34,0.09382089075556721,0.029875446185469626,0.15062162466347218,False
lateral,control,abs_centerline_error,23,0.23,40,34,0.10102574085353991,0.04345343582332133,0.1592744452133775,False
lateral,control,abs_centerline_error,24,0.24,40,34,0.10704395105753792,0.041704296320676806,0.1705072222650051,False
lateral,control,abs_centerline_error,25,0.25,40,34,0.11145711980643683,0.030366472434252497,0.18392639979720116,False
lateral,control,abs_centerline_error,26,0.26,40,34,0.11463850300200282,0.028107213284820395,0.184481705352664,False
lateral,control,abs_centerline_error,27,0.27,40,34,0.11494237237051128,0.031895709121599766,0.18148284893482924,False
lateral,control,abs_centerline_error,28,0.28,40,34,0.11527820024616087,0.03176014794036747,0.1783900432288647,False
lateral,control,abs_centerline_error,29,0.29,40,34,0.11394885762932247,0.03288327166344976,0.17516546159982682,False
lateral,control,abs_centerline_error,30,0.3,40,34,0.11716266192262995,0.02347997399047017,0.17808513082563876,False
lateral,control,abs_centerline_error,31,0.31,40,34,0.12254678813302596,0.030668923659250138,0.18737260952591897,False
lateral,control,abs_centerline_error,32,0.32,40,34,0.12864326028386133,0.033905634526163325,0.19643877148628236,False
lateral,control,abs_centerline_error,33,0.33,40,34,0.13264262867352225,0.02896522684022788,0.20690326765179634,False
lateral,control,abs_centerline_error,34,0.34,40,34,0.13538716950878732,0.035098167639225755,0.21497953206300738,False
lateral,control,abs_centerline_error,35,0.35000000000000003,40,34,0.1357533381396206,0.03219377261120827,0.21961149424314497,False
lateral,control,abs_centerline_error,36,0.36,40,34,0.13763837146479635,0.044046996347606185,0.20960184603929521,False
lateral,control,abs_centerline_error,37,0.37,40,34,0.13888979391069733,0.04466231965459885,0.20965706877410412,False
lateral,control,abs_centerline_error,38,0.38,40,34,0.14417009092302763,0.04064777527004481,0.2190053698420525,False
lateral,control,abs_centerline_error,39,0.39,40,34,0.15070057981861462,0.045428683739155526,0.22299913644790648,False
lateral,control,abs_centerline_error,40,0.4,40,34,0.1560873103141785,0.035179323330521546,0.23297124281525614,False
lateral,control,abs_centerline_error,41,0.41000000000000003,40,34,0.1630506981082799,0.03749243950471283,0.2585498853027822,False
lateral,control,abs_centerline_error,42,0.42,40,34,0.1702502443711274,0.05043939540162681,0.26767521575093267,False
lateral,control,abs_centerline_error,43,0.43,40,34,0.17359485643361403,0.06604818888008596,0.2620996109396219,False
lateral,control,abs_centerline_error,44,0.44,40,34,0.1746595076858066,0.05664322145283224,0.24963171333074566,False
lateral,control,abs_centerline_error,45,0.45,40,34,0.18134700689464808,0.07051594471558933,0.25541662313044067,False
lateral,control,abs_centerline_error,46,0.46,40,34,0.1886443664473482,0.08775629252195348,0.26709011718630793,False
lateral,control,abs_centerline_error,47,0.47000000000000003,40,34,0.19725570592365696,0.08221260832622646,0.2843615823984147,False
lateral,control,abs_centerline_error,48,0.48,40,34,0.20285895615280608,0.07980699352920058,0.2916752636432648,False
lateral,control,abs_centerline_error,49,0.49,40,34,0.20717127493326548,0.08103561269119382,0.3042431751638651,False
lateral,control,abs_centerline_error,50,0.5,40,34,0.21013103595469146,0.09388590604066849,0.3066125400364399,False
lateral,control,abs_centerline_error,51,0.51,40,34,0.21427593914605683,0.09341206738725302,0.32253736570477487,False
lateral,control,abs_centerline_error,52,0.52,40,34,0.21866877918131644,0.10322062425315384,0.3251795798540115,False
lateral,control,abs_centerline_error,53,0.53,40,34,0.225330938795305,0.11313884688541294,0.3303036590665579,False
lateral,control,abs_centerline_error,54,0.54,40,34,0.23649750712094836,0.11229368504136798,0.341102291494608,False
lateral,control,abs_centerline_error,55,0.55,40,34,0.24505562845151876,0.1119246138259769,0.34727365784347064,False
lateral,control,abs_centerline_error,56,0.56,40,34,0.24815413926355542,0.11751559890806677,0.36092267513275156,False
lateral,control,abs_centerline_error,57,0.5700000000000001,40,34,0.24947413142211738,0.10940098516643026,0.3816574863344432,False
lateral,control,abs_centerline_error,58,0.58,40,34,0.2524396183248609,0.10027658380568011,0.3884737665951249,False
lateral,control,abs_centerline_error,59,0.59,40,34,0.2616017838045955,0.1113173003308475,0.40659002445638176,False
lateral,control,abs_centerline_error,60,0.6,40,34,0.27153905044309784,0.11415681205689907,0.4236462727189064,False
lateral,control,abs_centerline_error,61,0.61,40,34,0.27887156815268105,0.11684182470664381,0.4381745608150959,False
lateral,control,abs_centerline_error,62,0.62,40,34,0.28523358839936547,0.12431982476264242,0.44968405887484547,False
lateral,control,abs_centerline_error,63,0.63,40,34,0.2916299178805203,0.13850619614124296,0.44184704840183253,False
lateral,control,abs_centerline_error,64,0.64,40,34,0.3001655765492469,0.14587638795375824,0.4448243299126625,False
lateral,control,abs_centerline_error,65,0.65,40,34,0.31255754304118455,0.1455176606774331,0.4539335206151009,False
lateral,control,abs_centerline_error,66,0.66,40,34,0.320690571282059,0.15080852694809432,0.470013445019722,False
lateral,control,abs_centerline_error,67,0.67,40,34,0.3256586315352471,0.1512287821620703,0.4786620496213436,False
lateral,control,abs_centerline_error,68,0.68,40,34,0.3330124497264625,0.16357066437602066,0.4877308923006058,False
lateral,control,abs_centerline_error,69,0.6900000000000001,40,34,0.3387899508606644,0.1565668796747923,0.4951863160729409,False
lateral,control,abs_centerline_error,70,0.7000000000000001,40,34,0.3501510022208095,0.17406833581626413,0.49812458157539363,False
lateral,control,abs_centerline_error,71,0.71,40,34,0.3591936881225556,0.17394820086658003,0.4902472710609436,False
lateral,control,abs_centerline_error,72,0.72,40,34,0.3659688239321114,0.18301016584038735,0.5086582416296003,False
lateral,control,abs_centerline_error,73,0.73,40,34,0.3716400566278025,0.1912074130401015,0.53129981726408,False
lateral,control,abs_centerline_error,74,0.74,40,34,0.3770660872422159,0.19508008614182473,0.5468472683429718,False
lateral,control,abs_centerline_error,75,0.75,40,34,0.3853545691847103,0.20625650137662888,0.5539281442761421,False
lateral,control,abs_centerline_error,76,0.76,40,34,0.39401966289430845,0.2189510005712509,0.5684464639425278,False
lateral,control,abs_centerline_error,77,0.77,40,34,0.40153873834945264,0.22468123175203794,0.5856032055616378,False
lateral,control,abs_centerline_error,78,0.78,40,34,0.4113053188845515,0.2382471474260092,0.6055079138278961,False
lateral,control,abs_centerline_error,79,0.79,40,34,0.42157240540347996,0.25052135527133934,0.6172177809476853,False
lateral,control,abs_centerline_error,80,0.8,40,34,0.433179430924356,0.2407466754317284,0.6300760954618454,False
lateral,control,abs_centerline_error,81,0.81,40,34,0.44110756694432335,0.25027870059013374,0.6370787844061852,False
lateral,control,abs_centerline_error,82,0.8200000000000001,40,34,0.45077397130988545,0.25421642675995826,0.6542902749776841,False
lateral,control,abs_centerline_error,83,0.8300000000000001,40,34,0.4604648502636701,0.25024279236793523,0.6716059553623199,False
lateral,control,abs_centerline_error,84,0.84,40,34,0.47162664313614355,0.2624617087841033,0.6874776798486709,False
lateral,control,abs_centerline_error,85,0.85,40,34,0.48474806135054677,0.2889828272163868,0.6916607722640038,False
lateral,control,abs_centerline_error,86,0.86,40,34,0.49651924887299526,0.31614635705947874,0.6918186980485916,False
lateral,control,abs_centerline_error,87,0.87,40,34,0.5065805490538478,0.32106074571609494,0.7145449130237101,False
lateral,control,abs_centerline_error,88,0.88,40,34,0.5150495114954793,0.31464022874832154,0.7242104870080948,False
lateral,control,abs_centerline_error,89,0.89,40,34,0.5260067703123206,0.32697648003697394,0.7415506426990033,False
lateral,control,abs_centerline_error,90,0.9,40,34,0.5363870518040492,0.33657439798116684,0.7584278821945191,False
lateral,control,abs_centerline_error,91,0.91,40,34,0.5431924612927251,0.34314274787902843,0.7707074058055878,False
lateral,control,abs_centerline_error,92,0.92,40,34,0.5510259522325359,0.33365809530019763,0.7774912536144256,False
lateral,control,abs_centerline_error,93,0.93,40,34,0.5598032638791481,0.34078966133296495,0.7769920919835567,False
lateral,control,abs_centerline_error,94,0.9400000000000001,40,34,0.5715337662240492,0.3481814105808735,0.7932126060128214,False
lateral,control,abs_centerline_error,95,0.9500000000000001,40,34,0.5824672424979507,0.3508553132414818,0.8045730516314508,False
lateral,control,abs_centerline_error,96,0.96,40,34,0.5918924910556524,0.35718081086874004,0.8243748492002487,False
lateral,control,abs_centerline_error,97,0.97,40,34,0.6007131267180666,0.3579966285824776,0.8453168316185474,False
lateral,control,abs_centerline_error,98,0.98,40,34,0.6120426026768981,0.3624852742254734,0.840640175640583,False
lateral,control,abs_centerline_error,99,0.99,40,34,0.624005796508929,0.3637150210142136,0.8529410189390182,False
lateral,control,abs_centerline_error,100,1.0,40,34,0.040161254815757275,0.023762034252285957,0.056297832168638706,False
lateral,control,abs_heading_error,0,0.0,40,34,0.05495893354236614,0.020775537472218275,0.08845566213130951,False
lateral,control,abs_heading_error,1,0.01,40,34,0.08925501431734305,0.05784398626536131,0.11995480446144939,False
lateral,control,abs_heading_error,2,0.02,40,34,0.15890716302441432,0.11028054453432562,0.2208474500477314,False
lateral,control,abs_heading_error,3,0.03,40,34,0.24842977890744805,0.18732825722545385,0.3239014345407486,False
lateral,control,abs_heading_error,4,0.04,40,34,0.3071485664919019,0.256058364212513,0.3706038776040077,False
lateral,control,abs_heading_error,5,0.05,40,34,0.30943626900203536,0.257748918235302,0.3684032425284386,False
lateral,control,abs_heading_error,6,0.06,40,34,0.3300418548844754,0.27517512083053586,0.3890095987915993,False
lateral,control,abs_heading_error,7,0.07,40,34,0.37215881424397235,0.3144826069474221,0.43614838927984245,False
lateral,control,abs_heading_error,8,0.08,40,34,0.4133587190806865,0.304746091067791,0.5236689567565918,False
lateral,control,abs_heading_error,9,0.09,40,34,0.4414168746173381,0.35738993972539895,0.5723954606056214,False
lateral,control,abs_heading_error,10,0.1,40,34,0.4548114237561823,0.3750079713761807,0.5385560095310213,False
lateral,control,abs_heading_error,11,0.11,40,34,0.44214133477024753,0.3255406078696251,0.5523700934648514,False
lateral,control,abs_heading_error,12,0.12,40,34,0.4619855954572558,0.384993952512741,0.5766896361112595,False
lateral,control,abs_heading_error,13,0.13,40,34,0.5195545539259909,0.44448045991361146,0.5988800211250782,False
lateral,control,abs_heading_error,14,0.14,40,34,0.5084092018008233,0.43952290654182413,0.6033278754353524,False
lateral,control,abs_heading_error,15,0.15,40,34,0.4570905892737211,0.36714470684528344,0.5367967307567596,False
lateral,control,abs_heading_error,16,0.16,40,34,0.4111634930707514,0.3341003555059433,0.4813400420546531,False
lateral,control,abs_heading_error,17,0.17,40,34,0.4299430436678232,0.3291575505584479,0.5342476603388787,False
lateral,control,abs_heading_error,18,0.18,40,34,0.48781151418015367,0.3992847490310667,0.6195848083496094,False
lateral,control,abs_heading_error,19,0.19,40,34,0.5399803513884546,0.4230403278023005,0.6685739374160767,False
lateral,control,abs_heading_error,20,0.2,40,34,0.5534374206513167,0.4333360403776169,0.7129832565784455,False
lateral,control,abs_heading_error,21,0.21,40,34,0.5344641939271243,0.4274698800593619,0.6707735936343671,False
lateral,control,abs_heading_error,22,0.22,40,34,0.4769621774926781,0.31956170424818986,0.6048335200548172,False
lateral,control,abs_heading_error,23,0.23,40,34,0.4489442569799721,0.3273054515570402,0.5515542808175085,False
lateral,control,abs_heading_error,24,0.24,40,34,0.45604907124210153,0.32575437635183335,0.5577847957611084,False
lateral,control,abs_heading_error,25,0.25,40,34,0.4816845352528617,0.354564530774951,0.6537988409399987,False
lateral,control,abs_heading_error,26,0.26,40,34,0.517537831902504,0.34992850348353377,0.6920980402827263,False
lateral,control,abs_heading_error,27,0.27,40,34,0.5254803998693824,0.3838583239912987,0.7177649515867235,False
lateral,control,abs_heading_error,28,0.28,40,34,0.5079028196856379,0.3320745733380321,0.6732349723577501,False
lateral,control,abs_heading_error,29,0.29,40,34,0.4827901671798899,0.32158609278500033,0.6379687631130219,False
lateral,control,abs_heading_error,30,0.3,40,34,0.4808834134833887,0.3308545976877213,0.6332061871886253,False
lateral,control,abs_heading_error,31,0.31,40,34,0.4779856866844276,0.3558059512078763,0.5834897117316723,False
lateral,control,abs_heading_error,32,0.32,40,34,0.4829339423477649,0.3318481332063676,0.6127711468935015,False
lateral,control,abs_heading_error,33,0.33,40,34,0.5101614747523563,0.41284052670002025,0.618121223151684,False
lateral,control,abs_heading_error,34,0.34,40,34,0.5446861395612358,0.34627701207995343,0.6848740112781525,False
lateral,control,abs_heading_error,35,0.35000000000000003,40,34,0.5644206450413913,0.30572399087250246,0.7564167886972427,False
lateral,control,abs_heading_error,36,0.36,40,34,0.5625041138244558,0.35216415226459497,0.7725322979688644,False
lateral,control,abs_heading_error,37,0.37,40,34,0.5564754533942468,0.36410881802439693,0.7505842946469783,False
lateral,control,abs_heading_error,38,0.38,40,34,0.5542742975335567,0.4075337435305119,0.7345307856798171,False
lateral,control,abs_heading_error,39,0.39,40,34,0.5358155833538621,0.3854791311919693,0.6979234586656091,False
lateral,control,abs_heading_error,40,0.4,40,34,0.5391770250722766,0.3943078890442847,0.75510573387146,False
lateral,control,abs_heading_error,41,0.41000000000000003,40,34,0.533660708830459,0.2973264861106875,0.7514160871505734,False
lateral,control,abs_heading_error,42,0.42,40,34,0.5530868613022323,0.3011408211290837,0.7493445467948912,False
lateral,control,abs_heading_error,43,0.43,40,34,0.576504904010333,0.32803173236548866,0.8114811800420285,False
lateral,control,abs_heading_error,44,0.44,40,34,0.5946814798042178,0.37995055079460155,0.7988817232847213,False
lateral,control,abs_heading_error,45,0.45,40,34,0.6079605455417185,0.4729355998337267,0.7600571088492869,False
lateral,control,abs_heading_error,46,0.46,40,34,0.5850307405441997,0.4191957309842107,0.7567347547411918,False
lateral,control,abs_heading_error,47,0.47000000000000003,40,34,0.569435568679124,0.4061458467692138,0.7717055158317093,False
lateral,control,abs_heading_error,48,0.48,40,34,0.5857250490707812,0.3981291261315345,0.7917159420251845,False
lateral,control,abs_heading_error,49,0.49,40,34,0.636776103073731,0.34974634990096065,0.8710888373851775,False
lateral,control,abs_heading_error,50,0.5,40,34,0.6898035935126245,0.49104976654052745,0.943957693874836,False
lateral,control,abs_heading_error,51,0.51,40,34,0.7023893659524622,0.521098952889443,0.8878919425606726,False
lateral,control,abs_heading_error,52,0.52,40,34,0.6623074606880547,0.4843844684958458,0.8628510898351669,False
lateral,control,abs_heading_error,53,0.53,40,34,0.6323154144985601,0.44817423000931744,0.8548299469053745,False
lateral,control,abs_heading_error,54,0.54,40,34,0.6301697138547897,0.41519302919507056,0.8883061847090715,False
lateral,control,abs_heading_error,55,0.55,40,34,0.6546653182525188,0.38073642291128657,0.9115791350603097,False
lateral,control,abs_heading_error,56,0.56,40,34,0.7005910960454494,0.39690878033638,0.9301184767484673,False
lateral,control,abs_heading_error,57,0.5700000000000001,40,34,0.7274074857896193,0.4925728004425765,0.9271363332867617,False
lateral,control,abs_heading_error,58,0.58,40,34,0.7142197610689325,0.5122713318467134,0.9699367302656167,False
lateral,control,abs_heading_error,59,0.59,40,34,0.6892844416842563,0.4816524177789687,0.9484451718628415,False
lateral,control,abs_heading_error,60,0.6,40,34,0.6974880069866777,0.5384647011756891,0.9095881938934328,False
lateral,control,abs_heading_error,61,0.61,40,34,0.7254239607900381,0.5116145381331444,0.9024549373984337,False
lateral,control,abs_heading_error,62,0.62,40,34,0.7429013097819406,0.5817871659994118,0.9689353787899018,False
lateral,control,abs_heading_error,63,0.63,40,34,0.7362465269467795,0.5414233012497427,0.9182295446097857,False
lateral,control,abs_heading_error,64,0.64,40,34,0.7382219006530941,0.4825807639956473,0.9721194356679916,False
lateral,control,abs_heading_error,65,0.65,40,34,0.7357987583428622,0.5007845163345338,0.9847673013806347,False
lateral,control,abs_heading_error,66,0.66,40,34,0.7678844840195962,0.5941361740231509,0.9846208727359773,False
lateral,control,abs_heading_error,67,0.67,40,34,0.8073699445724488,0.6213878363370902,0.9740025743842124,False
lateral,control,abs_heading_error,68,0.68,40,34,0.8075765990912916,0.6655517208576204,1.0241172182559959,False
lateral,control,abs_heading_error,69,0.6900000000000001,40,34,0.808106298094615,0.5997640870511528,1.0547835618257533,False
lateral,control,abs_heading_error,70,0.7000000000000001,40,34,0.7833072937082033,0.5731195271015161,0.9840257346630095,False
lateral,control,abs_heading_error,71,0.71,40,34,0.8025861911587416,0.5322357933223247,1.0914877200126638,False
lateral,control,abs_heading_error,72,0.72,40,34,0.8040871473960578,0.49853691846132364,1.1070622467994689,False
lateral,control,abs_heading_error,73,0.73,40,34,0.813546848169528,0.5874935239553453,1.061339891254902,False
lateral,control,abs_heading_error,74,0.74,40,34,0.8283552367873492,0.5370837354660036,1.0776682937145232,False
lateral,control,abs_heading_error,75,0.75,40,34,0.8473177868872881,0.6071023717522619,1.0792730152606964,False
lateral,control,abs_heading_error,76,0.76,40,34,0.8618783969320358,0.683029741644859,1.1207566237449642,False
lateral,control,abs_heading_error,77,0.77,40,34,0.8746671408750117,0.6419013912975788,1.1999268409609796,False
lateral,control,abs_heading_error,78,0.78,40,34,0.8907578327059745,0.6203686296939852,1.2034792494773865,False
lateral,control,abs_heading_error,79,0.79,40,34,0.8979665998565032,0.7130039311945444,1.2182784977555265,False
lateral,control,abs_heading_error,80,0.8,40,34,0.9226441459730269,0.6959492802619933,1.1672971606254574,False
lateral,control,abs_heading_error,81,0.81,40,34,0.9539945717006921,0.7314777730405322,1.2037596002221107,False
lateral,control,abs_heading_error,82,0.8200000000000001,40,34,0.9844218408875169,0.7238980218768125,1.2904687815904634,False
lateral,control,abs_heading_error,83,0.8300000000000001,40,34,0.9929400781542063,0.7357986253499983,1.3132557323575023,False
lateral,control,abs_heading_error,84,0.84,40,34,0.9864199921744875,0.7740924257040028,1.3805233502387997,False
lateral,control,abs_heading_error,85,0.85,40,34,0.9687752694112712,0.7845518618822098,1.3240055382251743,False
lateral,control,abs_heading_error,86,0.86,40,34,0.9858274005502464,0.7166345959901812,1.3183147495985035,False
lateral,control,abs_heading_error,87,0.87,40,34,1.0018041742667556,0.7163282291591171,1.2996501302719117,False
lateral,control,abs_heading_error,88,0.88,40,34,1.0067378855869176,0.6526864200830461,1.3053626477718354,False
lateral,control,abs_heading_error,89,0.89,40,34,1.0139149550627917,0.7760250379145144,1.3018386760354042,False
lateral,control,abs_heading_error,90,0.9,40,34,1.0221484116651116,0.7693323180079462,1.4332476675510408,False
lateral,control,abs_heading_error,91,0.91,40,34,1.0353165208706634,0.7518816511332981,1.4487345618009566,False
lateral,control,abs_heading_error,92,0.92,40,34,1.0516766186095772,0.8005977296829221,1.3635111153125763,False
lateral,control,abs_heading_error,93,0.93,40,34,1.0481470423359422,0.7858960890769962,1.364484277367592,False
lateral,control,abs_heading_error,94,0.9400000000000001,40,34,1.0386996198892593,0.7362033838033673,1.288844698667525,False
lateral,control,abs_heading_error,95,0.9500000000000001,40,34,1.0317012636928122,0.7517886385321618,1.3275842830538762,False
lateral,control,abs_heading_error,96,0.96,40,34,1.0363011905178428,0.7594837188720699,1.3098952341079713,False
lateral,control,abs_heading_error,97,0.97,40,34,1.0497040110891684,0.7914173462986944,1.297918048799038,False
lateral,control,abs_heading_error,98,0.98,40,34,1.0552344901571051,0.8016203641891481,1.3914802813529965,False
lateral,control,abs_heading_error,99,0.99,40,34,1.0638661341224798,0.8112197542190556,1.3518395623564716,False
lateral,control,abs_heading_error,100,1.0,40,34,0.05040483726988896,0.01749307569116354,0.0758246835321188,False
lateral,control,abs_centerline_error_rate,0,0.0,40,34,0.0,0.0,0.0,False
lateral,control,abs_centerline_error_rate,1,0.01,40,34,0.1187334702927619,0.11243306338787079,0.12978539310395718,False
lateral,control,abs_centerline_error_rate,2,0.02,40,34,0.0703034556247294,0.05715653114020825,0.08578045759350059,False
lateral,control,abs_centerline_error_rate,3,0.03,40,34,0.07196352573484183,0.054417082574218525,0.08827516436576843,False
lateral,control,abs_centerline_error_rate,4,0.04,40,34,0.0991421062760055,0.053971016779541976,0.1361052834987641,False
lateral,control,abs_centerline_error_rate,5,0.05,40,34,0.15861337290145458,0.06843742020428181,0.2269990257918834,False
lateral,control,abs_centerline_error_rate,6,0.06,40,34,0.19197978084161876,0.13398395597934712,0.24385257549583916,False
lateral,control,abs_centerline_error_rate,7,0.07,40,34,0.1515947938910685,0.04759358800947653,0.25113614995032535,False
lateral,control,abs_centerline_error_rate,8,0.08,40,34,0.1956673734970391,0.0716900657862425,0.29117498427629485,False
lateral,control,abs_centerline_error_rate,9,0.09,40,34,0.14630234371218834,0.07758126780390745,0.20237413614988306,False
lateral,control,abs_centerline_error_rate,10,0.1,40,34,0.1362547834008001,0.09360443800687793,0.1482474617660045,False
lateral,control,abs_centerline_error_rate,11,0.11,40,34,0.1459605955667794,0.0895169247314334,0.16572297416627413,False
lateral,control,abs_centerline_error_rate,12,0.12,40,34,0.1397096387632191,0.03905427828431127,0.21109258756041524,False
lateral,control,abs_centerline_error_rate,13,0.13,40,34,0.12996888236980886,0.05391250341199305,0.18943442702293395,False
lateral,control,abs_centerline_error_rate,14,0.14,40,34,0.15913778226822614,0.10309605300426442,0.20984748005867035,False
lateral,control,abs_centerline_error_rate,15,0.15,40,34,0.16416704971401483,0.06597461258061259,0.23274459540843961,False
lateral,control,abs_centerline_error_rate,16,0.16,40,34,0.19129833656176926,0.07181970402598396,0.24822714686393763,False
lateral,control,abs_centerline_error_rate,17,0.17,40,34,0.1388657746887765,0.06023849826306071,0.2059637280181049,False
lateral,control,abs_centerline_error_rate,18,0.18,40,34,0.13204848927631976,0.053595752455294146,0.18601842559874154,False
lateral,control,abs_centerline_error_rate,19,0.19,40,34,0.13668135698977862,0.04714814946055412,0.1932764969021083,False
lateral,control,abs_centerline_error_rate,20,0.2,40,34,0.16906622420996437,0.09104164019227,0.2078582718968392,False
lateral,control,abs_centerline_error_rate,21,0.21,40,34,0.18291096875444046,0.052315472355112254,0.2977831535041333,False
lateral,control,abs_centerline_error_rate,22,0.22,40,34,0.13984418526350062,0.06157684698700898,0.20078593865036973,False
lateral,control,abs_centerline_error_rate,23,0.23,40,34,0.17615106822689997,0.10314691817387941,0.24109599962830583,False
lateral,control,abs_centerline_error_rate,24,0.24,40,34,0.16844206208735707,0.048669423907995224,0.23639515757560736,False
lateral,control,abs_centerline_error_rate,25,0.25,40,34,0.13656575805507593,0.058206985704600936,0.17545823939144584,False
lateral,control,abs_centerline_error_rate,26,0.26,40,34,0.15204139463789745,0.06183790788054459,0.197075538337231,False
lateral,control,abs_centerline_error_rate,27,0.27,40,34,0.1575948522621766,0.08203004153445424,0.23945385903120028,False
lateral,control,abs_centerline_error_rate,28,0.28,40,34,0.12504401380755018,0.053488668445498926,0.1631220057606699,False
lateral,control,abs_centerline_error_rate,29,0.29,40,34,0.1809627648363821,0.06947497837245475,0.2466832727566361,False
lateral,control,abs_centerline_error_rate,30,0.3,40,34,0.14051445093005904,0.07455887272953987,0.19298791885375965,False
lateral,control,abs_centerline_error_rate,31,0.31,40,34,0.1288640856044366,0.05625849962234478,0.19267420470714564,False
lateral,control,abs_centerline_error_rate,32,0.32,40,34,0.18294000444654374,0.059506965801119915,0.2890227255225182,False
lateral,control,abs_centerline_error_rate,33,0.33,40,34,0.17555723712034524,0.08565391413867474,0.22076813131570805,False
lateral,control,abs_centerline_error_rate,34,0.34,40,34,0.151024381723255,0.05874581448733874,0.17437783196568513,False
lateral,control,abs_centerline_error_rate,35,0.35000000000000003,40,34,0.16652806885889723,0.06790998857468279,0.21408173814416073,False
lateral,control,abs_centerline_error_rate,36,0.36,40,34,0.17808710191398874,0.077546998858452,0.23673213139176488,False
lateral,control,abs_centerline_error_rate,37,0.37,40,34,0.1709243690408767,0.07462491560727372,0.23858050689101212,False
lateral,control,abs_centerline_error_rate,38,0.38,40,34,0.15444731632620093,0.07115712389349942,0.20211746085435062,False
lateral,control,abs_centerline_error_rate,39,0.39,40,34,0.17098840622231368,0.10576096829026968,0.2109653055667872,False
lateral,control,abs_centerline_error_rate,40,0.4,40,34,0.16894890714669597,0.08633801713585793,0.2260516487061976,False
lateral,control,abs_centerline_error_rate,41,0.41000000000000003,40,34,0.15014831269159928,0.08414867334067755,0.24980035122484118,False
lateral,control,abs_centerline_error_rate,42,0.42,40,34,0.17630033893883218,0.09599454335868403,0.23040325447916848,False
lateral,control,abs_centerline_error_rate,43,0.43,40,34,0.13573696851963174,0.0769317923113702,0.18398041844367977,False
lateral,control,abs_centerline_error_rate,44,0.44,40,34,0.1505747711025179,0.0692630762606857,0.19364677369594585,False
lateral,control,abs_centerline_error_rate,45,0.45,40,34,0.20654757387004788,0.12211152352392537,0.28387932106852515,False
lateral,control,abs_centerline_error_rate,46,0.46,40,34,0.17218768112361418,0.09289231583476054,0.23902512453496408,False
lateral,control,abs_centerline_error_rate,47,0.47000000000000003,40,34,0.1816238794382663,0.12170012947171988,0.22483022883534381,False
lateral,control,abs_centerline_error_rate,48,0.48,40,34,0.1656608471348882,0.07468597933650012,0.2374016886949541,False
lateral,control,abs_centerline_error_rate,49,0.49,40,34,0.16330542706325663,0.07182833971455693,0.23510315407067545,False
lateral,control,abs_centerline_error_rate,50,0.5,40,34,0.17173439906910065,0.08737286552786824,0.24076020903885287,False
lateral,control,abs_centerline_error_rate,51,0.51,40,34,0.13867167242430153,0.05361323058605205,0.20693195424973984,False
lateral,control,abs_centerline_error_rate,52,0.52,40,34,0.17950255686044675,0.10586422681808492,0.26772385090589523,False
lateral,control,abs_centerline_error_rate,53,0.53,40,34,0.15968616571649885,0.07425619289278981,0.22633089415729046,False
lateral,control,abs_centerline_error_rate,54,0.54,40,34,0.1564254393801094,0.07172231376171144,0.1973432078957559,False
lateral,control,abs_centerline_error_rate,55,0.55,40,34,0.15348009159788462,0.051213037222622874,0.2259390987455851,False
lateral,control,abs_centerline_error_rate,56,0.56,40,34,0.15637209393084056,0.060899391770367586,0.23902198672294556,False
lateral,control,abs_centerline_error_rate,57,0.5700000000000001,40,34,0.15773291769996262,0.07123541086912247,0.22506568953394923,False
lateral,control,abs_centerline_error_rate,58,0.58,40,34,0.1708875835351644,0.06510711647570375,0.23821292258799043,False
lateral,control,abs_centerline_error_rate,59,0.59,40,34,0.1602782994508743,0.07539206556975747,0.1958436202257866,False
lateral,control,abs_centerline_error_rate,60,0.6,40,34,0.1873998825252057,0.07071511819958691,0.2898789644241352,False
lateral,control,abs_centerline_error_rate,61,0.61,40,34,0.1620207738019526,0.0866693593561652,0.24625786393880827,False
lateral,control,abs_centerline_error_rate,62,0.62,40,34,0.18031947222724581,0.11476998031139454,0.2512192726135257,False
lateral,control,abs_centerline_error_rate,63,0.63,40,34,0.15941131360456356,0.07151019945740705,0.22073917090892883,False
lateral,control,abs_centerline_error_rate,64,0.64,40,34,0.1815595285743475,0.11681980267167144,0.2156210243701937,False
lateral,control,abs_centerline_error_rate,65,0.65,40,34,0.19151734078302995,0.08691299706697629,0.27643893994390967,False
lateral,control,abs_centerline_error_rate,66,0.66,40,34,0.19182556622475372,0.07031512632966141,0.2525615021586416,False
lateral,control,abs_centerline_error_rate,67,0.67,40,34,0.18364706736803063,0.08499517664313168,0.2515707984566689,False
lateral,control,abs_centerline_error_rate,68,0.68,40,34,0.17381623946130256,0.06897935271263186,0.2769440338015545,False
lateral,control,abs_centerline_error_rate,69,0.6900000000000001,40,34,0.1767544421367348,0.09132394194603002,0.23080620728433363,False
lateral,control,abs_centerline_error_rate,70,0.7000000000000001,40,34,0.1824572933465241,0.05481205880642136,0.3139249980449641,False
lateral,control,abs_centerline_error_rate,71,0.71,40,34,0.15686439499258978,0.08661839738488158,0.21309065073728578,False
lateral,control,abs_centerline_error_rate,72,0.72,40,34,0.16830285379290563,0.07373771071434004,0.23023486137390148,False
lateral,control,abs_centerline_error_rate,73,0.73,40,34,0.18219759458303453,0.09242714196443538,0.25286436825990616,False
lateral,control,abs_centerline_error_rate,74,0.74,40,34,0.1823773161917927,0.10944100469350856,0.2646294236183165,False
lateral,control,abs_centerline_error_rate,75,0.75,40,34,0.20150488396175206,0.12385137379169464,0.26119937002658844,False
lateral,control,abs_centerline_error_rate,76,0.76,40,34,0.15990523651987293,0.06810671091079687,0.23010372489690784,False
lateral,control,abs_centerline_error_rate,77,0.77,40,34,0.1992480370774864,0.07602893188595805,0.31492753699422027,False
lateral,control,abs_centerline_error_rate,78,0.78,40,34,0.20257093830406644,0.12443416565656717,0.27827261388301827,False
lateral,control,abs_centerline_error_rate,79,0.79,40,34,0.19408743660897032,0.07977413013577535,0.28438313677906835,False
lateral,control,abs_centerline_error_rate,80,0.8,40,34,0.1982394848763943,0.07756635546684508,0.30050980150699613,False
lateral,control,abs_centerline_error_rate,81,0.81,40,34,0.17765521106868976,0.06352719292044703,0.276513682007793,False
lateral,control,abs_centerline_error_rate,82,0.8200000000000001,40,34,0.18635917964205165,0.06001126021146727,0.3252544254064577,False
lateral,control,abs_centerline_error_rate,83,0.8300000000000001,40,34,0.19322905400767934,0.08050271868705954,0.27816421538591285,False
lateral,control,abs_centerline_error_rate,84,0.84,40,34,0.20200279597193022,0.07724516279995375,0.27028629928827264,False
lateral,control,abs_centerline_error_rate,85,0.85,40,34,0.239659500541166,0.10164383798837662,0.34230589866638167,False
lateral,control,abs_centerline_error_rate,86,0.86,40,34,0.17201850535720595,0.08149740099906921,0.22614648193121045,False
lateral,control,abs_centerline_error_rate,87,0.87,40,34,0.18804456703364866,0.073643259704113,0.27722151577472776,False
lateral,control,abs_centerline_error_rate,88,0.88,40,34,0.19318198496103303,0.09966777265071951,0.2613772898912422,False
lateral,control,abs_centerline_error_rate,89,0.89,40,34,0.18514719467051313,0.06806889548897789,0.2198036164045334,False
lateral,control,abs_centerline_error_rate,90,0.9,40,34,0.1827412751503285,0.0700772926211357,0.2378388494253156,False
lateral,control,abs_centerline_error_rate,91,0.91,40,34,0.19445276233367637,0.08065034821629707,0.23902477324009,False
lateral,control,abs_centerline_error_rate,92,0.92,40,34,0.16724466195329998,0.050599753856657756,0.20469987392425412,False
lateral,control,abs_centerline_error_rate,93,0.93,40,34,0.19269055591337364,0.07325954362750087,0.22049791365861776,False
lateral,control,abs_centerline_error_rate,94,0.9400000000000001,40,34,0.20535034070163943,0.07171270996332219,0.248904238939283,False
lateral,control,abs_centerline_error_rate,95,0.9500000000000001,40,34,0.22561095247045237,0.07938094437122348,0.32313782721757645,False
lateral,control,abs_centerline_error_rate,96,0.96,40,34,0.20080506142228813,0.07688532769679969,0.2771964073181148,False
lateral,control,abs_centerline_error_rate,97,0.97,40,34,0.21072359286807477,0.04070404171943672,0.2960445731878278,False
lateral,control,abs_centerline_error_rate,98,0.98,40,34,0.22264079818874621,0.059298932552337875,0.22790695726871776,False
lateral,control,abs_centerline_error_rate,99,0.99,40,34,0.2695187701880934,0.08606007695198106,0.347245216369629,False
lateral,control,abs_centerline_error_rate,100,1.0,40,34,0.0,0.0,0.0,False
lateral,control,abs_heading_error_rate,0,0.0,40,34,0.0,0.0,0.0,False
lateral,control,abs_heading_error_rate,1,0.01,40,34,0.7246255027800799,0.626452823281288,0.8431813670694828,False
lateral,control,abs_heading_error_rate,2,0.02,40,34,0.969146511077881,0.8955948352813721,1.039810500144959,False
lateral,control,abs_heading_error_rate,3,0.03,40,34,0.7226095318570733,0.49767684578895577,1.019429391026497,False
lateral,control,abs_heading_error_rate,4,0.04,40,34,0.7474104277081789,0.2632663026452065,1.0500921463966368,False
lateral,control,abs_heading_error_rate,5,0.05,40,34,0.6934951046248898,0.495707001537084,0.8692442242056133,False
lateral,control,abs_heading_error_rate,6,0.06,40,34,0.8385933303423225,0.5727716752886771,1.2455768901109696,False
lateral,control,abs_heading_error_rate,7,0.07,40,34,0.9501443584039804,0.5971422046422965,1.2451067790389068,False
lateral,control,abs_heading_error_rate,8,0.08,40,34,0.7352214169669897,0.44929292440414353,0.9565448057651518,False
lateral,control,abs_heading_error_rate,9,0.09,40,34,1.3521475141411647,0.7480192413926141,1.7843878424167632,False
lateral,control,abs_heading_error_rate,10,0.1,40,34,1.4243722894042727,1.039784027636051,1.8083993881940839,False
lateral,control,abs_heading_error_rate,11,0.11,40,34,0.9227598026292398,0.5799855804443365,1.254061721265316,False
lateral,control,abs_heading_error_rate,12,0.12,40,34,0.9010931579321623,0.4213929393887518,1.3072257447242748,False
lateral,control,abs_heading_error_rate,13,0.13,40,34,1.065988898329436,0.5900970901548847,1.4566948860883715,False
lateral,control,abs_heading_error_rate,14,0.14,40,34,1.141800689652563,0.6089131224155412,1.5819242787361136,False
lateral,control,abs_heading_error_rate,15,0.15,40,34,0.8858291874825952,0.4616252578794957,1.3194384008646014,False
lateral,control,abs_heading_error_rate,16,0.16,40,34,1.1002225093245506,0.7162229967117308,1.5146869790554067,False
lateral,control,abs_heading_error_rate,17,0.17,40,34,1.311647851720452,0.9539690111577538,1.5065263596177099,False
lateral,control,abs_heading_error_rate,18,0.18,40,34,1.1488375356122846,0.7913656830787634,1.4839435070753084,False
lateral,control,abs_heading_error_rate,19,0.19,40,34,1.0999599685110155,0.674735204875468,1.4000202575325955,False
lateral,control,abs_heading_error_rate,20,0.2,40,34,1.19115070127882,0.6977545201778433,1.6707444608211424,False
lateral,control,abs_heading_error_rate,21,0.21,40,34,1.2898156595900656,0.6573882550001093,1.7912843498587607,False
lateral,control,abs_heading_error_rate,22,0.22,40,34,1.4021138848029078,0.8793843865394602,1.9157449269294764,False
lateral,control,abs_heading_error_rate,23,0.23,40,34,1.2226994094019756,0.7314313995838164,1.6759216994047141,False
lateral,control,abs_heading_error_rate,24,0.24,40,34,1.1477764462828632,0.5595790967345242,1.4809154260158541,False
lateral,control,abs_heading_error_rate,25,0.25,40,34,1.2784799280576404,0.8358460627496239,1.7631731033325195,False
lateral,control,abs_heading_error_rate,26,0.26,40,34,1.2182778534144156,0.8337203270196909,1.6742989766597733,False
lateral,control,abs_heading_error_rate,27,0.27,40,34,1.2293096768185483,0.7735868431627778,1.513705319762228,False
lateral,control,abs_heading_error_rate,28,0.28,40,34,1.2693259450197225,0.855329693257813,1.584248505830777,False
lateral,control,abs_heading_error_rate,29,0.29,40,34,1.1976091358810677,0.7032014504075094,1.4825974428653699,False
lateral,control,abs_heading_error_rate,30,0.3,40,34,1.1149757929518822,0.49676396325230865,1.4333281040191672,False
lateral,control,abs_heading_error_rate,31,0.31,40,34,1.1843700548755005,0.8848741182684912,1.3586406139284344,False
lateral,control,abs_heading_error_rate,32,0.32,40,34,1.118984683945775,0.8036783337593079,1.5578723406791686,False
lateral,control,abs_heading_error_rate,33,0.33,40,34,1.1982686660978938,0.7644548866152763,1.6254824161529544,False
lateral,control,abs_heading_error_rate,34,0.34,40,34,1.1445127165783195,0.7369651305675546,1.4968529236316679,False
lateral,control,abs_heading_error_rate,35,0.35000000000000003,40,34,1.1426386425644153,0.6497835159301649,1.586333858966852,False
lateral,control,abs_heading_error_rate,36,0.36,40,34,1.1646039817035199,0.6367326176166521,1.661899912357332,False
lateral,control,abs_heading_error_rate,37,0.37,40,34,1.2882626210376613,0.8361553066968959,1.589367320239543,False
lateral,control,abs_heading_error_rate,38,0.38,40,34,1.2355794451897966,0.8289378237724304,1.5989390945434596,False
lateral,control,abs_heading_error_rate,39,0.39,40,34,1.1709963651103898,0.7560063675045973,1.5738746088743214,False
lateral,control,abs_heading_error_rate,40,0.4,40,34,0.9922518029343331,0.5681711435317807,1.3563514649868014,False
lateral,control,abs_heading_error_rate,41,0.41000000000000003,40,34,1.3040576705774287,0.8821997115016038,1.5893258377909782,False
lateral,control,abs_heading_error_rate,42,0.42,40,34,0.9314456749744714,0.48223884105682363,1.2876924473047255,False
lateral,control,abs_heading_error_rate,43,0.43,40,34,1.3772754172561696,0.8056073561310768,1.7400071528553962,False
lateral,control,abs_heading_error_rate,44,0.44,40,34,1.1881118004210294,0.6120238006114951,1.5022938406467465,False
lateral,control,abs_heading_error_rate,45,0.45,40,34,1.045859771892429,0.6147512435913118,1.3839599862694871,False
lateral,control,abs_heading_error_rate,46,0.46,40,34,1.253614479512907,0.7098058930039444,1.4687456101179126,False
lateral,control,abs_heading_error_rate,47,0.47000000000000003,40,34,1.1990362634286273,0.7711163423955432,1.491679631769654,False
lateral,control,abs_heading_error_rate,48,0.48,40,34,1.123281352434309,0.6762832313776017,1.4541890621185356,False
lateral,control,abs_heading_error_rate,49,0.49,40,34,1.3218814286682745,0.9145539453625686,1.6281092318892436,False
lateral,control,abs_heading_error_rate,50,0.5,40,34,1.2642284233123058,0.8662894368171692,1.6818791925907135,False
lateral,control,abs_heading_error_rate,51,0.51,40,34,1.1806898287199428,0.73047707185149,1.547940167784688,False
lateral,control,abs_heading_error_rate,52,0.52,40,34,1.3137537042498584,0.8043633967638012,1.8268480575084667,False
lateral,control,abs_heading_error_rate,53,0.53,40,34,1.0922036088015887,0.6367947533726614,1.5225648956000892,False
lateral,control,abs_heading_error_rate,54,0.54,40,34,1.175475119672716,0.7818173849582621,1.5202693212032377,False
lateral,control,abs_heading_error_rate,55,0.55,40,34,1.2327563479123655,0.7805975824594553,1.6786617040634155,False
lateral,control,abs_heading_error_rate,56,0.56,40,34,1.235181926786902,0.8511929368972643,1.644814127683674,False
lateral,control,abs_heading_error_rate,57,0.5700000000000001,40,34,1.2902933036335726,0.8127424775063955,1.6968252712488099,False
lateral,control,abs_heading_error_rate,58,0.58,40,34,1.4207318028360576,0.9863031202554619,1.7857953935861588,False
lateral,control,abs_heading_error_rate,59,0.59,40,34,1.2689731212947508,0.8273797526955617,1.5902238345146182,False
lateral,control,abs_heading_error_rate,60,0.6,40,34,1.250649249255659,0.7578569054603608,1.5894988238811485,False
lateral,control,abs_heading_error_rate,61,0.61,40,34,1.1777152730617648,0.7747187173366488,1.5978697338700292,False
lateral,control,abs_heading_error_rate,62,0.62,40,34,1.40123138077557,0.8771090209484087,1.927797921895986,False
lateral,control,abs_heading_error_rate,63,0.63,40,34,1.3283988425517461,0.8579555276036221,1.7783013588190006,False
lateral,control,abs_heading_error_rate,64,0.64,40,34,1.0824095313698059,0.6606789465248577,1.430879186391833,False
lateral,control,abs_heading_error_rate,65,0.65,40,34,1.3953571669198568,0.9140464656054965,1.7787223473191247,False
lateral,control,abs_heading_error_rate,66,0.66,40,34,1.1541000708620996,0.6612146794795941,1.4429573315382007,False
lateral,control,abs_heading_error_rate,67,0.67,40,34,1.26154095444083,0.6768318234384054,1.7789887893199916,False
lateral,control,abs_heading_error_rate,68,0.68,40,34,1.170606057196855,0.7940575778484373,1.4492598176002516,False
lateral,control,abs_heading_error_rate,69,0.6900000000000001,40,34,1.111396407248454,0.6694926151633303,1.5058680915832547,False
lateral,control,abs_heading_error_rate,70,0.7000000000000001,40,34,1.262696394883096,0.7302536070346963,1.6495580732822535,False
lateral,control,abs_heading_error_rate,71,0.71,40,34,1.101274386972187,0.7285175563395017,1.3694179099798112,False
lateral,control,abs_heading_error_rate,72,0.72,40,34,1.1750519421100616,0.6602241444587704,1.566901299953461,False
lateral,control,abs_heading_error_rate,73,0.73,40,34,1.4183484865128988,0.9579952329397242,1.8119445651769706,False
lateral,control,abs_heading_error_rate,74,0.74,40,34,1.1577134551163761,0.6583948582410803,1.5955814796686267,False
lateral,control,abs_heading_error_rate,75,0.75,40,34,1.1335900791687892,0.7177778035402307,1.4663260132074356,False
lateral,control,abs_heading_error_rate,76,0.76,40,34,1.2782255370914934,0.9626990413665754,1.417443871498112,False
lateral,control,abs_heading_error_rate,77,0.77,40,34,1.3470638962239023,1.0113556234538537,1.769058814644812,False
lateral,control,abs_heading_error_rate,78,0.78,40,34,1.227117734380064,0.7698903667926762,1.564550437331201,False
lateral,control,abs_heading_error_rate,79,0.79,40,34,1.2362762597724786,0.8409974575042709,1.5606562849879275,False
lateral,control,abs_heading_error_rate,80,0.8,40,34,1.208312375554817,0.70172041682525,1.5686981618404379,False
lateral,control,abs_heading_error_rate,81,0.81,40,34,1.1744038287289442,0.7088034451007814,1.631865074336544,False
lateral,control,abs_heading_error_rate,82,0.8200000000000001,40,34,1.3751646338999304,0.9540982773900242,1.7403416889906076,False
lateral,control,abs_heading_error_rate,83,0.8300000000000001,40,34,1.2463944560587452,0.7541812536120557,1.7692421001196066,False
lateral,control,abs_heading_error_rate,84,0.84,40,34,1.1386638830844307,0.7638286447525031,1.3943424761295353,False
lateral,control,abs_heading_error_rate,85,0.85,40,34,1.2839968660660053,0.6153786182403573,1.6267095208168056,False
lateral,control,abs_heading_error_rate,86,0.86,40,34,1.3237868153303867,0.9194842529296883,1.761479541659356,False
lateral,control,abs_heading_error_rate,87,0.87,40,34,1.1562929908796202,0.5007201910018944,1.6834833407402034,False
lateral,control,abs_heading_error_rate,88,0.88,40,34,1.103567971810698,0.7609439194202299,1.5006491839885614,False
lateral,control,abs_heading_error_rate,89,0.89,40,34,1.2576014230363073,0.6940895207226263,1.6626046597957629,False
lateral,control,abs_heading_error_rate,90,0.9,40,34,1.191994390189645,0.6852608174085628,1.625965559482577,False
lateral,control,abs_heading_error_rate,91,0.91,40,34,1.2209799832254653,0.5830553261190439,1.739803229868413,False
lateral,control,abs_heading_error_rate,92,0.92,40,34,1.010846259601416,0.7615541672706605,1.1827486795187379,False
lateral,control,abs_heading_error_rate,93,0.93,40,34,1.2000525371283273,0.844292287081478,1.5495717778802007,False
lateral,control,abs_heading_error_rate,94,0.9400000000000001,40,34,1.3209133451394695,0.929576259255442,1.6268399238586237,False
lateral,control,abs_heading_error_rate,95,0.9500000000000001,40,34,1.1860381500981765,0.8878707885742345,1.4406215652823486,False
lateral,control,abs_heading_error_rate,96,0.96,40,34,1.2604918158054326,0.7467528456449515,1.4010639125108488,False
lateral,control,abs_heading_error_rate,97,0.97,40,34,1.2550685167685118,0.86154350072145,1.4663197025656656,False
lateral,control,abs_heading_error_rate,98,0.98,40,34,1.155238173663616,0.6785766482353194,1.5967889916896811,False
lateral,control,abs_heading_error_rate,99,0.99,40,34,1.3358467360064397,0.8364669680595355,1.4664704826474169,False
lateral,control,abs_heading_error_rate,100,1.0,40,34,0.0,0.0,0.0,False
lateral,control,command_vy,0,0.0,40,34,0.0,0.0,0.0,False
lateral,control,command_vy,1,0.01,40,34,-0.0007425430237781259,0.0,0.0,False
lateral,control,command_vy,2,0.02,40,34,-0.009767692525056191,-0.01703915828838945,0.004375270591117444,False
lateral,control,command_vy,3,0.03,40,34,-0.030319697038270525,-0.05670214341953397,0.012660008231177926,False
lateral,control,command_vy,4,0.04,40,34,-0.05211764542711898,-0.09841404862701891,0.008690779432654375,False
lateral,control,command_vy,5,0.05,40,34,-0.06834173177136108,-0.12883850485086443,0.0012604908435605404,False
lateral,control,command_vy,6,0.06,40,34,-0.08008692617842464,-0.14151519492268563,-0.01994753846898674,False
lateral,control,command_vy,7,0.07,40,34,-0.08866927508451043,-0.1442163188010454,-0.04183127562515435,False
lateral,control,command_vy,8,0.08,40,34,-0.10243892210535707,-0.14767022401094437,-0.06216254603117704,False
lateral,control,command_vy,9,0.09,40,34,-0.11081203225534408,-0.1495054367184639,-0.08023045159876346,False
lateral,control,command_vy,10,0.1,40,34,-0.11347339382395147,-0.14980821907520292,-0.08933882974088192,False
lateral,control,command_vy,11,0.11,40,34,-0.11356926878355447,-0.14992550730705262,-0.08586104169487953,False
lateral,control,command_vy,12,0.12,40,34,-0.11600799873843788,-0.14991499587893486,-0.08961586073040961,False
lateral,control,command_vy,13,0.13,40,34,-0.11765060699451715,-0.1499488379061222,-0.09411784732714297,False
lateral,control,command_vy,14,0.14,40,34,-0.12255683036148543,-0.1499869433045387,-0.10260910391807557,False
lateral,control,command_vy,15,0.15,40,34,-0.12643809689208865,-0.14999587982892992,-0.10318178310990334,False
lateral,control,command_vy,16,0.16,40,34,-0.12722672067582608,-0.14999794125556948,-0.10318196639418602,False
lateral,control,command_vy,17,0.17,40,34,-0.12678346159495413,-0.14999933615326883,-0.10416523538529873,False
lateral,control,command_vy,18,0.18,40,34,-0.12437258499208836,-0.14999464616179467,-0.10506529260426758,False
lateral,control,command_vy,19,0.19,40,34,-0.12429817371070387,-0.14999933160841467,-0.10341821871697904,False
lateral,control,command_vy,20,0.2,40,34,-0.12715139899402855,-0.1499996855854988,-0.10667181201279166,False
lateral,control,command_vy,21,0.21,40,34,-0.12972988044470551,-0.14999984711408615,-0.10651979483664037,False
lateral,control,command_vy,22,0.22,40,34,-0.13068126799538732,-0.1505824264883995,-0.10857493437826633,False
lateral,control,command_vy,23,0.23,40,34,-0.13040690438635646,-0.15097289517521856,-0.10955934464931488,False
lateral,control,command_vy,24,0.24,40,34,-0.1289310391433537,-0.14999991655349731,-0.1092376709729433,False
lateral,control,command_vy,25,0.25,40,34,-0.12832378642633557,-0.1499757096171379,-0.10955719463527203,False
lateral,control,command_vy,26,0.26,40,34,-0.12425068270880726,-0.15149960562586784,-0.10952062781900168,False
lateral,control,command_vy,27,0.27,40,34,-0.12173582150880251,-0.14999991655349731,-0.10706601023674012,False
lateral,control,command_vy,28,0.28,40,34,-0.119824547348544,-0.14999991655349731,-0.10756819702684879,False
lateral,control,command_vy,29,0.29,40,34,-0.11861182597535658,-0.15249452766031027,-0.1030067845992744,False
lateral,control,command_vy,30,0.3,40,34,-0.11748485298827291,-0.14999991655349731,-0.10104545671492816,False
lateral,control,command_vy,31,0.31,40,34,-0.11489180065412075,-0.14999991655349731,-0.09206796085461973,False
lateral,control,command_vy,32,0.32,40,34,-0.11278976817079818,-0.15569491013884543,-0.09170191586017609,False
lateral,control,command_vy,33,0.33,40,34,-0.11149179371376519,-0.15217388607561588,-0.09568541916087278,False
lateral,control,command_vy,34,0.34,40,34,-0.1112713303379715,-0.15494051642715934,-0.09686353959143157,False
lateral,control,command_vy,35,0.35000000000000003,40,34,-0.11282015003263952,-0.15085932090878487,-0.10137362265959382,False
lateral,control,command_vy,36,0.36,40,34,-0.11443916017096487,-0.15105609297752381,-0.10286655336618425,False
lateral,control,command_vy,37,0.37,40,34,-0.11140425432566552,-0.15249462496489286,-0.09728935778141022,False
lateral,control,command_vy,38,0.38,40,34,-0.10743658806965688,-0.1504857911914587,-0.09308969061821701,False
lateral,control,command_vy,39,0.39,40,34,-0.10871021345024931,-0.14990283064544202,-0.1031588283367455,False
lateral,control,command_vy,40,0.4,40,34,-0.11140269051771609,-0.1498268648982048,-0.10317369550466537,False
lateral,control,command_vy,41,0.41000000000000003,40,34,-0.11107788390340283,-0.14981766492128373,-0.10099549239501354,False
lateral,control,command_vy,42,0.42,40,34,-0.11065228451951407,-0.1499287524819374,-0.09962052412331102,False
lateral,control,command_vy,43,0.43,40,34,-0.10482734035910106,-0.14998881578445436,-0.09447287015616897,False
lateral,control,command_vy,44,0.44,40,34,-0.10323438772186636,-0.1500162914395332,-0.08769533701241018,False
lateral,control,command_vy,45,0.45,40,34,-0.1071324990363792,-0.1500076338648796,-0.09441688908264038,False
lateral,control,command_vy,46,0.46,40,34,-0.11620032045617701,-0.15000223249197006,-0.10006489586085082,False
lateral,control,command_vy,47,0.47000000000000003,40,34,-0.12205977866612376,-0.15163587547838683,-0.10290330410003662,False
lateral,control,command_vy,48,0.48,40,34,-0.12394918188825252,-0.15232151120901108,-0.10308586619794369,False
lateral,control,command_vy,49,0.49,40,34,-0.1195212574722245,-0.15000028870999815,-0.10317942187190056,False
lateral,control,command_vy,50,0.5,40,34,-0.11765525555238128,-0.15000011026859283,-0.10317057929933071,False
lateral,control,command_vy,51,0.51,40,34,-0.11743390891421583,-0.14982051253318784,-0.10316757475957275,False
lateral,control,command_vy,52,0.52,40,34,-0.11798449580371377,-0.14990840762853622,-0.10318188555538654,False
lateral,control,command_vy,53,0.53,40,34,-0.1175273353508673,-0.14995329618453979,-0.10558921394869684,False
lateral,control,command_vy,54,0.54,40,34,-0.11543236216600053,-0.1499761763215065,-0.10715719189494849,False
lateral,control,command_vy,55,0.55,40,34,-0.11577131471480247,-0.14998785108327867,-0.10318127302452923,False
lateral,control,command_vy,56,0.56,40,34,-0.11764064316451547,-0.1512756586074829,-0.10317303985357285,False
lateral,control,command_vy,57,0.5700000000000001,40,34,-0.12097271824628116,-0.15175155699253082,-0.10310217473655939,False
lateral,control,command_vy,58,0.58,40,34,-0.12234709599381315,-0.1549292880296707,-0.10315586749464273,False
lateral,control,command_vy,59,0.59,40,34,-0.11756677528796718,-0.15038934707641602,-0.10171780357137322,False
lateral,control,command_vy,60,0.6,40,34,-0.11339618664933371,-0.15015126913785934,-0.10271359756588935,False
lateral,control,command_vy,61,0.61,40,34,-0.11294179160986088,-0.150058810710907,-0.10314605774357914,False
lateral,control,command_vy,62,0.62,40,34,-0.11590390202915295,-0.15002282738685607,-0.10317259456962347,False
lateral,control,command_vy,63,0.63,40,34,-0.11743491960794199,-0.1499999612569809,-0.10317908093333245,False
lateral,control,command_vy,64,0.64,40,34,-0.11459271019836881,-0.15000349998474122,-0.10318108849227428,False
lateral,control,command_vy,65,0.65,40,34,-0.11273643656400964,-0.15000140964984893,-0.10318170767277479,False
lateral,control,command_vy,66,0.66,40,34,-0.11347626006230711,-0.1500005978345871,-0.1031818948313594,False
lateral,control,command_vy,67,0.67,40,34,-0.1157166276082862,-0.15000027567148208,-0.10318468771874906,False
lateral,control,command_vy,68,0.68,40,34,-0.12054212187044322,-0.15250023871660232,-0.10318290069699287,False
lateral,control,command_vy,69,0.6900000000000001,40,34,-0.12266267363447698,-0.1525000947713852,-0.10318196630105377,False
lateral,control,command_vy,70,0.7000000000000001,40,34,-0.12204403923824432,-0.1599999964237213,-0.10317620858550072,False
lateral,control,command_vy,71,0.71,40,34,-0.11902812687016562,-0.1599999964237213,-0.10318197309970856,False
lateral,control,command_vy,72,0.72,40,34,-0.1162160542178899,-0.1526881648600102,-0.10318126112222671,False
lateral,control,command_vy,73,0.73,40,34,-0.11236324241245166,-0.1499999612569809,-0.1031805743277073,False
lateral,control,command_vy,74,0.74,40,34,-0.10843964115343985,-0.14999991655349731,-0.10318152327090502,False
lateral,control,command_vy,75,0.75,40,34,-0.10507500457169953,-0.14999991655349731,-0.10317354649305344,False
lateral,control,command_vy,76,0.76,40,34,-0.10370942089892927,-0.1499999612569809,-0.10317907020449639,False
lateral,control,command_vy,77,0.77,40,34,-0.10532182710524648,-0.1499999612569809,-0.10318098129704595,False
lateral,control,command_vy,78,0.78,40,34,-0.11051760939392263,-0.15875566288828857,-0.10318197309970856,False
lateral,control,command_vy,79,0.79,40,34,-0.11468184831738473,-0.1599999964237213,-0.1031818563491106,False
lateral,control,command_vy,80,0.8,40,34,-0.11277122441679241,-0.1599999964237213,-0.1031513262540102,False
lateral,control,command_vy,81,0.81,40,34,-0.11024568966403603,-0.1599999964237213,-0.10143653893843303,False
lateral,control,command_vy,82,0.8200000000000001,40,34,-0.1102462592013181,-0.1599999964237213,-0.10317908752709627,False
lateral,control,command_vy,83,0.8300000000000001,40,34,-0.11328922080341726,-0.1599999964237213,-0.10318197309970856,False
lateral,control,command_vy,84,0.84,40,34,-0.11242111270106399,-0.1599999964237213,-0.10318197309970856,False
lateral,control,command_vy,85,0.85,40,34,-0.10824893555603923,-0.15105793215334415,-0.10318189207464457,False
lateral,control,command_vy,86,0.86,40,34,-0.10412031857110562,-0.1498228308558464,-0.10318197309970856,False
lateral,control,command_vy,87,0.87,40,34,-0.10219507937633901,-0.14991412356495856,-0.10318197309970856,False
lateral,control,command_vy,88,0.88,40,34,-0.10451105236820879,-0.1499587431550026,-0.10318197309970856,False
lateral,control,command_vy,89,0.89,40,34,-0.11111371258005967,-0.1499801704287529,-0.10318201584741474,False
lateral,control,command_vy,90,0.9,40,34,-0.11406907712109389,-0.150020632147789,-0.1031820010393858,False
lateral,control,command_vy,91,0.91,40,34,-0.11382115985266864,-0.15139407724142076,-0.10345163997262716,False
lateral,control,command_vy,92,0.92,40,34,-0.11186959514953196,-0.15250839352607728,-0.10326554104685784,False
lateral,control,command_vy,93,0.93,40,34,-0.11159047431452199,-0.15250322222709656,-0.10320789897814392,False
lateral,control,command_vy,94,0.9400000000000001,40,34,-0.11227222083648666,-0.15065765097737302,-0.10323812630027533,False
lateral,control,command_vy,95,0.9500000000000001,40,34,-0.11241117692057742,-0.14999978467822073,-0.10421983990818262,False
lateral,control,command_vy,96,0.96,40,34,-0.11288215326424691,-0.149999917447567,-0.10353878177702427,False
lateral,control,command_vy,97,0.97,40,34,-0.11158322586945724,-0.1499999612569809,-0.10330453254282475,False
lateral,control,command_vy,98,0.98,40,34,-0.11159145508613437,-0.1511421938240528,-0.10322403851896525,False
lateral,control,command_vy,99,0.99,40,34,-0.10984012241847815,-0.15000009536743164,-0.10318201957270504,False
lateral,control,command_vy,100,1.0,40,34,0.0,0.0,0.0,False
lateral,control,command_wz,0,0.0,40,34,0.0,0.0,0.0,False
lateral,control,command_wz,1,0.01,40,34,-0.0016702918676601258,0.0,0.0,False
lateral,control,command_wz,2,0.02,40,34,-0.028240145452786237,-0.042598816864192486,0.0010319307772442697,False
lateral,control,command_wz,3,0.03,40,34,-0.08315554618430905,-0.15634422682225702,-0.006802306289318947,False
lateral,control,command_wz,4,0.04,40,34,-0.14840984914917496,-0.28068031013011935,-0.03358784403651953,False
lateral,control,command_wz,5,0.05,40,34,-0.19706071047578008,-0.32778930030763154,-0.06614143615588547,False
lateral,control,command_wz,6,0.06,40,34,-0.22198945416323843,-0.31685760900378224,-0.11787361193448304,False
lateral,control,command_wz,7,0.07,40,34,-0.23860840137861672,-0.3089465142786503,-0.1563311377167702,False
lateral,control,command_wz,8,0.08,40,34,-0.27966753429174424,-0.3530937239527702,-0.2061006134748459,False
lateral,control,command_wz,9,0.09,40,34,-0.30887644665688274,-0.4182767167687416,-0.23582351103425025,False
lateral,control,command_wz,10,0.1,40,34,-0.3197488482668996,-0.42489129677414894,-0.24598327577114104,False
lateral,control,command_wz,11,0.11,40,34,-0.3200899604223669,-0.42708242200315,-0.2485724011063576,False
lateral,control,command_wz,12,0.12,40,34,-0.32391009543836113,-0.411546782553196,-0.25007414385676385,False
lateral,control,command_wz,13,0.13,40,34,-0.3334241132214666,-0.4204505104571581,-0.25713021621108056,False
lateral,control,command_wz,14,0.14,40,34,-0.3579886395931243,-0.42817478731274605,-0.27153680264949803,False
lateral,control,command_wz,15,0.15,40,34,-0.3765397468954325,-0.4297874514013529,-0.3275045536458494,False
lateral,control,command_wz,16,0.16,40,34,-0.38493665605783456,-0.43328689187765124,-0.32409912109374994,False
lateral,control,command_wz,17,0.17,40,34,-0.37798394729197027,-0.4285821807384491,-0.36237353488802915,False
lateral,control,command_wz,18,0.18,40,34,-0.3595262539386749,-0.42872705280780793,-0.2777276013791562,False
lateral,control,command_wz,19,0.19,40,34,-0.3529545696787536,-0.4216741362214088,-0.27901578187942505,False
lateral,control,command_wz,20,0.2,40,34,-0.36484024807810794,-0.428014300763607,-0.2696980953216552,False
lateral,control,command_wz,21,0.21,40,34,-0.37842661434412006,-0.44044615514576435,-0.3457056046277285,False
lateral,control,command_wz,22,0.22,40,34,-0.38181182336062186,-0.44266721308231355,-0.3553887726366519,False
lateral,control,command_wz,23,0.23,40,34,-0.3704076715137343,-0.4452171642333269,-0.3083524048328398,False
lateral,control,command_wz,24,0.24,40,34,-0.3606225565299393,-0.44421601861715315,-0.25999986320734025,False
lateral,control,command_wz,25,0.25,40,34,-0.3550455326214433,-0.43465831875801086,-0.2711884919553996,False
lateral,control,command_wz,26,0.26,40,34,-0.3566976633332671,-0.42826783388853074,-0.28690958172082903,False
lateral,control,command_wz,27,0.27,40,34,-0.361214265326038,-0.4403723660111427,-0.25999993085861206,False
lateral,control,command_wz,28,0.28,40,34,-0.3573277250081302,-0.44823416352272033,-0.26002683877944976,False
lateral,control,command_wz,29,0.29,40,34,-0.3537279459815473,-0.44254956036806103,-0.258651564270258,False
lateral,control,command_wz,30,0.3,40,34,-0.34537222427316017,-0.4483701951801777,-0.2579479843378067,False
lateral,control,command_wz,31,0.31,40,34,-0.3357863928303122,-0.4497247326374054,-0.25990606397390364,False
lateral,control,command_wz,32,0.32,40,34,-0.33402001836523415,-0.44995420038700107,-0.25957949221134186,False
lateral,control,command_wz,33,0.33,40,34,-0.3297853305386379,-0.4479037046432495,-0.2628504679352045,False
lateral,control,command_wz,34,0.34,40,34,-0.3258763252068312,-0.44947079122066497,-0.25955695897340775,False
lateral,control,command_wz,35,0.35000000000000003,40,34,-0.3313567091338337,-0.44868015199899663,-0.259773987531662,False
lateral,control,command_wz,36,0.36,40,34,-0.33360629506781697,-0.4498215526342392,-0.2558969597518444,False
lateral,control,command_wz,37,0.37,40,34,-0.3329294671900571,-0.44988688454031944,-0.25273656636476516,False
lateral,control,command_wz,38,0.38,40,34,-0.33442734743934116,-0.4499602769315243,-0.2570772472023964,False
lateral,control,command_wz,39,0.39,40,34,-0.3446026224701201,-0.44999299630522727,-0.26288949951529506,False
lateral,control,command_wz,40,0.4,40,34,-0.36128514542244383,-0.44999881535768504,-0.3139344528317452,False
lateral,control,command_wz,41,0.41000000000000003,40,34,-0.3717968241067138,-0.45000001788139343,-0.3139593940973282,False
lateral,control,command_wz,42,0.42,40,34,-0.37369034678488966,-0.4500000138580799,-0.28133841171860696,False
lateral,control,command_wz,43,0.43,40,34,-0.3674429412689061,-0.45000001788139343,-0.3000485916435719,False
lateral,control,command_wz,44,0.44,40,34,-0.3662245068736375,-0.45000001788139343,-0.2971271935105324,False
lateral,control,command_wz,45,0.45,40,34,-0.3703780073858798,-0.45000001788139343,-0.2843542963266373,False
lateral,control,command_wz,46,0.46,40,34,-0.37619982963148507,-0.45000001788139343,-0.28360270589590075,False
lateral,control,command_wz,47,0.47000000000000003,40,34,-0.38074874882353466,-0.45000001788139343,-0.33965115241706373,False
lateral,control,command_wz,48,0.48,40,34,-0.37314781737141306,-0.45000001788139343,-0.30284410983324056,False
lateral,control,command_wz,49,0.49,40,34,-0.3660942119327374,-0.45000001788139343,-0.27946272343397144,False
lateral,control,command_wz,50,0.5,40,34,-0.35755027513951065,-0.45000001788139343,-0.26925912871956825,False
lateral,control,command_wz,51,0.51,40,34,-0.36331979325413705,-0.45000001788139343,-0.26437744177877903,False
lateral,control,command_wz,52,0.52,40,34,-0.3715140302665533,-0.45000001788139343,-0.2620832422375679,False
lateral,control,command_wz,53,0.53,40,34,-0.3819994233287871,-0.45000001788139343,-0.3362807548046113,False
lateral,control,command_wz,54,0.54,40,34,-0.3786188753284514,-0.45000001788139343,-0.26046908587217327,False
lateral,control,command_wz,55,0.55,40,34,-0.3753852460719645,-0.45000001788139343,-0.260222103074193,False
lateral,control,command_wz,56,0.56,40,34,-0.37911691655218605,-0.45000001788139343,-0.26010575056076046,False
lateral,control,command_wz,57,0.5700000000000001,40,34,-0.3790626401379705,-0.45000001788139343,-0.2946877385675907,False
lateral,control,command_wz,58,0.58,40,34,-0.37999168717861176,-0.45000001788139343,-0.3017286893725394,False
lateral,control,command_wz,59,0.59,40,34,-0.3803354610092938,-0.45000001788139343,-0.32059926591813565,False
lateral,control,command_wz,60,0.6,40,34,-0.38083650447428224,-0.45000001788139343,-0.337147507071495,False
lateral,control,command_wz,61,0.61,40,34,-0.3833517839359119,-0.45000001788139343,-0.3377147763222457,False
lateral,control,command_wz,62,0.62,40,34,-0.3942609092192725,-0.45000001788139343,-0.3610626201331616,False
lateral,control,command_wz,63,0.63,40,34,-0.39573494994407526,-0.4511800290644169,-0.3705290518701075,False
lateral,control,command_wz,64,0.64,40,34,-0.38718817242234926,-0.45001236706972125,-0.3390278276801109,False
lateral,control,command_wz,65,0.65,40,34,-0.37549367778003206,-0.45000891089439393,-0.30593256019055814,False
lateral,control,command_wz,66,0.66,40,34,-0.3730780307031237,-0.45000641912221906,-0.2600001096725464,False
lateral,control,command_wz,67,0.67,40,34,-0.37691942040063436,-0.45000001788139343,-0.2600001096725464,False
lateral,control,command_wz,68,0.68,40,34,-0.38098763197660446,-0.45000001788139343,-0.2847596964240077,False
lateral,control,command_wz,69,0.6900000000000001,40,34,-0.3821265151053667,-0.4500024157762528,-0.35061292894184565,False
lateral,control,command_wz,70,0.7000000000000001,40,34,-0.3784368356037885,-0.45000001788139343,-0.31069436222314806,False
lateral,control,command_wz,71,0.71,40,34,-0.3791282374570146,-0.45000001788139343,-0.2894446156919003,False
lateral,control,command_wz,72,0.72,40,34,-0.3838915612343699,-0.45013151079416275,-0.2839474841952324,False
lateral,control,command_wz,73,0.73,40,34,-0.3905418082703836,-0.45000066816806794,-0.3624720114469528,False
lateral,control,command_wz,74,0.74,40,34,-0.39038768242159855,-0.4500004929304123,-0.39593310728669173,False
lateral,control,command_wz,75,0.75,40,34,-0.37891904057469217,-0.4500003680586815,-0.38546924106776714,False
lateral,control,command_wz,76,0.76,40,34,-0.37185494220256804,-0.4500002723932266,-0.3877679055929184,False
lateral,control,command_wz,77,0.77,40,34,-0.3677833059001713,-0.4500002059340477,-0.3850261414051056,False
lateral,control,command_wz,78,0.78,40,34,-0.3663729236498475,-0.4500025349855423,-0.3571699632704258,False
lateral,control,command_wz,79,0.79,40,34,-0.3618890508580953,-0.45000001788139343,-0.3556404830515386,False
lateral,control,command_wz,80,0.8,40,34,-0.35480810774490246,-0.45000001788139343,-0.3529899299144744,False
lateral,control,command_wz,81,0.81,40,34,-0.35508947908366106,-0.45000007927417757,-0.3630871254205703,False
lateral,control,command_wz,82,0.8200000000000001,40,34,-0.35905333833233455,-0.4500000700354576,-0.36497534692287387,False
lateral,control,command_wz,83,0.8300000000000001,40,34,-0.3620347593473272,-0.4500000700354576,-0.3509349148720504,False
lateral,control,command_wz,84,0.84,40,34,-0.3683641748428344,-0.4501873633265495,-0.3311093881726266,False
lateral,control,command_wz,85,0.85,40,34,-0.36850045800441866,-0.4511995319277048,-0.29767498895525935,False
lateral,control,command_wz,86,0.86,40,34,-0.3678118673227727,-0.45046033382415773,-0.2937844491004944,False
lateral,control,command_wz,87,0.87,40,34,-0.36746310984157027,-0.45005217045545576,-0.28575375854969026,False
lateral,control,command_wz,88,0.88,40,34,-0.3706590710952879,-0.45003396570682525,-0.2731020802259445,False
lateral,control,command_wz,89,0.89,40,34,-0.3685690358914434,-0.45002219527959825,-0.26666867583990095,False
lateral,control,command_wz,90,0.9,40,34,-0.36369986735284326,-0.45001450330019,-0.26339551955461504,False
lateral,control,command_wz,91,0.91,40,34,-0.35734477094374595,-0.45000947564840316,-0.261729351580143,False
lateral,control,command_wz,92,0.92,40,34,-0.3517793501876295,-0.45000619292259214,-0.26088099360466005,False
lateral,control,command_wz,93,0.93,40,34,-0.3540576589605771,-0.45000404983758924,-0.2604488700628281,False
lateral,control,command_wz,94,0.9400000000000001,40,34,-0.3598325212411583,-0.45000266015529633,-0.26022875726222994,False
lateral,control,command_wz,95,0.9500000000000001,40,34,-0.36350753625854854,-0.45000174790620806,-0.26011662408709524,False
lateral,control,command_wz,96,0.96,40,34,-0.3649241871088744,-0.4500011512637138,-0.2639672955870631,False
lateral,control,command_wz,97,0.97,40,34,-0.3610558890551329,-0.45000076085329055,-0.2600302910059691,False
lateral,control,command_wz,98,0.98,40,34,-0.35697231146693226,-0.45000001788139343,-0.26001543939113614,False
lateral,control,command_wz,99,0.99,40,34,-0.3518721512733028,-0.45000001788139343,-0.2600000649690628,False
lateral,control,command_wz,100,1.0,40,34,0.0,0.0,0.0,False
lateral,control,cbf_correction_norm,0,0.0,40,34,2.8284477271434127e-08,2.3283064365386963e-10,4.2200189120933373e-08,False
lateral,control,cbf_correction_norm,1,0.01,40,34,3.790032483663717e-08,1.938225308473208e-08,5.623007343302788e-08,False
lateral,control,cbf_correction_norm,2,0.02,40,34,3.4152267041953624e-08,1.9879809460832115e-08,4.3969233609608705e-08,False
lateral,control,cbf_correction_norm,3,0.03,40,34,3.219332161619181e-08,1.7974621693284125e-08,3.6183547038604055e-08,False
lateral,control,cbf_correction_norm,4,0.04,40,34,4.2633191540630836e-08,2.3466900440638483e-08,5.844514284092382e-08,False
lateral,control,cbf_correction_norm,5,0.05,40,34,4.800501445356711e-08,2.4251618491177874e-08,7.495390814682428e-08,False
lateral,control,cbf_correction_norm,6,0.06,40,34,6.252726172339963e-08,3.977345127914589e-08,8.318507742188787e-08,False
lateral,control,cbf_correction_norm,7,0.07,40,34,4.651701374747134e-08,2.6435204212305093e-08,5.6653307005660867e-08,False
lateral,control,cbf_correction_norm,8,0.08,40,34,6.003421706024527e-08,4.4785432500304986e-08,7.090566567669051e-08,False
lateral,control,cbf_correction_norm,9,0.09,40,34,5.4530876146263744e-08,2.5190205699132662e-08,7.84870039538532e-08,False
lateral,control,cbf_correction_norm,10,0.1,40,34,5.163273138375498e-08,3.5006498322331846e-08,6.749980716591608e-08,False
lateral,control,cbf_correction_norm,11,0.11,40,34,4.441252032294506e-08,2.1808195493910912e-08,6.713273997149826e-08,False
lateral,control,cbf_correction_norm,12,0.12,40,34,0.00047433603380120647,2.7281985648386345e-08,6.806736605469171e-08,False
lateral,control,cbf_correction_norm,13,0.13,40,34,0.0027232293814112444,3.02700883469954e-08,8.565751522304789e-08,False
lateral,control,cbf_correction_norm,14,0.14,40,34,4.9058905361443255e-08,3.109979385129674e-08,6.684952538194009e-08,False
lateral,control,cbf_correction_norm,15,0.15,40,34,5.1105046481314556e-08,3.330377715826672e-08,6.88653345903844e-08,False
lateral,control,cbf_correction_norm,16,0.16,40,34,0.002024044543350582,3.33664128149285e-08,8.593738034079472e-08,False
lateral,control,cbf_correction_norm,17,0.17,40,34,0.002170257372906452,4.8354759196733683e-08,8.790486262455491e-08,False
lateral,control,cbf_correction_norm,18,0.18,40,34,0.008622797450459886,3.759504707545594e-08,1.0376670939393751e-07,False
lateral,control,cbf_correction_norm,19,0.19,40,34,0.002179450003965307,3.111343425565838e-08,7.525107056594038e-08,False
lateral,control,cbf_correction_norm,20,0.2,40,34,0.0004944843048308823,4.993300972699885e-08,8.895802245945101e-08,False
lateral,control,cbf_correction_norm,21,0.21,40,34,7.631119072293308e-08,5.8169939354258277e-08,9.174102437725653e-08,False
lateral,control,cbf_correction_norm,22,0.22,40,34,0.009368239609964628,5.0613794737586225e-08,8.491518020292687e-08,False
lateral,control,cbf_correction_norm,23,0.23,40,34,0.0008460784559695749,4.586210753387831e-08,8.697439534799401e-08,False
lateral,control,cbf_correction_norm,24,0.24,40,34,0.001822721319190106,4.60255300893658e-08,1.087693435408705e-07,False
lateral,control,cbf_correction_norm,25,0.25,40,34,0.000624307311362216,3.9147551422758234e-08,8.793445571697602e-08,False
lateral,control,cbf_correction_norm,26,0.26,40,34,4.103325205657262e-05,3.0373274393369444e-08,8.893981377156056e-08,False
lateral,control,cbf_correction_norm,27,0.27,40,34,8.720338549927929e-08,6.441637930620896e-08,1.0614968262601062e-07,False
lateral,control,cbf_correction_norm,28,0.28,40,34,0.002161105991204786,3.875514064333192e-08,7.318566446201694e-08,False
lateral,control,cbf_correction_norm,29,0.29,40,34,7.038688217253519e-08,4.243637939271856e-08,8.513163152201748e-08,False
lateral,control,cbf_correction_norm,30,0.3,40,34,6.651799318913027e-08,3.9158917797266284e-08,8.694816848731065e-08,False
lateral,control,cbf_correction_norm,31,0.31,40,34,0.010343270889219748,4.301031681919185e-08,8.245196079670342e-08,False
lateral,control,cbf_correction_norm,32,0.32,40,34,7.414619376699964e-08,4.0384014940997353e-08,9.540139089381218e-08,False
lateral,control,cbf_correction_norm,33,0.33,40,34,6.226096710726378e-08,2.996165435753597e-08,8.285951468067652e-08,False
lateral,control,cbf_correction_norm,34,0.34,40,34,5.8574930728028065e-08,3.4454070920730823e-08,7.873354313403484e-08,False
lateral,control,cbf_correction_norm,35,0.35000000000000003,40,34,0.00030587145190023933,4.331162997139852e-08,9.674798153724835e-08,False
lateral,control,cbf_correction_norm,36,0.36,40,34,7.113910046019351e-08,3.710472929796517e-08,9.931567639398539e-08,False
lateral,control,cbf_correction_norm,37,0.37,40,34,7.859630890316716e-08,5.429656615874017e-08,1.0147731654974758e-07,False
lateral,control,cbf_correction_norm,38,0.38,40,34,0.000670287729239662,3.817330590294456e-08,8.124667438380582e-08,False
lateral,control,cbf_correction_norm,39,0.39,40,34,0.0030420150018005145,4.103800235633066e-08,1.0309417495690799e-07,False
lateral,control,cbf_correction_norm,40,0.4,40,34,2.1735829533468176e-05,4.42291698377062e-08,9.583264031221016e-08,False
lateral,control,cbf_correction_norm,41,0.41000000000000003,40,34,7.127883995794431e-08,4.5959625651903653e-08,8.75569853420181e-08,False
lateral,control,cbf_correction_norm,42,0.42,40,34,0.006771136101428783,4.9715560308527806e-08,1.0481799186834455e-07,False
lateral,control,cbf_correction_norm,43,0.43,40,34,0.00013920889599014518,4.2063157179583754e-08,1.0441868868227295e-07,False
lateral,control,cbf_correction_norm,44,0.44,40,34,0.010544717389112022,3.444371888150496e-08,9.700456367056659e-08,False
lateral,control,cbf_correction_norm,45,0.45,40,34,0.004817977949414063,5.634821280686707e-08,9.945861112470274e-08,False
lateral,control,cbf_correction_norm,46,0.46,40,34,5.809059743289142e-08,3.210935165753845e-08,8.33424513757564e-08,False
lateral,control,cbf_correction_norm,47,0.47000000000000003,40,34,0.0014767938369551691,4.867126730090348e-08,9.725339673139078e-08,False
lateral,control,cbf_correction_norm,48,0.48,40,34,0.00019620413546562703,5.200992585940869e-08,9.553456202127116e-08,False
lateral,control,cbf_correction_norm,49,0.49,40,34,6.455963054263779e-08,2.9420289648918215e-08,7.822622686504165e-08,False
lateral,control,cbf_correction_norm,50,0.5,40,34,6.927778530840812e-08,4.762547511916172e-08,9.065935735463881e-08,False
lateral,control,cbf_correction_norm,51,0.51,40,34,0.005148118681944527,3.6454783578498884e-08,7.466141382472866e-08,False
lateral,control,cbf_correction_norm,52,0.52,40,34,6.941653623115945e-08,4.250843261388541e-08,8.304466803110702e-08,False
lateral,control,cbf_correction_norm,53,0.53,40,34,0.0010375741293448268,4.9640472798984426e-08,1.0072230779201126e-07,False
lateral,control,cbf_correction_norm,54,0.54,40,34,0.0003195401277700088,2.981554318992608e-08,8.648170844338594e-08,False
lateral,control,cbf_correction_norm,55,0.55,40,34,0.005425162080990912,4.0502770426442656e-08,1.1913241451111385e-07,False
lateral,control,cbf_correction_norm,56,0.56,40,34,0.011323552774100808,4.519737544228606e-08,9.145151743439326e-08,False
lateral,control,cbf_correction_norm,57,0.5700000000000001,40,34,0.0003275981739456328,4.4428142516039694e-08,1.024452245346205e-07,False
lateral,control,cbf_correction_norm,58,0.58,40,34,0.006833221322654448,4.5795268324155466e-08,9.863215657546152e-08,False
lateral,control,cbf_correction_norm,59,0.59,40,34,0.004875801871968153,5.35467794904318e-08,9.10865730663349e-08,False
lateral,control,cbf_correction_norm,60,0.6,40,34,0.0016945494770865578,4.471810637340918e-08,9.27875138501123e-08,False
lateral,control,cbf_correction_norm,61,0.61,40,34,0.0007672663419784522,6.166794198847509e-08,8.93914174504573e-08,False
lateral,control,cbf_correction_norm,62,0.62,40,34,7.564384435010389e-08,4.788820243462132e-08,8.354182888581332e-08,False
lateral,control,cbf_correction_norm,63,0.63,40,34,7.462984548833883e-08,5.071455688288033e-08,8.974416506824042e-08,False
lateral,control,cbf_correction_norm,64,0.64,40,34,0.000235905201347654,4.405221424974673e-08,7.70959854889933e-08,False
lateral,control,cbf_correction_norm,65,0.65,40,34,0.005791447143538454,3.5389037256195467e-08,8.239801303489006e-08,False
lateral,control,cbf_correction_norm,66,0.66,40,34,6.346756525577027e-08,3.730226818987615e-08,7.916619978232155e-08,False
lateral,control,cbf_correction_norm,67,0.67,40,34,0.0011345910782370515,5.2426513388324535e-08,8.540674571122619e-08,False
lateral,control,cbf_correction_norm,68,0.68,40,34,6.326930495692559e-08,4.2174543661844164e-08,7.755952214694148e-08,False
lateral,control,cbf_correction_norm,69,0.6900000000000001,40,34,0.000982505395045596,4.072767847418572e-08,9.414045793576613e-08,False
lateral,control,cbf_correction_norm,70,0.7000000000000001,40,34,7.06656178040002e-08,4.4293851475527336e-08,1.0137363810614022e-07,False
lateral,control,cbf_correction_norm,71,0.71,40,34,0.0026846776364759808,3.5949335877026686e-08,8.950947938401979e-08,False
lateral,control,cbf_correction_norm,72,0.72,40,34,0.006609969696618893,4.4403578485230324e-08,9.54704442079899e-08,False
lateral,control,cbf_correction_norm,73,0.73,40,34,6.747377825100363e-08,3.27054914461836e-08,8.636779558202107e-08,False
lateral,control,cbf_correction_norm,74,0.74,40,34,7.925952849552334e-08,4.8463573030232845e-08,1.0265974117018584e-07,False
lateral,control,cbf_correction_norm,75,0.75,40,34,7.236296963863954e-08,4.431509004199047e-08,1.0759570834295512e-07,False
lateral,control,cbf_correction_norm,76,0.76,40,34,6.535103826177396e-08,4.491539112194799e-08,8.178564570471317e-08,False
lateral,control,cbf_correction_norm,77,0.77,40,34,0.004031897045570822,4.9057760218573786e-08,7.849632846834764e-08,False
lateral,control,cbf_correction_norm,78,0.78,40,34,7.283476661790199e-08,4.6468199013105456e-08,9.142245087190319e-08,False
lateral,control,cbf_correction_norm,79,0.79,40,34,0.0004827195539235998,3.711280873730585e-08,8.678766548087e-08,False
lateral,control,cbf_correction_norm,80,0.8,40,34,0.0005246001360825306,4.1997061472897944e-08,9.859662135625307e-08,False
lateral,control,cbf_correction_norm,81,0.81,40,34,0.00039673089766204493,4.8895887481138143e-08,7.965732483850024e-08,False
lateral,control,cbf_correction_norm,82,0.8200000000000001,40,34,6.949286769986073e-08,4.8372310192946036e-08,9.260641281372256e-08,False
lateral,control,cbf_correction_norm,83,0.8300000000000001,40,34,6.22597913650941e-08,3.126081907112161e-08,9.521912410548332e-08,False
lateral,control,cbf_correction_norm,84,0.84,40,34,6.06516303154335e-08,3.713676019145853e-08,7.400749655772819e-08,False
lateral,control,cbf_correction_norm,85,0.85,40,34,6.665948387829539e-08,4.704978984193531e-08,8.968776068485371e-08,False
lateral,control,cbf_correction_norm,86,0.86,40,34,5.806326678592367e-08,3.625626504799539e-08,8.199502495642735e-08,False
lateral,control,cbf_correction_norm,87,0.87,40,34,5.444167031698467e-08,2.935389400438035e-08,6.709786918079845e-08,False
lateral,control,cbf_correction_norm,88,0.88,40,34,0.008528563296545716,4.222125568276195e-08,7.328531740569196e-08,False
lateral,control,cbf_correction_norm,89,0.89,40,34,0.0002346171207743903,3.793229979009997e-08,7.739494769953778e-08,False
lateral,control,cbf_correction_norm,90,0.9,40,34,5.098206902309776e-08,2.8517563288588275e-08,7.440769422828462e-08,False
lateral,control,cbf_correction_norm,91,0.91,40,34,0.0016138975787201235,2.8769054964960555e-08,6.749694305696624e-08,False
lateral,control,cbf_correction_norm,92,0.92,40,34,0.006838572973896122,3.73672244791125e-08,7.56357194120482e-08,False
lateral,control,cbf_correction_norm,93,0.93,40,34,0.01855350639211938,3.332268589950622e-08,7.255080449297721e-08,False
lateral,control,cbf_correction_norm,94,0.9400000000000001,40,34,0.0024401755203160014,3.7133579020576444e-08,6.890185598962256e-08,False
lateral,control,cbf_correction_norm,95,0.9500000000000001,40,34,5.739988510056192e-08,2.7128381441255926e-08,8.281852847957766e-08,False
lateral,control,cbf_correction_norm,96,0.96,40,34,0.004343891991267152,2.7473645278774836e-08,6.868312368624173e-08,False
lateral,control,cbf_correction_norm,97,0.97,40,34,0.018368583446864237,2.329193034000821e-08,6.726985084526395e-08,False
lateral,control,cbf_correction_norm,98,0.98,40,34,0.04638310678068925,2.6280957605706595e-08,7.813719768989791e-08,False
lateral,control,cbf_correction_norm,99,0.99,40,34,0.06457742694905798,4.111800360195873e-08,9.081890709694539e-08,False
lateral,control,cbf_correction_norm,100,1.0,40,34,0.0,0.0,0.0,False
lateral,v21,abs_centerline_error,0,0.0,40,34,0.04433248545392417,0.027260338421911,0.06399707496166229,False
lateral,v21,abs_centerline_error,1,0.01,40,34,0.04462605747341877,0.031062598573043942,0.06000981562770903,False
lateral,v21,abs_centerline_error,2,0.02,40,34,0.04476777440868317,0.03188057579100132,0.05799295976758004,False
lateral,v21,abs_centerline_error,3,0.03,40,34,0.04460734578163829,0.02896972123999149,0.058007292868569496,False
lateral,v21,abs_centerline_error,4,0.04,40,34,0.04483134355861694,0.03071246715262532,0.06121388260275125,False
lateral,v21,abs_centerline_error,5,0.05,40,34,0.046560410421807315,0.026385299465619027,0.06812398405745626,False
lateral,v21,abs_centerline_error,6,0.06,40,34,0.05302967207075562,0.028850716566666955,0.07343106191605328,False
lateral,v21,abs_centerline_error,7,0.07,40,34,0.060861790209513864,0.031172649539075795,0.09039615854620933,False
lateral,v21,abs_centerline_error,8,0.08,40,34,0.06282659144632635,0.02793837979435921,0.09423870578408242,False
lateral,v21,abs_centerline_error,9,0.09,40,34,0.0628157244080503,0.0184378950856626,0.10517324201762676,False
lateral,v21,abs_centerline_error,10,0.1,40,34,0.06739497024827869,0.018212115694768747,0.11510069984942674,False
lateral,v21,abs_centerline_error,11,0.11,40,34,0.07620013164351848,0.0408331569749862,0.11445606421679258,False
lateral,v21,abs_centerline_error,12,0.12,40,34,0.08403838175302371,0.044047076962888246,0.11527838408946989,False
lateral,v21,abs_centerline_error,13,0.13,40,34,0.08519469146453774,0.037468700660392644,0.12493534937500952,False
lateral,v21,abs_centerline_error,14,0.14,40,34,0.08514910287648672,0.03984498089179399,0.13122020676732066,False
lateral,v21,abs_centerline_error,15,0.15,40,34,0.08430459168805102,0.03870441177859901,0.1351190198212862,False
lateral,v21,abs_centerline_error,16,0.16,40,34,0.08984733770228927,0.03561893939971923,0.1361130018532276,False
lateral,v21,abs_centerline_error,17,0.17,40,34,0.0935423884221818,0.04298989208415151,0.1429399996623397,False
lateral,v21,abs_centerline_error,18,0.18,40,34,0.09518606712498148,0.04047330677509309,0.14649905711412428,False
lateral,v21,abs_centerline_error,19,0.19,40,34,0.09740665790138885,0.050209664972499006,0.15315106414258478,False
lateral,v21,abs_centerline_error,20,0.2,40,34,0.09471778217703103,0.042184853740036485,0.15129274278879168,False
lateral,v21,abs_centerline_error,21,0.21,40,34,0.0934878046597587,0.02771800128743056,0.14888528838753703,False
lateral,v21,abs_centerline_error,22,0.22,40,34,0.09702700846159132,0.03854280684143307,0.1530920059978962,False
lateral,v21,abs_centerline_error,23,0.23,40,34,0.10153281925409101,0.031172232441604133,0.15670808903872965,False
lateral,v21,abs_centerline_error,24,0.24,40,34,0.10662535280617884,0.03576284281909464,0.16499743163585662,False
lateral,v21,abs_centerline_error,25,0.25,40,34,0.1153472104575485,0.04474803013727069,0.17595470696687698,False
lateral,v21,abs_centerline_error,26,0.26,40,34,0.11747207689005881,0.05047171808779238,0.18971653327345853,False
lateral,v21,abs_centerline_error,27,0.27,40,34,0.11530657879839419,0.05051992304623127,0.18304403081536294,False
lateral,v21,abs_centerline_error,28,0.28,40,34,0.11739323635667095,0.0439994393289089,0.18062947377562524,False
lateral,v21,abs_centerline_error,29,0.29,40,34,0.11939827165729366,0.03285159710329026,0.17901307459920646,False
lateral,v21,abs_centerline_error,30,0.3,40,34,0.1210248723902623,0.03254225957207382,0.1886258002370596,False
lateral,v21,abs_centerline_error,31,0.31,40,34,0.12596669388562448,0.03304136001504957,0.1996517573297024,False
lateral,v21,abs_centerline_error,32,0.32,40,34,0.12962095785207933,0.037593359909951704,0.21780942276120185,False
lateral,v21,abs_centerline_error,33,0.33,40,34,0.13378253594838313,0.04426292386837303,0.21358543504029512,False
lateral,v21,abs_centerline_error,34,0.34,40,34,0.1363512672180368,0.043665343616157745,0.21380569800734522,False
lateral,v21,abs_centerline_error,35,0.35000000000000003,40,34,0.13835185598366478,0.04749208260327576,0.20868452135473492,False
lateral,v21,abs_centerline_error,36,0.36,40,34,0.14262223783422084,0.03879446778446433,0.21771863579750056,False
lateral,v21,abs_centerline_error,37,0.37,40,34,0.14612973544622213,0.031074269604869167,0.23328282169997694,False
lateral,v21,abs_centerline_error,38,0.38,40,34,0.1486156539161893,0.02076142642647026,0.23899171680212022,False
lateral,v21,abs_centerline_error,39,0.39,40,34,0.1543535375770298,0.023766011954285224,0.23896644212305543,False
lateral,v21,abs_centerline_error,40,0.4,40,34,0.16302322955569254,0.04464906938374042,0.2407995231449604,False
lateral,v21,abs_centerline_error,41,0.41000000000000003,40,34,0.16865520063121217,0.03989787113852796,0.24281566746532918,False
lateral,v21,abs_centerline_error,42,0.42,40,34,0.17153057595749852,0.039105009362101595,0.25423603802919387,False
lateral,v21,abs_centerline_error,43,0.43,40,34,0.17459487684603306,0.02984570637345314,0.27412097901105875,False
lateral,v21,abs_centerline_error,44,0.44,40,34,0.18091352782593456,0.038500229381024764,0.2862464794516564,False
lateral,v21,abs_centerline_error,45,0.45,40,34,0.18672237485414372,0.0453927674330771,0.2933691557496786,False
lateral,v21,abs_centerline_error,46,0.46,40,34,0.19113498677546162,0.03981275239959358,0.29866564825177194,False
lateral,v21,abs_centerline_error,47,0.47000000000000003,40,34,0.19586027996287886,0.05826152199879295,0.308397656455636,False
lateral,v21,abs_centerline_error,48,0.48,40,34,0.20162706925952806,0.07829305119812482,0.30958955347538,False
lateral,v21,abs_centerline_error,49,0.49,40,34,0.2087073332015425,0.08034015035256745,0.319029428511858,False
lateral,v21,abs_centerline_error,50,0.5,40,34,0.2094399318099022,0.09151809569448233,0.3167571909725666,False
lateral,v21,abs_centerline_error,51,0.51,40,34,0.2103072382779792,0.0855420578457415,0.3175065238773823,False
lateral,v21,abs_centerline_error,52,0.52,40,34,0.21300882115913558,0.07751334354281428,0.3157743951678277,False
lateral,v21,abs_centerline_error,53,0.53,40,34,0.22039325669370013,0.07383482391014695,0.33992347009480006,False
lateral,v21,abs_centerline_error,54,0.54,40,34,0.23121496655904053,0.07535718373954298,0.37129804044961934,False
lateral,v21,abs_centerline_error,55,0.55,40,34,0.24147694045823295,0.08173709977418188,0.38565059527754786,False
lateral,v21,abs_centerline_error,56,0.56,40,34,0.24479895435925575,0.08919071950018406,0.3889619341492653,False
lateral,v21,abs_centerline_error,57,0.5700000000000001,40,34,0.24433254485111688,0.08015828533098095,0.39522929295897496,False
lateral,v21,abs_centerline_error,58,0.58,40,34,0.25178240775596333,0.07883114513009787,0.39777476683259005,False
lateral,v21,abs_centerline_error,59,0.59,40,34,0.261225659527583,0.09517693446949116,0.4001583071053028,False
lateral,v21,abs_centerline_error,60,0.6,40,34,0.268756776014343,0.10580894872546191,0.4126042604446411,False
lateral,v21,abs_centerline_error,61,0.61,40,34,0.2741887102684414,0.11520072385668753,0.4342563916742801,False
lateral,v21,abs_centerline_error,62,0.62,40,34,0.28043391285976405,0.105869507342577,0.4475918906927109,False
lateral,v21,abs_centerline_error,63,0.63,40,34,0.2851193357966841,0.11379531102254982,0.44207813277840613,False
lateral,v21,abs_centerline_error,64,0.64,40,34,0.288996127600316,0.11774502523243432,0.4418107295036316,False
lateral,v21,abs_centerline_error,65,0.65,40,34,0.29818429232109345,0.13472554460167882,0.4636370494961739,False
lateral,v21,abs_centerline_error,66,0.66,40,34,0.3036878129839898,0.15155349195003515,0.47344573959708214,False
lateral,v21,abs_centerline_error,67,0.67,40,34,0.3053297924353533,0.1450073649361729,0.48419286169111725,False
lateral,v21,abs_centerline_error,68,0.68,40,34,0.3112432100297884,0.1468441759049892,0.4748146533966065,False
lateral,v21,abs_centerline_error,69,0.6900000000000001,40,34,0.3143156971966382,0.13850330030545582,0.48754445366561416,False
lateral,v21,abs_centerline_error,70,0.7000000000000001,40,34,0.3189671159000136,0.13215042464435106,0.4916965432465077,False
lateral,v21,abs_centerline_error,71,0.71,40,34,0.32569920976995487,0.1380620408430695,0.5087687464058399,False
lateral,v21,abs_centerline_error,72,0.72,40,34,0.33098931299336254,0.1257020732015372,0.5224528330564499,False
lateral,v21,abs_centerline_error,73,0.73,40,34,0.3348653129930607,0.12520371267572045,0.5249072051048278,False
lateral,v21,abs_centerline_error,74,0.74,40,34,0.3367739935833961,0.1193716647475957,0.5282375806570053,False
lateral,v21,abs_centerline_error,75,0.75,40,34,0.3434808983933181,0.1355368411168456,0.5591843724250793,False
lateral,v21,abs_centerline_error,76,0.76,40,34,0.3521337971370668,0.1473504729568959,0.579253717660904,False
lateral,v21,abs_centerline_error,77,0.77,40,34,0.3605451786050108,0.15515370704233644,0.5969487103819848,False
lateral,v21,abs_centerline_error,78,0.78,40,34,0.3644569804971106,0.13350289508700378,0.5956059366464614,False
lateral,v21,abs_centerline_error,79,0.79,40,34,0.3652861838730749,0.13581632144749153,0.5804278747737407,False
lateral,v21,abs_centerline_error,80,0.8,40,34,0.3678995993779972,0.13698607012629516,0.5865405321121216,False
lateral,v21,abs_centerline_error,81,0.81,40,34,0.3745020403810777,0.14716382801532749,0.6042096430063248,False
lateral,v21,abs_centerline_error,82,0.8200000000000001,40,34,0.3830267937178725,0.14238295994698985,0.6169779196381571,False
lateral,v21,abs_centerline_error,83,0.8300000000000001,40,34,0.3886422659434611,0.1316350705362857,0.6334700867533684,False
lateral,v21,abs_centerline_error,84,0.84,40,34,0.3933326938413083,0.13544895008206367,0.6303249204158783,False
lateral,v21,abs_centerline_error,85,0.85,40,34,0.3982559552544262,0.14400437511503694,0.6118689320981503,False
lateral,v21,abs_centerline_error,86,0.86,40,34,0.4013522110592748,0.14820798717439174,0.6381794196367263,False
lateral,v21,abs_centerline_error,87,0.87,40,34,0.4091292942361906,0.1595102678611875,0.6572887049615384,False
lateral,v21,abs_centerline_error,88,0.88,40,34,0.4160934983044863,0.1699002730846405,0.6734960055351258,False
lateral,v21,abs_centerline_error,89,0.89,40,34,0.4211088205277919,0.16420162912458178,0.6777572977542876,False
lateral,v21,abs_centerline_error,90,0.9,40,34,0.42095642504282293,0.16566857993602752,0.6448031410574913,False
lateral,v21,abs_centerline_error,91,0.91,40,34,0.42272608932619915,0.17050455577671533,0.6444024406373501,False
lateral,v21,abs_centerline_error,92,0.92,40,34,0.42429970953799767,0.16144777849316597,0.6590396714210511,False
lateral,v21,abs_centerline_error,93,0.93,40,34,0.4306324910197873,0.15418739888817073,0.6794989939033986,False
lateral,v21,abs_centerline_error,94,0.9400000000000001,40,34,0.4364408565005869,0.1533052782714367,0.6843050077557564,False
lateral,v21,abs_centerline_error,95,0.9500000000000001,40,34,0.4435412521590479,0.15744326841086154,0.6819229304790495,False
lateral,v21,abs_centerline_error,96,0.96,40,34,0.4484156209295616,0.16959546700119973,0.6696159809827805,False
lateral,v21,abs_centerline_error,97,0.97,40,34,0.451200422011956,0.14881808724254364,0.675723438411951,False
lateral,v21,abs_centerline_error,98,0.98,40,34,0.454700105278287,0.14102285258471967,0.6913162395358086,False
lateral,v21,abs_centerline_error,99,0.99,40,34,0.45860458059540415,0.14001140274107457,0.6990784741938114,False
lateral,v21,abs_centerline_error,100,1.0,40,34,0.031995343323796985,0.010965602472424507,0.053055353462696075,False
lateral,v21,abs_heading_error,0,0.0,40,34,0.05495345706585795,0.020775537472218275,0.08845566213130951,False
lateral,v21,abs_heading_error,1,0.01,40,34,0.08912476271425838,0.05870171505957842,0.12659834399819375,False
lateral,v21,abs_heading_error,2,0.02,40,34,0.15756794611248193,0.11201534934341909,0.2099728401005268,False
lateral,v21,abs_heading_error,3,0.03,40,34,0.2447277015075088,0.1915367676317692,0.3236398436129093,False
lateral,v21,abs_heading_error,4,0.04,40,34,0.30388237139582636,0.26959584653377533,0.362124263048172,False
lateral,v21,abs_heading_error,5,0.05,40,34,0.3171085540391505,0.26732304766774173,0.37886144034564495,False
lateral,v21,abs_heading_error,6,0.06,40,34,0.32269886680319904,0.26943041756749153,0.3765908300876618,False
lateral,v21,abs_heading_error,7,0.07,40,34,0.36383914178609855,0.30388900980353356,0.44462296932935724,False
lateral,v21,abs_heading_error,8,0.08,40,34,0.40714814269542704,0.3015793552994729,0.5302426064014435,False
lateral,v21,abs_heading_error,9,0.09,40,34,0.44656699066981675,0.3599422596395016,0.562067366093397,False
lateral,v21,abs_heading_error,10,0.1,40,34,0.4638671537861228,0.36267410144209855,0.5649986818432807,False
lateral,v21,abs_heading_error,11,0.11,40,34,0.4527098085731268,0.37786949694156646,0.5396647875010967,False
lateral,v21,abs_heading_error,12,0.12,40,34,0.4612561786845327,0.3885594996809959,0.5579755342006684,False
lateral,v21,abs_heading_error,13,0.13,40,34,0.4995669953674079,0.43560679696500304,0.5851518355309964,False
lateral,v21,abs_heading_error,14,0.14,40,34,0.4932027928978206,0.40596102982759485,0.5672674536705018,False
lateral,v21,abs_heading_error,15,0.15,40,34,0.4833026328682899,0.3833600856363773,0.5963305853307247,False
lateral,v21,abs_heading_error,16,0.16,40,34,0.4550868035256862,0.37416338443756103,0.5516393363475799,False
lateral,v21,abs_heading_error,17,0.17,40,34,0.4518809046316893,0.34510648809373357,0.5520098547637462,False
lateral,v21,abs_heading_error,18,0.18,40,34,0.4745534446686507,0.3492025330662727,0.628427333831787,False
lateral,v21,abs_heading_error,19,0.19,40,34,0.5052104754596949,0.3850605113059282,0.6157054503262043,False
lateral,v21,abs_heading_error,20,0.2,40,34,0.5415668661892414,0.4071597054600716,0.6757080465555191,False
lateral,v21,abs_heading_error,21,0.21,40,34,0.5461930135115981,0.4759113800525665,0.6396339850127697,False
lateral,v21,abs_heading_error,22,0.22,40,34,0.4997859102301298,0.4214755609631537,0.6012244513630867,False
lateral,v21,abs_heading_error,23,0.23,40,34,0.4585186526468024,0.3220599801838397,0.5804835230112075,False
lateral,v21,abs_heading_error,24,0.24,40,34,0.45820508884615263,0.2770893612504005,0.5998553812503817,False
lateral,v21,abs_heading_error,25,0.25,40,34,0.4799912766437046,0.351412121206522,0.6249500177800655,False
lateral,v21,abs_heading_error,26,0.26,40,34,0.512362702511251,0.38970309719443347,0.6457205533981325,False
lateral,v21,abs_heading_error,27,0.27,40,34,0.5378494184575974,0.3731868454068898,0.6859847310185433,False
lateral,v21,abs_heading_error,28,0.28,40,34,0.5052357003763316,0.38672941505908975,0.6219054961204523,False
lateral,v21,abs_heading_error,29,0.29,40,34,0.4658392635378987,0.31567459434270906,0.588946090936661,False
lateral,v21,abs_heading_error,30,0.3,40,34,0.4706635737314354,0.3547508105635643,0.5896147638559343,False
lateral,v21,abs_heading_error,31,0.31,40,34,0.5255538684697822,0.38372033558785906,0.6919395774602888,False
lateral,v21,abs_heading_error,32,0.32,40,34,0.5635347013473511,0.40786181628704077,0.72372407913208,False
lateral,v21,abs_heading_error,33,0.33,40,34,0.5769563314327967,0.3733496591448774,0.7335563245415688,False
lateral,v21,abs_heading_error,34,0.34,40,34,0.5615574849210678,0.36573433205485356,0.6944147998094559,False
lateral,v21,abs_heading_error,35,0.35000000000000003,40,34,0.5545136219181586,0.37971881553530673,0.6962901368737219,False
lateral,v21,abs_heading_error,36,0.36,40,34,0.5547289867121726,0.36711684316396714,0.6783328682184219,False
lateral,v21,abs_heading_error,37,0.37,40,34,0.5648306089546532,0.41781705871224406,0.7337315133213996,False
lateral,v21,abs_heading_error,38,0.38,40,34,0.5966178735271096,0.4419495032727719,0.8314909726381305,False
lateral,v21,abs_heading_error,39,0.39,40,34,0.6010676137395203,0.3843026646226643,0.7302440063655381,False
lateral,v21,abs_heading_error,40,0.4,40,34,0.588064745478332,0.41139429807662964,0.7384134799242021,False
lateral,v21,abs_heading_error,41,0.41000000000000003,40,34,0.5625711138662883,0.37503889642655863,0.7537158432602884,False
lateral,v21,abs_heading_error,42,0.42,40,34,0.5564858106821775,0.35098824337124823,0.7740664622187615,False
lateral,v21,abs_heading_error,43,0.43,40,34,0.5742497453056277,0.40134930446744,0.7889277260005475,False
lateral,v21,abs_heading_error,44,0.44,40,34,0.606008372012526,0.4541431471705435,0.7644799816608427,False
lateral,v21,abs_heading_error,45,0.45,40,34,0.6074878539051859,0.4387598931789399,0.8172809854149818,False
lateral,v21,abs_heading_error,46,0.46,40,34,0.5938290743893011,0.4023779773712157,0.7440402993559838,False
lateral,v21,abs_heading_error,47,0.47000000000000003,40,34,0.5909744976835789,0.3919368644058703,0.8295196643471721,False
lateral,v21,abs_heading_error,48,0.48,40,34,0.6279154321439563,0.4316315704584123,0.8229975897073745,False
lateral,v21,abs_heading_error,49,0.49,40,34,0.6591479144729674,0.4223675639927388,0.8401584064960478,False
lateral,v21,abs_heading_error,50,0.5,40,34,0.7084229508414864,0.4967168979346752,0.9013288393616676,False
lateral,v21,abs_heading_error,51,0.51,40,34,0.6955028459131717,0.537255810797215,0.9250255486369136,False
lateral,v21,abs_heading_error,52,0.52,40,34,0.6488166035115719,0.48435948282480235,0.8317808455228806,False
lateral,v21,abs_heading_error,53,0.53,40,34,0.6058256083689628,0.4451498278975485,0.7680785603821279,False
lateral,v21,abs_heading_error,54,0.54,40,34,0.6141253193579617,0.42880098596215266,0.8138463121652603,False
lateral,v21,abs_heading_error,55,0.55,40,34,0.6563114513084292,0.469645139575005,0.829844184219837,False
lateral,v21,abs_heading_error,56,0.56,40,34,0.6745365259200338,0.4342491903901106,0.937770050168038,False
lateral,v21,abs_heading_error,57,0.5700000000000001,40,34,0.6912232984348665,0.39943128719925924,0.9980705852806573,False
lateral,v21,abs_heading_error,58,0.58,40,34,0.6722371063809842,0.424886653721332,0.9781869205832481,False
lateral,v21,abs_heading_error,59,0.59,40,34,0.6655502319736406,0.4590388099849222,0.9420749747753149,False
lateral,v21,abs_heading_error,60,0.6,40,34,0.6642481142655017,0.405451254546642,0.8849252313375473,False
lateral,v21,abs_heading_error,61,0.61,40,34,0.6849097352102398,0.37931326568126705,0.9603766776621343,False
lateral,v21,abs_heading_error,62,0.62,40,34,0.7071415899852289,0.412823011726141,0.9676956868171692,False
lateral,v21,abs_heading_error,63,0.63,40,34,0.7191043374361472,0.43218889504671076,0.964900052398443,False
lateral,v21,abs_heading_error,64,0.64,40,34,0.7129746303223072,0.48041700690984757,0.9733053219318389,False
lateral,v21,abs_heading_error,65,0.65,40,34,0.6941292050713673,0.4028432980179788,0.9282718941569329,False
lateral,v21,abs_heading_error,66,0.66,40,34,0.692693789642304,0.38163086012005787,0.9471700716018672,False
lateral,v21,abs_heading_error,67,0.67,40,34,0.7174497242141518,0.4549635701626545,0.9701049581170084,False
lateral,v21,abs_heading_error,68,0.68,40,34,0.740329625116661,0.5114647081494333,0.9318230557441712,False
lateral,v21,abs_heading_error,69,0.6900000000000001,40,34,0.747116662617773,0.43276719510555317,0.9677811180055141,False
lateral,v21,abs_heading_error,70,0.7000000000000001,40,34,0.7273462769135948,0.3861478261649598,0.9954020246863368,False
lateral,v21,abs_heading_error,71,0.71,40,34,0.7048993648849428,0.3873276684433221,0.977519106566906,False
lateral,v21,abs_heading_error,72,0.72,40,34,0.7096476830625909,0.41890463352203433,0.9729236686229705,False
lateral,v21,abs_heading_error,73,0.73,40,34,0.7050740661376622,0.42857015982270213,0.9285738296806813,False
lateral,v21,abs_heading_error,74,0.74,40,34,0.7204786660093816,0.3872843155264853,0.9692382687330245,False
lateral,v21,abs_heading_error,75,0.75,40,34,0.71471862338949,0.40806565061211586,1.0102091915905476,False
lateral,v21,abs_heading_error,76,0.76,40,34,0.7291264004763215,0.4448635697364808,1.0311531585454943,False
lateral,v21,abs_heading_error,77,0.77,40,34,0.7514139762330452,0.4433191882818939,1.0188389450311663,False
lateral,v21,abs_heading_error,78,0.78,40,34,0.7844095469564201,0.46300257071852635,1.0928447514772412,False
lateral,v21,abs_heading_error,79,0.79,40,34,0.8040276312115603,0.501266329362989,1.1225977963209148,False
lateral,v21,abs_heading_error,80,0.8,40,34,0.7992676226049659,0.5196525961160658,1.1284883320331578,False
lateral,v21,abs_heading_error,81,0.81,40,34,0.7860316129382697,0.4836183164268735,1.0659439438581462,False
lateral,v21,abs_heading_error,82,0.8200000000000001,40,34,0.7570064640864728,0.5051759132742883,1.0658201044797897,False
lateral,v21,abs_heading_error,83,0.8300000000000001,40,34,0.7662643221986947,0.4879619891196494,1.0810948395729056,False
lateral,v21,abs_heading_error,84,0.84,40,34,0.7967344843745229,0.5691966193914412,1.0374046134948736,False
lateral,v21,abs_heading_error,85,0.85,40,34,0.8311134384945035,0.5959568269550798,1.1254711508750912,False
lateral,v21,abs_heading_error,86,0.86,40,34,0.8410545611418783,0.5797895768284798,1.1459655779600144,False
lateral,v21,abs_heading_error,87,0.87,40,34,0.806723731432343,0.4753908333927392,1.1380587491393086,False
lateral,v21,abs_heading_error,88,0.88,40,34,0.7871122981272639,0.38443266719579694,1.1059356760978696,False
lateral,v21,abs_heading_error,89,0.89,40,34,0.7891317179944599,0.42431219659745734,1.097808620333672,False
lateral,v21,abs_heading_error,90,0.9,40,34,0.8329417103901505,0.4787890538573267,1.1074296057224273,False
lateral,v21,abs_heading_error,91,0.91,40,34,0.8709369453713298,0.5242668198794131,1.1886991223692898,False
lateral,v21,abs_heading_error,92,0.92,40,34,0.8741353759486227,0.5642434757947912,1.2657303571701042,False
lateral,v21,abs_heading_error,93,0.93,40,34,0.8488371175196952,0.4846298530697818,1.2453312686085691,False
lateral,v21,abs_heading_error,94,0.9400000000000001,40,34,0.8426311359874671,0.4266407981514927,1.248071987628937,False
lateral,v21,abs_heading_error,95,0.9500000000000001,40,34,0.8476414262037725,0.44201469011604855,1.2156126439571375,False
lateral,v21,abs_heading_error,96,0.96,40,34,0.8511391727328299,0.4975455370545385,1.1733761954307553,False
lateral,v21,abs_heading_error,97,0.97,40,34,0.8425278394238557,0.42523054428398593,1.252675677537918,False
lateral,v21,abs_heading_error,98,0.98,40,34,0.8284403253771597,0.2874819890409709,1.2096879076957705,False
lateral,v21,abs_heading_error,99,0.99,40,34,0.821967532317154,0.22390132296830417,1.2743851551413536,False
lateral,v21,abs_heading_error,100,1.0,40,34,0.054165848426055166,0.02950340509414673,0.07260763458907604,False
lateral,v21,abs_centerline_error_rate,0,0.0,40,34,0.0,0.0,0.0,False
lateral,v21,abs_centerline_error_rate,1,0.01,40,34,0.12295960618741811,0.11599868338555097,0.13563592966645957,False
lateral,v21,abs_centerline_error_rate,2,0.02,40,34,0.06778837504051625,0.05431330017745497,0.07686913479119539,False
lateral,v21,abs_centerline_error_rate,3,0.03,40,34,0.06787370357103646,0.05007070256397127,0.08158170059323312,False
lateral,v21,abs_centerline_error_rate,4,0.04,40,34,0.08492217167466878,0.0435153821669519,0.10892586782574654,False
lateral,v21,abs_centerline_error_rate,5,0.05,40,34,0.1566745489556342,0.06538807414472105,0.22907647434622047,False
lateral,v21,abs_centerline_error_rate,6,0.06,40,34,0.20769288310408593,0.11412568949162959,0.29730743154883377,False
lateral,v21,abs_centerline_error_rate,7,0.07,40,34,0.16516839545441328,0.0870243888348341,0.24184423487633455,False
lateral,v21,abs_centerline_error_rate,8,0.08,40,34,0.17319074131548404,0.0388495922088623,0.2593391233682632,False
lateral,v21,abs_centerline_error_rate,9,0.09,40,34,0.17137660068925467,0.09711811598390338,0.253329267501831,False
lateral,v21,abs_centerline_error_rate,10,0.1,40,34,0.128053461778909,0.08880347013473511,0.1613872893154622,False
lateral,v21,abs_centerline_error_rate,11,0.11,40,34,0.12778134180791675,0.0807484467327595,0.14384821522980917,False
lateral,v21,abs_centerline_error_rate,12,0.12,40,34,0.1817389468606562,0.08902332186698905,0.2238122075796128,False
lateral,v21,abs_centerline_error_rate,13,0.13,40,34,0.11261007726099341,0.04623498627915971,0.18191655222326514,False
lateral,v21,abs_centerline_error_rate,14,0.14,40,34,0.15262029556278145,0.07689388003200304,0.2104699518531561,False
lateral,v21,abs_centerline_error_rate,15,0.15,40,34,0.18668784234963823,0.09042178746312861,0.2803501706570388,False
lateral,v21,abs_centerline_error_rate,16,0.16,40,34,0.1549128276892006,0.07592058926820754,0.21144496858119882,False
lateral,v21,abs_centerline_error_rate,17,0.17,40,34,0.12737809397745878,0.05077261291444331,0.17896427121013397,False
lateral,v21,abs_centerline_error_rate,18,0.18,40,34,0.14454344541952002,0.05089417308568976,0.22536731071770144,False
lateral,v21,abs_centerline_error_rate,19,0.19,40,34,0.14629136052168906,0.051471861079335234,0.20960525609552857,False
lateral,v21,abs_centerline_error_rate,20,0.2,40,34,0.14228256653994337,0.08908211998641505,0.19018053114414213,False
lateral,v21,abs_centerline_error_rate,21,0.21,40,34,0.17401358103938408,0.0675217172130941,0.25747542036697313,False
lateral,v21,abs_centerline_error_rate,22,0.22,40,34,0.1558211573613808,0.0592140797525645,0.22206568494439127,False
lateral,v21,abs_centerline_error_rate,23,0.23,40,34,0.1405427612671629,0.05119563359767201,0.20246222428977445,False
lateral,v21,abs_centerline_error_rate,24,0.24,40,34,0.13616736438497898,0.06203805983066561,0.19246447652578327,False
lateral,v21,abs_centerline_error_rate,25,0.25,40,34,0.15463080815970903,0.09111988265067326,0.2032979391515256,False
lateral,v21,abs_centerline_error_rate,26,0.26,40,34,0.17141161865182225,0.07549172500148421,0.24392016045749193,False
lateral,v21,abs_centerline_error_rate,27,0.27,40,34,0.19525128584634488,0.09144706272520042,0.2635381206125015,False
lateral,v21,abs_centerline_error_rate,28,0.28,40,34,0.14776194704324008,0.06395805627107658,0.2132532894611359,False
lateral,v21,abs_centerline_error_rate,29,0.29,40,34,0.1408920880486258,0.05804238814860646,0.17391473297029736,False
lateral,v21,abs_centerline_error_rate,30,0.3,40,34,0.13046523833414533,0.059089513681828805,0.1676430180668831,False
lateral,v21,abs_centerline_error_rate,31,0.31,40,34,0.150272606535349,0.07335765054449453,0.20288447476923477,False
lateral,v21,abs_centerline_error_rate,32,0.32,40,34,0.17287669852003448,0.07415737956762374,0.24997166544199023,False
lateral,v21,abs_centerline_error_rate,33,0.33,40,34,0.18204336172901095,0.10026659082621357,0.2514766431227322,False
lateral,v21,abs_centerline_error_rate,34,0.34,40,34,0.15850752095133075,0.04249148443341258,0.21577509492635744,False
lateral,v21,abs_centerline_error_rate,35,0.35000000000000003,40,34,0.16035320046823487,0.08013100828975553,0.190735794603824,False
lateral,v21,abs_centerline_error_rate,36,0.36,40,34,0.1591308752130715,0.07052490115165715,0.22424008443951568,False
lateral,v21,abs_centerline_error_rate,37,0.37,40,34,0.19173748140223337,0.07942944338545138,0.26790706135332587,False
lateral,v21,abs_centerline_error_rate,38,0.38,40,34,0.1653662485089154,0.07480930723249932,0.21325861290097262,False
lateral,v21,abs_centerline_error_rate,39,0.39,40,34,0.148300403260626,0.06299006566405274,0.18984788656234802,False
lateral,v21,abs_centerline_error_rate,40,0.4,40,34,0.1486738206259906,0.06383481286466051,0.22158507257699855,False
lateral,v21,abs_centerline_error_rate,41,0.41000000000000003,40,34,0.15534234681725528,0.07463600859046002,0.2034605070948613,False
lateral,v21,abs_centerline_error_rate,42,0.42,40,34,0.16663781963102534,0.06691770188510414,0.22478420391678955,False
lateral,v21,abs_centerline_error_rate,43,0.43,40,34,0.1585066369101405,0.06216168176382774,0.22441260889172568,False
lateral,v21,abs_centerline_error_rate,44,0.44,40,34,0.15659874162264162,0.06375855952501383,0.2082196250557896,False
lateral,v21,abs_centerline_error_rate,45,0.45,40,34,0.1705441986396909,0.08091434836387629,0.23320727050304413,False
lateral,v21,abs_centerline_error_rate,46,0.46,40,34,0.1412652806751431,0.07574491202831198,0.17936175130307716,False
lateral,v21,abs_centerline_error_rate,47,0.47000000000000003,40,34,0.20655941659631188,0.12376076325774174,0.28846984297037115,False
lateral,v21,abs_centerline_error_rate,48,0.48,40,34,0.1359793703407048,0.06473226845264429,0.20211306646466276,False
lateral,v21,abs_centerline_error_rate,49,0.49,40,34,0.17769671284034846,0.07899379357695584,0.2142009416967633,False
lateral,v21,abs_centerline_error_rate,50,0.5,40,34,0.17520330473780618,0.09671451896428837,0.22932705469429493,False
lateral,v21,abs_centerline_error_rate,51,0.51,40,34,0.16869720034021918,0.10347318928689017,0.2270761523395776,False
lateral,v21,abs_centerline_error_rate,52,0.52,40,34,0.1525146821774545,0.08217377685010382,0.19969052076340077,False
lateral,v21,abs_centerline_error_rate,53,0.53,40,34,0.1989852423164991,0.07774680852890012,0.29670209720730856,False
lateral,v21,abs_centerline_error_rate,54,0.54,40,34,0.16133911447599542,0.07731794565915812,0.21609515696764053,False
lateral,v21,abs_centerline_error_rate,55,0.55,40,34,0.1559735177084803,0.06545446813106534,0.24245409406721652,False
lateral,v21,abs_centerline_error_rate,56,0.56,40,34,0.1278174883350732,0.04889825358986853,0.19338084012269907,False
lateral,v21,abs_centerline_error_rate,57,0.5700000000000001,40,34,0.19815330198965972,0.10231053084134936,0.27504161000251914,False
lateral,v21,abs_centerline_error_rate,58,0.58,40,34,0.16407216704078068,0.09653714299202287,0.20201326906680905,False
lateral,v21,abs_centerline_error_rate,59,0.59,40,34,0.18954155651573087,0.10974456369876831,0.2402924377843735,False
lateral,v21,abs_centerline_error_rate,60,0.6,40,34,0.14294668578542755,0.06354242563247672,0.19168592989444416,False
lateral,v21,abs_centerline_error_rate,61,0.61,40,34,0.2325042636990547,0.14276003930717474,0.30467356741428375,False
lateral,v21,abs_centerline_error_rate,62,0.62,40,34,0.1724917388930917,0.08400471419095995,0.21486996263265626,False
lateral,v21,abs_centerline_error_rate,63,0.63,40,34,0.15056678962614395,0.06579996645450588,0.18323832005262364,False
lateral,v21,abs_centerline_error_rate,64,0.64,40,34,0.15387491934746536,0.07245467603206569,0.18665207922458676,False
lateral,v21,abs_centerline_error_rate,65,0.65,40,34,0.19202104185707863,0.08012786041945223,0.26980062946677197,False
lateral,v21,abs_centerline_error_rate,66,0.66,40,34,0.1904781187400229,0.05224855802953348,0.2562714965641499,False
lateral,v21,abs_centerline_error_rate,67,0.67,40,34,0.17555701587907985,0.06732444465160328,0.28946565628052,False
lateral,v21,abs_centerline_error_rate,68,0.68,40,34,0.16784100873395774,0.08072723448276523,0.2551834136247634,False
lateral,v21,abs_centerline_error_rate,69,0.6900000000000001,40,34,0.19313496064394692,0.08901237510144624,0.28157171607017417,False
lateral,v21,abs_centerline_error_rate,70,0.7000000000000001,40,34,0.19160940524190656,0.09470928944647548,0.2674093782901773,False
lateral,v21,abs_centerline_error_rate,71,0.71,40,34,0.17676889186352523,0.08720915578305717,0.24178611483424942,False
lateral,v21,abs_centerline_error_rate,72,0.72,40,34,0.16716315669938936,0.059105801396071904,0.22541436553001243,False
lateral,v21,abs_centerline_error_rate,73,0.73,40,34,0.19472872377652678,0.09073883667588306,0.2666103961318739,False
lateral,v21,abs_centerline_error_rate,74,0.74,40,34,0.1480001565068961,0.06671344488859143,0.1995034444332124,False
lateral,v21,abs_centerline_error_rate,75,0.75,40,34,0.1492939480463973,0.0628547219093889,0.23408518172800605,False
lateral,v21,abs_centerline_error_rate,76,0.76,40,34,0.1913194069713355,0.12211710959673032,0.2736707049608226,False
lateral,v21,abs_centerline_error_rate,77,0.77,40,34,0.18347101042419647,0.08856536634266328,0.26497316360473566,False
lateral,v21,abs_centerline_error_rate,78,0.78,40,34,0.17773035752400754,0.07042237743735434,0.2480339667946105,False
lateral,v21,abs_centerline_error_rate,79,0.79,40,34,0.18259440261498103,0.09252414852380789,0.27862574905157156,False
lateral,v21,abs_centerline_error_rate,80,0.8,40,34,0.20837777981534616,0.10465621948242185,0.3087976574897763,False
lateral,v21,abs_centerline_error_rate,81,0.81,40,34,0.17027269911207238,0.10209543444216285,0.2183892503380772,False
lateral,v21,abs_centerline_error_rate,82,0.8200000000000001,40,34,0.18101943815127014,0.043367296457291586,0.2564838044345384,False
lateral,v21,abs_centerline_error_rate,83,0.8300000000000001,40,34,0.16474320300109735,0.05549091845750705,0.24639881093054986,False
lateral,v21,abs_centerline_error_rate,84,0.84,40,34,0.14830513340234752,0.04193575680255888,0.2180984914302823,False
lateral,v21,abs_centerline_error_rate,85,0.85,40,34,0.17805978582706303,0.10332643985748262,0.2335124462842933,False
lateral,v21,abs_centerline_error_rate,86,0.86,40,34,0.15535571620613334,0.03014798834919959,0.2533282339572915,False
lateral,v21,abs_centerline_error_rate,87,0.87,40,34,0.20377739508077525,0.08844393957406282,0.2805047747492794,False
lateral,v21,abs_centerline_error_rate,88,0.88,40,34,0.14970182941853977,0.04292143881320966,0.1982840299606314,False
lateral,v21,abs_centerline_error_rate,89,0.89,40,34,0.18449219284392893,0.08999494090676319,0.22106379270553575,False
lateral,v21,abs_centerline_error_rate,90,0.9,40,34,0.19228547668084492,0.08851679041981697,0.27364902198314733,False
lateral,v21,abs_centerline_error_rate,91,0.91,40,34,0.16897044725064173,0.0937583614140734,0.23066257312893856,False
lateral,v21,abs_centerline_error_rate,92,0.92,40,34,0.14490348168462536,0.06053847260773148,0.1999798044562338,False
lateral,v21,abs_centerline_error_rate,93,0.93,40,34,0.1644306062096733,0.06988497823476915,0.20747714489698305,False
lateral,v21,abs_centerline_error_rate,94,0.9400000000000001,40,34,0.16204326243139772,0.05770462378859558,0.20380077650770148,False
lateral,v21,abs_centerline_error_rate,95,0.9500000000000001,40,34,0.17193841938860768,0.07514228112995719,0.206194669008254,False
lateral,v21,abs_centerline_error_rate,96,0.96,40,34,0.21133896035328484,0.08411413431167605,0.2925696361064903,False
lateral,v21,abs_centerline_error_rate,97,0.97,40,34,0.19238108742702756,0.07016367837786948,0.23557202890515233,False
lateral,v21,abs_centerline_error_rate,98,0.98,40,34,0.20166365330293776,0.09499232470989236,0.2595783639699223,False
lateral,v21,abs_centerline_error_rate,99,0.99,40,34,0.16034708102047457,0.04086275771260198,0.19766776356846066,False
lateral,v21,abs_centerline_error_rate,100,1.0,40,34,0.0,0.0,0.0,False
lateral,v21,abs_heading_error_rate,0,0.0,40,34,0.0,0.0,0.0,False
lateral,v21,abs_heading_error_rate,1,0.01,40,34,0.7250529425889254,0.5717400428652764,0.8314610986411571,False
lateral,v21,abs_heading_error_rate,2,0.02,40,34,0.9624789418578146,0.8396021538972854,1.0389804881811142,False
lateral,v21,abs_heading_error_rate,3,0.03,40,34,0.834078021451831,0.6164308355748653,1.035332970917225,False
lateral,v21,abs_heading_error_rate,4,0.04,40,34,0.8213655447065831,0.46126716434955584,1.135039529800415,False
lateral,v21,abs_heading_error_rate,5,0.05,40,34,0.7588616132363677,0.5508791513741016,0.9262920968234538,False
lateral,v21,abs_heading_error_rate,6,0.06,40,34,0.8008299208581446,0.5647096064686776,1.1536267817020418,False
lateral,v21,abs_heading_error_rate,7,0.07,40,34,0.8887778448378668,0.5259950634837178,1.2399372765421868,False
lateral,v21,abs_heading_error_rate,8,0.08,40,34,0.8703788983281703,0.5666125857830044,1.046377182006836,False
lateral,v21,abs_heading_error_rate,9,0.09,40,34,1.242651733990759,0.6839867423474787,1.6568096214532861,False
lateral,v21,abs_heading_error_rate,10,0.1,40,34,1.2365489250794057,0.8163842931389824,1.653999209403993,False
lateral,v21,abs_heading_error_rate,11,0.11,40,34,1.0653210133821702,0.5063595771789552,1.4090253910422321,False
lateral,v21,abs_heading_error_rate,12,0.12,40,34,0.9515975468754767,0.6374971753358832,1.231639755964279,False
lateral,v21,abs_heading_error_rate,13,0.13,40,34,0.9832778426911686,0.49172842308878917,1.3971375554800072,False
lateral,v21,abs_heading_error_rate,14,0.14,40,34,1.0345162984132759,0.5578671738505374,1.3431038779020308,False
lateral,v21,abs_heading_error_rate,15,0.15,40,34,0.9399620234221218,0.5091953046619806,1.1804636791348437,False
lateral,v21,abs_heading_error_rate,16,0.16,40,34,1.3304424135982993,0.8423403596878085,1.7194644927978509,False
lateral,v21,abs_heading_error_rate,17,0.17,40,34,1.1653922898992897,0.9352788488566867,1.3638776326179478,False
lateral,v21,abs_heading_error_rate,18,0.18,40,34,1.0997828313410283,0.8035247161984458,1.4094648492336286,False
lateral,v21,abs_heading_error_rate,19,0.19,40,34,1.3048962437286975,0.8542889803647982,1.5975554704666142,False
lateral,v21,abs_heading_error_rate,20,0.2,40,34,1.3748394115269191,0.7596639618277534,1.7692195594310745,False
lateral,v21,abs_heading_error_rate,21,0.21,40,34,1.1445579851642254,0.666077087968589,1.3884739503264427,False
lateral,v21,abs_heading_error_rate,22,0.22,40,34,1.5144800510555507,0.9027122655510887,1.9063671886920923,False
lateral,v21,abs_heading_error_rate,23,0.23,40,34,1.260349924491719,0.5891560068726531,1.752175033092498,False
lateral,v21,abs_heading_error_rate,24,0.24,40,34,1.1125900598466392,0.6047533452510832,1.3986715745925902,False
lateral,v21,abs_heading_error_rate,25,0.25,40,34,1.1809119383804494,0.5903446972370087,1.5719702318310733,False
lateral,v21,abs_heading_error_rate,26,0.26,40,34,1.1497426021099102,0.8971182721853258,1.3990775644779185,False
lateral,v21,abs_heading_error_rate,27,0.27,40,34,1.226756872240453,0.7229910641908655,1.666386410593984,False
lateral,v21,abs_heading_error_rate,28,0.28,40,34,1.3172051547914747,0.6863752919435534,1.8045084249973309,False
lateral,v21,abs_heading_error_rate,29,0.29,40,34,1.12471284731105,0.7030054038018037,1.5693227475881635,False
lateral,v21,abs_heading_error_rate,30,0.3,40,34,1.1094422582164403,0.8610285446047805,1.3070023149251955,False
lateral,v21,abs_heading_error_rate,31,0.31,40,34,1.1986732644587754,0.8415668979287139,1.5178114411234844,False
lateral,v21,abs_heading_error_rate,32,0.32,40,34,1.1784350246340036,0.8460214889049518,1.430023274421692,False
lateral,v21,abs_heading_error_rate,33,0.33,40,34,1.3030243853665873,0.691044416576628,1.6202864053845296,False
lateral,v21,abs_heading_error_rate,34,0.34,40,34,1.2099833713471881,0.6543162424862272,1.7069103521108608,False
lateral,v21,abs_heading_error_rate,35,0.35000000000000003,40,34,1.203964966535567,0.8541370766237292,1.559168736636641,False
lateral,v21,abs_heading_error_rate,36,0.36,40,34,1.2022998119890687,0.8969816553592699,1.4538075029850008,False
lateral,v21,abs_heading_error_rate,37,0.37,40,34,1.1858732227981088,0.7538419149816012,1.412256397306921,False
lateral,v21,abs_heading_error_rate,38,0.38,40,34,1.3023436022698878,0.8417432057857501,1.7673774641752233,False
lateral,v21,abs_heading_error_rate,39,0.39,40,34,1.12029948681593,0.7135769098997129,1.4934368613362308,False
lateral,v21,abs_heading_error_rate,40,0.4,40,34,1.2575479434058066,0.6591333568096185,1.7991349756717607,False
lateral,v21,abs_heading_error_rate,41,0.41000000000000003,40,34,1.2161085682418205,0.6050407895445793,1.5368899351358372,False
lateral,v21,abs_heading_error_rate,42,0.42,40,34,1.1283342967331416,0.6300440290570257,1.5918080765008984,False
lateral,v21,abs_heading_error_rate,43,0.43,40,34,1.2486805475205185,0.7876333862543122,1.5985994243621815,False
lateral,v21,abs_heading_error_rate,44,0.44,40,34,1.1724592027962208,0.7619021707773208,1.558219752311702,False
lateral,v21,abs_heading_error_rate,45,0.45,40,34,1.3550695281662046,0.8014307081699394,1.9179748475551617,False
lateral,v21,abs_heading_error_rate,46,0.46,40,34,1.276047635421155,0.9544643542170537,1.6408228981494917,False
lateral,v21,abs_heading_error_rate,47,0.47000000000000003,40,34,1.176315273339861,0.6996034196019163,1.5639205181598688,False
lateral,v21,abs_heading_error_rate,48,0.48,40,34,1.188297464340924,0.8021527355909298,1.5249993944168139,False
lateral,v21,abs_heading_error_rate,49,0.49,40,34,1.2207540268190213,0.8367196692526395,1.4431327110528938,False
lateral,v21,abs_heading_error_rate,50,0.5,40,34,1.225799866952001,0.6529417335987111,1.8693067133426666,False
lateral,v21,abs_heading_error_rate,51,0.51,40,34,1.2409901254614808,0.5383550406992423,1.7108995324373266,False
lateral,v21,abs_heading_error_rate,52,0.52,40,34,1.1723688548132791,0.6631855964660645,1.576629668474196,False
lateral,v21,abs_heading_error_rate,53,0.53,40,34,1.2481811769157625,0.7718728958070171,1.64584874510765,False
lateral,v21,abs_heading_error_rate,54,0.54,40,34,1.1493733459487545,0.518101565539836,1.6879181745648233,False
lateral,v21,abs_heading_error_rate,55,0.55,40,34,1.4164869132079185,0.7422862023115192,1.7913836687803297,False
lateral,v21,abs_heading_error_rate,56,0.56,40,34,1.2534128196537515,0.7858512151241329,1.4471901416778512,False
lateral,v21,abs_heading_error_rate,57,0.5700000000000001,40,34,1.3469061612305218,0.7387600433826449,1.86143670350314,False
lateral,v21,abs_heading_error_rate,58,0.58,40,34,1.3359028476281092,0.7095053488016102,1.6632948487996952,False
lateral,v21,abs_heading_error_rate,59,0.59,40,34,0.9911549161118443,0.5836519053997715,1.2573451212048523,False
lateral,v21,abs_heading_error_rate,60,0.6,40,34,1.209854774214327,0.8278241097927117,1.4577341437339775,False
lateral,v21,abs_heading_error_rate,61,0.61,40,34,1.1842065044995391,0.7873872171342373,1.629894481599341,False
lateral,v21,abs_heading_error_rate,62,0.62,40,34,1.1453258975818759,0.683980619162324,1.4972772014141085,False
lateral,v21,abs_heading_error_rate,63,0.63,40,34,1.2999512883797295,0.9933136008679873,1.5575851565599395,False
lateral,v21,abs_heading_error_rate,64,0.64,40,34,1.217379882292819,0.753650605678557,1.470307476520537,False
lateral,v21,abs_heading_error_rate,65,0.65,40,34,1.299514054986647,0.7238707691431068,1.8089832618832529,False
lateral,v21,abs_heading_error_rate,66,0.66,40,34,1.1113166754441333,0.6513544714450792,1.4935038280487067,False
lateral,v21,abs_heading_error_rate,67,0.67,40,34,1.0972362088002299,0.6028222989291012,1.5456723144650761,False
lateral,v21,abs_heading_error_rate,68,0.68,40,34,1.0889632643908205,0.6702456992864616,1.6035166144371045,False
lateral,v21,abs_heading_error_rate,69,0.6900000000000001,40,34,1.2584974244348717,0.7992746396362833,1.5047815570235292,False
lateral,v21,abs_heading_error_rate,70,0.7000000000000001,40,34,1.1408391737472328,0.6888505965471192,1.4851759165525396,False
lateral,v21,abs_heading_error_rate,71,0.71,40,34,1.2655183398723604,0.9167062193155402,1.6264237409830165,False
lateral,v21,abs_heading_error_rate,72,0.72,40,34,1.087295844525101,0.6658455121517175,1.3884619796276083,False
lateral,v21,abs_heading_error_rate,73,0.73,40,34,1.2519268280901032,0.9303063100576365,1.498008161783218,False
lateral,v21,abs_heading_error_rate,74,0.74,40,34,1.24419855441898,0.8275661449506859,1.6630741524696426,False
lateral,v21,abs_heading_error_rate,75,0.75,40,34,1.2408946167211976,0.866154916584492,1.5376880392432208,False
lateral,v21,abs_heading_error_rate,76,0.76,40,34,1.2924926550537332,0.8897319138050069,1.738911819458012,False
lateral,v21,abs_heading_error_rate,77,0.77,40,34,1.1688028886243687,0.7410415835678649,1.6434581643342951,False
lateral,v21,abs_heading_error_rate,78,0.78,40,34,1.4143594943881017,0.9619872188568146,1.75731440603732,False
lateral,v21,abs_heading_error_rate,79,0.79,40,34,1.170380843413996,0.781562954187393,1.5289680150151321,False
lateral,v21,abs_heading_error_rate,80,0.8,40,34,0.9872011163458225,0.48594936281442314,1.4581968784332353,False
lateral,v21,abs_heading_error_rate,81,0.81,40,34,1.1219231486632502,0.7473821882903582,1.4954430174827453,False
lateral,v21,abs_heading_error_rate,82,0.8200000000000001,40,34,1.1114713972257448,0.8179814019799148,1.3919913119077645,False
lateral,v21,abs_heading_error_rate,83,0.8300000000000001,40,34,1.0934040361382045,0.7050977140665126,1.4331753006577443,False
lateral,v21,abs_heading_error_rate,84,0.84,40,34,1.1520061679780482,0.610330623388289,1.606193842887877,False
lateral,v21,abs_heading_error_rate,85,0.85,40,34,1.1142447498999535,0.5932193044573054,1.368317019194372,False
lateral,v21,abs_heading_error_rate,86,0.86,40,34,1.071213550411165,0.6134600915014723,1.6021394729614284,False
lateral,v21,abs_heading_error_rate,87,0.87,40,34,1.0932076152414087,0.8031239813566233,1.4678082594275397,False
lateral,v21,abs_heading_error_rate,88,0.88,40,34,1.2072296074479794,0.710129274576895,1.4976818132400527,False
lateral,v21,abs_heading_error_rate,89,0.89,40,34,1.1188489556345151,0.6972057914733869,1.5410836553573615,False
lateral,v21,abs_heading_error_rate,90,0.9,40,34,1.1929983795061707,0.6885119438171388,1.673288553953162,False
lateral,v21,abs_heading_error_rate,91,0.91,40,34,1.3010310416147135,0.7936765319108947,1.6931110826134708,False
lateral,v21,abs_heading_error_rate,92,0.92,40,34,1.0845952589828523,0.6189979851245837,1.357723723649976,False
lateral,v21,abs_heading_error_rate,93,0.93,40,34,1.135400629647072,0.8513767577707784,1.4499018406867796,False
lateral,v21,abs_heading_error_rate,94,0.9400000000000001,40,34,1.0078153285998859,0.5577636957168659,1.4068706619739484,False
lateral,v21,abs_heading_error_rate,95,0.9500000000000001,40,34,1.078190180016679,0.7524092502891848,1.3390710428357195,False
lateral,v21,abs_heading_error_rate,96,0.96,40,34,1.1479700800254922,0.8184899950027422,1.6129284787178046,False
lateral,v21,abs_heading_error_rate,97,0.97,40,34,1.2112214641794556,0.7209876006096627,1.6370788908004652,False
lateral,v21,abs_heading_error_rate,98,0.98,40,34,1.4376926299631592,0.9634374630451166,1.6149520790577043,False
lateral,v21,abs_heading_error_rate,99,0.99,40,34,1.2760069848131388,0.7289949485659662,1.6858031675219547,False
lateral,v21,abs_heading_error_rate,100,1.0,40,34,0.0,0.0,0.0,False
lateral,v21,command_vy,0,0.0,40,34,0.0,0.0,0.0,False
lateral,v21,command_vy,1,0.01,40,34,-0.0006141015559551308,0.0,0.0,False
lateral,v21,command_vy,2,0.02,40,34,-0.009092423715628685,-0.01756398100405931,0.0030396616738289604,False
lateral,v21,command_vy,3,0.03,40,34,-0.02832695658039302,-0.05901021589525043,0.011241247435100373,False
lateral,v21,command_vy,4,0.04,40,34,-0.04973511494154809,-0.10424993216991424,0.011994933262467384,False
lateral,v21,command_vy,5,0.05,40,34,-0.06636065012804465,-0.12985380738973618,0.0006768263730918917,False
lateral,v21,command_vy,6,0.06,40,34,-0.07972608137689531,-0.1410082370042801,-0.020273469518870105,False
lateral,v21,command_vy,7,0.07,40,34,-0.09052392395585776,-0.14503844697028398,-0.04515671860426668,False
lateral,v21,command_vy,8,0.08,40,34,-0.10366757000237703,-0.1479027061164379,-0.067581135481596,False
lateral,v21,command_vy,9,0.09,40,34,-0.11050323507841675,-0.14935040287673473,-0.07603295182809233,False
lateral,v21,command_vy,10,0.1,40,34,-0.11218466314487159,-0.1497202105820179,-0.08638376984745263,False
lateral,v21,command_vy,11,0.11,40,34,-0.11463145913742483,-0.14987950399518013,-0.09358328845351935,False
lateral,v21,command_vy,12,0.12,40,34,-0.11775099221058191,-0.14992737531661987,-0.09934583581984044,False
lateral,v21,command_vy,13,0.13,40,34,-0.11913596162013709,-0.149957964271307,-0.09871976219117642,False
lateral,v21,command_vy,14,0.14,40,34,-0.12353433041274546,-0.1499854025244713,-0.1030646098777652,False
lateral,v21,command_vy,15,0.15,40,34,-0.12662768574431535,-0.14999345429241656,-0.10318184737116098,False
lateral,v21,command_vy,16,0.16,40,34,-0.12770699390769008,-0.1499982252717018,-0.10537332147359849,False
lateral,v21,command_vy,17,0.17,40,34,-0.12706714815646408,-0.14999922923743725,-0.10664130486547947,False
lateral,v21,command_vy,18,0.18,40,34,-0.12566167468950157,-0.14999947369098662,-0.10355230502784252,False
lateral,v21,command_vy,19,0.19,40,34,-0.12420097479503603,-0.14999929748475552,-0.10505131006240845,False
lateral,v21,command_vy,20,0.2,40,34,-0.12860070925205952,-0.14999988079071047,-0.10832488499581813,False
lateral,v21,command_vy,21,0.21,40,34,-0.1311926871109754,-0.1512074789777398,-0.10861113499850034,False
lateral,v21,command_vy,22,0.22,40,34,-0.1316568982452154,-0.15045244209468364,-0.10806049060076475,False
lateral,v21,command_vy,23,0.23,40,34,-0.13079587247408925,-0.15113596513867378,-0.10972148608416318,False
lateral,v21,command_vy,24,0.24,40,34,-0.12834452810510993,-0.1504325819015503,-0.10813364788889884,False
lateral,v21,command_vy,25,0.25,40,34,-0.1237001141649671,-0.14999991655349731,-0.10722491331398488,False
lateral,v21,command_vy,26,0.26,40,34,-0.1240810814173892,-0.15103586748242379,-0.10318197309970856,False
lateral,v21,command_vy,27,0.27,40,34,-0.12262880430265795,-0.15771421536803246,-0.10318197309970856,False
lateral,v21,command_vy,28,0.28,40,34,-0.12061007504910233,-0.153049246519804,-0.1031508968770504,False
lateral,v21,command_vy,29,0.29,40,34,-0.11855579676944761,-0.1500129646062851,-0.10317112527787686,False
lateral,v21,command_vy,30,0.3,40,34,-0.11913008714094757,-0.1500460334122181,-0.1031781891360879,False
lateral,v21,command_vy,31,0.31,40,34,-0.11773917143139986,-0.1507720433175564,-0.10318065334111452,False
lateral,v21,command_vy,32,0.32,40,34,-0.11567104950547218,-0.15447547674179074,-0.10318151630461216,False
lateral,v21,command_vy,33,0.33,40,34,-0.11458982895128426,-0.14981675811111927,-0.09963557984679938,False
lateral,v21,command_vy,34,0.34,40,34,-0.11616550531052057,-0.14973944127559663,-0.10218814209103584,False
lateral,v21,command_vy,35,0.35000000000000003,40,34,-0.11880193471442908,-0.14997587725520134,-0.10321030952036381,False
lateral,v21,command_vy,36,0.36,40,34,-0.11785864388942716,-0.1495070630311967,-0.09366441890597343,False
lateral,v21,command_vy,37,0.37,40,34,-0.11291454607225027,-0.14999682284891605,-0.09388472093269229,False
lateral,v21,command_vy,38,0.38,40,34,-0.10964896299119573,-0.1466187769174576,-0.09842186722904445,False
lateral,v21,command_vy,39,0.39,40,34,-0.1152080836185487,-0.14883369952440262,-0.10307404765859246,False
lateral,v21,command_vy,40,0.4,40,34,-0.12090529486536979,-0.15081494599580764,-0.10314698666334152,False
lateral,v21,command_vy,41,0.41000000000000003,40,34,-0.12222904852591458,-0.15038473457098006,-0.10318183526396751,False
lateral,v21,command_vy,42,0.42,40,34,-0.12213042325712738,-0.15008978366851805,-0.10314738769084215,False
lateral,v21,command_vy,43,0.43,40,34,-0.12255077880341558,-0.15229181699454786,-0.10318079000338912,False
lateral,v21,command_vy,44,0.44,40,34,-0.12490922335907817,-0.15345483824610706,-0.10318200066685676,False
lateral,v21,command_vy,45,0.45,40,34,-0.12866113389842213,-0.15931561905890704,-0.1031820010393858,False
lateral,v21,command_vy,46,0.46,40,34,-0.1292431123745627,-0.15999207094311713,-0.10550351154059172,False
lateral,v21,command_vy,47,0.47000000000000003,40,34,-0.1274897262360901,-0.15999860502779484,-0.1045944678783417,False
lateral,v21,command_vy,48,0.48,40,34,-0.12238691042456777,-0.15880173549056054,-0.1031820010393858,False
lateral,v21,command_vy,49,0.49,40,34,-0.12072663854435087,-0.15814985644072294,-0.1031807461194694,False
lateral,v21,command_vy,50,0.5,40,34,-0.12193179670721292,-0.1527929026633501,-0.10318159032613039,False
lateral,v21,command_vy,51,0.51,40,34,-0.12479017734248185,-0.15262304309755564,-0.10318194897845387,False
lateral,v21,command_vy,52,0.52,40,34,-0.12537334289401772,-0.15254760771989823,-0.10318195424973964,False
lateral,v21,command_vy,53,0.53,40,34,-0.12128003182541576,-0.1499999912828207,-0.10318197309970856,False
lateral,v21,command_vy,54,0.54,40,34,-0.11997467491216954,-0.1499999612569809,-0.1031820010393858,False
lateral,v21,command_vy,55,0.55,40,34,-0.12134912120178343,-0.1499999612569809,-0.10316325146704912,False
lateral,v21,command_vy,56,0.56,40,34,-0.1225158043759875,-0.1499999612569809,-0.10958603344857715,False
lateral,v21,command_vy,57,0.5700000000000001,40,34,-0.12214141791337167,-0.15000017538666727,-0.10912683082744475,False
lateral,v21,command_vy,58,0.58,40,34,-0.11882236789911985,-0.1499999612569809,-0.10448366574943066,False
lateral,v21,command_vy,59,0.59,40,34,-0.11493860535975546,-0.1499999038130045,-0.10290100585669279,False
lateral,v21,command_vy,60,0.6,40,34,-0.11364946917165072,-0.14999991655349731,-0.10221347138285637,False
lateral,v21,command_vy,61,0.61,40,34,-0.11642876080900896,-0.1499999612569809,-0.10340616788715123,False
lateral,v21,command_vy,62,0.62,40,34,-0.11974922643078026,-0.15007745653390883,-0.1027182575315237,False
lateral,v21,command_vy,63,0.63,40,34,-0.12118797006318342,-0.15206853602081538,-0.1030427691526711,False
lateral,v21,command_vy,64,0.64,40,34,-0.1193653682358563,-0.15075578108429905,-0.0978162671625614,False
lateral,v21,command_vy,65,0.65,40,34,-0.11548957219696603,-0.1499999612569809,-0.09179887110367412,False
lateral,v21,command_vy,66,0.66,40,34,-0.11434268724406138,-0.1499999612569809,-0.09894629634916782,False
lateral,v21,command_vy,67,0.67,40,34,-0.11546856072125959,-0.1499999612569809,-0.10087393736466767,False
lateral,v21,command_vy,68,0.68,40,34,-0.11770421157218518,-0.1499949312210083,-0.10282861031591892,False
lateral,v21,command_vy,69,0.6900000000000001,40,34,-0.12077983159804717,-0.1499999612569809,-0.10318188723176719,False
lateral,v21,command_vy,70,0.7000000000000001,40,34,-0.1205248735100031,-0.15193808861076832,-0.10318195167928934,False
lateral,v21,command_vy,71,0.71,40,34,-0.12039572751463856,-0.152392716743052,-0.10318224934861064,False
lateral,v21,command_vy,72,0.72,40,34,-0.11766935623669997,-0.15247956782579422,-0.10318204350769519,False
lateral,v21,command_vy,73,0.73,40,34,-0.11587863563513386,-0.1524961571022868,-0.10318197309970856,False
lateral,v21,command_vy,74,0.74,40,34,-0.11347435440681874,-0.15210910513997078,-0.10318190187215805,False
lateral,v21,command_vy,75,0.75,40,34,-0.1120563579024747,-0.15087855607271194,-0.10318195028230548,False
lateral,v21,command_vy,76,0.76,40,34,-0.11079509936925022,-0.1503651663661003,-0.10317845545709133,False
lateral,v21,command_vy,77,0.77,40,34,-0.11320484707015568,-0.15015257336199284,-0.10318002788349986,False
lateral,v21,command_vy,78,0.78,40,34,-0.11856381824286658,-0.1500636301934719,-0.10318197309970856,False
lateral,v21,command_vy,79,0.79,40,34,-0.1208037857399322,-0.15058151602745057,-0.1031820010393858,False
lateral,v21,command_vy,80,0.8,40,34,-0.11928060536738486,-0.15217640921473502,-0.10318197309970856,False
lateral,v21,command_vy,81,0.81,40,34,-0.11955571514548505,-0.15980964105576279,-0.1031820010393858,False
lateral,v21,command_vy,82,0.8200000000000001,40,34,-0.12073400538775605,-0.1599662674218416,-0.10318187549710274,False
lateral,v21,command_vy,83,0.8300000000000001,40,34,-0.11881964610598514,-0.15999396570026875,-0.1031441723741591,False
lateral,v21,command_vy,84,0.84,40,34,-0.11399430163204671,-0.15402280315756797,-0.10316882550716401,False
lateral,v21,command_vy,85,0.85,40,34,-0.10960238012950867,-0.15590355545282364,-0.10317740272730588,False
lateral,v21,command_vy,86,0.86,40,34,-0.10920330463093705,-0.15421532414853573,-0.09923446495085966,False
lateral,v21,command_vy,87,0.87,40,34,-0.1101009866403474,-0.15327294021844862,-0.1031814331188798,False
lateral,v21,command_vy,88,0.88,40,34,-0.1135006281612441,-0.15254634410142898,-0.10318178795278073,False
lateral,v21,command_vy,89,0.89,40,34,-0.11393158027855683,-0.15948979198932647,-0.1031820010393858,False
lateral,v21,command_vy,90,0.9,40,34,-0.11318289998453109,-0.1586376443505287,-0.10318201035261154,False
lateral,v21,command_vy,91,0.91,40,34,-0.11450640537822623,-0.15580845821648837,-0.10319791283458471,False
lateral,v21,command_vy,92,0.92,40,34,-0.11648881756886838,-0.1587408696115017,-0.10318759582936764,False
lateral,v21,command_vy,93,0.93,40,34,-0.11697027704748324,-0.15999947976320983,-0.10318201035261154,False
lateral,v21,command_vy,94,0.9400000000000001,40,34,-0.11595228781038895,-0.1546130102872848,-0.10318201035261154,False
lateral,v21,command_vy,95,0.9500000000000001,40,34,-0.11279859879403373,-0.1524489415809512,-0.10318201035261154,False
lateral,v21,command_vy,96,0.96,40,34,-0.11223108003428203,-0.1525891311466694,-0.10318201035261154,False
lateral,v21,command_vy,97,0.97,40,34,-0.11245674184150993,-0.15002676270902157,-0.10318202761933207,False
lateral,v21,command_vy,98,0.98,40,34,-0.11197894657682628,-0.15001436933875084,-0.10393099933862686,False
lateral,v21,command_vy,99,0.99,40,34,-0.1101550095055718,-0.15255932696163652,-0.1031817982904613,False
lateral,v21,command_vy,100,1.0,40,34,0.0,0.0,0.0,False
lateral,v21,command_wz,0,0.0,40,34,0.0,0.0,0.0,False
lateral,v21,command_wz,1,0.01,40,34,-0.001472012172045652,0.0,0.0,False
lateral,v21,command_wz,2,0.02,40,34,-0.025157174279447643,-0.048606922328472135,0.0004146639816462994,False
lateral,v21,command_wz,3,0.03,40,34,-0.0787659181459694,-0.1320511390827596,-0.006720726949861274,False
lateral,v21,command_wz,4,0.04,40,34,-0.14226939515629783,-0.25176770985126495,-0.039243539422750474,False
lateral,v21,command_wz,5,0.05,40,34,-0.19140758986817671,-0.3134690493345261,-0.07482297364622355,False
lateral,v21,command_wz,6,0.06,40,34,-0.21913926457241178,-0.3073632270097733,-0.12408151417970657,False
lateral,v21,command_wz,7,0.07,40,34,-0.2433497414812446,-0.3081166078895331,-0.16421107269823557,False
lateral,v21,command_wz,8,0.08,40,34,-0.28125104434788234,-0.37148603409528735,-0.2045608723163605,False
lateral,v21,command_wz,9,0.09,40,34,-0.30850143205747005,-0.4124795661121607,-0.22876172125339506,False
lateral,v21,command_wz,10,0.1,40,34,-0.3160893720760942,-0.4228201977908611,-0.24327931478619574,False
lateral,v21,command_wz,11,0.11,40,34,-0.32240517000481483,-0.4241698513180017,-0.2469728009030223,False
lateral,v21,command_wz,12,0.12,40,34,-0.33103173384070395,-0.4036678114533424,-0.2588497120141983,False
lateral,v21,command_wz,13,0.13,40,34,-0.3432554040439427,-0.42021420612931254,-0.2596478846669197,False
lateral,v21,command_wz,14,0.14,40,34,-0.3638185024261475,-0.4227000454068184,-0.25971761748194694,False
lateral,v21,command_wz,15,0.15,40,34,-0.3802302661165595,-0.4281152851879597,-0.3122373659163714,False
lateral,v21,command_wz,16,0.16,40,34,-0.3860362690687179,-0.43460624366998674,-0.3498177963495254,False
lateral,v21,command_wz,17,0.17,40,34,-0.37821075807511806,-0.4349452640116215,-0.3466336846351623,False
lateral,v21,command_wz,18,0.18,40,34,-0.3697235936075448,-0.4285514408349991,-0.2975645735859871,False
lateral,v21,command_wz,19,0.19,40,34,-0.36115180676057934,-0.4299451410770416,-0.2624676629900933,False
lateral,v21,command_wz,20,0.2,40,34,-0.36712939836084846,-0.4281413123011589,-0.2672456532716752,False
lateral,v21,command_wz,21,0.21,40,34,-0.37882940232381224,-0.4420609077066183,-0.3473046940565109,False
lateral,v21,command_wz,22,0.22,40,34,-0.3790239455304109,-0.4455451425909996,-0.3216744361817837,False
lateral,v21,command_wz,23,0.23,40,34,-0.3811211662637071,-0.448841710537672,-0.32270067438483235,False
lateral,v21,command_wz,24,0.24,40,34,-0.37076277932524687,-0.4395698955655098,-0.31566009819507607,False
lateral,v21,command_wz,25,0.25,40,34,-0.35201705794315785,-0.43749295361340046,-0.25999993085861206,False
lateral,v21,command_wz,26,0.26,40,34,-0.35636614555865537,-0.4389549800753594,-0.29167601525783543,False
lateral,v21,command_wz,27,0.27,40,34,-0.3607283728383482,-0.4374399673938752,-0.2873660036921501,False
lateral,v21,command_wz,28,0.28,40,34,-0.35706110888719556,-0.4409000182151796,-0.25999993085861206,False
lateral,v21,command_wz,29,0.29,40,34,-0.35694743234664206,-0.4481875208020212,-0.26607950292527677,False
lateral,v21,command_wz,30,0.3,40,34,-0.35019770592451094,-0.43040318563580515,-0.26070302836596937,False
lateral,v21,command_wz,31,0.31,40,34,-0.33650113235134627,-0.4385382580757141,-0.25813851825892925,False
lateral,v21,command_wz,32,0.32,40,34,-0.33748865657299765,-0.44412513256073,-0.2589840146899223,False
lateral,v21,command_wz,33,0.33,40,34,-0.350465783179272,-0.4497505900263786,-0.2578486728668213,False
lateral,v21,command_wz,34,0.34,40,34,-0.37153656217642134,-0.44999194890260696,-0.27040384545922297,False
lateral,v21,command_wz,35,0.35000000000000003,40,34,-0.3788938040798529,-0.44970968961715696,-0.2962773084640502,False
lateral,v21,command_wz,36,0.36,40,34,-0.380245507195592,-0.4499999266862869,-0.2722648110985756,False
lateral,v21,command_wz,37,0.37,40,34,-0.3741723677832634,-0.45000001788139343,-0.26720198594033717,False
lateral,v21,command_wz,38,0.38,40,34,-0.3678392619527876,-0.449944531917572,-0.2776697427034378,False
lateral,v21,command_wz,39,0.39,40,34,-0.37835165022127326,-0.44999287694692613,-0.307235916182399,False
lateral,v21,command_wz,40,0.4,40,34,-0.3886382226739079,-0.4499991282820701,-0.34430939704179775,False
lateral,v21,command_wz,41,0.41000000000000003,40,34,-0.3894762440752238,-0.4499181318283081,-0.362884411737323,False
lateral,v21,command_wz,42,0.42,40,34,-0.37470024663396184,-0.44987288787961005,-0.336760238558054,False
lateral,v21,command_wz,43,0.43,40,34,-0.3573747294470667,-0.4499239786714315,-0.3027935606241227,False
lateral,v21,command_wz,44,0.44,40,34,-0.3498697078707628,-0.44729324758052824,-0.2837774842977526,False
lateral,v21,command_wz,45,0.45,40,34,-0.35490393372718243,-0.4482906244695187,-0.2719271946698427,False
lateral,v21,command_wz,46,0.46,40,34,-0.35501647252589463,-0.44962116524577134,-0.2644869530200957,False
lateral,v21,command_wz,47,0.47000000000000003,40,34,-0.3550475317202507,-0.4495935912430286,-0.29720050901174544,False
lateral,v21,command_wz,48,0.48,40,34,-0.354215973037295,-0.4497212302684784,-0.29722229987382887,False
lateral,v21,command_wz,49,0.49,40,34,-0.35889596647163857,-0.4499964789301157,-0.2981695157289505,False
lateral,v21,command_wz,50,0.5,40,34,-0.369446694618091,-0.4499979056417942,-0.30314453691244125,False
lateral,v21,command_wz,51,0.51,40,34,-0.37765804832056166,-0.4499987979233265,-0.31412681341171267,False
lateral,v21,command_wz,52,0.52,40,34,-0.38540630886703725,-0.4499996647238731,-0.34704719424247754,False
lateral,v21,command_wz,53,0.53,40,34,-0.38871918940055183,-0.45000001788139343,-0.36738349907100215,False
lateral,v21,command_wz,54,0.54,40,34,-0.38809347786102444,-0.45000001788139343,-0.35812798872590057,False
lateral,v21,command_wz,55,0.55,40,34,-0.3883810524176806,-0.45000001788139343,-0.3338753119111061,False
lateral,v21,command_wz,56,0.56,40,34,-0.38636342741549007,-0.45000001788139343,-0.287981629371643,False
lateral,v21,command_wz,57,0.5700000000000001,40,34,-0.37968172144889833,-0.45000001788139343,-0.2734930769354105,False
lateral,v21,command_wz,58,0.58,40,34,-0.3688021708489396,-0.45000001788139343,-0.2600003707408905,False
lateral,v21,command_wz,59,0.59,40,34,-0.36013043723162264,-0.45000001788139343,-0.2598830804228783,False
lateral,v21,command_wz,60,0.6,40,34,-0.3611190917063505,-0.45000001788139343,-0.2600000649690628,False
lateral,v21,command_wz,61,0.61,40,34,-0.368310825491324,-0.45000001788139343,-0.2600000649690628,False
lateral,v21,command_wz,62,0.62,40,34,-0.36930815772712233,-0.45000001788139343,-0.2809846453368666,False
lateral,v21,command_wz,63,0.63,40,34,-0.3668841890767217,-0.45000001788139343,-0.2600001096725464,False
lateral,v21,command_wz,64,0.64,40,34,-0.36247053353488445,-0.45000001788139343,-0.2600001096725464,False
lateral,v21,command_wz,65,0.65,40,34,-0.3552319984324276,-0.45000001788139343,-0.2600000649690628,False
lateral,v21,command_wz,66,0.66,40,34,-0.3599220454744064,-0.44991988599300387,-0.28473091810941814,False
lateral,v21,command_wz,67,0.67,40,34,-0.3655054434482008,-0.45000001788139343,-0.27199756972491607,False
lateral,v21,command_wz,68,0.68,40,34,-0.3694090115129948,-0.45000001788139343,-0.2850008654594421,False
lateral,v21,command_wz,69,0.6900000000000001,40,34,-0.37135467856167814,-0.45000001788139343,-0.2964404055476186,False
lateral,v21,command_wz,70,0.7000000000000001,40,34,-0.37350756498984994,-0.45000001788139343,-0.2712589658796785,False
lateral,v21,command_wz,71,0.71,40,34,-0.37387677514739337,-0.45000001788139343,-0.26684756577014923,False
lateral,v21,command_wz,72,0.72,40,34,-0.37261698557436473,-0.45000001788139343,-0.2634042087197303,False
lateral,v21,command_wz,73,0.73,40,34,-0.37194708122219894,-0.45000001788139343,-0.26505338728427874,False
lateral,v21,command_wz,74,0.74,40,34,-0.36645720418542627,-0.45000001788139343,-0.2600000649690628,False
lateral,v21,command_wz,75,0.75,40,34,-0.3596926458296366,-0.45000001788139343,-0.2600000649690628,False
lateral,v21,command_wz,76,0.76,40,34,-0.35525648213177924,-0.45000001788139343,-0.2595216017961502,False
lateral,v21,command_wz,77,0.77,40,34,-0.35146606944105596,-0.45000001788139343,-0.2576574439555407,False
lateral,v21,command_wz,78,0.78,40,34,-0.3522108383604792,-0.45000001788139343,-0.2599165277183056,False
lateral,v21,command_wz,79,0.79,40,34,-0.3550299313310534,-0.45000001788139343,-0.26000869028270246,False
lateral,v21,command_wz,80,0.8,40,34,-0.35550412105396395,-0.45000001788139343,-0.2600037530064583,False
lateral,v21,command_wz,81,0.81,40,34,-0.35533499394077805,-0.45000001788139343,-0.2599956188350916,False
lateral,v21,command_wz,82,0.8200000000000001,40,34,-0.3586584403710441,-0.45000001788139343,-0.27481985479593274,False
lateral,v21,command_wz,83,0.8300000000000001,40,34,-0.3669859780929985,-0.45000001788139343,-0.259999280795455,False
lateral,v21,command_wz,84,0.84,40,34,-0.3740406394079327,-0.45000001788139343,-0.25999972224235535,False
lateral,v21,command_wz,85,0.85,40,34,-0.37559297763742505,-0.45000001788139343,-0.2599999010562897,False
lateral,v21,command_wz,86,0.86,40,34,-0.3774642816474661,-0.45000001788139343,-0.26000000536441803,False
lateral,v21,command_wz,87,0.87,40,34,-0.3855740570034832,-0.45000001788139343,-0.2622235738858581,False
lateral,v21,command_wz,88,0.88,40,34,-0.3815733917057513,-0.45000001788139343,-0.2634645223617554,False
lateral,v21,command_wz,89,0.89,40,34,-0.37333652048278604,-0.45000001788139343,-0.26331346035003644,False
lateral,v21,command_wz,90,0.9,40,34,-0.36422263496555385,-0.45000001788139343,-0.2600000649690628,False
lateral,v21,command_wz,91,0.91,40,34,-0.3568593559125438,-0.45000001788139343,-0.2600000649690628,False
lateral,v21,command_wz,92,0.92,40,34,-0.35511762087792154,-0.45000001788139343,-0.25999787032604216,False
lateral,v21,command_wz,93,0.93,40,34,-0.3495160461198537,-0.45000001788139343,-0.2599989588558674,False
lateral,v21,command_wz,94,0.9400000000000001,40,34,-0.3417062791751232,-0.45000001788139343,-0.2599957910180092,False
lateral,v21,command_wz,95,0.9500000000000001,40,34,-0.3389811103465035,-0.45000001788139343,-0.2599980778992176,False
lateral,v21,command_wz,96,0.96,40,34,-0.3423620740957558,-0.45000001788139343,-0.25999984949827193,False
lateral,v21,command_wz,97,0.97,40,34,-0.34905839387394366,-0.45000001788139343,-0.2599996159225702,False
lateral,v21,command_wz,98,0.98,40,34,-0.34862243195687187,-0.45000001788139343,-0.25999983683228495,False
lateral,v21,command_wz,99,0.99,40,34,-0.3370746389604756,-0.45000001788139343,-0.2565228495746851,False
lateral,v21,command_wz,100,1.0,40,34,0.0,0.0,0.0,False
lateral,v21,cbf_correction_norm,0,0.0,40,34,2.2896109608261384e-08,2.3283064365386963e-10,3.332000986233652e-08,False
lateral,v21,cbf_correction_norm,1,0.01,40,34,3.411024582622434e-08,1.66808961843401e-08,5.414542337156548e-08,False
lateral,v21,cbf_correction_norm,2,0.02,40,34,3.5950330127043627e-08,1.970937718809296e-08,5.174494452031553e-08,False
lateral,v21,cbf_correction_norm,3,0.03,40,34,2.867649724536126e-08,1.784924043568559e-08,3.291550697781531e-08,False
lateral,v21,cbf_correction_norm,4,0.04,40,34,4.4956867846224214e-08,1.9215708366715494e-08,6.026653444735076e-08,False
lateral,v21,cbf_correction_norm,5,0.05,40,34,5.499184176582795e-08,2.2348491746093633e-08,9.02806689850877e-08,False
lateral,v21,cbf_correction_norm,6,0.06,40,34,5.371780003171623e-08,3.550063971680119e-08,6.625176117935892e-08,False
lateral,v21,cbf_correction_norm,7,0.07,40,34,4.950811731618821e-08,2.8853224460778577e-08,6.496965054836317e-08,False
lateral,v21,cbf_correction_norm,8,0.08,40,34,5.679251568224687e-08,2.5669313314935506e-08,8.676949207142562e-08,False
lateral,v21,cbf_correction_norm,9,0.09,40,34,6.014020616351701e-08,3.829098227825514e-08,7.963319285764213e-08,False
lateral,v21,cbf_correction_norm,10,0.1,40,34,5.258564423238354e-08,3.238464267862893e-08,7.465824207741893e-08,False
lateral,v21,cbf_correction_norm,11,0.11,40,34,4.854130657017122e-08,2.6196068492190282e-08,7.097353176277465e-08,False
lateral,v21,cbf_correction_norm,12,0.12,40,34,5.6502740680919314e-08,2.757361107441626e-08,8.222303279126201e-08,False
lateral,v21,cbf_correction_norm,13,0.13,40,34,0.018438804562359006,3.0735391760572376e-08,7.30262561843278e-08,False
lateral,v21,cbf_correction_norm,14,0.14,40,34,0.0013069379593371407,3.059741267463787e-08,7.35480439573164e-08,False
lateral,v21,cbf_correction_norm,15,0.15,40,34,5.558593848820068e-08,3.6275963255505455e-08,6.929684852607916e-08,False
lateral,v21,cbf_correction_norm,16,0.16,40,34,0.004546016334910817,4.526718850428322e-08,9.850580923398425e-08,False
lateral,v21,cbf_correction_norm,17,0.17,40,34,5.4622769242174185e-08,4.173214468439247e-08,6.74146438361946e-08,False
lateral,v21,cbf_correction_norm,18,0.18,40,34,0.0008676035735923936,3.69852107873213e-08,9.383635468651628e-08,False
lateral,v21,cbf_correction_norm,19,0.19,40,34,0.008423571029324672,3.662759029410267e-08,1.1990069775258355e-07,False
lateral,v21,cbf_correction_norm,20,0.2,40,34,0.007001624843844666,3.244058799367622e-08,8.799029842521115e-08,False
lateral,v21,cbf_correction_norm,21,0.21,40,34,6.97519918992917e-08,4.837980320360185e-08,9.408046496517379e-08,False
lateral,v21,cbf_correction_norm,22,0.22,40,34,0.007304005680798695,4.254021364502586e-08,9.574870560413723e-08,False
lateral,v21,cbf_correction_norm,23,0.23,40,34,0.02127979545169831,5.378717773396603e-08,1.2336197833917602e-07,False
lateral,v21,cbf_correction_norm,24,0.24,40,34,0.015476544880196636,5.400576988279213e-08,1.150552007089799e-07,False
lateral,v21,cbf_correction_norm,25,0.25,40,34,5.1993194498744023e-05,3.4123850412015606e-08,7.988616257392774e-08,False
lateral,v21,cbf_correction_norm,26,0.26,40,34,0.015599198464127939,5.125438793385268e-08,9.737874862025814e-08,False
lateral,v21,cbf_correction_norm,27,0.27,40,34,0.005812941493409433,5.58068864275896e-08,1.018969917598862e-07,False
lateral,v21,cbf_correction_norm,28,0.28,40,34,7.283959145443219e-08,4.503587319959505e-08,8.639281837474733e-08,False
lateral,v21,cbf_correction_norm,29,0.29,40,34,0.0012266945767642656,4.908603010500558e-08,9.235434347942778e-08,False
lateral,v21,cbf_correction_norm,30,0.3,40,34,0.0003815390672469158,4.460165499153851e-08,7.725621387066908e-08,False
lateral,v21,cbf_correction_norm,31,0.31,40,34,0.002116473747959054,3.501413382345197e-08,1.2036162919670806e-07,False
lateral,v21,cbf_correction_norm,32,0.32,40,34,6.953324737501988e-08,4.223402878977813e-08,8.301508753305625e-08,False
lateral,v21,cbf_correction_norm,33,0.33,40,34,0.001005112766043126,4.2148289773891014e-08,8.87077621491986e-08,False
lateral,v21,cbf_correction_norm,34,0.34,40,34,7.036228754797596e-08,4.3548921784265403e-08,9.163992622518486e-08,False
lateral,v21,cbf_correction_norm,35,0.35000000000000003,40,34,0.0017333710156809477,5.086225929318395e-08,7.844688778568825e-08,False
lateral,v21,cbf_correction_norm,36,0.36,40,34,0.001839405741613127,4.871201696232662e-08,8.712041637437422e-08,False
lateral,v21,cbf_correction_norm,37,0.37,40,34,6.383444353907914e-08,4.158919739261092e-08,8.205513056580546e-08,False
lateral,v21,cbf_correction_norm,38,0.38,40,34,0.004537467563444479,4.551610039982281e-08,8.319501425546602e-08,False
lateral,v21,cbf_correction_norm,39,0.39,40,34,6.89661106221261e-08,4.134107429720776e-08,9.892664317057181e-08,False
lateral,v21,cbf_correction_norm,40,0.4,40,34,0.0016234150377852884,4.086740448272552e-08,8.992314022293609e-08,False
lateral,v21,cbf_correction_norm,41,0.41000000000000003,40,34,0.004236409296610814,4.402080457488432e-08,9.504865419174227e-08,False
lateral,v21,cbf_correction_norm,42,0.42,40,34,6.728768212882472e-08,4.0387158168897444e-08,8.762822815810807e-08,False
lateral,v21,cbf_correction_norm,43,0.43,40,34,5.2850314415042744e-08,3.253045166129406e-08,7.060732543529014e-08,False
lateral,v21,cbf_correction_norm,44,0.44,40,34,0.005788066856301502,4.9044725045632506e-08,1.0835284280474892e-07,False
lateral,v21,cbf_correction_norm,45,0.45,40,34,0.002150612124048107,5.0255643779806284e-08,1.2038738290698288e-07,False
lateral,v21,cbf_correction_norm,46,0.46,40,34,8.22154635988782e-08,4.532236735244131e-08,1.1430341421814056e-07,False
lateral,v21,cbf_correction_norm,47,0.47000000000000003,40,34,0.0009059276748768273,4.158223899430863e-08,9.294252592439988e-08,False
lateral,v21,cbf_correction_norm,48,0.48,40,34,0.0049921594578038984,4.745213365353612e-08,8.467548880730794e-08,False
lateral,v21,cbf_correction_norm,49,0.49,40,34,0.012139592149102782,3.877427015908117e-08,8.8221423606427e-08,False
lateral,v21,cbf_correction_norm,50,0.5,40,34,0.0050547599041025505,3.5205813708749645e-08,9.854574845036268e-08,False
lateral,v21,cbf_correction_norm,51,0.51,40,34,0.00022876254729313586,3.82757167027849e-08,9.724952805711927e-08,False
lateral,v21,cbf_correction_norm,52,0.52,40,34,0.007233048676591716,5.2483585477602835e-08,9.209342550775597e-08,False
lateral,v21,cbf_correction_norm,53,0.53,40,34,7.145816446396688e-08,3.909760786235934e-08,9.056174747001952e-08,False
lateral,v21,cbf_correction_norm,54,0.54,40,34,0.003639684517502026,3.853907348361125e-08,9.865541915843417e-08,False
lateral,v21,cbf_correction_norm,55,0.55,40,34,0.011535246674416483,4.25431515349561e-08,8.394759696272987e-08,False
lateral,v21,cbf_correction_norm,56,0.56,40,34,0.007095619204739795,5.26061942451838e-08,1.0140899348698543e-07,False
lateral,v21,cbf_correction_norm,57,0.5700000000000001,40,34,0.00027115290230309615,4.464868804454602e-08,1.1263174823028372e-07,False
lateral,v21,cbf_correction_norm,58,0.58,40,34,0.00622627268316142,4.718770423295389e-08,1.227032275608057e-07,False
lateral,v21,cbf_correction_norm,59,0.59,40,34,0.010483062748564576,6.262277349566983e-08,1.0959171307334187e-07,False
lateral,v21,cbf_correction_norm,60,0.6,40,34,0.0020481653411232015,4.627814398361369e-08,9.453384528512827e-08,False
lateral,v21,cbf_correction_norm,61,0.61,40,34,0.0017941661401016551,2.987329876580316e-08,8.73964799641406e-08,False
lateral,v21,cbf_correction_norm,62,0.62,40,34,0.0010154115932936322,4.442714819141676e-08,9.318207418118582e-08,False
lateral,v21,cbf_correction_norm,63,0.63,40,34,7.898140813760328e-05,4.819265723376994e-08,8.17916090234404e-08,False
lateral,v21,cbf_correction_norm,64,0.64,40,34,0.00040303279483482377,4.4990015588552985e-08,9.408375120756297e-08,False
lateral,v21,cbf_correction_norm,65,0.65,40,34,6.308092528800597e-08,3.13872103419043e-08,8.709605530121708e-08,False
lateral,v21,cbf_correction_norm,66,0.66,40,34,0.00247327602980921,3.7250514264287135e-08,8.920523868027948e-08,False
lateral,v21,cbf_correction_norm,67,0.67,40,34,0.009607800140146353,3.8408291773706985e-08,8.63416902241457e-08,False
lateral,v21,cbf_correction_norm,68,0.68,40,34,0.006694118753721864,3.341793501476768e-08,1.1675490537044372e-07,False
lateral,v21,cbf_correction_norm,69,0.6900000000000001,40,34,6.870752597532032e-08,3.861950734318626e-08,8.625016540975298e-08,False
lateral,v21,cbf_correction_norm,70,0.7000000000000001,40,34,0.012027915255746962,3.460746027528005e-08,7.891934892257022e-08,False
lateral,v21,cbf_correction_norm,71,0.71,40,34,0.002170858247921294,3.844964321153381e-08,1.015572777340896e-07,False
lateral,v21,cbf_correction_norm,72,0.72,40,34,0.0029613339330954247,3.807459773241889e-08,1.1198446060234328e-07,False
lateral,v21,cbf_correction_norm,73,0.73,40,34,0.000312778837667672,3.753841924414319e-08,1.1890365483324686e-07,False
lateral,v21,cbf_correction_norm,74,0.74,40,34,0.008927246937894704,3.5946201344393205e-08,9.193388073924755e-08,False
lateral,v21,cbf_correction_norm,75,0.75,40,34,0.011375172727862055,4.505289208367458e-08,8.059384981606889e-08,False
lateral,v21,cbf_correction_norm,76,0.76,40,34,0.0001319965976069245,3.734348002382163e-08,9.221679668769389e-08,False
lateral,v21,cbf_correction_norm,77,0.77,40,34,7.503632285210685e-08,4.788392599763882e-08,8.586909344465779e-08,False
lateral,v21,cbf_correction_norm,78,0.78,40,34,0.001773084990688209,3.3348406986988366e-08,8.796549870737633e-08,False
lateral,v21,cbf_correction_norm,79,0.79,40,34,4.5231024916884e-05,4.860336202394556e-08,9.48797952204916e-08,False
lateral,v21,cbf_correction_norm,80,0.8,40,34,0.0005779633086964426,3.108170627541598e-08,8.458719484849426e-08,False
lateral,v21,cbf_correction_norm,81,0.81,40,34,7.099799275145344e-08,4.5513657367379755e-08,9.09613189925551e-08,False
lateral,v21,cbf_correction_norm,82,0.8200000000000001,40,34,0.0010646351339770829,4.368972295054657e-08,9.146801456694115e-08,False
lateral,v21,cbf_correction_norm,83,0.8300000000000001,40,34,8.08911316383391e-08,3.561471287216631e-08,1.1143958289494746e-07,False
lateral,v21,cbf_correction_norm,84,0.84,40,34,6.721352878402687e-08,3.60737898574825e-08,8.894235115519685e-08,False
lateral,v21,cbf_correction_norm,85,0.85,40,34,2.9185108965159056e-05,3.5563896005897685e-08,9.775542926249081e-08,False
lateral,v21,cbf_correction_norm,86,0.86,40,34,6.900480127192125e-08,3.685165246736218e-08,8.224573598170086e-08,False
lateral,v21,cbf_correction_norm,87,0.87,40,34,6.981267100947254e-08,4.739409957821312e-08,8.503355651612316e-08,False
lateral,v21,cbf_correction_norm,88,0.88,40,34,5.826727499069769e-08,3.8176834031844586e-08,7.354605996212656e-08,False
lateral,v21,cbf_correction_norm,89,0.89,40,34,5.7150042685027995e-08,3.282360523826354e-08,8.191594802475741e-08,False
lateral,v21,cbf_correction_norm,90,0.9,40,34,5.98489321057549e-08,3.7296236410355674e-08,7.528007905932554e-08,False
lateral,v21,cbf_correction_norm,91,0.91,40,34,5.4647992389744845e-08,3.249176747655015e-08,7.007795849389691e-08,False
lateral,v21,cbf_correction_norm,92,0.92,40,34,5.297245539552128e-06,3.3453727965593306e-08,7.856060427968729e-08,False
lateral,v21,cbf_correction_norm,93,0.93,40,34,5.553460073293141e-08,3.598094761692153e-08,7.357654792983195e-08,False
lateral,v21,cbf_correction_norm,94,0.9400000000000001,40,34,5.519275113385886e-08,3.167038093998546e-08,7.064971157433345e-08,False
lateral,v21,cbf_correction_norm,95,0.9500000000000001,40,34,5.9071629100460204e-08,3.5129414865941015e-08,7.88525993389314e-08,False
lateral,v21,cbf_correction_norm,96,0.96,40,34,5.2244528325751214e-08,2.884862132290811e-08,6.751063924781513e-08,False
lateral,v21,cbf_correction_norm,97,0.97,40,34,5.183201360992057e-08,3.255542931235308e-08,6.921090296430062e-08,False
lateral,v21,cbf_correction_norm,98,0.98,40,34,0.00463687624123888,4.5383665234767034e-08,7.630837346894666e-08,False
lateral,v21,cbf_correction_norm,99,0.99,40,34,5.2296183542299804e-08,3.251291973427327e-08,6.772524178799722e-08,False
lateral,v21,cbf_correction_norm,100,1.0,40,34,0.0,0.0,0.0,False
contact_stability,base,maximum_slip_speed,0,0.0,40,33,0.0,0.0,0.0,False
contact_stability,base,maximum_slip_speed,1,0.01,40,33,0.07756886608246716,0.035559437256306406,0.08952950108796359,False
contact_stability,base,maximum_slip_speed,2,0.02,40,33,0.1257094927723519,0.04312314428389074,0.15182478148490194,False
contact_stability,base,maximum_slip_speed,3,0.03,40,33,0.12429242685670036,0.0359313137922436,0.19120483428239832,False
contact_stability,base,maximum_slip_speed,4,0.04,40,33,0.0942672271225601,0.012469481010921308,0.10595336005091668,False
contact_stability,base,maximum_slip_speed,5,0.05,40,33,0.1452549088059458,0.018039515771670317,0.24203664045780954,False
contact_stability,base,maximum_slip_speed,6,0.06,40,33,0.07870058554783461,0.0112333187344484,0.06904095532372595,False
contact_stability,base,maximum_slip_speed,7,0.07,40,33,0.1460198533976217,0.01693976896815004,0.24904289424419407,False
contact_stability,base,maximum_slip_speed,8,0.08,40,33,0.1530963785308413,0.01849094448611139,0.2982659921050072,False
contact_stability,base,maximum_slip_speed,9,0.09,40,33,0.14548025044618398,0.01976466668304048,0.22825492901727534,False
contact_stability,base,maximum_slip_speed,10,0.1,40,33,0.13092249985260404,0.0137021818663925,0.19076904347166354,False
contact_stability,base,maximum_slip_speed,11,0.11,40,33,0.1294460451333433,0.014347692832816403,0.15307576570659837,False
contact_stability,base,maximum_slip_speed,12,0.12,40,33,0.15699153671436963,0.01810625532642012,0.24562883287668266,False
contact_stability,base,maximum_slip_speed,13,0.13,40,33,0.21085731441856828,0.028933722940273514,0.25245926558971354,False
contact_stability,base,maximum_slip_speed,14,0.14,40,33,0.263504661272279,0.04255885872989894,0.3451249239593728,False
contact_stability,base,maximum_slip_speed,15,0.15,40,33,0.2908162228798035,0.06746831582859172,0.47597305513918736,False
contact_stability,base,maximum_slip_speed,16,0.16,40,33,0.1976238970631963,0.03980904636089711,0.26319374330341766,False
contact_stability,base,maximum_slip_speed,17,0.17,40,33,0.14132761506980768,0.0301424281299111,0.20359379842877406,False
contact_stability,base,maximum_slip_speed,18,0.18,40,33,0.29414137346972674,0.06329324170947317,0.3389676313102259,False
contact_stability,base,maximum_slip_speed,19,0.19,40,33,0.22117283981642735,0.0424612236581743,0.2540883280336861,False
contact_stability,base,maximum_slip_speed,20,0.2,40,33,0.1943595656380055,0.056842269934713995,0.21598850637673486,False
contact_stability,base,maximum_slip_speed,21,0.21,40,33,0.23820096286112652,0.06839658712036917,0.3151326154917482,False
contact_stability,base,maximum_slip_speed,22,0.22,40,33,0.2582672124849632,0.09297326996922498,0.345087039098144,False
contact_stability,base,maximum_slip_speed,23,0.23,40,33,0.15279352722770967,0.040703155742958186,0.19587312594056078,False
contact_stability,base,maximum_slip_speed,24,0.24,40,33,0.2876688489280633,0.06004334198310938,0.32509250327944633,False
contact_stability,base,maximum_slip_speed,25,0.25,40,33,0.21850246355170402,0.05524141550995405,0.33112650364637375,False
contact_stability,base,maximum_slip_speed,26,0.26,40,33,0.20099376433063304,0.04358839351683907,0.24819538727402862,False
contact_stability,base,maximum_slip_speed,27,0.27,40,33,0.1729121890171668,0.03447706643492078,0.23339941695332422,False
contact_stability,base,maximum_slip_speed,28,0.28,40,33,0.18332718946086418,0.06177463991567406,0.23655041754246356,False
contact_stability,base,maximum_slip_speed,29,0.29,40,33,0.24015516839152853,0.06825106965377811,0.23395883917806343,False
contact_stability,base,maximum_slip_speed,30,0.3,40,33,0.22779004168696798,0.060275553166864726,0.28604047745466393,False
contact_stability,base,maximum_slip_speed,31,0.31,40,33,0.1789346080339751,0.035028549770357645,0.21094786219298825,False
contact_stability,base,maximum_slip_speed,32,0.32,40,33,0.248217015883885,0.08524105459451613,0.31278215110301877,False
contact_stability,base,maximum_slip_speed,33,0.33,40,33,0.23245954330579846,0.08218643909320096,0.291546403113752,False
contact_stability,base,maximum_slip_speed,34,0.34,40,33,0.19303308287018386,0.035437737330794944,0.2814442175626768,False
contact_stability,base,maximum_slip_speed,35,0.35000000000000003,40,33,0.16628643968724566,0.04471366768702898,0.1764123633503919,False
contact_stability,base,maximum_slip_speed,36,0.36,40,33,0.2668965843096364,0.05302782334387304,0.39371995180844777,False
contact_stability,base,maximum_slip_speed,37,0.37,40,33,0.2785061247583941,0.05951071389019469,0.24034810088574882,False
contact_stability,base,maximum_slip_speed,38,0.38,40,33,0.25462115052994455,0.0664264640677717,0.35433033645153456,False
contact_stability,base,maximum_slip_speed,39,0.39,40,33,0.21432275511138088,0.059717532880603996,0.2329327949695303,False
contact_stability,base,maximum_slip_speed,40,0.4,40,33,0.14751546066720023,0.06558607220649902,0.20471426993608466,False
contact_stability,base,maximum_slip_speed,41,0.41000000000000003,40,33,0.19362860658345835,0.0887862144410609,0.25257651295512645,False
contact_stability,base,maximum_slip_speed,42,0.42,40,33,0.23540448050107776,0.050765943117439746,0.3186384202539945,False
contact_stability,base,maximum_slip_speed,43,0.43,40,33,0.20954996410524435,0.07615502071566838,0.24934187997132648,False
contact_stability,base,maximum_slip_speed,44,0.44,40,33,0.20474360791034968,0.06282661464065295,0.21351167231797918,False
contact_stability,base,maximum_slip_speed,45,0.45,40,33,0.23980267794104398,0.08469989611767222,0.3150457134470365,False
contact_stability,base,maximum_slip_speed,46,0.46,40,33,0.22031255456246504,0.09137469649314858,0.2128157123178235,False
contact_stability,base,maximum_slip_speed,47,0.47000000000000003,40,33,0.22162504915683384,0.08379631988704606,0.2582085353881126,False
contact_stability,base,maximum_slip_speed,48,0.48,40,33,0.2493021485111669,0.09478141043335339,0.3350645264983173,False
contact_stability,base,maximum_slip_speed,49,0.49,40,33,0.21017389393155544,0.050338380984031095,0.2486968361586329,False
contact_stability,base,maximum_slip_speed,50,0.5,40,33,0.17612420290242908,0.0463620712980628,0.16894412599503994,False
contact_stability,base,maximum_slip_speed,51,0.51,40,33,0.322920725377158,0.08573750434443277,0.46010657191276316,False
contact_stability,base,maximum_slip_speed,52,0.52,40,33,0.2166915890360261,0.0830335375666614,0.24839373633265519,False
contact_stability,base,maximum_slip_speed,53,0.53,40,33,0.2996145926048068,0.04231917403638298,0.31080083914102563,False
contact_stability,base,maximum_slip_speed,54,0.54,40,33,0.21718252358911666,0.043747158516197225,0.2586822743527625,False
contact_stability,base,maximum_slip_speed,55,0.55,40,33,0.17590924111893164,0.05084853079169785,0.274187034741027,False
contact_stability,base,maximum_slip_speed,56,0.56,40,33,0.17029820701572967,0.054760301597416475,0.18937440738082117,False
contact_stability,base,maximum_slip_speed,57,0.5700000000000001,40,33,0.22961975766182147,0.05345442619174786,0.26462554097175084,False
contact_stability,base,maximum_slip_speed,58,0.58,40,33,0.2051602480311372,0.06540672373026567,0.2830819904059278,False
contact_stability,base,maximum_slip_speed,59,0.59,40,33,0.2893619554438615,0.06061032503843138,0.22008158301934322,False
contact_stability,base,maximum_slip_speed,60,0.6,40,33,0.2102170985727604,0.0437488174065959,0.23586063235998256,False
contact_stability,base,maximum_slip_speed,61,0.61,40,33,0.2618679832069871,0.055336095783857904,0.34265535075217585,False
contact_stability,base,maximum_slip_speed,62,0.62,40,33,0.2141317971856334,0.06723272666335127,0.22896431162953546,False
contact_stability,base,maximum_slip_speed,63,0.63,40,33,0.2305505801341478,0.08676651930436566,0.25260396718978956,False
contact_stability,base,maximum_slip_speed,64,0.64,40,33,0.22165888538676942,0.06586497660726308,0.3126043803988926,False
contact_stability,base,maximum_slip_speed,65,0.65,40,33,0.22955434065661412,0.06850671330466941,0.3221554137766432,False
contact_stability,base,maximum_slip_speed,66,0.66,40,33,0.17546048050047688,0.05702081063762292,0.1954051028937169,False
contact_stability,base,maximum_slip_speed,67,0.67,40,33,0.23634654639242347,0.07809985997155586,0.22368730213492802,False
contact_stability,base,maximum_slip_speed,68,0.68,40,33,0.24363230044487943,0.04864924287423615,0.358631318211557,False
contact_stability,base,maximum_slip_speed,69,0.6900000000000001,40,33,0.2998991822158027,0.08385341139510374,0.3821466037631027,False
contact_stability,base,maximum_slip_speed,70,0.7000000000000001,40,33,0.23998660709476066,0.06286026369780179,0.25265956297516523,False
contact_stability,base,maximum_slip_speed,71,0.71,40,33,0.2296529817462447,0.10888170732185286,0.2701366502046538,False
contact_stability,base,maximum_slip_speed,72,0.72,40,33,0.23081700493209373,0.06789290536195185,0.29487481832504264,False
contact_stability,base,maximum_slip_speed,73,0.73,40,33,0.22674765497608956,0.0658135819248861,0.30369478579610665,False
contact_stability,base,maximum_slip_speed,74,0.74,40,33,0.34233338448964046,0.04478298490866996,0.49326952166853655,False
contact_stability,base,maximum_slip_speed,75,0.75,40,33,0.1513505731127232,0.05948700965382159,0.15674350038170815,False
contact_stability,base,maximum_slip_speed,76,0.76,40,33,0.32554983299597773,0.06327436424791814,0.31523374050855624,False
contact_stability,base,maximum_slip_speed,77,0.77,40,33,0.23348640722828162,0.06609321545809427,0.28308759100735287,False
contact_stability,base,maximum_slip_speed,78,0.78,40,33,0.22732039487873976,0.07625433463603262,0.27842746421694453,False
contact_stability,base,maximum_slip_speed,79,0.79,40,33,0.21784686087956917,0.061300416663290905,0.27374094437341917,False
contact_stability,base,maximum_slip_speed,80,0.8,40,33,0.2445427381899231,0.08496462218463231,0.26540029346941973,False
contact_stability,base,maximum_slip_speed,81,0.81,40,33,0.2205782178463392,0.0630034790188074,0.280732819810515,False
contact_stability,base,maximum_slip_speed,82,0.8200000000000001,40,33,0.2403841071003122,0.05726495403796385,0.23633765965700138,False
contact_stability,base,maximum_slip_speed,83,0.8300000000000001,40,33,0.17131474898197016,0.06077915364876438,0.2175481117144186,False
contact_stability,base,maximum_slip_speed,84,0.84,40,33,0.24317764591425725,0.06490021906793104,0.32508675873279824,False
contact_stability,base,maximum_slip_speed,85,0.85,40,33,0.3029826905409557,0.07919548284262463,0.41168103106320525,False
contact_stability,base,maximum_slip_speed,86,0.86,40,33,0.17881454662745982,0.061591640599071754,0.24490906041115668,False
contact_stability,base,maximum_slip_speed,87,0.87,40,33,0.3282654481520891,0.0982744384277614,0.3916716121137101,False
contact_stability,base,maximum_slip_speed,88,0.88,40,33,0.2030364453988141,0.057236542105674915,0.216811724305153,False
contact_stability,base,maximum_slip_speed,89,0.89,40,33,0.21217822692962404,0.048432315648533626,0.21328338544812137,False
contact_stability,base,maximum_slip_speed,90,0.9,40,33,0.27021765031851913,0.046442313306032386,0.28881440535187597,False
contact_stability,base,maximum_slip_speed,91,0.91,40,33,0.28996236157789496,0.06160326003562516,0.3709882840886708,False
contact_stability,base,maximum_slip_speed,92,0.92,40,33,0.21241378140821965,0.05660506345330753,0.25927634328604715,False
contact_stability,base,maximum_slip_speed,93,0.93,40,33,0.18171908076619664,0.033682412244380226,0.22632273994386354,False
contact_stability,base,maximum_slip_speed,94,0.9400000000000001,40,33,0.1800406095197002,0.03427265854552468,0.224188693463809,False
contact_stability,base,maximum_slip_speed,95,0.9500000000000001,40,33,0.1755221048457322,0.02295163032249603,0.24185982383787796,False
contact_stability,base,maximum_slip_speed,96,0.96,40,33,0.15328045940050197,0.02105806311592466,0.23688667312263945,False
contact_stability,base,maximum_slip_speed,97,0.97,40,33,0.19556024234808833,0.02032896760851154,0.2814914852380749,False
contact_stability,base,maximum_slip_speed,98,0.98,40,33,0.16516372876020755,0.02825717618688947,0.21733649127185278,False
contact_stability,base,maximum_slip_speed,99,0.99,40,33,0.18855424062989223,0.010952952406369166,0.24479271942750436,False
contact_stability,base,maximum_slip_speed,100,1.0,40,33,0.0,0.0,0.0,False
contact_stability,base,contact_phase_mismatch,0,0.0,40,33,0.9,1.0,1.0,False
contact_stability,base,contact_phase_mismatch,1,0.01,40,33,0.089375,0.0,0.0,False
contact_stability,base,contact_phase_mismatch,2,0.02,40,33,0.2562499999999999,0.0,0.45999999999999963,False
contact_stability,base,contact_phase_mismatch,3,0.03,40,33,0.1977500000000001,0.0,0.4450000000000009,False
contact_stability,base,contact_phase_mismatch,4,0.04,40,33,0.093,0.0,0.014999999999999902,False
contact_stability,base,contact_phase_mismatch,5,0.05,40,33,0.22249999999999992,0.0,0.46249999999999875,False
contact_stability,base,contact_phase_mismatch,6,0.06,40,33,0.06849999999999992,0.0,0.0,False
contact_stability,base,contact_phase_mismatch,7,0.07,40,33,0.18962499999999993,0.0,0.5,False
contact_stability,base,contact_phase_mismatch,8,0.08,40,33,0.21149999999999974,0.0,0.5,False
contact_stability,base,contact_phase_mismatch,9,0.09,40,33,0.13025,0.0,0.34124999999999994,False
contact_stability,base,contact_phase_mismatch,10,0.1,40,33,0.1537500000000002,0.0,0.3625000000000019,False
contact_stability,base,contact_phase_mismatch,11,0.11,40,33,0.1957499999999999,0.0,0.5,False
contact_stability,base,contact_phase_mismatch,12,0.12,40,33,0.11200000000000025,0.0,0.2149999999999985,False
contact_stability,base,contact_phase_mismatch,13,0.13,40,33,0.1998749999999998,0.0,0.4649999999999957,False
contact_stability,base,contact_phase_mismatch,14,0.14,40,33,0.15049999999999966,0.0,0.300000000000003,False
contact_stability,base,contact_phase_mismatch,15,0.15,40,33,0.2093750000000004,0.0,0.5,False
contact_stability,base,contact_phase_mismatch,16,0.16,40,33,0.15099999999999963,0.0,0.3049999999999989,False
contact_stability,base,contact_phase_mismatch,17,0.17,40,33,0.18574999999999925,0.0,0.4387499999999947,False
contact_stability,base,contact_phase_mismatch,18,0.18,40,33,0.20399999999999968,0.0,0.4299999999999977,False
contact_stability,base,contact_phase_mismatch,19,0.19,40,33,0.17087500000000022,0.0,0.3337500000000002,False
contact_stability,base,contact_phase_mismatch,20,0.2,40,33,0.13249999999999906,0.0,0.19999999999999804,False
contact_stability,base,contact_phase_mismatch,21,0.21,40,33,0.0833750000000001,0.0,0.03375000000000493,False
contact_stability,base,contact_phase_mismatch,22,0.22,40,33,0.11875000000000031,0.0,0.17500000000000193,False
contact_stability,base,contact_phase_mismatch,23,0.23,40,33,0.06787499999999982,0.0,0.04250000000000281,False
contact_stability,base,contact_phase_mismatch,24,0.24,40,33,0.18600000000000078,0.0,0.4349999999999997,False
contact_stability,base,contact_phase_mismatch,25,0.25,40,33,0.11875000000000009,0.0,0.15625,False
contact_stability,base,contact_phase_mismatch,26,0.26,40,33,0.11949999999999958,0.0,0.0,False
contact_stability,base,contact_phase_mismatch,27,0.27,40,33,0.16225000000000023,0.0,0.30374999999999563,False
contact_stability,base,contact_phase_mismatch,28,0.28,40,33,0.1105000000000012,0.0,0.130000000000012,False
contact_stability,base,contact_phase_mismatch,29,0.29,40,33,0.12362499999999868,0.0,0.13874999999999935,False
contact_stability,base,contact_phase_mismatch,30,0.3,40,33,0.15000000000000022,0.0,0.3500000000000064,False
contact_stability,base,contact_phase_mismatch,31,0.31,40,33,0.06950000000000017,0.0,0.0,False
contact_stability,base,contact_phase_mismatch,32,0.32,40,33,0.16549999999999954,0.0,0.28499999999999853,False
contact_stability,base,contact_phase_mismatch,33,0.33,40,33,0.13399999999999984,0.0,0.12375000000000294,False
contact_stability,base,contact_phase_mismatch,34,0.34,40,33,0.17549999999999907,0.0,0.42499999999999555,False
contact_stability,base,contact_phase_mismatch,35,0.35000000000000003,40,33,0.11937500000000063,0.0,0.1312500000000002,False
contact_stability,base,contact_phase_mismatch,36,0.36,40,33,0.19849999999999995,0.0,0.5,False
contact_stability,base,contact_phase_mismatch,37,0.37,40,33,0.14224999999999968,0.0,0.338749999999997,False
contact_stability,base,contact_phase_mismatch,38,0.38,40,33,0.15374999999999986,0.0,0.3275000000000005,False
contact_stability,base,contact_phase_mismatch,39,0.39,40,33,0.1339999999999999,0.0,0.1937499999999927,False
contact_stability,base,contact_phase_mismatch,40,0.4,40,33,0.07999999999999947,0.0,0.09999999999998885,False
contact_stability,base,contact_phase_mismatch,41,0.41000000000000003,40,33,0.14200000000000185,0.0,0.341250000000016,False
contact_stability,base,contact_phase_mismatch,42,0.42,40,33,0.09224999999999921,0.0,0.0,False
contact_stability,base,contact_phase_mismatch,43,0.43,40,33,0.1146249999999996,0.0,0.04499999999999457,False
contact_stability,base,contact_phase_mismatch,44,0.44,40,33,0.09249999999999974,0.0,0.05500000000000027,False
contact_stability,base,contact_phase_mismatch,45,0.45,40,33,0.12000000000000108,0.0,0.2625000000000039,False
contact_stability,base,contact_phase_mismatch,46,0.46,40,33,0.14674999999999813,0.0,0.207499999999992,False
contact_stability,base,contact_phase_mismatch,47,0.47000000000000003,40,33,0.11474999999999821,0.0,0.19625000000000026,False
contact_stability,base,contact_phase_mismatch,48,0.48,40,33,0.10199999999999902,0.0,0.17999999999999064,False
contact_stability,base,contact_phase_mismatch,49,0.49,40,33,0.1547499999999999,0.0,0.3737499999999934,False
contact_stability,base,contact_phase_mismatch,50,0.5,40,33,0.06875000000000064,0.0,0.0,False
contact_stability,base,contact_phase_mismatch,51,0.51,40,33,0.25549999999999823,0.0,0.5,False
contact_stability,base,contact_phase_mismatch,52,0.52,40,33,0.12299999999999993,0.0,0.2550000000000142,False
contact_stability,base,contact_phase_mismatch,53,0.53,40,33,0.1523749999999995,0.0,0.3012500000000042,False
contact_stability,base,contact_phase_mismatch,54,0.54,40,33,0.1272500000000006,0.0,0.17750000000000646,False
contact_stability,base,contact_phase_mismatch,55,0.55,40,33,0.1581249999999976,0.0,0.224999999999971,False
contact_stability,base,contact_phase_mismatch,56,0.56,40,33,0.07699999999999814,0.0,0.010000000000002226,False
contact_stability,base,contact_phase_mismatch,57,0.5700000000000001,40,33,0.14287500000000009,0.0,0.34125000000001093,False
contact_stability,base,contact_phase_mismatch,58,0.58,40,33,0.13000000000000356,0.0,0.27250000000000435,False
contact_stability,base,contact_phase_mismatch,59,0.59,40,33,0.14037500000000097,0.0,0.23749999999999327,False
contact_stability,base,contact_phase_mismatch,60,0.6,40,33,0.09500000000000154,0.0,0.10000000000000199,False
contact_stability,base,contact_phase_mismatch,61,0.61,40,33,0.1781249999999982,0.0,0.3100000000000064,False
contact_stability,base,contact_phase_mismatch,62,0.62,40,33,0.17149999999999938,0.0,0.3300000000000053,False
contact_stability,base,contact_phase_mismatch,63,0.63,40,33,0.11062499999999828,0.0,0.1574999999999938,False
contact_stability,base,contact_phase_mismatch,64,0.64,40,33,0.12299999999999908,0.0,0.20499999999999663,False
contact_stability,base,contact_phase_mismatch,65,0.65,40,33,0.14812500000000034,0.0,0.21250000000001107,False
contact_stability,base,contact_phase_mismatch,66,0.66,40,33,0.10175000000000005,0.0,0.19999999999997797,False
contact_stability,base,contact_phase_mismatch,67,0.67,40,33,0.08125000000000014,0.0,0.0,False
contact_stability,base,contact_phase_mismatch,68,0.68,40,33,0.12200000000000173,0.0,0.2650000000000048,False
contact_stability,base,contact_phase_mismatch,69,0.6900000000000001,40,33,0.14162499999999684,0.0,0.29750000000000687,False
contact_stability,base,contact_phase_mismatch,70,0.7000000000000001,40,33,0.1525000000000017,0.0,0.3625000000000176,False
contact_stability,base,contact_phase_mismatch,71,0.71,40,33,0.10425000000000165,0.0,0.0162499999999925,False
contact_stability,base,contact_phase_mismatch,72,0.72,40,33,0.10800000000000165,0.0,0.06000000000000108,False
contact_stability,base,contact_phase_mismatch,73,0.73,40,33,0.1466249999999993,0.0,0.32125000000002174,False
contact_stability,base,contact_phase_mismatch,74,0.74,40,33,0.12674999999999934,0.0,0.21000000000000374,False
contact_stability,base,contact_phase_mismatch,75,0.75,40,33,0.062499999999999535,0.0,0.0,False
contact_stability,base,contact_phase_mismatch,76,0.76,40,33,0.18550000000000025,0.0,0.385000000000014,False
contact_stability,base,contact_phase_mismatch,77,0.77,40,33,0.089625,0.0,0.12249999999999786,False
contact_stability,base,contact_phase_mismatch,78,0.78,40,33,0.14199999999999813,0.0,0.21999999999999345,False
contact_stability,base,contact_phase_mismatch,79,0.79,40,33,0.13387500000000205,0.0,0.2287499999999849,False
contact_stability,base,contact_phase_mismatch,80,0.8,40,33,0.12750000000000097,0.0,0.12500000000000455,False
contact_stability,base,contact_phase_mismatch,81,0.81,40,33,0.1431249999999993,0.0,0.1849999999999949,False
contact_stability,base,contact_phase_mismatch,82,0.8200000000000001,40,33,0.07100000000000206,0.0,0.0,False
contact_stability,base,contact_phase_mismatch,83,0.8300000000000001,40,33,0.07962500000000086,0.0,0.042500000000025843,False
contact_stability,base,contact_phase_mismatch,84,0.84,40,33,0.13450000000000156,0.0,0.17999999999999744,False
contact_stability,base,contact_phase_mismatch,85,0.85,40,33,0.16812499999999814,0.0,0.3500000000000013,False
contact_stability,base,contact_phase_mismatch,86,0.86,40,33,0.0952500000000002,0.0,0.004999999999998228,False
contact_stability,base,contact_phase_mismatch,87,0.87,40,33,0.160625000000001,0.0,0.3399999999999879,False
contact_stability,base,contact_phase_mismatch,88,0.88,40,33,0.14449999999999985,0.0,0.31499999999999573,False
contact_stability,base,contact_phase_mismatch,89,0.89,40,33,0.13187500000000024,0.0,0.2787499999999982,False
contact_stability,base,contact_phase_mismatch,90,0.9,40,33,0.1475000000000001,0.0,0.3499999999999887,False
contact_stability,base,contact_phase_mismatch,91,0.91,40,33,0.10724999999999907,0.0,0.11250000000000092,False
contact_stability,base,contact_phase_mismatch,92,0.92,40,33,0.1669999999999982,0.0,0.344999999999992,False
contact_stability,base,contact_phase_mismatch,93,0.93,40,33,0.16587500000000227,0.0,0.39500000000003677,False
contact_stability,base,contact_phase_mismatch,94,0.9400000000000001,40,33,0.15900000000000042,0.0,0.3274999999999782,False
contact_stability,base,contact_phase_mismatch,95,0.9500000000000001,40,33,0.15250000000000224,0.0,0.3312500000000287,False
contact_stability,base,contact_phase_mismatch,96,0.96,40,33,0.18600000000000066,0.0,0.4550000000000127,False
contact_stability,base,contact_phase_mismatch,97,0.97,40,33,0.19824999999999807,0.0,0.4849999999999922,False
contact_stability,base,contact_phase_mismatch,98,0.98,40,33,0.1539999999999993,0.0,0.25499999999998973,False
contact_stability,base,contact_phase_mismatch,99,0.99,40,33,0.18500000000000105,0.0,0.5,False
contact_stability,base,contact_phase_mismatch,100,1.0,40,33,0.9,1.0,1.0,False
contact_stability,base,abs_roll_rad,0,0.0,40,33,0.011331533454358578,0.010973599972203374,0.012103249551728368,False
contact_stability,base,abs_roll_rad,1,0.01,40,33,0.016185063787386753,0.011982016982510686,0.018691126322373748,False
contact_stability,base,abs_roll_rad,2,0.02,40,33,0.03275946839783865,0.015376755837351078,0.053058127518743274,False
contact_stability,base,abs_roll_rad,3,0.03,40,33,0.01424588868090359,0.006742947429884221,0.017606251654215154,False
contact_stability,base,abs_roll_rad,4,0.04,40,33,0.0313853353481536,0.01031803626567125,0.05311110332608219,False
contact_stability,base,abs_roll_rad,5,0.05,40,33,0.027670066887876606,0.011835949968372029,0.03933293810114267,False
contact_stability,base,abs_roll_rad,6,0.06,40,33,0.03164363010680245,0.008737081182189285,0.06014979438856243,False
contact_stability,base,abs_roll_rad,7,0.07,40,33,0.02873699998490837,0.010848649261752172,0.041243516551330614,False
contact_stability,base,abs_roll_rad,8,0.08,40,33,0.023141238554351733,0.009653554381802674,0.029312152098864345,False
contact_stability,base,abs_roll_rad,9,0.09,40,33,0.021335330885405717,0.00576352550880986,0.034439911018125706,False
contact_stability,base,abs_roll_rad,10,0.1,40,33,0.03537844086793483,0.012158108828589254,0.056234933063387865,False
contact_stability,base,abs_roll_rad,11,0.11,40,33,0.026237711889320052,0.012502168760402143,0.033184750359505424,False
contact_stability,base,abs_roll_rad,12,0.12,40,33,0.0338254205151461,0.011523039918392774,0.034440633580088614,False
contact_stability,base,abs_roll_rad,13,0.13,40,33,0.03750396074839589,0.00978644742164762,0.04940888239070773,False
contact_stability,base,abs_roll_rad,14,0.14,40,33,0.02985221562421067,0.010475771804340157,0.04017760127782831,False
contact_stability,base,abs_roll_rad,15,0.15,40,33,0.0511281646000862,0.019729843991808632,0.0679193668067455,False
contact_stability,base,abs_roll_rad,16,0.16,40,33,0.041172159569920055,0.01870011874474577,0.054691603183746385,False
contact_stability,base,abs_roll_rad,17,0.17,40,33,0.057820477278379356,0.02348445820622149,0.08480754583142713,False
contact_stability,base,abs_roll_rad,18,0.18,40,33,0.05752925536152907,0.016783930328674625,0.0755504995584488,False
contact_stability,base,abs_roll_rad,19,0.19,40,33,0.058661758669564724,0.020280259251594514,0.09264126251451654,False
contact_stability,base,abs_roll_rad,20,0.2,40,33,0.07688733612187205,0.02400298230350012,0.12887630425393562,False
contact_stability,base,abs_roll_rad,21,0.21,40,33,0.059433721560315476,0.019744501574896267,0.07088855089619767,False
contact_stability,base,abs_roll_rad,22,0.22,40,33,0.04808441049692919,0.016554302731528876,0.05392236603423954,False
contact_stability,base,abs_roll_rad,23,0.23,40,33,0.061649126835924106,0.021594650335610248,0.09767870327457795,False
contact_stability,base,abs_roll_rad,24,0.24,40,33,0.059145397500076746,0.02101407619193202,0.06967696182429797,False
contact_stability,base,abs_roll_rad,25,0.25,40,33,0.07692311127830179,0.027505280449986458,0.12514935247600079,False
contact_stability,base,abs_roll_rad,26,0.26,40,33,0.05430430544578847,0.017174245682545008,0.05835876757279039,False
contact_stability,base,abs_roll_rad,27,0.27,40,33,0.06775187282812846,0.02225838140584524,0.11027028162032401,False
contact_stability,base,abs_roll_rad,28,0.28,40,33,0.055684998928569304,0.019875692091882082,0.0720825575664633,False
contact_stability,base,abs_roll_rad,29,0.29,40,33,0.05214163949192143,0.018426182438852315,0.07581631502136578,False
contact_stability,base,abs_roll_rad,30,0.3,40,33,0.0655434319459892,0.018049241416156263,0.11393183544278185,False
contact_stability,base,abs_roll_rad,31,0.31,40,33,0.05171693626412888,0.020679574245587,0.07156649289652706,False
contact_stability,base,abs_roll_rad,32,0.32,40,33,0.05798011446023883,0.024045362242032048,0.08023059882223599,False
contact_stability,base,abs_roll_rad,33,0.33,40,33,0.053296538197173504,0.01738995737861854,0.06251494680531305,False
contact_stability,base,abs_roll_rad,34,0.34,40,33,0.07118220643769016,0.022484609927050904,0.10849104478955211,False
contact_stability,base,abs_roll_rad,35,0.35000000000000003,40,33,0.060537215585209136,0.018660056100634148,0.08754892302677092,False
contact_stability,base,abs_roll_rad,36,0.36,40,33,0.053117091519641654,0.02027480162680152,0.07249313808977594,False
contact_stability,base,abs_roll_rad,37,0.37,40,33,0.0600749366336968,0.021243178264703736,0.062075313851237296,False
contact_stability,base,abs_roll_rad,38,0.38,40,33,0.057124168214155335,0.023738649771548694,0.0854691782221199,False
contact_stability,base,abs_roll_rad,39,0.39,40,33,0.06441390756255715,0.02056833446724342,0.09450811503455028,False
contact_stability,base,abs_roll_rad,40,0.4,40,33,0.08040631925803603,0.038197354413568745,0.11331605277955464,False
contact_stability,base,abs_roll_rad,41,0.41000000000000003,40,33,0.06565722403243482,0.034713216132950434,0.0762910167314112,False
contact_stability,base,abs_roll_rad,42,0.42,40,33,0.05881671677115089,0.017813960220664796,0.09748437263071534,False
contact_stability,base,abs_roll_rad,43,0.43,40,33,0.06403671383601611,0.03336194328963735,0.08713801430538312,False
contact_stability,base,abs_roll_rad,44,0.44,40,33,0.05105264087556862,0.022682215254753658,0.06849845714867112,False
contact_stability,base,abs_roll_rad,45,0.45,40,33,0.04891283557692082,0.019440654944628835,0.0592947220895439,False
contact_stability,base,abs_roll_rad,46,0.46,40,33,0.062276892190449976,0.019475830746814977,0.10009017586708031,False
contact_stability,base,abs_roll_rad,47,0.47000000000000003,40,33,0.054777539707021795,0.019151797955855542,0.07386599641293351,False
contact_stability,base,abs_roll_rad,48,0.48,40,33,0.060469678648980216,0.013598419132176775,0.0979443377256395,False
contact_stability,base,abs_roll_rad,49,0.49,40,33,0.07241430795477938,0.027077449131757088,0.11605688368901608,False
contact_stability,base,abs_roll_rad,50,0.5,40,33,0.06838113926332881,0.0228476170450449,0.10253654420375824,False
contact_stability,base,abs_roll_rad,51,0.51,40,33,0.0644204544594977,0.03560638903174495,0.08942864712327728,False
contact_stability,base,abs_roll_rad,52,0.52,40,33,0.0631096808604197,0.02076527979690572,0.08539819248020661,False
contact_stability,base,abs_roll_rad,53,0.53,40,33,0.0670663149627507,0.02408036564360367,0.1014315001666553,False
contact_stability,base,abs_roll_rad,54,0.54,40,33,0.07545234324672481,0.018230652045458377,0.12263394296169218,False
contact_stability,base,abs_roll_rad,55,0.55,40,33,0.05474377280450441,0.015749956283253028,0.08261345233768186,False
contact_stability,base,abs_roll_rad,56,0.56,40,33,0.06414345978241169,0.02084914629813217,0.1127029763162156,False
contact_stability,base,abs_roll_rad,57,0.5700000000000001,40,33,0.061013986258534714,0.0268730778014294,0.07250324279069921,False
contact_stability,base,abs_roll_rad,58,0.58,40,33,0.06131542383167833,0.018589210356586224,0.10109466817229973,False
contact_stability,base,abs_roll_rad,59,0.59,40,33,0.06864703923073838,0.01816592891235005,0.12347507294267418,False
contact_stability,base,abs_roll_rad,60,0.6,40,33,0.07136649030027906,0.029149022698402118,0.09445451721548992,False
contact_stability,base,abs_roll_rad,61,0.61,40,33,0.06533266511268436,0.028261120626702198,0.08678100176155609,False
contact_stability,base,abs_roll_rad,62,0.62,40,33,0.08071479564573383,0.0425277416408061,0.1097677955776451,False
contact_stability,base,abs_roll_rad,63,0.63,40,33,0.056203076529447435,0.017218907400965936,0.08162262197583853,False
contact_stability,base,abs_roll_rad,64,0.64,40,33,0.0615766214784235,0.011383447432890728,0.09389680393040123,False
contact_stability,base,abs_roll_rad,65,0.65,40,33,0.046591618849197394,0.017378727137110896,0.06964701525866995,False
contact_stability,base,abs_roll_rad,66,0.66,40,33,0.08005304585199338,0.02438578642322746,0.14389005862176468,False
contact_stability,base,abs_roll_rad,67,0.67,40,33,0.0640508849733161,0.037032545930705804,0.08462405454367336,False
contact_stability,base,abs_roll_rad,68,0.68,40,33,0.07510151535377371,0.02038741772063083,0.10485800936818092,False
contact_stability,base,abs_roll_rad,69,0.6900000000000001,40,33,0.06961097363107542,0.02033670499920775,0.12292565692216281,False
contact_stability,base,abs_roll_rad,70,0.7000000000000001,40,33,0.07638567669040668,0.027906645671465505,0.12532849684357483,False
contact_stability,base,abs_roll_rad,71,0.71,40,33,0.05279512366787838,0.011733672986739219,0.05506177905946862,False
contact_stability,base,abs_roll_rad,72,0.72,40,33,0.05938130703917688,0.019086029063910697,0.0883762754499908,False
contact_stability,base,abs_roll_rad,73,0.73,40,33,0.06416041260136258,0.01834522923381851,0.09002018332481361,False
contact_stability,base,abs_roll_rad,74,0.74,40,33,0.05064617753404314,0.02387220213189738,0.06755932435393396,False
contact_stability,base,abs_roll_rad,75,0.75,40,33,0.06329810952638579,0.022799531288910622,0.10217300616204739,False
contact_stability,base,abs_roll_rad,76,0.76,40,33,0.08083523539340236,0.03203427890315672,0.13232751563191336,False
contact_stability,base,abs_roll_rad,77,0.77,40,33,0.05620120032056005,0.01819733560085298,0.07092262491583802,False
contact_stability,base,abs_roll_rad,78,0.78,40,33,0.07114907763537504,0.02670653047040061,0.11664070036262303,False
contact_stability,base,abs_roll_rad,79,0.79,40,33,0.07318733222075392,0.02769868221133865,0.1157228855416166,False
contact_stability,base,abs_roll_rad,80,0.8,40,33,0.05909226023824876,0.028018576093018114,0.08586270362138822,False
contact_stability,base,abs_roll_rad,81,0.81,40,33,0.07104121616290646,0.03212299522012381,0.1055151920951906,False
contact_stability,base,abs_roll_rad,82,0.8200000000000001,40,33,0.06052815449552139,0.013858342480379275,0.09230071075260665,False
contact_stability,base,abs_roll_rad,83,0.8300000000000001,40,33,0.0601371579380358,0.021738668442705028,0.08458970470353899,False
contact_stability,base,abs_roll_rad,84,0.84,40,33,0.06138725701533263,0.018320380691439216,0.0831250293925403,False
contact_stability,base,abs_roll_rad,85,0.85,40,33,0.06901982602452333,0.02037649236153837,0.11693106004968248,False
contact_stability,base,abs_roll_rad,86,0.86,40,33,0.0695587101282436,0.02972469912842026,0.11095192503184072,False
contact_stability,base,abs_roll_rad,87,0.87,40,33,0.06251140612724695,0.020753407438751224,0.08712481574155347,False
contact_stability,base,abs_roll_rad,88,0.88,40,33,0.07845766369352346,0.029264246206730488,0.1144841661304233,False
contact_stability,base,abs_roll_rad,89,0.89,40,33,0.07166202933768376,0.037727583944797395,0.09778410064056697,False
contact_stability,base,abs_roll_rad,90,0.9,40,33,0.06534379525925035,0.027471271838294297,0.08930217996239695,False
contact_stability,base,abs_roll_rad,91,0.91,40,33,0.07208964152169936,0.02179767739959098,0.1081028242409225,False
contact_stability,base,abs_roll_rad,92,0.92,40,33,0.05320413812733025,0.016136354682967445,0.0659260318800809,False
contact_stability,base,abs_roll_rad,93,0.93,40,33,0.052306528894186965,0.016552010499873426,0.06318068189546444,False
contact_stability,base,abs_roll_rad,94,0.9400000000000001,40,33,0.05160391532733046,0.018186453860253377,0.06835197985172285,False
contact_stability,base,abs_roll_rad,95,0.9500000000000001,40,33,0.05499720777763273,0.020959972240962348,0.0666258017066865,False
contact_stability,base,abs_roll_rad,96,0.96,40,33,0.05148428097809674,0.01436728516593573,0.043843781612813354,False
contact_stability,base,abs_roll_rad,97,0.97,40,33,0.053958618524120525,0.008401064993813566,0.04569177887402508,False
contact_stability,base,abs_roll_rad,98,0.98,40,33,0.06776055509521395,0.013832711469731546,0.05328308451920747,False
contact_stability,base,abs_roll_rad,99,0.99,40,33,0.09235562666843897,0.020023239515721894,0.05817403938621291,False
contact_stability,base,abs_roll_rad,100,1.0,40,33,1.8745313822184085e-08,4.5687886807144196e-10,1.8399611834141183e-09,False
contact_stability,base,abs_pitch_rad,0,0.0,40,33,0.0537908636033535,0.05294632166624069,0.05517696589231491,False
contact_stability,base,abs_pitch_rad,1,0.01,40,33,0.08367857149359768,0.039800828900188205,0.11253006000071764,False
contact_stability,base,abs_pitch_rad,2,0.02,40,33,0.026963727803144134,0.010730033135041596,0.02874701606109738,False
contact_stability,base,abs_pitch_rad,3,0.03,40,33,0.04773479708598459,0.018291175556369117,0.04771043539978561,False
contact_stability,base,abs_pitch_rad,4,0.04,40,33,0.09417250974784838,0.01661470664665105,0.18478240072727206,False
contact_stability,base,abs_pitch_rad,5,0.05,40,33,0.14258517234848117,0.12328964248299601,0.190012763440609,False
contact_stability,base,abs_pitch_rad,6,0.06,40,33,0.12066813979606376,0.049538898281753,0.17983443126082416,False
contact_stability,base,abs_pitch_rad,7,0.07,40,33,0.13454798023751938,0.10070486016571531,0.1696216450631618,False
contact_stability,base,abs_pitch_rad,8,0.08,40,33,0.1221168772801757,0.06131760660558937,0.16360805958509442,False
contact_stability,base,abs_pitch_rad,9,0.09,40,33,0.11702934915130028,0.05378347038291405,0.17567850708961485,False
contact_stability,base,abs_pitch_rad,10,0.1,40,33,0.1442796501400881,0.12350240554660555,0.18119101375341412,False
contact_stability,base,abs_pitch_rad,11,0.11,40,33,0.12015390730372746,0.07998213049024346,0.16036521550267935,False
contact_stability,base,abs_pitch_rad,12,0.12,40,33,0.10428912959434096,0.06313310943543915,0.141682254448533,False
contact_stability,base,abs_pitch_rad,13,0.13,40,33,0.11617512762732803,0.06177744392305604,0.14425619088113273,False
contact_stability,base,abs_pitch_rad,14,0.14,40,33,0.1057333864992251,0.04210959708318118,0.1615853049606084,False
contact_stability,base,abs_pitch_rad,15,0.15,40,33,0.13705748832784595,0.09406514829024669,0.17426226586103383,False
contact_stability,base,abs_pitch_rad,16,0.16,40,33,0.10882886820356363,0.06904396228492266,0.1432839469611644,False
contact_stability,base,abs_pitch_rad,17,0.17,40,33,0.12110866974107926,0.06760733615141375,0.16970588121563193,False
contact_stability,base,abs_pitch_rad,18,0.18,40,33,0.11651950829476117,0.060134838223457686,0.15933521561324582,False
contact_stability,base,abs_pitch_rad,19,0.19,40,33,0.11339084712555632,0.04884068235754956,0.1702718424052,False
contact_stability,base,abs_pitch_rad,20,0.2,40,33,0.14707840527407828,0.08800636269152175,0.19208060130476964,False
contact_stability,base,abs_pitch_rad,21,0.21,40,33,0.1176935940401163,0.052689416967332425,0.18161849267780789,False
contact_stability,base,abs_pitch_rad,22,0.22,40,33,0.12115040029172079,0.057469345293939156,0.16079519689083105,False
contact_stability,base,abs_pitch_rad,23,0.23,40,33,0.14089524565730235,0.07516447303816658,0.18863677620887764,False
contact_stability,base,abs_pitch_rad,24,0.24,40,33,0.11504193955147637,0.048538548536598745,0.16043397754430766,False
contact_stability,base,abs_pitch_rad,25,0.25,40,33,0.14439072065433717,0.05651843431405734,0.2128777233883738,False
contact_stability,base,abs_pitch_rad,26,0.26,40,33,0.13501579013536683,0.06932667797431351,0.20261548489332176,False
contact_stability,base,abs_pitch_rad,27,0.27,40,33,0.14670654609054343,0.08195146042853518,0.19615174088627169,False
contact_stability,base,abs_pitch_rad,28,0.28,40,33,0.12397619688604027,0.06000956721603813,0.1679596981406213,False
contact_stability,base,abs_pitch_rad,29,0.29,40,33,0.12159201690173352,0.07293188106268662,0.1587866668030623,False
contact_stability,base,abs_pitch_rad,30,0.3,40,33,0.17212214935338127,0.11220695413649079,0.21976666003465653,False
contact_stability,base,abs_pitch_rad,31,0.31,40,33,0.10177210721810122,0.06780996284447613,0.13931675469502808,False
contact_stability,base,abs_pitch_rad,32,0.32,40,33,0.1357553572935867,0.09599848136305789,0.15964161008596417,False
contact_stability,base,abs_pitch_rad,33,0.33,40,33,0.1246739712466951,0.056237725904211305,0.18532139036804346,False
contact_stability,base,abs_pitch_rad,34,0.34,40,33,0.14625483191385857,0.07696175053715701,0.18718063384294545,False
contact_stability,base,abs_pitch_rad,35,0.35000000000000003,40,33,0.12969613470166214,0.06431219335645443,0.1858177186921231,False
contact_stability,base,abs_pitch_rad,36,0.36,40,33,0.12300694297533483,0.05908232033252715,0.17657263845205318,False
contact_stability,base,abs_pitch_rad,37,0.37,40,33,0.12049546385876608,0.06838746752589951,0.16708776541054246,False
contact_stability,base,abs_pitch_rad,38,0.38,40,33,0.11263128792535271,0.06775967031717277,0.15988073796033855,False
contact_stability,base,abs_pitch_rad,39,0.39,40,33,0.12543249414628382,0.03758869464509157,0.1937219266965986,False
contact_stability,base,abs_pitch_rad,40,0.4,40,33,0.15951668901165245,0.07006410062313062,0.2450836867094034,False
contact_stability,base,abs_pitch_rad,41,0.41000000000000003,40,33,0.11888706646089134,0.06890355497598752,0.16375523377209944,False
contact_stability,base,abs_pitch_rad,42,0.42,40,33,0.14031087961303995,0.06343990435823796,0.19462180361151643,False
contact_stability,base,abs_pitch_rad,43,0.43,40,33,0.13406396966526515,0.06948891072534044,0.19676079891622097,False
contact_stability,base,abs_pitch_rad,44,0.44,40,33,0.12601161576854064,0.057880691587924846,0.18633275374770158,False
contact_stability,base,abs_pitch_rad,45,0.45,40,33,0.12980948498239744,0.07115474538877616,0.17099322788417365,False
contact_stability,base,abs_pitch_rad,46,0.46,40,33,0.13324764093291008,0.05885262943804261,0.18258535310626123,False
contact_stability,base,abs_pitch_rad,47,0.47000000000000003,40,33,0.122018653815583,0.07564012037590129,0.15996166154742272,False
contact_stability,base,abs_pitch_rad,48,0.48,40,33,0.12519390403828573,0.043504905216396286,0.1747346220910544,False
contact_stability,base,abs_pitch_rad,49,0.49,40,33,0.1269813505752245,0.05006512107327561,0.18887506738305024,False
contact_stability,base,abs_pitch_rad,50,0.5,40,33,0.1417222889518598,0.05071995686739683,0.21731197461485885,False
contact_stability,base,abs_pitch_rad,51,0.51,40,33,0.11323832662930364,0.05264472918584949,0.1623219756037,False
contact_stability,base,abs_pitch_rad,52,0.52,40,33,0.1295816134195775,0.054718163423239805,0.182760327160358,False
contact_stability,base,abs_pitch_rad,53,0.53,40,33,0.13615734637320565,0.06782286815345316,0.18326740425080107,False
contact_stability,base,abs_pitch_rad,54,0.54,40,33,0.17118925448972716,0.10242101639509223,0.24214921496808525,False
contact_stability,base,abs_pitch_rad,55,0.55,40,33,0.11956846404355048,0.056324017466977676,0.15921132378280087,False
contact_stability,base,abs_pitch_rad,56,0.56,40,33,0.13124721756752103,0.06728004399686945,0.18482383862137827,False
contact_stability,base,abs_pitch_rad,57,0.5700000000000001,40,33,0.11495548358591619,0.04230560109950569,0.16676264263689486,False
contact_stability,base,abs_pitch_rad,58,0.58,40,33,0.12292923445612532,0.05073728039860701,0.17870227254927154,False
contact_stability,base,abs_pitch_rad,59,0.59,40,33,0.13677163137181192,0.027274036009330226,0.2052371893450614,False
contact_stability,base,abs_pitch_rad,60,0.6,40,33,0.15498021918348961,0.09063867852091789,0.203170857578516,False
contact_stability,base,abs_pitch_rad,61,0.61,40,33,0.12748503297020214,0.06240182122215553,0.17631396532058785,False
contact_stability,base,abs_pitch_rad,62,0.62,40,33,0.12586554820278262,0.06419073846191167,0.17527832195162762,False
contact_stability,base,abs_pitch_rad,63,0.63,40,33,0.1189561218260204,0.044798718267120265,0.15057069569826143,False
contact_stability,base,abs_pitch_rad,64,0.64,40,33,0.14167515621893106,0.07241779737174603,0.21163408309221193,False
contact_stability,base,abs_pitch_rad,65,0.65,40,33,0.11548401811101934,0.06572103351354638,0.15055131558328883,False
contact_stability,base,abs_pitch_rad,66,0.66,40,33,0.1492128799902277,0.07954599305987411,0.21382817976176774,False
contact_stability,base,abs_pitch_rad,67,0.67,40,33,0.11509822288158449,0.05428464146330759,0.16795032847672725,False
contact_stability,base,abs_pitch_rad,68,0.68,40,33,0.1308072835896164,0.06762675113975922,0.2004741637408738,False
contact_stability,base,abs_pitch_rad,69,0.6900000000000001,40,33,0.13373101501294862,0.06037072896957408,0.17841117613017546,False
contact_stability,base,abs_pitch_rad,70,0.7000000000000001,40,33,0.12471935724141121,0.06321747628971863,0.16238676607608887,False
contact_stability,base,abs_pitch_rad,71,0.71,40,33,0.12911332760266697,0.030868655676024204,0.18886368617415525,False
contact_stability,base,abs_pitch_rad,72,0.72,40,33,0.1307068067602813,0.05782938923686931,0.19623508915305182,False
contact_stability,base,abs_pitch_rad,73,0.73,40,33,0.15369634062051757,0.09621191333979388,0.20217225067317507,False
contact_stability,base,abs_pitch_rad,74,0.74,40,33,0.11956838569173138,0.061812740080058895,0.16951522685587378,False
contact_stability,base,abs_pitch_rad,75,0.75,40,33,0.15208134179119953,0.07099801884032846,0.21584339439868927,False
contact_stability,base,abs_pitch_rad,76,0.76,40,33,0.11786957154003903,0.0487829898297787,0.16948559731245047,False
contact_stability,base,abs_pitch_rad,77,0.77,40,33,0.11622303040796404,0.04392197230132474,0.18822510749101642,False
contact_stability,base,abs_pitch_rad,78,0.78,40,33,0.14383886861195813,0.07064542461186651,0.19755480408668682,False
contact_stability,base,abs_pitch_rad,79,0.79,40,33,0.15862477521132684,0.12277028892189222,0.20860728811472695,False
contact_stability,base,abs_pitch_rad,80,0.8,40,33,0.11606773503386611,0.05539903510361702,0.17514567971229605,False
contact_stability,base,abs_pitch_rad,81,0.81,40,33,0.15728664198471254,0.1087198808975502,0.20436162266880323,False
contact_stability,base,abs_pitch_rad,82,0.8200000000000001,40,33,0.1198925403718607,0.047746886797248506,0.17865439891815435,False
contact_stability,base,abs_pitch_rad,83,0.8300000000000001,40,33,0.11849276159121665,0.04609539811499386,0.19271136365831157,False
contact_stability,base,abs_pitch_rad,84,0.84,40,33,0.14278971480508346,0.07794871468096992,0.18825732171535486,False
contact_stability,base,abs_pitch_rad,85,0.85,40,33,0.1267582317011692,0.04533313652500509,0.20091508720070136,False
contact_stability,base,abs_pitch_rad,86,0.86,40,33,0.14054850487643863,0.07664401989430339,0.18917420864105247,False
contact_stability,base,abs_pitch_rad,87,0.87,40,33,0.11909647308103732,0.06328726382926092,0.16886219590902368,False
contact_stability,base,abs_pitch_rad,88,0.88,40,33,0.13088489972800008,0.0381919026561077,0.19402447208762183,False
contact_stability,base,abs_pitch_rad,89,0.89,40,33,0.1274267349665935,0.05129724646918525,0.19649217132479047,False
contact_stability,base,abs_pitch_rad,90,0.9,40,33,0.13684887021081515,0.07258425746113034,0.18143195696175102,False
contact_stability,base,abs_pitch_rad,91,0.91,40,33,0.1357400794621788,0.08149049470201042,0.1922770866751668,False
contact_stability,base,abs_pitch_rad,92,0.92,40,33,0.12576336315227682,0.07526356801390661,0.1812301273643966,False
contact_stability,base,abs_pitch_rad,93,0.93,40,33,0.1426724054056686,0.06716072186827673,0.21832673400640532,False
contact_stability,base,abs_pitch_rad,94,0.9400000000000001,40,33,0.1417142151501029,0.10049298834055928,0.1815418324619532,False
contact_stability,base,abs_pitch_rad,95,0.9500000000000001,40,33,0.1379403607035058,0.09015744868665969,0.1728229861706492,False
contact_stability,base,abs_pitch_rad,96,0.96,40,33,0.14102028046641504,0.09423656448721734,0.17394761517643953,False
contact_stability,base,abs_pitch_rad,97,0.97,40,33,0.14309792697662485,0.09196365641430101,0.1729788467288017,False
contact_stability,base,abs_pitch_rad,98,0.98,40,33,0.15608710608258844,0.0777501103281974,0.1896392081677912,False
contact_stability,base,abs_pitch_rad,99,0.99,40,33,0.23539116723835457,0.13671521171927495,0.19163901690393703,False
contact_stability,base,abs_pitch_rad,100,1.0,40,33,5.488209861570503e-08,2.37475759057304e-08,7.962233006253427e-08,False
contact_stability,base,angular_velocity_norm,0,0.0,40,33,3.4104538798332213,3.3456735610961914,3.498969554901123,False
contact_stability,base,angular_velocity_norm,1,0.01,40,33,1.4946325837671757,1.391814252436161,1.7024239802360535,False
contact_stability,base,angular_velocity_norm,2,0.02,40,33,1.3631638764292004,0.8492974549531935,1.821347941160202,False
contact_stability,base,angular_velocity_norm,3,0.03,40,33,1.130551317326725,0.6701821058988573,1.4789652678370473,False
contact_stability,base,angular_velocity_norm,4,0.04,40,33,1.269839103639126,0.9114020621776584,1.531810591220856,False
contact_stability,base,angular_velocity_norm,5,0.05,40,33,1.3534764266014099,0.7894952684640881,1.7194838091731068,False
contact_stability,base,angular_velocity_norm,6,0.06,40,33,1.4659740784764288,1.1775796651840211,1.6593528956174861,False
contact_stability,base,angular_velocity_norm,7,0.07,40,33,1.428670986637473,1.1258967812359337,1.612499865293501,False
contact_stability,base,angular_velocity_norm,8,0.08,40,33,1.2531219793558117,1.0722633218765256,1.5429308593273163,False
contact_stability,base,angular_velocity_norm,9,0.09,40,33,1.494124858681113,1.1323157706856726,1.9455059432983413,False
contact_stability,base,angular_velocity_norm,10,0.1,40,33,1.5539339645206924,1.1906012952327725,1.8234739303588865,False
contact_stability,base,angular_velocity_norm,11,0.11,40,33,1.477805227577686,1.2410265976190566,1.696974381208419,False
contact_stability,base,angular_velocity_norm,12,0.12,40,33,1.5654252301454539,1.2246821999549893,1.7297383570671057,False
contact_stability,base,angular_velocity_norm,13,0.13,40,33,1.7958627288043503,1.3504096677899318,2.1157961583137492,False
contact_stability,base,angular_velocity_norm,14,0.14,40,33,1.7806519922912134,1.1627397882938384,2.423890972137449,False
contact_stability,base,angular_velocity_norm,15,0.15,40,33,1.9569784193485975,1.3666562885046005,2.422049671411518,False
contact_stability,base,angular_velocity_norm,16,0.16,40,33,1.9244128257334225,1.3119774973392475,2.338504923582074,False
contact_stability,base,angular_velocity_norm,17,0.17,40,33,2.0336258415728783,1.4002554565668124,2.412966635823249,False
contact_stability,base,angular_velocity_norm,18,0.18,40,33,2.1528570528030393,1.5931019359827017,2.7521745657920844,False
contact_stability,base,angular_velocity_norm,19,0.19,40,33,1.9843981949239964,1.3621525090932851,2.514810910224922,False
contact_stability,base,angular_velocity_norm,20,0.2,40,33,2.0006273648142807,1.454855138063413,2.2622643113136354,False
contact_stability,base,angular_velocity_norm,21,0.21,40,33,1.9705756588280203,1.3741484203934686,2.49529790401458,False
contact_stability,base,angular_velocity_norm,22,0.22,40,33,2.0769444608092313,1.5353987717628477,2.3550591039657585,False
contact_stability,base,angular_velocity_norm,23,0.23,40,33,2.053118674486876,1.4574843004345903,2.504200401902201,False
contact_stability,base,angular_velocity_norm,24,0.24,40,33,2.1921536133885384,1.64480921983719,2.819210150241856,False
contact_stability,base,angular_velocity_norm,25,0.25,40,33,1.8792147234082228,1.1535687297582626,2.3603018671274185,False
contact_stability,base,angular_velocity_norm,26,0.26,40,33,2.2770144677162163,1.630477964282031,2.991941345930099,False
contact_stability,base,angular_velocity_norm,27,0.27,40,33,1.9957271549105662,1.6127813214063629,2.4687194347381602,False
contact_stability,base,angular_velocity_norm,28,0.28,40,33,1.989709301292896,1.3554702317714593,2.573697326183309,False
contact_stability,base,angular_velocity_norm,29,0.29,40,33,2.0718796735107894,1.4902891111373957,2.5522984328865914,False
contact_stability,base,angular_velocity_norm,30,0.3,40,33,2.2712329846620554,1.5074002563953552,2.990658271312701,False
contact_stability,base,angular_velocity_norm,31,0.31,40,33,2.0562742917537693,1.389786033034326,2.4576960766315477,False
contact_stability,base,angular_velocity_norm,32,0.32,40,33,2.423575102925298,1.8313812386989436,2.838343409299879,False
contact_stability,base,angular_velocity_norm,33,0.33,40,33,2.2225669656246914,1.5904090774059307,2.601880865693089,False
contact_stability,base,angular_velocity_norm,34,0.34,40,33,2.3511422352641835,1.6526090073585378,3.099257590770729,False
contact_stability,base,angular_velocity_norm,35,0.35000000000000003,40,33,2.04918142542243,1.6385834723710908,2.4048773109912793,False
contact_stability,base,angular_velocity_norm,36,0.36,40,33,2.0254603484272966,1.40849604010582,2.293315839767457,False
contact_stability,base,angular_velocity_norm,37,0.37,40,33,1.893187252312898,1.5063247498869894,2.18588762611151,False
contact_stability,base,angular_velocity_norm,38,0.38,40,33,2.2642927263081067,1.7102787458896658,2.7567400717735335,False
contact_stability,base,angular_velocity_norm,39,0.39,40,33,2.1632704830765728,1.6178988230228395,2.69383494585753,False
contact_stability,base,angular_velocity_norm,40,0.4,40,33,2.063523968160153,1.541043013334291,2.480777168273934,False
contact_stability,base,angular_velocity_norm,41,0.41000000000000003,40,33,2.2348241031318903,1.6637215471267497,2.6073703038692715,False
contact_stability,base,angular_velocity_norm,42,0.42,40,33,2.103805948197841,1.615955169200897,2.722507085800165,False
contact_stability,base,angular_velocity_norm,43,0.43,40,33,2.1176369021683947,1.5908043906092635,2.3513782146573083,False
contact_stability,base,angular_velocity_norm,44,0.44,40,33,2.0999655731916413,1.5126879131793984,2.6893474292755113,False
contact_stability,base,angular_velocity_norm,45,0.45,40,33,2.122356787174941,1.507477842271334,2.495540869235996,False
contact_stability,base,angular_velocity_norm,46,0.46,40,33,2.1357303105294703,1.4829626041650763,2.5008321857452427,False
contact_stability,base,angular_velocity_norm,47,0.47000000000000003,40,33,2.229916842736303,1.6719895869493238,2.674206996560113,False
contact_stability,base,angular_velocity_norm,48,0.48,40,33,2.170598583519459,1.7769730055332176,2.585260531902313,False
contact_stability,base,angular_velocity_norm,49,0.49,40,33,2.069769757390021,1.4072862446308116,2.4547312742471687,False
contact_stability,base,angular_velocity_norm,50,0.5,40,33,2.137360541522503,1.6020957678556442,2.5880951285362244,False
contact_stability,base,angular_velocity_norm,51,0.51,40,33,2.2339510203897945,1.6335690063238066,2.6085105443000742,False
contact_stability,base,angular_velocity_norm,52,0.52,40,33,2.144956580817702,1.693280835151677,2.684769933223719,False
contact_stability,base,angular_velocity_norm,53,0.53,40,33,2.3449283470213356,1.662601705491534,3.155746082067464,False
contact_stability,base,angular_velocity_norm,54,0.54,40,33,2.1047301269173575,1.603822404146193,2.485899353027341,False
contact_stability,base,angular_velocity_norm,55,0.55,40,33,2.136964094191783,1.7197265222668587,2.442099601030364,False
contact_stability,base,angular_velocity_norm,56,0.56,40,33,2.0690962121486605,1.4379011523723473,2.5977131342887887,False
contact_stability,base,angular_velocity_norm,57,0.5700000000000001,40,33,2.093756402224306,1.542409456670274,2.2231028878688948,False
contact_stability,base,angular_velocity_norm,58,0.58,40,33,2.0586204001605473,1.374678109884242,2.528148461580277,False
contact_stability,base,angular_velocity_norm,59,0.59,40,33,2.0191554699838186,1.646909914612769,2.2720623067021326,False
contact_stability,base,angular_velocity_norm,60,0.6,40,33,1.9795296052098312,1.5283786594867705,2.345382559299459,False
contact_stability,base,angular_velocity_norm,61,0.61,40,33,2.0157898113280543,1.5771496412158035,2.5701067817211163,False
contact_stability,base,angular_velocity_norm,62,0.62,40,33,2.1969373431503754,1.6631995999813083,2.732274253368384,False
contact_stability,base,angular_velocity_norm,63,0.63,40,33,2.29422354990244,1.6294171544909455,2.985467272996902,False
contact_stability,base,angular_velocity_norm,64,0.64,40,33,2.1006380774378814,1.589657975435248,2.6957592988014216,False
contact_stability,base,angular_velocity_norm,65,0.65,40,33,2.0931896338798137,1.4926719129085708,2.4725582718849264,False
contact_stability,base,angular_velocity_norm,66,0.66,40,33,1.9078140609562368,1.464724583029746,2.2073143160343043,False
contact_stability,base,angular_velocity_norm,67,0.67,40,33,2.1012536420449575,1.5105326676368682,2.6449079930782275,False
contact_stability,base,angular_velocity_norm,68,0.68,40,33,2.2919285725355145,1.704241664409635,2.8785140919685617,False
contact_stability,base,angular_velocity_norm,69,0.6900000000000001,40,33,2.3228295619487747,1.613789044916673,2.829347198605545,False
contact_stability,base,angular_velocity_norm,70,0.7000000000000001,40,33,2.291984137594701,1.7038986265659428,2.72276491522793,False
contact_stability,base,angular_velocity_norm,71,0.71,40,33,2.268739063620573,1.6866409331560253,2.7498068636655977,False
contact_stability,base,angular_velocity_norm,72,0.72,40,33,2.270004468739038,1.6742578566074482,2.6056414341926657,False
contact_stability,base,angular_velocity_norm,73,0.73,40,33,2.3472729096412617,1.614119232892992,2.8507280540466162,False
contact_stability,base,angular_velocity_norm,74,0.74,40,33,1.9401117817461475,1.4635747885703956,2.546000424623495,False
contact_stability,base,angular_velocity_norm,75,0.75,40,33,2.1995140999555587,1.512595385313034,2.6776902154087887,False
contact_stability,base,angular_velocity_norm,76,0.76,40,33,2.0184031678438186,1.5824455201625676,2.427415624856967,False
contact_stability,base,angular_velocity_norm,77,0.77,40,33,2.0475509656369693,1.4747327113151418,2.47275503963232,False
contact_stability,base,angular_velocity_norm,78,0.78,40,33,2.342826923191546,1.6606439852714365,2.9596110987663167,False
contact_stability,base,angular_velocity_norm,79,0.79,40,33,2.4467759480774376,1.8318131721019582,3.019237910509101,False
contact_stability,base,angular_velocity_norm,80,0.8,40,33,2.109065484404562,1.592049950361248,2.489411878585809,False
contact_stability,base,angular_velocity_norm,81,0.81,40,33,2.143887832045549,1.5417778640985413,2.8670208978652756,False
contact_stability,base,angular_velocity_norm,82,0.8200000000000001,40,33,2.1143980176448847,1.606829047203074,2.539068695306804,False
contact_stability,base,angular_velocity_norm,83,0.8300000000000001,40,33,1.9958741870224443,1.5122506475448496,2.348862858712632,False
contact_stability,base,angular_velocity_norm,84,0.84,40,33,2.2546202545166047,1.5837784636020757,2.8373559856414223,False
contact_stability,base,angular_velocity_norm,85,0.85,40,33,2.014332465007901,1.523462930321684,2.4622534036636203,False
contact_stability,base,angular_velocity_norm,86,0.86,40,33,2.138039837270975,1.3781616282463203,2.8105514788627595,False
contact_stability,base,angular_velocity_norm,87,0.87,40,33,2.275880339503291,1.6090829128026924,2.8055026537179906,False
contact_stability,base,angular_velocity_norm,88,0.88,40,33,2.13694643944502,1.5320641648769402,2.610843009948728,False
contact_stability,base,angular_velocity_norm,89,0.89,40,33,2.3599470618218175,1.717967808246617,2.829976991415013,False
contact_stability,base,angular_velocity_norm,90,0.9,40,33,2.1298732322454472,1.5137585699558258,2.350872230529796,False
contact_stability,base,angular_velocity_norm,91,0.91,40,33,2.2180735229402844,1.7471906799077985,2.7321912223101235,False
contact_stability,base,angular_velocity_norm,92,0.92,40,33,2.2121624520421,1.6866702127456732,2.8368588232994205,False
contact_stability,base,angular_velocity_norm,93,0.93,40,33,1.9344730827957317,1.3529021716117509,2.2841894042491995,False
contact_stability,base,angular_velocity_norm,94,0.9400000000000001,40,33,1.816828094452624,1.2546984064579036,2.34647070884706,False
contact_stability,base,angular_velocity_norm,95,0.9500000000000001,40,33,1.7804122853279083,1.2115728318691423,2.257285994291307,False
contact_stability,base,angular_velocity_norm,96,0.96,40,33,1.772963607549674,1.3015174138545922,2.05606876969338,False
contact_stability,base,angular_velocity_norm,97,0.97,40,33,1.7915258635133486,1.1913985589146956,2.107710073590275,False
contact_stability,base,angular_velocity_norm,98,0.98,40,33,2.1846362462043727,1.328356794118883,2.3936203742027238,False
contact_stability,base,angular_velocity_norm,99,0.99,40,33,2.5277359958440067,1.2914347484707918,2.4710762888193143,False
contact_stability,base,angular_velocity_norm,100,1.0,40,33,0.0,0.0,0.0,False
contact_stability,base,cbf_correction_norm,0,0.0,40,33,3.5437611067834496e-08,1.4901161193847656e-08,6.009737063550347e-08,False
contact_stability,base,cbf_correction_norm,1,0.01,40,33,3.334774795549223e-08,2.0409076522120987e-08,4.425518937534178e-08,False
contact_stability,base,cbf_correction_norm,2,0.02,40,33,3.580634271793671e-08,2.07476235303261e-08,5.430429190766972e-08,False
contact_stability,base,cbf_correction_norm,3,0.03,40,33,4.971973364065185e-08,3.180543153291638e-08,6.594869233822463e-08,False
contact_stability,base,cbf_correction_norm,4,0.04,40,33,4.773956933146194e-08,3.176544637994992e-08,6.376219879200563e-08,False
contact_stability,base,cbf_correction_norm,5,0.05,40,33,4.9022144044119643e-08,3.256935592332877e-08,6.42991826005356e-08,False
contact_stability,base,cbf_correction_norm,6,0.06,40,33,4.446756068055002e-08,2.4053753895358905e-08,6.03061775450442e-08,False
contact_stability,base,cbf_correction_norm,7,0.07,40,33,0.0015862311859195482,3.149817064951299e-08,7.332844274010593e-08,False
contact_stability,base,cbf_correction_norm,8,0.08,40,33,0.0018153780239760144,3.3370193186499356e-08,6.951351636530485e-08,False
contact_stability,base,cbf_correction_norm,9,0.09,40,33,0.004044106989822471,3.4832220179303754e-08,8.537963977595091e-08,False
contact_stability,base,cbf_correction_norm,10,0.1,40,33,0.024530325644852746,3.573588944760787e-08,1.1099082115606504e-07,False
contact_stability,base,cbf_correction_norm,11,0.11,40,33,0.022933313923240294,4.7095481683356824e-08,1.2983228010909896e-07,False
contact_stability,base,cbf_correction_norm,12,0.12,40,33,0.0036733100768649046,4.204283797548681e-08,9.073008328641664e-08,False
contact_stability,base,cbf_correction_norm,13,0.13,40,33,0.007361682781988467,4.856534493669086e-08,1.220340825724973e-07,False
contact_stability,base,cbf_correction_norm,14,0.14,40,33,0.014574266720412826,5.2487192352401785e-08,1.1668574270373735e-07,False
contact_stability,base,cbf_correction_norm,15,0.15,40,33,0.010235460840607405,5.327167125201983e-08,1.0455049084257001e-07,False
contact_stability,base,cbf_correction_norm,16,0.16,40,33,0.010506434609980264,4.26359356708872e-08,8.849199623739428e-08,False
contact_stability,base,cbf_correction_norm,17,0.17,40,33,0.002897889524661165,4.254470598930026e-08,7.460280405879875e-08,False
contact_stability,base,cbf_correction_norm,18,0.18,40,33,0.007380169451831636,3.3764098557043054e-08,1.0003934878710622e-07,False
contact_stability,base,cbf_correction_norm,19,0.19,40,33,0.0001694852627685965,3.387557392819924e-08,7.333937208642284e-08,False
contact_stability,base,cbf_correction_norm,20,0.2,40,33,7.212271299295028e-08,5.215142682146734e-08,8.25246367242015e-08,False
contact_stability,base,cbf_correction_norm,21,0.21,40,33,0.006892051163791655,4.911655170580797e-08,8.307329895984621e-08,False
contact_stability,base,cbf_correction_norm,22,0.22,40,33,6.601254631366513e-08,3.940947216563063e-08,7.826206520178391e-08,False
contact_stability,base,cbf_correction_norm,23,0.23,40,33,0.003699652783204343,4.812483152427695e-08,8.574016833406969e-08,False
contact_stability,base,cbf_correction_norm,24,0.24,40,33,0.00762151965886568,3.590014699739187e-08,9.682127583232669e-08,False
contact_stability,base,cbf_correction_norm,25,0.25,40,33,7.557141721292742e-08,6.129125951215233e-08,9.429074232514267e-08,False
contact_stability,base,cbf_correction_norm,26,0.26,40,33,7.090456004421573e-08,3.827388029620249e-08,8.716974029709973e-08,False
contact_stability,base,cbf_correction_norm,27,0.27,40,33,6.537098841508105e-08,3.767491744355284e-08,8.985479670542425e-08,False
contact_stability,base,cbf_correction_norm,28,0.28,40,33,0.0033905490951774983,2.9685675428937853e-08,9.23976435274209e-08,False
contact_stability,base,cbf_correction_norm,29,0.29,40,33,0.003347397958674122,5.0142316689871445e-08,9.378121731629121e-08,False
contact_stability,base,cbf_correction_norm,30,0.3,40,33,0.0013012824625023554,5.334344770346896e-08,1.075288347252013e-07,False
contact_stability,base,cbf_correction_norm,31,0.31,40,33,0.005892514860230268,3.526463317360399e-08,1.05891986201812e-07,False
contact_stability,base,cbf_correction_norm,32,0.32,40,33,0.003681800177694615,5.345728652628135e-08,1.242292680103673e-07,False
contact_stability,base,cbf_correction_norm,33,0.33,40,33,6.721799678555143e-08,4.340890037646256e-08,7.93879444493937e-08,False
contact_stability,base,cbf_correction_norm,34,0.34,40,33,0.005860781093772332,4.137558530459289e-08,9.73084234345835e-08,False
contact_stability,base,cbf_correction_norm,35,0.35000000000000003,40,33,6.814732400384223e-08,5.215817466819234e-08,7.738432148407472e-08,False
contact_stability,base,cbf_correction_norm,36,0.36,40,33,1.0597186094988762e-05,5.523289093645194e-08,9.772306299282706e-08,False
contact_stability,base,cbf_correction_norm,37,0.37,40,33,0.004564622170278221,4.5195594609026575e-08,9.81680796208198e-08,False
contact_stability,base,cbf_correction_norm,38,0.38,40,33,0.0014931981152417752,5.173215946285836e-08,1.0797837981968518e-07,False
contact_stability,base,cbf_correction_norm,39,0.39,40,33,6.816936409137495e-08,4.3655642052442876e-08,8.729257702455584e-08,False
contact_stability,base,cbf_correction_norm,40,0.4,40,33,0.004497664356404057,4.700823623693402e-08,9.61384504449826e-08,False
contact_stability,base,cbf_correction_norm,41,0.41000000000000003,40,33,0.0032756080473189167,4.8134283945347e-08,1.0428668661077672e-07,False
contact_stability,base,cbf_correction_norm,42,0.42,40,33,7.912021948132754e-05,3.486522885509659e-08,8.566128925302555e-08,False
contact_stability,base,cbf_correction_norm,43,0.43,40,33,0.0029854781189121624,4.9154880485957625e-08,8.934048842057572e-08,False
contact_stability,base,cbf_correction_norm,44,0.44,40,33,0.005536209860035205,4.994245955458578e-08,8.513996455405968e-08,False
contact_stability,base,cbf_correction_norm,45,0.45,40,33,0.0001496307479983097,5.510803435804267e-08,9.15248821620197e-08,False
contact_stability,base,cbf_correction_norm,46,0.46,40,33,0.008522066027144788,3.7343023784331224e-08,9.182597782597707e-08,False
contact_stability,base,cbf_correction_norm,47,0.47000000000000003,40,33,8.054115802491371e-05,4.814643327577521e-08,1.1393019317296225e-07,False
contact_stability,base,cbf_correction_norm,48,0.48,40,33,0.0010445888681361207,3.284174002082791e-08,8.958129789959878e-08,False
contact_stability,base,cbf_correction_norm,49,0.49,40,33,0.00024034070432882244,4.640091064267406e-08,9.117097889088641e-08,False
contact_stability,base,cbf_correction_norm,50,0.5,40,33,5.379784585590744e-08,3.3961155221362553e-08,7.517542321977544e-08,False
contact_stability,base,cbf_correction_norm,51,0.51,40,33,8.222699071347446e-08,5.46824052349853e-08,1.0111590881933817e-07,False
contact_stability,base,cbf_correction_norm,52,0.52,40,33,0.0025523081705695356,3.5988213049620463e-08,7.993706876874266e-08,False
contact_stability,base,cbf_correction_norm,53,0.53,40,33,6.753759866562353e-08,4.7655004919986175e-08,7.939300674664198e-08,False
contact_stability,base,cbf_correction_norm,54,0.54,40,33,0.00946989196397396,5.144324788819324e-08,9.12462099833533e-08,False
contact_stability,base,cbf_correction_norm,55,0.55,40,33,6.507728272042657e-08,4.323261437733246e-08,8.506466073754306e-08,False
contact_stability,base,cbf_correction_norm,56,0.56,40,33,0.0021786639333292767,3.783964107384499e-08,1.029049636258627e-07,False
contact_stability,base,cbf_correction_norm,57,0.5700000000000001,40,33,0.0005812898600395544,3.3633943945510176e-08,8.75519102017115e-08,False
contact_stability,base,cbf_correction_norm,58,0.58,40,33,0.010725369542893135,4.628967185560372e-08,7.998110682194688e-08,False
contact_stability,base,cbf_correction_norm,59,0.59,40,33,6.697705006930598e-08,4.0310296878231616e-08,8.46957761169166e-08,False
contact_stability,base,cbf_correction_norm,60,0.6,40,33,0.013018887651081992,5.0312955046649814e-08,9.241980087892916e-08,False
contact_stability,base,cbf_correction_norm,61,0.61,40,33,0.003661061322377622,3.58366642139175e-08,8.577719645686027e-08,False
contact_stability,base,cbf_correction_norm,62,0.62,40,33,0.0006655503465675293,4.893510812564773e-08,1.09982942753105e-07,False
contact_stability,base,cbf_correction_norm,63,0.63,40,33,0.0012717114414839321,5.362117324825251e-08,9.131040410892437e-08,False
contact_stability,base,cbf_correction_norm,64,0.64,40,33,0.005713065164347028,5.313336442824885e-08,9.102019795648144e-08,False
contact_stability,base,cbf_correction_norm,65,0.65,40,33,6.517675657291553e-08,3.8846786343249205e-08,7.438821754135444e-08,False
contact_stability,base,cbf_correction_norm,66,0.66,40,33,0.0016694419513862125,5.3763125507088556e-08,1.0732502531140948e-07,False
contact_stability,base,cbf_correction_norm,67,0.67,40,33,6.767546005542748e-08,4.101424035063475e-08,9.379151705957128e-08,False
contact_stability,base,cbf_correction_norm,68,0.68,40,33,7.060982461348733e-08,4.9947233549118975e-08,8.374062197447102e-08,False
contact_stability,base,cbf_correction_norm,69,0.6900000000000001,40,33,0.001578616514097075,5.029804808209968e-08,9.115487763722098e-08,False
contact_stability,base,cbf_correction_norm,70,0.7000000000000001,40,33,6.526876659140895e-08,4.609172847836082e-08,7.610686987291742e-08,False
contact_stability,base,cbf_correction_norm,71,0.71,40,33,7.003131833194233e-08,4.3913862377563316e-08,8.701480846085037e-08,False
contact_stability,base,cbf_correction_norm,72,0.72,40,33,0.0001651174751816622,4.281316128285043e-08,9.840731038934752e-08,False
contact_stability,base,cbf_correction_norm,73,0.73,40,33,0.003945059224446094,4.484202567045464e-08,8.648673446742768e-08,False
contact_stability,base,cbf_correction_norm,74,0.74,40,33,0.0046668392045219,5.4541249614459506e-08,8.297556466807484e-08,False
contact_stability,base,cbf_correction_norm,75,0.75,40,33,5.5724847475291414e-08,3.368599532649341e-08,7.845636007530739e-08,False
contact_stability,base,cbf_correction_norm,76,0.76,40,33,6.894370170096313e-08,4.9907571728624694e-08,8.856102958531986e-08,False
contact_stability,base,cbf_correction_norm,77,0.77,40,33,0.004844204004624013,3.88265021378232e-08,7.883332894920087e-08,False
contact_stability,base,cbf_correction_norm,78,0.78,40,33,0.00574739134999743,6.191789154286197e-08,1.1168138868811146e-07,False
contact_stability,base,cbf_correction_norm,79,0.79,40,33,5.940292041802134e-05,5.4308840069518325e-08,9.34880230829545e-08,False
contact_stability,base,cbf_correction_norm,80,0.8,40,33,7.203016821666353e-08,3.892478783740111e-08,9.540577501354675e-08,False
contact_stability,base,cbf_correction_norm,81,0.81,40,33,0.001481670358188813,5.342397830788117e-08,8.555927443865087e-08,False
contact_stability,base,cbf_correction_norm,82,0.8200000000000001,40,33,6.488793665848685e-08,4.696547813764939e-08,7.807970973771589e-08,False
contact_stability,base,cbf_correction_norm,83,0.8300000000000001,40,33,0.004246341064213833,5.965674183983076e-08,1.024436871333036e-07,False
contact_stability,base,cbf_correction_norm,84,0.84,40,33,6.901632208222709e-08,4.245977121897281e-08,8.911058372973428e-08,False
contact_stability,base,cbf_correction_norm,85,0.85,40,33,0.0014527531250642144,4.883765813978921e-08,9.662416839972764e-08,False
contact_stability,base,cbf_correction_norm,86,0.86,40,33,0.0009244763406845898,4.491759689528905e-08,8.968870247372349e-08,False
contact_stability,base,cbf_correction_norm,87,0.87,40,33,0.0058094727115203726,3.781317579054688e-08,7.44612922254367e-08,False
contact_stability,base,cbf_correction_norm,88,0.88,40,33,0.006679012769073099,4.579164574636194e-08,9.442545177762442e-08,False
contact_stability,base,cbf_correction_norm,89,0.89,40,33,7.413569522096662e-08,4.707281298976829e-08,9.53396607528133e-08,False
contact_stability,base,cbf_correction_norm,90,0.9,40,33,6.749629634539296e-08,3.904486218786439e-08,8.679542595757564e-08,False
contact_stability,base,cbf_correction_norm,91,0.91,40,33,7.300858241654494e-08,4.1592413690949116e-08,8.720220119329286e-08,False
contact_stability,base,cbf_correction_norm,92,0.92,40,33,0.0046452155568736594,5.6418737610643405e-08,9.96008142095649e-08,False
contact_stability,base,cbf_correction_norm,93,0.93,40,33,0.00035268744773838507,3.0534459800613727e-08,7.574182782299574e-08,False
contact_stability,base,cbf_correction_norm,94,0.9400000000000001,40,33,0.004053310960314549,3.2164338925610603e-08,7.74146560189602e-08,False
contact_stability,base,cbf_correction_norm,95,0.9500000000000001,40,33,0.03135809700057891,3.2897996105063445e-08,7.424524186560879e-08,False
contact_stability,base,cbf_correction_norm,96,0.96,40,33,0.00799367882749912,3.506637401784517e-08,7.617253977798428e-08,False
contact_stability,base,cbf_correction_norm,97,0.97,40,33,0.04308414748374613,3.625298039100528e-08,8.344153979322684e-08,False
contact_stability,base,cbf_correction_norm,98,0.98,40,33,0.017238847297103743,3.8149959138422823e-08,7.257505615143553e-08,False
contact_stability,base,cbf_correction_norm,99,0.99,40,33,0.019785590298322317,2.950069924345695e-08,6.853789130900603e-08,False
contact_stability,base,cbf_correction_norm,100,1.0,40,33,0.0,0.0,0.0,False
contact_stability,control,maximum_slip_speed,0,0.0,40,31,0.0,0.0,0.0,False
contact_stability,control,maximum_slip_speed,1,0.01,40,31,0.07007878533285113,0.041265354389324785,0.09364291585981847,False
contact_stability,control,maximum_slip_speed,2,0.02,40,31,0.11928222674014981,0.03499575093388557,0.15608070082962514,False
contact_stability,control,maximum_slip_speed,3,0.03,40,31,0.1211282535470091,0.02160716377198696,0.19409807544201613,False
contact_stability,control,maximum_slip_speed,4,0.04,40,31,0.06198364174237937,0.01607723880559206,0.10216253831982632,False
contact_stability,control,maximum_slip_speed,5,0.05,40,31,0.16375151498068594,0.01774672515457496,0.365523149073124,False
contact_stability,control,maximum_slip_speed,6,0.06,40,31,0.10148154523863913,0.010105616366490742,0.08660560994408997,False
contact_stability,control,maximum_slip_speed,7,0.07,40,31,0.12306058468710412,0.018151330645196057,0.20698355838656346,False
contact_stability,control,maximum_slip_speed,8,0.08,40,31,0.0763305465338053,0.012677143067121512,0.10535096667706965,False
contact_stability,control,maximum_slip_speed,9,0.09,40,31,0.11809968840051463,0.0255271498207003,0.16726556769572265,False
contact_stability,control,maximum_slip_speed,10,0.1,40,31,0.14168630989937805,0.018800590990576987,0.20623723138123706,False
contact_stability,control,maximum_slip_speed,11,0.11,40,31,0.09092256190630739,0.00885929163661785,0.11813866214826811,False
contact_stability,control,maximum_slip_speed,12,0.12,40,31,0.2088007709307133,0.04137476995587371,0.3000686731934545,False
contact_stability,control,maximum_slip_speed,13,0.13,40,31,0.19836690946889607,0.013818206614814678,0.2950160550698637,False
contact_stability,control,maximum_slip_speed,14,0.14,40,31,0.20168596745445413,0.056897356100380395,0.30586530268192313,False
contact_stability,control,maximum_slip_speed,15,0.15,40,31,0.20533919063862388,0.026363230007700605,0.243373881839216,False
contact_stability,control,maximum_slip_speed,16,0.16,40,31,0.23282891965517805,0.07896443866193309,0.25950577139854336,False
contact_stability,control,maximum_slip_speed,17,0.17,40,31,0.20911676530190756,0.06340745765715847,0.24457675926387312,False
contact_stability,control,maximum_slip_speed,18,0.18,40,31,0.2845742896419251,0.03554602679796563,0.40622788948938326,False
contact_stability,control,maximum_slip_speed,19,0.19,40,31,0.22138514580472832,0.04766587775200602,0.28703415490686757,False
contact_stability,control,maximum_slip_speed,20,0.2,40,31,0.2372409499203803,0.06402580216526989,0.2943663731217378,False
contact_stability,control,maximum_slip_speed,21,0.21,40,31,0.20507026304490875,0.05447511864826034,0.30275377195328657,False
contact_stability,control,maximum_slip_speed,22,0.22,40,31,0.19210096350125977,0.04669348818250007,0.26438365340232506,False
contact_stability,control,maximum_slip_speed,23,0.23,40,31,0.1786726291216906,0.07003230406437087,0.25445221837609994,False
contact_stability,control,maximum_slip_speed,24,0.24,40,31,0.15847639179229756,0.04642359875142566,0.2024514771997924,False
contact_stability,control,maximum_slip_speed,25,0.25,40,31,0.2795394314714933,0.04706973372958616,0.3840426513925195,False
contact_stability,control,maximum_slip_speed,26,0.26,40,31,0.23914278872287859,0.07445373525842988,0.2611875188350675,False
contact_stability,control,maximum_slip_speed,27,0.27,40,31,0.2127277986206466,0.045714528653769765,0.1843090819567448,False
contact_stability,control,maximum_slip_speed,28,0.28,40,31,0.27064537474885786,0.06885314747691357,0.31253419138491456,False
contact_stability,control,maximum_slip_speed,29,0.29,40,31,0.19507549148984282,0.04601517143659295,0.27492648415267545,False
contact_stability,control,maximum_slip_speed,30,0.3,40,31,0.2533653513347952,0.04556199871003433,0.27878005802631034,False
contact_stability,control,maximum_slip_speed,31,0.31,40,31,0.2441199345649799,0.07904122220352228,0.3373177838325493,False
contact_stability,control,maximum_slip_speed,32,0.32,40,31,0.1980674082292254,0.06252755101770176,0.2637221450358644,False
contact_stability,control,maximum_slip_speed,33,0.33,40,31,0.24399732063690283,0.06948787373491332,0.37453529611229436,False
contact_stability,control,maximum_slip_speed,34,0.34,40,31,0.2653865002656822,0.05903964135795789,0.30350263521075205,False
contact_stability,control,maximum_slip_speed,35,0.35000000000000003,40,31,0.24483569217846082,0.0627599743194891,0.25664123427124685,False
contact_stability,control,maximum_slip_speed,36,0.36,40,31,0.2223988801557562,0.08862702228128866,0.23379623502493088,False
contact_stability,control,maximum_slip_speed,37,0.37,40,31,0.19307594024226934,0.05199384749401373,0.19473038769793294,False
contact_stability,control,maximum_slip_speed,38,0.38,40,31,0.2698154057958162,0.0713293380290272,0.2777586014568776,False
contact_stability,control,maximum_slip_speed,39,0.39,40,31,0.2690783328677073,0.0427214202564208,0.23472353557124834,False
contact_stability,control,maximum_slip_speed,40,0.4,40,31,0.2753652347158662,0.07548794299364071,0.3011342495679809,False
contact_stability,control,maximum_slip_speed,41,0.41000000000000003,40,31,0.14314567643334233,0.03569376147352058,0.1553810930997156,False
contact_stability,control,maximum_slip_speed,42,0.42,40,31,0.3738484728485323,0.07287703067995725,0.4359634511172749,False
contact_stability,control,maximum_slip_speed,43,0.43,40,31,0.19269874820485622,0.08642283977475147,0.21415573870763063,False
contact_stability,control,maximum_slip_speed,44,0.44,40,31,0.20233123133005648,0.04767822068184599,0.25816123880446007,False
contact_stability,control,maximum_slip_speed,45,0.45,40,31,0.32556412096833803,0.062200105283409544,0.29707616055383723,False
contact_stability,control,maximum_slip_speed,46,0.46,40,31,0.22703625148581236,0.061025169081985735,0.2463705265522016,False
contact_stability,control,maximum_slip_speed,47,0.47000000000000003,40,31,0.1790713110552754,0.050104546286168825,0.30694917105138214,False
contact_stability,control,maximum_slip_speed,48,0.48,40,31,0.2390768412821942,0.03871495561674163,0.34694298848509886,False
contact_stability,control,maximum_slip_speed,49,0.49,40,31,0.19775532890087894,0.06407805233262495,0.2613199359923586,False
contact_stability,control,maximum_slip_speed,50,0.5,40,31,0.2293692357488911,0.049360220320522785,0.26670611649751674,False
contact_stability,control,maximum_slip_speed,51,0.51,40,31,0.2573032723751383,0.07341360481455896,0.38515783080831184,False
contact_stability,control,maximum_slip_speed,52,0.52,40,31,0.202174392027317,0.04808683317155012,0.18773210376501442,False
contact_stability,control,maximum_slip_speed,53,0.53,40,31,0.21573146581388009,0.05455520629882797,0.26153679847717276,False
contact_stability,control,maximum_slip_speed,54,0.54,40,31,0.13132208810304216,0.043473980315029595,0.19756423585119995,False
contact_stability,control,maximum_slip_speed,55,0.55,40,31,0.195708166091356,0.04593910286202802,0.16977741420269554,False
contact_stability,control,maximum_slip_speed,56,0.56,40,31,0.16941852923296402,0.06093640495091525,0.23007832035422535,False
contact_stability,control,maximum_slip_speed,57,0.5700000000000001,40,31,0.2526120236734884,0.052945874221622294,0.3706742010265609,False
contact_stability,control,maximum_slip_speed,58,0.58,40,31,0.1711744755865085,0.060809934316204614,0.20891563403419883,False
contact_stability,control,maximum_slip_speed,59,0.59,40,31,0.22961053961887626,0.07883836860768395,0.31348314387722126,False
contact_stability,control,maximum_slip_speed,60,0.6,40,31,0.23079198435181686,0.05635088160634065,0.28117439895868335,False
contact_stability,control,maximum_slip_speed,61,0.61,40,31,0.23483395554055683,0.061539995563216716,0.25844345100224336,False
contact_stability,control,maximum_slip_speed,62,0.62,40,31,0.2093808759304212,0.05288227107375817,0.23601102270186,False
contact_stability,control,maximum_slip_speed,63,0.63,40,31,0.20485648557418643,0.060118184294551874,0.21445866249502016,False
contact_stability,control,maximum_slip_speed,64,0.64,40,31,0.2337546679154018,0.08749200370162752,0.2474609135091295,False
contact_stability,control,maximum_slip_speed,65,0.65,40,31,0.24622712231241276,0.05778432381339216,0.38667331188918225,False
contact_stability,control,maximum_slip_speed,66,0.66,40,31,0.20439236799906788,0.048641911111772435,0.2270725645869915,False
contact_stability,control,maximum_slip_speed,67,0.67,40,31,0.1866431178899928,0.04582463993690914,0.1772830633074126,False
contact_stability,control,maximum_slip_speed,68,0.68,40,31,0.2066643609949373,0.06913907364010988,0.320822989940637,False
contact_stability,control,maximum_slip_speed,69,0.6900000000000001,40,31,0.19923686383164185,0.042491070055405644,0.20319837629794943,False
contact_stability,control,maximum_slip_speed,70,0.7000000000000001,40,31,0.19498561077052728,0.06284853946417385,0.22172084376216003,False
contact_stability,control,maximum_slip_speed,71,0.71,40,31,0.23175650166244513,0.08583673277303254,0.27169637655839063,False
contact_stability,control,maximum_slip_speed,72,0.72,40,31,0.15991728307865663,0.05155358184128949,0.21263800492510268,False
contact_stability,control,maximum_slip_speed,73,0.73,40,31,0.17305029575555492,0.04683228626847262,0.1883554623648394,False
contact_stability,control,maximum_slip_speed,74,0.74,40,31,0.20774725409597208,0.054800514541566,0.2958878576755605,False
contact_stability,control,maximum_slip_speed,75,0.75,40,31,0.22643395146878897,0.06544464407488704,0.26342728734016163,False
contact_stability,control,maximum_slip_speed,76,0.76,40,31,0.1987698739012715,0.07514627948403364,0.2407780758850254,False
contact_stability,control,maximum_slip_speed,77,0.77,40,31,0.18059290248923834,0.055739857172592375,0.29202547747641816,False
contact_stability,control,maximum_slip_speed,78,0.78,40,31,0.15464550422131984,0.063390964232385,0.22320992447435187,False
contact_stability,control,maximum_slip_speed,79,0.79,40,31,0.25355422585736964,0.08280142310075517,0.33195289503782394,False
contact_stability,control,maximum_slip_speed,80,0.8,40,31,0.26598869759589194,0.07499486990272997,0.320122414827347,False
contact_stability,control,maximum_slip_speed,81,0.81,40,31,0.2793093480187319,0.07856566008180338,0.2820104123652364,False
contact_stability,control,maximum_slip_speed,82,0.8200000000000001,40,31,0.20400238037994262,0.04909125125035396,0.2507806430011932,False
contact_stability,control,maximum_slip_speed,83,0.8300000000000001,40,31,0.20426078090396835,0.07064663391560078,0.2296946474909784,False
contact_stability,control,maximum_slip_speed,84,0.84,40,31,0.1720689299236992,0.046988430842750895,0.20222007468343012,False
contact_stability,control,maximum_slip_speed,85,0.85,40,31,0.14420295302290437,0.048677819129078974,0.19831067416817,False
contact_stability,control,maximum_slip_speed,86,0.86,40,31,0.21749695317260861,0.08830603809095872,0.3339501796662788,False
contact_stability,control,maximum_slip_speed,87,0.87,40,31,0.16535339021822554,0.06415070801042083,0.19402450680733183,False
contact_stability,control,maximum_slip_speed,88,0.88,40,31,0.21310198934422941,0.08409147046506381,0.24889056652784694,False
contact_stability,control,maximum_slip_speed,89,0.89,40,31,0.1845507514796913,0.04560010844841589,0.21428958326578018,False
contact_stability,control,maximum_slip_speed,90,0.9,40,31,0.20002062555402386,0.06949449218809547,0.24513907432556215,False
contact_stability,control,maximum_slip_speed,91,0.91,40,31,0.1508657886411516,0.03820228887721798,0.1500481653958533,False
contact_stability,control,maximum_slip_speed,92,0.92,40,31,0.19029041923023718,0.051514931358396604,0.21430886089802115,False
contact_stability,control,maximum_slip_speed,93,0.93,40,31,0.250216760468202,0.042667648876085575,0.4297857655585051,False
contact_stability,control,maximum_slip_speed,94,0.9400000000000001,40,31,0.22867214834876584,0.023760164715346917,0.3292259817570293,False
contact_stability,control,maximum_slip_speed,95,0.9500000000000001,40,31,0.15127604503607123,0.03213957615662295,0.17220605760813273,False
contact_stability,control,maximum_slip_speed,96,0.96,40,31,0.2352629549967825,0.044524166416377284,0.380658280812205,False
contact_stability,control,maximum_slip_speed,97,0.97,40,31,0.1636305578852175,0.016823491500690534,0.14831474361941333,False
contact_stability,control,maximum_slip_speed,98,0.98,40,31,0.14983930758642952,0.015119314184412366,0.2788517673313619,False
contact_stability,control,maximum_slip_speed,99,0.99,40,31,0.12486884831555722,0.017508047670125933,0.14238823041318652,False
contact_stability,control,maximum_slip_speed,100,1.0,40,31,0.0,0.0,0.0,False
contact_stability,control,contact_phase_mismatch,0,0.0,40,31,0.9,1.0,1.0,False
contact_stability,control,contact_phase_mismatch,1,0.01,40,31,0.06712499999999999,0.0,0.0,False
contact_stability,control,contact_phase_mismatch,2,0.02,40,31,0.23374999999999999,0.0,0.5,False
contact_stability,control,contact_phase_mismatch,3,0.03,40,31,0.22475,0.0,0.5,False
contact_stability,control,contact_phase_mismatch,4,0.04,40,31,0.056499999999999974,0.0,0.009999999999999922,False
contact_stability,control,contact_phase_mismatch,5,0.05,40,31,0.22125000000000009,0.0,0.5,False
contact_stability,control,contact_phase_mismatch,6,0.06,40,31,0.12150000000000001,0.0,0.27000000000000085,False
contact_stability,control,contact_phase_mismatch,7,0.07,40,31,0.18850000000000028,0.0,0.4087500000000025,False
contact_stability,control,contact_phase_mismatch,8,0.08,40,31,0.05549999999999998,0.0,0.0,False
contact_stability,control,contact_phase_mismatch,9,0.09,40,31,0.09487500000000018,0.0,0.08125000000000256,False
contact_stability,control,contact_phase_mismatch,10,0.1,40,31,0.19000000000000006,0.0,0.5,False
contact_stability,control,contact_phase_mismatch,11,0.11,40,31,0.16075000000000003,0.0,0.3737500000000006,False
contact_stability,control,contact_phase_mismatch,12,0.12,40,31,0.23650000000000015,0.0,0.5,False
contact_stability,control,contact_phase_mismatch,13,0.13,40,31,0.1532500000000007,0.0,0.3262500000000011,False
contact_stability,control,contact_phase_mismatch,14,0.14,40,31,0.1992499999999994,0.0,0.4825000000000067,False
contact_stability,control,contact_phase_mismatch,15,0.15,40,31,0.11499999999999991,0.0,0.20624999999999577,False
contact_stability,control,contact_phase_mismatch,16,0.16,40,31,0.18349999999999997,0.0,0.4399999999999961,False
contact_stability,control,contact_phase_mismatch,17,0.17,40,31,0.13349999999999965,0.0,0.2812499999999979,False
contact_stability,control,contact_phase_mismatch,18,0.18,40,31,0.22125000000000056,0.0,0.4450000000000024,False
contact_stability,control,contact_phase_mismatch,19,0.19,40,31,0.11199999999999988,0.0,0.10249999999999704,False
contact_stability,control,contact_phase_mismatch,20,0.2,40,31,0.19750000000000076,0.0,0.32500000000000673,False
contact_stability,control,contact_phase_mismatch,21,0.21,40,31,0.1422499999999997,0.0,0.23250000000000517,False
contact_stability,control,contact_phase_mismatch,22,0.22,40,31,0.13249999999999992,0.0,0.1899999999999987,False
contact_stability,control,contact_phase_mismatch,23,0.23,40,31,0.1373749999999993,0.0,0.2562499999999999,False
contact_stability,control,contact_phase_mismatch,24,0.24,40,31,0.11150000000000011,0.0,0.0,False
contact_stability,control,contact_phase_mismatch,25,0.25,40,31,0.2249999999999997,0.0,0.5,False
contact_stability,control,contact_phase_mismatch,26,0.26,40,31,0.1467500000000004,0.0,0.2850000000000083,False
contact_stability,control,contact_phase_mismatch,27,0.27,40,31,0.0983750000000002,0.0,0.09375000000000594,False
contact_stability,control,contact_phase_mismatch,28,0.28,40,31,0.10750000000000026,0.0,0.2299999999999889,False
contact_stability,control,contact_phase_mismatch,29,0.29,40,31,0.14387500000000145,0.0,0.1887500000000052,False
contact_stability,control,contact_phase_mismatch,30,0.3,40,31,0.13625000000000026,0.0,0.21250000000000638,False
contact_stability,control,contact_phase_mismatch,31,0.31,40,31,0.14687499999999976,0.0,0.29874999999999996,False
contact_stability,control,contact_phase_mismatch,32,0.32,40,31,0.09000000000000047,0.0,0.0900000000000041,False
contact_stability,control,contact_phase_mismatch,33,0.33,40,31,0.14662500000000037,0.0,0.301249999999994,False
contact_stability,control,contact_phase_mismatch,34,0.34,40,31,0.12125000000000048,0.0,0.29500000000000376,False
contact_stability,control,contact_phase_mismatch,35,0.35000000000000003,40,31,0.17000000000000318,0.0,0.4062500000000111,False
contact_stability,control,contact_phase_mismatch,36,0.36,40,31,0.08349999999999994,0.0,0.02999999999999787,False
contact_stability,control,contact_phase_mismatch,37,0.37,40,31,0.05724999999999991,0.0,0.0,False
contact_stability,control,contact_phase_mismatch,38,0.38,40,31,0.15949999999999942,0.0,0.3749999999999961,False
contact_stability,control,contact_phase_mismatch,39,0.39,40,31,0.12037499999999952,0.0,0.14625000000000804,False
contact_stability,control,contact_phase_mismatch,40,0.4,40,31,0.1724999999999996,0.0,0.2500000000000094,False
contact_stability,control,contact_phase_mismatch,41,0.41000000000000003,40,31,0.11912500000000033,0.0,0.21875000000000927,False
contact_stability,control,contact_phase_mismatch,42,0.42,40,31,0.13099999999999945,0.0,0.24749999999999858,False
contact_stability,control,contact_phase_mismatch,43,0.43,40,31,0.08887499999999994,0.0,0.11999999999999732,False
contact_stability,control,contact_phase_mismatch,44,0.44,40,31,0.20550000000000032,0.0,0.4649999999999994,False
contact_stability,control,contact_phase_mismatch,45,0.45,40,31,0.1631250000000013,0.0,0.3812500000000126,False
contact_stability,control,contact_phase_mismatch,46,0.46,40,31,0.0832500000000006,0.0,0.015000000000004782,False
contact_stability,control,contact_phase_mismatch,47,0.47000000000000003,40,31,0.09375000000000043,0.0,0.07000000000001692,False
contact_stability,control,contact_phase_mismatch,48,0.48,40,31,0.20400000000000115,0.0,0.4850000000000057,False
contact_stability,control,contact_phase_mismatch,49,0.49,40,31,0.15987499999999905,0.0,0.2737499999999977,False
contact_stability,control,contact_phase_mismatch,50,0.5,40,31,0.15000000000000044,0.0,0.2500000000000037,False
contact_stability,control,contact_phase_mismatch,51,0.51,40,31,0.18012500000000067,0.0,0.41500000000001586,False
contact_stability,control,contact_phase_mismatch,52,0.52,40,31,0.13800000000000034,0.0,0.22000000000000464,False
contact_stability,control,contact_phase_mismatch,53,0.53,40,31,0.08687499999999951,0.0,0.0,False
contact_stability,control,contact_phase_mismatch,54,0.54,40,31,0.07049999999999915,0.0,0.0,False
contact_stability,control,contact_phase_mismatch,55,0.55,40,31,0.15437500000000162,0.0,0.3062500000000227,False
contact_stability,control,contact_phase_mismatch,56,0.56,40,31,0.13150000000000045,0.0,0.17499999999999893,False
contact_stability,control,contact_phase_mismatch,57,0.5700000000000001,40,31,0.12374999999999703,0.0,0.14250000000001525,False
contact_stability,control,contact_phase_mismatch,58,0.58,40,31,0.19674999999999834,0.0,0.5,False
contact_stability,control,contact_phase_mismatch,59,0.59,40,31,0.18999999999999526,0.0,0.3524999999999769,False
contact_stability,control,contact_phase_mismatch,60,0.6,40,31,0.09999999999999823,0.0,0.09999999999998162,False
contact_stability,control,contact_phase_mismatch,61,0.61,40,31,0.10650000000000048,0.0,0.012500000000012303,False
contact_stability,control,contact_phase_mismatch,62,0.62,40,31,0.06725000000000055,0.0,0.08250000000000178,False
contact_stability,control,contact_phase_mismatch,63,0.63,40,31,0.08774999999999974,0.0,0.011249999999997179,False
contact_stability,control,contact_phase_mismatch,64,0.64,40,31,0.12699999999999814,0.0,0.259999999999994,False
contact_stability,control,contact_phase_mismatch,65,0.65,40,31,0.13500000000000015,0.0,0.3062499999999968,False
contact_stability,control,contact_phase_mismatch,66,0.66,40,31,0.11150000000000009,0.0,0.1825000000000132,False
contact_stability,control,contact_phase_mismatch,67,0.67,40,31,0.07662500000000314,0.0,0.09500000000001625,False
contact_stability,control,contact_phase_mismatch,68,0.68,40,31,0.1299999999999973,0.0,0.3199999999999812,False
contact_stability,control,contact_phase_mismatch,69,0.6900000000000001,40,31,0.12475000000000294,0.0,0.3050000000000088,False
contact_stability,control,contact_phase_mismatch,70,0.7000000000000001,40,31,0.12624999999999778,0.0,0.1625000000000301,False
contact_stability,control,contact_phase_mismatch,71,0.71,40,31,0.16637499999999913,0.0,0.3400000000000044,False
contact_stability,control,contact_phase_mismatch,72,0.72,40,31,0.12149999999999983,0.0,0.23000000000001009,False
contact_stability,control,contact_phase_mismatch,73,0.73,40,31,0.1682500000000014,0.0,0.3412500000000015,False
contact_stability,control,contact_phase_mismatch,74,0.74,40,31,0.12599999999999978,0.0,0.2650000000000128,False
contact_stability,control,contact_phase_mismatch,75,0.75,40,31,0.18750000000000022,0.0,0.5,False
contact_stability,control,contact_phase_mismatch,76,0.76,40,31,0.09249999999999936,0.0,0.12999999999999254,False
contact_stability,control,contact_phase_mismatch,77,0.77,40,31,0.19237499999999824,0.0,0.4387500000000088,False
contact_stability,control,contact_phase_mismatch,78,0.78,40,31,0.08949999999999846,0.0,0.044999999999990985,False
contact_stability,control,contact_phase_mismatch,79,0.79,40,31,0.1477500000000021,0.0,0.24124999999999097,False
contact_stability,control,contact_phase_mismatch,80,0.8,40,31,0.15249999999999878,0.0,0.32499999999999735,False
contact_stability,control,contact_phase_mismatch,81,0.81,40,31,0.16125000000000128,0.0,0.25374999999999426,False
contact_stability,control,contact_phase_mismatch,82,0.8200000000000001,40,31,0.11200000000000135,0.0,0.1324999999999893,False
contact_stability,control,contact_phase_mismatch,83,0.8300000000000001,40,31,0.1276250000000007,0.0,0.2799999999999825,False
contact_stability,control,contact_phase_mismatch,84,0.84,40,31,0.14500000000000085,0.0,0.28000000000000197,False
contact_stability,control,contact_phase_mismatch,85,0.85,40,31,0.13437500000000274,0.0,0.16250000000000867,False
contact_stability,control,contact_phase_mismatch,86,0.86,40,31,0.08249999999999928,0.0,0.06000000000000416,False
contact_stability,control,contact_phase_mismatch,87,0.87,40,31,0.10075000000000012,0.0,0.005000000000002638,False
contact_stability,control,contact_phase_mismatch,88,0.88,40,31,0.13850000000000073,0.0,0.1350000000000111,False
contact_stability,control,contact_phase_mismatch,89,0.89,40,31,0.09812499999999977,0.0,0.0899999999999874,False
contact_stability,control,contact_phase_mismatch,90,0.9,40,31,0.1512500000000015,0.0,0.3499999999999887,False
contact_stability,control,contact_phase_mismatch,91,0.91,40,31,0.10712499999999972,0.0,0.12875000000000608,False
contact_stability,control,contact_phase_mismatch,92,0.92,40,31,0.17400000000000004,0.0,0.4400000000000038,False
contact_stability,control,contact_phase_mismatch,93,0.93,40,31,0.24862499999999904,0.0,0.5,False
contact_stability,control,contact_phase_mismatch,94,0.9400000000000001,40,31,0.1665000000000028,0.0,0.45500000000002633,False
contact_stability,control,contact_phase_mismatch,95,0.9500000000000001,40,31,0.17500000000000238,0.0,0.4062500000000038,False
contact_stability,control,contact_phase_mismatch,96,0.96,40,31,0.16550000000000184,0.0,0.38499999999998996,False
contact_stability,control,contact_phase_mismatch,97,0.97,40,31,0.1756250000000003,0.0,0.4337500000000021,False
contact_stability,control,contact_phase_mismatch,98,0.98,40,31,0.24150000000000063,0.0,0.5,False
contact_stability,control,contact_phase_mismatch,99,0.99,40,31,0.16212500000000116,0.0,0.3287500000000128,False
contact_stability,control,contact_phase_mismatch,100,1.0,40,31,0.9,1.0,1.0,False
contact_stability,control,abs_roll_rad,0,0.0,40,31,0.011337322578765453,0.01097541768103838,0.012143970467150211,False
contact_stability,control,abs_roll_rad,1,0.01,40,31,0.016545089022605677,0.012600015567149967,0.01874555832706392,False
contact_stability,control,abs_roll_rad,2,0.02,40,31,0.032479313070361976,0.014542848533019424,0.05373507078737022,False
contact_stability,control,abs_roll_rad,3,0.03,40,31,0.011824038397622643,0.005695446874015032,0.015660993468482026,False
contact_stability,control,abs_roll_rad,4,0.04,40,31,0.03383835704441298,0.018885846063494693,0.05628900468349456,False
contact_stability,control,abs_roll_rad,5,0.05,40,31,0.02836826493458831,0.01292623891495172,0.040588559396564985,False
contact_stability,control,abs_roll_rad,6,0.06,40,31,0.029759547122783246,0.008000909644906651,0.051950282752513885,False
contact_stability,control,abs_roll_rad,7,0.07,40,31,0.021981969121465227,0.00775919572042766,0.026255093910731386,False
contact_stability,control,abs_roll_rad,8,0.08,40,31,0.01857103226987419,0.004561614023405104,0.027199706248939054,False
contact_stability,control,abs_roll_rad,9,0.09,40,31,0.02552959324895346,0.011748897633515288,0.03357229041866954,False
contact_stability,control,abs_roll_rad,10,0.1,40,31,0.02929204266052693,0.009653527929913214,0.048414135072380335,False
contact_stability,control,abs_roll_rad,11,0.11,40,31,0.038270017551316406,0.015321828683372578,0.057103147460147656,False
contact_stability,control,abs_roll_rad,12,0.12,40,31,0.029753623303491645,0.009061057629878667,0.04604085970669983,False
contact_stability,control,abs_roll_rad,13,0.13,40,31,0.03288623061809629,0.007891169676440796,0.04587128740735353,False
contact_stability,control,abs_roll_rad,14,0.14,40,31,0.04546519700298086,0.011533839113544506,0.0578570052236318,False
contact_stability,control,abs_roll_rad,15,0.15,40,31,0.0426832094974088,0.012112392869312323,0.053581052599474877,False
contact_stability,control,abs_roll_rad,16,0.16,40,31,0.03878176334865565,0.011472692217794327,0.05442773435264823,False
contact_stability,control,abs_roll_rad,17,0.17,40,31,0.03975034519501787,0.013486126391217119,0.044538543336093445,False
contact_stability,control,abs_roll_rad,18,0.18,40,31,0.05999364312109538,0.024286625776439898,0.08307180838659407,False
contact_stability,control,abs_roll_rad,19,0.19,40,31,0.07183650211617351,0.018858958980999898,0.11117930220440035,False
contact_stability,control,abs_roll_rad,20,0.2,40,31,0.07100225803689682,0.019190984382294007,0.10976879857480545,False
contact_stability,control,abs_roll_rad,21,0.21,40,31,0.061624971359531634,0.02041926017933297,0.07499973198398947,False
contact_stability,control,abs_roll_rad,22,0.22,40,31,0.04951591849474059,0.016899177338928022,0.060803919956088096,False
contact_stability,control,abs_roll_rad,23,0.23,40,31,0.05518352673348274,0.0189456699369476,0.06429828860796986,False
contact_stability,control,abs_roll_rad,24,0.24,40,31,0.06401029673032468,0.027452398221939782,0.08467123836278934,False
contact_stability,control,abs_roll_rad,25,0.25,40,31,0.07121343671460637,0.03258689696667706,0.08149012736976152,False
contact_stability,control,abs_roll_rad,26,0.26,40,31,0.056183291412889934,0.02024715732550236,0.07332957267761236,False
contact_stability,control,abs_roll_rad,27,0.27,40,31,0.06440470651898061,0.015353994900360726,0.10853177174925814,False
contact_stability,control,abs_roll_rad,28,0.28,40,31,0.0709164858572186,0.030123060382903185,0.10045042470097572,False
contact_stability,control,abs_roll_rad,29,0.29,40,31,0.05960978358529971,0.020357079656096018,0.07574868362396871,False
contact_stability,control,abs_roll_rad,30,0.3,40,31,0.059183327778373526,0.018046894576400525,0.09819247927516718,False
contact_stability,control,abs_roll_rad,31,0.31,40,31,0.05522763439839762,0.02048880337039016,0.07331439162604494,False
contact_stability,control,abs_roll_rad,32,0.32,40,31,0.055774008397303995,0.013782636253163227,0.07071629371494084,False
contact_stability,control,abs_roll_rad,33,0.33,40,31,0.05201617854021612,0.014715169658884291,0.07833523768931683,False
contact_stability,control,abs_roll_rad,34,0.34,40,31,0.059989212118584004,0.024482815004885444,0.08843331422656724,False
contact_stability,control,abs_roll_rad,35,0.35000000000000003,40,31,0.06600840851038796,0.023775688093155792,0.1027098998427378,False
contact_stability,control,abs_roll_rad,36,0.36,40,31,0.07038539595273326,0.0355076289735734,0.09827786795795032,False
contact_stability,control,abs_roll_rad,37,0.37,40,31,0.05837870987641508,0.017438556011765975,0.06739152077585456,False
contact_stability,control,abs_roll_rad,38,0.38,40,31,0.07047262023435912,0.0326466727769002,0.10694185368716749,False
contact_stability,control,abs_roll_rad,39,0.39,40,31,0.057200364690914315,0.01260825345758337,0.08610538419336101,False
contact_stability,control,abs_roll_rad,40,0.4,40,31,0.0644163030138589,0.01626618930604346,0.12147575207054653,False
contact_stability,control,abs_roll_rad,41,0.41000000000000003,40,31,0.05523497445207598,0.023137631672434246,0.06672987221740223,False
contact_stability,control,abs_roll_rad,42,0.42,40,31,0.06729414795717463,0.029924407731741372,0.08634819217026268,False
contact_stability,control,abs_roll_rad,43,0.43,40,31,0.056891873564425634,0.018192684079986327,0.07847724337130768,False
contact_stability,control,abs_roll_rad,44,0.44,40,31,0.07485294986347435,0.03414261668920484,0.1267764594405889,False
contact_stability,control,abs_roll_rad,45,0.45,40,31,0.056734698340815105,0.022882289870176556,0.08606117917224732,False
contact_stability,control,abs_roll_rad,46,0.46,40,31,0.0677424534813326,0.021312255896627896,0.10619075831025929,False
contact_stability,control,abs_roll_rad,47,0.47000000000000003,40,31,0.06818664648052056,0.01775305461429582,0.10314662691205775,False
contact_stability,control,abs_roll_rad,48,0.48,40,31,0.04744332331104666,0.015889850459061414,0.056153247840702136,False
contact_stability,control,abs_roll_rad,49,0.49,40,31,0.055374406792594054,0.03192326072370624,0.06803222112357621,False
contact_stability,control,abs_roll_rad,50,0.5,40,31,0.06891708732182455,0.03632828639820204,0.0863573607057333,False
contact_stability,control,abs_roll_rad,51,0.51,40,31,0.06423522971276537,0.023679550513624727,0.09531332544982393,False
contact_stability,control,abs_roll_rad,52,0.52,40,31,0.06877615700378369,0.02014001346193219,0.10468138448893997,False
contact_stability,control,abs_roll_rad,53,0.53,40,31,0.0634286487839744,0.0212629456515426,0.09250672664493324,False
contact_stability,control,abs_roll_rad,54,0.54,40,31,0.07137062248610877,0.02763595329597595,0.09856729663908492,False
contact_stability,control,abs_roll_rad,55,0.55,40,31,0.07323556460169586,0.028523748344741456,0.11862536696717234,False
contact_stability,control,abs_roll_rad,56,0.56,40,31,0.06130213584133878,0.01718597083468877,0.08926613450050254,False
contact_stability,control,abs_roll_rad,57,0.5700000000000001,40,31,0.05125175445814968,0.020125697711482923,0.06898647003807198,False
contact_stability,control,abs_roll_rad,58,0.58,40,31,0.046778182939320664,0.011816821785176875,0.0718730153888456,False
contact_stability,control,abs_roll_rad,59,0.59,40,31,0.060455674444732585,0.02478612044185875,0.08916132949292627,False
contact_stability,control,abs_roll_rad,60,0.6,40,31,0.06668398152251037,0.018242828454822134,0.09474728293716872,False
contact_stability,control,abs_roll_rad,61,0.61,40,31,0.06686307638121071,0.021242190916091003,0.10091879133135047,False
contact_stability,control,abs_roll_rad,62,0.62,40,31,0.0643428013258381,0.017129208066616698,0.09728268824517802,False
contact_stability,control,abs_roll_rad,63,0.63,40,31,0.07444527129933706,0.02560890912078312,0.10461650725454066,False
contact_stability,control,abs_roll_rad,64,0.64,40,31,0.0596900810042863,0.02603518478572348,0.07529302846640387,False
contact_stability,control,abs_roll_rad,65,0.65,40,31,0.051242748879521995,0.011080757179296696,0.0947656366974108,False
contact_stability,control,abs_roll_rad,66,0.66,40,31,0.06212477605728781,0.018935840483754855,0.08723020441830137,False
contact_stability,control,abs_roll_rad,67,0.67,40,31,0.05892808209521896,0.01796583482835566,0.0967518179863682,False
contact_stability,control,abs_roll_rad,68,0.68,40,31,0.057401384138116573,0.018834966626018173,0.08694081239402263,False
contact_stability,control,abs_roll_rad,69,0.6900000000000001,40,31,0.07623877919849471,0.01822531860321768,0.126176177859307,False
contact_stability,control,abs_roll_rad,70,0.7000000000000001,40,31,0.05911267801755461,0.01839595914352642,0.09030257090926033,False
contact_stability,control,abs_roll_rad,71,0.71,40,31,0.05978095697300162,0.021782307811081127,0.08842806369066285,False
contact_stability,control,abs_roll_rad,72,0.72,40,31,0.06488635636763504,0.02934591282159089,0.1022185491770504,False
contact_stability,control,abs_roll_rad,73,0.73,40,31,0.05632410954823717,0.01734858216717833,0.07142321063205585,False
contact_stability,control,abs_roll_rad,74,0.74,40,31,0.053451389641501014,0.022333646910265077,0.06825678922235939,False
contact_stability,control,abs_roll_rad,75,0.75,40,31,0.07203203578901593,0.03904631733894348,0.10647778585553169,False
contact_stability,control,abs_roll_rad,76,0.76,40,31,0.06326028119336108,0.030806557759642278,0.07114009425044092,False
contact_stability,control,abs_roll_rad,77,0.77,40,31,0.0769723434663902,0.028495092669036735,0.11411764692515114,False
contact_stability,control,abs_roll_rad,78,0.78,40,31,0.06624140237225207,0.023354835459031144,0.09452303089201444,False
contact_stability,control,abs_roll_rad,79,0.79,40,31,0.06001751456200145,0.02436895240563878,0.0841254341043533,False
contact_stability,control,abs_roll_rad,80,0.8,40,31,0.06113033247063865,0.02230696738697551,0.09442901462316573,False
contact_stability,control,abs_roll_rad,81,0.81,40,31,0.0546476725637328,0.02640401187585585,0.06520631108432988,False
contact_stability,control,abs_roll_rad,82,0.8200000000000001,40,31,0.057888394603534954,0.024835822470486477,0.07982774753123649,False
contact_stability,control,abs_roll_rad,83,0.8300000000000001,40,31,0.05917831709609896,0.01634620879005561,0.08211702696979112,False
contact_stability,control,abs_roll_rad,84,0.84,40,31,0.06424749230081224,0.01749859936186115,0.09605570949614176,False
contact_stability,control,abs_roll_rad,85,0.85,40,31,0.05455559971684132,0.019342710962518595,0.06831288235262037,False
contact_stability,control,abs_roll_rad,86,0.86,40,31,0.07241276893741458,0.033294016467407386,0.10737806223332846,False
contact_stability,control,abs_roll_rad,87,0.87,40,31,0.06763837754720589,0.024141337065957332,0.08170895118266414,False
contact_stability,control,abs_roll_rad,88,0.88,40,31,0.07451349839189782,0.03286783795803772,0.11974309414625217,False
contact_stability,control,abs_roll_rad,89,0.89,40,31,0.06939904642224418,0.022553475787863216,0.09315447419881769,False
contact_stability,control,abs_roll_rad,90,0.9,40,31,0.06419215578920565,0.015552511531859901,0.09251017328351827,False
contact_stability,control,abs_roll_rad,91,0.91,40,31,0.07396171916409001,0.021848085243255086,0.11082408664748017,False
contact_stability,control,abs_roll_rad,92,0.92,40,31,0.056661506547941706,0.015738292578607285,0.06568042468279632,False
contact_stability,control,abs_roll_rad,93,0.93,40,31,0.06572382571097121,0.02647725701332215,0.09057770521380204,False
contact_stability,control,abs_roll_rad,94,0.9400000000000001,40,31,0.06134801466832864,0.023210372431203566,0.07609004203230098,False
contact_stability,control,abs_roll_rad,95,0.9500000000000001,40,31,0.0665131378179649,0.01816378179937582,0.0696260578930375,False
contact_stability,control,abs_roll_rad,96,0.96,40,31,0.059868492094276096,0.013197597912512803,0.0718060127645731,False
contact_stability,control,abs_roll_rad,97,0.97,40,31,0.056628858764132026,0.01513187917647909,0.05055291276425074,False
contact_stability,control,abs_roll_rad,98,0.98,40,31,0.06409318733453984,0.01330353363882767,0.0695050215348596,False
contact_stability,control,abs_roll_rad,99,0.99,40,31,0.07819906502387493,0.009591884664259878,0.06570769410580397,False
contact_stability,control,abs_roll_rad,100,1.0,40,31,3.9230068273467085e-08,2.3274165927844592e-10,1.1847409098209027e-07,False
contact_stability,control,abs_pitch_rad,0,0.0,40,31,0.05379089778289199,0.05294080451130867,0.05517497379332781,False
contact_stability,control,abs_pitch_rad,1,0.01,40,31,0.08211626409133896,0.04358305576257407,0.11522598387673497,False
contact_stability,control,abs_pitch_rad,2,0.02,40,31,0.02537194595288019,0.008150257790694018,0.026278862748295072,False
contact_stability,control,abs_pitch_rad,3,0.03,40,31,0.047919200384360004,0.016630444359034303,0.03892181338742375,False
contact_stability,control,abs_pitch_rad,4,0.04,40,31,0.09422766761676758,0.008864958044141528,0.16032935380935667,False
contact_stability,control,abs_pitch_rad,5,0.05,40,31,0.1429355786673841,0.10917614288628101,0.1925820603966713,False
contact_stability,control,abs_pitch_rad,6,0.06,40,31,0.1288682326916605,0.06580357952043411,0.17410292327404026,False
contact_stability,control,abs_pitch_rad,7,0.07,40,31,0.138075070359162,0.1213675309531391,0.1706260425597429,False
contact_stability,control,abs_pitch_rad,8,0.08,40,31,0.10533462059963491,0.06314492788165806,0.14576421514153481,False
contact_stability,control,abs_pitch_rad,9,0.09,40,31,0.12287530807376605,0.07418368371203543,0.17533209864050153,False
contact_stability,control,abs_pitch_rad,10,0.1,40,31,0.14913753034139515,0.1232130067422989,0.19895197972655293,False
contact_stability,control,abs_pitch_rad,11,0.11,40,31,0.11432204492235357,0.07515610754489895,0.1412029840052128,False
contact_stability,control,abs_pitch_rad,12,0.12,40,31,0.13278419405780734,0.10720521047711376,0.16288352563977243,False
contact_stability,control,abs_pitch_rad,13,0.13,40,31,0.0956084468779736,0.03924893452785903,0.14214710891246773,False
contact_stability,control,abs_pitch_rad,14,0.14,40,31,0.12825646288332074,0.10833821587264539,0.15780901692807706,False
contact_stability,control,abs_pitch_rad,15,0.15,40,31,0.10112156564777255,0.04734533093869689,0.15386057887226356,False
contact_stability,control,abs_pitch_rad,16,0.16,40,31,0.11565472293086346,0.046281423531472736,0.16212445825338348,False
contact_stability,control,abs_pitch_rad,17,0.17,40,31,0.12407359140844346,0.07401567861437823,0.15840923175215738,False
contact_stability,control,abs_pitch_rad,18,0.18,40,31,0.1219690235850867,0.05183504711836583,0.18307732403278357,False
contact_stability,control,abs_pitch_rad,19,0.19,40,31,0.12160634101898175,0.054889471000060516,0.17683133408427257,False
contact_stability,control,abs_pitch_rad,20,0.2,40,31,0.12068643108475956,0.054395339265465914,0.1644441291689874,False
contact_stability,control,abs_pitch_rad,21,0.21,40,31,0.12806267042364927,0.059946828782558394,0.19093148231506335,False
contact_stability,control,abs_pitch_rad,22,0.22,40,31,0.11787329157721249,0.051545448936522215,0.18086665451526637,False
contact_stability,control,abs_pitch_rad,23,0.23,40,31,0.1288869454731467,0.04864959903992759,0.18108945820480593,False
contact_stability,control,abs_pitch_rad,24,0.24,40,31,0.15390332860406492,0.06715057063847801,0.2275272302329541,False
contact_stability,control,abs_pitch_rad,25,0.25,40,31,0.1343025019741617,0.09292127378284931,0.17537112161517127,False
contact_stability,control,abs_pitch_rad,26,0.26,40,31,0.11925013606587898,0.04562172383069997,0.18651430651545545,False
contact_stability,control,abs_pitch_rad,27,0.27,40,31,0.14119521012017514,0.03859914380591317,0.21237196482717985,False
contact_stability,control,abs_pitch_rad,28,0.28,40,31,0.1367632920723409,0.06337832137942315,0.19291548624634716,False
contact_stability,control,abs_pitch_rad,29,0.29,40,31,0.127541629014886,0.03345354316756153,0.17801849361509095,False
contact_stability,control,abs_pitch_rad,30,0.3,40,31,0.12121390718530171,0.06803110297769303,0.16620141342282363,False
contact_stability,control,abs_pitch_rad,31,0.31,40,31,0.10578759241697108,0.052810761313885235,0.15785255748778546,False
contact_stability,control,abs_pitch_rad,32,0.32,40,31,0.1312481434287037,0.06386910762637862,0.18852315425872765,False
contact_stability,control,abs_pitch_rad,33,0.33,40,31,0.11951087484753224,0.04723053009249304,0.17094319075346037,False
contact_stability,control,abs_pitch_rad,34,0.34,40,31,0.1270770216365345,0.08046896170824715,0.18107353150844552,False
contact_stability,control,abs_pitch_rad,35,0.35000000000000003,40,31,0.12516814687987787,0.06596363103017293,0.17129497295245585,False
contact_stability,control,abs_pitch_rad,36,0.36,40,31,0.1354461987828836,0.06339116409420965,0.18517014101147686,False
contact_stability,control,abs_pitch_rad,37,0.37,40,31,0.13615288262045955,0.04504695662297328,0.20911880388855927,False
contact_stability,control,abs_pitch_rad,38,0.38,40,31,0.14438279609824528,0.07990528300404547,0.19099251963198224,False
contact_stability,control,abs_pitch_rad,39,0.39,40,31,0.11296224038791838,0.04519389661494647,0.16254908945411445,False
contact_stability,control,abs_pitch_rad,40,0.4,40,31,0.14243320588429942,0.07550589516758986,0.20221281796693832,False
contact_stability,control,abs_pitch_rad,41,0.41000000000000003,40,31,0.1279678252954035,0.06438381236046617,0.18400648098438943,False
contact_stability,control,abs_pitch_rad,42,0.42,40,31,0.12204938986156773,0.05406774409115365,0.17786032244563105,False
contact_stability,control,abs_pitch_rad,43,0.43,40,31,0.1254738064366393,0.05233164614997806,0.1888774195313454,False
contact_stability,control,abs_pitch_rad,44,0.44,40,31,0.14977250212663779,0.08362088911235344,0.1978191407024858,False
contact_stability,control,abs_pitch_rad,45,0.45,40,31,0.12315195045026472,0.06093794098123927,0.1650445606559509,False
contact_stability,control,abs_pitch_rad,46,0.46,40,31,0.13960205197986214,0.061942552272230667,0.19154325552284718,False
contact_stability,control,abs_pitch_rad,47,0.47000000000000003,40,31,0.15300760504277416,0.07652570925652925,0.21598487265408084,False
contact_stability,control,abs_pitch_rad,48,0.48,40,31,0.13049954375950626,0.08541209783405113,0.1809728732705116,False
contact_stability,control,abs_pitch_rad,49,0.49,40,31,0.10801205898087936,0.05050355758401549,0.14636734969913984,False
contact_stability,control,abs_pitch_rad,50,0.5,40,31,0.13330601872876288,0.058831191156058296,0.19987634941935553,False
contact_stability,control,abs_pitch_rad,51,0.51,40,31,0.15787164723221217,0.10637663906440176,0.1978996019810434,False
contact_stability,control,abs_pitch_rad,52,0.52,40,31,0.12254059709422291,0.043166101761162166,0.18640539646148652,False
contact_stability,control,abs_pitch_rad,53,0.53,40,31,0.13116227121395058,0.06671114154159982,0.18870725851505996,False
contact_stability,control,abs_pitch_rad,54,0.54,40,31,0.1387970599127584,0.03853470785543367,0.2138338872790358,False
contact_stability,control,abs_pitch_rad,55,0.55,40,31,0.12469610186322848,0.04804737064987408,0.1814253713935606,False
contact_stability,control,abs_pitch_rad,56,0.56,40,31,0.14600668178126217,0.0915844651311632,0.2023139512538912,False
contact_stability,control,abs_pitch_rad,57,0.5700000000000001,40,31,0.14273402103650717,0.08399686295539059,0.19231953825801607,False
contact_stability,control,abs_pitch_rad,58,0.58,40,31,0.11024940067250306,0.049528846384491655,0.14450197100639328,False
contact_stability,control,abs_pitch_rad,59,0.59,40,31,0.11542900069802986,0.04891896792687467,0.17109550636261783,False
contact_stability,control,abs_pitch_rad,60,0.6,40,31,0.1435210635559635,0.07356213554739971,0.18855833932757451,False
contact_stability,control,abs_pitch_rad,61,0.61,40,31,0.14269832349123324,0.07704568132758144,0.21877081405371473,False
contact_stability,control,abs_pitch_rad,62,0.62,40,31,0.121469741785084,0.056463740020991124,0.16873947307467477,False
contact_stability,control,abs_pitch_rad,63,0.63,40,31,0.14713752712786662,0.05433162971399744,0.2151816662028441,False
contact_stability,control,abs_pitch_rad,64,0.64,40,31,0.13551319584622987,0.07936154678463966,0.18289029091596606,False
contact_stability,control,abs_pitch_rad,65,0.65,40,31,0.14011633126356177,0.08180328290909449,0.18872567713260635,False
contact_stability,control,abs_pitch_rad,66,0.66,40,31,0.11670554850366902,0.026872549755498895,0.1866036257147794,False
contact_stability,control,abs_pitch_rad,67,0.67,40,31,0.1306787809508387,0.08319453319534664,0.1866766105964804,False
contact_stability,control,abs_pitch_rad,68,0.68,40,31,0.12330066969734618,0.049275451414286436,0.18771126523613763,False
contact_stability,control,abs_pitch_rad,69,0.6900000000000001,40,31,0.13043910655856603,0.06430929694324818,0.18180121459066964,False
contact_stability,control,abs_pitch_rad,70,0.7000000000000001,40,31,0.13085248389979806,0.07889172900468105,0.18158220909535966,False
contact_stability,control,abs_pitch_rad,71,0.71,40,31,0.13582573567629147,0.07452525295317058,0.1770585429668423,False
contact_stability,control,abs_pitch_rad,72,0.72,40,31,0.14865532225696376,0.06816786810755734,0.21089571371674604,False
contact_stability,control,abs_pitch_rad,73,0.73,40,31,0.13131168987088324,0.07215898974798785,0.17233506288379405,False
contact_stability,control,abs_pitch_rad,74,0.74,40,31,0.11188787359860722,0.05721963001415108,0.17713162973523178,False
contact_stability,control,abs_pitch_rad,75,0.75,40,31,0.13865632672095668,0.06765821133740152,0.1996771516278386,False
contact_stability,control,abs_pitch_rad,76,0.76,40,31,0.12491786577180006,0.06625907354056858,0.18293914392590518,False
contact_stability,control,abs_pitch_rad,77,0.77,40,31,0.13372586725139998,0.07734820005483858,0.1965159527212389,False
contact_stability,control,abs_pitch_rad,78,0.78,40,31,0.1176907938467338,0.045738468337803734,0.16313886076211923,False
contact_stability,control,abs_pitch_rad,79,0.79,40,31,0.13051250107039233,0.07585900414735118,0.17755664855241898,False
contact_stability,control,abs_pitch_rad,80,0.8,40,31,0.1511136223434005,0.09993712268769721,0.19991464763879963,False
contact_stability,control,abs_pitch_rad,81,0.81,40,31,0.11255042318499169,0.0493751580640677,0.15936576796695362,False
contact_stability,control,abs_pitch_rad,82,0.8200000000000001,40,31,0.14556020165793584,0.09091832313686633,0.1942476595938182,False
contact_stability,control,abs_pitch_rad,83,0.8300000000000001,40,31,0.11881253812721496,0.03835621863603607,0.18009856890887097,False
contact_stability,control,abs_pitch_rad,84,0.84,40,31,0.12841283661033936,0.05314378745853872,0.16412879168987332,False
contact_stability,control,abs_pitch_rad,85,0.85,40,31,0.13756775761663437,0.05260623930953462,0.19356149137020034,False
contact_stability,control,abs_pitch_rad,86,0.86,40,31,0.12805464151455084,0.051053279470652344,0.18298741146922162,False
contact_stability,control,abs_pitch_rad,87,0.87,40,31,0.1321229994366876,0.09689102053642304,0.1594436865672466,False
contact_stability,control,abs_pitch_rad,88,0.88,40,31,0.12669873906252888,0.04369613746181167,0.17121779739856655,False
contact_stability,control,abs_pitch_rad,89,0.89,40,31,0.1237450314945889,0.06569239921867852,0.16521646104753074,False
contact_stability,control,abs_pitch_rad,90,0.9,40,31,0.1238196548310226,0.06022463850676937,0.1687436446547511,False
contact_stability,control,abs_pitch_rad,91,0.91,40,31,0.14525369640128352,0.06553511985577537,0.2097959480807181,False
contact_stability,control,abs_pitch_rad,92,0.92,40,31,0.12955545148183595,0.06870196040719743,0.19409628227353093,False
contact_stability,control,abs_pitch_rad,93,0.93,40,31,0.13549084757734126,0.09128011599183154,0.17798736557364472,False
contact_stability,control,abs_pitch_rad,94,0.9400000000000001,40,31,0.1317828102158381,0.0577028713747865,0.1878724391013361,False
contact_stability,control,abs_pitch_rad,95,0.9500000000000001,40,31,0.13037711084296505,0.06973545649088936,0.17032242696732253,False
contact_stability,control,abs_pitch_rad,96,0.96,40,31,0.1582503327690064,0.11052026450633971,0.18171613797545494,False
contact_stability,control,abs_pitch_rad,97,0.97,40,31,0.15035026735812423,0.08143934564664895,0.18747786805033684,False
contact_stability,control,abs_pitch_rad,98,0.98,40,31,0.19498512222059075,0.11053422000259161,0.2099448855966328,False
contact_stability,control,abs_pitch_rad,99,0.99,40,31,0.25385417598392823,0.10105780161917194,0.2222081257402891,False
contact_stability,control,abs_pitch_rad,100,1.0,40,31,3.438948196765601e-08,1.4426850603044272e-08,4.756520333160097e-08,False
contact_stability,control,angular_velocity_norm,0,0.0,40,31,3.41056342124939,3.345180869102478,3.4988426566123962,False
contact_stability,control,angular_velocity_norm,1,0.01,40,31,1.5350983094125987,1.3488756203651429,1.7186045908927918,False
contact_stability,control,angular_velocity_norm,2,0.02,40,31,1.4404589731991293,0.8846772253513335,1.9465618693828581,False
contact_stability,control,angular_velocity_norm,3,0.03,40,31,0.9931168858334424,0.5669801776856184,1.3773389506340026,False
contact_stability,control,angular_velocity_norm,4,0.04,40,31,1.3602625672817232,0.853160943984985,1.6611029624938962,False
contact_stability,control,angular_velocity_norm,5,0.05,40,31,1.2796756317839026,0.9514598943293094,1.5868334203958514,False
contact_stability,control,angular_velocity_norm,6,0.06,40,31,1.4190892934501167,1.1955453336238868,1.6100720030069358,False
contact_stability,control,angular_velocity_norm,7,0.07,40,31,1.4849541773647073,1.2478205552697186,1.7087671118974683,False
contact_stability,control,angular_velocity_norm,8,0.08,40,31,1.5632263620495797,1.2425015473365784,1.7563616168498986,False
contact_stability,control,angular_velocity_norm,9,0.09,40,31,1.5055541269928214,1.1704706370830538,1.8289450100064262,False
contact_stability,control,angular_velocity_norm,10,0.1,40,31,1.363301400840283,1.0501243174076085,1.5841652423143413,False
contact_stability,control,angular_velocity_norm,11,0.11,40,31,1.497775619909167,1.1623586624860767,1.7860726323723792,False
contact_stability,control,angular_velocity_norm,12,0.12,40,31,1.6022614467144005,1.1217881333827975,1.9299615883827201,False
contact_stability,control,angular_velocity_norm,13,0.13,40,31,1.6234984287396084,1.1287892949581209,1.8803657966852152,False
contact_stability,control,angular_velocity_norm,14,0.14,40,31,1.8081911437511438,1.3160676717758175,2.1454003000259387,False
contact_stability,control,angular_velocity_norm,15,0.15,40,31,1.8798811543732892,1.4339435741305302,2.2881053984165174,False
contact_stability,control,angular_velocity_norm,16,0.16,40,31,1.891512496829033,1.3406977403163916,2.3916016161441798,False
contact_stability,control,angular_velocity_norm,17,0.17,40,31,1.9056913158744582,1.5095602509379384,2.3403391748666666,False
contact_stability,control,angular_velocity_norm,18,0.18,40,31,1.96952002182603,1.402155031561854,2.5752662670612327,False
contact_stability,control,angular_velocity_norm,19,0.19,40,31,2.1241200697273,1.5309316551685326,2.5424109214544277,False
contact_stability,control,angular_velocity_norm,20,0.2,40,31,2.092555824816228,1.57956022620201,2.5285522639751523,False
contact_stability,control,angular_velocity_norm,21,0.21,40,31,2.1412440242618325,1.643917633891106,2.5999911183118827,False
contact_stability,control,angular_velocity_norm,22,0.22,40,31,2.052258613407613,1.5285823482274998,2.552510672807697,False
contact_stability,control,angular_velocity_norm,23,0.23,40,31,2.117647110179066,1.633876072168348,2.406085619926456,False
contact_stability,control,angular_velocity_norm,24,0.24,40,31,2.1900899845361708,1.5788443422317506,2.8822504234313953,False
contact_stability,control,angular_velocity_norm,25,0.25,40,31,1.9621302904561175,1.2901006806641855,2.529029354453088,False
contact_stability,control,angular_velocity_norm,26,0.26,40,31,2.1165475623011587,1.5312581717967948,2.82824854791163,False
contact_stability,control,angular_velocity_norm,27,0.27,40,31,2.039783625066277,1.593193871676906,2.547168380022046,False
contact_stability,control,angular_velocity_norm,28,0.28,40,31,2.1588676776885984,1.5954832768440226,2.780826745033263,False
contact_stability,control,angular_velocity_norm,29,0.29,40,31,2.154464836001398,1.8064922210574283,2.520759283304213,False
contact_stability,control,angular_velocity_norm,30,0.3,40,31,2.2510990950465204,1.5879261493682884,2.922997218370447,False
contact_stability,control,angular_velocity_norm,31,0.31,40,31,2.0240269306227576,1.5359462422132473,2.3874723005294776,False
contact_stability,control,angular_velocity_norm,32,0.32,40,31,1.9871259678006166,1.4697130715847009,2.3533521914482076,False
contact_stability,control,angular_velocity_norm,33,0.33,40,31,2.1736725562810895,1.5996246287226674,2.753281311988831,False
contact_stability,control,angular_velocity_norm,34,0.34,40,31,2.138186478435995,1.5299831664562267,2.661606864929205,False
contact_stability,control,angular_velocity_norm,35,0.35000000000000003,40,31,2.2420546211302326,1.6464412987232213,2.910039654374117,False
contact_stability,control,angular_velocity_norm,36,0.36,40,31,2.2089003434777243,1.7996332049369712,2.554602797031403,False
contact_stability,control,angular_velocity_norm,37,0.37,40,31,2.0126662521660323,1.5797611141204866,2.5006157708167978,False
contact_stability,control,angular_velocity_norm,38,0.38,40,31,2.097980940580368,1.5119433283805819,2.684260344505312,False
contact_stability,control,angular_velocity_norm,39,0.39,40,31,2.0081715261340154,1.5378102537989689,2.469851084947588,False
contact_stability,control,angular_velocity_norm,40,0.4,40,31,2.2828973472118355,1.6808312714099825,2.761453771591186,False
contact_stability,control,angular_velocity_norm,41,0.41000000000000003,40,31,2.063760898277158,1.5170091363787666,2.441605862379091,False
contact_stability,control,angular_velocity_norm,42,0.42,40,31,2.083096968859434,1.542779072523115,2.5682805752754336,False
contact_stability,control,angular_velocity_norm,43,0.43,40,31,2.3440606183856705,1.6273874491453117,2.9610171365737816,False
contact_stability,control,angular_velocity_norm,44,0.44,40,31,2.2522117642164248,1.4922345185279808,2.7639582061767545,False
contact_stability,control,angular_velocity_norm,45,0.45,40,31,2.268967157527805,1.8695362210273674,2.7269566863775214,False
contact_stability,control,angular_velocity_norm,46,0.46,40,31,2.231398564696312,1.5743320041894941,2.9090783154964397,False
contact_stability,control,angular_velocity_norm,47,0.47000000000000003,40,31,2.2125407658033107,1.5422918367386034,2.874770855307577,False
contact_stability,control,angular_velocity_norm,48,0.48,40,31,2.0870816805362726,1.7941906976699813,2.42767871141434,False
contact_stability,control,angular_velocity_norm,49,0.49,40,31,1.9891436255611474,1.5321352696418777,2.591619470119473,False
contact_stability,control,angular_velocity_norm,50,0.5,40,31,2.4206698939204214,1.6421018689870839,2.934699952602391,False
contact_stability,control,angular_velocity_norm,51,0.51,40,31,2.0950478746891013,1.5582058304548252,2.6726424974203096,False
contact_stability,control,angular_velocity_norm,52,0.52,40,31,1.8235931382477333,1.4555570542812315,2.188150703907022,False
contact_stability,control,angular_velocity_norm,53,0.53,40,31,2.329203669130801,1.7008596467971802,2.813279971480367,False
contact_stability,control,angular_velocity_norm,54,0.54,40,31,1.908989951580767,1.64767334282398,2.314930435419101,False
contact_stability,control,angular_velocity_norm,55,0.55,40,31,2.0533172117173697,1.4533005088568083,2.696133378148084,False
contact_stability,control,angular_velocity_norm,56,0.56,40,31,2.1640134548544894,1.5477398967742562,2.9503144168854165,False
contact_stability,control,angular_velocity_norm,57,0.5700000000000001,40,31,1.9776757184863132,1.5619476124644425,2.207636249661432,False
contact_stability,control,angular_velocity_norm,58,0.58,40,31,2.00818400236964,1.5163260889053471,2.2620685160160034,False
contact_stability,control,angular_velocity_norm,59,0.59,40,31,2.200309867322439,1.5655992698669172,2.7694819688797168,False
contact_stability,control,angular_velocity_norm,60,0.6,40,31,2.307831755280494,1.6154055774211855,3.0562385201453965,False
contact_stability,control,angular_velocity_norm,61,0.61,40,31,2.2141270894110194,1.5485995841026272,2.977961458563785,False
contact_stability,control,angular_velocity_norm,62,0.62,40,31,2.1530396074056624,1.5853568720817615,2.748214012384434,False
contact_stability,control,angular_velocity_norm,63,0.63,40,31,2.1117921171486396,1.6271155667305202,2.5463505208492365,False
contact_stability,control,angular_velocity_norm,64,0.64,40,31,2.163344757497306,1.573188477754591,2.6998546242713752,False
contact_stability,control,angular_velocity_norm,65,0.65,40,31,2.3504894706606905,1.6860141783952642,2.7598003625869927,False
contact_stability,control,angular_velocity_norm,66,0.66,40,31,1.9607850953936594,1.4755590987205525,2.363247410058967,False
contact_stability,control,angular_velocity_norm,67,0.67,40,31,2.2342460142672107,1.6668887418508525,2.761864926815041,False
contact_stability,control,angular_velocity_norm,68,0.68,40,31,2.2772231631874984,1.698663134574892,2.7919556593895276,False
contact_stability,control,angular_velocity_norm,69,0.6900000000000001,40,31,1.8607585778534386,1.4313823747634884,2.070847749710065,False
contact_stability,control,angular_velocity_norm,70,0.7000000000000001,40,31,2.2566741870343665,1.6484316170215654,2.7195156037807946,False
contact_stability,control,angular_velocity_norm,71,0.71,40,31,2.199898964203893,1.6502563413977351,2.647470936179162,False
contact_stability,control,angular_velocity_norm,72,0.72,40,31,2.212815075397492,1.6316386485099812,2.7883610033988964,False
contact_stability,control,angular_velocity_norm,73,0.73,40,31,2.0014213273525243,1.646183685064321,2.4417421206832044,False
contact_stability,control,angular_velocity_norm,74,0.74,40,31,2.093454635173082,1.706275616884236,2.4745818912983184,False
contact_stability,control,angular_velocity_norm,75,0.75,40,31,2.2530881747603444,1.6235171109437943,2.6699339896440506,False
contact_stability,control,angular_velocity_norm,76,0.76,40,31,2.2493067330718084,1.8417908287048212,2.499035007953638,False
contact_stability,control,angular_velocity_norm,77,0.77,40,31,2.148059185713527,1.7544128561019883,2.545921624898906,False
contact_stability,control,angular_velocity_norm,78,0.78,40,31,2.2384069662690163,1.7689421796798914,2.589469150304792,False
contact_stability,control,angular_velocity_norm,79,0.79,40,31,2.148204509824514,1.6568374744057686,2.626707280278197,False
contact_stability,control,angular_velocity_norm,80,0.8,40,31,2.3383491539955177,2.001319164037713,2.7404297709464798,False
contact_stability,control,angular_velocity_norm,81,0.81,40,31,2.287423233687876,1.6472522497177164,2.7019957095384757,False
contact_stability,control,angular_velocity_norm,82,0.8200000000000001,40,31,2.081926717281337,1.4872580754757387,2.6860463678836295,False
contact_stability,control,angular_velocity_norm,83,0.8300000000000001,40,31,1.9513554980605907,1.4289646103977922,2.2925834238529337,False
contact_stability,control,angular_velocity_norm,84,0.84,40,31,2.142780360043048,1.5302609956264481,2.538682289123533,False
contact_stability,control,angular_velocity_norm,85,0.85,40,31,2.009122795239089,1.4154483854770379,2.6522113025188343,False
contact_stability,control,angular_velocity_norm,86,0.86,40,31,2.037891636162997,1.6562590122222876,2.505618212223048,False
contact_stability,control,angular_velocity_norm,87,0.87,40,31,2.09259306374192,1.5502801167964957,2.469924427270885,False
contact_stability,control,angular_velocity_norm,88,0.88,40,31,2.303663797259332,1.8364866220951104,2.789991042613968,False
contact_stability,control,angular_velocity_norm,89,0.89,40,31,2.1318506865799396,1.5832134190201652,2.6669928056001706,False
contact_stability,control,angular_velocity_norm,90,0.9,40,31,2.2111874657869377,1.7002361595630537,2.503194099664684,False
contact_stability,control,angular_velocity_norm,91,0.91,40,31,1.8911138109415746,1.4433074796199787,2.0591159397363628,False
contact_stability,control,angular_velocity_norm,92,0.92,40,31,2.184798038125036,1.5362154364585872,2.6593530225753743,False
contact_stability,control,angular_velocity_norm,93,0.93,40,31,2.1191019215434848,1.3695575273037006,2.7866889595985485,False
contact_stability,control,angular_velocity_norm,94,0.9400000000000001,40,31,1.8918879287838943,1.1720851409435342,2.1911267399787815,False
contact_stability,control,angular_velocity_norm,95,0.9500000000000001,40,31,2.0639776008576147,1.382595351338368,2.3224554449319705,False
contact_stability,control,angular_velocity_norm,96,0.96,40,31,1.9268815500438172,1.2294614410400375,2.3720913767814626,False
contact_stability,control,angular_velocity_norm,97,0.97,40,31,1.7759569127559647,1.2857481440901757,1.9744426476955432,False
contact_stability,control,angular_velocity_norm,98,0.98,40,31,2.1509437325149787,1.3791980266571042,2.687056897878641,False
contact_stability,control,angular_velocity_norm,99,0.99,40,31,2.4862891210764637,1.3235976257920186,2.334656075239198,False
contact_stability,control,angular_velocity_norm,100,1.0,40,31,0.0,0.0,0.0,False
contact_stability,control,cbf_correction_norm,0,0.0,40,31,4.393931432034037e-08,2.984593550081627e-08,6.222365911412453e-08,False
contact_stability,control,cbf_correction_norm,1,0.01,40,31,3.6018968401663185e-08,2.248309503904977e-08,4.925596117644204e-08,False
contact_stability,control,cbf_correction_norm,2,0.02,40,31,3.446065355650063e-08,2.0560426250426634e-08,4.9675819600025785e-08,False
contact_stability,control,cbf_correction_norm,3,0.03,40,31,4.3442968409523883e-08,2.0613334674735035e-08,6.280680247883197e-08,False
contact_stability,control,cbf_correction_norm,4,0.04,40,31,4.655128835207023e-08,3.144151374812055e-08,6.212944747119309e-08,False
contact_stability,control,cbf_correction_norm,5,0.05,40,31,4.5205214281862656e-08,2.004765020657825e-08,6.907677563283705e-08,False
contact_stability,control,cbf_correction_norm,6,0.06,40,31,5.307010562516364e-08,2.984969793118353e-08,7.145615960268969e-08,False
contact_stability,control,cbf_correction_norm,7,0.07,40,31,6.332992936824327e-05,3.7239187062887634e-08,7.709438818892519e-08,False
contact_stability,control,cbf_correction_norm,8,0.08,40,31,0.010372497089190599,3.375620064360873e-08,6.620913843846665e-08,False
contact_stability,control,cbf_correction_norm,9,0.09,40,31,0.0051893674452748294,3.5295053955053345e-08,6.9768979429341e-08,False
contact_stability,control,cbf_correction_norm,10,0.1,40,31,0.004391879254333454,3.1352956675334534e-08,7.508860724314557e-08,False
contact_stability,control,cbf_correction_norm,11,0.11,40,31,0.02040276529804435,4.123018454649246e-08,0.009140401575714087,False
contact_stability,control,cbf_correction_norm,12,0.12,40,31,0.00689279256934768,5.991081373224465e-08,1.0158538870541646e-07,False
contact_stability,control,cbf_correction_norm,13,0.13,40,31,0.007496605064824323,3.632958758714713e-08,0.0008302754107561454,False
contact_stability,control,cbf_correction_norm,14,0.14,40,31,0.004017966662332477,4.385675609341763e-08,9.75605138364698e-08,False
contact_stability,control,cbf_correction_norm,15,0.15,40,31,0.020931751716614384,3.663215393245878e-08,1.0580122360437346e-07,False
contact_stability,control,cbf_correction_norm,16,0.16,40,31,0.00978971402658404,4.453390495484652e-08,1.1785527473051608e-07,False
contact_stability,control,cbf_correction_norm,17,0.17,40,31,0.005279299565986042,3.4495362410957875e-08,9.580528553598874e-08,False
contact_stability,control,cbf_correction_norm,18,0.18,40,31,0.0049570207065662295,4.357101559548996e-08,8.478851405868699e-08,False
contact_stability,control,cbf_correction_norm,19,0.19,40,31,0.0007173089733718599,3.641123130115881e-08,9.334170778529946e-08,False
contact_stability,control,cbf_correction_norm,20,0.2,40,31,0.004307417979579773,5.033593053482811e-08,9.15161557202271e-08,False
contact_stability,control,cbf_correction_norm,21,0.21,40,31,0.0015027733465152497,4.872867461536127e-08,9.095354633004161e-08,False
contact_stability,control,cbf_correction_norm,22,0.22,40,31,0.0005000842461451148,4.954261811462848e-08,8.229933619929852e-08,False
contact_stability,control,cbf_correction_norm,23,0.23,40,31,0.0024747430174182467,4.620266833121886e-08,9.524544140049347e-08,False
contact_stability,control,cbf_correction_norm,24,0.24,40,31,0.004636212101103968,4.486810894377402e-08,8.46027321443898e-08,False
contact_stability,control,cbf_correction_norm,25,0.25,40,31,0.006497122231129963,5.4689233364158164e-08,1.0788638515890625e-07,False
contact_stability,control,cbf_correction_norm,26,0.26,40,31,6.54061282485685e-08,4.049442365428045e-08,9.065508793426545e-08,False
contact_stability,control,cbf_correction_norm,27,0.27,40,31,0.006285377947607593,4.7206260109787205e-08,1.0287736391667544e-07,False
contact_stability,control,cbf_correction_norm,28,0.28,40,31,6.702812168501971e-08,3.989654057789854e-08,9.065087148485385e-08,False
contact_stability,control,cbf_correction_norm,29,0.29,40,31,0.001763265565558831,4.194824109404659e-08,8.830672456383578e-08,False
contact_stability,control,cbf_correction_norm,30,0.3,40,31,6.48630510857729e-08,4.309373919930723e-08,8.816363692432084e-08,False
contact_stability,control,cbf_correction_norm,31,0.31,40,31,6.694486970015844e-08,4.224505879335526e-08,7.707349141128349e-08,False
contact_stability,control,cbf_correction_norm,32,0.32,40,31,0.0005135691737247919,3.7538959212213245e-08,8.990490805160788e-08,False
contact_stability,control,cbf_correction_norm,33,0.33,40,31,6.900940309240163e-08,4.513772352776584e-08,9.009085196964865e-08,False
contact_stability,control,cbf_correction_norm,34,0.34,40,31,0.001892557521030221,4.017123158561733e-08,1.0020010062561432e-07,False
contact_stability,control,cbf_correction_norm,35,0.35000000000000003,40,31,6.725020706532799e-08,4.9484310915559416e-08,7.914316553225862e-08,False
contact_stability,control,cbf_correction_norm,36,0.36,40,31,7.31393264956636e-08,4.203765124444214e-08,9.495414452942395e-08,False
contact_stability,control,cbf_correction_norm,37,0.37,40,31,5.941569148948389e-08,3.8991919346642443e-08,7.56207229279937e-08,False
contact_stability,control,cbf_correction_norm,38,0.38,40,31,9.69630201604313e-05,6.072211483854112e-08,1.1149117781883444e-07,False
contact_stability,control,cbf_correction_norm,39,0.39,40,31,0.0018322124579864482,5.085810322213986e-08,7.969507509031254e-08,False
contact_stability,control,cbf_correction_norm,40,0.4,40,31,6.983162717855158e-08,4.9924843636975624e-08,8.385982290803912e-08,False
contact_stability,control,cbf_correction_norm,41,0.41000000000000003,40,31,6.051635957238225e-08,2.7727963463065296e-08,8.264602913143877e-08,False
contact_stability,control,cbf_correction_norm,42,0.42,40,31,0.0016601424437488546,4.213006530306981e-08,9.638586170979098e-08,False
contact_stability,control,cbf_correction_norm,43,0.43,40,31,0.005072243891200321,4.813050249907736e-08,9.630239196312233e-08,False
contact_stability,control,cbf_correction_norm,44,0.44,40,31,0.00018035608790150482,4.625071486685771e-08,8.986234227847931e-08,False
contact_stability,control,cbf_correction_norm,45,0.45,40,31,6.669014304350175e-08,4.1036189024623646e-08,8.730965976866399e-08,False
contact_stability,control,cbf_correction_norm,46,0.46,40,31,6.905936486045735e-08,3.7802574910373086e-08,8.884234460992951e-08,False
contact_stability,control,cbf_correction_norm,47,0.47000000000000003,40,31,0.005188272791241747,4.565937996581185e-08,8.100112403042272e-08,False
contact_stability,control,cbf_correction_norm,48,0.48,40,31,7.902301127771232e-08,5.887293028195006e-08,9.736950630667647e-08,False
contact_stability,control,cbf_correction_norm,49,0.49,40,31,0.0006082443209568616,4.7257536763822955e-08,8.49602318808707e-08,False
contact_stability,control,cbf_correction_norm,50,0.5,40,31,0.0038674777304189335,5.025876470554654e-08,1.0307309850077064e-07,False
contact_stability,control,cbf_correction_norm,51,0.51,40,31,0.004967097310360614,4.754689736152784e-08,9.07762494506415e-08,False
contact_stability,control,cbf_correction_norm,52,0.52,40,31,0.003735016995146164,4.908175430529179e-08,7.994458727011983e-08,False
contact_stability,control,cbf_correction_norm,53,0.53,40,31,0.0004779136799133647,5.011359220041776e-08,1.0109322845508485e-07,False
contact_stability,control,cbf_correction_norm,54,0.54,40,31,0.005987733468207487,5.0561223901013987e-08,8.159840575672008e-08,False
contact_stability,control,cbf_correction_norm,55,0.55,40,31,6.955697068988805e-08,4.4512455055211346e-08,8.71740732932835e-08,False
contact_stability,control,cbf_correction_norm,56,0.56,40,31,0.004761239424075704,4.2488658458241034e-08,9.971700102085015e-08,False
contact_stability,control,cbf_correction_norm,57,0.5700000000000001,40,31,6.44940035146039e-08,4.0209468945566096e-08,8.033929539408072e-08,False
contact_stability,control,cbf_correction_norm,58,0.58,40,31,0.0006469741355266182,5.348595543352987e-08,8.038719453651299e-08,False
contact_stability,control,cbf_correction_norm,59,0.59,40,31,0.010556076267063851,3.159798431351393e-08,9.660916026277237e-08,False
contact_stability,control,cbf_correction_norm,60,0.6,40,31,0.00011230286787597967,4.2553809009861204e-08,8.723510696029273e-08,False
contact_stability,control,cbf_correction_norm,61,0.61,40,31,0.000687041936405466,5.067039364092781e-08,9.137565645467154e-08,False
contact_stability,control,cbf_correction_norm,62,0.62,40,31,7.234407071710081e-08,4.53715578352398e-08,9.186057859267296e-08,False
contact_stability,control,cbf_correction_norm,63,0.63,40,31,0.0005222776318877095,5.504311337833903e-08,9.018272702832099e-08,False
contact_stability,control,cbf_correction_norm,64,0.64,40,31,0.0028714260734089545,3.8393745995788616e-08,8.965693247375794e-08,False
contact_stability,control,cbf_correction_norm,65,0.65,40,31,0.010851799067222404,4.6044753965192075e-08,1.1181220225253541e-07,False
contact_stability,control,cbf_correction_norm,66,0.66,40,31,0.004915288041960347,5.102079203567241e-08,9.8719682739557e-08,False
contact_stability,control,cbf_correction_norm,67,0.67,40,31,0.002455941701332999,4.525261068977206e-08,9.030019602285039e-08,False
contact_stability,control,cbf_correction_norm,68,0.68,40,31,0.00019237624110233584,4.506012430738295e-08,8.44982026393387e-08,False
contact_stability,control,cbf_correction_norm,69,0.6900000000000001,40,31,7.565855403956996e-08,4.315722577752167e-08,9.222905650308395e-08,False
contact_stability,control,cbf_correction_norm,70,0.7000000000000001,40,31,6.895284519803398e-08,4.67323230779482e-08,7.572478866180209e-08,False
contact_stability,control,cbf_correction_norm,71,0.71,40,31,7.64184200365844e-08,5.466499098716275e-08,9.522531160488534e-08,False
contact_stability,control,cbf_correction_norm,72,0.72,40,31,0.0007332572903397187,4.973821351228404e-08,7.396909481371987e-08,False
contact_stability,control,cbf_correction_norm,73,0.73,40,31,0.001213425883296375,3.778585442759603e-08,9.990067594500819e-08,False
contact_stability,control,cbf_correction_norm,74,0.74,40,31,0.005887620088987578,4.232405608206604e-08,9.598322001647434e-08,False
contact_stability,control,cbf_correction_norm,75,0.75,40,31,0.004512282570684029,4.988167057184996e-08,9.341136042451126e-08,False
contact_stability,control,cbf_correction_norm,76,0.76,40,31,0.002559873920526158,4.572344435516134e-08,8.025740577011181e-08,False
contact_stability,control,cbf_correction_norm,77,0.77,40,31,4.761188026166837e-05,4.365958763408166e-08,8.467642341969406e-08,False
contact_stability,control,cbf_correction_norm,78,0.78,40,31,0.0004985383379244974,4.250406027139768e-08,8.274036567001958e-08,False
contact_stability,control,cbf_correction_norm,79,0.79,40,31,0.0008559522374700061,4.4449887894870646e-08,8.60490741239059e-08,False
contact_stability,control,cbf_correction_norm,80,0.8,40,31,7.176547448750614e-08,5.158972129493095e-08,8.844586645295815e-08,False
contact_stability,control,cbf_correction_norm,81,0.81,40,31,6.635910828955995e-08,3.7776039514269314e-08,8.356701197698013e-08,False
contact_stability,control,cbf_correction_norm,82,0.8200000000000001,40,31,0.010072222881442865,4.6649005689401864e-08,9.40967716900326e-08,False
contact_stability,control,cbf_correction_norm,83,0.8300000000000001,40,31,0.008500279380428523,4.5386366887005674e-08,8.811671193598007e-08,False
contact_stability,control,cbf_correction_norm,84,0.84,40,31,6.645374421410157e-08,3.892578092745707e-08,7.847381898074027e-08,False
contact_stability,control,cbf_correction_norm,85,0.85,40,31,0.001330837259895302,5.711274382313873e-08,8.59029047006743e-08,False
contact_stability,control,cbf_correction_norm,86,0.86,40,31,0.00031548385046891277,4.468766159781976e-08,1.1237815023434968e-07,False
contact_stability,control,cbf_correction_norm,87,0.87,40,31,0.00023403534807992069,4.224498745486503e-08,1.0181265759356883e-07,False
contact_stability,control,cbf_correction_norm,88,0.88,40,31,1.1920069126642901e-05,4.437393389622463e-08,9.42584966168168e-08,False
contact_stability,control,cbf_correction_norm,89,0.89,40,31,0.006059989020785776,4.769953292793612e-08,9.33638460764997e-08,False
contact_stability,control,cbf_correction_norm,90,0.9,40,31,0.0036989431596134033,4.579281522865241e-08,7.809469284580877e-08,False
contact_stability,control,cbf_correction_norm,91,0.91,40,31,0.0035807591654148942,3.91621778650383e-08,8.710083216456559e-08,False
contact_stability,control,cbf_correction_norm,92,0.92,40,31,0.00040571516356730896,3.4519574008129535e-08,7.071377041256702e-08,False
contact_stability,control,cbf_correction_norm,93,0.93,40,31,0.01432818358790385,3.7471631237902065e-08,8.05510110701822e-08,False
contact_stability,control,cbf_correction_norm,94,0.9400000000000001,40,31,5.544815587477098e-08,3.338567163169048e-08,6.456372087626587e-08,False
contact_stability,control,cbf_correction_norm,95,0.9500000000000001,40,31,0.0009570254995709144,3.741571501514338e-08,9.747261540127025e-08,False
contact_stability,control,cbf_correction_norm,96,0.96,40,31,5.9356787657449796e-08,4.705183958009279e-08,7.14971910298348e-08,False
contact_stability,control,cbf_correction_norm,97,0.97,40,31,0.0014791689627261654,3.018566386181516e-08,6.328321820347863e-08,False
contact_stability,control,cbf_correction_norm,98,0.98,40,31,0.0018324832242424631,3.072333299769593e-08,6.97958346318472e-08,False
contact_stability,control,cbf_correction_norm,99,0.99,40,31,0.032332572346374024,2.7190440397007488e-08,7.22332431513094e-08,False
contact_stability,control,cbf_correction_norm,100,1.0,40,31,0.0,0.0,0.0,False
contact_stability,v21,maximum_slip_speed,0,0.0,40,34,0.0,0.0,0.0,False
contact_stability,v21,maximum_slip_speed,1,0.01,40,34,0.07194729987112805,0.03287564435042441,0.09922295359894634,False
contact_stability,v21,maximum_slip_speed,2,0.02,40,34,0.10720434716949238,0.03152673278469592,0.17435749977827095,False
contact_stability,v21,maximum_slip_speed,3,0.03,40,34,0.15229151881393047,0.05141497744945806,0.21864715177565824,False
contact_stability,v21,maximum_slip_speed,4,0.04,40,34,0.04967639509425499,0.012329690372571346,0.03125832902267578,False
contact_stability,v21,maximum_slip_speed,5,0.05,40,34,0.1728376707684947,0.023765305837150374,0.31407899670302886,False
contact_stability,v21,maximum_slip_speed,6,0.06,40,34,0.0706340787655208,0.012401958899572515,0.08224246025085394,False
contact_stability,v21,maximum_slip_speed,7,0.07,40,34,0.1065935929545081,0.009982695715734794,0.16776478672400152,False
contact_stability,v21,maximum_slip_speed,8,0.08,40,34,0.09722337016649539,0.021159018287435133,0.1129799610003831,False
contact_stability,v21,maximum_slip_speed,9,0.09,40,34,0.12437752295093366,0.02621429137419913,0.0914736126549546,False
contact_stability,v21,maximum_slip_speed,10,0.1,40,34,0.17551978398289042,0.014462869428098196,0.3416856442578109,False
contact_stability,v21,maximum_slip_speed,11,0.11,40,34,0.20701265718520126,0.011424981168238434,0.2923739857971671,False
contact_stability,v21,maximum_slip_speed,12,0.12,40,34,0.10915057599823916,0.02048331785015758,0.14364592088386277,False
contact_stability,v21,maximum_slip_speed,13,0.13,40,34,0.21275463796278968,0.053219100702553986,0.31736143834888936,False
contact_stability,v21,maximum_slip_speed,14,0.14,40,34,0.20155721301725138,0.030806328020989898,0.34521106600761203,False
contact_stability,v21,maximum_slip_speed,15,0.15,40,34,0.23259463290742163,0.07099349121563162,0.31271021068095695,False
contact_stability,v21,maximum_slip_speed,16,0.16,40,34,0.15083924616500732,0.04076816011220217,0.21689274162054073,False
contact_stability,v21,maximum_slip_speed,17,0.17,40,34,0.18222243792843046,0.05797173514030846,0.24317977115511952,False
contact_stability,v21,maximum_slip_speed,18,0.18,40,34,0.26494270530482755,0.08715089604258555,0.3311648103594777,False
contact_stability,v21,maximum_slip_speed,19,0.19,40,34,0.18939004962006575,0.06032488823868353,0.1959531693160536,False
contact_stability,v21,maximum_slip_speed,20,0.2,40,34,0.20440116918121864,0.065989395231009,0.2824774116277695,False
contact_stability,v21,maximum_slip_speed,21,0.21,40,34,0.17708074922877065,0.0489358996925877,0.2170379481650878,False
contact_stability,v21,maximum_slip_speed,22,0.22,40,34,0.17674987537227577,0.048342742240056594,0.20239092253148555,False
contact_stability,v21,maximum_slip_speed,23,0.23,40,34,0.18071114145521994,0.04763202956877634,0.2896853263676167,False
contact_stability,v21,maximum_slip_speed,24,0.24,40,34,0.20132215709984375,0.026487931832672063,0.24437122732400696,False
contact_stability,v21,maximum_slip_speed,25,0.25,40,34,0.20080834382388296,0.040864536305889515,0.21808909624814987,False
contact_stability,v21,maximum_slip_speed,26,0.26,40,34,0.2638870205003772,0.06627896580844982,0.335791090503336,False
contact_stability,v21,maximum_slip_speed,27,0.27,40,34,0.16599776219110945,0.046509388573468924,0.21279937606304802,False
contact_stability,v21,maximum_slip_speed,28,0.28,40,34,0.20735862592048826,0.0607323157414795,0.2594874234497535,False
contact_stability,v21,maximum_slip_speed,29,0.29,40,34,0.21954855708664356,0.058388496115803414,0.28988082922995917,False
contact_stability,v21,maximum_slip_speed,30,0.3,40,34,0.20723306941334135,0.04900668989866984,0.19036478865891832,False
contact_stability,v21,maximum_slip_speed,31,0.31,40,34,0.22527119122690084,0.10257850132882665,0.3060834714770329,False
contact_stability,v21,maximum_slip_speed,32,0.32,40,34,0.2932670451225716,0.05075131922960279,0.4174440467357622,False
contact_stability,v21,maximum_slip_speed,33,0.33,40,34,0.15537487393128632,0.05090249681845277,0.1772678427770738,False
contact_stability,v21,maximum_slip_speed,34,0.34,40,34,0.20012414791667962,0.06470919530838698,0.207826888859269,False
contact_stability,v21,maximum_slip_speed,35,0.35000000000000003,40,34,0.2537778964627055,0.059909048397092914,0.3082809194922375,False
contact_stability,v21,maximum_slip_speed,36,0.36,40,34,0.2495878693722172,0.060826345719396976,0.3184099611639955,False
contact_stability,v21,maximum_slip_speed,37,0.37,40,34,0.21435788876516795,0.07270298328250657,0.2676559793390294,False
contact_stability,v21,maximum_slip_speed,38,0.38,40,34,0.2179299991670991,0.0943371630832549,0.22730087257921633,False
contact_stability,v21,maximum_slip_speed,39,0.39,40,34,0.17409235107572757,0.05061936795711478,0.24639637254178526,False
contact_stability,v21,maximum_slip_speed,40,0.4,40,34,0.2503647450124853,0.09859264269471413,0.34007192626595495,False
contact_stability,v21,maximum_slip_speed,41,0.41000000000000003,40,34,0.31480007895000917,0.07591736450791428,0.37276914969086594,False
contact_stability,v21,maximum_slip_speed,42,0.42,40,34,0.17458213961357322,0.04595555562525993,0.1873502779006971,False
contact_stability,v21,maximum_slip_speed,43,0.43,40,34,0.2801697894090324,0.09519418805837682,0.2781325608491892,False
contact_stability,v21,maximum_slip_speed,44,0.44,40,34,0.1817640185966155,0.03901681365445261,0.1686081871390335,False
contact_stability,v21,maximum_slip_speed,45,0.45,40,34,0.30282011745148385,0.08856172210071328,0.4351644873619085,False
contact_stability,v21,maximum_slip_speed,46,0.46,40,34,0.20048533681081557,0.0824069706723082,0.2118016952276231,False
contact_stability,v21,maximum_slip_speed,47,0.47000000000000003,40,34,0.21323886525165187,0.06339275165461057,0.36052042126655365,False
contact_stability,v21,maximum_slip_speed,48,0.48,40,34,0.26056643786653766,0.06563907494768545,0.3696940083801763,False
contact_stability,v21,maximum_slip_speed,49,0.49,40,34,0.19620877368585213,0.04974329248070732,0.2459885771013806,False
contact_stability,v21,maximum_slip_speed,50,0.5,40,34,0.22053330759517853,0.0798864820972085,0.23646829463541374,False
contact_stability,v21,maximum_slip_speed,51,0.51,40,34,0.3211360807295439,0.08411844279617253,0.3740863958001123,False
contact_stability,v21,maximum_slip_speed,52,0.52,40,34,0.25095330237492464,0.08264913789928,0.3311741149425516,False
contact_stability,v21,maximum_slip_speed,53,0.53,40,34,0.27718469720647965,0.056740834955125975,0.25729488939046635,False
contact_stability,v21,maximum_slip_speed,54,0.54,40,34,0.21584599805390603,0.043892101384699594,0.21656315267086115,False
contact_stability,v21,maximum_slip_speed,55,0.55,40,34,0.2114412049634858,0.06802922114729884,0.24420179836452738,False
contact_stability,v21,maximum_slip_speed,56,0.56,40,34,0.17438165195007266,0.05942540802061541,0.1740284531563494,False
contact_stability,v21,maximum_slip_speed,57,0.5700000000000001,40,34,0.19265190800709772,0.05521345138549805,0.1822863784804955,False
contact_stability,v21,maximum_slip_speed,58,0.58,40,34,0.25624662399385373,0.0823736733384433,0.3074136118590781,False
contact_stability,v21,maximum_slip_speed,59,0.59,40,34,0.2644930044269393,0.07434780531795693,0.2923197223246071,False
contact_stability,v21,maximum_slip_speed,60,0.6,40,34,0.21428019457962502,0.08210955560207349,0.25667180567979814,False
contact_stability,v21,maximum_slip_speed,61,0.61,40,34,0.22653960997215603,0.060653943512589875,0.2302909075841279,False
contact_stability,v21,maximum_slip_speed,62,0.62,40,34,0.2081081712115577,0.06047193374485174,0.23094825871288738,False
contact_stability,v21,maximum_slip_speed,63,0.63,40,34,0.26701360476790925,0.08433464345522265,0.2935485857725142,False
contact_stability,v21,maximum_slip_speed,64,0.64,40,34,0.19897727032238782,0.07096085354685798,0.2943740747869143,False
contact_stability,v21,maximum_slip_speed,65,0.65,40,34,0.20025117918790886,0.05739532816223727,0.23763445354998344,False
contact_stability,v21,maximum_slip_speed,66,0.66,40,34,0.18923776632733508,0.06221130885183761,0.2520368816703618,False
contact_stability,v21,maximum_slip_speed,67,0.67,40,34,0.285043262751779,0.10074302792549222,0.33191870354116293,False
contact_stability,v21,maximum_slip_speed,68,0.68,40,34,0.16934927355125406,0.06753199547529228,0.19165007695555833,False
contact_stability,v21,maximum_slip_speed,69,0.6900000000000001,40,34,0.21372321595175475,0.04633962101303102,0.23613369829952596,False
contact_stability,v21,maximum_slip_speed,70,0.7000000000000001,40,34,0.23049536773935614,0.06199583355337394,0.3099702432751559,False
contact_stability,v21,maximum_slip_speed,71,0.71,40,34,0.2336911601086614,0.060265172058716565,0.2521968218125331,False
contact_stability,v21,maximum_slip_speed,72,0.72,40,34,0.16523869520658332,0.05767999133095373,0.1831408849358534,False
contact_stability,v21,maximum_slip_speed,73,0.73,40,34,0.22080073546257356,0.0745433593442437,0.23826576091349047,False
contact_stability,v21,maximum_slip_speed,74,0.74,40,34,0.21357659722212716,0.07587562883272758,0.2867688744142743,False
contact_stability,v21,maximum_slip_speed,75,0.75,40,34,0.22853238903626324,0.059102619416080415,0.23363400623202324,False
contact_stability,v21,maximum_slip_speed,76,0.76,40,34,0.3091965681591566,0.06851021494716757,0.30971670404073987,False
contact_stability,v21,maximum_slip_speed,77,0.77,40,34,0.18627465073892424,0.04221236234530728,0.23512207414955122,False
contact_stability,v21,maximum_slip_speed,78,0.78,40,34,0.25337225304171374,0.08779406060464154,0.27539267987013655,False
contact_stability,v21,maximum_slip_speed,79,0.79,40,34,0.27762393183185585,0.060919353747742065,0.2904211145639383,False
contact_stability,v21,maximum_slip_speed,80,0.8,40,34,0.20527646705508187,0.04974918253719807,0.21638057753443718,False
contact_stability,v21,maximum_slip_speed,81,0.81,40,34,0.21809649650287216,0.06832532907835792,0.27844851545990384,False
contact_stability,v21,maximum_slip_speed,82,0.8200000000000001,40,34,0.23105045721913636,0.07735199304296839,0.30087239950897177,False
contact_stability,v21,maximum_slip_speed,83,0.8300000000000001,40,34,0.2117228587728437,0.054029575390741436,0.24764275558292853,False
contact_stability,v21,maximum_slip_speed,84,0.84,40,34,0.29020184177812247,0.10770622618496287,0.3463399135321626,False
contact_stability,v21,maximum_slip_speed,85,0.85,40,34,0.19488100957474536,0.05260365782305557,0.23375359289348208,False
contact_stability,v21,maximum_slip_speed,86,0.86,40,34,0.23291724029602373,0.057138545922935685,0.24234703630209134,False
contact_stability,v21,maximum_slip_speed,87,0.87,40,34,0.2561061384640627,0.07332418466452485,0.30243744850158616,False
contact_stability,v21,maximum_slip_speed,88,0.88,40,34,0.23388085102196757,0.06128216344863183,0.3176788195967674,False
contact_stability,v21,maximum_slip_speed,89,0.89,40,34,0.2012996236793699,0.052662265300745706,0.3011724431440216,False
contact_stability,v21,maximum_slip_speed,90,0.9,40,34,0.3252082357875766,0.05982285395730428,0.4854024758562428,False
contact_stability,v21,maximum_slip_speed,91,0.91,40,34,0.25579116205661606,0.08199634552001994,0.3276964815706137,False
contact_stability,v21,maximum_slip_speed,92,0.92,40,34,0.2701972762974912,0.07472358211874988,0.3444316352903839,False
contact_stability,v21,maximum_slip_speed,93,0.93,40,34,0.1419426909133336,0.038997435988858485,0.1988772541657077,False
contact_stability,v21,maximum_slip_speed,94,0.9400000000000001,40,34,0.2217369810994733,0.03475274468771793,0.1554248740524036,False
contact_stability,v21,maximum_slip_speed,95,0.9500000000000001,40,34,0.1493435944800133,0.028066599834709938,0.17534354664383675,False
contact_stability,v21,maximum_slip_speed,96,0.96,40,34,0.18106281356141077,0.028305440954864126,0.2936707946658159,False
contact_stability,v21,maximum_slip_speed,97,0.97,40,34,0.19113511433953073,0.04985736737959198,0.30288677893578775,False
contact_stability,v21,maximum_slip_speed,98,0.98,40,34,0.13836407230747863,0.03233644444961035,0.1357102277316153,False
contact_stability,v21,maximum_slip_speed,99,0.99,40,34,0.12562826624477852,0.022776178792119357,0.16823080301285243,False
contact_stability,v21,maximum_slip_speed,100,1.0,40,34,0.0,0.0,0.0,False
contact_stability,v21,contact_phase_mismatch,0,0.0,40,34,0.9,1.0,1.0,False
contact_stability,v21,contact_phase_mismatch,1,0.01,40,34,0.03937500000000001,0.0,0.0,False
contact_stability,v21,contact_phase_mismatch,2,0.02,40,34,0.21675,0.0,0.47999999999999976,False
contact_stability,v21,contact_phase_mismatch,3,0.03,40,34,0.23099999999999996,0.0,0.5,False
contact_stability,v21,contact_phase_mismatch,4,0.04,40,34,0.04649999999999998,0.0,0.0,False
contact_stability,v21,contact_phase_mismatch,5,0.05,40,34,0.2443750000000001,0.0,0.5,False
contact_stability,v21,contact_phase_mismatch,6,0.06,40,34,0.05499999999999998,0.0,0.0,False
contact_stability,v21,contact_phase_mismatch,7,0.07,40,34,0.1578749999999997,0.0,0.411249999999998,False
contact_stability,v21,contact_phase_mismatch,8,0.08,40,34,0.11899999999999986,0.0,0.19000000000000045,False
contact_stability,v21,contact_phase_mismatch,9,0.09,40,34,0.10949999999999993,0.0,0.046249999999999354,False
contact_stability,v21,contact_phase_mismatch,10,0.1,40,34,0.16749999999999995,0.0,0.4499999999999991,False
contact_stability,v21,contact_phase_mismatch,11,0.11,40,34,0.22200000000000006,0.0,0.5,False
contact_stability,v21,contact_phase_mismatch,12,0.12,40,34,0.15700000000000017,0.0,0.33500000000000096,False
contact_stability,v21,contact_phase_mismatch,13,0.13,40,34,0.18512500000000012,0.0,0.5,False
contact_stability,v21,contact_phase_mismatch,14,0.14,40,34,0.1512500000000005,0.0,0.3325000000000059,False
contact_stability,v21,contact_phase_mismatch,15,0.15,40,34,0.19687499999999997,0.0,0.5,False
contact_stability,v21,contact_phase_mismatch,16,0.16,40,34,0.16649999999999962,0.0,0.3049999999999972,False
contact_stability,v21,contact_phase_mismatch,17,0.17,40,34,0.1334999999999999,0.0,0.3249999999999955,False
contact_stability,v21,contact_phase_mismatch,18,0.18,40,34,0.22125000000000009,0.0,0.5,False
contact_stability,v21,contact_phase_mismatch,19,0.19,40,34,0.09874999999999969,0.0,0.12624999999999792,False
contact_stability,v21,contact_phase_mismatch,20,0.2,40,34,0.1150000000000001,0.0,0.2000000000000018,False
contact_stability,v21,contact_phase_mismatch,21,0.21,40,34,0.1543749999999998,0.0,0.31375000000000197,False
contact_stability,v21,contact_phase_mismatch,22,0.22,40,34,0.14750000000000002,0.0,0.27750000000000113,False
contact_stability,v21,contact_phase_mismatch,23,0.23,40,34,0.1067500000000003,0.0,0.13124999999999884,False
contact_stability,v21,contact_phase_mismatch,24,0.24,40,34,0.17250000000000015,0.0,0.384999999999997,False
contact_stability,v21,contact_phase_mismatch,25,0.25,40,34,0.09999999999999953,0.0,0.03125,False
contact_stability,v21,contact_phase_mismatch,26,0.26,40,34,0.1627500000000002,0.0,0.41500000000000126,False
contact_stability,v21,contact_phase_mismatch,27,0.27,40,34,0.07774999999999896,0.0,0.06249999999999731,False
contact_stability,v21,contact_phase_mismatch,28,0.28,40,34,0.1410000000000001,0.0,0.26500000000000556,False
contact_stability,v21,contact_phase_mismatch,29,0.29,40,34,0.1522499999999999,0.0,0.290000000000002,False
contact_stability,v21,contact_phase_mismatch,30,0.3,40,34,0.062499999999999535,0.0,0.0,False
contact_stability,v21,contact_phase_mismatch,31,0.31,40,34,0.13525000000000043,0.0,0.18250000000000344,False
contact_stability,v21,contact_phase_mismatch,32,0.32,40,34,0.1469999999999993,0.0,0.2949999999999931,False
contact_stability,v21,contact_phase_mismatch,33,0.33,40,34,0.12012499999999926,0.0,0.17999999999999217,False
contact_stability,v21,contact_phase_mismatch,34,0.34,40,34,0.13475000000000018,0.0,0.2024999999999968,False
contact_stability,v21,contact_phase_mismatch,35,0.35000000000000003,40,34,0.12562500000000093,0.0,0.24374999999999347,False
contact_stability,v21,contact_phase_mismatch,36,0.36,40,34,0.10849999999999911,0.0,0.12000000000000052,False
contact_stability,v21,contact_phase_mismatch,37,0.37,40,34,0.18449999999999994,0.0,0.40874999999999595,False
contact_stability,v21,contact_phase_mismatch,38,0.38,40,34,0.1459999999999994,0.0,0.24249999999999955,False
contact_stability,v21,contact_phase_mismatch,39,0.39,40,34,0.12412500000000033,0.0,0.23250000000000728,False
contact_stability,v21,contact_phase_mismatch,40,0.4,40,34,0.1875000000000005,0.0,0.40000000000001235,False
contact_stability,v21,contact_phase_mismatch,41,0.41000000000000003,40,34,0.17174999999999813,0.0,0.33125000000000526,False
contact_stability,v21,contact_phase_mismatch,42,0.42,40,34,0.10524999999999944,0.0,0.132499999999998,False
contact_stability,v21,contact_phase_mismatch,43,0.43,40,34,0.09537500000000035,0.0,0.05125000000000311,False
contact_stability,v21,contact_phase_mismatch,44,0.44,40,34,0.07199999999999936,0.0,0.005,False
contact_stability,v21,contact_phase_mismatch,45,0.45,40,34,0.14250000000000063,0.0,0.28749999999999754,False
contact_stability,v21,contact_phase_mismatch,46,0.46,40,34,0.13899999999999912,0.0,0.1925000000000008,False
contact_stability,v21,contact_phase_mismatch,47,0.47000000000000003,40,34,0.12262500000000076,0.0,0.18750000000001305,False
contact_stability,v21,contact_phase_mismatch,48,0.48,40,34,0.09600000000000106,0.0,0.10499999999999587,False
contact_stability,v21,contact_phase_mismatch,49,0.49,40,34,0.1429999999999998,0.0,0.3237499999999999,False
contact_stability,v21,contact_phase_mismatch,50,0.5,40,34,0.11874999999999966,0.0,0.24999999999998732,False
contact_stability,v21,contact_phase_mismatch,51,0.51,40,34,0.22449999999999865,0.0,0.4924999999999983,False
contact_stability,v21,contact_phase_mismatch,52,0.52,40,34,0.10849999999999824,0.0,0.14500000000000862,False
contact_stability,v21,contact_phase_mismatch,53,0.53,40,34,0.11312500000000007,0.0,0.16874999999999457,False
contact_stability,v21,contact_phase_mismatch,54,0.54,40,34,0.14849999999999944,0.0,0.2724999999999996,False
contact_stability,v21,contact_phase_mismatch,55,0.55,40,34,0.10624999999999958,0.0,0.0,False
contact_stability,v21,contact_phase_mismatch,56,0.56,40,34,0.15000000000000074,0.0,0.2050000000000219,False
contact_stability,v21,contact_phase_mismatch,57,0.5700000000000001,40,34,0.1523750000000003,0.0,0.2737499999999674,False
contact_stability,v21,contact_phase_mismatch,58,0.58,40,34,0.15750000000000083,0.0,0.2625000000000149,False
contact_stability,v21,contact_phase_mismatch,59,0.59,40,34,0.11262499999999727,0.0,0.09874999999998421,False
contact_stability,v21,contact_phase_mismatch,60,0.6,40,34,0.1774999999999987,0.0,0.3249999999999983,False
contact_stability,v21,contact_phase_mismatch,61,0.61,40,34,0.09674999999999992,0.0,0.12750000000000392,False
contact_stability,v21,contact_phase_mismatch,62,0.62,40,34,0.1037500000000002,0.0,0.00499999999999572,False
contact_stability,v21,contact_phase_mismatch,63,0.63,40,34,0.1269999999999995,0.0,0.2049999999999932,False
contact_stability,v21,contact_phase_mismatch,64,0.64,40,34,0.10750000000000162,0.0,0.16500000000000334,False
contact_stability,v21,contact_phase_mismatch,65,0.65,40,34,0.12187500000000151,0.0,0.21250000000000913,False
contact_stability,v21,contact_phase_mismatch,66,0.66,40,34,0.08349999999999906,0.0,0.017500000000004127,False
contact_stability,v21,contact_phase_mismatch,67,0.67,40,34,0.17987500000000228,0.0,0.368750000000036,False
contact_stability,v21,contact_phase_mismatch,68,0.68,40,34,0.0860000000000022,0.0,0.0649999999999992,False
contact_stability,v21,contact_phase_mismatch,69,0.6900000000000001,40,34,0.10437500000000163,0.0,0.10500000000001185,False
contact_stability,v21,contact_phase_mismatch,70,0.7000000000000001,40,34,0.12500000000000194,0.0,0.19999999999999113,False
contact_stability,v21,contact_phase_mismatch,71,0.71,40,34,0.15962499999999974,0.0,0.3424999999999727,False
contact_stability,v21,contact_phase_mismatch,72,0.72,40,34,0.11149999999999985,0.0,0.1249999999999887,False
contact_stability,v21,contact_phase_mismatch,73,0.73,40,34,0.10649999999999982,0.0,0.03749999999999825,False
contact_stability,v21,contact_phase_mismatch,74,0.74,40,34,0.0805000000000011,0.0,0.004999999999998783,False
contact_stability,v21,contact_phase_mismatch,75,0.75,40,34,0.065625,0.0,0.0,False
contact_stability,v21,contact_phase_mismatch,76,0.76,40,34,0.12900000000000114,0.0,0.344999999999991,False
contact_stability,v21,contact_phase_mismatch,77,0.77,40,34,0.1043750000000003,0.0,0.08500000000000299,False
contact_stability,v21,contact_phase_mismatch,78,0.78,40,34,0.15999999999999784,0.0,0.3174999999999815,False
contact_stability,v21,contact_phase_mismatch,79,0.79,40,34,0.10624999999999876,0.0,0.19874999999999066,False
contact_stability,v21,contact_phase_mismatch,80,0.8,40,34,0.11750000000000012,0.0,0.12499999999998986,False
contact_stability,v21,contact_phase_mismatch,81,0.81,40,34,0.19200000000000098,0.0,0.47000000000000614,False
contact_stability,v21,contact_phase_mismatch,82,0.8200000000000001,40,34,0.16449999999999956,0.0,0.37500000000000333,False
contact_stability,v21,contact_phase_mismatch,83,0.8300000000000001,40,34,0.09437499999999847,0.0,0.06250000000002438,False
contact_stability,v21,contact_phase_mismatch,84,0.84,40,34,0.12949999999999987,0.0,0.24000000000000327,False
contact_stability,v21,contact_phase_mismatch,85,0.85,40,34,0.13374999999999743,0.0,0.25624999999998915,False
contact_stability,v21,contact_phase_mismatch,86,0.86,40,34,0.11250000000000034,0.0,0.1699999999999978,False
contact_stability,v21,contact_phase_mismatch,87,0.87,40,34,0.1870000000000005,0.0,0.37749999999999845,False
contact_stability,v21,contact_phase_mismatch,88,0.88,40,34,0.13449999999999965,0.0,0.14000000000000895,False
contact_stability,v21,contact_phase_mismatch,89,0.89,40,34,0.14562500000000123,0.0,0.28499999999999914,False
contact_stability,v21,contact_phase_mismatch,90,0.9,40,34,0.12125000000000033,0.0,0.18750000000002118,False
contact_stability,v21,contact_phase_mismatch,91,0.91,40,34,0.13925000000000148,0.0,0.21499999999999747,False
contact_stability,v21,contact_phase_mismatch,92,0.92,40,34,0.19250000000000234,0.0,0.4200000000000197,False
contact_stability,v21,contact_phase_mismatch,93,0.93,40,34,0.08012499999999878,0.0,0.010000000000000476,False
contact_stability,v21,contact_phase_mismatch,94,0.9400000000000001,40,34,0.14175000000000224,0.0,0.390000000000014,False
contact_stability,v21,contact_phase_mismatch,95,0.9500000000000001,40,34,0.08687500000000375,0.0,0.012500000000014819,False
contact_stability,v21,contact_phase_mismatch,96,0.96,40,34,0.2165000000000017,0.0,0.5,False
contact_stability,v21,contact_phase_mismatch,97,0.97,40,34,0.23812500000000156,0.0,0.5,False
contact_stability,v21,contact_phase_mismatch,98,0.98,40,34,0.1494999999999998,0.0,0.3625000000000036,False
contact_stability,v21,contact_phase_mismatch,99,0.99,40,34,0.1553749999999994,0.0,0.32374999999998516,False
contact_stability,v21,contact_phase_mismatch,100,1.0,40,34,0.9,1.0,1.0,False
contact_stability,v21,abs_roll_rad,0,0.0,40,34,0.011345665599219502,0.010998236015439034,0.012136752950027585,False
contact_stability,v21,abs_roll_rad,1,0.01,40,34,0.01513065682200249,0.01049247427843511,0.018203458515927196,False
contact_stability,v21,abs_roll_rad,2,0.02,40,34,0.03454060664668214,0.01747993716970086,0.0566722415946424,False
contact_stability,v21,abs_roll_rad,3,0.03,40,34,0.012624971325167277,0.005711069526150824,0.018992295975331207,False
contact_stability,v21,abs_roll_rad,4,0.04,40,34,0.03298971818143036,0.01282103628152982,0.055617671310901666,False
contact_stability,v21,abs_roll_rad,5,0.05,40,34,0.02481559258740163,0.007924553006887432,0.03781659756787122,False
contact_stability,v21,abs_roll_rad,6,0.06,40,34,0.035594866621206166,0.011960012780036812,0.06322128176689149,False
contact_stability,v21,abs_roll_rad,7,0.07,40,34,0.029776380014278393,0.012950246359687322,0.04181589018553493,False
contact_stability,v21,abs_roll_rad,8,0.08,40,34,0.016193780190164035,0.005408449927344926,0.022774830870330328,False
contact_stability,v21,abs_roll_rad,9,0.09,40,34,0.01774618128882139,0.006451850924931962,0.024415987241081894,False
contact_stability,v21,abs_roll_rad,10,0.1,40,34,0.03134060266967026,0.01278076876187701,0.051490042172372325,False
contact_stability,v21,abs_roll_rad,11,0.11,40,34,0.038391463666950586,0.009357080426998437,0.06172569269314408,False
contact_stability,v21,abs_roll_rad,12,0.12,40,34,0.03586251897731564,0.011631406946107758,0.05012864302843808,False
contact_stability,v21,abs_roll_rad,13,0.13,40,34,0.03667757956578861,0.010886452484410215,0.050968365501612434,False
contact_stability,v21,abs_roll_rad,14,0.14,40,34,0.03917733654174661,0.008420161687536074,0.045564883928745935,False
contact_stability,v21,abs_roll_rad,15,0.15,40,34,0.04537831544355868,0.013799404073506633,0.06164117855951187,False
contact_stability,v21,abs_roll_rad,16,0.16,40,34,0.042560999094275784,0.011285712867975233,0.04903118696063764,False
contact_stability,v21,abs_roll_rad,17,0.17,40,34,0.04979968301422191,0.015827756612561552,0.0687493269890547,False
contact_stability,v21,abs_roll_rad,18,0.18,40,34,0.06010989794853958,0.01995380385778844,0.07951910093426706,False
contact_stability,v21,abs_roll_rad,19,0.19,40,34,0.06707501247478655,0.026501071467064347,0.09594212987460181,False
contact_stability,v21,abs_roll_rad,20,0.2,40,34,0.07861455271136944,0.0336806338280439,0.12475255429744712,False
contact_stability,v21,abs_roll_rad,21,0.21,40,34,0.06580791990301804,0.01979851858690386,0.10348284818232059,False
contact_stability,v21,abs_roll_rad,22,0.22,40,34,0.05194234915298875,0.018830546252429463,0.06580323265865447,False
contact_stability,v21,abs_roll_rad,23,0.23,40,34,0.06711395907585395,0.025107099642046,0.09851080536842362,False
contact_stability,v21,abs_roll_rad,24,0.24,40,34,0.06412962880684062,0.027209872882813464,0.08183586709201338,False
contact_stability,v21,abs_roll_rad,25,0.25,40,34,0.05384045658611283,0.012811556807719,0.06478845258243389,False
contact_stability,v21,abs_roll_rad,26,0.26,40,34,0.05833842579236083,0.02682863945141424,0.08181094840168945,False
contact_stability,v21,abs_roll_rad,27,0.27,40,34,0.05477919768635181,0.020197237342363263,0.06612447200343008,False
contact_stability,v21,abs_roll_rad,28,0.28,40,34,0.06486142142582693,0.015736741861328604,0.12633289828896496,False
contact_stability,v21,abs_roll_rad,29,0.29,40,34,0.07166994409787,0.03541795380413508,0.10936001345515221,False
contact_stability,v21,abs_roll_rad,30,0.3,40,34,0.05819901286638927,0.016406259685754862,0.07270495966076897,False
contact_stability,v21,abs_roll_rad,31,0.31,40,34,0.05696075664943785,0.023718071989714925,0.08540974412113453,False
contact_stability,v21,abs_roll_rad,32,0.32,40,34,0.05476578627247371,0.022646045929286634,0.07946673057973368,False
contact_stability,v21,abs_roll_rad,33,0.33,40,34,0.061411787948556576,0.02459257308160899,0.09614933088421808,False
contact_stability,v21,abs_roll_rad,34,0.34,40,34,0.05472106252542297,0.020700303799240247,0.06045047249644989,False
contact_stability,v21,abs_roll_rad,35,0.35000000000000003,40,34,0.06581257797311986,0.01973838794510801,0.10250228978693518,False
contact_stability,v21,abs_roll_rad,36,0.36,40,34,0.06289706645347182,0.0237669084593653,0.09672342628240635,False
contact_stability,v21,abs_roll_rad,37,0.37,40,34,0.06477556257153626,0.02744285107590304,0.0983791797049344,False
contact_stability,v21,abs_roll_rad,38,0.38,40,34,0.060621405721700286,0.015744515298865707,0.09889129620045482,False
contact_stability,v21,abs_roll_rad,39,0.39,40,34,0.06685888402519047,0.024448161274194823,0.1046496408246459,False
contact_stability,v21,abs_roll_rad,40,0.4,40,34,0.046901023967657204,0.016413866402581162,0.06311119720339775,False
contact_stability,v21,abs_roll_rad,41,0.41000000000000003,40,34,0.058749804040991914,0.021998769701458525,0.07070794029161331,False
contact_stability,v21,abs_roll_rad,42,0.42,40,34,0.06426689777801224,0.016813852519262748,0.1100388917699454,False
contact_stability,v21,abs_roll_rad,43,0.43,40,34,0.07966235410991064,0.03702644027769562,0.13074105702340585,False
contact_stability,v21,abs_roll_rad,44,0.44,40,34,0.06404612215080854,0.023787616910412947,0.09611114785075188,False
contact_stability,v21,abs_roll_rad,45,0.45,40,34,0.05014157335041084,0.014345555135514523,0.054683914314955465,False
contact_stability,v21,abs_roll_rad,46,0.46,40,34,0.06336579016439473,0.02785209995772652,0.08749992586672328,False
contact_stability,v21,abs_roll_rad,47,0.47000000000000003,40,34,0.0714465182980348,0.025259518204839154,0.11579394768923465,False
contact_stability,v21,abs_roll_rad,48,0.48,40,34,0.06762858948600484,0.01713511190610003,0.11190560229122583,False
contact_stability,v21,abs_roll_rad,49,0.49,40,34,0.07270055916858835,0.027412243792786943,0.11612456321716305,False
contact_stability,v21,abs_roll_rad,50,0.5,40,34,0.0543328432133421,0.017337659723125398,0.0706737688742578,False
contact_stability,v21,abs_roll_rad,51,0.51,40,34,0.059147069497266704,0.015145051856524986,0.09248708158731414,False
contact_stability,v21,abs_roll_rad,52,0.52,40,34,0.051336686572059906,0.02913976046256738,0.06371469713747498,False
contact_stability,v21,abs_roll_rad,53,0.53,40,34,0.059380867749889134,0.019909464940428598,0.08142800966277708,False
contact_stability,v21,abs_roll_rad,54,0.54,40,34,0.06650077490694817,0.030788756599649005,0.09182644285261582,False
contact_stability,v21,abs_roll_rad,55,0.55,40,34,0.052739023433532574,0.02637554742395893,0.07465293938294065,False
contact_stability,v21,abs_roll_rad,56,0.56,40,34,0.06120218851207761,0.019343662448227043,0.08360623806715109,False
contact_stability,v21,abs_roll_rad,57,0.5700000000000001,40,34,0.05355464801302874,0.02589418994262689,0.06230949741788222,False
contact_stability,v21,abs_roll_rad,58,0.58,40,34,0.05867817786731736,0.027503269966691203,0.06725842816755068,False
contact_stability,v21,abs_roll_rad,59,0.59,40,34,0.07526816268189572,0.037396954186260475,0.11363750591874132,False
contact_stability,v21,abs_roll_rad,60,0.6,40,34,0.04775820717099119,0.02117827502079308,0.06792707182467084,False
contact_stability,v21,abs_roll_rad,61,0.61,40,34,0.08950863372631288,0.030399272040230768,0.13737034615129218,False
contact_stability,v21,abs_roll_rad,62,0.62,40,34,0.06167475554847627,0.0227453339658677,0.09063727408647476,False
contact_stability,v21,abs_roll_rad,63,0.63,40,34,0.07433842495293366,0.027897849231958285,0.10806261464953545,False
contact_stability,v21,abs_roll_rad,64,0.64,40,34,0.06506856248830455,0.0178835854679347,0.10607640370726612,False
contact_stability,v21,abs_roll_rad,65,0.65,40,34,0.06148138720483985,0.023266525636426776,0.08412785306572879,False
contact_stability,v21,abs_roll_rad,66,0.66,40,34,0.06278526955103735,0.023155786870046956,0.10667021740227936,False
contact_stability,v21,abs_roll_rad,67,0.67,40,34,0.07231377689825612,0.025794387143105633,0.11325889192521514,False
contact_stability,v21,abs_roll_rad,68,0.68,40,34,0.0663227957255438,0.01625204395968443,0.11947718635201479,False
contact_stability,v21,abs_roll_rad,69,0.6900000000000001,40,34,0.047816358891548554,0.01538278025807818,0.07808555187657518,False
contact_stability,v21,abs_roll_rad,70,0.7000000000000001,40,34,0.05465303271485019,0.018655364331789357,0.0757095353677866,False
contact_stability,v21,abs_roll_rad,71,0.71,40,34,0.06026998845103663,0.026509840264916505,0.07224737690761639,False
contact_stability,v21,abs_roll_rad,72,0.72,40,34,0.06443883796942472,0.033489076085388314,0.06444856576621512,False
contact_stability,v21,abs_roll_rad,73,0.73,40,34,0.06404563517147108,0.018658156970050434,0.10327550081536145,False
contact_stability,v21,abs_roll_rad,74,0.74,40,34,0.07752570466272304,0.03455946085974629,0.12276333991438196,False
contact_stability,v21,abs_roll_rad,75,0.75,40,34,0.05582181019781278,0.02442235162016009,0.0775883374735713,False
contact_stability,v21,abs_roll_rad,76,0.76,40,34,0.05915317375338042,0.01962596521712833,0.08721696466207508,False
contact_stability,v21,abs_roll_rad,77,0.77,40,34,0.06868024365836758,0.02701967831701025,0.11822253033518763,False
contact_stability,v21,abs_roll_rad,78,0.78,40,34,0.07335820528387574,0.04089458998292705,0.10618298314511718,False
contact_stability,v21,abs_roll_rad,79,0.79,40,34,0.06092993871603527,0.01914035812776969,0.08446703394874927,False
contact_stability,v21,abs_roll_rad,80,0.8,40,34,0.05975508615178114,0.023774449247867122,0.08102731294929981,False
contact_stability,v21,abs_roll_rad,81,0.81,40,34,0.05881036308425266,0.017421095771715016,0.0954382236488158,False
contact_stability,v21,abs_roll_rad,82,0.8200000000000001,40,34,0.05797212823713231,0.02200333656277608,0.07285039089620009,False
contact_stability,v21,abs_roll_rad,83,0.8300000000000001,40,34,0.05318942021351516,0.01607265795115413,0.0809770660661158,False
contact_stability,v21,abs_roll_rad,84,0.84,40,34,0.06361037923296672,0.023711906234966013,0.09961774758994578,False
contact_stability,v21,abs_roll_rad,85,0.85,40,34,0.07952258620876833,0.03552701249718672,0.1322145916521545,False
contact_stability,v21,abs_roll_rad,86,0.86,40,34,0.07672565673140341,0.03043831248767757,0.13756460353731997,False
contact_stability,v21,abs_roll_rad,87,0.87,40,34,0.06479222279749229,0.0194774187682193,0.1079670508019627,False
contact_stability,v21,abs_roll_rad,88,0.88,40,34,0.08875113800278636,0.028312035650014878,0.13868853300809864,False
contact_stability,v21,abs_roll_rad,89,0.89,40,34,0.06641960749924684,0.02538284484209668,0.06607877423986781,False
contact_stability,v21,abs_roll_rad,90,0.9,40,34,0.09086794731789276,0.032007925631478355,0.13050530925393097,False
contact_stability,v21,abs_roll_rad,91,0.91,40,34,0.06372010225983105,0.022304001043084696,0.07915639981627587,False
contact_stability,v21,abs_roll_rad,92,0.92,40,34,0.07214086141786553,0.024930455330758702,0.11353323861956692,False
contact_stability,v21,abs_roll_rad,93,0.93,40,34,0.06102271841195576,0.02139701304724445,0.07018870325759129,False
contact_stability,v21,abs_roll_rad,94,0.9400000000000001,40,34,0.06117831181606733,0.033153317179530246,0.06645167622715184,False
contact_stability,v21,abs_roll_rad,95,0.9500000000000001,40,34,0.04959755796240639,0.013996248715556794,0.06187725579366202,False
contact_stability,v21,abs_roll_rad,96,0.96,40,34,0.055132794341421675,0.013519442668184889,0.04998454198241273,False
contact_stability,v21,abs_roll_rad,97,0.97,40,34,0.05338736547356161,0.008162659595254848,0.0318509223870932,False
contact_stability,v21,abs_roll_rad,98,0.98,40,34,0.07911086779012835,0.01348792623728514,0.047590444646775774,False
contact_stability,v21,abs_roll_rad,99,0.99,40,34,0.09469490319141179,0.019565550372936082,0.05036983769387003,False
contact_stability,v21,abs_roll_rad,100,1.0,40,34,2.4547682823949923e-08,2.959708589322929e-10,2.044674762835541e-09,False
contact_stability,v21,abs_pitch_rad,0,0.0,40,34,0.05380099192261696,0.052979251369833946,0.055198632180690765,False
contact_stability,v21,abs_pitch_rad,1,0.01,40,34,0.07964182380132842,0.035828613420017065,0.11402330344542862,False
contact_stability,v21,abs_pitch_rad,2,0.02,40,34,0.02621637571416796,0.011288680057041346,0.028464182782918217,False
contact_stability,v21,abs_pitch_rad,3,0.03,40,34,0.06113001150215861,0.02349342689383777,0.06615087428130206,False
contact_stability,v21,abs_pitch_rad,4,0.04,40,34,0.08490835132589564,0.010258070137351753,0.1580493000149727,False
contact_stability,v21,abs_pitch_rad,5,0.05,40,34,0.14259275259457355,0.09940569875761865,0.19181593470275402,False
contact_stability,v21,abs_pitch_rad,6,0.06,40,34,0.13405695918481791,0.086943915747106,0.1873459658026695,False
contact_stability,v21,abs_pitch_rad,7,0.07,40,34,0.14241328154574148,0.12303356565535066,0.16781865544617178,False
contact_stability,v21,abs_pitch_rad,8,0.08,40,34,0.09853158633364362,0.06275615967810154,0.1290619726479053,False
contact_stability,v21,abs_pitch_rad,9,0.09,40,34,0.11102808816000471,0.05176069706678389,0.184085442237556,False
contact_stability,v21,abs_pitch_rad,10,0.1,40,34,0.1478561931452714,0.12074732910841704,0.1921173706650734,False
contact_stability,v21,abs_pitch_rad,11,0.11,40,34,0.1325273842639872,0.11312258366495372,0.16364851653575896,False
contact_stability,v21,abs_pitch_rad,12,0.12,40,34,0.1131436424003914,0.043948504254222004,0.15622955709695813,False
contact_stability,v21,abs_pitch_rad,13,0.13,40,34,0.12927674451237547,0.06835990484803912,0.1702828863635659,False
contact_stability,v21,abs_pitch_rad,14,0.14,40,34,0.11143720942921935,0.060608424264937885,0.14614472087472657,False
contact_stability,v21,abs_pitch_rad,15,0.15,40,34,0.1270106704958016,0.07128246650099755,0.15875161644071342,False
contact_stability,v21,abs_pitch_rad,16,0.16,40,34,0.09554645538376641,0.037346691358834526,0.1455553384125231,False
contact_stability,v21,abs_pitch_rad,17,0.17,40,34,0.12365760310355105,0.07590446105226853,0.1740195124968886,False
contact_stability,v21,abs_pitch_rad,18,0.18,40,34,0.11162928514368838,0.04228954136371625,0.15843946635723127,False
contact_stability,v21,abs_pitch_rad,19,0.19,40,34,0.12644644461687857,0.06087955861352381,0.1832438718900083,False
contact_stability,v21,abs_pitch_rad,20,0.2,40,34,0.1393471176060848,0.061052494682371616,0.19380603060126333,False
contact_stability,v21,abs_pitch_rad,21,0.21,40,34,0.12252048885833937,0.045243897940963694,0.17064225226640678,False
contact_stability,v21,abs_pitch_rad,22,0.22,40,34,0.12323611872247417,0.07317513458430765,0.17734577827155587,False
contact_stability,v21,abs_pitch_rad,23,0.23,40,34,0.1322858715571929,0.06794194421730951,0.1908125570043919,False
contact_stability,v21,abs_pitch_rad,24,0.24,40,34,0.13768211458460422,0.06567651655524984,0.19007486715912844,False
contact_stability,v21,abs_pitch_rad,25,0.25,40,34,0.1503929342143238,0.08096657507121563,0.2124563194811344,False
contact_stability,v21,abs_pitch_rad,26,0.26,40,34,0.12327716742816845,0.07430060725659136,0.1711227776110172,False
contact_stability,v21,abs_pitch_rad,27,0.27,40,34,0.1288987757110734,0.06664455262944118,0.1750811707228422,False
contact_stability,v21,abs_pitch_rad,28,0.28,40,34,0.12245497290624197,0.045533200204372806,0.17324010759592032,False
contact_stability,v21,abs_pitch_rad,29,0.29,40,34,0.1363116614703319,0.06684762308373918,0.17521353058516886,False
contact_stability,v21,abs_pitch_rad,30,0.3,40,34,0.1292723945202307,0.054422874888405325,0.18641685843467673,False
contact_stability,v21,abs_pitch_rad,31,0.31,40,34,0.12974226200627162,0.08007001809775835,0.16794808521866814,False
contact_stability,v21,abs_pitch_rad,32,0.32,40,34,0.1204288900168613,0.07160158455371857,0.16834087342023876,False
contact_stability,v21,abs_pitch_rad,33,0.33,40,34,0.13468105404278327,0.050581950331106795,0.2067934185639029,False
contact_stability,v21,abs_pitch_rad,34,0.34,40,34,0.12523662357509596,0.053118600361049005,0.17950521916151171,False
contact_stability,v21,abs_pitch_rad,35,0.35000000000000003,40,34,0.14040629586495937,0.06935116760432791,0.19521900303661718,False
contact_stability,v21,abs_pitch_rad,36,0.36,40,34,0.1228442119881511,0.06278434693813331,0.16763917043805165,False
contact_stability,v21,abs_pitch_rad,37,0.37,40,34,0.1252831618672935,0.08161998642608506,0.1628576972708092,False
contact_stability,v21,abs_pitch_rad,38,0.38,40,34,0.1362745605579112,0.07212697185575961,0.1941802456974986,False
contact_stability,v21,abs_pitch_rad,39,0.39,40,34,0.13766659361380154,0.08932298107072725,0.18593174654990338,False
contact_stability,v21,abs_pitch_rad,40,0.4,40,34,0.12014349790289988,0.05867028627544642,0.1572397068142889,False
contact_stability,v21,abs_pitch_rad,41,0.41000000000000003,40,34,0.12999349671497482,0.06844715040177096,0.1636237587407228,False
contact_stability,v21,abs_pitch_rad,42,0.42,40,34,0.13005177418212394,0.06079530529677819,0.19838924661278742,False
contact_stability,v21,abs_pitch_rad,43,0.43,40,34,0.15726313646929332,0.05987442178651677,0.22122284304350612,False
contact_stability,v21,abs_pitch_rad,44,0.44,40,34,0.14039776799827816,0.06536911487579346,0.20545837372541498,False
contact_stability,v21,abs_pitch_rad,45,0.45,40,34,0.1323066076159011,0.08470015656203031,0.16915404833853223,False
contact_stability,v21,abs_pitch_rad,46,0.46,40,34,0.11671442404304984,0.04703318507410579,0.1746928492933512,False
contact_stability,v21,abs_pitch_rad,47,0.47000000000000003,40,34,0.15043604211951608,0.07386112427338906,0.21730738114565626,False
contact_stability,v21,abs_pitch_rad,48,0.48,40,34,0.1434191288854927,0.08424985181540283,0.1949017752707004,False
contact_stability,v21,abs_pitch_rad,49,0.49,40,34,0.12985119845182633,0.05537530519068212,0.1751001734286544,False
contact_stability,v21,abs_pitch_rad,50,0.5,40,34,0.14274953148269556,0.07464213110506535,0.1948338206857443,False
contact_stability,v21,abs_pitch_rad,51,0.51,40,34,0.12384100864268832,0.06889028388075574,0.17672578066587447,False
contact_stability,v21,abs_pitch_rad,52,0.52,40,34,0.12691869451198728,0.04656128630042026,0.18829556554555943,False
contact_stability,v21,abs_pitch_rad,53,0.53,40,34,0.1343307906655536,0.07654260563664225,0.19284115195274343,False
contact_stability,v21,abs_pitch_rad,54,0.54,40,34,0.13842308135330667,0.08945655927061921,0.1882478132843973,False
contact_stability,v21,abs_pitch_rad,55,0.55,40,34,0.10176977380673621,0.04338200972415518,0.13244091980159273,False
contact_stability,v21,abs_pitch_rad,56,0.56,40,34,0.13868644299451266,0.08047422237694364,0.182702178508042,False
contact_stability,v21,abs_pitch_rad,57,0.5700000000000001,40,34,0.12345702272135539,0.05315396983176311,0.17341241061687493,False
contact_stability,v21,abs_pitch_rad,58,0.58,40,34,0.12288547594472768,0.052095455694942526,0.1751863712072393,False
contact_stability,v21,abs_pitch_rad,59,0.59,40,34,0.144098104141558,0.06114955951459707,0.19950425229966604,False
contact_stability,v21,abs_pitch_rad,60,0.6,40,34,0.09931027067126728,0.04522391110658687,0.1333192877471447,False
contact_stability,v21,abs_pitch_rad,61,0.61,40,34,0.14813427196961135,0.07750199035741544,0.22248845774680479,False
contact_stability,v21,abs_pitch_rad,62,0.62,40,34,0.15014924421784234,0.06791120514273655,0.2137026043236249,False
contact_stability,v21,abs_pitch_rad,63,0.63,40,34,0.13894113488099552,0.06136394391767675,0.18105669204145747,False
contact_stability,v21,abs_pitch_rad,64,0.64,40,34,0.1439877381089611,0.057259516231715935,0.20263435125350995,False
contact_stability,v21,abs_pitch_rad,65,0.65,40,34,0.12331484975780764,0.05276807644404398,0.165817143209279,False
contact_stability,v21,abs_pitch_rad,66,0.66,40,34,0.12423020803113471,0.04187735328450874,0.19051194310188335,False
contact_stability,v21,abs_pitch_rad,67,0.67,40,34,0.1407624206934125,0.06713928500190391,0.18456179000437187,False
contact_stability,v21,abs_pitch_rad,68,0.68,40,34,0.12025383007712658,0.08148724313825395,0.1591321955621236,False
contact_stability,v21,abs_pitch_rad,69,0.6900000000000001,40,34,0.12373145381837827,0.05031586036086089,0.18498867213726056,False
contact_stability,v21,abs_pitch_rad,70,0.7000000000000001,40,34,0.14092346052406332,0.0479430482257152,0.20436834096908704,False
contact_stability,v21,abs_pitch_rad,71,0.71,40,34,0.13030565349664536,0.06431939432397506,0.1773518146947021,False
contact_stability,v21,abs_pitch_rad,72,0.72,40,34,0.12835730133391934,0.07693137973546997,0.1831666234135629,False
contact_stability,v21,abs_pitch_rad,73,0.73,40,34,0.13957861740421515,0.05985674443654721,0.19387651436030823,False
contact_stability,v21,abs_pitch_rad,74,0.74,40,34,0.14323133416706688,0.0702904168143869,0.1942990348488095,False
contact_stability,v21,abs_pitch_rad,75,0.75,40,34,0.11820824066749083,0.05856430926360191,0.1588592762127519,False
contact_stability,v21,abs_pitch_rad,76,0.76,40,34,0.12761725899938003,0.0693559086695319,0.180473371595145,False
contact_stability,v21,abs_pitch_rad,77,0.77,40,34,0.13928430268156816,0.05771851405501377,0.21181809499859913,False
contact_stability,v21,abs_pitch_rad,78,0.78,40,34,0.1303773500141691,0.059952035825699614,0.19721532613039156,False
contact_stability,v21,abs_pitch_rad,79,0.79,40,34,0.1293214612851149,0.06761625636368855,0.17133551847189643,False
contact_stability,v21,abs_pitch_rad,80,0.8,40,34,0.1199508662929292,0.06568891834467668,0.17170022204518454,False
contact_stability,v21,abs_pitch_rad,81,0.81,40,34,0.14138858817121983,0.0991721829585722,0.19519694928079961,False
contact_stability,v21,abs_pitch_rad,82,0.8200000000000001,40,34,0.12531515857088385,0.055492805410175136,0.17256239704787676,False
contact_stability,v21,abs_pitch_rad,83,0.8300000000000001,40,34,0.12036215972601313,0.06790965944528649,0.1606835266947762,False
contact_stability,v21,abs_pitch_rad,84,0.84,40,34,0.1350826008005533,0.07195957928895899,0.18281759902834843,False
contact_stability,v21,abs_pitch_rad,85,0.85,40,34,0.12664987713593295,0.054729423159733365,0.17645169049501488,False
contact_stability,v21,abs_pitch_rad,86,0.86,40,34,0.1433482957389207,0.06378603652119587,0.20959674388170196,False
contact_stability,v21,abs_pitch_rad,87,0.87,40,34,0.1157732018439565,0.07326467948965817,0.15792499382048802,False
contact_stability,v21,abs_pitch_rad,88,0.88,40,34,0.1318384068971792,0.05955943029373886,0.17317202970385642,False
contact_stability,v21,abs_pitch_rad,89,0.89,40,34,0.11949191542735194,0.048486038632690374,0.17295344080775957,False
contact_stability,v21,abs_pitch_rad,90,0.9,40,34,0.1614211784955114,0.10249520726501934,0.22104993164539263,False
contact_stability,v21,abs_pitch_rad,91,0.91,40,34,0.1121228020058475,0.05761689787730564,0.1600050336122511,False
contact_stability,v21,abs_pitch_rad,92,0.92,40,34,0.11532243802142361,0.04375289179384734,0.18150482743978424,False
contact_stability,v21,abs_pitch_rad,93,0.93,40,34,0.13555285630351852,0.07232244787737703,0.18329414613544942,False
contact_stability,v21,abs_pitch_rad,94,0.9400000000000001,40,34,0.1496381977368146,0.08849725008010864,0.18632474251091455,False
contact_stability,v21,abs_pitch_rad,95,0.9500000000000001,40,34,0.14908959720749396,0.07282071015797396,0.19845577124506117,False
contact_stability,v21,abs_pitch_rad,96,0.96,40,34,0.1540380385648459,0.12933266997337312,0.17271884649992011,False
contact_stability,v21,abs_pitch_rad,97,0.97,40,34,0.14517151717189708,0.08560795801691701,0.1722777418047193,False
contact_stability,v21,abs_pitch_rad,98,0.98,40,34,0.14352085425890987,0.06354728162288709,0.19548807561397574,False
contact_stability,v21,abs_pitch_rad,99,0.99,40,34,0.2196913822190835,0.1550793392956255,0.20967837624251828,False
contact_stability,v21,abs_pitch_rad,100,1.0,40,34,5.285992571990583e-08,2.2831346591090096e-08,7.590287864900347e-08,False
contact_stability,v21,angular_velocity_norm,0,0.0,40,34,3.4112951517105103,3.3475292325019836,3.5004594922065735,False
contact_stability,v21,angular_velocity_norm,1,0.01,40,34,1.5189872762262817,1.3689896509051322,1.6293243125081063,False
contact_stability,v21,angular_velocity_norm,2,0.02,40,34,1.4098503705188632,0.732288827896118,1.8670374798774718,False
contact_stability,v21,angular_velocity_norm,3,0.03,40,34,1.1033885590471328,0.5373079177737234,1.5073178997635845,False
contact_stability,v21,angular_velocity_norm,4,0.04,40,34,1.281932051062584,0.8471473515033722,1.6157484304904937,False
contact_stability,v21,angular_velocity_norm,5,0.05,40,34,1.3855992256477472,1.0012323558330531,1.7494055658578858,False
contact_stability,v21,angular_velocity_norm,6,0.06,40,34,1.3470828584879635,1.1961996108293533,1.4476188009977338,False
contact_stability,v21,angular_velocity_norm,7,0.07,40,34,1.3437973957061768,1.1171858111023898,1.571537960767745,False
contact_stability,v21,angular_velocity_norm,8,0.08,40,34,1.3672403753995892,1.1082429707050323,1.6340846395492563,False
contact_stability,v21,angular_velocity_norm,9,0.09,40,34,1.3981951844543226,1.0944711211323739,1.6688315963745133,False
contact_stability,v21,angular_velocity_norm,10,0.1,40,34,1.4989203046262258,1.1603855684399615,1.810264387726784,False
contact_stability,v21,angular_velocity_norm,11,0.11,40,34,1.5676009443551302,1.2673768854141236,1.7262972411513315,False
contact_stability,v21,angular_velocity_norm,12,0.12,40,34,1.5625467926859857,1.19835448384285,1.7737487208843237,False
contact_stability,v21,angular_velocity_norm,13,0.13,40,34,1.7632373280078184,1.2117217788100252,2.043428019881248,False
contact_stability,v21,angular_velocity_norm,14,0.14,40,34,1.6963593145906923,1.2520059615373607,1.8306921988725595,False
contact_stability,v21,angular_velocity_norm,15,0.15,40,34,1.683199054598807,1.3079283311963077,2.0593754604458803,False
contact_stability,v21,angular_velocity_norm,16,0.16,40,34,1.9105693032741538,1.3573729288578043,2.178473875522611,False
contact_stability,v21,angular_velocity_norm,17,0.17,40,34,1.8663057451844232,1.3643828555941582,2.181272513270377,False
contact_stability,v21,angular_velocity_norm,18,0.18,40,34,2.0865713414549822,1.532797076702121,2.4328316390514377,False
contact_stability,v21,angular_velocity_norm,19,0.19,40,34,2.032652152404188,1.4322122693061796,2.446815745234489,False
contact_stability,v21,angular_velocity_norm,20,0.2,40,34,2.020814782381059,1.4959967076778413,2.613215470314025,False
contact_stability,v21,angular_velocity_norm,21,0.21,40,34,2.1621411626636986,1.4820670497417423,2.6688942801952367,False
contact_stability,v21,angular_velocity_norm,22,0.22,40,34,1.900821402460337,1.5401683139801028,2.3475110471248626,False
contact_stability,v21,angular_velocity_norm,23,0.23,40,34,2.054062295228245,1.5246470040082873,2.4482546615600698,False
contact_stability,v21,angular_velocity_norm,24,0.24,40,34,2.0495565389394765,1.5345602667331706,2.514977471828463,False
contact_stability,v21,angular_velocity_norm,25,0.25,40,34,1.920052870735526,1.403438657522205,2.25993800163269,False
contact_stability,v21,angular_velocity_norm,26,0.26,40,34,1.9287717599272747,1.5369340336322699,2.2195425426960105,False
contact_stability,v21,angular_velocity_norm,27,0.27,40,34,2.078202455565333,1.4731135812401766,2.6459854197502013,False
contact_stability,v21,angular_velocity_norm,28,0.28,40,34,2.0986485490798974,1.5551404786109913,2.740048105716679,False
contact_stability,v21,angular_velocity_norm,29,0.29,40,34,2.1678315148353553,1.4573079815506902,2.6654242205619862,False
contact_stability,v21,angular_velocity_norm,30,0.3,40,34,2.13882039293647,1.5858111768960956,2.8929400980472537,False
contact_stability,v21,angular_velocity_norm,31,0.31,40,34,2.09353177240491,1.5302736115455602,2.437312235832216,False
contact_stability,v21,angular_velocity_norm,32,0.32,40,34,2.097015330851078,1.6546824312210084,2.6528406333923265,False
contact_stability,v21,angular_velocity_norm,33,0.33,40,34,2.030281705275178,1.3876724427938574,2.3944580215215625,False
contact_stability,v21,angular_velocity_norm,34,0.34,40,34,2.1924918421804893,1.5613753443956373,2.7533061480522147,False
contact_stability,v21,angular_velocity_norm,35,0.35000000000000003,40,34,2.1319339317083315,1.5000732451676961,2.480037879943828,False
contact_stability,v21,angular_velocity_norm,36,0.36,40,34,2.0156195076704004,1.509327905178064,2.593916025161753,False
contact_stability,v21,angular_velocity_norm,37,0.37,40,34,2.3067422599792478,1.6758034586906594,2.5463024759292545,False
contact_stability,v21,angular_velocity_norm,38,0.38,40,34,2.1836284694373598,1.655339680314064,2.778292013406753,False
contact_stability,v21,angular_velocity_norm,39,0.39,40,34,2.1404466834813367,1.5183586949110077,2.56657028377056,False
contact_stability,v21,angular_velocity_norm,40,0.4,40,34,2.1707188427448267,1.6434997558593611,2.599590241909027,False
contact_stability,v21,angular_velocity_norm,41,0.41000000000000003,40,34,2.1827132961452027,1.492901197671889,2.543068730831143,False
contact_stability,v21,angular_velocity_norm,42,0.42,40,34,2.2027547205090507,1.7813380146026745,2.6955520761013143,False
contact_stability,v21,angular_velocity_norm,43,0.43,40,34,2.013885267198085,1.5136181560158741,2.542747578620909,False
contact_stability,v21,angular_velocity_norm,44,0.44,40,34,2.187028469860553,1.630219001770019,2.694167664051057,False
contact_stability,v21,angular_velocity_norm,45,0.45,40,34,2.121257367879155,1.6968789756298026,2.5964080393314317,False
contact_stability,v21,angular_velocity_norm,46,0.46,40,34,2.113774573639035,1.429020048379889,2.710675381422031,False
contact_stability,v21,angular_velocity_norm,47,0.47000000000000003,40,34,2.3147507809698604,1.800240473747285,2.778111021518702,False
contact_stability,v21,angular_velocity_norm,48,0.48,40,34,2.2708527478575724,1.7540919387340677,2.7678858923912117,False
contact_stability,v21,angular_velocity_norm,49,0.49,40,34,1.9667589309960607,1.42643699288368,2.3509217834472644,False
contact_stability,v21,angular_velocity_norm,50,0.5,40,34,2.178711245208982,1.7034341245889675,2.5419719964265988,False
contact_stability,v21,angular_velocity_norm,51,0.51,40,34,2.345860079884529,1.7131403094530078,2.8452758222818484,False
contact_stability,v21,angular_velocity_norm,52,0.52,40,34,2.215963953137397,1.5970367848873175,2.9434008860587895,False
contact_stability,v21,angular_velocity_norm,53,0.53,40,34,2.1690084867477415,1.43257163137197,2.641149488389492,False
contact_stability,v21,angular_velocity_norm,54,0.54,40,34,2.431050760149954,1.6518335133790911,3.023283865451815,False
contact_stability,v21,angular_velocity_norm,55,0.55,40,34,2.235228077620261,1.739198301732579,2.787462154030785,False
contact_stability,v21,angular_velocity_norm,56,0.56,40,34,2.1150365080237425,1.39984258651741,2.6526948642730517,False
contact_stability,v21,angular_velocity_norm,57,0.5700000000000001,40,34,2.161760741628707,1.6042615163326037,2.6633338874578425,False
contact_stability,v21,angular_velocity_norm,58,0.58,40,34,2.1944949385523893,1.4622329050302434,2.6792341005802194,False
contact_stability,v21,angular_velocity_norm,59,0.59,40,34,2.1128441273123006,1.6112467512488442,2.680863426923759,False
contact_stability,v21,angular_velocity_norm,60,0.6,40,34,2.2035475200414667,1.5754935026168821,2.8426919221877993,False
contact_stability,v21,angular_velocity_norm,61,0.61,40,34,2.1544802964180727,1.5506733810901576,2.8344892609119325,False
contact_stability,v21,angular_velocity_norm,62,0.62,40,34,2.093167103677989,1.4056238663196547,2.6711491948366404,False
contact_stability,v21,angular_velocity_norm,63,0.63,40,34,2.127289645612239,1.3858694335818247,2.514746206402779,False
contact_stability,v21,angular_velocity_norm,64,0.64,40,34,2.0431756958365437,1.5073326480388662,2.4344768714904825,False
contact_stability,v21,angular_velocity_norm,65,0.65,40,34,2.1035345782339534,1.5180534526705682,2.7221647799015,False
contact_stability,v21,angular_velocity_norm,66,0.66,40,34,2.1662327210009122,1.362885305881557,2.622388999462137,False
contact_stability,v21,angular_velocity_norm,67,0.67,40,34,2.2095997858196545,1.7631500038504353,2.584470708370216,False
contact_stability,v21,angular_velocity_norm,68,0.68,40,34,2.1113681172132535,1.644499422311764,2.4817650365829573,False
contact_stability,v21,angular_velocity_norm,69,0.6900000000000001,40,34,2.0915427827090007,1.5539357823133106,2.3277016770839447,False
contact_stability,v21,angular_velocity_norm,70,0.7000000000000001,40,34,1.9283868415653642,1.2620941132307406,2.363213032483974,False
contact_stability,v21,angular_velocity_norm,71,0.71,40,34,1.9981520772874302,1.3497874563932206,2.5448898503184143,False
contact_stability,v21,angular_velocity_norm,72,0.72,40,34,2.031122357375921,1.366762229204177,2.474927794933307,False
contact_stability,v21,angular_velocity_norm,73,0.73,40,34,2.1170499398261313,1.69719119876623,2.5784172797203113,False
contact_stability,v21,angular_velocity_norm,74,0.74,40,34,2.2305778054445957,1.6821336352825165,2.60815750718118,False
contact_stability,v21,angular_velocity_norm,75,0.75,40,34,1.989792184531688,1.5250775218009949,2.252630099654198,False
contact_stability,v21,angular_velocity_norm,76,0.76,40,34,2.165313329994679,1.7967923569679514,2.589672546386727,False
contact_stability,v21,angular_velocity_norm,77,0.77,40,34,2.142868290707464,1.441009693890763,2.6754685872793127,False
contact_stability,v21,angular_velocity_norm,78,0.78,40,34,2.1933209136724465,1.6737837046384845,2.552318687438961,False
contact_stability,v21,angular_velocity_norm,79,0.79,40,34,2.058533680856227,1.6619220621883763,2.4816735869646127,False
contact_stability,v21,angular_velocity_norm,80,0.8,40,34,2.057813871204849,1.575576406717301,2.2966213107108873,False
contact_stability,v21,angular_velocity_norm,81,0.81,40,34,2.354000683337452,1.854096171557927,2.8040186870098385,False
contact_stability,v21,angular_velocity_norm,82,0.8200000000000001,40,34,2.2163284846842326,1.5496090340614561,2.86433300375939,False
contact_stability,v21,angular_velocity_norm,83,0.8300000000000001,40,34,2.0650220535248565,1.3556934687495654,2.7743621408939365,False
contact_stability,v21,angular_velocity_norm,84,0.84,40,34,2.038409983396532,1.512069219350836,2.5652768588066217,False
contact_stability,v21,angular_velocity_norm,85,0.85,40,34,2.179395808205004,1.4778055176138885,3.0075843065976953,False
contact_stability,v21,angular_velocity_norm,86,0.86,40,34,2.26618808725476,1.6722220778465275,2.7988018679618842,False
contact_stability,v21,angular_velocity_norm,87,0.87,40,34,2.09410144931078,1.664959926605235,2.456817066669464,False
contact_stability,v21,angular_velocity_norm,88,0.88,40,34,2.311367927372454,1.611794239282621,2.6950572729110718,False
contact_stability,v21,angular_velocity_norm,89,0.89,40,34,2.1831492198109617,1.55483884632587,2.5694608479737946,False
contact_stability,v21,angular_velocity_norm,90,0.9,40,34,2.167301982790229,1.5981832146644592,2.700644272565839,False
contact_stability,v21,angular_velocity_norm,91,0.91,40,34,2.4009873417615926,1.7336308243870742,3.114648129940027,False
contact_stability,v21,angular_velocity_norm,92,0.92,40,34,2.314200202703478,1.6624152445792981,2.7434329795837322,False
contact_stability,v21,angular_velocity_norm,93,0.93,40,34,2.1765769885182307,1.439871235489842,2.602911356687547,False
contact_stability,v21,angular_velocity_norm,94,0.9400000000000001,40,34,1.925998411625617,1.432840777635545,2.1936302292346967,False
contact_stability,v21,angular_velocity_norm,95,0.9500000000000001,40,34,1.825332760661842,1.1117085635662083,2.147317434847365,False
contact_stability,v21,angular_velocity_norm,96,0.96,40,34,1.881257386445998,1.1459472489356943,2.2406305813789733,False
contact_stability,v21,angular_velocity_norm,97,0.97,40,34,1.9668405482322,1.2143209517002134,2.092296242415907,False
contact_stability,v21,angular_velocity_norm,98,0.98,40,34,2.027026270091533,1.2230495393276273,2.3443042099475786,False
contact_stability,v21,angular_velocity_norm,99,0.99,40,34,2.29703577788174,1.2711940884590156,2.1090126636624213,False
contact_stability,v21,angular_velocity_norm,100,1.0,40,34,0.0,0.0,0.0,False
contact_stability,v21,cbf_correction_norm,0,0.0,40,34,4.1246032095321185e-08,1.624928502863554e-08,6.226568416423106e-08,False
contact_stability,v21,cbf_correction_norm,1,0.01,40,34,3.86352761592157e-08,2.6801346040272735e-08,5.169248216141398e-08,False
contact_stability,v21,cbf_correction_norm,2,0.02,40,34,3.2370293771233354e-08,1.4764934448407992e-08,4.963354575338026e-08,False
contact_stability,v21,cbf_correction_norm,3,0.03,40,34,5.23526943749797e-08,3.751670643481476e-08,6.647242358326367e-08,False
contact_stability,v21,cbf_correction_norm,4,0.04,40,34,4.01769487616832e-08,2.8298760135214695e-08,5.089330858965013e-08,False
contact_stability,v21,cbf_correction_norm,5,0.05,40,34,5.5962190453895386e-08,4.441536640698019e-08,6.946005921548717e-08,False
contact_stability,v21,cbf_correction_norm,6,0.06,40,34,4.7214833021946855e-08,2.996438161595445e-08,6.32098863917463e-08,False
contact_stability,v21,cbf_correction_norm,7,0.07,40,34,0.0018170973950117995,3.5112208014442604e-08,8.542100950137401e-08,False
contact_stability,v21,cbf_correction_norm,8,0.08,40,34,0.0006587268640412093,3.437522238414203e-08,6.171531282461727e-08,False
contact_stability,v21,cbf_correction_norm,9,0.09,40,34,0.003981474433299876,2.786596070558655e-08,7.981579681626272e-08,False
contact_stability,v21,cbf_correction_norm,10,0.1,40,34,0.013309972706788858,3.603101390581281e-08,1.1865908247088495e-07,False
contact_stability,v21,cbf_correction_norm,11,0.11,40,34,0.04063194644696546,5.038712095561955e-08,0.00075308624398476,False
contact_stability,v21,cbf_correction_norm,12,0.12,40,34,0.004390659864529891,4.559435886619664e-08,9.032787708918024e-08,False
contact_stability,v21,cbf_correction_norm,13,0.13,40,34,0.006082297228547884,4.33670718180679e-08,1.1849222703475009e-07,False
contact_stability,v21,cbf_correction_norm,14,0.14,40,34,0.007696402644595801,4.825651577888811e-08,1.3876065411366795e-07,False
contact_stability,v21,cbf_correction_norm,15,0.15,40,34,0.019134318881971774,4.745359465374582e-08,1.2207090733795666e-07,False
contact_stability,v21,cbf_correction_norm,16,0.16,40,34,0.02103511851987079,4.666860711211027e-08,9.356644817160042e-08,False
contact_stability,v21,cbf_correction_norm,17,0.17,40,34,0.004254244128535508,4.833680877780527e-08,1.0131961624804144e-07,False
contact_stability,v21,cbf_correction_norm,18,0.18,40,34,0.010378443111196484,5.734949603208871e-08,8.752781614163054e-08,False
contact_stability,v21,cbf_correction_norm,19,0.19,40,34,0.0006583345867660449,4.840352004542564e-08,7.585876296456376e-08,False
contact_stability,v21,cbf_correction_norm,20,0.2,40,34,0.013894636946055236,4.622659233177773e-08,8.291226816226045e-08,False
contact_stability,v21,cbf_correction_norm,21,0.21,40,34,6.986776728234997e-08,4.8738615041621244e-08,8.728100041821521e-08,False
contact_stability,v21,cbf_correction_norm,22,0.22,40,34,7.351784230458237e-08,4.444034274797561e-08,9.32559045985215e-08,False
contact_stability,v21,cbf_correction_norm,23,0.23,40,34,0.0033154866453718158,5.7915886984005465e-08,9.822270809589717e-08,False
contact_stability,v21,cbf_correction_norm,24,0.24,40,34,0.0018327783370943509,4.206096388514863e-08,9.051590730280126e-08,False
contact_stability,v21,cbf_correction_norm,25,0.25,40,34,0.005817543993547976,4.374392914563455e-08,1.0830304297826387e-07,False
contact_stability,v21,cbf_correction_norm,26,0.26,40,34,0.002296070696641203,3.362241374205188e-08,7.853000411728265e-08,False
contact_stability,v21,cbf_correction_norm,27,0.27,40,34,0.014327120574633256,4.558438299717722e-08,9.317333528713283e-08,False
contact_stability,v21,cbf_correction_norm,28,0.28,40,34,0.0015255552761203374,3.736803884990518e-08,8.96205702360942e-08,False
contact_stability,v21,cbf_correction_norm,29,0.29,40,34,0.005364210400119608,6.113348735681233e-08,1.044912170300441e-07,False
contact_stability,v21,cbf_correction_norm,30,0.3,40,34,0.006061505370662292,4.487128739683032e-08,9.14378464500494e-08,False
contact_stability,v21,cbf_correction_norm,31,0.31,40,34,0.0019990217980996932,4.395669325862903e-08,8.77035139978946e-08,False
contact_stability,v21,cbf_correction_norm,32,0.32,40,34,6.593680935207392e-08,4.509623394710582e-08,7.565958966893082e-08,False
contact_stability,v21,cbf_correction_norm,33,0.33,40,34,7.420502183164148e-08,4.1881737971038825e-08,9.545191884896313e-08,False
contact_stability,v21,cbf_correction_norm,34,0.34,40,34,0.003588709781557534,4.531811331531771e-08,8.74620218382914e-08,False
contact_stability,v21,cbf_correction_norm,35,0.35000000000000003,40,34,0.012695994826820194,5.196216772418198e-08,8.55058843285395e-08,False
contact_stability,v21,cbf_correction_norm,36,0.36,40,34,0.004732670922657283,3.91448595493687e-08,9.373621992381233e-08,False
contact_stability,v21,cbf_correction_norm,37,0.37,40,34,0.004054525291431602,4.3520531649576606e-08,9.12734103053481e-08,False
contact_stability,v21,cbf_correction_norm,38,0.38,40,34,0.010851373265112747,5.8776075295696625e-08,1.0040310314707322e-07,False
contact_stability,v21,cbf_correction_norm,39,0.39,40,34,7.760667488998511e-08,5.5540901335859515e-08,9.207426049151423e-08,False
contact_stability,v21,cbf_correction_norm,40,0.4,40,34,0.002967066956721922,5.0728403166999814e-08,9.241146905480954e-08,False
contact_stability,v21,cbf_correction_norm,41,0.41000000000000003,40,34,0.000532149417459999,6.099204494347463e-08,9.440692551265788e-08,False
contact_stability,v21,cbf_correction_norm,42,0.42,40,34,0.0019508236584679258,4.3607212685258994e-08,8.868932738437238e-08,False
contact_stability,v21,cbf_correction_norm,43,0.43,40,34,0.009289244556572004,5.1821588691325475e-08,8.699631273589765e-08,False
contact_stability,v21,cbf_correction_norm,44,0.44,40,34,0.0002757728381492256,4.964676669771968e-08,8.214140713391727e-08,False
contact_stability,v21,cbf_correction_norm,45,0.45,40,34,7.529431752750806e-08,5.19054307757127e-08,9.083620140515336e-08,False
contact_stability,v21,cbf_correction_norm,46,0.46,40,34,0.004425897664294296,4.328579478851725e-08,9.775122158828288e-08,False
contact_stability,v21,cbf_correction_norm,47,0.47000000000000003,40,34,0.0015034179385196489,4.144611117418153e-08,9.335906176133426e-08,False
contact_stability,v21,cbf_correction_norm,48,0.48,40,34,0.01641396450843017,4.038271278261617e-08,7.65350559817077e-08,False
contact_stability,v21,cbf_correction_norm,49,0.49,40,34,6.797477548597954e-08,4.469928364337131e-08,8.392036429327727e-08,False
contact_stability,v21,cbf_correction_norm,50,0.5,40,34,0.000598918080166605,4.3881887124009246e-08,6.767233529103578e-08,False
contact_stability,v21,cbf_correction_norm,51,0.51,40,34,0.011656968878884438,3.930666270690577e-08,9.01810012976512e-08,False
contact_stability,v21,cbf_correction_norm,52,0.52,40,34,0.003737562921995935,3.9169824166407096e-08,8.958218529642206e-08,False
contact_stability,v21,cbf_correction_norm,53,0.53,40,34,0.00015572736383288492,4.2470576486763505e-08,7.858820801231687e-08,False
contact_stability,v21,cbf_correction_norm,54,0.54,40,34,0.0005337969845196711,5.8528403155122893e-08,9.578245226293896e-08,False
contact_stability,v21,cbf_correction_norm,55,0.55,40,34,0.0014487114605054806,4.75533774579906e-08,1.1430106958698581e-07,False
contact_stability,v21,cbf_correction_norm,56,0.56,40,34,0.00965655136407782,3.6725094272329725e-08,8.635886672436912e-08,False
contact_stability,v21,cbf_correction_norm,57,0.5700000000000001,40,34,7.040229935817528e-08,5.005184693374186e-08,9.043734630509369e-08,False
contact_stability,v21,cbf_correction_norm,58,0.58,40,34,0.008367068738642605,4.199957214012739e-08,7.911547935890334e-08,False
contact_stability,v21,cbf_correction_norm,59,0.59,40,34,0.006324794645273033,5.6715978269393796e-08,9.47612865331811e-08,False
contact_stability,v21,cbf_correction_norm,60,0.6,40,34,0.0022160970426270974,4.7960029903037283e-08,8.936559297012558e-08,False
contact_stability,v21,cbf_correction_norm,61,0.61,40,34,0.0011364382955922458,4.1768719860612965e-08,7.999304088457465e-08,False
contact_stability,v21,cbf_correction_norm,62,0.62,40,34,7.485359392056524e-08,4.5637188339498535e-08,9.281798547533529e-08,False
contact_stability,v21,cbf_correction_norm,63,0.63,40,34,6.147712704507319e-08,3.6598502752838704e-08,7.626210054567685e-08,False
contact_stability,v21,cbf_correction_norm,64,0.64,40,34,0.0014760150183121172,4.163100484788722e-08,8.184815115441577e-08,False
contact_stability,v21,cbf_correction_norm,65,0.65,40,34,0.0006063470767591799,3.545779763136653e-08,1.007653420259662e-07,False
contact_stability,v21,cbf_correction_norm,66,0.66,40,34,6.872176234118435e-08,4.555460773048025e-08,9.433607672804066e-08,False
contact_stability,v21,cbf_correction_norm,67,0.67,40,34,0.0020460783677579133,5.377872386525084e-08,1.0460677364321398e-07,False
contact_stability,v21,cbf_correction_norm,68,0.68,40,34,0.0001825862771309243,5.369308340163841e-08,1.076012400602587e-07,False
contact_stability,v21,cbf_correction_norm,69,0.6900000000000001,40,34,0.005785441657468598,4.614881984998833e-08,8.5656234887209e-08,False
contact_stability,v21,cbf_correction_norm,70,0.7000000000000001,40,34,7.019185637169273e-08,4.5904883005932724e-08,8.958817332427345e-08,False
contact_stability,v21,cbf_correction_norm,71,0.71,40,34,0.004435795230551443,4.926280621653261e-08,9.009940590942606e-08,False
contact_stability,v21,cbf_correction_norm,72,0.72,40,34,0.0003609266468598027,5.396935932822121e-08,9.580225210470418e-08,False
contact_stability,v21,cbf_correction_norm,73,0.73,40,34,0.003216590705851039,5.2887592332240196e-08,8.724873026722028e-08,False
contact_stability,v21,cbf_correction_norm,74,0.74,40,34,7.786329129677612e-08,5.215257871782393e-08,8.709568827924835e-08,False
contact_stability,v21,cbf_correction_norm,75,0.75,40,34,0.00892349643649121,4.6759632166270256e-08,9.140959100761841e-08,False
contact_stability,v21,cbf_correction_norm,76,0.76,40,34,0.010712106884095867,4.767237253844269e-08,1.0059832760589369e-07,False
contact_stability,v21,cbf_correction_norm,77,0.77,40,34,0.0004230516388213066,5.0076868611804e-08,8.050950771831827e-08,False
contact_stability,v21,cbf_correction_norm,78,0.78,40,34,7.438020927974483e-08,5.2815878337496594e-08,9.314328430320964e-08,False
contact_stability,v21,cbf_correction_norm,79,0.79,40,34,0.00611310554235654,3.5517530605489806e-08,9.20120778769019e-08,False
contact_stability,v21,cbf_correction_norm,80,0.8,40,34,0.0005510413112042493,4.044685901760843e-08,9.127051150414697e-08,False
contact_stability,v21,cbf_correction_norm,81,0.81,40,34,6.79999836079576e-08,3.4808814657338514e-08,9.541700372040004e-08,False
contact_stability,v21,cbf_correction_norm,82,0.8200000000000001,40,34,0.0021202592194821323,3.602212781394931e-08,1.0221309324265543e-07,False
contact_stability,v21,cbf_correction_norm,83,0.8300000000000001,40,34,0.017249516272947983,3.412594677953969e-08,9.113400167848651e-08,False
contact_stability,v21,cbf_correction_norm,84,0.84,40,34,0.014173826483740423,5.252628092477976e-08,1.1911374599549731e-07,False
contact_stability,v21,cbf_correction_norm,85,0.85,40,34,0.01718872757611882,5.846237045581357e-08,1.0143810289520399e-07,False
contact_stability,v21,cbf_correction_norm,86,0.86,40,34,0.01850259891916283,3.772023850601128e-08,8.247908244385416e-08,False
contact_stability,v21,cbf_correction_norm,87,0.87,40,34,7.212948003099126e-08,4.650135408290648e-08,9.021395275254915e-08,False
contact_stability,v21,cbf_correction_norm,88,0.88,40,34,0.0024424908855408957,3.806465819877819e-08,9.831945881444408e-08,False
contact_stability,v21,cbf_correction_norm,89,0.89,40,34,6.914912175504103e-08,5.043821870387534e-08,8.610895603666733e-08,False
contact_stability,v21,cbf_correction_norm,90,0.9,40,34,0.010559272500543008,4.2379475040376864e-08,1.0748000627280762e-07,False
contact_stability,v21,cbf_correction_norm,91,0.91,40,34,0.018773050551214494,5.100835760885157e-08,8.743346379347353e-08,False
contact_stability,v21,cbf_correction_norm,92,0.92,40,34,0.027281845551046763,4.240961354540268e-08,1.232010973239991e-07,False
contact_stability,v21,cbf_correction_norm,93,0.93,40,34,6.444798829749408e-08,3.7896789994996965e-08,8.78644617330337e-08,False
contact_stability,v21,cbf_correction_norm,94,0.9400000000000001,40,34,0.0026528774566526186,3.885314170837456e-08,8.216324419052695e-08,False
contact_stability,v21,cbf_correction_norm,95,0.9500000000000001,40,34,0.00020269396685726736,3.012215152864537e-08,7.143893236971678e-08,False
contact_stability,v21,cbf_correction_norm,96,0.96,40,34,0.005823186042979282,2.6350386299611894e-08,6.442611137913427e-08,False
contact_stability,v21,cbf_correction_norm,97,0.97,40,34,0.015226884923827021,3.099726436417445e-08,7.085392590866492e-08,False
contact_stability,v21,cbf_correction_norm,98,0.98,40,34,0.0017420901839537539,3.229222763856334e-08,6.760623840307121e-08,False
contact_stability,v21,cbf_correction_norm,99,0.99,40,34,0.007056432213342891,3.6161881133978565e-08,6.866705565045103e-08,False
contact_stability,v21,cbf_correction_norm,100,1.0,40,34,0.0,0.0,0.0,False
