domain,pair_index,evaluation_seed,environment_id,pi0_off_success,pi0_off_fell,pi0_off_timed_out,pi0_off_failure_type,pi0_off_toe_riser_kick,pi0_off_toe_riser_kick_count,pi0_off_return,pi0_off_max_riser,pi0_off_intervention_count,pi0_off_intervention_per_riser,pi0_off_would_intervene_count,pi0_off_would_intervene_per_riser,pi0_off_mean_correction_norm,pi0_off_mean_counterfactual_correction_norm,pi0_on_success,pi0_on_fell,pi0_on_timed_out,pi0_on_failure_type,pi0_on_toe_riser_kick,pi0_on_toe_riser_kick_count,pi0_on_return,pi0_on_max_riser,pi0_on_intervention_count,pi0_on_intervention_per_riser,pi0_on_would_intervene_count,pi0_on_would_intervene_per_riser,pi0_on_mean_correction_norm,pi0_on_mean_counterfactual_correction_norm,pi8_on_success,pi8_on_fell,pi8_on_timed_out,pi8_on_failure_type,pi8_on_toe_riser_kick,pi8_on_toe_riser_kick_count,pi8_on_return,pi8_on_max_riser,pi8_on_intervention_count,pi8_on_intervention_per_riser,pi8_on_would_intervene_count,pi8_on_would_intervene_per_riser,pi8_on_mean_correction_norm,pi8_on_mean_counterfactual_correction_norm,pi8_off_success,pi8_off_fell,pi8_off_timed_out,pi8_off_failure_type,pi8_off_toe_riser_kick,pi8_off_toe_riser_kick_count,pi8_off_return,pi8_off_max_riser,pi8_off_intervention_count,pi8_off_intervention_per_riser,pi8_off_would_intervene_count,pi8_off_would_intervene_per_riser,pi8_off_mean_correction_norm,pi8_off_mean_counterfactual_correction_norm
target_18cm,0,160290000,0,True,False,False,success,True,5,-1.2151727676391602,9,0,0.0,57,6.333333333333333,6.149020355082904e-08,0.024013469385546306,True,False,False,success,True,6,-0.36435794830322266,9,36,4.0,36,4.0,0.02174792444319499,0.02174792444319499,True,False,False,success,True,4,-0.7288002967834473,9,34,3.7777777777777777,34,3.7777777777777777,0.02054169087470332,0.02054169087470332,True,False,False,success,True,11,0.4362521171569824,9,0,0.0,49,5.444444444444445,6.335820815373753e-08,0.018766921320002832
target_18cm,1,160290000,1,True,False,False,success,True,6,-0.5520114898681641,9,0,0.0,45,5.0,6.421175728109283e-08,0.017871686669646718,True,False,False,success,True,9,-1.043367862701416,9,60,6.666666666666667,60,6.666666666666667,0.02786631236260541,0.02786631236260541,True,False,False,success,True,5,-0.5548162460327148,9,54,6.0,54,6.0,0.0223100670145755,0.0223100670145755,True,False,False,success,True,2,-5.772334098815918,9,0,0.0,78,8.666666666666666,6.453716995959097e-08,0.03447921563547554
target_18cm,2,160290000,2,True,False,False,success,True,5,-0.05375242233276367,9,0,0.0,40,4.444444444444445,6.378664965777235e-08,0.01853787216320962,True,False,False,success,True,5,-0.8776907920837402,9,49,5.444444444444445,49,5.444444444444445,0.02668034507275729,0.02668034507275729,True,False,False,success,True,7,-1.5207304954528809,9,58,6.444444444444445,58,6.444444444444445,0.02946939624723841,0.02946939624723841,True,False,False,success,True,3,-3.7477645874023438,9,0,0.0,67,7.444444444444445,6.104473574705676e-08,0.026058929826883695
target_18cm,3,160290000,3,True,False,False,success,True,9,-1.961763858795166,9,0,0.0,47,5.222222222222222,6.378174488193013e-08,0.01956643102679599,True,False,False,success,True,10,-1.967289924621582,9,61,6.777777777777778,61,6.777777777777778,0.0248746752986789,0.0248746752986789,True,False,False,success,True,6,-1.9600238800048828,9,61,6.777777777777778,61,6.777777777777778,0.02720554973517865,0.02720554973517865,True,False,False,success,True,7,-0.32871294021606445,9,0,0.0,41,4.555555555555555,6.409054673882839e-08,0.01871176070818618
target_18cm,4,160290000,4,True,False,False,success,True,8,0.03798198699951172,9,0,0.0,62,6.888888888888889,6.080449998339802e-08,0.027798175811767578,True,False,False,success,True,6,0.24901485443115234,9,52,5.777777777777778,52,5.777777777777778,0.02318630425826363,0.02318630425826363,True,False,False,success,True,7,-0.22118902206420898,9,52,5.777777777777778,52,5.777777777777778,0.021431109540268157,0.021431109540268157,True,False,False,success,True,6,0.45145416259765625,9,0,0.0,62,6.888888888888889,6.125132812124641e-08,0.024033942480105038
target_18cm,5,160290000,5,False,True,False,toe_riser_under_clearance,True,2,-9.973325729370117,6,0,0.0,44,7.333333333333333,6.444945786610792e-08,0.035203204626923126,True,False,False,success,True,2,-3.563851833343506,9,55,6.111111111111111,55,6.111111111111111,0.03535232808243045,0.03535232808243045,True,False,False,success,True,3,-2.196709156036377,9,53,5.888888888888889,53,5.888888888888889,0.0318637966016017,0.0318637966016017,False,True,False,toe_riser_under_clearance,True,3,-7.170355319976807,6,0,0.0,35,5.833333333333333,6.479690455307718e-08,0.02266195501599993
target_18cm,6,160290000,6,True,False,False,success,True,9,1.5441758632659912,9,0,0.0,43,4.777777777777778,6.228270962388726e-08,0.01846395513062836,False,True,False,toe_riser_under_clearance,True,5,-7.335923194885254,5,33,6.6,33,6.6,0.02841775637146429,0.02841775637146429,True,False,False,success,True,6,-1.6658263206481934,9,51,5.666666666666667,51,5.666666666666667,0.02780853749351419,0.02780853749351419,True,False,False,success,True,8,0.7859063148498535,9,0,0.0,43,4.777777777777778,6.544325827322822e-08,0.018087955698308584
target_18cm,7,160290000,7,True,False,False,success,True,5,-0.7086172103881836,9,0,0.0,42,4.666666666666667,6.755284523344873e-08,0.021878067465389475,False,True,False,toe_riser_under_clearance,True,4,-9.586520195007324,6,58,9.666666666666666,58,9.666666666666666,0.032031960871027804,0.032031960871027804,False,True,False,toe_riser_under_clearance,True,3,-33.243865966796875,4,78,19.5,78,19.5,0.15898620399963173,0.15898620399963173,True,False,False,success,True,3,-2.972561836242676,9,0,0.0,58,6.444444444444445,6.299723904739375e-08,0.027377689917256514
target_18cm,8,160290000,8,True,False,False,success,True,6,-1.7995333671569824,9,0,0.0,45,5.0,6.451156328101968e-08,0.021618803157362827,True,False,False,success,True,11,-0.5968408584594727,9,54,6.0,54,6.0,0.024195609618125488,0.024195609618125488,True,False,False,success,True,5,-2.055701732635498,9,54,6.0,54,6.0,0.0267068882783254,0.0267068882783254,True,False,False,success,True,5,0.21221685409545898,9,0,0.0,39,4.333333333333333,6.281178181224728e-08,0.016774609521911756
target_18cm,9,160290000,9,True,False,False,success,True,10,0.7039613723754883,9,0,0.0,45,5.0,5.863006850639598e-08,0.01830500696861693,True,False,False,success,True,2,-1.6362495422363281,9,43,4.777777777777778,43,4.777777777777778,0.03006242896495849,0.03006242896495849,True,False,False,success,True,4,-2.7853164672851562,9,50,5.555555555555555,50,5.555555555555555,0.03112518972683447,0.03112518972683447,True,False,False,success,True,11,0.8278594017028809,9,0,0.0,47,5.222222222222222,6.023309583480279e-08,0.018788436151319934
target_18cm,10,160290000,10,True,False,False,success,True,6,-3.4236698150634766,9,0,0.0,50,5.555555555555555,6.518352704826501e-08,0.02425173677830706,True,False,False,success,True,6,-0.33899736404418945,9,44,4.888888888888889,44,4.888888888888889,0.018461865392224542,0.018461865392224542,True,False,False,success,True,3,-1.2493057250976562,9,58,6.444444444444445,58,6.444444444444445,0.026953777928990643,0.026953777928990643,False,True,False,balance_or_other_fall,False,0,-5.756106376647949,2,0,0.0,23,11.5,5.470576114196566e-08,0.029360455202769083
target_18cm,11,160290000,11,False,True,False,toe_riser_under_clearance,True,5,-13.323774337768555,9,0,0.0,42,4.666666666666667,6.171670547166073e-08,0.022501149328585664,False,True,False,toe_riser_under_clearance,True,8,-13.52566909790039,8,53,6.625,53,6.625,0.03264471009256945,0.03264471009256945,True,False,False,success,True,8,-0.7944469451904297,9,57,6.333333333333333,57,6.333333333333333,0.02279054675316857,0.02279054675316857,False,True,False,toe_riser_under_clearance,True,7,-11.317120552062988,4,0,0.0,79,19.75,6.018298409307836e-08,0.04408756891886393
target_18cm,12,160290000,12,True,False,False,success,True,6,0.274472713470459,9,0,0.0,35,3.888888888888889,6.258671465986528e-08,0.018606261495665792,True,False,False,success,True,9,-2.401059627532959,9,43,4.777777777777778,43,4.777777777777778,0.023432711466170264,0.023432711466170264,False,True,False,toe_riser_under_clearance,True,2,-14.259109497070312,6,44,7.333333333333333,44,7.333333333333333,0.0533591064752317,0.0533591064752317,True,False,False,success,True,4,0.4531888961791992,9,0,0.0,34,3.7777777777777777,6.728157219890085e-08,0.017452026841827253
target_18cm,13,160290000,13,True,False,False,success,True,7,0.3836536407470703,9,0,0.0,33,3.6666666666666665,6.40552371339986e-08,0.015839865149521248,False,True,False,toe_riser_under_clearance,True,6,-12.273784637451172,6,60,10.0,60,10.0,0.04068371071212593,0.04068371071212593,False,True,False,toe_riser_under_clearance,True,5,-15.243492126464844,4,70,17.5,70,17.5,0.05992430337467549,0.05992430337467549,True,False,False,success,True,4,0.7129597663879395,9,0,0.0,36,4.0,6.703429853375785e-08,0.01680193058280058
target_18cm,14,160290000,14,False,True,False,toe_riser_under_clearance,True,1,-6.205904483795166,2,0,0.0,22,11.0,5.843920829747357e-08,0.0451660254230238,True,False,False,success,True,8,-0.011159420013427734,9,57,6.333333333333333,57,6.333333333333333,0.025632952839010376,0.025632952839010376,True,False,False,success,True,4,0.18500518798828125,9,46,5.111111111111111,46,5.111111111111111,0.023304095213440644,0.023304095213440644,True,False,False,success,True,4,-0.9466218948364258,9,0,0.0,41,4.555555555555555,6.249787551957563e-08,0.022376176896789265
target_18cm,15,160290000,15,True,False,False,success,True,9,-0.9712615013122559,9,0,0.0,55,6.111111111111111,6.046181978998204e-08,0.02291925652438857,True,False,False,success,True,2,-2.624537467956543,9,55,6.111111111111111,55,6.111111111111111,0.033633619614164126,0.033633619614164126,True,False,False,success,True,2,-2.8888750076293945,9,57,6.333333333333333,57,6.333333333333333,0.034858259436202375,0.034858259436202375,True,False,False,success,True,10,-1.3881807327270508,9,0,0.0,46,5.111111111111111,6.489446632474556e-08,0.022539418922902184
target_18cm,16,160290000,16,True,False,False,success,True,6,-1.1187644004821777,9,0,0.0,46,5.111111111111111,6.376486042377296e-08,0.024068412171106904,True,False,False,success,True,15,-17.532066345214844,9,81,9.0,81,9.0,0.038000831919268147,0.038000831919268147,False,True,False,toe_riser_under_clearance,True,7,-31.116413116455078,1,49,49.0,49,49.0,0.05410483224051339,0.05410483224051339,True,False,False,success,True,4,-1.671445369720459,9,0,0.0,51,5.666666666666667,6.38377155176232e-08,0.026133014731211206
target_18cm,17,160290000,17,True,False,False,success,True,7,1.2880196571350098,9,0,0.0,36,4.0,6.254065166956607e-08,0.01513003134780578,True,False,False,success,True,5,-1.8596267700195312,9,44,4.888888888888889,44,4.888888888888889,0.025396265928772675,0.025396265928772675,False,True,False,toe_riser_under_clearance,True,3,-7.2748188972473145,5,33,6.6,33,6.6,0.03186627659931719,0.03186627659931719,True,False,False,success,True,7,0.3971061706542969,9,0,0.0,37,4.111111111111111,6.361133012359151e-08,0.01597447258433657
target_18cm,18,160290000,18,False,True,False,toe_riser_under_clearance,True,2,-9.280471801757812,1,0,0.0,27,27.0,5.363461436250613e-08,0.0458754301071167,True,False,False,success,True,5,-3.6254496574401855,9,54,6.0,54,6.0,0.02522904164082295,0.02522904164082295,True,False,False,success,True,8,-0.23411989212036133,9,44,4.888888888888889,44,4.888888888888889,0.02293744627034889,0.02293744627034889,False,True,False,toe_riser_under_clearance,True,2,-9.30488395690918,1,0,0.0,27,27.0,5.167010255848124e-08,0.04600062710898263
target_18cm,19,160290000,19,True,False,False,success,True,5,-3.358020782470703,9,0,0.0,57,6.333333333333333,6.337068344931086e-08,0.030424670896668365,False,True,False,toe_riser_under_clearance,True,8,-12.227007865905762,5,51,10.2,51,10.2,0.0532950020487398,0.0532950020487398,False,True,False,toe_riser_under_clearance,True,6,-13.121177673339844,5,52,10.4,52,10.4,0.05889923612950212,0.05889923612950212,True,False,False,success,True,4,-2.572183132171631,9,0,0.0,56,6.222222222222222,6.339048089406181e-08,0.02913553516070048
target_18cm,20,160290000,20,False,True,False,toe_riser_under_clearance,True,7,-10.21774959564209,9,0,0.0,46,5.111111111111111,6.109961064803185e-08,0.024694405623015985,False,True,False,toe_riser_under_clearance,True,3,-99.3333740234375,2,84,42.0,84,42.0,0.40838971988175266,0.40838971988175266,False,True,False,toe_riser_under_clearance,True,3,-103.05619049072266,2,86,43.0,86,43.0,0.42265883225661055,0.42265883225661055,False,True,False,toe_riser_under_clearance,True,8,-12.455545425415039,6,0,0.0,46,7.666666666666667,6.452781946672701e-08,0.026306987146480224
target_18cm,21,160290000,21,False,True,False,toe_riser_under_clearance,True,2,-9.906850814819336,1,0,0.0,27,27.0,5.4707899681476116e-08,0.049743427357203523,True,False,False,success,True,3,-1.9726133346557617,9,56,6.222222222222222,56,6.222222222222222,0.02914145821019223,0.02914145821019223,True,False,False,success,True,3,-1.9880290031433105,9,58,6.444444444444445,58,6.444444444444445,0.02948221170677329,0.02948221170677329,False,True,False,toe_riser_under_clearance,True,2,-9.819019317626953,1,0,0.0,27,27.0,4.825622287991253e-08,0.04951250721031512
target_18cm,22,160290000,22,True,False,False,success,True,9,-0.9663586616516113,9,0,0.0,55,6.111111111111111,6.411011250683444e-08,0.026534306264556613,False,True,False,toe_riser_under_clearance,True,7,-13.933664321899414,9,57,6.333333333333333,57,6.333333333333333,0.0322725157931919,0.0322725157931919,False,True,False,toe_riser_under_clearance,True,6,-13.680778503417969,9,55,6.111111111111111,55,6.111111111111111,0.030401829126718884,0.030401829126718884,True,False,False,success,True,8,-0.44404125213623047,9,0,0.0,53,5.888888888888889,6.471635032626111e-08,0.024761968364252422
target_18cm,23,160290000,23,True,False,False,success,True,8,-0.9752011299133301,9,0,0.0,54,6.0,6.428521339570717e-08,0.024222357967864542,True,False,False,success,True,6,-3.064816474914551,9,56,6.222222222222222,56,6.222222222222222,0.03176815299901682,0.03176815299901682,True,False,False,success,True,6,-3.933016300201416,9,55,6.111111111111111,55,6.111111111111111,0.036002408167359175,0.036002408167359175,False,True,False,toe_riser_under_clearance,True,3,-6.832492351531982,6,0,0.0,34,5.666666666666667,6.561874527194361e-08,0.027125025128984785
target_18cm,24,160290000,24,True,False,False,success,True,7,-0.752169132232666,9,0,0.0,55,6.111111111111111,6.427992394449013e-08,0.025645703980416962,True,False,False,success,True,4,-4.051468849182129,9,56,6.222222222222222,56,6.222222222222222,0.0331405656490368,0.0331405656490368,True,False,False,success,True,6,-8.60300064086914,9,72,8.0,72,8.0,0.03565966598386687,0.03565966598386687,False,True,False,toe_riser_under_clearance,True,6,-17.304487228393555,9,0,0.0,74,8.222222222222221,6.503920826665175e-08,0.03595839292756095
target_18cm,25,160290000,25,True,False,False,success,True,3,-0.03449535369873047,9,0,0.0,47,5.222222222222222,6.34010536052064e-08,0.018715767238451086,True,False,False,success,True,10,-1.9625530242919922,9,78,8.666666666666666,78,8.666666666666666,0.025960642153078372,0.025960642153078372,True,False,False,success,True,12,-0.593961238861084,9,58,6.444444444444445,58,6.444444444444445,0.01861669015193331,0.01861669015193331,True,False,False,success,True,3,-2.539154529571533,9,0,0.0,50,5.555555555555555,6.079320811812638e-08,0.023316433850456685
target_18cm,26,160290000,26,True,False,False,success,True,7,-1.4362983703613281,9,0,0.0,60,6.666666666666667,6.250413271476076e-08,0.029672362049173864,True,False,False,success,True,7,-1.364638328552246,9,56,6.222222222222222,56,6.222222222222222,0.02540219339550051,0.02540219339550051,True,False,False,success,True,10,-0.57171630859375,9,52,5.777777777777778,52,5.777777777777778,0.023578641716569794,0.023578641716569794,True,False,False,success,True,9,-2.85488224029541,9,0,0.0,52,5.777777777777778,6.4299283935568e-08,0.027658429639092808
target_18cm,27,160290000,27,True,False,False,success,True,4,-1.9067001342773438,9,0,0.0,58,6.444444444444445,6.337892247115053e-08,0.026846961337987467,True,False,False,success,True,7,-2.166088104248047,9,42,4.666666666666667,42,4.666666666666667,0.026785759698776973,0.026785759698776973,True,False,False,success,True,5,-3.734412670135498,9,48,5.333333333333333,48,5.333333333333333,0.031482673426556695,0.031482673426556695,True,False,False,success,True,2,-4.286538600921631,9,0,0.0,71,7.888888888888889,6.413758551628378e-08,0.03205862346448397
target_18cm,28,160290000,28,True,False,False,success,True,7,-2.2352027893066406,9,0,0.0,65,7.222222222222222,6.151942103441282e-08,0.025425982171286218,True,False,False,success,True,5,-1.5971250534057617,9,50,5.555555555555555,50,5.555555555555555,0.026372065053921992,0.026372065053921992,True,False,False,success,True,7,-1.4517822265625,9,49,5.444444444444445,49,5.444444444444445,0.02587634241858194,0.02587634241858194,True,False,False,success,True,6,-1.4682292938232422,9,0,0.0,65,7.222222222222222,6.204498173409649e-08,0.028208151096250952
target_18cm,29,160290000,29,True,False,False,success,True,5,-3.605350971221924,9,0,0.0,63,7.0,6.332785523510814e-08,0.025584390468852698,True,False,False,success,True,7,-0.9070873260498047,9,44,4.888888888888889,44,4.888888888888889,0.02394328159945352,0.02394328159945352,True,False,False,success,True,6,-1.0555706024169922,9,47,5.222222222222222,47,5.222222222222222,0.025962399298612052,0.025962399298612052,False,True,False,toe_riser_under_clearance,True,2,-9.782672882080078,5,0,0.0,38,7.6,6.655217857583213e-08,0.03726781513096936
target_18cm,30,160290000,30,False,True,False,toe_riser_under_clearance,True,8,-10.704568862915039,6,0,0.0,51,8.5,6.387362739951126e-08,0.036599386177387186,False,True,False,toe_riser_under_clearance,True,5,-7.025125503540039,5,34,6.8,34,6.8,0.0306141783551472,0.0306141783551472,False,True,False,toe_riser_under_clearance,True,4,-6.697744369506836,5,34,6.8,34,6.8,0.030525097032872643,0.030525097032872643,False,True,False,toe_riser_under_clearance,True,11,-13.046480178833008,9,0,0.0,43,4.777777777777778,6.270752286366989e-08,0.023497709663965367
target_18cm,31,160290000,31,True,False,False,success,True,7,-0.9298195838928223,9,0,0.0,40,4.444444444444445,6.629510556796932e-08,0.02317632084161463,True,False,False,success,True,6,-0.7533893585205078,9,48,5.333333333333333,48,5.333333333333333,0.02318760033311515,0.02318760033311515,True,False,False,success,True,8,-0.582221508026123,9,46,5.111111111111111,46,5.111111111111111,0.022155463158547342,0.022155463158547342,True,False,False,success,True,3,-0.4073677062988281,9,0,0.0,39,4.333333333333333,6.482789846724162e-08,0.022939422320871844
target_18cm,32,160290000,32,True,False,False,success,True,7,0.720003604888916,9,0,0.0,50,5.555555555555555,6.071195914972221e-08,0.01813839810714875,True,False,False,success,True,3,-1.0005364418029785,9,47,5.222222222222222,47,5.222222222222222,0.024909931200521963,0.024909931200521963,True,False,False,success,True,4,-0.6427268981933594,9,49,5.444444444444445,49,5.444444444444445,0.026829884348926455,0.026829884348926455,True,False,False,success,True,3,-2.1463398933410645,9,0,0.0,56,6.222222222222222,6.307707336396207e-08,0.025810104075486097
target_18cm,33,160290000,33,False,True,False,toe_riser_under_clearance,True,7,-9.742130279541016,9,0,0.0,37,4.111111111111111,6.26542997160515e-08,0.0180170327714346,True,False,False,success,True,6,-1.1952781677246094,9,29,3.2222222222222223,29,3.2222222222222223,0.020262936599382008,0.020262936599382008,True,False,False,success,True,5,-5.922210216522217,9,53,5.888888888888889,53,5.888888888888889,0.033409854401082614,0.033409854401082614,False,True,False,toe_riser_under_clearance,True,9,-22.300655364990234,6,0,0.0,72,12.0,6.3148696823902e-08,0.04346057847998608
target_18cm,34,160290000,34,True,False,False,success,True,7,-1.3850607872009277,9,0,0.0,64,7.111111111111111,5.984609976513396e-08,0.024896178989235414,True,False,False,success,True,7,-1.5718793869018555,9,48,5.333333333333333,48,5.333333333333333,0.027660143506395948,0.027660143506395948,True,False,False,success,True,6,-1.6960062980651855,9,49,5.444444444444445,49,5.444444444444445,0.028443466050587677,0.028443466050587677,True,False,False,success,True,7,-2.3013081550598145,9,0,0.0,80,8.88888888888889,6.112010047980664e-08,0.028616413627703164
target_18cm,35,160290000,35,True,False,False,success,True,10,-0.19466543197631836,9,0,0.0,53,5.888888888888889,6.222206050757273e-08,0.021146030195297733,False,True,False,toe_riser_under_clearance,True,6,-12.574735641479492,1,30,30.0,30,30.0,0.02939788715259449,0.02939788715259449,False,True,False,balance_or_other_fall,False,0,-12.204660415649414,1,28,28.0,28,28.0,0.03379265197926322,0.03379265197926322,True,False,False,success,True,6,-0.3747243881225586,9,0,0.0,41,4.555555555555555,6.486759722916289e-08,0.020403231343915387
target_18cm,36,160290000,36,True,False,False,success,True,6,-0.4894137382507324,9,0,0.0,56,6.222222222222222,6.422305887099355e-08,0.025790677232257392,False,True,False,toe_riser_under_clearance,True,8,-32.34889221191406,7,79,11.285714285714286,79,11.285714285714286,0.15214259604668023,0.15214259604668023,False,True,False,toe_riser_under_clearance,True,7,-38.912296295166016,7,82,11.714285714285714,82,11.714285714285714,0.1932803219311858,0.1932803219311858,True,False,False,success,True,7,-0.6895456314086914,9,0,0.0,57,6.333333333333333,6.181021050114425e-08,0.02832296432987336
target_18cm,37,160290000,37,True,False,False,success,True,6,-0.5342416763305664,9,0,0.0,58,6.444444444444445,6.102948877117656e-08,0.023460958296027873,False,True,False,toe_riser_under_clearance,True,3,-7.080718040466309,3,29,9.666666666666666,29,9.666666666666666,0.03492054404044638,0.03492054404044638,False,True,False,toe_riser_under_clearance,True,3,-7.084859848022461,3,29,9.666666666666666,29,9.666666666666666,0.034965191568647115,0.034965191568647115,False,True,False,toe_riser_under_clearance,True,10,-10.65122127532959,7,0,0.0,54,7.714285714285714,5.936925513352074e-08,0.03369457765514144
target_18cm,38,160290000,38,True,False,False,success,True,6,-1.9020013809204102,9,0,0.0,48,5.333333333333333,6.30172106358767e-08,0.021304681703641817,False,True,False,toe_riser_under_clearance,True,5,-12.346892356872559,8,58,7.25,58,7.25,0.03207761900765555,0.03207761900765555,True,False,False,success,True,4,-2.6644339561462402,9,51,5.666666666666667,51,5.666666666666667,0.02327837452055916,0.02327837452055916,False,True,False,toe_riser_under_clearance,True,12,-38.95606994628906,6,0,0.0,125,20.833333333333332,6.232849158056334e-08,0.08494924223472061
target_18cm,39,160290000,39,False,True,False,balance_or_other_fall,False,0,-7.692597389221191,5,0,0.0,36,7.2,6.349451407162554e-08,0.03294165991982924,True,False,False,success,True,3,-2.7570242881774902,9,42,4.666666666666667,42,4.666666666666667,0.02243862784869298,0.02243862784869298,True,False,False,success,True,3,-0.024857521057128906,9,41,4.555555555555555,41,4.555555555555555,0.021077671741468334,0.021077671741468334,True,False,False,success,True,3,-0.7028532028198242,9,0,0.0,51,5.666666666666667,6.020061569470502e-08,0.021806777405688423
target_18cm,40,160290000,40,True,False,False,success,True,5,-1.381197452545166,9,0,0.0,46,5.111111111111111,6.268421000438845e-08,0.02513605965508355,True,False,False,success,True,8,0.5598816871643066,9,33,3.6666666666666665,33,3.6666666666666665,0.014860292650618643,0.014860292650618643,True,False,False,success,True,9,-0.488649845123291,9,43,4.777777777777778,43,4.777777777777778,0.020919116480009898,0.020919116480009898,False,True,False,toe_riser_under_clearance,True,3,-10.048717498779297,7,0,0.0,44,6.285714285714286,6.51688518199331e-08,0.037915736231310615
target_18cm,41,160290000,41,False,True,False,toe_riser_under_clearance,True,4,-9.377961158752441,6,0,0.0,49,8.166666666666666,6.5406413912557e-08,0.03845925705424755,False,True,False,toe_riser_under_clearance,True,3,-9.137825012207031,7,38,5.428571428571429,38,5.428571428571429,0.03278613843415913,0.03278613843415913,False,True,False,toe_riser_under_clearance,True,3,-9.128631591796875,7,38,5.428571428571429,38,5.428571428571429,0.032688515646415846,0.032688515646415846,False,True,False,toe_riser_under_clearance,True,4,-9.591276168823242,6,0,0.0,45,7.5,6.31632367792129e-08,0.0372214750810103
target_18cm,42,160290000,42,True,False,False,success,True,6,0.680239200592041,9,0,0.0,33,3.6666666666666665,6.248119124965914e-08,0.015113879133153844,True,False,False,success,True,8,0.4971785545349121,9,27,3.0,27,3.0,0.015139857297221188,0.015139857297221188,True,False,False,success,True,8,0.529355525970459,9,27,3.0,27,3.0,0.015278812428684386,0.015278812428684386,True,False,False,success,True,7,0.6813812255859375,9,0,0.0,35,3.888888888888889,6.338928680502434e-08,0.014937547536996694
target_18cm,43,160290000,43,True,False,False,success,True,6,0.31763315200805664,9,0,0.0,57,6.333333333333333,6.365782991774576e-08,0.024870820583835725,True,False,False,success,True,6,-0.10879373550415039,9,39,4.333333333333333,39,4.333333333333333,0.019286232257108075,0.019286232257108075,True,False,False,success,True,6,-0.5365490913391113,9,39,4.333333333333333,39,4.333333333333333,0.02004531713632437,0.02004531713632437,True,False,False,success,True,6,0.3664693832397461,9,0,0.0,57,6.333333333333333,6.285181957683827e-08,0.02471037833921371
target_18cm,44,160290000,44,True,False,False,success,True,11,-1.9833521842956543,9,0,0.0,53,5.888888888888889,6.147155404792925e-08,0.02602321441916339,False,True,False,toe_riser_under_clearance,True,6,-31.445966720581055,2,70,35.0,70,35.0,0.1088883500350149,0.1088883500350149,False,True,False,toe_riser_under_clearance,True,5,-32.81095886230469,3,80,26.666666666666668,80,26.666666666666668,0.10765208782065323,0.10765208782065323,True,False,False,success,True,13,-9.243439674377441,9,0,0.0,74,8.222222222222221,6.114518739465729e-08,0.03622666348838132
target_18cm,45,160290000,45,False,True,False,toe_riser_under_clearance,True,7,-9.638679504394531,7,0,0.0,43,6.142857142857143,6.255506258784298e-08,0.030881198395821163,False,True,False,toe_riser_under_clearance,True,7,-10.196028709411621,9,42,4.666666666666667,42,4.666666666666667,0.022258508259354673,0.022258508259354673,False,True,False,toe_riser_under_clearance,True,3,-13.756789207458496,9,51,5.666666666666667,51,5.666666666666667,0.03411632460971323,0.03411632460971323,False,True,False,toe_riser_under_clearance,True,7,-8.488100051879883,5,0,0.0,38,7.6,6.233214700407636e-08,0.02730804496157953
target_18cm,46,160290000,46,False,True,False,toe_riser_under_clearance,True,1,-7.461210250854492,3,0,0.0,35,11.666666666666666,6.16874526063579e-08,0.03418969306625238,True,False,False,success,True,8,-3.971281051635742,9,57,6.333333333333333,57,6.333333333333333,0.02854530466975852,0.02854530466975852,True,False,False,success,True,6,-2.8958144187927246,9,50,5.555555555555555,50,5.555555555555555,0.026760671220315054,0.026760671220315054,True,False,False,success,True,4,-1.3379120826721191,9,0,0.0,59,6.555555555555555,6.187037379486251e-08,0.023578632837054372
target_18cm,47,160290000,47,True,False,False,success,True,4,-2.85502290725708,9,0,0.0,79,8.777777777777779,6.006480312724648e-08,0.0317648842876999,True,False,False,success,True,7,1.310941219329834,9,30,3.3333333333333335,30,3.3333333333333335,0.016407765257939386,0.016407765257939386,True,False,False,success,True,7,0.552433967590332,9,32,3.5555555555555554,32,3.5555555555555554,0.016785926583372517,0.016785926583372517,False,True,False,toe_riser_under_clearance,True,8,-12.706604957580566,9,0,0.0,62,6.888888888888889,6.282509052431916e-08,0.03010481659000066
target_18cm,48,160290000,48,True,False,False,success,True,10,-1.2304868698120117,9,0,0.0,37,4.111111111111111,6.257677579692396e-08,0.01584604975894527,True,False,False,success,True,7,0.31647396087646484,9,41,4.555555555555555,41,4.555555555555555,0.017250346676738942,0.017250346676738942,True,False,False,success,True,8,0.8542122840881348,9,37,4.111111111111111,37,4.111111111111111,0.01401285126677945,0.01401285126677945,True,False,False,success,True,11,0.19085931777954102,9,0,0.0,36,4.0,6.438196861575139e-08,0.01709860576917705
target_18cm,49,160290000,49,True,False,False,success,True,8,-1.452779769897461,9,0,0.0,49,5.444444444444445,6.454253085202684e-08,0.026237391588980693,True,False,False,success,True,6,-1.1616759300231934,9,47,5.222222222222222,47,5.222222222222222,0.027787138077733697,0.027787138077733697,True,False,False,success,True,7,-1.4211583137512207,9,50,5.555555555555555,50,5.555555555555555,0.02841753466375943,0.02841753466375943,True,False,False,success,True,9,-1.4493341445922852,9,0,0.0,49,5.444444444444445,6.370144578736015e-08,0.026806102569446814
target_18cm,50,160290000,50,True,False,False,success,True,5,0.2806229591369629,9,0,0.0,41,4.555555555555555,6.564259738030656e-08,0.01664161466852537,True,False,False,success,True,4,-4.821723461151123,9,64,7.111111111111111,64,7.111111111111111,0.03451734612345213,0.03451734612345213,True,False,False,success,True,8,-4.093169212341309,9,57,6.333333333333333,57,6.333333333333333,0.02908512793089214,0.02908512793089214,True,False,False,success,True,6,0.4443373680114746,9,0,0.0,47,5.222222222222222,6.466546923986933e-08,0.018474897433971536
target_18cm,51,160290000,51,False,True,False,toe_riser_under_clearance,True,4,-8.918462753295898,7,0,0.0,59,8.428571428571429,6.120927604066608e-08,0.033231341906186554,False,True,False,toe_riser_under_clearance,True,4,-15.95828628540039,5,46,9.2,46,9.2,0.06683126702366105,0.06683126702366105,True,False,False,success,True,6,-1.973726749420166,9,46,5.111111111111111,46,5.111111111111111,0.02655431354607897,0.02655431354607897,False,True,False,toe_riser_under_clearance,True,5,-13.7099609375,9,0,0.0,63,7.0,6.642892637971209e-08,0.024181826658227375
target_18cm,52,160290000,52,True,False,False,success,True,5,0.025054931640625,9,0,0.0,50,5.555555555555555,6.629997362251008e-08,0.02043008515329072,False,True,False,toe_riser_under_clearance,True,2,-5.720187187194824,2,20,10.0,20,10.0,0.030385678814303492,0.030385678814303492,False,True,False,toe_riser_under_clearance,True,2,-5.7091474533081055,2,20,10.0,20,10.0,0.030370832258655178,0.030370832258655178,False,True,False,toe_riser_under_clearance,True,6,-5.1454668045043945,4,0,0.0,28,7.0,5.66598338571986e-08,0.02096726344181941
target_18cm,53,160290000,53,False,True,False,toe_riser_under_clearance,True,6,-13.651208877563477,9,0,0.0,59,6.555555555555555,6.701276078517493e-08,0.025409414413127492,True,False,False,success,True,4,-1.4745044708251953,9,53,5.888888888888889,53,5.888888888888889,0.02997112719812126,0.02997112719812126,True,False,False,success,True,4,-1.3312277793884277,9,54,6.0,54,6.0,0.029510540088202173,0.029510540088202173,False,True,False,toe_riser_under_clearance,True,5,-12.253059387207031,8,0,0.0,70,8.75,6.436654659715502e-08,0.03249787936245438
target_18cm,54,160290000,54,True,False,False,success,True,10,1.0748813152313232,9,0,0.0,41,4.555555555555555,6.572696167558175e-08,0.015353222551016971,True,False,False,success,True,5,-1.0733542442321777,9,53,5.888888888888889,53,5.888888888888889,0.02584830142082052,0.02584830142082052,False,True,False,toe_riser_under_clearance,True,10,-10.368326187133789,9,42,4.666666666666667,42,4.666666666666667,0.02671873697670557,0.02671873697670557,True,False,False,success,True,8,-0.20911359786987305,9,0,0.0,41,4.555555555555555,6.565677332608695e-08,0.020110277902512325
target_18cm,55,160290000,55,True,False,False,success,True,7,-2.9697060585021973,9,0,0.0,39,4.333333333333333,6.354615602662075e-08,0.01633982124475899,True,False,False,success,True,6,-3.160869598388672,9,57,6.333333333333333,57,6.333333333333333,0.03188137478298611,0.03188137478298611,True,False,False,success,True,5,-1.4303245544433594,9,54,6.0,54,6.0,0.026732994019397383,0.026732994019397383,True,False,False,success,True,6,0.4914283752441406,9,0,0.0,40,4.444444444444445,6.395223283897574e-08,0.01613586260799617
target_18cm,56,160290000,56,True,False,False,success,True,5,-0.2877988815307617,9,0,0.0,35,3.888888888888889,6.564826827682327e-08,0.016416100894703585,True,False,False,success,True,8,-0.21259117126464844,9,36,4.0,36,4.0,0.017904602542412877,0.017904602542412877,True,False,False,success,True,7,0.2158832550048828,9,43,4.777777777777778,43,4.777777777777778,0.018154432508680554,0.018154432508680554,True,False,False,success,True,6,0.3882894515991211,9,0,0.0,29,3.2222222222222223,5.96186168585212e-08,0.014316273225916689
target_18cm,57,160290000,57,True,False,False,success,True,6,-2.2639713287353516,9,0,0.0,45,5.0,6.632724709410879e-08,0.02451412576423662,True,False,False,success,True,5,-1.5365638732910156,9,47,5.222222222222222,47,5.222222222222222,0.02362595966884068,0.02362595966884068,True,False,False,success,True,6,-1.7671666145324707,9,45,5.0,45,5.0,0.02303156852722168,0.02303156852722168,True,False,False,success,True,5,-2.546098232269287,9,0,0.0,52,5.777777777777778,6.524398612321303e-08,0.025416473264364022
target_18cm,58,160290000,58,True,False,False,success,True,10,-4.356250286102295,9,0,0.0,66,7.333333333333333,6.373563269010978e-08,0.03060742356869451,True,False,False,success,True,8,-2.004943370819092,9,35,3.888888888888889,35,3.888888888888889,0.024158268726518002,0.024158268726518002,False,True,False,toe_riser_under_clearance,True,7,-13.583589553833008,9,32,3.5555555555555554,32,3.5555555555555554,0.02636710384435821,0.02636710384435821,True,False,False,success,True,8,-2.9602694511413574,9,0,0.0,56,6.222222222222222,6.151120339159794e-08,0.028407263315189057
target_18cm,59,160290000,59,True,False,False,success,True,4,-0.8402438163757324,9,0,0.0,52,5.777777777777778,6.113827364476172e-08,0.02265782255198455,True,False,False,success,True,8,-2.0249505043029785,9,50,5.555555555555555,50,5.555555555555555,0.022683227476654366,0.022683227476654366,True,False,False,success,True,8,-5.353769302368164,9,88,9.777777777777779,88,9.777777777777779,0.03432679004806409,0.03432679004806409,False,True,False,toe_riser_under_clearance,True,2,-7.656569957733154,6,0,0.0,32,5.333333333333333,6.463783282059722e-08,0.023248044455923687
target_18cm,60,160290000,60,False,True,False,toe_riser_under_clearance,True,6,-11.334030151367188,9,0,0.0,52,5.777777777777778,6.233044454683233e-08,0.02910000606647973,False,True,False,toe_riser_under_clearance,True,14,-30.140304565429688,2,92,46.0,92,46.0,0.13143590529016988,0.13143590529016988,False,True,False,toe_riser_under_clearance,True,3,-10.565028190612793,2,33,16.5,33,16.5,0.044153285817512405,0.044153285817512405,False,True,False,toe_riser_under_clearance,True,6,-17.514007568359375,8,0,0.0,93,11.625,6.39778382613308e-08,0.05569977407523727
target_18cm,61,160290000,61,False,True,False,toe_riser_under_clearance,True,6,-7.869363784790039,2,0,0.0,44,22.0,5.786237317140699e-08,0.029231521445260922,True,False,False,success,True,8,-2.151888370513916,9,61,6.777777777777778,61,6.777777777777778,0.030411525801116345,0.030411525801116345,True,False,False,success,True,7,-11.069818496704102,9,66,7.333333333333333,66,7.333333333333333,0.039242666894262965,0.039242666894262965,False,True,False,toe_riser_under_clearance,True,6,-7.52888822555542,2,0,0.0,42,21.0,5.885558880920066e-08,0.02661355674689543
target_18cm,62,160290000,62,False,True,False,toe_riser_under_clearance,True,2,-8.569540023803711,1,0,0.0,22,22.0,5.410715567314641e-08,0.040750591467458304,True,False,False,success,True,6,-0.9845871925354004,9,45,5.0,45,5.0,0.026834441231680918,0.026834441231680918,True,False,False,success,True,7,-1.863004207611084,9,52,5.777777777777778,52,5.777777777777778,0.03248762250780226,0.03248762250780226,False,True,False,toe_riser_under_clearance,True,2,-8.588768005371094,1,0,0.0,23,23.0,5.4521388582743256e-08,0.04224291253597178
target_18cm,63,160290000,63,False,True,False,toe_riser_under_clearance,True,5,-10.235694885253906,5,0,0.0,49,9.8,6.100715814191174e-08,0.034627036814309335,True,False,False,success,True,3,-0.0609593391418457,9,53,5.888888888888889,53,5.888888888888889,0.025520183748240836,0.025520183748240836,True,False,False,success,True,2,-0.48999977111816406,9,51,5.666666666666667,51,5.666666666666667,0.02730235567799321,0.02730235567799321,False,True,False,toe_riser_under_clearance,True,9,-12.857227325439453,9,0,0.0,57,6.333333333333333,6.317895068522458e-08,0.025391331585970792
target_18cm,64,160290000,64,False,True,False,toe_riser_under_clearance,True,2,-13.548930168151855,4,0,0.0,48,12.0,5.9092944239041413e-08,0.03246599723552836,True,False,False,success,True,8,-0.8157815933227539,9,50,5.555555555555555,50,5.555555555555555,0.024609011425306377,0.024609011425306377,True,False,False,success,True,7,-1.7365822792053223,9,54,6.0,54,6.0,0.027443114386664497,0.027443114386664497,False,True,False,toe_riser_under_clearance,True,5,-13.578218460083008,6,0,0.0,50,8.333333333333334,6.503695235580241e-08,0.03677496940467009
target_18cm,65,160290000,65,False,True,False,toe_riser_under_clearance,True,5,-6.701637268066406,5,0,0.0,28,5.6,6.392978391207379e-08,0.026954178134770863,True,False,False,success,True,9,-2.5227432250976562,9,48,5.333333333333333,48,5.333333333333333,0.028632200997451257,0.028632200997451257,True,False,False,success,True,7,-9.084762573242188,9,65,7.222222222222222,65,7.222222222222222,0.04023322149015089,0.04023322149015089,False,True,False,toe_riser_under_clearance,True,5,-7.2981767654418945,5,0,0.0,29,5.8,6.6883366004376e-08,0.030710533453159577
target_18cm,66,160290000,66,True,False,False,success,True,4,-1.9777894020080566,9,0,0.0,54,6.0,6.467151960753886e-08,0.025016337441683325,True,False,False,success,True,7,-4.462830066680908,9,41,4.555555555555555,41,4.555555555555555,0.013724989313329107,0.013724989313329107,True,False,False,success,True,6,-1.5835285186767578,9,48,5.333333333333333,48,5.333333333333333,0.02563105477227105,0.02563105477227105,True,False,False,success,True,5,-1.763993263244629,9,0,0.0,56,6.222222222222222,6.306088535605095e-08,0.02472397792770202
target_18cm,67,160290000,67,False,True,False,toe_riser_under_clearance,True,7,-13.730524063110352,9,0,0.0,60,6.666666666666667,6.291294415529013e-08,0.032599720087918366,False,True,False,toe_riser_under_clearance,True,1,-4.764240264892578,2,19,9.5,19,9.5,0.027139105764376063,0.027139105764376063,False,True,False,toe_riser_under_clearance,True,1,-4.750959396362305,2,19,9.5,19,9.5,0.02725617415240022,0.02725617415240022,False,True,False,toe_riser_under_clearance,True,7,-13.1165771484375,9,0,0.0,54,6.0,6.422867670221267e-08,0.029452866707799657
target_18cm,68,160290000,68,True,False,False,success,True,5,-0.09115934371948242,9,0,0.0,43,4.777777777777778,6.474030387378404e-08,0.019579149272343884,True,False,False,success,True,10,-3.0256805419921875,9,72,8.0,72,8.0,0.029354748067873863,0.029354748067873863,True,False,False,success,True,6,-0.299591064453125,9,47,5.222222222222222,47,5.222222222222222,0.019943298222209915,0.019943298222209915,True,False,False,success,True,5,0.34090137481689453,9,0,0.0,38,4.222222222222222,6.337736970597458e-08,0.019842602277585598
target_18cm,69,160290000,69,False,True,False,balance_or_other_fall,False,0,-4.778077602386475,1,0,0.0,17,17.0,6.143753153358403e-08,0.022945169246557987,True,False,False,success,True,7,-0.820411205291748,9,48,5.333333333333333,48,5.333333333333333,0.023826448884728835,0.023826448884728835,False,True,False,toe_riser_under_clearance,True,5,-6.393449306488037,4,32,8.0,32,8.0,0.03353397646664523,0.03353397646664523,False,True,False,balance_or_other_fall,False,0,-4.783502101898193,1,0,0.0,17,17.0,5.7432578504438315e-08,0.022945203564383766
target_18cm,70,160290000,70,True,False,False,success,True,7,-5.350975513458252,9,0,0.0,82,9.11111111111111,6.256587029092084e-08,0.030930540696629937,False,True,False,toe_riser_under_clearance,True,4,-5.5052876472473145,4,28,7.0,28,7.0,0.025003660505063065,0.025003660505063065,False,True,False,toe_riser_under_clearance,True,4,-5.494953632354736,4,28,7.0,28,7.0,0.024998876536003897,0.024998876536003897,True,False,False,success,True,6,-2.828768730163574,9,0,0.0,62,6.888888888888889,6.368697567907447e-08,0.027799846158169283
target_18cm,71,160290000,71,False,True,False,toe_riser_under_clearance,True,6,-10.73071002960205,7,0,0.0,60,8.571428571428571,6.100541690299473e-08,0.03666850304671502,True,False,False,success,True,8,-2.728097915649414,9,40,4.444444444444445,40,4.444444444444445,0.025811894127747894,0.025811894127747894,True,False,False,success,True,6,-4.147255897521973,9,48,5.333333333333333,48,5.333333333333333,0.028926394603870535,0.028926394603870535,False,True,False,toe_riser_under_clearance,True,9,-10.530122756958008,8,0,0.0,58,7.25,6.573975105280185e-08,0.035949526161983096
target_18cm,72,160290000,72,True,False,False,success,True,7,-0.18911361694335938,9,0,0.0,36,4.0,6.104563418865347e-08,0.015551407113034502,False,True,False,toe_riser_under_clearance,True,3,-6.06069278717041,4,21,5.25,21,5.25,0.02400785466139229,0.02400785466139229,False,True,False,toe_riser_under_clearance,True,3,-6.077203750610352,4,21,5.25,21,5.25,0.024028398603669014,0.024028398603669014,True,False,False,success,True,8,-0.5836873054504395,9,0,0.0,39,4.333333333333333,6.405611561257351e-08,0.016510438491410737
target_18cm,73,160290000,73,True,False,False,success,True,6,-1.3586792945861816,9,0,0.0,48,5.333333333333333,6.69189061895314e-08,0.02305995729723924,True,False,False,success,True,7,-2.789011001586914,9,65,7.222222222222222,65,7.222222222222222,0.0314820515740778,0.0314820515740778,True,False,False,success,True,6,-2.6142101287841797,9,63,7.0,63,7.0,0.032950277370503295,0.032950277370503295,True,False,False,success,True,4,-1.7191720008850098,9,0,0.0,51,5.666666666666667,6.556807742042622e-08,0.02650353732525102
target_18cm,74,160290000,74,False,True,False,toe_riser_under_clearance,True,9,-9.702163696289062,7,0,0.0,47,6.714285714285714,6.214300695333689e-08,0.0285069087195018,False,True,False,toe_riser_under_clearance,True,1,-9.605325698852539,6,38,6.333333333333333,38,6.333333333333333,0.04584312802962674,0.04584312802962674,True,False,False,success,True,4,-0.6917791366577148,9,39,4.333333333333333,39,4.333333333333333,0.022159029852669192,0.022159029852669192,False,True,False,toe_riser_under_clearance,True,8,-8.221519470214844,6,0,0.0,34,5.666666666666667,6.732297816269903e-08,0.021427109586670743
target_18cm,75,160290000,75,True,False,False,success,True,6,-1.2237176895141602,9,0,0.0,64,7.111111111111111,6.311562561783684e-08,0.021731170182375564,False,True,False,toe_riser_under_clearance,True,1,-8.926328659057617,3,30,10.0,30,10.0,0.04551866978549501,0.04551866978549501,False,True,False,toe_riser_under_clearance,True,1,-8.974398612976074,3,30,10.0,30,10.0,0.045509219739996075,0.045509219739996075,True,False,False,success,True,6,-2.724519729614258,9,0,0.0,69,7.666666666666667,6.045840266192452e-08,0.023593603140664995
target_18cm,76,160290000,76,True,False,False,success,True,6,-0.7326345443725586,9,0,0.0,47,5.222222222222222,6.481703652677288e-08,0.021632676573237912,True,False,False,success,True,6,-1.5798702239990234,9,43,4.777777777777778,43,4.777777777777778,0.02117274617249111,0.02117274617249111,True,False,False,success,True,7,-1.5516486167907715,9,43,4.777777777777778,43,4.777777777777778,0.021009892787573474,0.021009892787573474,False,True,False,toe_riser_under_clearance,True,6,-11.100788116455078,9,0,0.0,52,5.777777777777778,6.714858869059213e-08,0.027666787843446474
target_18cm,77,160290000,77,False,True,False,toe_riser_under_clearance,True,10,-14.82711410522461,9,0,0.0,53,5.888888888888889,6.426529249769043e-08,0.02622013862686928,True,False,False,success,True,4,-4.731050968170166,9,48,5.333333333333333,48,5.333333333333333,0.02479091174085856,0.02479091174085856,True,False,False,success,True,7,-3.1517252922058105,9,49,5.444444444444445,49,5.444444444444445,0.030359404109348762,0.030359404109348762,False,True,False,toe_riser_under_clearance,True,11,-14.531866073608398,8,0,0.0,57,7.125,6.470002991393263e-08,0.0356577381236629
target_18cm,78,160290000,78,False,True,False,toe_riser_under_clearance,True,5,-8.74795913696289,9,0,0.0,32,3.5555555555555554,6.475549037908998e-08,0.015438413619995118,False,True,False,toe_riser_under_clearance,True,8,-22.65050506591797,6,60,10.0,60,10.0,0.06627276925479665,0.06627276925479665,False,True,False,toe_riser_under_clearance,True,9,-15.513601303100586,3,66,22.0,66,22.0,0.05238825400421238,0.05238825400421238,False,True,False,toe_riser_under_clearance,True,6,-7.695321083068848,7,0,0.0,32,4.571428571428571,6.751789182349706e-08,0.02700270584651402
target_18cm,79,160290000,79,False,True,False,toe_riser_under_clearance,True,3,-10.035005569458008,7,0,0.0,50,7.142857142857143,6.094820049107948e-08,0.035374297424495396,True,False,False,success,True,5,-0.615260124206543,9,39,4.333333333333333,39,4.333333333333333,0.02039168862735524,0.02039168862735524,True,False,False,success,True,4,-0.6541590690612793,9,40,4.444444444444445,40,4.444444444444445,0.020478081529157876,0.020478081529157876,False,True,False,toe_riser_under_clearance,True,3,-9.739981651306152,7,0,0.0,49,7.0,6.355609608969341e-08,0.03382313600060535
target_18cm,80,160290000,80,False,True,False,toe_riser_under_clearance,True,7,-12.388557434082031,9,0,0.0,62,6.888888888888889,6.969757340202012e-08,0.03166893014743814,True,False,False,success,True,8,-5.699654579162598,9,50,5.555555555555555,50,5.555555555555555,0.03597099626835306,0.03597099626835306,False,True,False,toe_riser_under_clearance,True,9,-14.008857727050781,9,52,5.777777777777778,52,5.777777777777778,0.03859124793707546,0.03859124793707546,True,False,False,success,True,4,-1.8938984870910645,9,0,0.0,47,5.222222222222222,6.307768297095457e-08,0.02463487952217493
target_18cm,81,160290000,81,True,False,False,success,True,3,-2.1155571937561035,9,0,0.0,41,4.555555555555555,6.489734495555987e-08,0.022230097869181214,True,False,False,success,True,7,-0.900782585144043,9,48,5.333333333333333,48,5.333333333333333,0.02300220995949984,0.02300220995949984,True,False,False,success,True,10,0.15466785430908203,9,38,4.222222222222222,38,4.222222222222222,0.01746403143323701,0.01746403143323701,True,False,False,success,True,4,-2.703658103942871,9,0,0.0,42,4.666666666666667,6.595335990924569e-08,0.021166942737720632
target_18cm,82,160290000,82,True,False,False,success,True,7,-1.8620076179504395,9,0,0.0,46,5.111111111111111,6.549007572901376e-08,0.022888995655174875,False,True,False,toe_riser_under_clearance,True,5,-10.579994201660156,7,44,6.285714285714286,44,6.285714285714286,0.0384716358449724,0.0384716358449724,True,False,False,success,True,3,-2.481504440307617,9,41,4.555555555555555,41,4.555555555555555,0.022948395122181286,0.022948395122181286,True,False,False,success,True,3,-1.6316986083984375,9,0,0.0,45,5.0,6.67589043485214e-08,0.02509257058116877
target_18cm,83,160290000,83,True,False,False,success,True,4,-2.2148537635803223,9,0,0.0,55,6.111111111111111,6.511223222489006e-08,0.024550796774023637,True,False,False,success,True,7,-0.3659529685974121,9,51,5.666666666666667,51,5.666666666666667,0.024079720679069216,0.024079720679069216,True,False,False,success,True,6,-2.2357192039489746,9,59,6.555555555555555,59,6.555555555555555,0.029625178340927184,0.029625178340927184,True,False,False,success,True,6,-2.8919405937194824,9,0,0.0,56,6.222222222222222,6.297016203268251e-08,0.026361621474439625
target_18cm,84,160290000,84,True,False,False,success,True,7,0.9518089294433594,9,0,0.0,38,4.222222222222222,6.486738303778077e-08,0.017230147924401494,True,False,False,success,True,5,-1.4621381759643555,9,54,6.0,54,6.0,0.028580507336745616,0.028580507336745616,True,False,False,success,True,5,-2.139453411102295,9,56,6.222222222222222,56,6.222222222222222,0.030574264178786573,0.030574264178786573,True,False,False,success,True,6,-0.41563940048217773,9,0,0.0,38,4.222222222222222,6.38427428151756e-08,0.017328630651895535
target_18cm,85,160290000,85,True,False,False,success,True,4,-0.9785318374633789,9,0,0.0,45,5.0,6.574878938550541e-08,0.021614737324900442,False,True,False,toe_riser_under_clearance,True,6,-8.00531005859375,7,39,5.571428571428571,39,5.571428571428571,0.027396677401119146,0.027396677401119146,True,False,False,success,True,9,0.7398676872253418,9,50,5.555555555555555,50,5.555555555555555,0.019410788410841817,0.019410788410841817,True,False,False,success,True,9,-1.256669044494629,9,0,0.0,51,5.666666666666667,5.980227475463561e-08,0.025454704740406137
target_18cm,86,160290000,86,True,False,False,success,True,8,-4.818476676940918,9,0,0.0,54,6.0,6.375710445735809e-08,0.028164832007806034,False,True,False,toe_riser_under_clearance,True,5,-11.609285354614258,4,45,11.25,45,11.25,0.05225125309151251,0.05225125309151251,False,True,False,toe_riser_under_clearance,True,2,-11.184101104736328,3,40,13.333333333333334,40,13.333333333333334,0.038548881943161424,0.038548881943161424,False,True,False,toe_riser_under_clearance,True,14,-11.12168025970459,9,0,0.0,45,5.0,6.28085133438808e-08,0.02317271221841162
target_18cm,87,160290000,87,False,True,False,toe_riser_under_clearance,True,6,-12.1227388381958,9,0,0.0,38,4.222222222222222,6.4184743158486e-08,0.017684372266133626,False,True,False,toe_riser_under_clearance,True,3,-23.690359115600586,1,53,53.0,53,53.0,0.06989010981315576,0.06989010981315576,False,True,False,toe_riser_under_clearance,True,2,-11.549046516418457,1,23,23.0,23,23.0,0.03377502872830346,0.03377502872830346,False,True,False,toe_riser_under_clearance,True,7,-11.766115188598633,9,0,0.0,40,4.444444444444445,6.341113528427701e-08,0.018506481207246118
target_18cm,88,160290000,88,True,False,False,success,True,5,-2.444047451019287,9,0,0.0,52,5.777777777777778,6.548554451643106e-08,0.022569882700457775,True,False,False,success,True,8,-2.2260279655456543,9,53,5.888888888888889,53,5.888888888888889,0.028290655301964802,0.028290655301964802,True,False,False,success,True,6,0.3051142692565918,9,36,4.0,36,4.0,0.016594577780414572,0.016594577780414572,True,False,False,success,True,8,-1.1042909622192383,9,0,0.0,51,5.666666666666667,6.521930364765411e-08,0.020631068037370595
target_18cm,89,160290000,89,True,False,False,success,True,4,-6.177854061126709,9,0,0.0,63,7.0,6.441933417729115e-08,0.029036371125332874,False,True,False,toe_riser_under_clearance,True,5,-14.626249313354492,7,41,5.857142857142857,41,5.857142857142857,0.04289941610016438,0.04289941610016438,False,True,False,toe_riser_under_clearance,True,5,-14.861689567565918,7,42,6.0,42,6.0,0.04302185164885624,0.04302185164885624,True,False,False,success,True,5,-7.0734453201293945,9,0,0.0,62,6.888888888888889,6.372023306261178e-08,0.029643324213046912
target_18cm,90,160290000,90,False,True,False,toe_riser_under_clearance,True,6,-12.02559757232666,7,0,0.0,57,8.142857142857142,6.235912045183985e-08,0.041899876787483345,False,True,False,toe_riser_under_clearance,True,6,-13.861464500427246,6,61,10.166666666666666,61,10.166666666666666,0.0442399076882611,0.0442399076882611,True,False,False,success,True,9,-2.370218276977539,9,57,6.333333333333333,57,6.333333333333333,0.031121634572001,0.031121634572001,True,False,False,success,True,9,-3.6381068229675293,9,0,0.0,62,6.888888888888889,6.222218574876176e-08,0.03214369658146942
target_18cm,91,160290000,91,False,True,False,toe_riser_under_clearance,True,4,-13.4473876953125,9,0,0.0,61,6.777777777777778,6.900616917796381e-08,0.03481402278931673,True,False,False,success,True,5,0.017495155334472656,9,46,5.111111111111111,46,5.111111111111111,0.02346775629749037,0.02346775629749037,True,False,False,success,True,6,-0.16002845764160156,9,48,5.333333333333333,48,5.333333333333333,0.02383965132736998,0.02383965132736998,False,True,False,toe_riser_under_clearance,True,2,-11.823843002319336,9,0,0.0,46,5.111111111111111,6.740849401148926e-08,0.023496859378665295
target_18cm,92,160290000,92,False,True,False,toe_riser_under_clearance,True,10,-27.421594619750977,8,0,0.0,109,13.625,6.189071262156368e-08,0.044549671835682245,False,True,False,toe_riser_under_clearance,True,14,-19.17162322998047,6,80,13.333333333333334,80,13.333333333333334,0.04439706987747621,0.04439706987747621,True,False,False,success,True,8,-4.445700168609619,9,72,8.0,72,8.0,0.028578288247140402,0.028578288247140402,False,True,False,toe_riser_under_clearance,True,5,-10.253373146057129,8,0,0.0,55,6.875,6.220608988672772e-08,0.035105372997040446
target_18cm,93,160290000,93,True,False,False,success,True,7,-4.440389633178711,9,0,0.0,73,8.11111111111111,6.459465990202312e-08,0.029940348897922978,True,False,False,success,True,8,-1.1174421310424805,9,43,4.777777777777778,43,4.777777777777778,0.014609608120388454,0.014609608120388454,False,True,False,toe_riser_under_clearance,True,4,-11.607995986938477,4,50,12.5,50,12.5,0.0451627325928585,0.0451627325928585,False,True,False,toe_riser_under_clearance,True,9,-13.303465843200684,9,0,0.0,55,6.111111111111111,6.62660722050425e-08,0.027562167966136076
target_18cm,94,160290000,94,True,False,False,success,True,6,1.0615348815917969,9,0,0.0,39,4.333333333333333,6.519327336221744e-08,0.016003908039714798,False,True,False,toe_riser_under_clearance,True,7,-12.356348037719727,9,51,5.666666666666667,51,5.666666666666667,0.024515685663896176,0.024515685663896176,True,False,False,success,True,5,-0.14999771118164062,9,39,4.333333333333333,39,4.333333333333333,0.015657723995677213,0.015657723995677213,True,False,False,success,True,7,1.1045570373535156,9,0,0.0,39,4.333333333333333,6.289856898056475e-08,0.01605331370260863
target_18cm,95,160290000,95,True,False,False,success,True,5,-1.282834529876709,9,0,0.0,43,4.777777777777778,6.405498339812025e-08,0.022244134049784103,False,True,False,toe_riser_under_clearance,True,4,-6.8021240234375,5,33,6.6,33,6.6,0.027293772103796042,0.027293772103796042,False,True,False,toe_riser_under_clearance,True,4,-6.738166809082031,5,33,6.6,33,6.6,0.027317832272694294,0.027317832272694294,True,False,False,success,True,8,0.06400632858276367,9,0,0.0,36,4.0,6.166160884638748e-08,0.014734493788852486
target_18cm,96,160290000,96,True,False,False,success,True,8,-0.9363617897033691,9,0,0.0,49,5.444444444444445,6.320821127274587e-08,0.0205340035107671,False,True,False,toe_riser_under_clearance,True,9,-17.2927188873291,7,73,10.428571428571429,73,10.428571428571429,0.04159346229856969,0.04159346229856969,False,True,False,toe_riser_under_clearance,True,4,-16.77423095703125,5,52,10.4,52,10.4,0.0396301311682601,0.0396301311682601,True,False,False,success,True,8,-1.733036994934082,9,0,0.0,45,5.0,6.769905010833568e-08,0.022576273102121253
target_18cm,97,160290000,97,False,True,False,toe_riser_under_clearance,True,4,-11.434247016906738,9,0,0.0,38,4.222222222222222,6.40439002263638e-08,0.01519381638729211,True,False,False,success,True,6,-0.17252016067504883,9,36,4.0,36,4.0,0.01908973937338971,0.01908973937338971,True,False,False,success,True,6,-0.0040607452392578125,9,35,3.888888888888889,35,3.888888888888889,0.018627597584443933,0.018627597584443933,False,True,False,toe_riser_under_clearance,True,8,-25.117382049560547,6,0,0.0,80,13.333333333333334,6.486454726078771e-08,0.06255529520097473
target_18cm,98,160290000,98,True,False,False,success,True,8,-2.182645797729492,9,0,0.0,55,6.111111111111111,6.107000643736211e-08,0.02716064646176481,True,False,False,success,True,4,-0.7999887466430664,9,44,4.888888888888889,44,4.888888888888889,0.026042965223204415,0.026042965223204415,True,False,False,success,True,4,-0.7945308685302734,9,44,4.888888888888889,44,4.888888888888889,0.026046559495745965,0.026046559495745965,True,False,False,success,True,6,-3.168632984161377,9,0,0.0,56,6.222222222222222,6.394353830100024e-08,0.02801254049472371
target_18cm,99,160290000,99,False,True,False,toe_riser_under_clearance,True,5,-20.434391021728516,8,0,0.0,73,9.125,6.354053972622836e-08,0.034170924492602076,True,False,False,success,True,6,-4.137171268463135,9,57,6.333333333333333,57,6.333333333333333,0.024822026611822336,0.024822026611822336,True,False,False,success,True,5,-0.297299861907959,9,40,4.444444444444445,40,4.444444444444445,0.018850245465101546,0.018850245465101546,True,False,False,success,True,4,-1.719581127166748,9,0,0.0,59,6.555555555555555,6.620600569692167e-08,0.023804116919337506
target_18cm,100,160290000,100,False,True,False,toe_riser_under_clearance,True,5,-9.447866439819336,7,0,0.0,34,4.857142857142857,6.876534253596557e-08,0.02978669680081881,False,True,False,toe_riser_under_clearance,True,4,-16.8802547454834,7,48,6.857142857142857,48,6.857142857142857,0.038077354431152344,0.038077354431152344,False,True,False,toe_riser_under_clearance,True,4,-17.473358154296875,7,67,9.571428571428571,67,9.571428571428571,0.04223668543833227,0.04223668543833227,True,False,False,success,True,10,0.6946778297424316,9,0,0.0,44,4.888888888888889,6.305377140844001e-08,0.01712309160540181
target_18cm,101,160290000,101,False,True,False,toe_riser_under_clearance,True,5,-12.522643089294434,9,0,0.0,57,6.333333333333333,6.46632009277301e-08,0.02454754676560516,True,False,False,success,True,10,-1.6386723518371582,9,58,6.444444444444445,58,6.444444444444445,0.025868039121251095,0.025868039121251095,True,False,False,success,True,9,-2.997063636779785,9,60,6.666666666666667,60,6.666666666666667,0.029806440703722896,0.029806440703722896,False,True,False,toe_riser_under_clearance,True,12,-16.709728240966797,9,0,0.0,89,9.88888888888889,6.294749516025042e-08,0.03444607809442407
target_18cm,102,160290000,102,True,False,False,success,True,6,-2.6875181198120117,9,0,0.0,59,6.555555555555555,6.132948443548905e-08,0.02489115171413685,True,False,False,success,True,9,-1.9482951164245605,9,69,7.666666666666667,69,7.666666666666667,0.027556548838861585,0.027556548838861585,True,False,False,success,True,10,-2.9427390098571777,9,52,5.777777777777778,52,5.777777777777778,0.028434258240919847,0.028434258240919847,True,False,False,success,True,3,-6.6408467292785645,9,0,0.0,85,9.444444444444445,6.000376400782788e-08,0.030307347766198346
target_18cm,103,160290000,103,True,False,False,success,True,4,-0.21218156814575195,9,0,0.0,39,4.333333333333333,6.423478263146436e-08,0.017668444272045676,True,False,False,success,True,6,-3.0430569648742676,9,47,5.222222222222222,47,5.222222222222222,0.026935195100718533,0.026935195100718533,True,False,False,success,True,5,-0.5958871841430664,9,42,4.666666666666667,42,4.666666666666667,0.021625307087014503,0.021625307087014503,True,False,False,success,True,4,0.1550769805908203,9,0,0.0,38,4.222222222222222,6.260681150338385e-08,0.016664122041706537
target_18cm,104,160290000,104,True,False,False,success,True,8,-1.4233107566833496,9,0,0.0,61,6.777777777777778,6.520131425950529e-08,0.026782459682888456,True,False,False,success,True,10,-0.6962151527404785,9,62,6.888888888888889,62,6.888888888888889,0.02592907138899261,0.02592907138899261,True,False,False,success,True,8,-2.999235153198242,9,66,7.333333333333333,66,7.333333333333333,0.03343059146215045,0.03343059146215045,True,False,False,success,True,6,-2.5976943969726562,9,0,0.0,65,7.222222222222222,5.815157688571125e-08,0.022038126379493775
target_18cm,105,160290000,105,False,True,False,toe_riser_under_clearance,True,5,-11.689714431762695,8,0,0.0,51,6.375,6.132699775338258e-08,0.03732012880259547,True,False,False,success,True,7,-2.969855308532715,9,48,5.333333333333333,48,5.333333333333333,0.02576673100839156,0.02576673100839156,True,False,False,success,True,6,-4.08391809463501,9,54,6.0,54,6.0,0.031221098783021515,0.031221098783021515,True,False,False,success,True,4,-1.9626836776733398,9,0,0.0,55,6.111111111111111,6.342398704505745e-08,0.03034112908866968
target_18cm,106,160290000,106,True,False,False,success,True,3,-0.7791337966918945,9,0,0.0,40,4.444444444444445,6.403857940260953e-08,0.020037756011816874,True,False,False,success,True,4,-0.893526554107666,9,49,5.444444444444445,49,5.444444444444445,0.02835121670284787,0.02835121670284787,True,False,False,success,True,2,-2.2422094345092773,9,51,5.666666666666667,51,5.666666666666667,0.03138925883691635,0.03138925883691635,False,True,False,toe_riser_under_clearance,True,5,-11.217731475830078,9,0,0.0,42,4.666666666666667,6.501348098006591e-08,0.02377436891764869
target_18cm,107,160290000,107,True,False,False,success,True,7,-3.463928699493408,9,0,0.0,52,5.777777777777778,6.893431652207013e-08,0.024298980695392013,True,False,False,success,True,7,0.4862346649169922,9,37,4.111111111111111,37,4.111111111111111,0.018154142204851044,0.018154142204851044,True,False,False,success,True,6,1.2357540130615234,9,36,4.0,36,4.0,0.016784915495454595,0.016784915495454595,True,False,False,success,True,5,-2.0044398307800293,9,0,0.0,52,5.777777777777778,6.701601338583012e-08,0.02393567771242376
target_18cm,108,160290000,108,False,True,False,toe_riser_under_clearance,True,5,-6.639686107635498,6,0,0.0,31,5.166666666666667,6.450651588758254e-08,0.020285700048719133,True,False,False,success,True,4,-1.5731830596923828,9,54,6.0,54,6.0,0.030751868500106635,0.030751868500106635,True,False,False,success,True,5,-0.6191654205322266,9,51,5.666666666666667,51,5.666666666666667,0.026974880334102745,0.026974880334102745,False,True,False,toe_riser_under_clearance,True,3,-10.185281753540039,7,0,0.0,55,7.857142857142857,6.387806244110207e-08,0.03197202189215299
target_18cm,109,160290000,109,True,False,False,success,True,10,-0.7742300033569336,9,0,0.0,41,4.555555555555555,6.14301177898784e-08,0.019853116198501764,True,False,False,success,True,7,-0.3117547035217285,9,40,4.444444444444445,40,4.444444444444445,0.021394724939383714,0.021394724939383714,True,False,False,success,True,6,-0.5952310562133789,9,36,4.0,36,4.0,0.02095672027974189,0.02095672027974189,True,False,False,success,True,8,1.1238343715667725,9,0,0.0,35,3.888888888888889,6.363741989923947e-08,0.015375366387135988
target_18cm,110,160290000,110,True,False,False,success,True,7,0.25985240936279297,9,0,0.0,72,8.0,6.072423419007358e-08,0.021753244867068706,True,False,False,success,True,4,-0.88836669921875,9,54,6.0,54,6.0,0.0239156957123601,0.0239156957123601,True,False,False,success,True,5,-0.5446772575378418,9,53,5.888888888888889,53,5.888888888888889,0.023758705952757562,0.023758705952757562,True,False,False,success,True,8,-1.6101679801940918,9,0,0.0,77,8.555555555555555,6.209464749334143e-08,0.02501599977106573
target_18cm,111,160290000,111,True,False,False,success,True,8,0.9024949073791504,9,0,0.0,60,6.666666666666667,6.10966759051809e-08,0.02165898957660207,True,False,False,success,True,7,-0.42073965072631836,9,45,5.0,45,5.0,0.0213420646717564,0.0213420646717564,True,False,False,success,True,7,-0.3873329162597656,9,43,4.777777777777778,43,4.777777777777778,0.021729943949148196,0.021729943949148196,True,False,False,success,True,10,1.4895007610321045,9,0,0.0,56,6.222222222222222,6.000579442324132e-08,0.02079872138627613
target_18cm,112,160290000,112,False,True,False,toe_riser_under_clearance,True,5,-9.217607498168945,6,0,0.0,36,6.0,6.811450466145323e-08,0.02512493532293765,True,False,False,success,True,6,-0.8387460708618164,9,44,4.888888888888889,44,4.888888888888889,0.02656730513974845,0.02656730513974845,True,False,False,success,True,7,-0.890225887298584,9,46,5.111111111111111,46,5.111111111111111,0.025956762597915975,0.025956762597915975,True,False,False,success,True,6,-5.314717769622803,9,0,0.0,61,6.777777777777778,6.174111581228749e-08,0.028067744861949573
target_18cm,113,160290000,113,False,True,False,toe_riser_under_clearance,True,13,-12.086568832397461,9,0,0.0,68,7.555555555555555,6.406307335001287e-08,0.03466367485499618,False,True,False,toe_riser_under_clearance,True,2,-14.994760513305664,3,30,10.0,30,10.0,0.07453005328149853,0.07453005328149853,False,True,False,toe_riser_under_clearance,True,2,-14.960498809814453,3,30,10.0,30,10.0,0.07449360236436307,0.07449360236436307,True,False,False,success,True,6,-3.9614362716674805,9,0,0.0,43,4.777777777777778,6.456421744806917e-08,0.020964449102228336
target_18cm,114,160290000,114,False,True,False,balance_or_other_fall,False,0,-5.994100093841553,2,0,0.0,29,14.5,5.5889396814260785e-08,0.04382974902788798,True,False,False,success,True,5,-3.472808837890625,9,58,6.444444444444445,58,6.444444444444445,0.036899105054602775,0.036899105054602775,True,False,False,success,True,4,-3.4346485137939453,9,58,6.444444444444445,58,6.444444444444445,0.035323091104728026,0.035323091104728026,False,True,False,balance_or_other_fall,False,0,-5.990337371826172,2,0,0.0,29,14.5,5.710488595569687e-08,0.04384335544374254
target_18cm,115,160290000,115,True,False,False,success,True,7,2.054673433303833,9,0,0.0,47,5.222222222222222,5.992705446613717e-08,0.016221240886206766,True,False,False,success,True,8,-2.3440637588500977,9,51,5.666666666666667,51,5.666666666666667,0.030217273993426205,0.030217273993426205,True,False,False,success,True,8,-2.2403297424316406,9,51,5.666666666666667,51,5.666666666666667,0.030169449900053186,0.030169449900053186,True,False,False,success,True,7,1.8407208919525146,9,0,0.0,46,5.111111111111111,6.104634363385644e-08,0.015761903012133986
target_18cm,116,160290000,116,False,True,False,toe_riser_under_clearance,True,6,-11.572284698486328,8,0,0.0,83,10.375,5.849514268651438e-08,0.038177803381165464,True,False,False,success,True,7,-0.07832717895507812,9,33,3.6666666666666665,33,3.6666666666666665,0.01544459053895354,0.01544459053895354,True,False,False,success,True,9,-2.971447467803955,9,45,5.0,45,5.0,0.020519788119955303,0.020519788119955303,False,True,False,toe_riser_under_clearance,True,14,-10.206796646118164,7,0,0.0,89,12.714285714285714,6.157948012549219e-08,0.03506122862739402
target_18cm,117,160290000,117,False,True,False,toe_riser_under_clearance,True,13,-12.697345733642578,9,0,0.0,46,5.111111111111111,6.9880262215437e-08,0.02860927326110349,False,True,False,toe_riser_under_clearance,True,7,-17.85481834411621,6,66,11.0,66,11.0,0.06938666719378847,0.06938666719378847,False,True,False,toe_riser_under_clearance,True,8,-17.684328079223633,7,79,11.285714285714286,79,11.285714285714286,0.07105619257146661,0.07105619257146661,False,True,False,toe_riser_under_clearance,True,10,-8.212875366210938,8,0,0.0,28,3.5,6.938708531446813e-08,0.017513638310388147
target_18cm,118,160290000,118,True,False,False,success,True,8,1.538297176361084,9,0,0.0,36,4.0,5.943734972139022e-08,0.013679774926633251,False,True,False,toe_riser_under_clearance,True,2,-12.661642074584961,6,52,8.666666666666666,52,8.666666666666666,0.0641704628684304,0.0641704628684304,False,True,False,toe_riser_under_clearance,True,6,-18.406295776367188,8,62,7.75,62,7.75,0.047576904296875,0.047576904296875,True,False,False,success,True,8,1.2024600505828857,9,0,0.0,39,4.333333333333333,6.186049114809891e-08,0.014678512711122811
target_18cm,119,160290000,119,True,False,False,success,True,9,-1.4647483825683594,9,0,0.0,50,5.555555555555555,6.321776137775865e-08,0.02505962616574448,True,False,False,success,True,8,0.6656684875488281,9,38,4.222222222222222,38,4.222222222222222,0.016573513255399817,0.016573513255399817,True,False,False,success,True,8,0.8092656135559082,9,38,4.222222222222222,38,4.222222222222222,0.016469750318441306,0.016469750318441306,False,True,False,toe_riser_under_clearance,True,1,-10.017614364624023,3,0,0.0,34,11.333333333333334,6.2685697653566e-08,0.04673408281685102
target_18cm,120,160290000,120,True,False,False,success,True,7,-2.3436098098754883,9,0,0.0,61,6.777777777777778,6.67644674514702e-08,0.02444629448686721,True,False,False,success,True,7,-0.8742132186889648,9,46,5.111111111111111,46,5.111111111111111,0.023793076486827578,0.023793076486827578,True,False,False,success,True,5,-3.6402249336242676,9,59,6.555555555555555,59,6.555555555555555,0.03617499143385487,0.03617499143385487,True,False,False,success,True,6,-3.134033203125,9,0,0.0,65,7.222222222222222,6.317501623884795e-08,0.02374114397276251
target_18cm,121,160290000,121,False,True,False,toe_riser_under_clearance,True,3,-9.577961921691895,5,0,0.0,32,6.4,6.313518679235131e-08,0.029521121978759765,False,True,False,toe_riser_under_clearance,True,8,-15.631593704223633,9,69,7.666666666666667,69,7.666666666666667,0.055687332153320314,0.055687332153320314,False,True,False,toe_riser_under_clearance,True,7,-11.206384658813477,8,65,8.125,65,8.125,0.045466340222612485,0.045466340222612485,True,False,False,success,True,7,-2.7469515800476074,9,0,0.0,57,6.333333333333333,6.583369058438915e-08,0.027646241750259065
target_18cm,122,160290000,122,True,False,False,success,True,6,-2.025771141052246,9,0,0.0,50,5.555555555555555,6.401926468781851e-08,0.02982362773683336,True,False,False,success,True,6,-3.9366812705993652,9,64,7.111111111111111,64,7.111111111111111,0.03600286539628416,0.03600286539628416,True,False,False,success,True,5,-3.9406557083129883,9,58,6.444444444444445,58,6.444444444444445,0.037140322181413755,0.037140322181413755,True,False,False,success,True,7,-2.0495615005493164,9,0,0.0,49,5.444444444444445,6.154342642090611e-08,0.029539799248730694
target_18cm,123,160290000,123,False,True,False,toe_riser_under_clearance,True,8,-8.999521255493164,5,0,0.0,43,8.6,6.212137504330566e-08,0.02654138380481351,True,False,False,success,True,4,-6.207576751708984,9,58,6.444444444444445,58,6.444444444444445,0.03666033615937104,0.03666033615937104,True,False,False,success,True,9,-11.731958389282227,9,63,7.0,63,7.0,0.0342753739307151,0.0342753739307151,False,True,False,toe_riser_under_clearance,True,9,-9.734685897827148,5,0,0.0,47,9.4,6.204380949169494e-08,0.03081592078347808
target_18cm,124,160290000,124,False,True,False,toe_riser_under_clearance,True,3,-6.921092987060547,3,0,0.0,31,10.333333333333334,5.5294715176993727e-08,0.033422874907652535,True,False,False,success,True,5,-1.516127586364746,9,49,5.444444444444445,49,5.444444444444445,0.02116638446143764,0.02116638446143764,False,True,False,toe_riser_under_clearance,True,6,-20.60919952392578,9,54,6.0,54,6.0,0.028024437422761898,0.028024437422761898,False,True,False,toe_riser_under_clearance,True,3,-7.013681411743164,3,0,0.0,31,10.333333333333334,6.179872495219267e-08,0.033453126748402916
target_18cm,125,160290000,125,True,False,False,success,True,5,-1.5252470970153809,9,0,0.0,66,7.333333333333333,6.322899443925066e-08,0.028008045071232928,True,False,False,success,True,4,0.5442929267883301,9,48,5.333333333333333,48,5.333333333333333,0.0244327191629999,0.0244327191629999,True,False,False,success,True,4,0.6604275703430176,9,48,5.333333333333333,48,5.333333333333333,0.024331446370489264,0.024331446370489264,True,False,False,success,True,4,-0.8436388969421387,9,0,0.0,61,6.777777777777778,6.100676460739444e-08,0.022915326762751886
target_18cm,126,160290000,126,True,False,False,success,True,8,-1.5523042678833008,9,0,0.0,50,5.555555555555555,6.413321915123218e-08,0.024909487558067392,False,True,False,toe_riser_under_clearance,True,6,-23.049800872802734,9,87,9.666666666666666,87,9.666666666666666,0.06724742473101032,0.06724742473101032,False,True,False,toe_riser_under_clearance,True,8,-18.425254821777344,9,75,8.333333333333334,75,8.333333333333334,0.04620489923123321,0.04620489923123321,False,True,False,toe_riser_under_clearance,True,3,-10.573148727416992,8,0,0.0,49,6.125,6.22812508823447e-08,0.029656592132039153
target_18cm,127,160290000,127,True,False,False,success,True,9,0.5251669883728027,9,0,0.0,57,6.333333333333333,5.968537027064454e-08,0.02471165638773834,True,False,False,success,True,5,-4.525913715362549,9,61,6.777777777777778,61,6.777777777777778,0.030935552589681618,0.030935552589681618,True,False,False,success,True,6,-2.2352781295776367,9,48,5.333333333333333,48,5.333333333333333,0.026132315397262573,0.026132315397262573,True,False,False,success,True,10,-0.5345726013183594,9,0,0.0,51,5.666666666666667,6.164156711927735e-08,0.02307708475849416
target_18cm,128,160290000,128,True,False,False,success,True,7,0.27951908111572266,9,0,0.0,43,4.777777777777778,6.697409351763124e-08,0.020602189660341424,True,False,False,success,True,9,-0.14540863037109375,9,32,3.5555555555555554,32,3.5555555555555554,0.013762151145504506,0.013762151145504506,True,False,False,success,True,7,0.4392714500427246,9,31,3.4444444444444446,31,3.4444444444444446,0.014101874741745919,0.014101874741745919,True,False,False,success,True,7,-0.5935425758361816,9,0,0.0,44,4.888888888888889,6.625583085534216e-08,0.023231616138604638
target_18cm,129,160290000,129,False,True,False,toe_riser_under_clearance,True,2,-11.5107421875,7,0,0.0,45,6.428571428571429,6.574718251310212e-08,0.040988415479660034,False,True,False,toe_riser_under_clearance,True,2,-13.20776081085205,3,34,11.333333333333334,34,11.333333333333334,0.051529549389350705,0.051529549389350705,True,False,False,success,True,7,-6.859619140625,9,66,7.333333333333333,66,7.333333333333333,0.0329300921250874,0.0329300921250874,False,True,False,toe_riser_under_clearance,True,3,-12.317740440368652,8,0,0.0,47,5.875,6.814984253996723e-08,0.035928925381431095
target_18cm,130,160290000,130,True,False,False,success,True,6,-1.6374640464782715,9,0,0.0,81,9.0,5.990322806457637e-08,0.026030506807215074,True,False,False,success,True,7,0.34967851638793945,9,36,4.0,36,4.0,0.018734446111715066,0.018734446111715066,True,False,False,success,True,4,-1.9726181030273438,9,57,6.333333333333333,57,6.333333333333333,0.030347399783700896,0.030347399783700896,False,True,False,toe_riser_under_clearance,True,11,-14.449438095092773,8,0,0.0,94,11.75,6.181607299315739e-08,0.03321646960405466
target_18cm,131,160290000,131,True,False,False,success,True,3,0.18861865997314453,9,0,0.0,34,3.7777777777777777,6.728590377659771e-08,0.015313848587696181,True,False,False,success,True,6,-2.0865306854248047,9,56,6.222222222222222,56,6.222222222222222,0.03094963873586347,0.03094963873586347,True,False,False,success,True,2,-2.767963409423828,9,49,5.444444444444445,49,5.444444444444445,0.03120773084818266,0.03120773084818266,True,False,False,success,True,3,-0.3965601921081543,9,0,0.0,33,3.6666666666666665,7.005601219134405e-08,0.015006410158597506
target_18cm,132,160290000,132,False,True,False,toe_riser_under_clearance,True,6,-12.24074649810791,9,0,0.0,56,6.222222222222222,6.279425724642352e-08,0.02445012092590332,True,False,False,success,True,5,-0.8038058280944824,9,45,5.0,45,5.0,0.023451025608122216,0.023451025608122216,False,True,False,toe_riser_under_clearance,True,1,-11.211349487304688,7,50,7.142857142857143,50,7.142857142857143,0.04965807557475087,0.04965807557475087,True,False,False,success,True,6,-2.725363254547119,9,0,0.0,51,5.666666666666667,6.055254495797933e-08,0.022151791359767442
target_18cm,133,160290000,133,True,False,False,success,True,3,-1.2219338417053223,9,0,0.0,42,4.666666666666667,6.56349799921418e-08,0.01984423113846833,True,False,False,success,True,6,-1.279780387878418,9,52,5.777777777777778,52,5.777777777777778,0.02593428405160716,0.02593428405160716,True,False,False,success,True,6,-1.6844425201416016,9,51,5.666666666666667,51,5.666666666666667,0.026129887167331393,0.026129887167331393,True,False,False,success,True,4,-0.6763110160827637,9,0,0.0,40,4.444444444444445,6.497974625488605e-08,0.019143541920638458
target_18cm,134,160290000,134,False,True,False,toe_riser_under_clearance,True,8,-10.456092834472656,6,0,0.0,64,10.666666666666666,6.068948428109584e-08,0.033846875347157634,True,False,False,success,True,6,-2.300589084625244,9,54,6.0,54,6.0,0.030107651438031877,0.030107651438031877,True,False,False,success,True,4,-1.505441665649414,9,48,5.333333333333333,48,5.333333333333333,0.0298677227713845,0.0298677227713845,False,True,False,toe_riser_under_clearance,True,9,-10.370847702026367,6,0,0.0,66,11.0,6.28083531308761e-08,0.03454760088528499
target_18cm,135,160290000,135,True,False,False,success,True,7,-2.141106128692627,9,0,0.0,59,6.555555555555555,6.354010126303945e-08,0.02913755304199734,True,False,False,success,True,2,-3.212381362915039,9,69,7.666666666666667,69,7.666666666666667,0.03033331959440393,0.03033331959440393,False,True,False,toe_riser_under_clearance,True,4,-14.59585189819336,6,58,9.666666666666666,58,9.666666666666666,0.05676381795613973,0.05676381795613973,True,False,False,success,True,7,-0.40558433532714844,9,0,0.0,41,4.555555555555555,6.492825060907953e-08,0.02022871172805717
target_18cm,136,160290000,136,True,False,False,success,True,8,0.26008129119873047,9,0,0.0,44,4.888888888888889,6.416373567424451e-08,0.024111062492876905,True,False,False,success,True,8,-0.04742860794067383,9,39,4.333333333333333,39,4.333333333333333,0.01968651433144846,0.01968651433144846,True,False,False,success,True,6,-1.0889196395874023,9,50,5.555555555555555,50,5.555555555555555,0.026195278207710955,0.026195278207710955,False,True,False,toe_riser_under_clearance,True,2,-4.74713659286499,2,0,0.0,15,7.5,5.844941066849666e-08,0.017520345052083334
target_18cm,137,160290000,137,True,False,False,success,True,6,-1.9314446449279785,9,0,0.0,54,6.0,6.20017828254461e-08,0.028562721505174974,True,False,False,success,True,8,-0.8421025276184082,9,42,4.666666666666667,42,4.666666666666667,0.026129715910581785,0.026129715910581785,True,False,False,success,True,4,-0.6264634132385254,9,37,4.111111111111111,37,4.111111111111111,0.022535198363498668,0.022535198363498668,True,False,False,success,True,8,-3.440969944000244,9,0,0.0,57,6.333333333333333,6.079842483164077e-08,0.03112870190158707
target_18cm,138,160290000,138,False,True,False,toe_riser_under_clearance,True,4,-11.648139953613281,9,0,0.0,41,4.555555555555555,6.395808483234439e-08,0.02452554030455746,False,True,False,toe_riser_under_clearance,True,3,-12.971435546875,1,25,25.0,25,25.0,0.045155193265630396,0.045155193265630396,False,True,False,toe_riser_under_clearance,True,8,-22.61482048034668,1,38,38.0,38,38.0,0.04720200862981341,0.04720200862981341,False,True,False,toe_riser_under_clearance,True,6,-11.70689582824707,6,0,0.0,62,10.333333333333334,6.304842431263672e-08,0.03189309620242406
target_18cm,139,160290000,139,True,False,False,success,True,7,-1.1787824630737305,9,0,0.0,46,5.111111111111111,6.44882708790064e-08,0.019861408093008577,True,False,False,success,True,6,-6.1249799728393555,9,64,7.111111111111111,64,7.111111111111111,0.03600414735090568,0.03600414735090568,True,False,False,success,True,6,-1.9466195106506348,9,59,6.555555555555555,59,6.555555555555555,0.0314328292915724,0.0314328292915724,False,True,False,toe_riser_under_clearance,True,6,-15.602958679199219,9,0,0.0,61,6.777777777777778,6.610663997314214e-08,0.034462152471864856
target_18cm,140,160290000,140,True,False,False,success,True,7,-4.814835071563721,9,0,0.0,65,7.222222222222222,6.474941937612886e-08,0.032875497801965026,False,True,False,toe_riser_under_clearance,True,7,-17.087867736816406,9,66,7.333333333333333,66,7.333333333333333,0.03389021118271708,0.03389021118271708,True,False,False,success,True,8,-4.425584316253662,9,73,8.11111111111111,73,8.11111111111111,0.0360251201282848,0.0360251201282848,True,False,False,success,True,7,-4.835623741149902,9,0,0.0,64,7.111111111111111,6.889744128341231e-08,0.03286423803377552
target_18cm,141,160290000,141,False,True,False,toe_riser_under_clearance,True,8,-11.405472755432129,9,0,0.0,36,4.0,6.304239594970407e-08,0.016725982528135,True,False,False,success,True,2,-1.991708755493164,9,56,6.222222222222222,56,6.222222222222222,0.03218770796252835,0.03218770796252835,True,False,False,success,True,5,-1.544715404510498,9,51,5.666666666666667,51,5.666666666666667,0.025036572890603723,0.025036572890603723,True,False,False,success,True,6,-0.42943239212036133,9,0,0.0,34,3.7777777777777777,6.313945497847576e-08,0.015835251514895357
target_18cm,142,160290000,142,True,False,False,success,True,8,-0.6495528221130371,9,0,0.0,46,5.111111111111111,6.284327804117986e-08,0.01876499522160492,True,False,False,success,True,1,-5.810944557189941,9,83,9.222222222222221,83,9.222222222222221,0.03467131188874755,0.03467131188874755,False,True,False,toe_riser_under_clearance,True,4,-16.176494598388672,7,58,8.285714285714286,58,8.285714285714286,0.04801356355908891,0.04801356355908891,False,True,False,toe_riser_under_clearance,True,5,-9.262012481689453,8,0,0.0,44,5.5,6.410877271306384e-08,0.028584888215698948
target_18cm,143,160290000,143,True,False,False,success,True,7,0.4363741874694824,9,0,0.0,39,4.333333333333333,6.511756541168545e-08,0.01839400460939591,True,False,False,success,True,4,-4.519136905670166,9,63,7.0,63,7.0,0.022973392242775822,0.022973392242775822,True,False,False,success,True,6,-5.268886566162109,9,59,6.555555555555555,59,6.555555555555555,0.023652882251924683,0.023652882251924683,True,False,False,success,True,9,-1.103522777557373,9,0,0.0,42,4.666666666666667,6.76789975744732e-08,0.021194663121800728
target_18cm,144,160290000,144,True,False,False,success,True,7,-1.4727349281311035,9,0,0.0,45,5.0,6.495611160062253e-08,0.02141234516042524,True,False,False,success,True,6,-1.1631627082824707,9,51,5.666666666666667,51,5.666666666666667,0.026956859835006612,0.026956859835006612,True,False,False,success,True,5,-1.1621556282043457,9,51,5.666666666666667,51,5.666666666666667,0.026957987677015547,0.026957987677015547,False,True,False,toe_riser_under_clearance,True,9,-21.44609260559082,5,0,0.0,94,18.8,5.978509469028815e-08,0.04567935507176286
target_18cm,145,160290000,145,True,False,False,success,True,6,-3.4955639839172363,9,0,0.0,74,8.222222222222221,6.21741830324489e-08,0.030282963385391957,False,True,False,toe_riser_under_clearance,True,3,-12.442933082580566,7,58,8.285714285714286,58,8.285714285714286,0.04393227514392602,0.04393227514392602,True,False,False,success,True,5,-3.6663293838500977,9,64,7.111111111111111,64,7.111111111111111,0.03161611389040714,0.03161611389040714,True,False,False,success,True,7,-2.837043285369873,9,0,0.0,60,6.666666666666667,5.9486155596163104e-08,0.027872180755673808
target_18cm,146,160290000,146,True,False,False,success,True,4,-2.6524558067321777,9,0,0.0,51,5.666666666666667,6.707121432698845e-08,0.02637761050599033,True,False,False,success,True,5,-0.07318115234375,9,50,5.555555555555555,50,5.555555555555555,0.02261893808349105,0.02261893808349105,True,False,False,success,True,3,-0.8880815505981445,9,45,5.0,45,5.0,0.02548582059843046,0.02548582059843046,True,False,False,success,True,6,-2.88797664642334,9,0,0.0,48,5.333333333333333,6.313787883552606e-08,0.0247784001486642
target_18cm,147,160290000,147,True,False,False,success,True,8,0.11150074005126953,9,0,0.0,35,3.888888888888889,6.315748641798056e-08,0.015819510748220043,True,False,False,success,True,4,-1.6394543647766113,9,61,6.777777777777778,61,6.777777777777778,0.027853319061672228,0.027853319061672228,True,False,False,success,True,7,-4.950546741485596,9,75,8.333333333333334,75,8.333333333333334,0.033032740865434916,0.033032740865434916,True,False,False,success,True,9,-1.1342878341674805,9,0,0.0,52,5.777777777777778,6.22741466823725e-08,0.02378434827250819
target_18cm,148,160290000,148,True,False,False,success,True,6,-0.48109865188598633,9,0,0.0,50,5.555555555555555,6.362614559828931e-08,0.025726980138047834,True,False,False,success,True,4,-5.1382269859313965,9,60,6.666666666666667,60,6.666666666666667,0.03386174129838703,0.03386174129838703,True,False,False,success,True,3,-3.043240547180176,9,40,4.444444444444445,40,4.444444444444445,0.028592256956462617,0.028592256956462617,True,False,False,success,True,6,-0.7900152206420898,9,0,0.0,43,4.777777777777778,6.208379496465012e-08,0.022644488464498742
target_18cm,149,160290000,149,False,True,False,toe_riser_under_clearance,True,6,-13.727487564086914,9,0,0.0,52,5.777777777777778,6.44947037691399e-08,0.02479996763426682,False,True,False,toe_riser_under_clearance,True,3,-10.263067245483398,3,26,8.666666666666666,26,8.666666666666666,0.06498721018002901,0.06498721018002901,False,True,False,toe_riser_under_clearance,True,11,-32.71875762939453,9,78,8.666666666666666,78,8.666666666666666,0.05157922575927275,0.05157922575927275,False,True,False,toe_riser_under_clearance,True,7,-15.836553573608398,9,0,0.0,64,7.111111111111111,6.249360728947783e-08,0.028250118019958262
target_18cm,150,160290000,150,False,True,False,toe_riser_under_clearance,True,9,-11.226901054382324,8,0,0.0,63,7.875,6.151717998441627e-08,0.042617868494104455,True,False,False,success,True,2,-2.8082070350646973,9,45,5.0,45,5.0,0.0355263640707298,0.0355263640707298,False,True,False,toe_riser_under_clearance,True,5,-14.103006362915039,9,44,4.888888888888889,44,4.888888888888889,0.032835122834833176,0.032835122834833176,False,True,False,toe_riser_under_clearance,True,6,-6.216950416564941,6,0,0.0,43,7.166666666666667,6.499412200378984e-08,0.02812484938735715
target_18cm,151,160290000,151,True,False,False,success,True,8,-0.4238619804382324,9,0,0.0,46,5.111111111111111,6.375782655170842e-08,0.02205370775426056,True,False,False,success,True,9,0.07577276229858398,9,36,4.0,36,4.0,0.014652370857203612,0.014652370857203612,True,False,False,success,True,9,0.43978166580200195,9,29,3.2222222222222223,29,3.2222222222222223,0.015076327899186285,0.015076327899186285,True,False,False,success,True,8,-0.7131633758544922,9,0,0.0,43,4.777777777777778,6.274996050052746e-08,0.02056999773946452
target_18cm,152,160290000,152,True,False,False,success,True,5,-6.807274341583252,9,0,0.0,67,7.444444444444445,6.550176511241478e-08,0.02894494268629286,True,False,False,success,True,9,-2.152139663696289,9,60,6.666666666666667,60,6.666666666666667,0.030178626378377277,0.030178626378377277,False,True,False,toe_riser_under_clearance,True,5,-14.742012023925781,9,53,5.888888888888889,53,5.888888888888889,0.029990279063881107,0.029990279063881107,True,False,False,success,True,3,-7.287434101104736,9,0,0.0,73,8.11111111111111,6.297297492386491e-08,0.030626005242021317
target_18cm,153,160290000,153,False,True,False,toe_riser_under_clearance,True,2,-6.6743292808532715,5,0,0.0,41,8.2,6.388274073689623e-08,0.02879457507453622,True,False,False,success,True,8,-1.6710691452026367,9,51,5.666666666666667,51,5.666666666666667,0.026460912492540147,0.026460912492540147,False,True,False,toe_riser_under_clearance,True,7,-23.092529296875,8,75,9.375,75,9.375,0.060271360068174684,0.060271360068174684,False,True,False,toe_riser_under_clearance,True,5,-9.6324462890625,8,0,0.0,48,6.0,6.514220255159715e-08,0.02665208163608438
target_18cm,154,160290000,154,True,False,False,success,True,11,-0.5303244590759277,9,0,0.0,56,6.222222222222222,6.43560645086256e-08,0.021981443412572958,True,False,False,success,True,7,-3.092710018157959,9,62,6.888888888888889,62,6.888888888888889,0.02984468014009537,0.02984468014009537,True,False,False,success,True,7,-1.921229362487793,9,55,6.111111111111111,55,6.111111111111111,0.029777054975037763,0.029777054975037763,True,False,False,success,True,5,-3.13853120803833,9,0,0.0,65,7.222222222222222,6.45400311494835e-08,0.02307872737155241
target_18cm,155,160290000,155,True,False,False,success,True,4,-0.44748401641845703,9,0,0.0,44,4.888888888888889,6.362540539269043e-08,0.025525849221278405,False,True,False,toe_riser_under_clearance,True,2,-8.102871894836426,4,32,8.0,32,8.0,0.0535271573573985,0.0535271573573985,False,True,False,balance_or_other_fall,False,0,-5.77204704284668,3,26,8.666666666666666,26,8.666666666666666,0.02914810696163693,0.02914810696163693,True,False,False,success,True,5,-1.7792177200317383,9,0,0.0,52,5.777777777777778,6.576660130771675e-08,0.027945552553449358
target_18cm,156,160290000,156,True,False,False,success,True,9,-0.4739413261413574,9,0,0.0,53,5.888888888888889,6.080018417713674e-08,0.02532035426089638,False,True,False,toe_riser_under_clearance,True,2,-15.127439498901367,6,56,9.333333333333334,56,9.333333333333334,0.04951200425995063,0.04951200425995063,False,True,False,toe_riser_under_clearance,True,5,-12.753089904785156,6,60,10.0,60,10.0,0.05645210970015753,0.05645210970015753,True,False,False,success,True,8,0.40335798263549805,9,0,0.0,52,5.777777777777778,6.067779491116342e-08,0.024072229485762747
target_18cm,157,160290000,157,True,False,False,success,True,7,-5.2168803215026855,9,0,0.0,53,5.888888888888889,6.533965317329709e-08,0.02354194789941306,True,False,False,success,True,6,-2.266143321990967,9,48,5.333333333333333,48,5.333333333333333,0.030005882136629657,0.030005882136629657,True,False,False,success,True,6,-1.9168086051940918,9,48,5.333333333333333,48,5.333333333333333,0.028145391451018513,0.028145391451018513,True,False,False,success,True,11,-15.169599533081055,9,0,0.0,101,11.222222222222221,6.505980259027537e-08,0.04238874780850148
target_18cm,158,160290000,158,False,True,False,toe_riser_under_clearance,True,9,-13.333428382873535,8,0,0.0,44,5.5,6.44341576186327e-08,0.024913603336966815,False,True,False,balance_or_other_fall,False,0,-5.186870574951172,1,16,16.0,16,16.0,0.024237867764064242,0.024237867764064242,False,True,False,balance_or_other_fall,False,0,-5.1860222816467285,1,16,16.0,16,16.0,0.024238574504852294,0.024238574504852294,False,True,False,toe_riser_under_clearance,True,6,-12.00912094116211,9,0,0.0,41,4.555555555555555,6.624849438502669e-08,0.019336016491206004
target_18cm,159,160290000,159,True,False,False,success,True,8,0.4732847213745117,9,0,0.0,36,4.0,6.238701748002541e-08,0.015425217206075311,True,False,False,success,True,5,-1.6195411682128906,9,52,5.777777777777778,52,5.777777777777778,0.030888232415032493,0.030888232415032493,True,False,False,success,True,8,-1.5018987655639648,9,52,5.777777777777778,52,5.777777777777778,0.02920393727042458,0.02920393727042458,False,True,False,toe_riser_under_clearance,True,5,-8.1419677734375,7,0,0.0,37,5.285714285714286,6.627946694242133e-08,0.023305697046267757
target_18cm,160,160290000,160,False,True,False,toe_riser_under_clearance,True,7,-11.2000150680542,9,0,0.0,47,5.222222222222222,6.198411028890405e-08,0.019056549939242277,True,False,False,success,True,7,-2.3712100982666016,9,51,5.666666666666667,51,5.666666666666667,0.0318764920504588,0.0318764920504588,True,False,False,success,True,6,-2.7188663482666016,9,49,5.444444444444445,49,5.444444444444445,0.03058480021622295,0.03058480021622295,True,False,False,success,True,8,-1.541654109954834,9,0,0.0,54,6.0,6.412769696145525e-08,0.021734298056390086
target_18cm,161,160290000,161,True,False,False,success,True,9,-0.20595550537109375,9,0,0.0,60,6.666666666666667,6.704030194865299e-08,0.025195428631438914,True,False,False,success,True,5,-0.18700742721557617,9,34,3.7777777777777777,34,3.7777777777777777,0.02022905111312866,0.02022905111312866,True,False,False,success,True,3,0.177703857421875,9,48,5.333333333333333,48,5.333333333333333,0.0247392129460606,0.0247392129460606,True,False,False,success,True,5,1.3624792098999023,9,0,0.0,37,4.111111111111111,6.65875908063234e-08,0.016305858535426005
target_18cm,162,160290000,162,False,True,False,toe_riser_under_clearance,True,8,-17.247100830078125,8,0,0.0,69,8.625,6.512031106075145e-08,0.044254144032796226,True,False,False,success,True,6,-4.476282119750977,9,70,7.777777777777778,70,7.777777777777778,0.03540188048530546,0.03540188048530546,True,False,False,success,True,5,-4.600549697875977,9,64,7.111111111111111,64,7.111111111111111,0.03356304727338847,0.03356304727338847,False,True,False,toe_riser_under_clearance,True,6,-15.376029968261719,9,0,0.0,70,7.777777777777778,6.490463543790994e-08,0.036597167553544856
target_18cm,163,160290000,163,False,True,False,toe_riser_under_clearance,True,4,-12.540921211242676,9,0,0.0,46,5.111111111111111,6.06715246326627e-08,0.022209431262726478,True,False,False,success,True,6,-6.0437140464782715,9,67,7.444444444444445,67,7.444444444444445,0.03417627628032978,0.03417627628032978,False,True,False,toe_riser_under_clearance,True,2,-4.727561950683594,2,17,8.5,17,8.5,0.02401262638615627,0.02401262638615627,False,True,False,toe_riser_under_clearance,True,8,-10.114810943603516,9,0,0.0,51,5.666666666666667,6.191886461957163e-08,0.0200287111213797
target_18cm,164,160290000,164,True,False,False,success,True,8,-0.7055392265319824,9,0,0.0,49,5.444444444444445,6.394115256007131e-08,0.020322463662949698,True,False,False,success,True,7,-3.3191823959350586,9,58,6.444444444444445,58,6.444444444444445,0.03486494331120947,0.03486494331120947,True,False,False,success,True,7,-2.7287583351135254,9,53,5.888888888888889,53,5.888888888888889,0.032086281043649516,0.032086281043649516,True,False,False,success,True,7,-1.1373610496520996,9,0,0.0,49,5.444444444444445,6.200479571364728e-08,0.02350100222784561
target_18cm,165,160290000,165,True,False,False,success,True,6,-1.9549131393432617,9,0,0.0,60,6.666666666666667,6.43381223964848e-08,0.02738833979556435,True,False,False,success,True,8,-1.007646083831787,9,41,4.555555555555555,41,4.555555555555555,0.02014791170756022,0.02014791170756022,True,False,False,success,True,9,-0.7305936813354492,9,38,4.222222222222222,38,4.222222222222222,0.019640387391014924,0.019640387391014924,True,False,False,success,True,6,-2.60237455368042,9,0,0.0,63,7.0,6.654166403071334e-08,0.029888654056983658
target_18cm,166,160290000,166,False,True,False,toe_riser_under_clearance,True,6,-12.062105178833008,7,0,0.0,59,8.428571428571429,6.632159767477056e-08,0.03981530255284803,True,False,False,success,True,5,-10.017324447631836,9,76,8.444444444444445,76,8.444444444444445,0.03419126055843041,0.03419126055843041,False,True,False,toe_riser_under_clearance,True,7,-17.862077713012695,9,54,6.0,54,6.0,0.029034835413882607,0.029034835413882607,False,True,False,toe_riser_under_clearance,True,7,-9.616474151611328,8,0,0.0,60,7.5,6.279324510060463e-08,0.033247844446079006
target_18cm,167,160290000,167,False,True,False,toe_riser_under_clearance,True,5,-12.172731399536133,9,0,0.0,56,6.222222222222222,6.715721651693293e-08,0.03547125719906239,False,True,False,toe_riser_under_clearance,True,3,-14.373668670654297,9,58,6.444444444444445,58,6.444444444444445,0.035412015548947164,0.035412015548947164,False,True,False,toe_riser_under_clearance,True,4,-14.714309692382812,9,60,6.666666666666667,60,6.666666666666667,0.03377667164751716,0.03377667164751716,False,True,False,toe_riser_under_clearance,True,4,-14.812675476074219,9,0,0.0,58,6.444444444444445,6.523709678628915e-08,0.045661598527935186
target_18cm,168,160290000,168,False,True,False,toe_riser_under_clearance,True,4,-11.069419860839844,9,0,0.0,40,4.444444444444445,6.260661979823824e-08,0.017333119467505407,True,False,False,success,True,5,-5.700477123260498,9,59,6.555555555555555,59,6.555555555555555,0.03473755490084934,0.03473755490084934,True,False,False,success,True,4,-3.4624271392822266,9,57,6.333333333333333,57,6.333333333333333,0.029187843170504348,0.029187843170504348,False,True,False,toe_riser_under_clearance,True,5,-10.335506439208984,9,0,0.0,42,4.666666666666667,6.430622784634984e-08,0.019069627543725525
target_18cm,169,160290000,169,True,False,False,success,True,7,-4.0632476806640625,9,0,0.0,62,6.888888888888889,6.31135124570633e-08,0.024583006170552382,True,False,False,success,True,7,-1.2664098739624023,9,50,5.555555555555555,50,5.555555555555555,0.027092753285947055,0.027092753285947055,True,False,False,success,True,6,-1.6285061836242676,9,52,5.777777777777778,52,5.777777777777778,0.02648338325593153,0.02648338325593153,True,False,False,success,True,6,-1.7914094924926758,9,0,0.0,57,6.333333333333333,5.93845020159192e-08,0.02382793244861421
target_18cm,170,160290000,170,True,False,False,success,True,6,0.3413243293762207,9,0,0.0,51,5.666666666666667,6.233105899621571e-08,0.021318706059364523,True,False,False,success,True,4,-1.2592430114746094,9,40,4.444444444444445,40,4.444444444444445,0.025146120157673132,0.025146120157673132,False,True,False,toe_riser_under_clearance,True,4,-16.331249237060547,8,49,6.125,49,6.125,0.04790699741922064,0.04790699741922064,True,False,False,success,True,5,1.0763800144195557,9,0,0.0,49,5.444444444444445,5.944559583870794e-08,0.019668473333616134
target_18cm,171,160290000,171,False,True,False,toe_riser_under_clearance,True,1,-11.155235290527344,1,0,0.0,28,28.0,5.6838910930547055e-08,0.058627024940822434,True,False,False,success,True,9,-0.0788564682006836,9,39,4.333333333333333,39,4.333333333333333,0.019077826429296424,0.019077826429296424,True,False,False,success,True,5,-1.609081745147705,9,49,5.444444444444445,49,5.444444444444445,0.027146465858716644,0.027146465858716644,False,True,False,toe_riser_under_clearance,True,1,-11.108646392822266,1,0,0.0,28,28.0,4.8409684377079626e-08,0.05909717255744381
target_18cm,172,160290000,172,True,False,False,success,True,3,-1.3854575157165527,9,0,0.0,47,5.222222222222222,6.927437984194245e-08,0.02294957334945714,True,False,False,success,True,8,-6.799933433532715,9,69,7.666666666666667,69,7.666666666666667,0.027953622965795087,0.027953622965795087,False,True,False,toe_riser_under_clearance,True,5,-12.774585723876953,6,48,8.0,48,8.0,0.043871014912923174,0.043871014912923174,True,False,False,success,True,4,-1.2934675216674805,9,0,0.0,47,5.222222222222222,6.413564235714047e-08,0.022835722696423255
target_18cm,173,160290000,173,True,False,False,success,True,4,-4.86775541305542,9,0,0.0,49,5.444444444444445,6.318429236757165e-08,0.020337759773686247,True,False,False,success,True,7,-2.344252109527588,9,46,5.111111111111111,46,5.111111111111111,0.0258393808573234,0.0258393808573234,True,False,False,success,True,8,-2.1955695152282715,9,48,5.333333333333333,48,5.333333333333333,0.027374952902525534,0.027374952902525534,False,True,False,toe_riser_under_clearance,True,6,-9.849175453186035,7,0,0.0,50,7.142857142857143,6.52621071951996e-08,0.030232911791120257
target_18cm,174,160290000,174,True,False,False,success,True,7,-1.0644845962524414,9,0,0.0,44,4.888888888888889,6.485683370079626e-08,0.019739619509101435,False,True,False,toe_riser_under_clearance,True,6,-10.088064193725586,9,44,4.888888888888889,44,4.888888888888889,0.029812331748219716,0.029812331748219716,True,False,False,success,True,6,-0.817418098449707,9,44,4.888888888888889,44,4.888888888888889,0.024027130215667016,0.024027130215667016,False,True,False,toe_riser_under_clearance,True,3,-11.809911727905273,6,0,0.0,49,8.166666666666666,7.097189421899029e-08,0.04537788855986783
target_18cm,175,160290000,175,True,False,False,success,True,5,-1.8396291732788086,9,0,0.0,52,5.777777777777778,6.346730984777453e-08,0.024075378910187753,True,False,False,success,True,6,-2.001736640930176,9,47,5.222222222222222,47,5.222222222222222,0.03065248203511906,0.03065248203511906,True,False,False,success,True,6,-2.8722152709960938,9,56,6.222222222222222,56,6.222222222222222,0.034169320790272836,0.034169320790272836,False,True,False,toe_riser_under_clearance,True,3,-9.756782531738281,9,0,0.0,49,5.444444444444445,6.335169814809038e-08,0.02554636996514318
target_18cm,176,160290000,176,True,False,False,success,True,5,0.35160398483276367,9,0,0.0,34,3.7777777777777777,6.641598175341443e-08,0.018002788507628386,False,True,False,toe_riser_under_clearance,True,3,-10.319107055664062,3,44,14.666666666666666,44,14.666666666666666,0.0458403536321695,0.0458403536321695,False,True,False,toe_riser_under_clearance,True,3,-10.830063819885254,3,45,15.0,45,15.0,0.049632224258111445,0.049632224258111445,True,False,False,success,True,6,-1.2709331512451172,9,0,0.0,38,4.222222222222222,6.716196697776798e-08,0.02033748843453147
target_18cm,177,160290000,177,True,False,False,success,True,8,-1.0600905418395996,9,0,0.0,58,6.444444444444445,6.424995842712216e-08,0.025352060430647156,True,False,False,success,True,7,0.46793651580810547,9,44,4.888888888888889,44,4.888888888888889,0.01971789432748016,0.01971789432748016,True,False,False,success,True,7,0.14952850341796875,9,44,4.888888888888889,44,4.888888888888889,0.019556344350179035,0.019556344350179035,True,False,False,success,True,7,-1.862013816833496,9,0,0.0,63,7.0,6.270498911041127e-08,0.028989695539378156
target_18cm,178,160290000,178,True,False,False,success,True,8,-1.1640987396240234,9,0,0.0,51,5.666666666666667,6.269660664941175e-08,0.021880765879376336,False,True,False,toe_riser_under_clearance,True,3,-26.98476791381836,5,55,11.0,55,11.0,0.11906349437387459,0.11906349437387459,False,True,False,balance_or_other_fall,False,0,-4.025925159454346,2,11,5.5,11,5.5,0.017322821749581233,0.017322821749581233,True,False,False,success,True,11,-5.431212902069092,9,0,0.0,56,6.222222222222222,6.307068261331504e-08,0.02435433951607586
target_18cm,179,160290000,179,True,False,False,success,True,6,-0.5869922637939453,9,0,0.0,42,4.666666666666667,6.255869161537477e-08,0.018615942085738732,True,False,False,success,True,3,-1.2879652976989746,9,50,5.555555555555555,50,5.555555555555555,0.02754516103205375,0.02754516103205375,True,False,False,success,True,4,-0.8548679351806641,9,50,5.555555555555555,50,5.555555555555555,0.0263798926858341,0.0263798926858341,True,False,False,success,True,6,-0.5954756736755371,9,0,0.0,42,4.666666666666667,6.188568982502653e-08,0.018700603908962672
target_18cm,180,160290000,180,True,False,False,success,True,5,-0.10562324523925781,9,0,0.0,26,2.888888888888889,6.661585949951973e-08,0.01510552952238613,True,False,False,success,True,2,-3.443110942840576,9,43,4.777777777777778,43,4.777777777777778,0.02150979346417366,0.02150979346417366,False,True,False,toe_riser_under_clearance,True,3,-17.350982666015625,6,61,10.166666666666666,61,10.166666666666666,0.055800551522801785,0.055800551522801785,True,False,False,success,True,5,-0.2956562042236328,9,0,0.0,26,2.888888888888889,6.25710404318433e-08,0.012913363167409146
target_18cm,181,160290000,181,True,False,False,success,True,5,-0.7886447906494141,9,0,0.0,47,5.222222222222222,6.277102902274091e-08,0.02192119012836947,True,False,False,success,True,7,0.6242218017578125,9,24,2.6666666666666665,24,2.6666666666666665,0.011051339296559196,0.011051339296559196,False,True,False,toe_riser_under_clearance,True,6,-7.718339920043945,9,23,2.5555555555555554,23,2.5555555555555554,0.01229201422797309,0.01229201422797309,True,False,False,success,True,4,-0.6691303253173828,9,0,0.0,45,5.0,6.615012061032606e-08,0.021389252043761502
target_18cm,182,160290000,182,False,True,False,toe_riser_under_clearance,True,9,-13.945596694946289,9,0,0.0,76,8.444444444444445,5.9250003228552944e-08,0.02679734374024305,True,False,False,success,True,6,-1.0395784378051758,9,52,5.777777777777778,52,5.777777777777778,0.024455521217949732,0.024455521217949732,False,True,False,toe_riser_under_clearance,True,8,-16.92916488647461,9,54,6.0,54,6.0,0.02846906337332218,0.02846906337332218,False,True,False,toe_riser_under_clearance,True,6,-9.10141372680664,5,0,0.0,60,12.0,6.036584735462068e-08,0.03208476564158564
target_18cm,183,160290000,183,True,False,False,success,True,6,-6.586547374725342,9,0,0.0,78,8.666666666666666,6.045896908983672e-08,0.03228308937766335,True,False,False,success,True,5,0.04691314697265625,9,53,5.888888888888889,53,5.888888888888889,0.02131660182867766,0.02131660182867766,True,False,False,success,True,6,-0.48012876510620117,9,51,5.666666666666667,51,5.666666666666667,0.02278832492665348,0.02278832492665348,True,False,False,success,True,6,-7.666391372680664,9,0,0.0,79,8.777777777777779,6.062135937446285e-08,0.03175019763764881
target_18cm,184,160290000,184,True,False,False,success,True,7,-0.20772695541381836,9,0,0.0,38,4.222222222222222,6.704672708696896e-08,0.017062191539581925,True,False,False,success,True,14,-3.837784767150879,9,59,6.555555555555555,59,6.555555555555555,0.02494789229498969,0.02494789229498969,False,True,False,toe_riser_under_clearance,True,7,-16.75454330444336,6,76,12.666666666666666,76,12.666666666666666,0.06117610125474527,0.06117610125474527,True,False,False,success,True,6,-0.7134466171264648,9,0,0.0,37,4.111111111111111,6.522306934871098e-08,0.01718483258176733
target_18cm,185,160290000,185,False,True,False,toe_riser_under_clearance,True,7,-11.069892883300781,9,0,0.0,48,5.333333333333333,6.556303395138291e-08,0.023114113374189896,True,False,False,success,True,7,-3.662351131439209,9,40,4.444444444444445,40,4.444444444444445,0.029845802505294998,0.029845802505294998,True,False,False,success,True,9,-1.7220869064331055,9,38,4.222222222222222,38,4.222222222222222,0.0265121551660391,0.0265121551660391,False,True,False,toe_riser_under_clearance,True,8,-11.15719985961914,9,0,0.0,50,5.555555555555555,6.385499876738652e-08,0.023617891831831498
target_18cm,186,160290000,186,True,False,False,success,True,6,-0.6100220680236816,9,0,0.0,44,4.888888888888889,6.504116921776628e-08,0.022583989987428162,True,False,False,success,True,6,-0.7852826118469238,9,44,4.888888888888889,44,4.888888888888889,0.02651633029919492,0.02651633029919492,True,False,False,success,True,4,-1.5151557922363281,9,47,5.222222222222222,47,5.222222222222222,0.029065309184612614,0.029065309184612614,True,False,False,success,True,5,-0.6499710083007812,9,0,0.0,45,5.0,6.230803100852532e-08,0.022630141247277972
target_18cm,187,160290000,187,True,False,False,success,True,7,-0.7495880126953125,9,0,0.0,45,5.0,6.379669101026443e-08,0.02095005282886343,True,False,False,success,True,5,-6.549844741821289,9,48,5.333333333333333,48,5.333333333333333,0.035391543867401266,0.035391543867401266,True,False,False,success,True,4,-4.726062774658203,9,50,5.555555555555555,50,5.555555555555555,0.03547063100905645,0.03547063100905645,True,False,False,success,True,8,-0.7488536834716797,9,0,0.0,45,5.0,6.28372769850284e-08,0.02067473032986523
target_18cm,188,160290000,188,True,False,False,success,True,7,1.1963894367218018,9,0,0.0,34,3.7777777777777777,6.169273165414585e-08,0.014227444405729307,True,False,False,success,True,8,-1.3679475784301758,9,54,6.0,54,6.0,0.02419583214653863,0.02419583214653863,True,False,False,success,True,7,-1.4005026817321777,9,54,6.0,54,6.0,0.02322461246665007,0.02322461246665007,True,False,False,success,True,6,0.9426631927490234,9,0,0.0,37,4.111111111111111,6.546093513012178e-08,0.016012265132023737
target_18cm,189,160290000,189,True,False,False,success,True,7,-0.14210796356201172,9,0,0.0,40,4.444444444444445,6.574912329724189e-08,0.02243056851764058,True,False,False,success,True,7,-1.668520450592041,9,50,5.555555555555555,50,5.555555555555555,0.02843290216782514,0.02843290216782514,True,False,False,success,True,4,-4.280910491943359,9,62,6.888888888888889,62,6.888888888888889,0.03701200978509311,0.03701200978509311,False,True,False,toe_riser_under_clearance,True,8,-12.142171859741211,9,0,0.0,51,5.666666666666667,6.265276006365384e-08,0.026267604613572023
target_18cm,190,160290000,190,True,False,False,success,True,2,-1.9086341857910156,9,0,0.0,60,6.666666666666667,6.356883891478028e-08,0.026817273120490873,False,True,False,toe_riser_under_clearance,True,9,-17.56271743774414,7,65,9.285714285714286,65,9.285714285714286,0.05222244758110542,0.05222244758110542,False,True,False,toe_riser_under_clearance,True,6,-16.626737594604492,6,63,10.5,63,10.5,0.03406121661969683,0.03406121661969683,True,False,False,success,True,6,-2.15651273727417,9,0,0.0,43,4.777777777777778,6.256724550756951e-08,0.024253596815952034
target_18cm,191,160290000,191,False,True,False,toe_riser_under_clearance,True,1,-8.614859580993652,6,0,0.0,43,7.166666666666667,6.181852540976251e-08,0.03371709585189819,True,False,False,success,True,5,-2.712552070617676,9,52,5.777777777777778,52,5.777777777777778,0.02792572013793453,0.02792572013793453,True,False,False,success,True,4,-2.752244472503662,9,49,5.444444444444445,49,5.444444444444445,0.03064761757850647,0.03064761757850647,True,False,False,success,True,5,-0.4371180534362793,9,0,0.0,43,4.777777777777778,6.410536081843157e-08,0.02111031874170843
target_18cm,192,160290000,192,False,True,False,toe_riser_under_clearance,True,10,-14.23291015625,8,0,0.0,83,10.375,6.284629540290511e-08,0.030474309941426896,False,True,False,toe_riser_under_clearance,True,4,-7.368566513061523,6,34,5.666666666666667,34,5.666666666666667,0.025393691585257703,0.025393691585257703,False,True,False,toe_riser_under_clearance,True,5,-7.62528133392334,6,35,5.833333333333333,35,5.833333333333333,0.02704585021269237,0.02704585021269237,False,True,False,toe_riser_under_clearance,True,2,-10.076333045959473,7,0,0.0,57,8.142857142857142,6.451703996588904e-08,0.03638368639452704
target_18cm,193,160290000,193,False,True,False,toe_riser_under_clearance,True,3,-9.701419830322266,6,0,0.0,35,5.833333333333333,6.249712811599953e-08,0.034808734047737565,True,False,False,success,True,8,0.1050105094909668,9,38,4.222222222222222,38,4.222222222222222,0.017178021247483206,0.017178021247483206,True,False,False,success,True,9,-0.38205957412719727,9,41,4.555555555555555,41,4.555555555555555,0.01993489492507208,0.01993489492507208,False,True,False,toe_riser_under_clearance,True,6,-11.857290267944336,9,0,0.0,40,4.444444444444445,6.401604472754905e-08,0.025756371739399004
target_18cm,194,160290000,194,True,False,False,success,True,5,-0.30077695846557617,9,0,0.0,48,5.333333333333333,6.273060005316818e-08,0.021280634534227977,False,True,False,toe_riser_under_clearance,True,3,-13.019010543823242,8,52,6.5,52,6.5,0.043711298106171935,0.043711298106171935,True,False,False,success,True,10,-8.88847541809082,9,65,7.222222222222222,65,7.222222222222222,0.03088108007458673,0.03088108007458673,True,False,False,success,True,2,-3.8059353828430176,9,0,0.0,68,7.555555555555555,6.478907312202236e-08,0.027585450949283278
target_18cm,195,160290000,195,True,False,False,success,True,11,-2.2045235633850098,9,0,0.0,60,6.666666666666667,6.347124967685916e-08,0.027692372681664638,False,True,False,toe_riser_under_clearance,True,2,-13.583162307739258,3,34,11.333333333333334,34,11.333333333333334,0.06789744307355183,0.06789744307355183,False,True,False,toe_riser_under_clearance,True,5,-31.29515266418457,3,60,20.0,60,20.0,0.10358606734365787,0.10358606734365787,False,True,False,toe_riser_under_clearance,True,8,-13.804617881774902,7,0,0.0,50,7.142857142857143,6.554294741748236e-08,0.0262297928017914
target_18cm,196,160290000,196,False,True,False,toe_riser_under_clearance,True,2,-7.010988712310791,2,0,0.0,25,12.5,5.973163561700562e-08,0.0369512397189473,True,False,False,success,True,6,-8.35842227935791,9,65,7.222222222222222,65,7.222222222222222,0.031230080452410627,0.031230080452410627,True,False,False,success,True,7,-7.760740756988525,9,72,8.0,72,8.0,0.04217364884232766,0.04217364884232766,False,True,False,toe_riser_under_clearance,True,2,-7.288487434387207,2,0,0.0,26,13.0,5.9391320677985826e-08,0.04002329083376153
target_18cm,197,160290000,197,False,True,False,toe_riser_under_clearance,True,9,-11.612663269042969,9,0,0.0,73,8.11111111111111,5.996870913225446e-08,0.02984868999246326,True,False,False,success,True,6,-1.2285332679748535,9,49,5.444444444444445,49,5.444444444444445,0.02749519431617119,0.02749519431617119,True,False,False,success,True,5,-1.5957832336425781,9,48,5.333333333333333,48,5.333333333333333,0.026358686236172713,0.026358686236172713,False,True,False,toe_riser_under_clearance,True,6,-11.331583023071289,9,0,0.0,58,6.444444444444445,6.448146852923231e-08,0.025613033277098483
target_18cm,198,160290000,198,False,True,False,toe_riser_under_clearance,True,2,-11.652170181274414,8,0,0.0,55,6.875,6.349849475858112e-08,0.02911579549609132,True,False,False,success,True,6,1.1724200248718262,9,28,3.111111111111111,28,3.111111111111111,0.01254456861873617,0.01254456861873617,True,False,False,success,True,7,1.7641716003417969,9,26,2.888888888888889,26,2.888888888888889,0.009671005709417936,0.009671005709417936,True,False,False,success,True,4,-6.075087070465088,9,0,0.0,76,8.444444444444445,6.373076432092643e-08,0.030025083627273786
target_18cm,199,160290000,199,False,True,False,toe_riser_under_clearance,True,10,-9.987713813781738,5,0,0.0,67,13.4,5.8101570040755045e-08,0.03749589566831236,True,False,False,success,True,7,-2.635181427001953,9,53,5.888888888888889,53,5.888888888888889,0.02895670477677936,0.02895670477677936,True,False,False,success,True,7,-2.0187230110168457,9,48,5.333333333333333,48,5.333333333333333,0.026509604255793132,0.026509604255793132,False,True,False,toe_riser_under_clearance,True,11,-10.675630569458008,4,0,0.0,65,16.25,6.038551896100542e-08,0.034955645784919644
target_18cm,200,160290000,200,True,False,False,success,True,2,-1.4835538864135742,9,0,0.0,48,5.333333333333333,6.169493451338023e-08,0.024680610413246967,True,False,False,success,True,8,-0.7106485366821289,9,48,5.333333333333333,48,5.333333333333333,0.023404131995307074,0.023404131995307074,True,False,False,success,True,7,0.022512435913085938,9,47,5.222222222222222,47,5.222222222222222,0.021918737940851286,0.021918737940851286,True,False,False,success,True,2,-2.7876172065734863,9,0,0.0,53,5.888888888888889,6.563259949535341e-08,0.028762514526779588
target_18cm,201,160290000,201,True,False,False,success,True,6,-3.2473502159118652,9,0,0.0,69,7.666666666666667,6.406855682442748e-08,0.029528968388050244,True,False,False,success,True,11,-0.055388450622558594,9,41,4.555555555555555,41,4.555555555555555,0.01758314038182164,0.01758314038182164,True,False,False,success,True,11,-0.2942333221435547,9,41,4.555555555555555,41,4.555555555555555,0.017788387376789623,0.017788387376789623,True,False,False,success,True,5,-1.1199660301208496,9,0,0.0,56,6.222222222222222,6.390518263225235e-08,0.02558753613767953
target_18cm,202,160290000,202,True,False,False,success,True,10,0.9721570014953613,9,0,0.0,32,3.5555555555555554,6.237165076814371e-08,0.013230982579683003,False,True,False,toe_riser_under_clearance,True,2,-11.93122386932373,6,40,6.666666666666667,40,6.666666666666667,0.04739336967468262,0.04739336967468262,False,True,False,toe_riser_under_clearance,True,3,-11.555322647094727,6,40,6.666666666666667,40,6.666666666666667,0.04792076860155378,0.04792076860155378,True,False,False,success,True,9,-0.5281128883361816,9,0,0.0,44,4.888888888888889,6.409858747295474e-08,0.01973242871067833
target_18cm,203,160290000,203,False,True,False,toe_riser_under_clearance,True,3,-14.531131744384766,5,0,0.0,44,8.8,6.226821714142605e-08,0.048386573791503906,False,True,False,toe_riser_under_clearance,True,8,-15.123497009277344,9,62,6.888888888888889,62,6.888888888888889,0.033485986921522354,0.033485986921522354,True,False,False,success,True,7,-7.5668840408325195,9,78,8.666666666666666,78,8.666666666666666,0.04441391113037597,0.04441391113037597,False,True,False,toe_riser_under_clearance,True,3,-14.043425559997559,5,0,0.0,43,8.6,6.260391623100457e-08,0.04674598925920494
target_18cm,204,160290000,204,True,False,False,success,True,2,1.0827176570892334,9,0,0.0,51,5.666666666666667,6.365658359405083e-08,0.018479193173922024,False,True,False,toe_riser_under_clearance,True,3,-14.312192916870117,2,40,20.0,40,20.0,0.04139904196271425,0.04139904196271425,False,True,False,toe_riser_under_clearance,True,4,-19.21190643310547,4,61,15.25,61,15.25,0.06476360656539469,0.06476360656539469,False,True,False,toe_riser_under_clearance,True,3,-7.800556182861328,7,0,0.0,46,6.571428571428571,6.067936791463153e-08,0.025165571885950425
target_18cm,205,160290000,205,False,True,False,toe_riser_under_clearance,True,1,-6.247723579406738,2,0,0.0,28,14.0,6.122655040014001e-08,0.03287615971258509,False,True,False,toe_riser_under_clearance,True,3,-5.603812217712402,4,26,6.5,26,6.5,0.024964449582276522,0.024964449582276522,False,True,False,toe_riser_under_clearance,True,3,-5.585238456726074,4,26,6.5,26,6.5,0.024961102891851356,0.024961102891851356,False,True,False,toe_riser_under_clearance,True,1,-6.2986249923706055,2,0,0.0,28,14.0,5.7165848029292684e-08,0.03287966767249749
target_18cm,206,160290000,206,False,True,False,toe_riser_under_clearance,True,5,-16.855712890625,9,0,0.0,75,8.333333333333334,6.273212492251475e-08,0.037036463970274436,False,True,False,toe_riser_under_clearance,True,5,-16.79146957397461,1,49,49.0,49,49.0,0.07082984297747773,0.07082984297747773,False,True,False,toe_riser_under_clearance,True,4,-18.144071578979492,1,50,50.0,50,50.0,0.08142416293804462,0.08142416293804462,True,False,False,success,True,2,-4.452624797821045,9,0,0.0,68,7.555555555555555,6.543808315958207e-08,0.03210354447364807
target_18cm,207,160290000,207,False,True,False,toe_riser_under_clearance,True,2,-7.975677490234375,5,0,0.0,46,9.2,6.273169242919966e-08,0.03482909739627773,True,False,False,success,True,10,-1.934706687927246,9,51,5.666666666666667,51,5.666666666666667,0.02539615994408017,0.02539615994408017,True,False,False,success,True,8,-2.5550546646118164,9,55,6.111111111111111,55,6.111111111111111,0.024086516400368217,0.024086516400368217,True,False,False,success,True,6,0.6124963760375977,9,0,0.0,50,5.555555555555555,6.253809176392594e-08,0.01692846290853493
target_18cm,208,160290000,208,False,True,False,toe_riser_under_clearance,True,6,-12.839210510253906,9,0,0.0,48,5.333333333333333,6.550723440954212e-08,0.02630310801113899,False,True,False,toe_riser_under_clearance,True,3,-13.101478576660156,2,34,17.0,34,17.0,0.06828752987047765,0.06828752987047765,False,True,False,toe_riser_under_clearance,True,3,-12.192366600036621,2,32,16.0,32,16.0,0.06092797831485146,0.06092797831485146,True,False,False,success,True,4,-4.908607482910156,9,0,0.0,78,8.666666666666666,6.025771374515553e-08,0.03766878189579133
target_18cm,209,160290000,209,True,False,False,success,True,9,-0.9065561294555664,9,0,0.0,45,5.0,6.435866377937939e-08,0.01936028614517086,False,True,False,toe_riser_under_clearance,True,1,-13.422502517700195,1,26,26.0,26,26.0,0.03199560394704016,0.03199560394704016,False,True,False,toe_riser_under_clearance,True,1,-13.455744743347168,1,26,26.0,26,26.0,0.0320128977624445,0.0320128977624445,True,False,False,success,True,6,-0.6749005317687988,9,0,0.0,43,4.777777777777778,6.411430004849702e-08,0.01874979170795265
target_18cm,210,160290000,210,False,True,False,toe_riser_under_clearance,True,4,-13.091774940490723,7,0,0.0,51,7.285714285714286,6.781563348552197e-08,0.02531388988125027,True,False,False,success,True,8,-1.8879714012145996,9,55,6.111111111111111,55,6.111111111111111,0.02767290811815697,0.02767290811815697,True,False,False,success,True,4,-0.7913765907287598,9,50,5.555555555555555,50,5.555555555555555,0.024945867904508957,0.024945867904508957,False,True,False,toe_riser_under_clearance,True,4,-11.629246711730957,8,0,0.0,46,5.75,6.46720032787396e-08,0.027090773458783152
target_18cm,211,160290000,211,True,False,False,success,True,3,-8.49758529663086,9,0,0.0,65,7.222222222222222,6.978178176702396e-08,0.0367727498898561,True,False,False,success,True,4,-5.586716175079346,9,63,7.0,63,7.0,0.04036477671149523,0.04036477671149523,True,False,False,success,True,6,-5.066241264343262,9,64,7.111111111111111,64,7.111111111111111,0.03751079002675069,0.03751079002675069,False,True,False,toe_riser_under_clearance,True,3,-11.991613388061523,8,0,0.0,56,7.0,6.932038368289301e-08,0.03966421845518513
target_18cm,212,160290000,212,False,True,False,toe_riser_under_clearance,True,3,-7.655383110046387,6,0,0.0,37,6.166666666666667,6.870583677118045e-08,0.029934160115486448,False,True,False,toe_riser_under_clearance,True,10,-15.011878967285156,6,58,9.666666666666666,58,9.666666666666666,0.053188435825300806,0.053188435825300806,False,True,False,toe_riser_under_clearance,True,6,-24.840991973876953,4,52,13.0,52,13.0,0.08945196119405456,0.08945196119405456,True,False,False,success,True,5,-0.41814422607421875,9,0,0.0,41,4.555555555555555,6.969124982323021e-08,0.0203930233800134
target_18cm,213,160290000,213,True,False,False,success,True,4,-4.489576816558838,9,0,0.0,55,6.111111111111111,6.585559601809758e-08,0.03078087596362357,False,True,False,toe_riser_under_clearance,True,4,-37.67524337768555,3,75,25.0,75,25.0,0.1445724825810247,0.1445724825810247,False,True,False,toe_riser_under_clearance,True,5,-40.66762924194336,4,87,21.75,87,21.75,0.1665576246918225,0.1665576246918225,True,False,False,success,True,6,-2.649995803833008,9,0,0.0,49,5.444444444444445,6.705044582084721e-08,0.027277203263907597
target_18cm,214,160290000,214,True,False,False,success,True,4,-0.5649018287658691,9,0,0.0,46,5.111111111111111,6.76113854426928e-08,0.020200371742248535,True,False,False,success,True,7,-0.7933473587036133,9,43,4.777777777777778,43,4.777777777777778,0.01825494111351701,0.01825494111351701,True,False,False,success,True,6,-4.579310894012451,9,81,9.0,81,9.0,0.03195907470376734,0.03195907470376734,True,False,False,success,True,5,-2.6695966720581055,9,0,0.0,44,4.888888888888889,6.720508211471427e-08,0.02231437487479968
target_18cm,215,160290000,215,False,True,False,toe_riser_under_clearance,True,5,-14.997065544128418,7,0,0.0,72,10.285714285714286,6.100865577090584e-08,0.028787023616286943,True,False,False,success,True,1,-1.058596134185791,9,41,4.555555555555555,41,4.555555555555555,0.024253504136029412,0.024253504136029412,True,False,False,success,True,4,-4.7498579025268555,9,58,6.444444444444445,58,6.444444444444445,0.037695375302942785,0.037695375302942785,True,False,False,success,True,6,-1.7707977294921875,9,0,0.0,61,6.777777777777778,6.361476650971518e-08,0.02483202387868224
target_18cm,216,160290000,216,False,True,False,toe_riser_under_clearance,True,12,-11.261881828308105,9,0,0.0,40,4.444444444444445,6.626210759681377e-08,0.024770432223116187,True,False,False,success,True,7,-2.1819024085998535,9,41,4.555555555555555,41,4.555555555555555,0.025297985852913377,0.025297985852913377,True,False,False,success,True,4,-1.3599987030029297,9,45,5.0,45,5.0,0.02570407418643727,0.02570407418643727,False,True,False,toe_riser_under_clearance,True,9,-12.604791641235352,9,0,0.0,41,4.555555555555555,6.963971421274882e-08,0.027084063976369005
target_18cm,217,160290000,217,True,False,False,success,True,2,-3.38967227935791,9,0,0.0,55,6.111111111111111,6.657264023810328e-08,0.027335692751582565,True,False,False,success,True,8,-4.405737400054932,9,48,5.333333333333333,48,5.333333333333333,0.03235331105661916,0.03235331105661916,True,False,False,success,True,13,-4.94558048248291,9,51,5.666666666666667,51,5.666666666666667,0.03489698772936796,0.03489698772936796,True,False,False,success,True,3,-4.855346202850342,9,0,0.0,65,7.222222222222222,6.3409235662395e-08,0.03148566544658006
target_18cm,218,160290000,218,True,False,False,success,True,4,-3.3266329765319824,9,0,0.0,61,6.777777777777778,6.285867632728267e-08,0.02689111135839447,False,True,False,toe_riser_under_clearance,True,3,-19.678226470947266,1,30,30.0,30,30.0,0.034771260549855784,0.034771260549855784,False,True,False,toe_riser_under_clearance,True,3,-17.305225372314453,1,29,29.0,29,29.0,0.031865475312718806,0.031865475312718806,False,True,False,toe_riser_under_clearance,True,7,-15.205450057983398,9,0,0.0,62,6.888888888888889,6.373699029327568e-08,0.028980750953201698
target_18cm,219,160290000,219,True,False,False,success,True,9,0.932558536529541,9,0,0.0,49,5.444444444444445,6.170541703742107e-08,0.022319054403224913,True,False,False,success,True,6,-0.5538878440856934,9,41,4.555555555555555,41,4.555555555555555,0.02376866155816603,0.02376866155816603,True,False,False,success,True,6,-0.6184101104736328,9,46,5.111111111111111,46,5.111111111111111,0.024695849537256346,0.024695849537256346,True,False,False,success,True,5,-1.6921768188476562,9,0,0.0,61,6.777777777777778,6.578400144444815e-08,0.029019330841263916
target_18cm,220,160290000,220,True,False,False,success,True,5,-7.234002590179443,9,0,0.0,100,11.11111111111111,5.8087024466230476e-08,0.02889894317178165,True,False,False,success,True,7,-1.9234838485717773,9,63,7.0,63,7.0,0.02626338645593444,0.02626338645593444,False,True,False,toe_riser_under_clearance,True,4,-8.814582824707031,3,41,13.666666666666666,41,13.666666666666666,0.03383099843585302,0.03383099843585302,True,False,False,success,True,5,-7.2433600425720215,9,0,0.0,89,9.88888888888889,6.379334484333178e-08,0.030751004669487672
target_18cm,221,160290000,221,False,True,False,toe_riser_under_clearance,True,1,-4.557589530944824,2,0,0.0,23,11.5,5.338471770041256e-08,0.0329538209097726,True,False,False,success,True,10,-4.4680986404418945,9,65,7.222222222222222,65,7.222222222222222,0.03391486160026109,0.03391486160026109,True,False,False,success,True,9,-2.4582901000976562,9,59,6.555555555555555,59,6.555555555555555,0.030198051176320618,0.030198051176320618,False,True,False,toe_riser_under_clearance,True,1,-4.547797203063965,2,0,0.0,23,11.5,5.5382575478038886e-08,0.03302079268864223
target_18cm,222,160290000,222,False,True,False,toe_riser_under_clearance,True,6,-12.489508628845215,9,0,0.0,66,7.333333333333333,6.593825786253946e-08,0.0379294782806179,True,False,False,success,True,7,-3.935122013092041,9,66,7.333333333333333,66,7.333333333333333,0.03307064455882235,0.03307064455882235,False,True,False,toe_riser_under_clearance,True,4,-19.05093002319336,7,64,9.142857142857142,64,9.142857142857142,0.038825755216637434,0.038825755216637434,True,False,False,success,True,6,-3.0429768562316895,9,0,0.0,49,5.444444444444445,6.5562794175507e-08,0.02810559489510276
target_18cm,223,160290000,223,False,True,False,toe_riser_under_clearance,True,4,-9.976325988769531,4,0,0.0,60,15.0,6.236866817022834e-08,0.03851304547540073,True,False,False,success,True,5,-1.9037647247314453,9,41,4.555555555555555,41,4.555555555555555,0.02419097159839914,0.02419097159839914,True,False,False,success,True,6,-2.3820714950561523,9,48,5.333333333333333,48,5.333333333333333,0.02906900985650554,0.02906900985650554,False,True,False,toe_riser_under_clearance,True,4,-10.578983306884766,4,0,0.0,60,15.0,6.450473158306098e-08,0.04023480662837573
target_18cm,224,160290000,224,False,True,False,toe_riser_under_clearance,True,16,-13.585332870483398,6,0,0.0,97,16.166666666666668,6.307265277805845e-08,0.043028364332212014,True,False,False,success,True,4,-5.52269983291626,9,60,6.666666666666667,60,6.666666666666667,0.02546046967672105,0.02546046967672105,True,False,False,success,True,5,-1.7962098121643066,9,52,5.777777777777778,52,5.777777777777778,0.018898845402734,0.018898845402734,False,True,False,toe_riser_under_clearance,True,11,-11.562438011169434,5,0,0.0,90,18.0,6.019805134285396e-08,0.04085066950814277
target_18cm,225,160290000,225,True,False,False,success,True,4,-1.2686285972595215,9,0,0.0,49,5.444444444444445,6.362757113524351e-08,0.023104916358816213,True,False,False,success,True,7,0.08900070190429688,9,51,5.666666666666667,51,5.666666666666667,0.024188128736391513,0.024188128736391513,True,False,False,success,True,6,-0.5327138900756836,9,50,5.555555555555555,50,5.555555555555555,0.025485541499116773,0.025485541499116773,True,False,False,success,True,7,-0.6575517654418945,9,0,0.0,50,5.555555555555555,6.185151586391772e-08,0.02286393849088576
target_18cm,226,160290000,226,False,True,False,toe_riser_under_clearance,True,13,-14.468178749084473,8,0,0.0,62,7.75,6.78975147383168e-08,0.03939652570428695,False,True,False,toe_riser_under_clearance,True,8,-14.677705764770508,4,61,15.25,61,15.25,0.057893838913111055,0.057893838913111055,False,True,False,toe_riser_under_clearance,True,3,-11.216184616088867,4,48,12.0,48,12.0,0.0436522021941607,0.0436522021941607,False,True,False,toe_riser_under_clearance,True,7,-8.886062622070312,7,0,0.0,40,5.714285714285714,6.490684830813378e-08,0.02872224517215956
target_18cm,227,160290000,227,True,False,False,success,True,10,1.1996080875396729,9,0,0.0,41,4.555555555555555,6.008608293630803e-08,0.015808993372423894,True,False,False,success,True,7,0.8411655426025391,9,30,3.3333333333333335,30,3.3333333333333335,0.013923594336189055,0.013923594336189055,True,False,False,success,True,10,-6.625953197479248,9,66,7.333333333333333,66,7.333333333333333,0.023397363625563584,0.023397363625563584,True,False,False,success,True,6,0.4170112609863281,9,0,0.0,43,4.777777777777778,6.224417263263716e-08,0.014953984154595269
target_18cm,228,160290000,228,False,True,False,balance_or_other_fall,False,0,-5.161525249481201,2,0,0.0,25,12.5,6.001201908538649e-08,0.028149602025054222,False,True,False,toe_riser_under_clearance,True,6,-5.811341762542725,6,30,5.0,30,5.0,0.02010363706182487,0.02010363706182487,True,False,False,success,True,8,0.2538638114929199,9,52,5.777777777777778,52,5.777777777777778,0.020234449265680916,0.020234449265680916,False,True,False,balance_or_other_fall,False,0,-5.158144950866699,2,0,0.0,25,12.5,5.925303518123719e-08,0.028149965197540993
target_18cm,229,160290000,229,True,False,False,success,True,6,-2.5030360221862793,9,0,0.0,47,5.222222222222222,6.505432456958248e-08,0.026188863466863763,True,False,False,success,True,7,-1.4535150527954102,9,40,4.444444444444445,40,4.444444444444445,0.025001806371352252,0.025001806371352252,True,False,False,success,True,6,-1.1893525123596191,9,40,4.444444444444445,40,4.444444444444445,0.02610944506661135,0.02610944506661135,True,False,False,success,True,7,-1.4481630325317383,9,0,0.0,39,4.333333333333333,6.645312280002807e-08,0.023152219297740383
target_18cm,230,160290000,230,True,False,False,success,True,5,-1.1482000350952148,9,0,0.0,37,4.111111111111111,6.710504986467244e-08,0.020224142765653305,False,True,False,toe_riser_under_clearance,True,5,-16.24634552001953,7,59,8.428571428571429,59,8.428571428571429,0.053443677163537526,0.053443677163537526,True,False,False,success,True,7,-1.3224420547485352,9,60,6.666666666666667,60,6.666666666666667,0.025488291128698097,0.025488291128698097,True,False,False,success,True,6,-1.1477413177490234,9,0,0.0,38,4.222222222222222,6.657328544795324e-08,0.02047910321737833
target_18cm,231,160290000,231,True,False,False,success,True,5,-2.117734909057617,9,0,0.0,43,4.777777777777778,6.518284628681394e-08,0.02289787444353662,False,True,False,toe_riser_under_clearance,True,11,-28.726457595825195,4,91,22.75,91,22.75,0.16605128980662726,0.16605128980662726,False,True,False,toe_riser_under_clearance,True,3,-16.400678634643555,1,61,61.0,61,61.0,0.07778444946536169,0.07778444946536169,True,False,False,success,True,5,-1.978044033050537,9,0,0.0,42,4.666666666666667,6.709593711382273e-08,0.022840355244858005
target_18cm,232,160290000,232,True,False,False,success,True,4,-1.628493309020996,9,0,0.0,45,5.0,6.524313140216273e-08,0.022711455684968795,True,False,False,success,True,7,-2.145785331726074,9,51,5.666666666666667,51,5.666666666666667,0.02707475380516514,0.02707475380516514,True,False,False,success,True,8,0.006092071533203125,9,36,4.0,36,4.0,0.017468287648143857,0.017468287648143857,False,True,False,toe_riser_under_clearance,True,2,-11.128262519836426,6,0,0.0,48,8.0,6.901099501108068e-08,0.04451374311888345
target_18cm,233,160290000,233,False,True,False,toe_riser_under_clearance,True,6,-19.161434173583984,5,0,0.0,59,11.8,6.15290493778118e-08,0.03002271866263297,True,False,False,success,True,6,-0.154449462890625,9,44,4.888888888888889,44,4.888888888888889,0.020574110449006915,0.020574110449006915,False,True,False,toe_riser_under_clearance,True,6,-19.155580520629883,6,52,8.666666666666666,52,8.666666666666666,0.07034442951152851,0.07034442951152851,False,True,False,toe_riser_under_clearance,True,9,-22.493648529052734,5,0,0.0,85,17.0,6.359276204276394e-08,0.058135781332711196
target_18cm,234,160290000,234,False,True,False,toe_riser_under_clearance,True,9,-13.468694686889648,8,0,0.0,71,8.875,6.435963309600411e-08,0.04168068010782458,True,False,False,success,True,4,-2.609755516052246,9,54,6.0,54,6.0,0.028946108231019254,0.028946108231019254,False,True,False,toe_riser_under_clearance,True,8,-16.04346466064453,9,65,7.222222222222222,65,7.222222222222222,0.03522686690426945,0.03522686690426945,True,False,False,success,True,6,-0.4142909049987793,9,0,0.0,39,4.333333333333333,6.442309121502946e-08,0.01838751214384786
target_18cm,235,160290000,235,False,True,False,toe_riser_under_clearance,True,2,-8.963821411132812,6,0,0.0,37,6.166666666666667,6.190742175925158e-08,0.03563227019943557,False,True,False,toe_riser_under_clearance,True,7,-11.981346130371094,9,47,5.222222222222222,47,5.222222222222222,0.02352918405296033,0.02352918405296033,True,False,False,success,True,5,-2.5076370239257812,9,41,4.555555555555555,41,4.555555555555555,0.026508415861082782,0.026508415861082782,True,False,False,success,True,4,-0.785099983215332,9,0,0.0,42,4.666666666666667,6.516700904019891e-08,0.02028747550097765
target_18cm,236,160290000,236,True,False,False,success,True,6,0.7073850631713867,9,0,0.0,36,4.0,6.314475612514556e-08,0.017442476285676935,False,True,False,toe_riser_under_clearance,True,3,-17.392908096313477,9,62,6.888888888888889,62,6.888888888888889,0.07409598448566188,0.07409598448566188,False,True,False,toe_riser_under_clearance,True,3,-17.033018112182617,8,61,7.625,61,7.625,0.07164294123649598,0.07164294123649598,False,True,False,toe_riser_under_clearance,True,5,-15.079150199890137,8,0,0.0,53,6.625,6.260810928856168e-08,0.06045875301608791
target_18cm,237,160290000,237,True,False,False,success,True,6,-4.081450939178467,9,0,0.0,60,6.666666666666667,6.297669509961022e-08,0.027975431964914994,True,False,False,success,True,4,-2.794525623321533,9,67,7.444444444444445,67,7.444444444444445,0.03138997153384691,0.03138997153384691,True,False,False,success,True,2,-6.284210205078125,9,66,7.333333333333333,66,7.333333333333333,0.032545619341937955,0.032545619341937955,True,False,False,success,True,6,-3.514066696166992,9,0,0.0,63,7.0,6.560986182207604e-08,0.03259920108038734
target_18cm,238,160290000,238,False,True,False,toe_riser_under_clearance,True,1,-5.073227882385254,2,0,0.0,24,12.0,5.5974846070646036e-08,0.027131380754358628,True,False,False,success,True,8,-0.15162897109985352,9,37,4.111111111111111,37,4.111111111111111,0.01837529175733794,0.01837529175733794,True,False,False,success,True,9,-0.1908097267150879,9,38,4.222222222222222,38,4.222222222222222,0.0189908569407575,0.0189908569407575,True,False,False,success,True,7,-1.130317211151123,9,0,0.0,52,5.777777777777778,6.544301723541107e-08,0.02487599322226195
target_18cm,239,160290000,239,False,True,False,toe_riser_under_clearance,True,4,-10.703454971313477,3,0,0.0,78,26.0,5.7880175805430076e-08,0.03735622355812474,True,False,False,success,True,8,-5.795392036437988,9,67,7.444444444444445,67,7.444444444444445,0.03157272411666753,0.03157272411666753,True,False,False,success,True,9,-0.22786712646484375,9,45,5.0,45,5.0,0.01965364595738853,0.01965364595738853,False,True,False,toe_riser_under_clearance,True,5,-11.164312362670898,3,0,0.0,73,24.333333333333332,5.709865357891674e-08,0.04199443248488148
target_18cm,240,160290000,240,True,False,False,success,True,7,-0.8853054046630859,9,0,0.0,55,6.111111111111111,6.361247388533245e-08,0.025986429821749972,False,True,False,toe_riser_under_clearance,True,3,-8.279777526855469,4,30,7.5,30,7.5,0.03423374963675433,0.03423374963675433,False,True,False,toe_riser_under_clearance,True,4,-8.405409812927246,4,34,8.5,34,8.5,0.036573918139348266,0.036573918139348266,True,False,False,success,True,10,-0.06794452667236328,9,0,0.0,46,5.111111111111111,6.655281339671034e-08,0.022219595836713877
target_18cm,241,160290000,241,True,False,False,success,True,4,-2.8079710006713867,9,0,0.0,56,6.222222222222222,6.464072157541523e-08,0.026621659596761067,True,False,False,success,True,5,-2.1749677658081055,9,44,4.888888888888889,44,4.888888888888889,0.024399987417249823,0.024399987417249823,True,False,False,success,True,6,-1.6462998390197754,9,50,5.555555555555555,50,5.555555555555555,0.026032537085824904,0.026032537085824904,True,False,False,success,True,4,-3.2335567474365234,9,0,0.0,61,6.777777777777778,6.279846713395817e-08,0.028691414798793027
target_18cm,242,160290000,242,True,False,False,success,True,6,-0.9030213356018066,9,0,0.0,44,4.888888888888889,6.64463155618646e-08,0.021655352077614473,True,False,False,success,True,6,-1.2981257438659668,9,43,4.777777777777778,43,4.777777777777778,0.025283943523060192,0.025283943523060192,True,False,False,success,True,6,-0.8842787742614746,9,43,4.777777777777778,43,4.777777777777778,0.024430833442631195,0.024430833442631195,True,False,False,success,True,6,-0.1109318733215332,9,0,0.0,41,4.555555555555555,6.248848999824635e-08,0.019831377377989845
target_18cm,243,160290000,243,False,True,False,toe_riser_under_clearance,True,8,-10.060262680053711,7,0,0.0,56,8.0,6.297262544024661e-08,0.03392911296964032,False,True,False,toe_riser_under_clearance,True,7,-12.73366928100586,9,34,3.7777777777777777,34,3.7777777777777777,0.021044778560406596,0.021044778560406596,False,True,False,toe_riser_under_clearance,True,5,-18.497638702392578,9,65,7.222222222222222,65,7.222222222222222,0.05043483016514542,0.05043483016514542,False,True,False,toe_riser_under_clearance,True,6,-7.836597442626953,6,0,0.0,39,6.5,6.338060163632351e-08,0.030825453289484574
target_18cm,244,160290000,244,False,True,False,balance_or_other_fall,False,0,-6.327663421630859,4,0,0.0,34,8.5,5.917392491228624e-08,0.031569088083006736,True,False,False,success,True,4,-2.8603639602661133,9,35,3.888888888888889,35,3.888888888888889,0.03091305973126948,0.03091305973126948,True,False,False,success,True,4,-0.8670287132263184,9,30,3.3333333333333335,30,3.3333333333333335,0.022454920552317934,0.022454920552317934,False,True,False,balance_or_other_fall,False,0,-6.337845802307129,4,0,0.0,34,8.5,5.8966035257700815e-08,0.03159495072217765
target_18cm,245,160290000,245,True,False,False,success,True,8,0.46886587142944336,9,0,0.0,35,3.888888888888889,6.309911445501902e-08,0.01788298506714982,False,True,False,toe_riser_under_clearance,True,3,-12.553539276123047,4,50,12.5,50,12.5,0.04548309961954752,0.04548309961954752,False,True,False,toe_riser_under_clearance,True,7,-10.815187454223633,7,50,7.142857142857143,50,7.142857142857143,0.0347429215049194,0.0347429215049194,True,False,False,success,True,8,0.36545228958129883,9,0,0.0,35,3.888888888888889,6.376040431502866e-08,0.017874730776434075
target_18cm,246,160290000,246,False,True,False,toe_riser_under_clearance,True,6,-10.322744369506836,8,0,0.0,57,7.125,6.297503273223184e-08,0.03269489563722661,True,False,False,success,True,5,-3.3710336685180664,9,70,7.777777777777778,70,7.777777777777778,0.030360449715616158,0.030360449715616158,False,True,False,toe_riser_under_clearance,True,6,-20.54644775390625,8,76,9.5,76,9.5,0.05317936837673187,0.05317936837673187,True,False,False,success,True,7,-2.290473461151123,9,0,0.0,55,6.111111111111111,6.534507487491023e-08,0.02552882262638637
target_18cm,247,160290000,247,True,False,False,success,True,8,-1.314462661743164,9,0,0.0,48,5.333333333333333,6.354879939242808e-08,0.021387570340868453,False,True,False,toe_riser_under_clearance,True,5,-5.044636249542236,4,26,6.5,26,6.5,0.026467033245596468,0.026467033245596468,False,True,False,toe_riser_under_clearance,True,4,-4.437979698181152,4,21,5.25,21,5.25,0.020438231803752756,0.020438231803752756,False,True,False,toe_riser_under_clearance,True,6,-17.113853454589844,9,0,0.0,59,6.555555555555555,6.022940782051138e-08,0.021608794921566223
target_18cm,248,160290000,248,False,True,False,balance_or_other_fall,False,0,-4.749643325805664,1,0,0.0,13,13.0,4.993905670690925e-08,0.018767011516234455,True,False,False,success,True,3,-1.8395600318908691,9,48,5.333333333333333,48,5.333333333333333,0.027207854610161494,0.027207854610161494,True,False,False,success,True,4,-0.6883401870727539,9,44,4.888888888888889,44,4.888888888888889,0.02288552454985906,0.02288552454985906,False,True,False,balance_or_other_fall,False,0,-4.715146064758301,1,0,0.0,15,15.0,5.427932758249655e-08,0.02226845365371147
target_18cm,249,160290000,249,True,False,False,success,True,5,0.6098122596740723,9,0,0.0,38,4.222222222222222,6.337786061546057e-08,0.016112639840725248,True,False,False,success,True,7,-1.8989977836608887,9,47,5.222222222222222,47,5.222222222222222,0.02542852744078025,0.02542852744078025,True,False,False,success,True,6,-2.4042277336120605,9,48,5.333333333333333,48,5.333333333333333,0.03036866634350105,0.03036866634350105,True,False,False,success,True,7,-0.41996002197265625,9,0,0.0,38,4.222222222222222,6.300689011740156e-08,0.017334866468680647
target_18cm,250,160290000,250,True,False,False,success,True,7,-4.69191312789917,9,0,0.0,68,7.555555555555555,6.42337859922869e-08,0.02595366228808154,True,False,False,success,True,2,-2.380941390991211,9,60,6.666666666666667,60,6.666666666666667,0.030305926417891597,0.030305926417891597,True,False,False,success,True,2,-2.463839530944824,9,60,6.666666666666667,60,6.666666666666667,0.03032449734702286,0.03032449734702286,True,False,False,success,True,5,-2.016482353210449,9,0,0.0,60,6.666666666666667,6.201309009735599e-08,0.023404188228375984
target_18cm,251,160290000,251,True,False,False,success,True,6,-1.4127774238586426,9,0,0.0,64,7.111111111111111,6.073974349172943e-08,0.022519861641576735,True,False,False,success,True,6,-1.1096405982971191,9,41,4.555555555555555,41,4.555555555555555,0.02148553475566294,0.02148553475566294,False,True,False,toe_riser_under_clearance,True,11,-24.297739028930664,7,114,16.285714285714285,114,16.285714285714285,0.05415884292486942,0.05415884292486942,True,False,False,success,True,5,-3.4762697219848633,9,0,0.0,61,6.777777777777778,6.256614832166664e-08,0.028193190188227062
target_18cm,252,160290000,252,True,False,False,success,True,6,-5.217201232910156,9,0,0.0,57,6.333333333333333,6.613717525427908e-08,0.025927866919566007,True,False,False,success,True,3,-2.149019241333008,9,58,6.444444444444445,58,6.444444444444445,0.031615320695649596,0.031615320695649596,True,False,False,success,True,3,-1.2445955276489258,9,52,5.777777777777778,52,5.777777777777778,0.02918634892648046,0.02918634892648046,False,True,False,toe_riser_under_clearance,True,5,-14.471626281738281,7,0,0.0,63,9.0,7.009601323770666e-08,0.04375217884031843
target_18cm,253,160290000,253,True,False,False,success,True,9,0.17866897583007812,9,0,0.0,31,3.4444444444444446,6.548141901402724e-08,0.012395410428101989,True,False,False,success,True,4,-0.9707241058349609,9,56,6.222222222222222,56,6.222222222222222,0.027076866976015128,0.027076866976015128,True,False,False,success,True,5,-1.150078296661377,9,54,6.0,54,6.0,0.028076857812443356,0.028076857812443356,True,False,False,success,True,5,0.46990013122558594,9,0,0.0,36,4.0,6.511489557072179e-08,0.014644259853022439
target_18cm,254,160290000,254,True,False,False,success,True,6,1.341975450515747,9,0,0.0,41,4.555555555555555,6.316085925714444e-08,0.016597402982475345,True,False,False,success,True,7,-1.569225788116455,9,57,6.333333333333333,57,6.333333333333333,0.028299521986160776,0.028299521986160776,True,False,False,success,True,8,-0.14374971389770508,9,52,5.777777777777778,52,5.777777777777778,0.02386643911145397,0.02386643911145397,True,False,False,success,True,6,1.282275915145874,9,0,0.0,39,4.333333333333333,6.167366079625552e-08,0.01586405838592143
target_18cm,255,160290000,255,False,True,False,toe_riser_under_clearance,True,4,-29.90018081665039,6,0,0.0,78,13.0,6.579706093338241e-08,0.04586683322915512,True,False,False,success,True,6,-0.6708583831787109,9,48,5.333333333333333,48,5.333333333333333,0.0250973026502078,0.0250973026502078,True,False,False,success,True,5,-0.5345196723937988,9,45,5.0,45,5.0,0.02208574258597793,0.02208574258597793,False,True,False,balance_or_other_fall,False,0,-8.93895149230957,3,0,0.0,32,10.666666666666666,5.985216174235687e-08,0.04262360915761863
target_18cm,256,160290001,0,True,False,False,success,True,8,-0.9595646858215332,9,0,0.0,46,5.111111111111111,6.265151265931005e-08,0.018405323028564454,False,True,False,toe_riser_under_clearance,True,4,-5.654832363128662,3,26,8.666666666666666,26,8.666666666666666,0.026950748150165266,0.026950748150165266,False,True,False,toe_riser_under_clearance,True,3,-5.3964080810546875,3,25,8.333333333333334,25,8.333333333333334,0.02682641855220205,0.02682641855220205,True,False,False,success,True,7,0.032436370849609375,9,0,0.0,45,5.0,6.198014388145465e-08,0.016924947754949585
target_18cm,257,160290001,1,True,False,False,success,True,5,0.10543632507324219,9,0,0.0,49,5.444444444444445,6.226547070900592e-08,0.019870832623768247,True,False,False,success,True,6,-0.10636568069458008,9,41,4.555555555555555,41,4.555555555555555,0.019615342836563795,0.019615342836563795,True,False,False,success,True,6,-0.6190381050109863,9,45,5.0,45,5.0,0.023416046743039733,0.023416046743039733,True,False,False,success,True,6,-1.4509882926940918,9,0,0.0,60,6.666666666666667,6.254919382892776e-08,0.025084321445674008
target_18cm,258,160290001,2,True,False,False,success,True,13,-2.403374195098877,9,0,0.0,70,7.777777777777778,6.147698167169902e-08,0.030560139354413526,True,False,False,success,True,5,-3.4278578758239746,9,39,4.333333333333333,39,4.333333333333333,0.02665402002380666,0.02665402002380666,True,False,False,success,True,6,-0.4946928024291992,9,37,4.111111111111111,37,4.111111111111111,0.021451621952623425,0.021451621952623425,False,True,False,toe_riser_under_clearance,True,13,-14.16940689086914,8,0,0.0,63,7.875,6.308666917519939e-08,0.038157974568225984
target_18cm,259,160290001,3,False,True,False,toe_riser_under_clearance,True,2,-14.407634735107422,1,0,0.0,34,34.0,5.1371486741615634e-08,0.04061085953671708,False,True,False,toe_riser_under_clearance,True,1,-4.63439416885376,2,24,12.0,24,12.0,0.023890059569786334,0.023890059569786334,False,True,False,toe_riser_under_clearance,True,1,-6.11328125,2,30,15.0,30,15.0,0.03616117334913933,0.03616117334913933,False,True,False,toe_riser_under_clearance,True,3,-13.662776947021484,1,0,0.0,38,38.0,5.50361829272543e-08,0.038132573804284774
target_18cm,260,160290001,4,False,True,False,toe_riser_under_clearance,True,6,-14.134309768676758,8,0,0.0,65,8.125,6.370781560922586e-08,0.04414675083566219,True,False,False,success,True,8,-5.658438682556152,9,71,7.888888888888889,71,7.888888888888889,0.029486136792570297,0.029486136792570297,False,True,False,toe_riser_under_clearance,True,9,-14.94633674621582,8,77,9.625,77,9.625,0.0412580928932833,0.0412580928932833,True,False,False,success,True,6,-6.053024768829346,9,0,0.0,85,9.444444444444445,6.620729440046523e-08,0.03508612502545008
target_18cm,261,160290001,5,False,True,False,toe_riser_under_clearance,True,3,-6.686920642852783,5,0,0.0,32,6.4,6.134358023435654e-08,0.028752626195127664,True,False,False,success,True,7,-0.8436679840087891,9,51,5.666666666666667,51,5.666666666666667,0.02290560445214948,0.02290560445214948,True,False,False,success,True,7,-1.6409316062927246,9,59,6.555555555555555,59,6.555555555555555,0.027434450811920804,0.027434450811920804,False,True,False,toe_riser_under_clearance,True,3,-8.165952682495117,5,0,0.0,33,6.6,5.987414476053066e-08,0.0372685685449717
target_18cm,262,160290001,6,False,True,False,toe_riser_under_clearance,True,2,-7.854753494262695,6,0,0.0,35,5.833333333333333,6.24054991292947e-08,0.029285216749760142,True,False,False,success,True,4,-2.833852767944336,9,45,5.0,45,5.0,0.02886212486581704,0.02886212486581704,True,False,False,success,True,4,-0.7083287239074707,9,45,5.0,45,5.0,0.025789081091168283,0.025789081091168283,True,False,False,success,True,2,-0.10399484634399414,9,0,0.0,39,4.333333333333333,6.199953294726323e-08,0.018264461102182127
target_18cm,263,160290001,7,False,True,False,toe_riser_under_clearance,True,5,-9.121854782104492,8,0,0.0,56,7.0,6.46981663222932e-08,0.03164138848912132,True,False,False,success,True,1,-4.021010875701904,9,41,4.555555555555555,41,4.555555555555555,0.03317384745416309,0.03317384745416309,True,False,False,success,True,3,-4.587251663208008,9,43,4.777777777777778,43,4.777777777777778,0.034841698121259555,0.034841698121259555,False,True,False,toe_riser_under_clearance,True,9,-10.571577072143555,9,0,0.0,56,6.222222222222222,6.524209557786283e-08,0.029721366862456005
target_18cm,264,160290001,8,False,True,False,toe_riser_under_clearance,True,3,-6.877497673034668,6,0,0.0,35,5.833333333333333,6.190229379621688e-08,0.027415183939543484,True,False,False,success,True,7,-0.06830263137817383,9,45,5.0,45,5.0,0.024062824029019467,0.024062824029019467,True,False,False,success,True,8,0.03289175033569336,9,46,5.111111111111111,46,5.111111111111111,0.024268813658095634,0.024268813658095634,False,True,False,toe_riser_under_clearance,True,2,-6.624589920043945,6,0,0.0,34,5.666666666666667,6.279001354414505e-08,0.027138277462550573
target_18cm,265,160290001,9,True,False,False,success,True,7,-0.47007131576538086,9,0,0.0,42,4.666666666666667,6.115688678071027e-08,0.021751533855091442,True,False,False,success,True,6,-2.3455862998962402,9,75,8.333333333333334,75,8.333333333333334,0.030004362759125165,0.030004362759125165,True,False,False,success,True,8,-0.059651851654052734,9,48,5.333333333333333,48,5.333333333333333,0.02168041675732121,0.02168041675732121,True,False,False,success,True,7,-0.026715755462646484,9,0,0.0,43,4.777777777777778,6.174839471136818e-08,0.020700568452887577
target_18cm,266,160290001,10,True,False,False,success,True,7,0.5936627388000488,9,0,0.0,36,4.0,6.451417263582e-08,0.014443950361560005,True,False,False,success,True,6,-2.576798439025879,9,56,6.222222222222222,56,6.222222222222222,0.02640046378378926,0.02640046378378926,True,False,False,success,True,2,-3.5848541259765625,9,56,6.222222222222222,56,6.222222222222222,0.029237424377846506,0.029237424377846506,False,True,False,toe_riser_under_clearance,True,3,-8.89163589477539,6,0,0.0,44,7.333333333333333,6.756473254357247e-08,0.03672367521279365
target_18cm,267,160290001,11,True,False,False,success,True,10,-5.598940372467041,9,0,0.0,75,8.333333333333334,6.426596525523206e-08,0.031040318806966147,True,False,False,success,True,8,-7.194490432739258,9,72,8.0,72,8.0,0.034392858536067945,0.034392858536067945,True,False,False,success,True,12,-7.936614036560059,9,75,8.333333333333334,75,8.333333333333334,0.036946363706846494,0.036946363706846494,True,False,False,success,True,5,-2.196467876434326,9,0,0.0,60,6.666666666666667,6.349269976678795e-08,0.02262838875375143
target_18cm,268,160290001,12,True,False,False,success,True,7,-2.1282143592834473,9,0,0.0,56,6.222222222222222,6.1590575744257e-08,0.02748621802144743,False,True,False,toe_riser_under_clearance,True,7,-8.162830352783203,7,32,4.571428571428571,32,4.571428571428571,0.02616865282615845,0.02616865282615845,False,True,False,toe_riser_under_clearance,True,6,-7.604040145874023,7,30,4.285714285714286,30,4.285714285714286,0.025561780145723526,0.025561780145723526,True,False,False,success,True,4,-2.0552563667297363,9,0,0.0,56,6.222222222222222,6.631835080903544e-08,0.027341040744576404
target_18cm,269,160290001,13,True,False,False,success,True,7,-3.440873146057129,9,0,0.0,79,8.777777777777779,5.986241256789173e-08,0.029391519751103278,True,False,False,success,True,5,-1.384016990661621,9,51,5.666666666666667,51,5.666666666666667,0.027162379385775686,0.027162379385775686,True,False,False,success,True,6,-1.408698558807373,9,51,5.666666666666667,51,5.666666666666667,0.02754314406579282,0.02754314406579282,False,True,False,toe_riser_under_clearance,True,8,-11.218507766723633,9,0,0.0,78,8.666666666666666,6.26449462365696e-08,0.03279751919685526
target_18cm,270,160290001,14,True,False,False,success,True,8,-1.4583234786987305,9,0,0.0,45,5.0,6.623700342082608e-08,0.02615481191336826,True,False,False,success,True,7,-1.9053258895874023,9,45,5.0,45,5.0,0.027456894726820395,0.027456894726820395,True,False,False,success,True,6,-5.912814140319824,9,52,5.777777777777778,52,5.777777777777778,0.0359971888744048,0.0359971888744048,True,False,False,success,True,6,-0.43120527267456055,9,0,0.0,38,4.222222222222222,6.705245099627464e-08,0.01860283930367286
target_18cm,271,160290001,15,False,True,False,toe_riser_under_clearance,True,4,-7.318641662597656,6,0,0.0,42,7.0,6.354877908821576e-08,0.027155964191143328,True,False,False,success,True,8,-0.7523746490478516,9,41,4.555555555555555,41,4.555555555555555,0.021955481051266053,0.021955481051266053,True,False,False,success,True,8,-0.45862245559692383,9,39,4.333333333333333,39,4.333333333333333,0.021339510343713126,0.021339510343713126,False,True,False,toe_riser_under_clearance,True,4,-7.6655778884887695,6,0,0.0,44,7.333333333333333,6.61967855054312e-08,0.028850018427922175
target_18cm,272,160290001,16,True,False,False,success,True,6,-0.8575382232666016,9,0,0.0,53,5.888888888888889,6.533875007076356e-08,0.023987281613233612,True,False,False,success,True,6,-2.5571579933166504,9,56,6.222222222222222,56,6.222222222222222,0.031357084303896075,0.031357084303896075,False,True,False,toe_riser_under_clearance,True,11,-23.35137176513672,9,59,6.555555555555555,59,6.555555555555555,0.03368863557514391,0.03368863557514391,True,False,False,success,True,6,0.05226612091064453,9,0,0.0,42,4.666666666666667,6.380139563372257e-08,0.0193864521886379
target_18cm,273,160290001,17,True,False,False,success,True,7,-4.480433940887451,9,0,0.0,55,6.111111111111111,6.531366252885895e-08,0.02923272181725449,True,False,False,success,True,6,-1.2934603691101074,9,52,5.777777777777778,52,5.777777777777778,0.03070707524076421,0.03070707524076421,True,False,False,success,True,5,-2.1010007858276367,9,54,6.0,54,6.0,0.03285318626881752,0.03285318626881752,True,False,False,success,True,6,-3.5800890922546387,9,0,0.0,56,6.222222222222222,6.481484205240391e-08,0.028003640570494807
target_18cm,274,160290001,18,False,True,False,toe_riser_under_clearance,True,1,-7.209932327270508,2,0,0.0,29,14.5,5.806518434912936e-08,0.03586029760616342,True,False,False,success,True,6,-1.4020423889160156,9,62,6.888888888888889,62,6.888888888888889,0.024904840132769418,0.024904840132769418,True,False,False,success,True,5,-4.597519874572754,9,62,6.888888888888889,62,6.888888888888889,0.024512261203917928,0.024512261203917928,True,False,False,success,True,3,-2.459327220916748,9,0,0.0,66,7.333333333333333,6.502618659929982e-08,0.02504592928393134
target_18cm,275,160290001,19,True,False,False,success,True,10,-0.0651998519897461,9,0,0.0,67,7.444444444444445,6.275109003868525e-08,0.022471852345509573,False,True,False,toe_riser_under_clearance,True,2,-8.446560859680176,6,36,6.0,36,6.0,0.03410258255605623,0.03410258255605623,False,True,False,toe_riser_under_clearance,True,2,-8.525863647460938,6,37,6.166666666666667,37,6.166666666666667,0.034991880101481763,0.034991880101481763,True,False,False,success,True,12,-0.5908770561218262,9,0,0.0,64,7.111111111111111,6.081449455672466e-08,0.023321337816191882
target_18cm,276,160290001,20,True,False,False,success,True,6,-1.8709592819213867,9,0,0.0,54,6.0,6.434097931738577e-08,0.023121143789852368,False,True,False,toe_riser_under_clearance,True,1,-13.607084274291992,1,27,27.0,27,27.0,0.03798350135048667,0.03798350135048667,False,True,False,toe_riser_under_clearance,True,2,-14.615877151489258,1,31,31.0,31,31.0,0.04269501600372658,0.04269501600372658,True,False,False,success,True,6,-1.5355238914489746,9,0,0.0,41,4.555555555555555,6.497326100277695e-08,0.019837183226283195
target_18cm,277,160290001,21,True,False,False,success,True,8,-3.4388985633850098,9,0,0.0,65,7.222222222222222,6.284007454260362e-08,0.027776303097634528,True,False,False,success,True,7,-2.0753064155578613,9,55,6.111111111111111,55,6.111111111111111,0.028688074693147717,0.028688074693147717,True,False,False,success,True,6,-3.085339069366455,9,58,6.444444444444445,58,6.444444444444445,0.031843374108755464,0.031843374108755464,True,False,False,success,True,10,-1.243682861328125,9,0,0.0,54,6.0,6.433720916770113e-08,0.02260098694841524
target_18cm,278,160290001,22,True,False,False,success,True,5,1.1902406215667725,9,0,0.0,35,3.888888888888889,6.529116865095332e-08,0.017572319298459774,True,False,False,success,True,6,-1.9644131660461426,9,52,5.777777777777778,52,5.777777777777778,0.02992654661846976,0.02992654661846976,True,False,False,success,True,3,-3.60087251663208,9,57,6.333333333333333,57,6.333333333333333,0.03555300716678472,0.03555300716678472,True,False,False,success,True,6,1.0092737674713135,9,0,0.0,36,4.0,6.144492445572049e-08,0.015532313088173808
target_18cm,279,160290001,23,True,False,False,success,True,7,-0.7319202423095703,9,0,0.0,44,4.888888888888889,6.357184296146424e-08,0.019694070746428774,True,False,False,success,True,8,-2.7218198776245117,9,53,5.888888888888889,53,5.888888888888889,0.02673812724617371,0.02673812724617371,False,True,False,toe_riser_under_clearance,True,7,-17.61327362060547,7,66,9.428571428571429,66,9.428571428571429,0.06577512829802758,0.06577512829802758,True,False,False,success,True,10,-0.05324363708496094,9,0,0.0,49,5.444444444444445,6.237958122243785e-08,0.019103094344622238
target_18cm,280,160290001,24,False,True,False,toe_riser_under_clearance,True,18,-20.138418197631836,9,0,0.0,94,10.444444444444445,6.256994930771435e-08,0.05381146525288676,False,True,False,toe_riser_under_clearance,True,3,-5.780550003051758,4,27,6.75,27,6.75,0.03585311462139261,0.03585311462139261,True,False,False,success,True,9,-0.8136191368103027,9,45,5.0,45,5.0,0.02346104771257883,0.02346104771257883,False,True,False,toe_riser_under_clearance,True,17,-13.77757740020752,9,0,0.0,82,9.11111111111111,6.140011162120544e-08,0.04314572067086952
target_18cm,281,160290001,25,False,True,False,toe_riser_under_clearance,True,8,-9.062896728515625,6,0,0.0,46,7.666666666666667,5.796192734497904e-08,0.031416753370813864,False,True,False,toe_riser_under_clearance,True,2,-6.371184825897217,4,31,7.75,31,7.75,0.03524832103563392,0.03524832103563392,False,True,False,toe_riser_under_clearance,True,4,-12.09133529663086,7,58,8.285714285714286,58,8.285714285714286,0.06416401642047806,0.06416401642047806,False,True,False,toe_riser_under_clearance,True,4,-9.259183883666992,6,0,0.0,44,7.333333333333333,6.019572678129547e-08,0.027397035452035756
target_18cm,282,160290001,26,False,True,False,toe_riser_under_clearance,True,8,-10.487929344177246,8,0,0.0,49,6.125,6.738974277530198e-08,0.030268018327047192,True,False,False,success,True,6,-3.630774974822998,9,52,5.777777777777778,52,5.777777777777778,0.03471333271748311,0.03471333271748311,True,False,False,success,True,9,-1.7311978340148926,9,52,5.777777777777778,52,5.777777777777778,0.02845954079913278,0.02845954079913278,True,False,False,success,True,8,0.9646611213684082,9,0,0.0,44,4.888888888888889,5.922185528390264e-08,0.018210886917590104
target_18cm,283,160290001,27,True,False,False,success,True,4,0.629295825958252,9,0,0.0,41,4.555555555555555,6.011682869385644e-08,0.018418676956840182,True,False,False,success,True,8,-4.499144554138184,9,64,7.111111111111111,64,7.111111111111111,0.032549347347683374,0.032549347347683374,True,False,False,success,True,5,-2.171584129333496,9,50,5.555555555555555,50,5.555555555555555,0.02762956859318015,0.02762956859318015,True,False,False,success,True,3,0.39635276794433594,9,0,0.0,43,4.777777777777778,6.550581670929814e-08,0.019891822098085543
target_18cm,284,160290001,28,True,False,False,success,True,5,-1.3136248588562012,9,0,0.0,43,4.777777777777778,6.447954912681925e-08,0.02199094763426023,True,False,False,success,True,4,-2.5734591484069824,9,49,5.444444444444445,49,5.444444444444445,0.026036707840301918,0.026036707840301918,True,False,False,success,True,4,-2.2218117713928223,9,49,5.444444444444445,49,5.444444444444445,0.025742532905012237,0.025742532905012237,True,False,False,success,True,8,-0.21671724319458008,9,0,0.0,64,7.111111111111111,6.22726235489704e-08,0.025600688177564366
target_18cm,285,160290001,29,False,True,False,balance_or_other_fall,False,0,-5.263175010681152,1,0,0.0,16,16.0,5.789857524761638e-08,0.026513459077521936,False,True,False,toe_riser_under_clearance,True,11,-12.042421340942383,9,60,6.666666666666667,60,6.666666666666667,0.03724703107561384,0.03724703107561384,False,True,False,toe_riser_under_clearance,True,9,-14.678023338317871,8,71,8.875,71,8.875,0.04891719467683727,0.04891719467683727,False,True,False,balance_or_other_fall,False,0,-5.649543285369873,1,0,0.0,16,16.0,5.366878688062625e-08,0.0266918086293918
target_18cm,286,160290001,30,False,True,False,toe_riser_under_clearance,True,2,-6.56133508682251,1,0,0.0,27,27.0,5.476920744948312e-08,0.024173539617787235,True,False,False,success,True,6,0.9629979133605957,9,33,3.6666666666666665,33,3.6666666666666665,0.01591991670060866,0.01591991670060866,True,False,False,success,True,7,0.8803935050964355,9,32,3.5555555555555554,32,3.5555555555555554,0.015602319547445467,0.015602319547445467,False,True,False,toe_riser_under_clearance,True,1,-6.591740608215332,1,0,0.0,27,27.0,5.2611460926962776e-08,0.023961165676946224
target_18cm,287,160290001,31,True,False,False,success,True,4,-0.47073888778686523,9,0,0.0,42,4.666666666666667,6.589965714156118e-08,0.01996854862103662,False,True,False,toe_riser_under_clearance,True,6,-7.474215507507324,4,36,9.0,36,9.0,0.03384134933533456,0.03384134933533456,False,True,False,toe_riser_under_clearance,True,6,-7.477754592895508,4,36,9.0,36,9.0,0.03383912538227282,0.03383912538227282,True,False,False,success,True,4,-1.6349167823791504,9,0,0.0,48,5.333333333333333,6.602491280623211e-08,0.022916580182575464
target_18cm,288,160290001,32,False,True,False,toe_riser_under_clearance,True,8,-9.321924209594727,6,0,0.0,53,8.833333333333334,5.8776428189745485e-08,0.02802412850516183,True,False,False,success,True,4,0.11338329315185547,9,31,3.4444444444444446,31,3.4444444444444446,0.017240307657851787,0.017240307657851787,True,False,False,success,True,4,0.14503717422485352,9,39,4.333333333333333,39,4.333333333333333,0.020309743482884963,0.020309743482884963,False,True,False,toe_riser_under_clearance,True,6,-10.99212646484375,6,0,0.0,57,9.5,6.18665102305577e-08,0.030553408672935083
target_18cm,289,160290001,33,True,False,False,success,True,5,0.5308036804199219,9,0,0.0,41,4.555555555555555,6.220456076342299e-08,0.02046783274583856,False,True,False,toe_riser_under_clearance,True,1,-17.704166412353516,1,41,41.0,41,41.0,0.06429661426347555,0.06429661426347555,False,True,False,toe_riser_under_clearance,True,1,-17.872743606567383,1,42,42.0,42,42.0,0.06304423179033507,0.06304423179033507,False,True,False,toe_riser_under_clearance,True,7,-10.265318870544434,6,0,0.0,50,8.333333333333334,5.887330589126903e-08,0.03126051522403783
target_18cm,290,160290001,34,True,False,False,success,True,6,-12.862552642822266,9,0,0.0,94,10.444444444444445,6.285975824949111e-08,0.026307972332903447,True,False,False,success,True,8,-3.628053665161133,9,58,6.444444444444445,58,6.444444444444445,0.031066441587892752,0.031066441587892752,True,False,False,success,True,9,-2.7791948318481445,9,53,5.888888888888889,53,5.888888888888889,0.02928371103400858,0.02928371103400858,False,True,False,toe_riser_under_clearance,True,7,-11.273232460021973,4,0,0.0,51,12.75,5.828307507727004e-08,0.023062610626220705
target_18cm,291,160290001,35,False,True,False,toe_riser_under_clearance,True,3,-4.353375434875488,2,0,0.0,18,9.0,5.486128429765813e-08,0.018658588727315267,True,False,False,success,True,5,-4.0061516761779785,9,54,6.0,54,6.0,0.024717980321743147,0.024717980321743147,True,False,False,success,True,5,-3.7530789375305176,9,59,6.555555555555555,59,6.555555555555555,0.03204379060343242,0.03204379060343242,False,True,False,toe_riser_under_clearance,True,3,-4.342747211456299,2,0,0.0,18,9.0,5.9361749057037136e-08,0.018658777872721355
target_18cm,292,160290001,36,False,True,False,toe_riser_under_clearance,True,4,-5.98916482925415,4,0,0.0,29,7.25,5.5437281103136395e-08,0.025778366459740534,True,False,False,success,True,4,-1.9058523178100586,9,52,5.777777777777778,52,5.777777777777778,0.028306683407554142,0.028306683407554142,True,False,False,success,True,8,-0.18785667419433594,9,38,4.222222222222222,38,4.222222222222222,0.017767108890806554,0.017767108890806554,False,True,False,toe_riser_under_clearance,True,4,-5.693312168121338,4,0,0.0,29,7.25,6.025334082362521e-08,0.024914750305738316
target_18cm,293,160290001,37,True,False,False,success,True,4,-1.0611953735351562,9,0,0.0,49,5.444444444444445,6.361683894165477e-08,0.020328617735997142,False,True,False,toe_riser_under_clearance,True,4,-8.749959945678711,7,35,5.0,35,5.0,0.034490359726772515,0.034490359726772515,True,False,False,success,True,5,-4.337284088134766,9,53,5.888888888888889,53,5.888888888888889,0.037112720903143825,0.037112720903143825,True,False,False,success,True,11,-2.1722311973571777,9,0,0.0,50,5.555555555555555,6.372756691067239e-08,0.0227432468169471
target_18cm,294,160290001,38,False,True,False,toe_riser_under_clearance,True,11,-12.429306030273438,8,0,0.0,54,6.75,6.361766998056525e-08,0.033392631945832404,True,False,False,success,True,10,-2.7399516105651855,9,38,4.222222222222222,38,4.222222222222222,0.01989258742194111,0.01989258742194111,True,False,False,success,True,7,-0.5175318717956543,9,44,4.888888888888889,44,4.888888888888889,0.02366296644996694,0.02366296644996694,False,True,False,toe_riser_under_clearance,True,10,-11.007345199584961,8,0,0.0,57,7.125,6.19189564217277e-08,0.033008842568122906
target_18cm,295,160290001,39,False,True,False,toe_riser_under_clearance,True,8,-13.7054443359375,9,0,0.0,50,5.555555555555555,6.477308228828146e-08,0.028362523941766648,True,False,False,success,True,3,-6.51113748550415,9,59,6.555555555555555,59,6.555555555555555,0.03832551314367502,0.03832551314367502,True,False,False,success,True,4,-5.987504005432129,9,52,5.777777777777778,52,5.777777777777778,0.03380178506517093,0.03380178506517093,False,True,False,toe_riser_under_clearance,True,10,-13.074298858642578,9,0,0.0,46,5.111111111111111,6.35892313526781e-08,0.02636622920740603
target_18cm,296,160290001,40,False,True,False,toe_riser_under_clearance,True,4,-13.057083129882812,7,0,0.0,54,7.714285714285714,6.079249097113039e-08,0.039821831609161806,False,True,False,toe_riser_under_clearance,True,10,-16.494869232177734,9,68,7.555555555555555,68,7.555555555555555,0.03081375871385847,0.03081375871385847,False,True,False,toe_riser_under_clearance,True,1,-8.380126953125,3,31,10.333333333333334,31,10.333333333333334,0.027659893035888672,0.027659893035888672,True,False,False,success,True,4,-0.19167566299438477,9,0,0.0,49,5.444444444444445,6.312524895589897e-08,0.022769657158222933
target_18cm,297,160290001,41,True,False,False,success,True,6,-1.241438865661621,9,0,0.0,56,6.222222222222222,6.59525213473572e-08,0.025483400393755008,True,False,False,success,True,7,-1.438967227935791,9,44,4.888888888888889,44,4.888888888888889,0.026591105120522634,0.026591105120522634,True,False,False,success,True,6,-2.8899106979370117,9,54,6.0,54,6.0,0.029041991274580996,0.029041991274580996,True,False,False,success,True,10,0.9172344207763672,9,0,0.0,46,5.111111111111111,6.016287935174235e-08,0.019777746159631297
target_18cm,298,160290001,42,True,False,False,success,True,11,-2.5808095932006836,9,0,0.0,46,5.111111111111111,6.407518202859837e-08,0.021178296896127553,True,False,False,success,True,6,-0.7036476135253906,9,41,4.555555555555555,41,4.555555555555555,0.022556293738280105,0.022556293738280105,True,False,False,success,True,6,-0.9159760475158691,9,41,4.555555555555555,41,4.555555555555555,0.021520657059180374,0.021520657059180374,True,False,False,success,True,4,-1.7279820442199707,9,0,0.0,48,5.333333333333333,6.461871460283308e-08,0.021833432158435136
target_18cm,299,160290001,43,True,False,False,success,True,7,-1.5037555694580078,9,0,0.0,48,5.333333333333333,6.484144434430038e-08,0.02259596115952238,True,False,False,success,True,8,-6.5466532707214355,9,67,7.444444444444445,67,7.444444444444445,0.035293337213274344,0.035293337213274344,True,False,False,success,True,6,-1.648068904876709,9,54,6.0,54,6.0,0.02716634698110084,0.02716634698110084,True,False,False,success,True,6,-7.951957702636719,9,0,0.0,72,8.0,6.503103077374547e-08,0.0299671921597059
target_18cm,300,160290001,44,False,True,False,toe_riser_under_clearance,True,9,-11.89204216003418,9,0,0.0,43,4.777777777777778,6.722813140652029e-08,0.02561886950236995,True,False,False,success,True,9,-4.448452949523926,9,46,5.111111111111111,46,5.111111111111111,0.02288575836869537,0.02288575836869537,True,False,False,success,True,10,-0.7587475776672363,9,42,4.666666666666667,42,4.666666666666667,0.016868440212045678,0.016868440212045678,True,False,False,success,True,5,-1.1936326026916504,9,0,0.0,50,5.555555555555555,6.390916975239689e-08,0.022955590020274513
target_18cm,301,160290001,45,True,False,False,success,True,8,-2.6171507835388184,9,0,0.0,57,6.333333333333333,6.510371988925087e-08,0.021941815744532217,True,False,False,success,True,5,-1.0921440124511719,9,49,5.444444444444445,49,5.444444444444445,0.02628212016471813,0.02628212016471813,True,False,False,success,True,3,-0.30235958099365234,9,46,5.111111111111111,46,5.111111111111111,0.02627854703742767,0.02627854703742767,True,False,False,success,True,6,-2.3234519958496094,9,0,0.0,55,6.111111111111111,6.261259179816327e-08,0.0231307636607777
target_18cm,302,160290001,46,False,True,False,toe_riser_under_clearance,True,7,-7.419511795043945,6,0,0.0,37,6.166666666666667,6.318183848428681e-08,0.028123292821877414,True,False,False,success,True,6,-3.764037609100342,9,54,6.0,54,6.0,0.032313906628152596,0.032313906628152596,True,False,False,success,True,9,-3.9042859077453613,9,57,6.333333333333333,57,6.333333333333333,0.03206543715103813,0.03206543715103813,False,True,False,toe_riser_under_clearance,True,5,-7.838376045227051,7,0,0.0,40,5.714285714285714,6.181738946118172e-08,0.028226506748631548
target_18cm,303,160290001,47,False,True,False,toe_riser_under_clearance,True,8,-12.236673355102539,4,0,0.0,36,9.0,6.488576786978228e-08,0.03983373301369803,True,False,False,success,True,11,-0.1777191162109375,9,53,5.888888888888889,53,5.888888888888889,0.022292732223262633,0.022292732223262633,True,False,False,success,True,10,-0.44168996810913086,9,48,5.333333333333333,48,5.333333333333333,0.021193600099954645,0.021193600099954645,False,True,False,toe_riser_under_clearance,True,2,-10.492585182189941,4,0,0.0,34,8.5,5.619152910306767e-08,0.03703815706314579
target_18cm,304,160290001,48,True,False,False,success,True,3,-4.270415306091309,9,0,0.0,59,6.555555555555555,6.423864654879979e-08,0.024817307470310142,False,True,False,toe_riser_under_clearance,True,3,-12.144378662109375,1,26,26.0,26,26.0,0.0390117417934329,0.0390117417934329,False,True,False,toe_riser_under_clearance,True,4,-16.56911277770996,1,34,34.0,34,34.0,0.051860296207925545,0.051860296207925545,True,False,False,success,True,3,-1.3956503868103027,9,0,0.0,46,5.111111111111111,6.18735351020371e-08,0.021754227302692556
target_18cm,305,160290001,49,False,True,False,toe_riser_under_clearance,True,1,-6.1998820304870605,2,0,0.0,24,12.0,5.5569052417111776e-08,0.03194358549922346,True,False,False,success,True,5,0.34183502197265625,9,33,3.6666666666666665,33,3.6666666666666665,0.018998915305877762,0.018998915305877762,True,False,False,success,True,7,0.2897939682006836,9,34,3.7777777777777777,34,3.7777777777777777,0.019812159801847373,0.019812159801847373,False,True,False,toe_riser_under_clearance,True,1,-6.206042289733887,2,0,0.0,24,12.0,5.7987607026708325e-08,0.031944924090282024
target_18cm,306,160290001,50,False,True,False,toe_riser_under_clearance,True,7,-14.02306079864502,5,0,0.0,54,10.8,6.410363708893584e-08,0.03042033730345593,True,False,False,success,True,9,-6.384693622589111,9,46,5.111111111111111,46,5.111111111111111,0.024503207314607783,0.024503207314607783,False,True,False,toe_riser_under_clearance,True,8,-19.861351013183594,9,83,9.222222222222221,83,9.222222222222221,0.05643369162954935,0.05643369162954935,False,True,False,toe_riser_under_clearance,True,7,-21.03618049621582,8,0,0.0,84,10.5,5.897317805647617e-08,0.054508304595947264
target_18cm,307,160290001,51,False,True,False,toe_riser_under_clearance,True,3,-7.544663429260254,4,0,0.0,39,9.75,5.698582345776602e-08,0.03612651435696349,True,False,False,success,True,6,0.5246233940124512,9,52,5.777777777777778,52,5.777777777777778,0.023171313446347076,0.023171313446347076,True,False,False,success,True,7,-3.934217929840088,9,54,6.0,54,6.0,0.03432837805647482,0.03432837805647482,True,False,False,success,True,8,-4.336662292480469,9,0,0.0,67,7.444444444444445,6.583570321901899e-08,0.027470525467034542
target_18cm,308,160290001,52,True,False,False,success,True,8,-1.1592378616333008,9,0,0.0,78,8.666666666666666,6.147077710637967e-08,0.028507347963428662,True,False,False,success,True,6,-0.3913273811340332,9,55,6.111111111111111,55,6.111111111111111,0.024442811726558548,0.024442811726558548,False,True,False,toe_riser_under_clearance,True,2,-5.199308395385742,3,24,8.0,24,8.0,0.023001777629057567,0.023001777629057567,True,False,False,success,True,9,-1.3598871231079102,9,0,0.0,66,7.333333333333333,6.135508595869633e-08,0.025834954303243885
target_18cm,309,160290001,53,True,False,False,success,True,5,-1.1237077713012695,9,0,0.0,48,5.333333333333333,6.360930921365013e-08,0.02462019019412555,False,True,False,toe_riser_under_clearance,True,15,-41.31173324584961,5,114,22.8,114,22.8,0.17213302132971,0.17213302132971,False,True,False,toe_riser_under_clearance,True,6,-14.495928764343262,1,39,39.0,39,39.0,0.038101061153025764,0.038101061153025764,True,False,False,success,True,6,-1.0598816871643066,9,0,0.0,50,5.555555555555555,6.312259340459497e-08,0.02572917938232422
target_18cm,310,160290001,54,False,True,False,toe_riser_under_clearance,True,5,-6.961812973022461,7,0,0.0,36,5.142857142857143,5.837653654715865e-08,0.02344036102294922,False,True,False,toe_riser_under_clearance,True,1,-14.734245300292969,3,35,11.666666666666666,35,11.666666666666666,0.055447004373791145,0.055447004373791145,False,True,False,toe_riser_under_clearance,True,1,-14.537013053894043,3,35,11.666666666666666,35,11.666666666666666,0.05508103557661468,0.05508103557661468,True,False,False,success,True,7,-0.4259624481201172,9,0,0.0,57,6.333333333333333,6.464627459740304e-08,0.02405597141810826
target_18cm,311,160290001,55,False,True,False,toe_riser_under_clearance,True,7,-9.24515151977539,8,0,0.0,63,7.875,6.285585039796211e-08,0.031204431156074505,False,True,False,toe_riser_under_clearance,True,5,-8.23547649383545,7,40,5.714285714285714,40,5.714285714285714,0.029132229050779654,0.029132229050779654,False,True,False,toe_riser_under_clearance,True,6,-8.803415298461914,7,43,6.142857142857143,43,6.142857142857143,0.032476970572876775,0.032476970572876775,False,True,False,toe_riser_under_clearance,True,5,-9.56203842163086,9,0,0.0,51,5.666666666666667,6.113107710651764e-08,0.024301718739629947
target_18cm,312,160290001,56,True,False,False,success,True,4,-1.790557861328125,9,0,0.0,43,4.777777777777778,6.600883394618915e-08,0.019302819789141074,True,False,False,success,True,7,-4.5063886642456055,9,58,6.444444444444445,58,6.444444444444445,0.02415928934134689,0.02415928934134689,False,True,False,toe_riser_under_clearance,True,16,-23.01879119873047,5,93,18.6,93,18.6,0.040077113921472333,0.040077113921472333,True,False,False,success,True,4,-1.6774849891662598,9,0,0.0,42,4.666666666666667,6.530587427671912e-08,0.01901139618342798
target_18cm,313,160290001,57,False,True,False,toe_riser_under_clearance,True,9,-11.645528793334961,9,0,0.0,40,4.444444444444445,6.797734433301277e-08,0.023479213962307226,True,False,False,success,True,5,-0.6694016456604004,9,38,4.222222222222222,38,4.222222222222222,0.023927498824650454,0.023927498824650454,True,False,False,success,True,3,-2.6686553955078125,9,56,6.222222222222222,56,6.222222222222222,0.03029905108243025,0.03029905108243025,False,True,False,toe_riser_under_clearance,True,6,-9.868940353393555,9,0,0.0,52,5.777777777777778,6.710074330240212e-08,0.0271516563395397
target_18cm,314,160290001,58,True,False,False,success,True,6,0.49970579147338867,9,0,0.0,38,4.222222222222222,6.751562303301845e-08,0.015538030487854931,True,False,False,success,True,3,-12.823657989501953,9,75,8.333333333333334,75,8.333333333333334,0.051538879917316316,0.051538879917316316,True,False,False,success,True,5,-9.52501106262207,9,67,7.444444444444445,67,7.444444444444445,0.04184120209490667,0.04184120209490667,True,False,False,success,True,5,-2.012618064880371,9,0,0.0,46,5.111111111111111,6.865238468717074e-08,0.02352029936654227
target_18cm,315,160290001,59,True,False,False,success,True,7,-2.4722542762756348,9,0,0.0,58,6.444444444444445,6.447386141584671e-08,0.02527272162596697,True,False,False,success,True,7,-3.4252939224243164,9,55,6.111111111111111,55,6.111111111111111,0.03241746007548689,0.03241746007548689,True,False,False,success,True,7,-1.052114486694336,9,55,6.111111111111111,55,6.111111111111111,0.024435665732935857,0.024435665732935857,True,False,False,success,True,11,-2.6829380989074707,9,0,0.0,70,7.777777777777778,6.205345768639399e-08,0.02279963872836948
target_18cm,316,160290001,60,True,False,False,success,True,8,-3.8523240089416504,9,0,0.0,78,8.666666666666666,6.005222170729724e-08,0.02743477870173015,False,True,False,toe_riser_under_clearance,True,1,-9.93639087677002,4,35,8.75,35,8.75,0.05109396656002618,0.05109396656002618,False,True,False,toe_riser_under_clearance,True,1,-9.929924011230469,4,35,8.75,35,8.75,0.051094371660620766,0.051094371660620766,True,False,False,success,True,5,-1.7818169593811035,9,0,0.0,54,6.0,6.341740137283155e-08,0.024788199817650094
target_18cm,317,160290001,61,False,True,False,toe_riser_under_clearance,True,8,-10.310291290283203,9,0,0.0,35,3.888888888888889,6.750639632476425e-08,0.017484309772650402,False,True,False,toe_riser_under_clearance,True,8,-13.284996032714844,9,58,6.444444444444445,58,6.444444444444445,0.03221750259399414,0.03221750259399414,True,False,False,success,True,4,-0.9406661987304688,9,47,5.222222222222222,47,5.222222222222222,0.026997981459330144,0.026997981459330144,False,True,False,toe_riser_under_clearance,True,9,-10.950761795043945,9,0,0.0,48,5.333333333333333,6.569390395052835e-08,0.027028688242737676
target_18cm,318,160290001,62,False,True,False,toe_riser_under_clearance,True,7,-10.07928466796875,8,0,0.0,63,7.875,6.229230861850631e-08,0.032300563419566435,True,False,False,success,True,6,-0.25972414016723633,9,33,3.6666666666666665,33,3.6666666666666665,0.021173567188029388,0.021173567188029388,True,False,False,success,True,6,-0.5084958076477051,9,33,3.6666666666666665,33,3.6666666666666665,0.02177502038910633,0.02177502038910633,False,True,False,toe_riser_under_clearance,True,8,-12.007757186889648,9,0,0.0,50,5.555555555555555,6.776858556448766e-08,0.02961827706599581
target_18cm,319,160290001,63,True,False,False,success,True,7,-6.287885665893555,9,0,0.0,78,8.666666666666666,6.344852650777325e-08,0.03272686179624785,False,True,False,toe_riser_under_clearance,True,1,-6.613936424255371,4,31,7.75,31,7.75,0.04308002582494763,0.04308002582494763,False,True,False,toe_riser_under_clearance,True,1,-6.629561424255371,4,31,7.75,31,7.75,0.043081532353940216,0.043081532353940216,False,True,False,toe_riser_under_clearance,True,2,-12.584173202514648,4,0,0.0,55,13.75,5.781462336867721e-08,0.04035770738279665
target_18cm,320,160290001,64,True,False,False,success,True,8,0.4681124687194824,9,0,0.0,46,5.111111111111111,6.152956725148253e-08,0.019505887679589447,True,False,False,success,True,7,-0.08801603317260742,9,43,4.777777777777778,43,4.777777777777778,0.021444458532107386,0.021444458532107386,True,False,False,success,True,6,-0.27048158645629883,9,47,5.222222222222222,47,5.222222222222222,0.020204449747944928,0.020204449747944928,False,True,False,toe_riser_under_clearance,True,6,-12.195919036865234,8,0,0.0,71,8.875,6.347343015459402e-08,0.036166936743493174
target_18cm,321,160290001,65,True,False,False,success,True,6,-0.8603777885437012,9,0,0.0,45,5.0,6.45225321352729e-08,0.019419016036312138,True,False,False,success,True,8,-1.5871710777282715,9,60,6.666666666666667,60,6.666666666666667,0.029630728257008087,0.029630728257008087,True,False,False,success,True,6,-0.12680530548095703,9,57,6.333333333333333,57,6.333333333333333,0.024713730200743064,0.024713730200743064,False,True,False,toe_riser_under_clearance,True,8,-14.909462928771973,6,0,0.0,63,10.5,6.646772530266869e-08,0.030653961081253855
target_18cm,322,160290001,66,False,True,False,balance_or_other_fall,False,0,-7.072543144226074,3,0,0.0,27,9.0,5.537970259229513e-08,0.032611377498646475,True,False,False,success,True,5,-0.49348974227905273,9,44,4.888888888888889,44,4.888888888888889,0.025760053494654662,0.025760053494654662,True,False,False,success,True,7,-2.20169734954834,9,45,5.0,45,5.0,0.027090986763558738,0.027090986763558738,False,True,False,balance_or_other_fall,False,0,-8.631059646606445,3,0,0.0,31,10.333333333333334,6.0389932234382e-08,0.039943392460162826
target_18cm,323,160290001,67,False,True,False,toe_riser_under_clearance,True,11,-17.174638748168945,9,0,0.0,72,8.0,6.208520889313976e-08,0.034871126666213524,True,False,False,success,True,5,-0.15145015716552734,9,44,4.888888888888889,44,4.888888888888889,0.02329102284658725,0.02329102284658725,True,False,False,success,True,10,-1.1336994171142578,9,47,5.222222222222222,47,5.222222222222222,0.02129373262668478,0.02129373262668478,True,False,False,success,True,8,-0.7753734588623047,9,0,0.0,53,5.888888888888889,6.423022659699255e-08,0.025468211256382333
target_18cm,324,160290001,68,True,False,False,success,True,6,-2.159928321838379,9,0,0.0,59,6.555555555555555,6.062359108307032e-08,0.027731777427201263,False,True,False,toe_riser_under_clearance,True,3,-6.5390625,4,33,8.25,33,8.25,0.0304717693932995,0.0304717693932995,False,True,False,toe_riser_under_clearance,True,3,-6.630474090576172,4,33,8.25,33,8.25,0.03277451681983845,0.03277451681983845,True,False,False,success,True,6,-1.9911584854125977,9,0,0.0,43,4.777777777777778,6.59019739907586e-08,0.020602545558481154
target_18cm,325,160290001,69,True,False,False,success,True,5,-2.676612377166748,9,0,0.0,45,5.0,6.248272185767193e-08,0.023255003110703745,True,False,False,success,True,8,-5.312119007110596,9,65,7.222222222222222,65,7.222222222222222,0.02447994916866987,0.02447994916866987,True,False,False,success,True,5,-3.4137320518493652,9,63,7.0,63,7.0,0.027819880294010012,0.027819880294010012,True,False,False,success,True,3,-2.3199219703674316,9,0,0.0,44,4.888888888888889,6.704084818759529e-08,0.022725892184403143
target_18cm,326,160290001,70,True,False,False,success,True,5,-13.57703971862793,9,0,0.0,108,12.0,6.183585836244572e-08,0.04533809685857041,True,False,False,success,True,8,-1.2197785377502441,9,55,6.111111111111111,55,6.111111111111111,0.025294142884093446,0.025294142884093446,True,False,False,success,True,3,-0.4510951042175293,9,37,4.111111111111111,37,4.111111111111111,0.025084163628372493,0.025084163628372493,True,False,False,success,True,7,-3.2853565216064453,9,0,0.0,67,7.444444444444445,6.292924060808304e-08,0.02916735711498795
target_18cm,327,160290001,71,False,True,False,toe_riser_under_clearance,True,3,-10.752936363220215,9,0,0.0,33,3.6666666666666665,6.652771844528615e-08,0.017073965320984524,True,False,False,success,True,5,-2.2726492881774902,9,55,6.111111111111111,55,6.111111111111111,0.027360798002363327,0.027360798002363327,False,True,False,toe_riser_under_clearance,True,2,-9.238971710205078,6,43,7.166666666666667,43,7.166666666666667,0.036865587103856755,0.036865587103856755,True,False,False,success,True,8,-1.8908042907714844,9,0,0.0,38,4.222222222222222,6.439235062211804e-08,0.02410501049410912
target_18cm,328,160290001,72,False,True,False,toe_riser_under_clearance,True,12,-22.732397079467773,9,0,0.0,55,6.111111111111111,6.379985094654484e-08,0.034073818105185005,False,True,False,toe_riser_under_clearance,True,2,-13.4550142288208,3,34,11.333333333333334,34,11.333333333333334,0.055186584884045174,0.055186584884045174,False,True,False,toe_riser_under_clearance,True,6,-14.165304183959961,7,35,5.0,35,5.0,0.02511613921257062,0.02511613921257062,False,True,False,toe_riser_under_clearance,True,6,-8.689443588256836,5,0,0.0,39,7.8,6.718231970573195e-08,0.03051105020670873
target_18cm,329,160290001,73,True,False,False,success,True,6,-0.8854198455810547,9,0,0.0,44,4.888888888888889,6.228863695471026e-08,0.019408171992416217,False,True,False,toe_riser_under_clearance,True,11,-38.16695785522461,4,77,19.25,77,19.25,0.1256842018901438,0.1256842018901438,True,False,False,success,True,10,-5.331356525421143,9,87,9.666666666666666,87,9.666666666666666,0.028332613470550386,0.028332613470550386,True,False,False,success,True,5,-0.7555437088012695,9,0,0.0,52,5.777777777777778,6.069899285124665e-08,0.022229640618246633
target_18cm,330,160290001,74,True,False,False,success,True,4,1.886723279953003,9,0,0.0,30,3.3333333333333335,6.163875840721989e-08,0.010924016208690237,True,False,False,success,True,10,-1.735966682434082,9,50,5.555555555555555,50,5.555555555555555,0.02369851287530393,0.02369851287530393,False,True,False,toe_riser_under_clearance,True,9,-10.228940963745117,8,57,7.125,57,7.125,0.03266291887812884,0.03266291887812884,True,False,False,success,True,3,-1.192850112915039,9,0,0.0,50,5.555555555555555,6.243620245684956e-08,0.018778399520341375
target_18cm,331,160290001,75,False,True,False,toe_riser_under_clearance,True,4,-10.20382308959961,6,0,0.0,54,9.0,6.19642593628782e-08,0.03731662833430685,True,False,False,success,True,7,-4.294558048248291,9,50,5.555555555555555,50,5.555555555555555,0.030759413698886302,0.030759413698886302,True,False,False,success,True,8,-2.951479434967041,9,57,6.333333333333333,57,6.333333333333333,0.034611952489048706,0.034611952489048706,False,True,False,toe_riser_under_clearance,True,3,-10.603349685668945,6,0,0.0,58,9.666666666666666,6.217721145566716e-08,0.03952712656181549
target_18cm,332,160290001,76,False,True,False,toe_riser_under_clearance,True,12,-17.215065002441406,7,0,0.0,86,12.285714285714286,6.392058504027236e-08,0.056129602639071914,True,False,False,success,True,8,-0.17263031005859375,9,34,3.7777777777777777,34,3.7777777777777777,0.019803744334719445,0.019803744334719445,True,False,False,success,True,9,1.0519747734069824,9,28,3.111111111111111,28,3.111111111111111,0.012613233570551179,0.012613233570551179,False,True,False,toe_riser_under_clearance,True,6,-8.174947738647461,4,0,0.0,30,7.5,6.401256023956749e-08,0.02114990141507838
target_18cm,333,160290001,77,True,False,False,success,True,3,-1.7578506469726562,9,0,0.0,47,5.222222222222222,6.125233065998102e-08,0.021653615975681738,True,False,False,success,True,5,-1.3887858390808105,9,47,5.222222222222222,47,5.222222222222222,0.027478823454483697,0.027478823454483697,True,False,False,success,True,8,-4.012218952178955,9,50,5.555555555555555,50,5.555555555555555,0.028813196265179176,0.028813196265179176,False,True,False,toe_riser_under_clearance,True,4,-7.792269706726074,7,0,0.0,37,5.285714285714286,6.390127069965677e-08,0.025311696724813492
target_18cm,334,160290001,78,False,True,False,toe_riser_under_clearance,True,1,-5.272286415100098,1,0,0.0,15,15.0,5.371454487127873e-08,0.024992808589228876,True,False,False,success,True,9,-2.7675671577453613,9,50,5.555555555555555,50,5.555555555555555,0.02800974256536934,0.02800974256536934,True,False,False,success,True,5,-1.2044973373413086,9,39,4.333333333333333,39,4.333333333333333,0.02214108015361585,0.02214108015361585,False,True,False,toe_riser_under_clearance,True,1,-5.238916397094727,1,0,0.0,15,15.0,5.4599109312726394e-08,0.025026312580815068
target_18cm,335,160290001,79,False,True,False,toe_riser_under_clearance,True,2,-8.736883163452148,5,0,0.0,41,8.2,6.08374882101085e-08,0.038241039622913704,False,True,False,toe_riser_under_clearance,True,8,-16.10388946533203,9,69,7.666666666666667,69,7.666666666666667,0.04079858327316026,0.04079858327316026,True,False,False,success,True,10,-2.970155715942383,9,55,6.111111111111111,55,6.111111111111111,0.028989445619068698,0.028989445619068698,False,True,False,toe_riser_under_clearance,True,2,-9.282417297363281,5,0,0.0,41,8.2,6.204399722768555e-08,0.039106491579109406
target_18cm,336,160290001,80,True,False,False,success,True,9,-4.645900249481201,9,0,0.0,69,7.666666666666667,6.392032322052061e-08,0.027808859255750166,True,False,False,success,True,6,-0.3311028480529785,9,44,4.888888888888889,44,4.888888888888889,0.021988727754588492,0.021988727754588492,True,False,False,success,True,8,-0.8002185821533203,9,47,5.222222222222222,47,5.222222222222222,0.024502295802756785,0.024502295802756785,False,True,False,toe_riser_under_clearance,True,8,-21.175777435302734,7,0,0.0,76,10.857142857142858,6.534749999278054e-08,0.059280132787615146
target_18cm,337,160290001,81,True,False,False,success,True,5,-3.9300832748413086,9,0,0.0,72,8.0,6.079371814848855e-08,0.03200732744657076,True,False,False,success,True,5,-2.107353687286377,9,52,5.777777777777778,52,5.777777777777778,0.028994337577651776,0.028994337577651776,False,True,False,toe_riser_under_clearance,True,9,-16.7900333404541,8,63,7.875,63,7.875,0.03642759230977671,0.03642759230977671,True,False,False,success,True,7,-0.43060970306396484,9,0,0.0,44,4.888888888888889,6.410709434219271e-08,0.019784902489703635
target_18cm,338,160290001,82,True,False,False,success,True,5,-1.7827672958374023,9,0,0.0,48,5.333333333333333,6.608130128815275e-08,0.023882607666160603,True,False,False,success,True,7,-0.8653302192687988,9,51,5.666666666666667,51,5.666666666666667,0.022673693749721995,0.022673693749721995,False,True,False,toe_riser_under_clearance,True,9,-12.791170120239258,4,78,19.5,78,19.5,0.03994447702846369,0.03994447702846369,True,False,False,success,True,6,-2.158639430999756,9,0,0.0,47,5.222222222222222,6.512272669906019e-08,0.02385626293364025
target_18cm,339,160290001,83,True,False,False,success,True,8,-2.2248172760009766,9,0,0.0,41,4.555555555555555,6.717737301395898e-08,0.021912638200532405,True,False,False,success,True,3,-4.5043816566467285,9,49,5.444444444444445,49,5.444444444444445,0.028846315463910303,0.028846315463910303,True,False,False,success,True,5,-5.612646579742432,9,51,5.666666666666667,51,5.666666666666667,0.028127432365179558,0.028127432365179558,True,False,False,success,True,6,-1.4871258735656738,9,0,0.0,38,4.222222222222222,6.644057116823711e-08,0.02112238716196131
target_18cm,340,160290001,84,False,True,False,toe_riser_under_clearance,True,5,-10.016069412231445,7,0,0.0,47,6.714285714285714,6.603663291719748e-08,0.03508645101310381,True,False,False,success,True,6,-2.3188257217407227,9,59,6.555555555555555,59,6.555555555555555,0.024702311059876126,0.024702311059876126,True,False,False,success,True,8,-0.2642350196838379,9,54,6.0,54,6.0,0.020409012605288702,0.020409012605288702,False,True,False,toe_riser_under_clearance,True,7,-13.905084609985352,9,0,0.0,57,6.333333333333333,6.487815286579183e-08,0.035173919257216565
target_18cm,341,160290001,85,False,True,False,toe_riser_under_clearance,True,7,-11.018356323242188,7,0,0.0,55,7.857142857142857,6.381836438582938e-08,0.032814419671390836,True,False,False,success,True,2,-1.1958465576171875,9,50,5.555555555555555,50,5.555555555555555,0.02388351016574436,0.02388351016574436,True,False,False,success,True,6,-1.8359322547912598,9,49,5.444444444444445,49,5.444444444444445,0.027636954124937666,0.027636954124937666,False,True,False,toe_riser_under_clearance,True,8,-11.737478256225586,8,0,0.0,64,8.0,6.405924143929546e-08,0.04175787021459076
target_18cm,342,160290001,86,True,False,False,success,True,6,-1.0666308403015137,9,0,0.0,47,5.222222222222222,6.056556182892038e-08,0.02460781733194987,True,False,False,success,True,4,0.8061094284057617,9,36,4.0,36,4.0,0.017733646866487558,0.017733646866487558,True,False,False,success,True,6,0.5068612098693848,9,35,3.888888888888889,35,3.888888888888889,0.017622849799149874,0.017622849799149874,True,False,False,success,True,6,-0.514317512512207,9,0,0.0,38,4.222222222222222,6.348005091935834e-08,0.018658767027013443
target_18cm,343,160290001,87,True,False,False,success,True,6,-1.3567118644714355,9,0,0.0,46,5.111111111111111,6.541997475849696e-08,0.024265757394493173,True,False,False,success,True,8,-1.8763446807861328,9,51,5.666666666666667,51,5.666666666666667,0.028407385716071494,0.028407385716071494,True,False,False,success,True,7,-1.5063567161560059,9,48,5.333333333333333,48,5.333333333333333,0.023958463273290116,0.023958463273290116,True,False,False,success,True,6,-1.4811043739318848,9,0,0.0,50,5.555555555555555,6.644565356280781e-08,0.025009140135749938
target_18cm,344,160290001,88,False,True,False,toe_riser_under_clearance,True,9,-14.677847862243652,9,0,0.0,54,6.0,6.299745544548267e-08,0.023288732460836178,True,False,False,success,True,8,-1.646918773651123,9,52,5.777777777777778,52,5.777777777777778,0.023518880208333332,0.023518880208333332,True,False,False,success,True,6,-1.1990370750427246,9,51,5.666666666666667,51,5.666666666666667,0.021787079287246918,0.021787079287246918,True,False,False,success,True,5,-4.878451824188232,9,0,0.0,66,7.333333333333333,6.690866571252229e-08,0.031471306197578576
target_18cm,345,160290001,89,True,False,False,success,True,7,-2.6989188194274902,9,0,0.0,62,6.888888888888889,6.479419427834116e-08,0.02875132632204501,True,False,False,success,True,9,-4.3654351234436035,9,53,5.888888888888889,53,5.888888888888889,0.032665170880526506,0.032665170880526506,True,False,False,success,True,7,-2.635438919067383,9,43,4.777777777777778,43,4.777777777777778,0.026758077238228248,0.026758077238228248,False,True,False,toe_riser_under_clearance,True,4,-11.04547119140625,5,0,0.0,49,9.8,6.25242297674584e-08,0.04167369767731311
target_18cm,346,160290001,90,False,True,False,toe_riser_under_clearance,True,7,-13.154842376708984,8,0,0.0,69,8.625,6.093541263621056e-08,0.046169858229787725,True,False,False,success,True,7,-0.49121856689453125,9,40,4.444444444444445,40,4.444444444444445,0.023905266707886643,0.023905266707886643,True,False,False,success,True,4,-0.6010456085205078,9,41,4.555555555555555,41,4.555555555555555,0.024692319827817874,0.024692319827817874,False,True,False,toe_riser_under_clearance,True,10,-15.112342834472656,7,0,0.0,58,8.285714285714286,6.51773318947692e-08,0.045780056544712615
target_18cm,347,160290001,91,True,False,False,success,True,3,-0.8303942680358887,9,0,0.0,46,5.111111111111111,6.812191663770252e-08,0.02282521265362381,False,True,False,toe_riser_under_clearance,True,1,-4.36930513381958,4,19,4.75,19,4.75,0.021108126277245846,0.021108126277245846,False,True,False,toe_riser_under_clearance,True,1,-4.360835075378418,4,19,4.75,19,4.75,0.02108249809536232,0.02108249809536232,True,False,False,success,True,2,-1.2023673057556152,9,0,0.0,57,6.333333333333333,6.653488403725113e-08,0.027329192000828433
target_18cm,348,160290001,92,True,False,False,success,True,2,-5.0068511962890625,9,0,0.0,81,9.0,6.463996269007569e-08,0.03456082266450575,True,False,False,success,True,7,-3.0207467079162598,9,60,6.666666666666667,60,6.666666666666667,0.031128399966976264,0.031128399966976264,True,False,False,success,True,5,-2.876889705657959,9,60,6.666666666666667,60,6.666666666666667,0.03166362110430225,0.03166362110430225,True,False,False,success,True,3,-3.206101894378662,9,0,0.0,64,7.111111111111111,6.259326406566271e-08,0.027677167623912386
target_18cm,349,160290001,93,True,False,False,success,True,6,0.48355579376220703,9,0,0.0,45,5.0,6.152737503017463e-08,0.017592049726691723,True,False,False,success,True,3,-2.1771240234375,9,68,7.555555555555555,68,7.555555555555555,0.029351698080070404,0.029351698080070404,True,False,False,success,True,2,-5.605502605438232,9,71,7.888888888888889,71,7.888888888888889,0.026161710559698764,0.026161710559698764,True,False,False,success,True,4,-5.447824001312256,9,0,0.0,59,6.555555555555555,6.422494663126301e-08,0.02838461791184539
target_18cm,350,160290001,94,True,False,False,success,True,6,-5.651097297668457,9,0,0.0,65,7.222222222222222,6.213291705415329e-08,0.023101443497735834,True,False,False,success,True,9,-3.1045989990234375,9,53,5.888888888888889,53,5.888888888888889,0.023826156893084125,0.023826156893084125,False,True,False,toe_riser_under_clearance,True,9,-23.10187530517578,9,87,9.666666666666666,87,9.666666666666666,0.02962744427647238,0.02962744427647238,True,False,False,success,True,9,-5.192121982574463,9,0,0.0,60,6.666666666666667,6.039476010742347e-08,0.018607371871712686
target_18cm,351,160290001,95,True,False,False,success,True,6,-2.7617764472961426,9,0,0.0,59,6.555555555555555,6.486394426629523e-08,0.025087045497648706,True,False,False,success,True,5,-2.211699962615967,9,49,5.444444444444445,49,5.444444444444445,0.033153408751567394,0.033153408751567394,True,False,False,success,True,6,-2.2149667739868164,9,47,5.222222222222222,47,5.222222222222222,0.03122403325023739,0.03122403325023739,True,False,False,success,True,9,-7.519731044769287,9,0,0.0,88,9.777777777777779,6.182188723957346e-08,0.029359559089906753
target_18cm,352,160290001,96,True,False,False,success,True,8,-0.13594961166381836,9,0,0.0,32,3.5555555555555554,6.392164445619878e-08,0.015902283099981453,True,False,False,success,True,8,-0.6742773056030273,9,36,4.0,36,4.0,0.020212571442281245,0.020212571442281245,True,False,False,success,True,8,-3.5075302124023438,9,40,4.444444444444445,40,4.444444444444445,0.028528868185507286,0.028528868185507286,True,False,False,success,True,10,0.7771930694580078,9,0,0.0,39,4.333333333333333,6.550777722674208e-08,0.015144828078034637
target_18cm,353,160290001,97,True,False,False,success,True,2,-4.06512451171875,9,0,0.0,63,7.0,6.486995288442988e-08,0.030316533375178836,True,False,False,success,True,5,-0.8461813926696777,9,38,4.222222222222222,38,4.222222222222222,0.02233357975880305,0.02233357975880305,True,False,False,success,True,5,-0.8488936424255371,9,38,4.222222222222222,38,4.222222222222222,0.02233229825894038,0.02233229825894038,True,False,False,success,True,6,-2.1466317176818848,9,0,0.0,66,7.333333333333333,6.295299681369215e-08,0.029879446029663085
target_18cm,354,160290001,98,True,False,False,success,True,9,0.36358165740966797,9,0,0.0,52,5.777777777777778,6.24406218078731e-08,0.018780595229077244,True,False,False,success,True,4,-1.9098896980285645,9,56,6.222222222222222,56,6.222222222222222,0.0315055497409662,0.0315055497409662,True,False,False,success,True,4,-2.0355281829833984,9,57,6.333333333333333,57,6.333333333333333,0.032104356930806086,0.032104356930806086,True,False,False,success,True,7,1.1264610290527344,9,0,0.0,40,4.444444444444445,6.391668579499885e-08,0.014113570064432007
target_18cm,355,160290001,99,True,False,False,success,True,3,-4.1639604568481445,9,0,0.0,63,7.0,6.67941001783127e-08,0.0283341318554789,True,False,False,success,True,9,-3.260531425476074,9,58,6.444444444444445,58,6.444444444444445,0.031243183833686305,0.031243183833686305,True,False,False,success,True,7,-2.671262741088867,9,56,6.222222222222222,56,6.222222222222222,0.029302621671291586,0.029302621671291586,True,False,False,success,True,2,-5.199573516845703,9,0,0.0,66,7.333333333333333,6.472103624664088e-08,0.030337151060713097
target_18cm,356,160290001,100,False,True,False,toe_riser_under_clearance,True,5,-11.50549030303955,9,0,0.0,54,6.0,6.834654813268926e-08,0.0282914301244224,False,True,False,toe_riser_under_clearance,True,2,-9.150416374206543,6,36,6.0,36,6.0,0.0414712208659709,0.0414712208659709,False,True,False,toe_riser_under_clearance,True,2,-9.106369018554688,6,36,6.0,36,6.0,0.04147508364765584,0.04147508364765584,False,True,False,toe_riser_under_clearance,True,7,-15.770805358886719,9,0,0.0,80,8.88888888888889,6.269122478647195e-08,0.03716492555579361
target_18cm,357,160290001,101,True,False,False,success,True,6,-1.4038572311401367,9,0,0.0,42,4.666666666666667,6.486874074829277e-08,0.022316694815397817,True,False,False,success,True,7,0.9095015525817871,9,34,3.7777777777777777,34,3.7777777777777777,0.013819486041401707,0.013819486041401707,True,False,False,success,True,5,0.5871210098266602,9,38,4.222222222222222,38,4.222222222222222,0.016166794995021393,0.016166794995021393,True,False,False,success,True,4,-1.2519383430480957,9,0,0.0,41,4.555555555555555,6.513162881076755e-08,0.02178292537478806
target_18cm,358,160290001,102,True,False,False,success,True,6,-1.4115333557128906,9,0,0.0,42,4.666666666666667,6.284700910687262e-08,0.023800190584159192,True,False,False,success,True,5,-1.080946922302246,9,52,5.777777777777778,52,5.777777777777778,0.027953526774593722,0.027953526774593722,True,False,False,success,True,5,-0.27264833450317383,9,43,4.777777777777778,43,4.777777777777778,0.021140239277824026,0.021140239277824026,False,True,False,toe_riser_under_clearance,True,5,-6.672860145568848,5,0,0.0,33,6.6,6.406067206195171e-08,0.02889615177629463
target_18cm,359,160290001,103,True,False,False,success,True,5,-1.9274959564208984,9,0,0.0,50,5.555555555555555,6.356989009267029e-08,0.02474927306175232,True,False,False,success,True,7,-1.3607330322265625,9,53,5.888888888888889,53,5.888888888888889,0.0292525495955422,0.0292525495955422,True,False,False,success,True,7,-1.2038726806640625,9,53,5.888888888888889,53,5.888888888888889,0.028453731536865236,0.028453731536865236,True,False,False,success,True,7,-4.109596252441406,9,0,0.0,64,7.111111111111111,6.406299133549977e-08,0.02885357754901775
target_18cm,360,160290001,104,True,False,False,success,True,6,-4.726001262664795,9,0,0.0,64,7.111111111111111,6.56945002846141e-08,0.03128353919903602,True,False,False,success,True,6,-1.7722043991088867,9,61,6.777777777777778,61,6.777777777777778,0.025434929313081684,0.025434929313081684,True,False,False,success,True,7,-4.990383625030518,9,69,7.666666666666667,69,7.666666666666667,0.0356759928302881,0.0356759928302881,True,False,False,success,True,7,-2.4178380966186523,9,0,0.0,59,6.555555555555555,6.409144029275445e-08,0.027187234970159405
target_18cm,361,160290001,105,True,False,False,success,True,7,-0.28364086151123047,9,0,0.0,58,6.444444444444445,6.199387325625506e-08,0.022326973981635516,True,False,False,success,True,6,-0.9695825576782227,9,54,6.0,54,6.0,0.024392446567272318,0.024392446567272318,True,False,False,success,True,8,-1.0612573623657227,9,55,6.111111111111111,55,6.111111111111111,0.02476190868176912,0.02476190868176912,True,False,False,success,True,5,-1.0252861976623535,9,0,0.0,59,6.555555555555555,6.547176087791525e-08,0.024209802457601716
target_18cm,362,160290001,106,False,True,False,toe_riser_under_clearance,True,2,-4.830009460449219,1,0,0.0,18,18.0,5.9344483815948476e-08,0.031827473640441896,True,False,False,success,True,8,-4.3123860359191895,9,59,6.555555555555555,59,6.555555555555555,0.02902716819686119,0.02902716819686119,True,False,False,success,True,8,-5.559640884399414,9,62,6.888888888888889,62,6.888888888888889,0.0337800801172078,0.0337800801172078,False,True,False,toe_riser_under_clearance,True,2,-4.708384990692139,1,0,0.0,17,17.0,6.149609277122018e-08,0.031135891838897048
target_18cm,363,160290001,107,True,False,False,success,True,7,-2.2288808822631836,9,0,0.0,58,6.444444444444445,6.335271395360317e-08,0.025861243489372285,False,True,False,toe_riser_under_clearance,True,11,-21.138702392578125,9,72,8.0,72,8.0,0.04523984771413901,0.04523984771413901,True,False,False,success,True,10,-11.886983871459961,9,95,10.555555555555555,95,10.555555555555555,0.04005760670515083,0.04005760670515083,True,False,False,success,True,6,0.5914583206176758,9,0,0.0,44,4.888888888888889,6.170883215838662e-08,0.018790636780441447
target_18cm,364,160290001,108,False,True,False,toe_riser_under_clearance,True,6,-12.330726623535156,6,0,0.0,62,10.333333333333334,6.578968073011976e-08,0.04334486191196275,True,False,False,success,True,4,-2.8797459602355957,9,66,7.333333333333333,66,7.333333333333333,0.029378484863745395,0.029378484863745395,True,False,False,success,True,7,-2.0835227966308594,9,43,4.777777777777778,43,4.777777777777778,0.02446382126565707,0.02446382126565707,True,False,False,success,True,6,-1.3125476837158203,9,0,0.0,61,6.777777777777778,6.519096786003677e-08,0.020859155352999155
target_18cm,365,160290001,109,True,False,False,success,True,3,-2.5151724815368652,9,0,0.0,63,7.0,6.091208445136889e-08,0.023851141602554044,False,True,False,toe_riser_under_clearance,True,5,-23.905288696289062,1,42,42.0,42,42.0,0.05802648828384724,0.05802648828384724,False,True,False,toe_riser_under_clearance,True,2,-10.351377487182617,1,28,28.0,28,28.0,0.029875225233800203,0.029875225233800203,True,False,False,success,True,7,-2.280876636505127,9,0,0.0,60,6.666666666666667,5.983634026024379e-08,0.02577742060324303
target_18cm,366,160290001,110,True,False,False,success,True,4,-1.18617582321167,9,0,0.0,39,4.333333333333333,6.934060809548898e-08,0.022996044158935545,True,False,False,success,True,9,-0.8411345481872559,9,41,4.555555555555555,41,4.555555555555555,0.02364151535201125,0.02364151535201125,True,False,False,success,True,9,-0.9079194068908691,9,40,4.444444444444445,40,4.444444444444445,0.021542787551879883,0.021542787551879883,True,False,False,success,True,4,-0.9846620559692383,9,0,0.0,38,4.222222222222222,6.492846739824815e-08,0.022270558520061212
target_18cm,367,160290001,111,False,True,False,toe_riser_under_clearance,True,3,-4.991574764251709,4,0,0.0,33,8.25,5.849258682449247e-08,0.023756872787166705,True,False,False,success,True,6,0.14761114120483398,9,37,4.111111111111111,37,4.111111111111111,0.01890088665869928,0.01890088665869928,True,False,False,success,True,5,0.022327899932861328,9,37,4.111111111111111,37,4.111111111111111,0.018503055045132263,0.018503055045132263,True,False,False,success,True,7,0.9174594879150391,9,0,0.0,46,5.111111111111111,6.23044678062941e-08,0.017885181047853544
target_18cm,368,160290001,112,False,True,False,toe_riser_under_clearance,True,5,-11.148860931396484,8,0,0.0,57,7.125,6.54678453645793e-08,0.036943084457440684,False,True,False,toe_riser_under_clearance,True,3,-7.8347649574279785,5,31,6.2,31,6.2,0.03446341969292878,0.03446341969292878,False,True,False,toe_riser_under_clearance,True,3,-12.591995239257812,9,50,5.555555555555555,50,5.555555555555555,0.03217274515252364,0.03217274515252364,False,True,False,toe_riser_under_clearance,True,6,-11.643898010253906,8,0,0.0,59,7.375,6.658877053155587e-08,0.0392351042447617
target_18cm,369,160290001,113,True,False,False,success,True,5,-0.45938920974731445,9,0,0.0,51,5.666666666666667,6.210766245786863e-08,0.019417487116302617,False,True,False,toe_riser_under_clearance,True,4,-12.686929702758789,4,38,9.5,38,9.5,0.05133713438919897,0.05133713438919897,False,True,False,toe_riser_under_clearance,True,3,-12.720531463623047,4,38,9.5,38,9.5,0.05133673935255745,0.05133673935255745,True,False,False,success,True,7,-3.093527317047119,9,0,0.0,70,7.777777777777778,6.324499153279887e-08,0.023681321696395002
target_18cm,370,160290001,114,False,True,False,toe_riser_under_clearance,True,6,-9.932500839233398,6,0,0.0,50,8.333333333333334,6.227299626984462e-08,0.03716194436773899,True,False,False,success,True,7,-3.4303789138793945,9,58,6.444444444444445,58,6.444444444444445,0.025940939896088793,0.025940939896088793,True,False,False,success,True,4,-2.9632983207702637,9,62,6.888888888888889,62,6.888888888888889,0.030877802671908317,0.030877802671908317,False,True,False,toe_riser_under_clearance,True,8,-11.459798812866211,6,0,0.0,61,10.166666666666666,6.326898510672583e-08,0.038552837893593275
target_18cm,371,160290001,115,True,False,False,success,True,6,0.12580633163452148,9,0,0.0,41,4.555555555555555,6.422518305996146e-08,0.018412523888368202,True,False,False,success,True,6,-3.597858428955078,9,78,8.666666666666666,78,8.666666666666666,0.030615325492546096,0.030615325492546096,True,False,False,success,True,8,-5.683860778808594,9,64,7.111111111111111,64,7.111111111111111,0.028567291688228,0.028567291688228,True,False,False,success,True,8,0.07704877853393555,9,0,0.0,41,4.555555555555555,6.474586742180462e-08,0.01856550721309645
target_18cm,372,160290001,116,True,False,False,success,True,4,-1.68211030960083,9,0,0.0,49,5.444444444444445,6.578771603416919e-08,0.022808772031501803,True,False,False,success,True,5,-0.38669300079345703,9,38,4.222222222222222,38,4.222222222222222,0.020416231199343632,0.020416231199343632,True,False,False,success,True,6,-4.416047096252441,9,54,6.0,54,6.0,0.026782178354787304,0.026782178354787304,False,True,False,balance_or_other_fall,False,0,-5.537464141845703,2,0,0.0,24,12.0,5.030307363200107e-08,0.029518966903229672
target_18cm,373,160290001,117,False,True,False,balance_or_other_fall,False,0,-6.753541946411133,3,0,0.0,32,10.666666666666666,6.285786274055877e-08,0.039640038621191885,True,False,False,success,True,6,-1.459233283996582,9,48,5.333333333333333,48,5.333333333333333,0.022673433851732292,0.022673433851732292,True,False,False,success,True,8,-3.5413122177124023,9,61,6.777777777777778,61,6.777777777777778,0.03212964461624988,0.03212964461624988,False,True,False,balance_or_other_fall,False,0,-6.255434036254883,3,0,0.0,31,10.333333333333334,6.178198859878207e-08,0.03663941657189095
target_18cm,374,160290001,118,False,True,False,toe_riser_under_clearance,True,7,-12.72465705871582,4,0,0.0,67,16.75,6.057237088467497e-08,0.03206912406742106,True,False,False,success,True,7,-1.9045395851135254,9,57,6.333333333333333,57,6.333333333333333,0.027614451929466013,0.027614451929466013,True,False,False,success,True,8,-2.0382323265075684,9,53,5.888888888888889,53,5.888888888888889,0.02731565642502546,0.02731565642502546,True,False,False,success,True,12,-7.138476848602295,9,0,0.0,92,10.222222222222221,6.050335986611362e-08,0.026924200791579027
target_18cm,375,160290001,119,False,True,False,toe_riser_under_clearance,True,5,-9.97004222869873,6,0,0.0,51,8.5,6.439083952517263e-08,0.03364410341339584,True,False,False,success,True,2,-3.782658100128174,9,45,5.0,45,5.0,0.032284898856251514,0.032284898856251514,True,False,False,success,True,2,-3.7762837409973145,9,45,5.0,45,5.0,0.0321998105870421,0.0321998105870421,False,True,False,toe_riser_under_clearance,True,8,-13.370309829711914,8,0,0.0,51,6.375,6.316795149563087e-08,0.03386793161112729
target_18cm,376,160290001,120,False,True,False,balance_or_other_fall,False,0,-8.196864128112793,4,0,0.0,37,9.25,6.281312184686033e-08,0.038413227406317876,False,True,False,toe_riser_under_clearance,True,5,-9.545173645019531,5,51,10.2,51,10.2,0.04650075236956278,0.04650075236956278,True,False,False,success,True,7,-4.503298282623291,9,72,8.0,72,8.0,0.03394621885372307,0.03394621885372307,False,True,False,balance_or_other_fall,False,0,-6.9097900390625,4,0,0.0,30,7.5,6.074929664074652e-08,0.029578651700701033
target_18cm,377,160290001,121,True,False,False,success,True,8,-0.32892656326293945,9,0,0.0,41,4.555555555555555,6.537950838829729e-08,0.019596333175260494,False,True,False,toe_riser_under_clearance,True,4,-13.340972900390625,2,32,16.0,32,16.0,0.04532797011970914,0.04532797011970914,False,True,False,toe_riser_under_clearance,True,3,-10.18808650970459,2,45,22.5,45,22.5,0.03688696636656537,0.03688696636656537,True,False,False,success,True,7,-1.1960806846618652,9,0,0.0,40,4.444444444444445,6.604011980892177e-08,0.018324799007839628
target_18cm,378,160290001,122,False,True,False,toe_riser_under_clearance,True,8,-15.603595733642578,6,0,0.0,72,12.0,6.172027481371863e-08,0.0300778889501584,True,False,False,success,True,7,0.11990594863891602,9,37,4.111111111111111,37,4.111111111111111,0.019683721752300754,0.019683721752300754,True,False,False,success,True,7,-0.7057051658630371,9,37,4.111111111111111,37,4.111111111111111,0.021751744406563894,0.021751744406563894,False,True,False,toe_riser_under_clearance,True,1,-11.29776382446289,5,0,0.0,50,10.0,6.361738592709622e-08,0.04428189330630832
target_18cm,379,160290001,123,True,False,False,success,True,7,-1.5106782913208008,9,0,0.0,58,6.444444444444445,6.186256484852493e-08,0.023289890959858894,False,True,False,toe_riser_under_clearance,True,2,-12.647237777709961,3,38,12.666666666666666,38,12.666666666666666,0.060910597886189376,0.060910597886189376,False,True,False,toe_riser_under_clearance,True,2,-12.534370422363281,3,38,12.666666666666666,38,12.666666666666666,0.06122326257810071,0.06122326257810071,True,False,False,success,True,9,0.9607057571411133,9,0,0.0,44,4.888888888888889,6.334164721659436e-08,0.018635158297381823
target_18cm,380,160290001,124,False,True,False,toe_riser_under_clearance,True,8,-10.377042770385742,6,0,0.0,57,9.5,5.988699920399188e-08,0.03876051121512375,True,False,False,success,True,7,0.0022525787353515625,9,41,4.555555555555555,41,4.555555555555555,0.020260847978058234,0.020260847978058234,True,False,False,success,True,5,-2.2141342163085938,9,57,6.333333333333333,57,6.333333333333333,0.02460311699279668,0.02460311699279668,True,False,False,success,True,9,-5.555397987365723,9,0,0.0,97,10.777777777777779,5.990000977536364e-08,0.031864640912936844
target_18cm,381,160290001,125,False,True,False,toe_riser_under_clearance,True,2,-20.61219024658203,6,0,0.0,71,11.833333333333334,6.227647145059382e-08,0.02816056694667906,False,True,False,toe_riser_under_clearance,True,6,-12.111139297485352,9,52,5.777777777777778,52,5.777777777777778,0.02683198745352043,0.02683198745352043,False,True,False,toe_riser_under_clearance,True,6,-11.962520599365234,9,52,5.777777777777778,52,5.777777777777778,0.02718726579133455,0.02718726579133455,False,True,False,toe_riser_under_clearance,True,1,-8.623710632324219,8,0,0.0,40,5.0,6.425134838642661e-08,0.026374151540357015
target_18cm,382,160290001,126,False,True,False,toe_riser_under_clearance,True,5,-10.473947525024414,6,0,0.0,41,6.833333333333333,6.189416505245997e-08,0.03586631351047092,True,False,False,success,True,3,-4.074028015136719,9,66,7.333333333333333,66,7.333333333333333,0.025910345356116134,0.025910345356116134,True,False,False,success,True,5,-3.6884446144104004,9,71,7.888888888888889,71,7.888888888888889,0.0292124839929434,0.0292124839929434,False,True,False,toe_riser_under_clearance,True,5,-10.595405578613281,6,0,0.0,43,7.166666666666667,5.842891674219698e-08,0.036149671745960274
target_18cm,383,160290001,127,False,True,False,toe_riser_under_clearance,True,7,-13.655954360961914,9,0,0.0,47,5.222222222222222,6.636207888590026e-08,0.02157903876919575,True,False,False,success,True,5,-0.2423248291015625,9,43,4.777777777777778,43,4.777777777777778,0.024738658346780917,0.024738658346780917,True,False,False,success,True,5,-0.08472442626953125,9,42,4.666666666666667,42,4.666666666666667,0.02420721494948487,0.02420721494948487,True,False,False,success,True,8,-0.03066873550415039,9,0,0.0,51,5.666666666666667,6.471441902099024e-08,0.02241536211376348
target_18cm,384,160290001,128,False,True,False,toe_riser_under_clearance,True,1,-7.04555606842041,4,0,0.0,29,7.25,6.373326406199403e-08,0.03320576015271639,True,False,False,success,True,4,0.516718864440918,9,45,5.0,45,5.0,0.02253371188051431,0.02253371188051431,True,False,False,success,True,6,-0.8422694206237793,9,47,5.222222222222222,47,5.222222222222222,0.023348729172095056,0.023348729172095056,False,True,False,toe_riser_under_clearance,True,1,-7.1264262199401855,4,0,0.0,29,7.25,5.8682952381400554e-08,0.03250948517723421
target_18cm,385,160290001,129,True,False,False,success,True,4,-0.440399169921875,9,0,0.0,39,4.333333333333333,6.27449167497973e-08,0.01917225550236314,True,False,False,success,True,5,0.14002609252929688,9,39,4.333333333333333,39,4.333333333333333,0.017579032389896988,0.017579032389896988,True,False,False,success,True,6,1.4914591312408447,9,45,5.0,45,5.0,0.017067034058119535,0.017067034058119535,False,True,False,toe_riser_under_clearance,True,3,-10.49501895904541,9,0,0.0,51,5.666666666666667,6.903184860195243e-08,0.03333253271124336
target_18cm,386,160290001,130,True,False,False,success,True,4,-5.612175464630127,9,0,0.0,73,8.11111111111111,6.461046955047684e-08,0.032013603810513956,True,False,False,success,True,9,-2.621591091156006,9,64,7.111111111111111,64,7.111111111111111,0.03142988317610047,0.03142988317610047,True,False,False,success,True,7,-1.7543630599975586,9,66,7.333333333333333,66,7.333333333333333,0.02757712517784776,0.02757712517784776,True,False,False,success,True,6,-3.71505069732666,9,0,0.0,65,7.222222222222222,6.360129586126756e-08,0.027629682259966235
target_18cm,387,160290001,131,True,False,False,success,True,5,-3.006316661834717,9,0,0.0,49,5.444444444444445,6.392432129560982e-08,0.024886410357215987,True,False,False,success,True,6,-1.546069622039795,9,43,4.777777777777778,43,4.777777777777778,0.02389783731528691,0.02389783731528691,True,False,False,success,True,5,-1.9171996116638184,9,48,5.333333333333333,48,5.333333333333333,0.027083847889931238,0.027083847889931238,False,True,False,toe_riser_under_clearance,True,4,-11.509881019592285,9,0,0.0,53,5.888888888888889,6.671517749242581e-08,0.030430265308655415
target_18cm,388,160290001,132,True,False,False,success,True,9,-1.1285161972045898,9,0,0.0,51,5.666666666666667,6.170927796986498e-08,0.023030686276153435,True,False,False,success,True,4,-3.987029552459717,9,59,6.555555555555555,59,6.555555555555555,0.035329978400414144,0.035329978400414144,True,False,False,success,True,4,-3.473487377166748,9,61,6.777777777777778,61,6.777777777777778,0.03479077958840928,0.03479077958840928,False,True,False,toe_riser_under_clearance,True,6,-10.551843643188477,7,0,0.0,59,8.428571428571429,6.319520425002622e-08,0.03783480651543268
target_18cm,389,160290001,133,False,True,False,toe_riser_under_clearance,True,5,-7.365995407104492,4,0,0.0,38,9.5,5.623845085680049e-08,0.036831709646409555,False,True,False,toe_riser_under_clearance,True,8,-15.653792381286621,4,70,17.5,70,17.5,0.06116674011601503,0.06116674011601503,False,True,False,toe_riser_under_clearance,True,6,-11.005102157592773,2,45,22.5,45,22.5,0.03460450045509483,0.03460450045509483,False,True,False,toe_riser_under_clearance,True,12,-10.959009170532227,8,0,0.0,55,6.875,6.149764930142272e-08,0.026522036296565358
target_18cm,390,160290001,134,True,False,False,success,True,5,-1.5252294540405273,9,0,0.0,51,5.666666666666667,6.463565786141799e-08,0.019204415396908876,True,False,False,success,True,5,-0.4431285858154297,9,50,5.555555555555555,50,5.555555555555555,0.027154067240723775,0.027154067240723775,True,False,False,success,True,8,-0.7771897315979004,9,52,5.777777777777778,52,5.777777777777778,0.027552464610814533,0.027552464610814533,True,False,False,success,True,6,0.43575525283813477,9,0,0.0,36,4.0,6.353686535316553e-08,0.01703675625195827
target_18cm,391,160290001,135,False,True,False,toe_riser_under_clearance,True,1,-7.3383917808532715,1,0,0.0,22,22.0,5.166534163881087e-08,0.044987507003674404,True,False,False,success,True,7,-1.1524782180786133,9,46,5.111111111111111,46,5.111111111111111,0.021589818301501574,0.021589818301501574,True,False,False,success,True,6,-2.4541068077087402,9,49,5.444444444444445,49,5.444444444444445,0.02714379628499349,0.02714379628499349,False,True,False,toe_riser_under_clearance,True,2,-14.738546371459961,7,0,0.0,60,8.571428571428571,6.645144540449283e-08,0.04696411745888846
target_18cm,392,160290001,136,True,False,False,success,True,7,-1.3943500518798828,9,0,0.0,45,5.0,6.583784595788824e-08,0.022490147238450425,True,False,False,success,True,6,0.22200584411621094,9,37,4.111111111111111,37,4.111111111111111,0.018633253753592594,0.018633253753592594,True,False,False,success,True,7,-0.127227783203125,9,41,4.555555555555555,41,4.555555555555555,0.02100469439809773,0.02100469439809773,True,False,False,success,True,5,0.767458438873291,9,0,0.0,38,4.222222222222222,6.24069004003815e-08,0.01897149360042879
target_18cm,393,160290001,137,True,False,False,success,True,5,-0.03623628616333008,9,0,0.0,43,4.777777777777778,6.15701588849129e-08,0.018923838754718224,True,False,False,success,True,5,-1.8781251907348633,9,61,6.777777777777778,61,6.777777777777778,0.026923942970875216,0.026923942970875216,True,False,False,success,True,6,-2.0115928649902344,9,64,7.111111111111111,64,7.111111111111111,0.030253258244744664,0.030253258244744664,True,False,False,success,True,6,0.29493045806884766,9,0,0.0,37,4.111111111111111,6.392822966373122e-08,0.015265809751189916
target_18cm,394,160290001,138,False,True,False,toe_riser_under_clearance,True,2,-8.258235931396484,6,0,0.0,45,7.5,6.633360716529968e-08,0.03559861359772859,True,False,False,success,True,7,-3.6360602378845215,9,58,6.444444444444445,58,6.444444444444445,0.026764310836791993,0.026764310836791993,True,False,False,success,True,7,-0.0991201400756836,9,53,5.888888888888889,53,5.888888888888889,0.024547815322875977,0.024547815322875977,False,True,False,toe_riser_under_clearance,True,1,-8.10295295715332,6,0,0.0,45,7.5,6.43699003602839e-08,0.035226011438988174
target_18cm,395,160290001,139,False,True,False,toe_riser_under_clearance,True,4,-16.746749877929688,1,0,0.0,45,45.0,6.054262335243032e-08,0.047237074776981657,True,False,False,success,True,8,-0.7051196098327637,9,38,4.222222222222222,38,4.222222222222222,0.01835686039526309,0.01835686039526309,True,False,False,success,True,4,-1.405646800994873,9,51,5.666666666666667,51,5.666666666666667,0.026312934997698264,0.026312934997698264,False,True,False,toe_riser_under_clearance,True,11,-21.362852096557617,8,0,0.0,96,12.0,6.335426522714388e-08,0.03712995669854035
target_18cm,396,160290001,140,False,True,False,toe_riser_under_clearance,True,5,-12.724061965942383,9,0,0.0,46,5.111111111111111,6.829191079305019e-08,0.026532180607318878,False,True,False,toe_riser_under_clearance,True,2,-6.426313400268555,3,19,6.333333333333333,19,6.333333333333333,0.050242286791904366,0.050242286791904366,False,True,False,toe_riser_under_clearance,True,2,-6.427430152893066,3,19,6.333333333333333,19,6.333333333333333,0.05024472929590897,0.05024472929590897,True,False,False,success,True,7,-1.4872546195983887,9,0,0.0,39,4.333333333333333,6.333908211603219e-08,0.021862897212863823
target_18cm,397,160290001,141,True,False,False,success,True,7,0.2969040870666504,9,0,0.0,41,4.555555555555555,6.419118128746444e-08,0.02057502280533044,True,False,False,success,True,2,-1.0433659553527832,9,35,3.888888888888889,35,3.888888888888889,0.0276333710242962,0.0276333710242962,True,False,False,success,True,2,-1.0374159812927246,9,35,3.888888888888889,35,3.888888888888889,0.027634881008630513,0.027634881008630513,True,False,False,success,True,5,0.005767822265625,9,0,0.0,44,4.888888888888889,6.39569667068177e-08,0.021154070657397075
target_18cm,398,160290001,142,False,True,False,balance_or_other_fall,False,0,-5.204768180847168,3,0,0.0,22,7.333333333333333,5.873031561483546e-08,0.023119636855200323,True,False,False,success,True,7,-2.509891986846924,9,64,7.111111111111111,64,7.111111111111111,0.031695597771610316,0.031695597771610316,True,False,False,success,True,7,-1.8924784660339355,9,62,6.888888888888889,62,6.888888888888889,0.030045857032140095,0.030045857032140095,False,True,False,balance_or_other_fall,False,0,-5.221313953399658,3,0,0.0,22,7.333333333333333,6.009294819519539e-08,0.02310845489901398
target_18cm,399,160290001,143,False,True,False,toe_riser_under_clearance,True,7,-10.451818466186523,7,0,0.0,38,5.428571428571429,6.579722472870006e-08,0.029888028683869736,True,False,False,success,True,7,-3.0224523544311523,9,55,6.111111111111111,55,6.111111111111111,0.027379001340558453,0.027379001340558453,False,True,False,toe_riser_under_clearance,True,4,-10.872720718383789,7,52,7.428571428571429,52,7.428571428571429,0.05506267028600991,0.05506267028600991,False,True,False,toe_riser_under_clearance,True,4,-14.630380630493164,9,0,0.0,64,7.111111111111111,6.51892286383527e-08,0.029243929842685132
target_18cm,400,160290001,144,False,True,False,toe_riser_under_clearance,True,3,-6.098845481872559,1,0,0.0,17,17.0,5.325728125171736e-08,0.03164362216341323,True,False,False,success,True,6,-2.0136728286743164,9,48,5.333333333333333,48,5.333333333333333,0.020358822290981987,0.020358822290981987,False,True,False,toe_riser_under_clearance,True,3,-9.237689971923828,5,39,7.8,39,7.8,0.04814987428198556,0.04814987428198556,False,True,False,toe_riser_under_clearance,True,3,-6.094332695007324,1,0,0.0,17,17.0,4.936362898476638e-08,0.03159876146178315
target_18cm,401,160290001,145,True,False,False,success,True,3,-0.5095839500427246,9,0,0.0,42,4.666666666666667,6.52402061460859e-08,0.021718131407332048,True,False,False,success,True,5,-4.522210121154785,9,61,6.777777777777778,61,6.777777777777778,0.030091373268477693,0.030091373268477693,True,False,False,success,True,7,-6.2303972244262695,9,56,6.222222222222222,56,6.222222222222222,0.03402943530325162,0.03402943530325162,True,False,False,success,True,4,-0.8334774971008301,9,0,0.0,42,4.666666666666667,6.643343000825851e-08,0.022168102874059112
target_18cm,402,160290001,146,True,False,False,success,True,11,-5.310205459594727,9,0,0.0,69,7.666666666666667,6.298615320987415e-08,0.03028062932631549,False,True,False,toe_riser_under_clearance,True,3,-14.11729907989502,6,58,9.666666666666666,58,9.666666666666666,0.06197009010920449,0.06197009010920449,True,False,False,success,True,7,-2.875675678253174,9,54,6.0,54,6.0,0.026925006775794996,0.026925006775794996,True,False,False,success,True,7,-4.14003849029541,9,0,0.0,79,8.777777777777779,6.284342348958131e-08,0.030740693983784564
target_18cm,403,160290001,147,False,True,False,toe_riser_under_clearance,True,3,-11.45544719696045,9,0,0.0,41,4.555555555555555,6.131913282616671e-08,0.02022581402532655,True,False,False,success,True,5,-4.241212844848633,9,52,5.777777777777778,52,5.777777777777778,0.03580430232056784,0.03580430232056784,True,False,False,success,True,4,-4.6310296058654785,9,44,4.888888888888889,44,4.888888888888889,0.0406530672910983,0.0406530672910983,False,True,False,toe_riser_under_clearance,True,4,-11.841806411743164,9,0,0.0,47,5.222222222222222,6.687321943258319e-08,0.022365380196549774
target_18cm,404,160290001,148,True,False,False,success,True,5,-1.5686721801757812,9,0,0.0,60,6.666666666666667,6.5148352122974e-08,0.02610108153573398,True,False,False,success,True,8,-2.2585015296936035,9,47,5.222222222222222,47,5.222222222222222,0.025452861922453014,0.025452861922453014,True,False,False,success,True,8,-2.192185878753662,9,46,5.111111111111111,46,5.111111111111111,0.02435716141101926,0.02435716141101926,True,False,False,success,True,14,-2.349612236022949,9,0,0.0,67,7.444444444444445,6.207481051378982e-08,0.02835049180086247
target_18cm,405,160290001,149,True,False,False,success,True,4,-2.6504769325256348,9,0,0.0,58,6.444444444444445,6.443592717251512e-08,0.029007130848573467,True,False,False,success,True,8,-1.1071252822875977,9,39,4.333333333333333,39,4.333333333333333,0.02272726595401764,0.02272726595401764,True,False,False,success,True,5,0.5740671157836914,9,28,3.111111111111111,28,3.111111111111111,0.016099077098223627,0.016099077098223627,True,False,False,success,True,3,-8.815004348754883,9,0,0.0,85,9.444444444444445,6.471638684827507e-08,0.039358543075678
target_18cm,406,160290001,150,False,True,False,toe_riser_under_clearance,True,2,-13.32410717010498,8,0,0.0,61,7.625,7.034091611095737e-08,0.03812127825857579,True,False,False,success,True,7,-1.1890997886657715,9,55,6.111111111111111,55,6.111111111111111,0.02349407247298052,0.02349407247298052,True,False,False,success,True,6,-1.5021319389343262,9,59,6.555555555555555,59,6.555555555555555,0.024102074224026125,0.024102074224026125,True,False,False,success,True,5,-2.1231212615966797,9,0,0.0,52,5.777777777777778,6.737765153249456e-08,0.02443982896761657
target_18cm,407,160290001,151,True,False,False,success,True,5,-4.177545070648193,9,0,0.0,80,8.88888888888889,6.290560672202034e-08,0.029254539407414498,True,False,False,success,True,8,0.812014102935791,9,37,4.111111111111111,37,4.111111111111111,0.01577201403724719,0.01577201403724719,True,False,False,success,True,9,0.36107397079467773,9,36,4.0,36,4.0,0.016857572670640617,0.016857572670640617,True,False,False,success,True,5,-12.057497024536133,9,0,0.0,101,11.222222222222221,6.21748365000292e-08,0.03386877558608175
target_18cm,408,160290001,152,True,False,False,success,True,9,-3.842918872833252,9,0,0.0,59,6.555555555555555,6.271100415767211e-08,0.020995352371879245,True,False,False,success,True,7,-1.0134553909301758,9,36,4.0,36,4.0,0.01917840199298169,0.01917840199298169,True,False,False,success,True,7,-1.4515180587768555,9,35,3.888888888888889,35,3.888888888888889,0.019285116440210588,0.019285116440210588,True,False,False,success,True,7,0.7110552787780762,9,0,0.0,49,5.444444444444445,6.236032148092063e-08,0.022344544741493208
target_18cm,409,160290001,153,True,False,False,success,True,7,-0.27541685104370117,9,0,0.0,46,5.111111111111111,6.218250505460551e-08,0.022262771139031814,True,False,False,success,True,5,-2.0229697227478027,9,64,7.111111111111111,64,7.111111111111111,0.02761987037581937,0.02761987037581937,True,False,False,success,True,8,-1.6642866134643555,9,49,5.444444444444445,49,5.444444444444445,0.020905442488820928,0.020905442488820928,True,False,False,success,True,9,-0.17370271682739258,9,0,0.0,48,5.333333333333333,6.171034643627043e-08,0.021908877121370803
target_18cm,410,160290001,154,True,False,False,success,True,9,-1.7504773139953613,9,0,0.0,50,5.555555555555555,6.336467214571984e-08,0.024883101158535356,True,False,False,success,True,4,-1.0308866500854492,9,51,5.666666666666667,51,5.666666666666667,0.028520319430313447,0.028520319430313447,True,False,False,success,True,4,-1.8942828178405762,9,50,5.555555555555555,50,5.555555555555555,0.0282357446770919,0.0282357446770919,True,False,False,success,True,9,-1.8650670051574707,9,0,0.0,47,5.222222222222222,6.566667707375017e-08,0.024456801017125447
target_18cm,411,160290001,155,True,False,False,success,True,6,-4.790034294128418,9,0,0.0,78,8.666666666666666,6.264071015647386e-08,0.025147159357328672,True,False,False,success,True,5,0.3259744644165039,9,44,4.888888888888889,44,4.888888888888889,0.02010098186381978,0.02010098186381978,True,False,False,success,True,5,0.9810736179351807,9,39,4.333333333333333,39,4.333333333333333,0.018191376385903204,0.018191376385903204,True,False,False,success,True,4,-0.17690563201904297,9,0,0.0,56,6.222222222222222,6.30335885660072e-08,0.018560891700943164
target_18cm,412,160290001,156,True,False,False,success,True,8,-0.7355027198791504,9,0,0.0,35,3.888888888888889,6.401997963452285e-08,0.01630242989987743,True,False,False,success,True,6,-2.841400146484375,9,54,6.0,54,6.0,0.03170656825220862,0.03170656825220862,True,False,False,success,True,6,-0.7812280654907227,9,35,3.888888888888889,35,3.888888888888889,0.020768703617714795,0.020768703617714795,True,False,False,success,True,6,-3.0841312408447266,9,0,0.0,61,6.777777777777778,6.243627245082459e-08,0.02310209862043559
target_18cm,413,160290001,157,False,True,False,toe_riser_under_clearance,True,8,-14.838075637817383,9,0,0.0,68,7.555555555555555,6.317497312000385e-08,0.03269123366154523,True,False,False,success,True,11,0.08517026901245117,9,43,4.777777777777778,43,4.777777777777778,0.017490772061821775,0.017490772061821775,False,True,False,toe_riser_under_clearance,True,7,-9.358776092529297,5,36,7.2,36,7.2,0.03484592728942405,0.03484592728942405,False,True,False,toe_riser_under_clearance,True,5,-11.615129470825195,3,0,0.0,58,19.333333333333332,5.957334186819229e-08,0.03170450125167619
target_18cm,414,160290001,158,True,False,False,success,True,6,-0.30370664596557617,9,0,0.0,50,5.555555555555555,6.429358031699679e-08,0.02435732634542239,False,True,False,toe_riser_under_clearance,True,8,-12.22603988647461,8,60,7.5,60,7.5,0.04128085785781556,0.04128085785781556,False,True,False,toe_riser_under_clearance,True,9,-12.818975448608398,8,64,8.0,64,8.0,0.045356753205302094,0.045356753205302094,True,False,False,success,True,6,-0.6007919311523438,9,0,0.0,50,5.555555555555555,6.373000451900679e-08,0.02537162571258894
target_18cm,415,160290001,159,True,False,False,success,True,8,-1.2063713073730469,9,0,0.0,62,6.888888888888889,6.105719634900447e-08,0.021086250575242844,True,False,False,success,True,7,-2.717867374420166,9,65,7.222222222222222,65,7.222222222222222,0.025968287962771404,0.025968287962771404,True,False,False,success,True,11,-1.5955662727355957,9,52,5.777777777777778,52,5.777777777777778,0.021631328490943826,0.021631328490943826,True,False,False,success,True,7,-1.3147506713867188,9,0,0.0,67,7.444444444444445,6.231554423180644e-08,0.02321619467146708
target_18cm,416,160290001,160,False,True,False,toe_riser_under_clearance,True,1,-9.12662124633789,3,0,0.0,42,14.0,5.989704501364843e-08,0.05059789279995836,True,False,False,success,True,8,-1.3238673210144043,9,40,4.444444444444445,40,4.444444444444445,0.01904159699571076,0.01904159699571076,True,False,False,success,True,8,0.0346531867980957,9,39,4.333333333333333,39,4.333333333333333,0.017250828076434393,0.017250828076434393,False,True,False,toe_riser_under_clearance,True,1,-9.084993362426758,3,0,0.0,42,14.0,5.828586822437113e-08,0.05063284472160533
target_18cm,417,160290001,161,False,True,False,balance_or_other_fall,False,0,-6.589744567871094,2,0,0.0,31,15.5,5.8609593372025036e-08,0.03918623082778033,True,False,False,success,True,6,-0.44808483123779297,9,51,5.666666666666667,51,5.666666666666667,0.026117647676531616,0.026117647676531616,True,False,False,success,True,6,-1.1563262939453125,9,49,5.444444444444445,49,5.444444444444445,0.02694262312961781,0.02694262312961781,False,True,False,balance_or_other_fall,False,0,-6.002615928649902,2,0,0.0,30,15.0,6.073363609217247e-08,0.03382546600254103
target_18cm,418,160290001,162,False,True,False,toe_riser_under_clearance,True,9,-10.469377517700195,9,0,0.0,44,4.888888888888889,6.674049702474366e-08,0.02742194280426297,True,False,False,success,True,8,-1.0580668449401855,9,41,4.555555555555555,41,4.555555555555555,0.020500223687354553,0.020500223687354553,False,True,False,toe_riser_under_clearance,True,6,-8.567123413085938,8,45,5.625,45,5.625,0.03086017250628919,0.03086017250628919,True,False,False,success,True,8,-1.9150166511535645,9,0,0.0,43,4.777777777777778,6.614648394615335e-08,0.02173518461339614
target_18cm,419,160290001,163,False,True,False,toe_riser_under_clearance,True,4,-6.351326942443848,4,0,0.0,40,10.0,5.860665623913519e-08,0.03263980792118953,True,False,False,success,True,5,0.008612632751464844,9,42,4.666666666666667,42,4.666666666666667,0.021563622558001174,0.021563622558001174,True,False,False,success,True,6,-5.971770286560059,9,66,7.333333333333333,66,7.333333333333333,0.032424608866373696,0.032424608866373696,False,True,False,toe_riser_under_clearance,True,2,-7.705299377441406,7,0,0.0,41,5.857142857142857,6.145800406326412e-08,0.023372942087601642
target_18cm,420,160290001,164,False,True,False,toe_riser_under_clearance,True,6,-10.916472434997559,4,0,0.0,41,10.25,6.466253853103798e-08,0.03735232094995382,True,False,False,success,True,6,-2.5165295600891113,9,67,7.444444444444445,67,7.444444444444445,0.031494280984324795,0.031494280984324795,False,True,False,toe_riser_under_clearance,True,4,-20.14772605895996,8,79,9.875,79,9.875,0.047462677287164134,0.047462677287164134,False,True,False,toe_riser_under_clearance,True,6,-13.875868797302246,9,0,0.0,63,7.0,6.001487313138352e-08,0.02705803923238693
target_18cm,421,160290001,165,True,False,False,success,True,5,-0.6058354377746582,9,0,0.0,51,5.666666666666667,6.270485187510243e-08,0.017785620068971997,True,False,False,success,True,5,-2.650963306427002,9,42,4.666666666666667,42,4.666666666666667,0.02674259458269392,0.02674259458269392,True,False,False,success,True,3,-3.9075722694396973,9,50,5.555555555555555,50,5.555555555555555,0.02602506499005179,0.02602506499005179,False,True,False,toe_riser_under_clearance,True,7,-11.195842742919922,9,0,0.0,36,4.0,7.005234070483742e-08,0.019729895340768914
target_18cm,422,160290001,166,True,False,False,success,True,6,0.4046363830566406,9,0,0.0,63,7.0,6.101216217671156e-08,0.026177977427783574,True,False,False,success,True,3,-3.408080577850342,9,54,6.0,54,6.0,0.03185743998332196,0.03185743998332196,True,False,False,success,True,2,-2.0210018157958984,9,58,6.444444444444445,58,6.444444444444445,0.030763094440716725,0.030763094440716725,True,False,False,success,True,4,-0.1259441375732422,9,0,0.0,55,6.111111111111111,6.231608722373494e-08,0.02345595359802246
target_18cm,423,160290001,167,True,False,False,success,True,7,-7.862668991088867,9,0,0.0,102,11.333333333333334,5.754970567200576e-08,0.033993360667018864,True,False,False,success,True,8,-2.03560209274292,9,48,5.333333333333333,48,5.333333333333333,0.0246676498584533,0.0246676498584533,True,False,False,success,True,7,0.1830902099609375,9,34,3.7777777777777777,34,3.7777777777777777,0.015783433520465816,0.015783433520465816,False,True,False,toe_riser_under_clearance,True,3,-17.35321807861328,3,0,0.0,51,17.0,5.563490696535525e-08,0.03909792172706733
target_18cm,424,160290001,168,True,False,False,success,True,10,0.009996414184570312,9,0,0.0,46,5.111111111111111,6.221807473522265e-08,0.02380551756098029,True,False,False,success,True,7,-2.2476959228515625,9,33,3.6666666666666665,33,3.6666666666666665,0.022763846148508154,0.022763846148508154,True,False,False,success,True,5,-1.27504301071167,9,39,4.333333333333333,39,4.333333333333333,0.025775632550639492,0.025775632550639492,True,False,False,success,True,6,-1.8795347213745117,9,0,0.0,50,5.555555555555555,6.537964070413538e-08,0.027770785887114135
target_18cm,425,160290001,169,False,True,False,toe_riser_under_clearance,True,8,-14.140218734741211,7,0,0.0,78,11.142857142857142,6.465523039475718e-08,0.0420870490897891,True,False,False,success,True,5,-1.2666888236999512,9,43,4.777777777777778,43,4.777777777777778,0.022808323043058482,0.022808323043058482,False,True,False,toe_riser_under_clearance,True,8,-10.700490951538086,9,45,5.0,45,5.0,0.02252662454852621,0.02252662454852621,True,False,False,success,True,5,0.898158073425293,9,0,0.0,35,3.888888888888889,6.373216936723141e-08,0.015972121594354263
target_18cm,426,160290001,170,True,False,False,success,True,7,-1.8266944885253906,9,0,0.0,69,7.666666666666667,6.088119331951913e-08,0.027279590366345037,True,False,False,success,True,4,-0.6670370101928711,9,45,5.0,45,5.0,0.022036048403957433,0.022036048403957433,True,False,False,success,True,4,-1.1784281730651855,9,62,6.888888888888889,62,6.888888888888889,0.028573923612895766,0.028573923612895766,True,False,False,success,True,4,-2.6175785064697266,9,0,0.0,68,7.555555555555555,5.991027383481772e-08,0.030696390362396783
target_18cm,427,160290001,171,True,False,False,success,True,6,-2.304210662841797,9,0,0.0,57,6.333333333333333,6.516351509452897e-08,0.02582522656055207,False,True,False,toe_riser_under_clearance,True,5,-14.24779224395752,6,77,12.833333333333334,77,12.833333333333334,0.04833828043242032,0.04833828043242032,False,True,False,toe_riser_under_clearance,True,9,-13.648369789123535,7,74,10.571428571428571,74,10.571428571428571,0.03618004606297996,0.03618004606297996,True,False,False,success,True,4,-1.7633357048034668,9,0,0.0,54,6.0,6.689502187302572e-08,0.023301053098233406
target_18cm,428,160290001,172,False,True,False,toe_riser_under_clearance,True,2,-8.351709365844727,5,0,0.0,37,7.4,6.510369038682228e-08,0.037202178272291844,False,True,False,toe_riser_under_clearance,True,1,-7.927289962768555,4,32,8.0,32,8.0,0.04860751605728297,0.04860751605728297,False,True,False,toe_riser_under_clearance,True,1,-7.930529594421387,4,32,8.0,32,8.0,0.048614228813393605,0.048614228813393605,False,True,False,toe_riser_under_clearance,True,2,-8.17956829071045,5,0,0.0,37,7.4,6.739255235664517e-08,0.03674565029515366
target_18cm,429,160290001,173,False,True,False,toe_riser_under_clearance,True,1,-9.107234001159668,5,0,0.0,43,8.6,6.468024311226416e-08,0.03752885338004309,True,False,False,success,True,4,-3.9266834259033203,9,69,7.666666666666667,69,7.666666666666667,0.027953894397292692,0.027953894397292692,True,False,False,success,True,8,-1.7720355987548828,9,59,6.555555555555555,59,6.555555555555555,0.028495724191142536,0.028495724191142536,False,True,False,balance_or_other_fall,False,0,-7.825345039367676,5,0,0.0,39,7.8,6.314762176911646e-08,0.03287643079131727
target_18cm,430,160290001,174,False,True,False,toe_riser_under_clearance,True,8,-16.007619857788086,9,0,0.0,82,9.11111111111111,6.430708554851393e-08,0.036837711214770356,True,False,False,success,True,2,-2.9730191230773926,9,56,6.222222222222222,56,6.222222222222222,0.03161327008208538,0.03161327008208538,True,False,False,success,True,1,-3.057644844055176,9,58,6.444444444444445,58,6.444444444444445,0.032471479069102895,0.032471479069102895,True,False,False,success,True,4,-0.7763991355895996,9,0,0.0,39,4.333333333333333,6.774511326424194e-08,0.01992722706622388
target_18cm,431,160290001,175,True,False,False,success,True,7,-1.543036937713623,9,0,0.0,39,4.333333333333333,6.060600962435452e-08,0.01792594057614686,True,False,False,success,True,7,0.2476820945739746,9,37,4.111111111111111,37,4.111111111111111,0.01860267386588876,0.01860267386588876,True,False,False,success,True,7,0.26605701446533203,9,37,4.111111111111111,37,4.111111111111111,0.018601256418445882,0.018601256418445882,True,False,False,success,True,12,-0.334808349609375,9,0,0.0,43,4.777777777777778,6.198043968016176e-08,0.021049121517798353
target_18cm,432,160290001,176,True,False,False,success,True,5,-1.9063959121704102,9,0,0.0,51,5.666666666666667,6.369343113109873e-08,0.023185400836235655,True,False,False,success,True,5,-1.0081181526184082,9,47,5.222222222222222,47,5.222222222222222,0.020757964465408646,0.020757964465408646,True,False,False,success,True,4,-2.5372610092163086,9,44,4.888888888888889,44,4.888888888888889,0.023660478137788318,0.023660478137788318,True,False,False,success,True,5,1.8543620109558105,9,0,0.0,36,4.0,6.279568065349993e-08,0.0118279346666838
target_18cm,433,160290001,177,True,False,False,success,True,7,-3.351869583129883,9,0,0.0,59,6.555555555555555,6.649788548405585e-08,0.027841024760958514,True,False,False,success,True,4,-4.8320488929748535,9,68,7.555555555555555,68,7.555555555555555,0.0315522120250919,0.0315522120250919,True,False,False,success,True,4,-8.965499877929688,9,77,8.555555555555555,77,8.555555555555555,0.028902437998633502,0.028902437998633502,False,True,False,toe_riser_under_clearance,True,7,-19.93581199645996,7,0,0.0,80,11.428571428571429,6.158957295420189e-08,0.04349710197858913
target_18cm,434,160290001,178,True,False,False,success,True,3,-2.804075241088867,9,0,0.0,46,5.111111111111111,6.554046194651164e-08,0.029062020896685005,True,False,False,success,True,7,-1.8479723930358887,9,40,4.444444444444445,40,4.444444444444445,0.02234897654280703,0.02234897654280703,False,True,False,toe_riser_under_clearance,True,1,-5.203892230987549,3,24,8.0,24,8.0,0.02485122539029263,0.02485122539029263,True,False,False,success,True,2,-2.9126625061035156,9,0,0.0,52,5.777777777777778,6.909314727309344e-08,0.028882544314657272
target_18cm,435,160290001,179,True,False,False,success,True,8,-1.4529781341552734,9,0,0.0,57,6.333333333333333,6.842908364550803e-08,0.01991541638880789,True,False,False,success,True,7,-0.994086742401123,9,40,4.444444444444445,40,4.444444444444445,0.01829731270774611,0.01829731270774611,True,False,False,success,True,7,-1.657508373260498,9,41,4.555555555555555,41,4.555555555555555,0.019434653489288113,0.019434653489288113,True,False,False,success,True,9,-4.521634578704834,9,0,0.0,87,9.666666666666666,6.27747682564095e-08,0.02718371623979811
target_18cm,436,160290001,180,True,False,False,success,True,6,-1.5229926109313965,9,0,0.0,43,4.777777777777778,6.411661078428469e-08,0.023712700063532047,True,False,False,success,True,9,-2.7456817626953125,9,58,6.444444444444445,58,6.444444444444445,0.025938212871551514,0.025938212871551514,True,False,False,success,True,6,-0.6935920715332031,9,40,4.444444444444445,40,4.444444444444445,0.021206701182883623,0.021206701182883623,False,True,False,toe_riser_under_clearance,True,12,-28.423847198486328,6,0,0.0,93,15.5,6.810984118868981e-08,0.0848247662712546
target_18cm,437,160290001,181,True,False,False,success,True,6,-1.3206372261047363,9,0,0.0,61,6.777777777777778,6.19271168459172e-08,0.023059263853269202,True,False,False,success,True,3,-0.1872706413269043,9,47,5.222222222222222,47,5.222222222222222,0.02484800794103124,0.02484800794103124,True,False,False,success,True,3,-1.1702351570129395,9,47,5.222222222222222,47,5.222222222222222,0.025011537421462882,0.025011537421462882,True,False,False,success,True,6,-2.8773508071899414,9,0,0.0,73,8.11111111111111,6.311867582216058e-08,0.02641753761135802
target_18cm,438,160290001,182,True,False,False,success,True,8,-9.293790817260742,9,0,0.0,54,6.0,6.424387385763644e-08,0.026715908895797582,True,False,False,success,True,3,-2.5820088386535645,9,46,5.111111111111111,46,5.111111111111111,0.030862972250148765,0.030862972250148765,True,False,False,success,True,3,-2.5367298126220703,9,46,5.111111111111111,46,5.111111111111111,0.030611695753624504,0.030611695753624504,True,False,False,success,True,5,-2.138138771057129,9,0,0.0,48,5.333333333333333,6.557706401019352e-08,0.026273182154770924
target_18cm,439,160290001,183,False,True,False,toe_riser_under_clearance,True,9,-13.45026969909668,8,0,0.0,79,9.875,6.322741101734953e-08,0.046086840133112796,True,False,False,success,True,8,-0.1489405632019043,9,37,4.111111111111111,37,4.111111111111111,0.020964733170874324,0.020964733170874324,True,False,False,success,True,9,-14.151355743408203,9,66,7.333333333333333,66,7.333333333333333,0.037142496039397524,0.037142496039397524,False,True,False,toe_riser_under_clearance,True,10,-13.576667785644531,7,0,0.0,71,10.142857142857142,6.643381130798851e-08,0.051160286212789605
target_18cm,440,160290001,184,False,True,False,toe_riser_under_clearance,True,2,-10.03717041015625,4,0,0.0,46,11.5,5.939665033320825e-08,0.04776022617633526,True,False,False,success,True,8,-1.0005989074707031,9,40,4.444444444444445,40,4.444444444444445,0.018333986401557922,0.018333986401557922,True,False,False,success,True,8,-0.4755840301513672,9,38,4.222222222222222,38,4.222222222222222,0.018197317145236296,0.018197317145236296,False,True,False,toe_riser_under_clearance,True,1,-7.316497802734375,4,0,0.0,42,10.5,5.977102029481268e-08,0.035173860463229095
target_18cm,441,160290001,185,True,False,False,success,True,7,-0.5657358169555664,9,0,0.0,34,3.7777777777777777,6.521893709211591e-08,0.014808398606276673,False,True,False,toe_riser_under_clearance,True,3,-11.168608665466309,5,39,7.8,39,7.8,0.052803059173709574,0.052803059173709574,False,True,False,toe_riser_under_clearance,True,3,-11.159770011901855,5,39,7.8,39,7.8,0.05279007664433232,0.05279007664433232,True,False,False,success,True,7,-2.7293710708618164,9,0,0.0,64,7.111111111111111,6.257465260162906e-08,0.02748471452284229
target_18cm,442,160290001,186,True,False,False,success,True,8,-1.1682372093200684,9,0,0.0,49,5.444444444444445,6.19574103273053e-08,0.02651289973868764,False,True,False,toe_riser_under_clearance,True,12,-36.33115768432617,7,96,13.714285714285714,96,13.714285714285714,0.08211634076874831,0.08211634076874831,False,True,False,toe_riser_under_clearance,True,5,-13.70030403137207,9,52,5.777777777777778,52,5.777777777777778,0.02653161339137865,0.02653161339137865,True,False,False,success,True,7,-0.7545375823974609,9,0,0.0,50,5.555555555555555,6.11318721080591e-08,0.02641381916246916
target_18cm,443,160290001,187,True,False,False,success,True,8,-0.03007793426513672,9,0,0.0,40,4.444444444444445,6.368090103611629e-08,0.017397336678710382,False,True,False,toe_riser_under_clearance,True,4,-12.558348655700684,8,54,6.75,54,6.75,0.0474083283368279,0.0474083283368279,False,True,False,toe_riser_under_clearance,True,4,-12.537753105163574,8,54,6.75,54,6.75,0.04734691732070025,0.04734691732070025,True,False,False,success,True,9,-5.030144214630127,9,0,0.0,72,8.0,6.146105141343528e-08,0.028567303269534963
target_18cm,444,160290001,188,False,True,False,toe_riser_under_clearance,True,1,-6.132917404174805,2,0,0.0,30,15.0,5.905550647128868e-08,0.03559625884633005,True,False,False,success,True,7,-3.0212130546569824,9,59,6.555555555555555,59,6.555555555555555,0.02924235910177231,0.02924235910177231,True,False,False,success,True,5,-3.0628652572631836,9,58,6.444444444444445,58,6.444444444444445,0.030139768731567654,0.030139768731567654,False,True,False,toe_riser_under_clearance,True,1,-6.102360248565674,2,0,0.0,30,15.0,5.576275388766253e-08,0.03559683281698345
target_18cm,445,160290001,189,True,False,False,success,True,7,-0.45123720169067383,9,0,0.0,47,5.222222222222222,6.313891178018502e-08,0.02188721980564038,True,False,False,success,True,7,-1.5705265998840332,9,45,5.0,45,5.0,0.023644140865025896,0.023644140865025896,False,True,False,toe_riser_under_clearance,True,5,-14.94489860534668,8,38,4.75,38,4.75,0.04367090526380037,0.04367090526380037,True,False,False,success,True,9,-1.0636725425720215,9,0,0.0,49,5.444444444444445,6.46646934606809e-08,0.022958412524442386
target_18cm,446,160290001,190,True,False,False,success,True,6,-3.511155128479004,9,0,0.0,60,6.666666666666667,6.309684510380712e-08,0.029880480950815858,False,True,False,toe_riser_under_clearance,True,4,-12.70132827758789,7,59,8.428571428571429,59,8.428571428571429,0.03661203122400975,0.03661203122400975,True,False,False,success,True,5,-7.764645099639893,9,84,9.333333333333334,84,9.333333333333334,0.0316818359375,0.0316818359375,True,False,False,success,True,6,-2.6891603469848633,9,0,0.0,59,6.555555555555555,6.274174308929981e-08,0.030007717311991748
target_18cm,447,160290001,191,True,False,False,success,True,5,-0.6978363990783691,9,0,0.0,38,4.222222222222222,6.444335547604669e-08,0.01962173175160054,True,False,False,success,True,13,-4.594900131225586,9,76,8.444444444444445,76,8.444444444444445,0.028433058191748226,0.028433058191748226,True,False,False,success,True,9,-2.7022643089294434,9,70,7.777777777777778,70,7.777777777777778,0.024954434898164537,0.024954434898164537,False,True,False,toe_riser_under_clearance,True,2,-8.968297958374023,8,0,0.0,34,4.25,7.081697405715485e-08,0.021398679709728852
target_18cm,448,160290001,192,False,True,False,toe_riser_under_clearance,True,28,-63.7559700012207,3,0,0.0,286,95.33333333333333,5.931692786216167e-08,0.15940743948667105,False,True,False,toe_riser_under_clearance,True,7,-12.760578155517578,9,57,6.333333333333333,57,6.333333333333333,0.03333500915231774,0.03333500915231774,True,False,False,success,True,2,-1.4367456436157227,9,41,4.555555555555555,41,4.555555555555555,0.025658397148725084,0.025658397148725084,False,True,False,toe_riser_under_clearance,True,2,-9.387994766235352,3,0,0.0,35,11.666666666666666,6.340790557132917e-08,0.049501391424649
target_18cm,449,160290001,193,True,False,False,success,True,7,0.4558091163635254,9,0,0.0,37,4.111111111111111,6.256547129205306e-08,0.017398474052229856,False,True,False,balance_or_other_fall,False,0,-6.563373565673828,3,22,7.333333333333333,22,7.333333333333333,0.052228063344955444,0.052228063344955444,False,True,False,balance_or_other_fall,False,0,-6.5651092529296875,3,21,7.0,21,7.0,0.052203231387668185,0.052203231387668185,True,False,False,success,True,6,-0.25954580307006836,9,0,0.0,48,5.333333333333333,6.582149375167916e-08,0.02045791720912467
target_18cm,450,160290001,194,True,False,False,success,True,8,-0.28748035430908203,9,0,0.0,44,4.888888888888889,6.544101896936134e-08,0.020870173581734233,True,False,False,success,True,6,0.13132143020629883,9,39,4.333333333333333,39,4.333333333333333,0.02016658358054586,0.02016658358054586,True,False,False,success,True,4,-1.4384183883666992,9,46,5.111111111111111,46,5.111111111111111,0.0235545462750374,0.0235545462750374,True,False,False,success,True,8,-3.512237071990967,9,0,0.0,64,7.111111111111111,6.378214364030832e-08,0.025171040094386764
target_18cm,451,160290001,195,True,False,False,success,True,7,-0.37371301651000977,9,0,0.0,69,7.666666666666667,6.226663886804447e-08,0.026147674845757887,False,True,False,toe_riser_under_clearance,True,3,-13.951700210571289,3,38,12.666666666666666,38,12.666666666666666,0.06547958071869199,0.06547958071869199,False,True,False,toe_riser_under_clearance,True,6,-14.437074661254883,7,68,9.714285714285714,68,9.714285714285714,0.05035381470544728,0.05035381470544728,True,False,False,success,True,8,-0.31416749954223633,9,0,0.0,66,7.333333333333333,6.089286686770781e-08,0.026558343045963738
target_18cm,452,160290001,196,False,True,False,toe_riser_under_clearance,True,4,-12.616209030151367,7,0,0.0,48,6.857142857142857,6.645460458923142e-08,0.032777780710264694,True,False,False,success,True,5,-1.6666369438171387,9,57,6.333333333333333,57,6.333333333333333,0.03130000640675583,0.03130000640675583,True,False,False,success,True,6,-1.284106731414795,9,54,6.0,54,6.0,0.028429498980122227,0.028429498980122227,False,True,False,toe_riser_under_clearance,True,7,-10.196710586547852,8,0,0.0,54,6.75,6.709029426858058e-08,0.028870308199408334
target_18cm,453,160290001,197,True,False,False,success,True,6,-0.5471987724304199,9,0,0.0,38,4.222222222222222,6.402587713479247e-08,0.021495468191314766,False,True,False,toe_riser_under_clearance,True,2,-6.649250030517578,4,28,7.0,28,7.0,0.03758593513852074,0.03758593513852074,False,True,False,toe_riser_under_clearance,True,2,-6.651015281677246,4,28,7.0,28,7.0,0.037584173111688525,0.037584173111688525,True,False,False,success,True,7,-1.6767659187316895,9,0,0.0,44,4.888888888888889,6.707587890888293e-08,0.024349442992199623
target_18cm,454,160290001,198,True,False,False,success,True,5,-3.3672232627868652,9,0,0.0,59,6.555555555555555,6.271254106054428e-08,0.030670733287416655,False,True,False,toe_riser_under_clearance,True,4,-5.85630989074707,4,31,7.75,31,7.75,0.027840937199613974,0.027840937199613974,False,True,False,toe_riser_under_clearance,True,2,-19.02729606628418,4,52,13.0,52,13.0,0.08455547104533921,0.08455547104533921,True,False,False,success,True,4,-3.6914262771606445,9,0,0.0,62,6.888888888888889,6.160373269100389e-08,0.03054982010199099
target_18cm,455,160290001,199,True,False,False,success,True,6,-1.7061138153076172,9,0,0.0,61,6.777777777777778,6.073731348177529e-08,0.02636641129881814,True,False,False,success,True,7,-6.8751373291015625,9,75,8.333333333333334,75,8.333333333333334,0.03551221239394036,0.03551221239394036,False,True,False,toe_riser_under_clearance,True,15,-13.958551406860352,9,58,6.444444444444445,58,6.444444444444445,0.03571412176543229,0.03571412176543229,True,False,False,success,True,5,-1.950331687927246,9,0,0.0,62,6.888888888888889,6.397712581929227e-08,0.02588551491498947
target_18cm,456,160290001,200,True,False,False,success,True,3,-1.3485212326049805,9,0,0.0,41,4.555555555555555,6.559821486007422e-08,0.020342247337815863,True,False,False,success,True,11,-2.0371780395507812,9,57,6.333333333333333,57,6.333333333333333,0.026016954391721695,0.026016954391721695,True,False,False,success,True,6,-2.313652515411377,9,62,6.888888888888889,62,6.888888888888889,0.02742989213181316,0.02742989213181316,True,False,False,success,True,10,-1.1025195121765137,9,0,0.0,45,5.0,6.32961966535362e-08,0.022729877311151146
target_18cm,457,160290001,201,True,False,False,success,True,11,-6.036583423614502,9,0,0.0,84,9.333333333333334,6.249087743233941e-08,0.031045883997088897,False,True,False,toe_riser_under_clearance,True,5,-15.029570579528809,4,70,17.5,70,17.5,0.05567272849704908,0.05567272849704908,False,True,False,toe_riser_under_clearance,True,3,-14.970325469970703,1,30,30.0,30,30.0,0.04261385289634146,0.04261385289634146,False,True,False,toe_riser_under_clearance,True,3,-11.121301651000977,9,0,0.0,45,5.0,6.279247250725947e-08,0.02190241697357922
target_18cm,458,160290001,202,True,False,False,success,True,3,-7.227962493896484,9,0,0.0,84,9.333333333333334,6.23963690789727e-08,0.03038532892862956,True,False,False,success,True,5,-3.979957103729248,9,63,7.0,63,7.0,0.03052619733308491,0.03052619733308491,True,False,False,success,True,9,-2.837761402130127,9,58,6.444444444444445,58,6.444444444444445,0.027600603703311202,0.027600603703311202,True,False,False,success,True,3,-2.900689125061035,9,0,0.0,70,7.777777777777778,5.9516422250410525e-08,0.022739592744210852
target_18cm,459,160290001,203,True,False,False,success,True,4,-0.4988069534301758,9,0,0.0,40,4.444444444444445,6.536950478425287e-08,0.01839748693972218,True,False,False,success,True,6,-0.9658455848693848,9,57,6.333333333333333,57,6.333333333333333,0.02718044312532283,0.02718044312532283,False,True,False,toe_riser_under_clearance,True,5,-10.739435195922852,6,43,7.166666666666667,43,7.166666666666667,0.04266619935052555,0.04266619935052555,True,False,False,success,True,4,-0.8839850425720215,9,0,0.0,40,4.444444444444445,6.399070758454721e-08,0.019295443366555608
target_18cm,460,160290001,204,False,True,False,balance_or_other_fall,False,0,-4.700508117675781,1,0,0.0,20,20.0,5.197352386600004e-08,0.02254957770123894,False,True,False,toe_riser_under_clearance,True,5,-15.255067825317383,7,50,7.142857142857143,50,7.142857142857143,0.041944479942321776,0.041944479942321776,False,True,False,toe_riser_under_clearance,True,6,-21.10263442993164,7,58,8.285714285714286,58,8.285714285714286,0.06578189954845183,0.06578189954845183,False,True,False,balance_or_other_fall,False,0,-4.704999923706055,1,0,0.0,20,20.0,5.200052799881194e-08,0.022551745544245213
target_18cm,461,160290001,205,True,False,False,success,True,9,-1.911613941192627,9,0,0.0,57,6.333333333333333,6.444272349610748e-08,0.025776739244337207,True,False,False,success,True,4,-7.661608695983887,9,64,7.111111111111111,64,7.111111111111111,0.03557402407961194,0.03557402407961194,True,False,False,success,True,4,-6.391723155975342,9,64,7.111111111111111,64,7.111111111111111,0.03401959460714589,0.03401959460714589,True,False,False,success,True,7,-1.3723936080932617,9,0,0.0,55,6.111111111111111,6.322564634804924e-08,0.024192365426123793
target_18cm,462,160290001,206,True,False,False,success,True,4,-1.1244134902954102,9,0,0.0,55,6.111111111111111,6.01379739007854e-08,0.023720709357674667,False,True,False,toe_riser_under_clearance,True,4,-13.157767295837402,1,36,36.0,36,36.0,0.04720122099928715,0.04720122099928715,False,True,False,toe_riser_under_clearance,True,4,-13.099967956542969,1,36,36.0,36,36.0,0.04698185981074466,0.04698185981074466,True,False,False,success,True,2,-1.495387077331543,9,0,0.0,59,6.555555555555555,6.090605744916223e-08,0.025673903251180845
target_18cm,463,160290001,207,False,True,False,toe_riser_under_clearance,True,4,-9.511526107788086,5,0,0.0,46,9.2,6.487900340106792e-08,0.030656739375070005,True,False,False,success,True,9,-8.01197624206543,9,67,7.444444444444445,67,7.444444444444445,0.035024144099308895,0.035024144099308895,False,True,False,toe_riser_under_clearance,True,3,-17.284622192382812,4,73,18.25,73,18.25,0.06572807334854218,0.06572807334854218,False,True,False,toe_riser_under_clearance,True,1,-10.007720947265625,1,0,0.0,25,25.0,5.49591089205431e-08,0.05147594254592369
target_18cm,464,160290001,208,True,False,False,success,True,5,-9.123201370239258,9,0,0.0,82,9.11111111111111,6.216361821555582e-08,0.03195452104535019,True,False,False,success,True,6,-3.4060702323913574,9,46,5.111111111111111,46,5.111111111111111,0.030776547061072454,0.030776547061072454,False,True,False,toe_riser_under_clearance,True,11,-48.463401794433594,7,80,11.428571428571429,80,11.428571428571429,0.13516106365395963,0.13516106365395963,False,True,False,toe_riser_under_clearance,True,5,-13.385167121887207,4,0,0.0,44,11.0,6.506641615377705e-08,0.03425911737082268
target_18cm,465,160290001,209,False,True,False,toe_riser_under_clearance,True,8,-10.91567325592041,9,0,0.0,60,6.666666666666667,6.023867147649571e-08,0.021434669751944066,True,False,False,success,True,6,-1.9313664436340332,9,41,4.555555555555555,41,4.555555555555555,0.025710658023231907,0.025710658023231907,True,False,False,success,True,6,-1.6376686096191406,9,41,4.555555555555555,41,4.555555555555555,0.025374672629616478,0.025374672629616478,True,False,False,success,True,7,0.44460487365722656,9,0,0.0,63,7.0,5.933987999518722e-08,0.022002229201952012
target_18cm,466,160290001,210,False,True,False,toe_riser_under_clearance,True,4,-17.638168334960938,4,0,0.0,36,9.0,6.294159097925908e-08,0.03032456720628703,True,False,False,success,True,6,-2.473121166229248,9,50,5.555555555555555,50,5.555555555555555,0.025466993862403173,0.025466993862403173,True,False,False,success,True,6,-1.1655082702636719,9,49,5.444444444444445,49,5.444444444444445,0.028106229445513557,0.028106229445513557,False,True,False,toe_riser_under_clearance,True,2,-18.204078674316406,4,0,0.0,46,11.5,6.180082895118431e-08,0.03982263282224706
target_18cm,467,160290001,211,True,False,False,success,True,7,-1.0757050514221191,9,0,0.0,38,4.222222222222222,6.756156429855114e-08,0.022038036428374153,True,False,False,success,True,5,-2.0352630615234375,9,55,6.111111111111111,55,6.111111111111111,0.03175215666321502,0.03175215666321502,True,False,False,success,True,4,-3.2499308586120605,9,65,7.222222222222222,65,7.222222222222222,0.02384545761725806,0.02384545761725806,True,False,False,success,True,4,-0.8805727958679199,9,0,0.0,44,4.888888888888889,6.948702979118301e-08,0.02226934564827774
target_18cm,468,160290001,212,True,False,False,success,True,7,-1.2517786026000977,9,0,0.0,41,4.555555555555555,6.383796540235945e-08,0.02406788531536331,True,False,False,success,True,7,-12.264275550842285,9,49,5.444444444444445,49,5.444444444444445,0.03822950922136072,0.03822950922136072,False,True,False,toe_riser_under_clearance,True,8,-13.408954620361328,9,45,5.0,45,5.0,0.027407501106547594,0.027407501106547594,False,True,False,toe_riser_under_clearance,True,3,-10.60616683959961,6,0,0.0,47,7.833333333333333,6.751563380243374e-08,0.042819158472243705
target_18cm,469,160290001,213,True,False,False,success,True,3,-0.9068188667297363,9,0,0.0,41,4.555555555555555,6.342315934576635e-08,0.020802808310443958,False,True,False,toe_riser_under_clearance,True,3,-13.11002254486084,9,43,4.777777777777778,43,4.777777777777778,0.03859091277169709,0.03859091277169709,False,True,False,toe_riser_under_clearance,True,2,-9.076892852783203,6,34,5.666666666666667,34,5.666666666666667,0.03715707467689674,0.03715707467689674,True,False,False,success,True,6,-1.6973509788513184,9,0,0.0,56,6.222222222222222,6.418662867213085e-08,0.02541558351582798
target_18cm,470,160290001,214,True,False,False,success,True,7,-0.21758127212524414,9,0,0.0,43,4.777777777777778,6.54951753827406e-08,0.017202249888716072,True,False,False,success,True,3,-2.2108898162841797,9,47,5.222222222222222,47,5.222222222222222,0.024900780720835344,0.024900780720835344,True,False,False,success,True,7,-1.4539947509765625,9,48,5.333333333333333,48,5.333333333333333,0.025650422867030315,0.025650422867030315,True,False,False,success,True,5,0.24256038665771484,9,0,0.0,38,4.222222222222222,6.477278119469385e-08,0.013631723238074262
target_18cm,471,160290001,215,True,False,False,success,True,6,0.1645522117614746,9,0,0.0,34,3.7777777777777777,6.169386073577635e-08,0.014543788734523729,True,False,False,success,True,5,-4.974475860595703,9,52,5.777777777777778,52,5.777777777777778,0.03500702853576379,0.03500702853576379,True,False,False,success,True,4,-1.551872730255127,9,52,5.777777777777778,52,5.777777777777778,0.02836309428809769,0.02836309428809769,True,False,False,success,True,5,-0.002147197723388672,9,0,0.0,39,4.333333333333333,6.53356086949224e-08,0.017384442714376187
target_18cm,472,160290001,216,True,False,False,success,True,8,-3.537385940551758,9,0,0.0,72,8.0,6.108750698551761e-08,0.028674797153302903,True,False,False,success,True,8,-1.4867420196533203,9,58,6.444444444444445,58,6.444444444444445,0.0263283534079605,0.0263283534079605,True,False,False,success,True,8,-0.9330096244812012,9,52,5.777777777777778,52,5.777777777777778,0.023590715408325195,0.023590715408325195,True,False,False,success,True,4,-2.723092555999756,9,0,0.0,70,7.777777777777778,6.06291021784774e-08,0.028179225989028337
target_18cm,473,160290001,217,True,False,False,success,True,7,-1.9043707847595215,9,0,0.0,46,5.111111111111111,6.654123594726335e-08,0.023678388940282614,False,True,False,toe_riser_under_clearance,True,11,-17.655244827270508,7,93,13.285714285714286,93,13.285714285714286,0.04179765400133635,0.04179765400133635,False,True,False,toe_riser_under_clearance,True,7,-9.222421646118164,8,36,4.5,36,4.5,0.02581640084584554,0.02581640084584554,False,True,False,toe_riser_under_clearance,True,3,-9.399443626403809,6,0,0.0,51,8.5,6.434170912860641e-08,0.040067409085739185
target_18cm,474,160290001,218,False,True,False,toe_riser_under_clearance,True,6,-8.186330795288086,5,0,0.0,37,7.4,6.687327067749539e-08,0.03311688141804545,False,True,False,toe_riser_under_clearance,True,8,-115.14872741699219,8,127,15.875,127,15.875,0.42060503837389823,0.42060503837389823,True,False,False,success,True,3,-5.783769607543945,9,68,7.555555555555555,68,7.555555555555555,0.03695693054819495,0.03695693054819495,False,True,False,toe_riser_under_clearance,True,2,-7.090758323669434,5,0,0.0,39,7.8,5.991469151922501e-08,0.03327404168935923
target_18cm,475,160290001,219,False,True,False,toe_riser_under_clearance,True,2,-8.065073013305664,4,0,0.0,37,9.25,6.14911491358509e-08,0.03697688569056305,True,False,False,success,True,5,-1.2165412902832031,9,54,6.0,54,6.0,0.022910499572753908,0.022910499572753908,True,False,False,success,True,7,-1.8665714263916016,9,59,6.555555555555555,59,6.555555555555555,0.02577670415242513,0.02577670415242513,False,True,False,toe_riser_under_clearance,True,2,-8.087373733520508,4,0,0.0,38,9.5,6.146004601968411e-08,0.03693670953422916
target_18cm,476,160290001,220,True,False,False,success,True,3,-0.40622806549072266,9,0,0.0,50,5.555555555555555,6.304747866800962e-08,0.023281800911506487,True,False,False,success,True,5,0.17813444137573242,9,38,4.222222222222222,38,4.222222222222222,0.018507489791283242,0.018507489791283242,False,True,False,toe_riser_under_clearance,True,1,-6.036900520324707,3,33,11.0,33,11.0,0.032738400464081885,0.032738400464081885,True,False,False,success,True,3,-1.5395350456237793,9,0,0.0,49,5.444444444444445,6.36526284185909e-08,0.022827106007074906
target_18cm,477,160290001,221,False,True,False,toe_riser_under_clearance,True,3,-17.186859130859375,6,0,0.0,52,8.666666666666666,6.544301527355856e-08,0.035777291655540465,False,True,False,toe_riser_under_clearance,True,1,-9.036928176879883,3,26,8.666666666666666,26,8.666666666666666,0.03355027218254245,0.03355027218254245,False,True,False,toe_riser_under_clearance,True,1,-9.077080726623535,3,26,8.666666666666666,26,8.666666666666666,0.03355194111259616,0.03355194111259616,True,False,False,success,True,4,-0.020995616912841797,9,0,0.0,37,4.111111111111111,6.319325888737052e-08,0.01855824829696061
target_18cm,478,160290001,222,True,False,False,success,True,8,-0.06620168685913086,9,0,0.0,45,5.0,6.655398955741333e-08,0.021192432789320356,True,False,False,success,True,6,-4.475570201873779,9,68,7.555555555555555,68,7.555555555555555,0.037589816331337095,0.037589816331337095,True,False,False,success,True,4,-5.990832328796387,9,65,7.222222222222222,65,7.222222222222222,0.035543052138985363,0.035543052138985363,True,False,False,success,True,8,-0.014795780181884766,9,0,0.0,45,5.0,6.472013270607792e-08,0.021340303291562456
target_18cm,479,160290001,223,False,True,False,toe_riser_under_clearance,True,6,-12.57889175415039,6,0,0.0,45,7.5,6.613810823875524e-08,0.03633720371998897,True,False,False,success,True,5,-3.0577311515808105,9,56,6.222222222222222,56,6.222222222222222,0.02588477736723447,0.02588477736723447,True,False,False,success,True,3,-3.7604870796203613,9,54,6.0,54,6.0,0.02375534164857673,0.02375534164857673,True,False,False,success,True,9,0.0802602767944336,9,0,0.0,50,5.555555555555555,6.573844872404601e-08,0.019890378030498375
target_18cm,480,160290001,224,True,False,False,success,True,6,-1.6922550201416016,9,0,0.0,58,6.444444444444445,6.400973183594437e-08,0.023515180935935368,True,False,False,success,True,9,-3.5155982971191406,9,51,5.666666666666667,51,5.666666666666667,0.024322643614651866,0.024322643614651866,True,False,False,success,True,9,-1.8721685409545898,9,56,6.222222222222222,56,6.222222222222222,0.02592954978378328,0.02592954978378328,True,False,False,success,True,5,-3.1824288368225098,9,0,0.0,59,6.555555555555555,6.438845499527093e-08,0.023546637469575606
target_18cm,481,160290001,225,False,True,False,toe_riser_under_clearance,True,8,-11.710206031799316,9,0,0.0,40,4.444444444444445,6.024778099036333e-08,0.019418222332432258,True,False,False,success,True,5,-0.38735437393188477,9,36,4.0,36,4.0,0.020116276503926483,0.020116276503926483,True,False,False,success,True,5,0.4321303367614746,9,37,4.111111111111111,37,4.111111111111111,0.014213296602357109,0.014213296602357109,False,True,False,toe_riser_under_clearance,True,9,-12.742668151855469,9,0,0.0,42,4.666666666666667,5.995652147554618e-08,0.0212652839232828
target_18cm,482,160290001,226,False,True,False,toe_riser_under_clearance,True,1,-9.13135814666748,2,0,0.0,37,18.5,5.784033936202842e-08,0.05419647237642215,True,False,False,success,True,10,-1.163468837738037,9,40,4.444444444444445,40,4.444444444444445,0.01716558401249657,0.01716558401249657,True,False,False,success,True,11,-1.2992987632751465,9,41,4.555555555555555,41,4.555555555555555,0.01765103845735102,0.01765103845735102,False,True,False,toe_riser_under_clearance,True,2,-10.43142318725586,2,0,0.0,43,21.5,6.268960679599625e-08,0.0637647464711179
target_18cm,483,160290001,227,True,False,False,success,True,3,-4.799652099609375,9,0,0.0,51,5.666666666666667,6.505634582540749e-08,0.026313153557155442,True,False,False,success,True,4,-0.863492488861084,9,48,5.333333333333333,48,5.333333333333333,0.027991580491018766,0.027991580491018766,True,False,False,success,True,2,-0.31973743438720703,9,36,4.0,36,4.0,0.021454392858298428,0.021454392858298428,True,False,False,success,True,1,-11.649007797241211,9,0,0.0,93,10.333333333333334,6.325943188920963e-08,0.034924318936729114
target_18cm,484,160290001,228,False,True,False,toe_riser_under_clearance,True,1,-8.06722640991211,4,0,0.0,40,10.0,6.185215776592183e-08,0.038594359443301245,False,True,False,toe_riser_under_clearance,True,9,-28.73595428466797,9,74,8.222222222222221,74,8.222222222222221,0.0959231948852539,0.0959231948852539,True,False,False,success,True,9,-4.251458644866943,9,57,6.333333333333333,57,6.333333333333333,0.030491448709093,0.030491448709093,True,False,False,success,True,1,-0.5274467468261719,9,0,0.0,48,5.333333333333333,6.047615019938273e-08,0.01995193369863674
target_18cm,485,160290001,229,True,False,False,success,True,8,-0.6594080924987793,9,0,0.0,44,4.888888888888889,5.9425670708982624e-08,0.02039957346406373,True,False,False,success,True,4,0.19540739059448242,9,43,4.777777777777778,43,4.777777777777778,0.02245665891138137,0.02245665891138137,True,False,False,success,True,5,0.8829522132873535,9,44,4.888888888888889,44,4.888888888888889,0.020322805744106488,0.020322805744106488,True,False,False,success,True,6,1.028005599975586,9,0,0.0,48,5.333333333333333,5.90698423317223e-08,0.021964124453965055
target_18cm,486,160290001,230,True,False,False,success,True,8,-0.6189479827880859,9,0,0.0,59,6.555555555555555,6.413876377504936e-08,0.024181969760598877,False,True,False,toe_riser_under_clearance,True,9,-23.826780319213867,9,120,13.333333333333334,120,13.333333333333334,0.06370614572492818,0.06370614572492818,False,True,False,toe_riser_under_clearance,True,2,-22.452869415283203,6,63,10.5,63,10.5,0.047905540951639035,0.047905540951639035,True,False,False,success,True,6,-3.3996338844299316,9,0,0.0,53,5.888888888888889,6.355998627033591e-08,0.02475786414639703
target_18cm,487,160290001,231,True,False,False,success,True,8,-0.7319831848144531,9,0,0.0,58,6.444444444444445,6.082977246987308e-08,0.020615742124360185,True,False,False,success,True,6,-1.51285982131958,9,40,4.444444444444445,40,4.444444444444445,0.023486433869198815,0.023486433869198815,True,False,False,success,True,5,-2.042494297027588,9,50,5.555555555555555,50,5.555555555555555,0.02780722445390356,0.02780722445390356,False,True,False,toe_riser_under_clearance,True,4,-11.614730834960938,8,0,0.0,66,8.25,6.43630157894761e-08,0.030727443871674715
target_18cm,488,160290001,232,False,True,False,toe_riser_under_clearance,True,4,-8.264622688293457,7,0,0.0,38,5.428571428571429,6.39397961847099e-08,0.023850938420236847,True,False,False,success,True,6,-0.10244321823120117,9,42,4.666666666666667,42,4.666666666666667,0.023391589344543603,0.023391589344543603,True,False,False,success,True,7,-3.4597244262695312,9,46,5.111111111111111,46,5.111111111111111,0.030542786769603255,0.030542786769603255,False,True,False,toe_riser_under_clearance,True,4,-8.251134872436523,7,0,0.0,38,5.428571428571429,6.952633931952598e-08,0.02384843502515628
target_18cm,489,160290001,233,True,False,False,success,True,10,-2.4316439628601074,9,0,0.0,54,6.0,6.426989094307747e-08,0.028601013398739366,False,True,False,toe_riser_under_clearance,True,5,-11.249092102050781,9,33,3.6666666666666665,33,3.6666666666666665,0.017075668795528062,0.017075668795528062,False,True,False,toe_riser_under_clearance,True,7,-41.04867935180664,9,78,8.666666666666666,78,8.666666666666666,0.23002421190290886,0.23002421190290886,True,False,False,success,True,11,-2.5627188682556152,9,0,0.0,56,6.222222222222222,6.641496462368102e-08,0.02909996591765305
target_18cm,490,160290001,234,True,False,False,success,True,5,-4.497776031494141,9,0,0.0,56,6.222222222222222,6.3868124143836e-08,0.030549304789137376,True,False,False,success,True,11,-2.469456195831299,9,62,6.888888888888889,62,6.888888888888889,0.02608354449045952,0.02608354449045952,True,False,False,success,True,9,-2.286341667175293,9,49,5.444444444444445,49,5.444444444444445,0.025172812527281825,0.025172812527281825,True,False,False,success,True,7,-3.5918993949890137,9,0,0.0,74,8.222222222222221,6.416955780328816e-08,0.033996241307829404
target_18cm,491,160290001,235,False,True,False,toe_riser_under_clearance,True,11,-11.795585632324219,9,0,0.0,52,5.777777777777778,7.103558982858612e-08,0.02527153286945615,False,True,False,toe_riser_under_clearance,True,13,-22.886280059814453,9,69,7.666666666666667,69,7.666666666666667,0.050668511760833604,0.050668511760833604,True,False,False,success,True,8,-1.9385943412780762,9,56,6.222222222222222,56,6.222222222222222,0.026533821533466208,0.026533821533466208,True,False,False,success,True,8,-0.3804664611816406,9,0,0.0,47,5.222222222222222,6.39444883928985e-08,0.019810511926899043
target_18cm,492,160290001,236,True,False,False,success,True,5,0.02408313751220703,9,0,0.0,41,4.555555555555555,6.545773889688011e-08,0.019198587348869256,True,False,False,success,True,3,-4.593425750732422,9,65,7.222222222222222,65,7.222222222222222,0.03692697469800511,0.03692697469800511,True,False,False,success,True,5,-5.539255142211914,9,72,8.0,72,8.0,0.02994244555594573,0.02994244555594573,False,True,False,toe_riser_under_clearance,True,4,-13.401493072509766,8,0,0.0,49,6.125,7.321460860077771e-08,0.03629654552495592
target_18cm,493,160290001,237,True,False,False,success,True,5,-0.49631357192993164,9,0,0.0,50,5.555555555555555,6.319814137452046e-08,0.020968030212791103,True,False,False,success,True,4,-2.3972692489624023,9,53,5.888888888888889,53,5.888888888888889,0.03067585007449616,0.03067585007449616,True,False,False,success,True,6,-1.3233332633972168,9,57,6.333333333333333,57,6.333333333333333,0.02873139216982085,0.02873139216982085,False,True,False,toe_riser_under_clearance,True,2,-8.528799057006836,6,0,0.0,42,7.0,6.146213924672288e-08,0.02691891922573863
target_18cm,494,160290001,238,False,True,False,toe_riser_under_clearance,True,6,-14.119209289550781,9,0,0.0,64,7.111111111111111,6.51652371743694e-08,0.02853400993347168,True,False,False,success,True,7,-1.8270740509033203,9,63,7.0,63,7.0,0.02777636024862462,0.02777636024862462,True,False,False,success,True,7,-1.0608787536621094,9,59,6.555555555555555,59,6.555555555555555,0.024942013814205417,0.024942013814205417,True,False,False,success,True,8,-11.588807106018066,9,0,0.0,58,6.444444444444445,6.362988613730975e-08,0.02067215529837555
target_18cm,495,160290001,239,True,False,False,success,True,7,-1.21663236618042,9,0,0.0,55,6.111111111111111,6.406552026057345e-08,0.021547467500260733,True,False,False,success,True,7,-1.295029640197754,9,40,4.444444444444445,40,4.444444444444445,0.023000386681887183,0.023000386681887183,True,False,False,success,True,5,-1.4627728462219238,9,38,4.222222222222222,38,4.222222222222222,0.023236219329063338,0.023236219329063338,False,True,False,toe_riser_under_clearance,True,6,-13.283990859985352,8,0,0.0,73,9.125,6.301857040309609e-08,0.030613086551611428
target_18cm,496,160290001,240,True,False,False,success,True,9,-1.1844062805175781,9,0,0.0,55,6.111111111111111,6.403949761889414e-08,0.02487965191111845,True,False,False,success,True,11,-7.72999906539917,9,66,7.333333333333333,66,7.333333333333333,0.03543611198608624,0.03543611198608624,True,False,False,success,True,7,-0.814786434173584,9,47,5.222222222222222,47,5.222222222222222,0.02413934014837838,0.02413934014837838,True,False,False,success,True,6,-1.6760177612304688,9,0,0.0,43,4.777777777777778,6.349236916641165e-08,0.020867693914126042
target_18cm,497,160290001,241,False,True,False,toe_riser_under_clearance,True,2,-15.206356048583984,9,0,0.0,53,5.888888888888889,6.836140048816896e-08,0.03831489038330778,True,False,False,success,True,4,-1.0355091094970703,9,43,4.777777777777778,43,4.777777777777778,0.023031951771776374,0.023031951771776374,True,False,False,success,True,6,-0.8601269721984863,9,48,5.333333333333333,48,5.333333333333333,0.020693951621487176,0.020693951621487176,False,True,False,toe_riser_under_clearance,True,2,-15.822092056274414,9,0,0.0,55,6.111111111111111,6.492343716133662e-08,0.03939182466251558
target_18cm,498,160290001,242,True,False,False,success,True,2,0.27033376693725586,9,0,0.0,37,4.111111111111111,6.3247979025703e-08,0.01943997671437818,True,False,False,success,True,9,1.3026564121246338,9,32,3.5555555555555554,32,3.5555555555555554,0.01273360601835499,0.01273360601835499,True,False,False,success,True,7,1.3387582302093506,9,43,4.777777777777778,43,4.777777777777778,0.01769622705750546,0.01769622705750546,True,False,False,success,True,2,0.5099763870239258,9,0,0.0,37,4.111111111111111,6.299394292661666e-08,0.018685486099936744
target_18cm,499,160290001,243,False,True,False,balance_or_other_fall,False,0,-10.095876693725586,1,0,0.0,37,37.0,5.7975067529300955e-08,0.04893417980359948,True,False,False,success,True,7,0.22852468490600586,9,44,4.888888888888889,44,4.888888888888889,0.02022368971311729,0.02022368971311729,True,False,False,success,True,10,0.044155120849609375,9,37,4.111111111111111,37,4.111111111111111,0.017900532689587825,0.017900532689587825,True,False,False,success,True,6,-4.72572135925293,9,0,0.0,73,8.11111111111111,6.121236445746184e-08,0.02629406704430694
target_18cm,500,160290001,244,True,False,False,success,True,5,-0.6362357139587402,9,0,0.0,44,4.888888888888889,6.622267155998761e-08,0.021755086395131563,True,False,False,success,True,3,-2.1087822914123535,9,56,6.222222222222222,56,6.222222222222222,0.02987255002351085,0.02987255002351085,True,False,False,success,True,9,0.3895564079284668,9,35,3.888888888888889,35,3.888888888888889,0.015508179311399107,0.015508179311399107,True,False,False,success,True,4,-3.0087175369262695,9,0,0.0,43,4.777777777777778,6.185789850222662e-08,0.02483280462111342
target_18cm,501,160290001,245,True,False,False,success,True,8,0.04488229751586914,9,0,0.0,49,5.444444444444445,6.51073837450883e-08,0.024835118900274566,True,False,False,success,True,7,-1.8342251777648926,9,48,5.333333333333333,48,5.333333333333333,0.023338241577148436,0.023338241577148436,True,False,False,success,True,7,-1.2726783752441406,9,46,5.111111111111111,46,5.111111111111111,0.020750643874217628,0.020750643874217628,True,False,False,success,True,6,0.6117057800292969,9,0,0.0,46,5.111111111111111,6.2764786608992e-08,0.023683577189038567
target_18cm,502,160290001,246,True,False,False,success,True,4,-2.70858097076416,9,0,0.0,62,6.888888888888889,6.52988891936366e-08,0.03143670442996519,True,False,False,success,True,4,-13.146324157714844,9,85,9.444444444444445,85,9.444444444444445,0.03659590210173975,0.03659590210173975,True,False,False,success,True,6,-1.9097223281860352,9,59,6.555555555555555,59,6.555555555555555,0.02856038724584804,0.02856038724584804,True,False,False,success,True,3,-2.128146171569824,9,0,0.0,61,6.777777777777778,6.50938060918769e-08,0.029332901820663577
target_18cm,503,160290001,247,True,False,False,success,True,8,0.39802980422973633,9,0,0.0,41,4.555555555555555,6.384608885517306e-08,0.018352925641661626,False,True,False,toe_riser_under_clearance,True,5,-17.472524642944336,9,58,6.444444444444445,58,6.444444444444445,0.03580598562244738,0.03580598562244738,True,False,False,success,True,6,-2.897644519805908,9,38,4.222222222222222,38,4.222222222222222,0.025711229167033715,0.025711229167033715,False,True,False,toe_riser_under_clearance,True,6,-10.379964828491211,4,0,0.0,58,14.5,6.199194003393633e-08,0.03284975648657676
target_18cm,504,160290001,248,True,False,False,success,True,5,-0.2867579460144043,9,0,0.0,43,4.777777777777778,6.178235157072333e-08,0.01884611915139591,True,False,False,success,True,7,0.14018821716308594,9,35,3.888888888888889,35,3.888888888888889,0.015023178413134664,0.015023178413134664,True,False,False,success,True,7,0.30901241302490234,9,33,3.6666666666666665,33,3.6666666666666665,0.01599903699989143,0.01599903699989143,True,False,False,success,True,4,0.16840171813964844,9,0,0.0,38,4.222222222222222,6.497012151449364e-08,0.017317333824209382
target_18cm,505,160290001,249,True,False,False,success,True,7,-3.2382330894470215,9,0,0.0,66,7.333333333333333,6.4447553039226e-08,0.027801943001272054,False,True,False,toe_riser_under_clearance,True,4,-11.203620910644531,6,61,10.166666666666666,61,10.166666666666666,0.03631108281325225,0.03631108281325225,True,False,False,success,True,5,-3.884319305419922,9,80,8.88888888888889,80,8.88888888888889,0.033432228030360694,0.033432228030360694,True,False,False,success,True,8,-3.988471508026123,9,0,0.0,59,6.555555555555555,6.49820874493012e-08,0.025122827904246678
target_18cm,506,160290001,250,True,False,False,success,True,6,-0.2819395065307617,9,0,0.0,39,4.333333333333333,6.257691576286371e-08,0.019980326364206713,False,True,False,toe_riser_under_clearance,True,8,-14.383676528930664,9,46,5.111111111111111,46,5.111111111111111,0.03637131274734413,0.03637131274734413,False,True,False,toe_riser_under_clearance,True,7,-11.356067657470703,9,49,5.444444444444445,49,5.444444444444445,0.03113212787285053,0.03113212787285053,True,False,False,success,True,7,-1.0432887077331543,9,0,0.0,40,4.444444444444445,6.821067468235089e-08,0.021617076247210664
target_18cm,507,160290001,251,False,True,False,toe_riser_under_clearance,True,9,-13.019607543945312,9,0,0.0,65,7.222222222222222,6.073821558958599e-08,0.022886945079089564,True,False,False,success,True,4,-0.06920623779296875,9,45,5.0,45,5.0,0.020642862182867844,0.020642862182867844,True,False,False,success,True,3,-1.9079618453979492,9,48,5.333333333333333,48,5.333333333333333,0.023713975225776302,0.023713975225776302,True,False,False,success,True,7,-0.8005242347717285,9,0,0.0,60,6.666666666666667,6.256334153961425e-08,0.02205904131737825
target_18cm,508,160290001,252,False,True,False,toe_riser_under_clearance,True,4,-11.480016708374023,5,0,0.0,60,12.0,5.998501692600664e-08,0.038648738624146264,True,False,False,success,True,3,-1.6400117874145508,9,49,5.444444444444445,49,5.444444444444445,0.03031096818312159,0.03031096818312159,True,False,False,success,True,3,-1.8357996940612793,9,49,5.444444444444445,49,5.444444444444445,0.03066458508621252,0.03066458508621252,True,False,False,success,True,8,-2.8620009422302246,9,0,0.0,49,5.444444444444445,6.47840877427848e-08,0.022757344485894334
target_18cm,509,160290001,253,True,False,False,success,True,6,-5.03502082824707,9,0,0.0,47,5.222222222222222,6.50871784034136e-08,0.02270949313515111,True,False,False,success,True,4,0.986663818359375,9,37,4.111111111111111,37,4.111111111111111,0.01414486378906528,0.01414486378906528,True,False,False,success,True,8,0.5463738441467285,9,41,4.555555555555555,41,4.555555555555555,0.018500277523620885,0.018500277523620885,False,True,False,toe_riser_under_clearance,True,2,-7.0610857009887695,5,0,0.0,39,7.8,6.071175868363263e-08,0.03458467630239633
target_18cm,510,160290001,254,False,True,False,toe_riser_under_clearance,True,3,-6.788313388824463,2,0,0.0,25,12.5,5.820668454415521e-08,0.02271454474505256,True,False,False,success,True,4,0.0004010200500488281,9,39,4.333333333333333,39,4.333333333333333,0.020538403116639386,0.020538403116639386,True,False,False,success,True,6,-0.8266139030456543,9,40,4.444444444444445,40,4.444444444444445,0.02290185292561849,0.02290185292561849,False,True,False,toe_riser_under_clearance,True,3,-6.767962455749512,2,0,0.0,25,12.5,5.62614046679764e-08,0.022706894313587862
target_18cm,511,160290001,255,False,True,False,toe_riser_under_clearance,True,6,-11.00556755065918,7,0,0.0,45,6.428571428571429,6.423530466005503e-08,0.03190506285751647,True,False,False,success,True,5,0.5800004005432129,9,41,4.555555555555555,41,4.555555555555555,0.022697384412898574,0.022697384412898574,True,False,False,success,True,5,0.5066156387329102,9,41,4.555555555555555,41,4.555555555555555,0.02280357173670118,0.02280357173670118,True,False,False,success,True,4,0.9819884300231934,9,0,0.0,36,4.0,6.256708706207131e-08,0.015983370416365227
D0_13cm,0,161290000,0,,,,,,,,,,,,,,,True,False,False,success,True,6,6.983914375305176,9,26,2.888888888888889,26,2.888888888888889,0.009134412298397142,0.009134412298397142,True,False,False,success,True,7,8.982784271240234,9,30,3.3333333333333335,30,3.3333333333333335,0.008104671612244216,0.008104671612244216,,,,,,,,,,,,,,
D0_13cm,1,161290000,1,,,,,,,,,,,,,,,True,False,False,success,True,7,8.856147766113281,9,25,2.7777777777777777,25,2.7777777777777777,0.008015472470349028,0.008015472470349028,True,False,False,success,True,11,9.024385452270508,9,27,3.0,27,3.0,0.008722394759103465,0.008722394759103465,,,,,,,,,,,,,,
D0_13cm,2,161290000,2,,,,,,,,,,,,,,,True,False,False,success,True,9,8.969704627990723,9,34,3.7777777777777777,34,3.7777777777777777,0.009100077488168408,0.009100077488168408,True,False,False,success,True,9,7.430014610290527,9,31,3.4444444444444446,31,3.4444444444444446,0.010279045918876916,0.010279045918876916,,,,,,,,,,,,,,
D0_13cm,3,161290000,3,,,,,,,,,,,,,,,True,False,False,success,True,11,5.329339027404785,9,36,4.0,36,4.0,0.013159770231980544,0.013159770231980544,True,False,False,success,True,10,6.387510299682617,9,31,3.4444444444444446,31,3.4444444444444446,0.011621041113393127,0.011621041113393127,,,,,,,,,,,,,,
D0_13cm,4,161290000,4,,,,,,,,,,,,,,,True,False,False,success,True,5,7.894601821899414,9,27,3.0,27,3.0,0.007514922267412284,0.007514922267412284,True,False,False,success,True,12,8.273956298828125,9,28,3.111111111111111,28,3.111111111111111,0.008838623762130737,0.008838623762130737,,,,,,,,,,,,,,
D0_13cm,5,161290000,5,,,,,,,,,,,,,,,True,False,False,success,True,11,8.156057357788086,9,17,1.8888888888888888,17,1.8888888888888888,0.00491403900847143,0.00491403900847143,True,False,False,success,True,9,8.252836227416992,9,21,2.3333333333333335,21,2.3333333333333335,0.006012997063257361,0.006012997063257361,,,,,,,,,,,,,,
D0_13cm,6,161290000,6,,,,,,,,,,,,,,,True,False,False,success,True,7,7.113541603088379,9,36,4.0,36,4.0,0.012163677508451202,0.012163677508451202,True,False,False,success,True,5,6.241491794586182,9,34,3.7777777777777777,34,3.7777777777777777,0.010064167587309228,0.010064167587309228,,,,,,,,,,,,,,
D0_13cm,7,161290000,7,,,,,,,,,,,,,,,True,False,False,success,True,10,8.569902420043945,9,21,2.3333333333333335,21,2.3333333333333335,0.005942126202688343,0.005942126202688343,True,False,False,success,True,7,6.392802715301514,9,21,2.3333333333333335,21,2.3333333333333335,0.007080651246584379,0.007080651246584379,,,,,,,,,,,,,,
D0_13cm,8,161290000,8,,,,,,,,,,,,,,,True,False,False,success,True,7,7.975534439086914,9,17,1.8888888888888888,17,1.8888888888888888,0.0037093245762819136,0.0037093245762819136,True,False,False,success,True,7,8.238036155700684,9,21,2.3333333333333335,21,2.3333333333333335,0.004688473693429166,0.004688473693429166,,,,,,,,,,,,,,
D0_13cm,9,161290000,9,,,,,,,,,,,,,,,True,False,False,success,True,8,7.485616207122803,9,33,3.6666666666666665,33,3.6666666666666665,0.009165134354542366,0.009165134354542366,True,False,False,success,True,7,7.974181175231934,9,19,2.111111111111111,19,2.111111111111111,0.006014901605982888,0.006014901605982888,,,,,,,,,,,,,,
D0_13cm,10,161290000,10,,,,,,,,,,,,,,,True,False,False,success,True,6,7.73729133605957,9,24,2.6666666666666665,24,2.6666666666666665,0.00902617427039305,0.00902617427039305,True,False,False,success,True,6,7.766636848449707,9,24,2.6666666666666665,24,2.6666666666666665,0.009028707985329417,0.009028707985329417,,,,,,,,,,,,,,
D0_13cm,11,161290000,11,,,,,,,,,,,,,,,True,False,False,success,True,7,8.116597175598145,9,27,3.0,27,3.0,0.007298247512851216,0.007298247512851216,True,False,False,success,True,4,5.2501959800720215,9,29,3.2222222222222223,29,3.2222222222222223,0.0071573932613946695,0.0071573932613946695,,,,,,,,,,,,,,
D0_13cm,12,161290000,12,,,,,,,,,,,,,,,True,False,False,success,True,7,7.978520393371582,9,28,3.111111111111111,28,3.111111111111111,0.008266761121022174,0.008266761121022174,True,False,False,success,True,7,6.0997114181518555,9,36,4.0,36,4.0,0.013238480750550615,0.013238480750550615,,,,,,,,,,,,,,
D0_13cm,13,161290000,13,,,,,,,,,,,,,,,True,False,False,success,True,8,8.890000343322754,9,31,3.4444444444444446,31,3.4444444444444446,0.00826902571178618,0.00826902571178618,True,False,False,success,True,6,7.616308689117432,9,31,3.4444444444444446,31,3.4444444444444446,0.010957913180705804,0.010957913180705804,,,,,,,,,,,,,,
D0_13cm,14,161290000,14,,,,,,,,,,,,,,,True,False,False,success,True,6,9.195128440856934,9,19,2.111111111111111,19,2.111111111111111,0.0033784900250295215,0.0033784900250295215,True,False,False,success,True,5,8.157470703125,9,20,2.2222222222222223,20,2.2222222222222223,0.005045948606548887,0.005045948606548887,,,,,,,,,,,,,,
D0_13cm,15,161290000,15,,,,,,,,,,,,,,,True,False,False,success,True,9,7.774518966674805,9,18,2.0,18,2.0,0.004490254208905056,0.004490254208905056,True,False,False,success,True,9,8.256739616394043,9,18,2.0,18,2.0,0.004036047096763339,0.004036047096763339,,,,,,,,,,,,,,
D0_13cm,16,161290000,16,,,,,,,,,,,,,,,True,False,False,success,True,9,7.476886749267578,9,23,2.5555555555555554,23,2.5555555555555554,0.008483203416018142,0.008483203416018142,True,False,False,success,True,10,6.816094398498535,9,28,3.111111111111111,28,3.111111111111111,0.010942439830049555,0.010942439830049555,,,,,,,,,,,,,,
D0_13cm,17,161290000,17,,,,,,,,,,,,,,,True,False,False,success,True,8,8.30849552154541,9,28,3.111111111111111,28,3.111111111111111,0.008387215404589641,0.008387215404589641,True,False,False,success,True,8,7.824826717376709,9,25,2.7777777777777777,25,2.7777777777777777,0.006783984789327413,0.006783984789327413,,,,,,,,,,,,,,
D0_13cm,18,161290000,18,,,,,,,,,,,,,,,True,False,False,success,True,6,9.232077598571777,9,33,3.6666666666666665,33,3.6666666666666665,0.00864672290228809,0.00864672290228809,True,False,False,success,True,8,8.213018417358398,9,31,3.4444444444444446,31,3.4444444444444446,0.007978432214082176,0.007978432214082176,,,,,,,,,,,,,,
D0_13cm,19,161290000,19,,,,,,,,,,,,,,,True,False,False,success,True,6,7.63728141784668,9,23,2.5555555555555554,23,2.5555555555555554,0.008494095514284684,0.008494095514284684,True,False,False,success,True,6,7.424023628234863,9,25,2.7777777777777777,25,2.7777777777777777,0.008659274588785898,0.008659274588785898,,,,,,,,,,,,,,
D0_13cm,20,161290000,20,,,,,,,,,,,,,,,False,True,False,toe_riser_under_clearance,True,15,-3.8165903091430664,8,44,5.5,44,5.5,0.017812110499331825,0.017812110499331825,True,False,False,success,True,12,9.573448181152344,9,29,3.2222222222222223,29,3.2222222222222223,0.006375637087788615,0.006375637087788615,,,,,,,,,,,,,,
D0_13cm,21,161290000,21,,,,,,,,,,,,,,,True,False,False,success,True,6,7.836042404174805,9,20,2.2222222222222223,20,2.2222222222222223,0.00504652709081238,0.00504652709081238,True,False,False,success,True,7,7.770941734313965,9,20,2.2222222222222223,20,2.2222222222222223,0.005601799637702718,0.005601799637702718,,,,,,,,,,,,,,
D0_13cm,22,161290000,22,,,,,,,,,,,,,,,True,False,False,success,True,10,6.7132415771484375,9,18,2.0,18,2.0,0.007471404034337956,0.007471404034337956,False,True,False,toe_riser_under_clearance,True,12,-2.4462506771087646,9,19,2.111111111111111,19,2.111111111111111,0.00596736346260976,0.00596736346260976,,,,,,,,,,,,,,
D0_13cm,23,161290000,23,,,,,,,,,,,,,,,True,False,False,success,True,6,7.570521831512451,9,26,2.888888888888889,26,2.888888888888889,0.008144052950686667,0.008144052950686667,True,False,False,success,True,6,7.721963405609131,9,24,2.6666666666666665,24,2.6666666666666665,0.007515073896528364,0.007515073896528364,,,,,,,,,,,,,,
D0_13cm,24,161290000,24,,,,,,,,,,,,,,,True,False,False,success,True,9,7.718928337097168,9,37,4.111111111111111,37,4.111111111111111,0.010470178485971636,0.010470178485971636,True,False,False,success,True,6,7.868785858154297,9,34,3.7777777777777777,34,3.7777777777777777,0.011544628496523256,0.011544628496523256,,,,,,,,,,,,,,
D0_13cm,25,161290000,25,,,,,,,,,,,,,,,True,False,False,success,True,12,7.8750104904174805,9,16,1.7777777777777777,16,1.7777777777777777,0.00371520101772582,0.00371520101772582,True,False,False,success,True,9,8.239102363586426,9,16,1.7777777777777777,16,1.7777777777777777,0.004852431381752888,0.004852431381752888,,,,,,,,,,,,,,
D0_13cm,26,161290000,26,,,,,,,,,,,,,,,True,False,False,success,True,9,7.963265895843506,9,25,2.7777777777777777,25,2.7777777777777777,0.007965183619296911,0.007965183619296911,True,False,False,success,True,9,7.286775588989258,9,25,2.7777777777777777,25,2.7777777777777777,0.010653257369995117,0.010653257369995117,,,,,,,,,,,,,,
D0_13cm,27,161290000,27,,,,,,,,,,,,,,,True,False,False,success,True,8,7.003973007202148,9,35,3.888888888888889,35,3.888888888888889,0.010312700693586231,0.010312700693586231,True,False,False,success,True,10,6.615200519561768,9,33,3.6666666666666665,33,3.6666666666666665,0.01076479359860822,0.01076479359860822,,,,,,,,,,,,,,
D0_13cm,28,161290000,28,,,,,,,,,,,,,,,True,False,False,success,True,11,7.61650276184082,9,32,3.5555555555555554,32,3.5555555555555554,0.01195247485053693,0.01195247485053693,False,True,False,toe_riser_under_clearance,True,5,-1.3728508949279785,5,21,4.2,21,4.2,0.009829920255220854,0.009829920255220854,,,,,,,,,,,,,,
D0_13cm,29,161290000,29,,,,,,,,,,,,,,,True,False,False,success,True,7,4.7631754875183105,9,27,3.0,27,3.0,0.013384111884499894,0.013384111884499894,True,False,False,success,True,6,5.916889667510986,9,29,3.2222222222222223,29,3.2222222222222223,0.011626040022777017,0.011626040022777017,,,,,,,,,,,,,,
D0_13cm,30,161290000,30,,,,,,,,,,,,,,,True,False,False,success,True,6,6.995467662811279,9,24,2.6666666666666665,24,2.6666666666666665,0.007139444351196289,0.007139444351196289,True,False,False,success,True,6,6.518560409545898,9,28,3.111111111111111,28,3.111111111111111,0.009151268437876453,0.009151268437876453,,,,,,,,,,,,,,
D0_13cm,31,161290000,31,,,,,,,,,,,,,,,True,False,False,success,True,7,7.904012680053711,9,38,4.222222222222222,38,4.222222222222222,0.012471391207305275,0.012471391207305275,True,False,False,success,True,7,8.12450885772705,9,37,4.111111111111111,37,4.111111111111111,0.012442639379790335,0.012442639379790335,,,,,,,,,,,,,,
D0_13cm,32,161290000,32,,,,,,,,,,,,,,,True,False,False,success,True,10,6.457108020782471,9,20,2.2222222222222223,20,2.2222222222222223,0.007701081614340505,0.007701081614340505,True,False,False,success,True,10,10.030118942260742,9,21,2.3333333333333335,21,2.3333333333333335,0.004031211646729674,0.004031211646729674,,,,,,,,,,,,,,
D0_13cm,33,161290000,33,,,,,,,,,,,,,,,True,False,False,success,True,8,7.452770233154297,9,43,4.777777777777778,43,4.777777777777778,0.011213391191429563,0.011213391191429563,True,False,False,success,True,8,7.403259754180908,9,44,4.888888888888889,44,4.888888888888889,0.013219611488119528,0.013219611488119528,,,,,,,,,,,,,,
D0_13cm,34,161290000,34,,,,,,,,,,,,,,,True,False,False,success,True,6,4.596438884735107,9,36,4.0,36,4.0,0.01804521252191148,0.01804521252191148,True,False,False,success,True,4,7.566235542297363,9,28,3.111111111111111,28,3.111111111111111,0.008185910363482613,0.008185910363482613,,,,,,,,,,,,,,
D0_13cm,35,161290000,35,,,,,,,,,,,,,,,True,False,False,success,True,11,8.087576866149902,9,38,4.222222222222222,38,4.222222222222222,0.009438429371457259,0.009438429371457259,True,False,False,success,True,10,7.817206382751465,9,43,4.777777777777778,43,4.777777777777778,0.011075773659874411,0.011075773659874411,,,,,,,,,,,,,,
D0_13cm,36,161290000,36,,,,,,,,,,,,,,,False,True,False,toe_riser_under_clearance,True,10,-5.129953861236572,9,29,3.2222222222222223,29,3.2222222222222223,0.013192511211007328,0.013192511211007328,True,False,False,success,True,10,6.659002780914307,9,25,2.7777777777777777,25,2.7777777777777777,0.00838006133431787,0.00838006133431787,,,,,,,,,,,,,,
D0_13cm,37,161290000,37,,,,,,,,,,,,,,,False,True,False,toe_riser_under_clearance,True,13,-4.236136436462402,8,48,6.0,48,6.0,0.014923646926879882,0.014923646926879882,True,False,False,success,True,6,6.991751670837402,9,34,3.7777777777777777,34,3.7777777777777777,0.011939501670336632,0.011939501670336632,,,,,,,,,,,,,,
D0_13cm,38,161290000,38,,,,,,,,,,,,,,,False,True,False,toe_riser_under_clearance,True,2,-3.852200746536255,3,20,6.666666666666667,20,6.666666666666667,0.01878467974839387,0.01878467974839387,False,True,False,toe_riser_under_clearance,True,2,-6.453697204589844,3,20,6.666666666666667,20,6.666666666666667,0.02859370779282976,0.02859370779282976,,,,,,,,,,,,,,
D0_13cm,39,161290000,39,,,,,,,,,,,,,,,False,True,False,toe_riser_under_clearance,True,10,-3.7417519092559814,9,21,2.3333333333333335,21,2.3333333333333335,0.005199289129626366,0.005199289129626366,False,True,False,toe_riser_under_clearance,True,10,-3.8853275775909424,9,22,2.4444444444444446,22,2.4444444444444446,0.008149491930470883,0.008149491930470883,,,,,,,,,,,,,,
D0_13cm,40,161290000,40,,,,,,,,,,,,,,,True,False,False,success,True,7,7.591254234313965,9,24,2.6666666666666665,24,2.6666666666666665,0.00861214624215333,0.00861214624215333,True,False,False,success,True,8,7.080893516540527,9,29,3.2222222222222223,29,3.2222222222222223,0.009203887499008627,0.009203887499008627,,,,,,,,,,,,,,
D0_13cm,41,161290000,41,,,,,,,,,,,,,,,False,True,False,toe_riser_under_clearance,True,11,-38.118812561035156,5,97,19.4,97,19.4,0.1627646351312574,0.1627646351312574,False,True,False,toe_riser_under_clearance,True,11,-10.888971328735352,3,51,17.0,51,17.0,0.03636904291091785,0.03636904291091785,,,,,,,,,,,,,,
D0_13cm,42,161290000,42,,,,,,,,,,,,,,,True,False,False,success,True,8,4.284957408905029,9,26,2.888888888888889,26,2.888888888888889,0.017167818312551462,0.017167818312551462,True,False,False,success,True,7,5.25059175491333,9,23,2.5555555555555554,23,2.5555555555555554,0.014164376717347365,0.014164376717347365,,,,,,,,,,,,,,
D0_13cm,43,161290000,43,,,,,,,,,,,,,,,True,False,False,success,True,13,7.629695892333984,9,24,2.6666666666666665,24,2.6666666666666665,0.008709124083160073,0.008709124083160073,True,False,False,success,True,12,7.862985610961914,9,23,2.5555555555555554,23,2.5555555555555554,0.007090534060454566,0.007090534060454566,,,,,,,,,,,,,,
D0_13cm,44,161290000,44,,,,,,,,,,,,,,,True,False,False,success,True,12,7.791080951690674,9,14,1.5555555555555556,14,1.5555555555555556,0.0025607032160605155,0.0025607032160605155,True,False,False,success,True,9,8.962409973144531,9,20,2.2222222222222223,20,2.2222222222222223,0.005313077280598302,0.005313077280598302,,,,,,,,,,,,,,
D0_13cm,45,161290000,45,,,,,,,,,,,,,,,True,False,False,success,True,9,7.8012189865112305,9,26,2.888888888888889,26,2.888888888888889,0.009778132879111662,0.009778132879111662,True,False,False,success,True,8,7.04073429107666,9,25,2.7777777777777777,25,2.7777777777777777,0.00933299618637908,0.00933299618637908,,,,,,,,,,,,,,
D0_13cm,46,161290000,46,,,,,,,,,,,,,,,True,False,False,success,True,7,8.89403247833252,9,14,1.5555555555555556,14,1.5555555555555556,0.0026790455069514475,0.0026790455069514475,True,False,False,success,True,7,8.873849868774414,9,12,1.3333333333333333,12,1.3333333333333333,0.003218693811385358,0.003218693811385358,,,,,,,,,,,,,,
D0_13cm,47,161290000,47,,,,,,,,,,,,,,,True,False,False,success,True,6,8.212247848510742,9,28,3.111111111111111,28,3.111111111111111,0.007737501058727503,0.007737501058727503,True,False,False,success,True,4,8.000821113586426,9,25,2.7777777777777777,25,2.7777777777777777,0.008458676458406849,0.008458676458406849,,,,,,,,,,,,,,
D0_13cm,48,161290000,48,,,,,,,,,,,,,,,True,False,False,success,True,5,8.299001693725586,9,23,2.5555555555555554,23,2.5555555555555554,0.007414184026498215,0.007414184026498215,True,False,False,success,True,4,8.190657615661621,9,21,2.3333333333333335,21,2.3333333333333335,0.007027668882374028,0.007027668882374028,,,,,,,,,,,,,,
D0_13cm,49,161290000,49,,,,,,,,,,,,,,,True,False,False,success,True,8,8.030660629272461,9,40,4.444444444444445,40,4.444444444444445,0.009472526557056616,0.009472526557056616,True,False,False,success,True,9,9.063211441040039,9,32,3.5555555555555554,32,3.5555555555555554,0.008566745800520803,0.008566745800520803,,,,,,,,,,,,,,
D0_13cm,50,161290000,50,,,,,,,,,,,,,,,True,False,False,success,True,6,6.437074661254883,9,28,3.111111111111111,28,3.111111111111111,0.00829772443960834,0.00829772443960834,True,False,False,success,True,6,6.913410186767578,9,28,3.111111111111111,28,3.111111111111111,0.009453539155487321,0.009453539155487321,,,,,,,,,,,,,,
D0_13cm,51,161290000,51,,,,,,,,,,,,,,,True,False,False,success,True,9,8.764080047607422,9,24,2.6666666666666665,24,2.6666666666666665,0.005707147734769308,0.005707147734769308,True,False,False,success,True,7,7.517271041870117,9,16,1.7777777777777777,16,1.7777777777777777,0.004198036798426466,0.004198036798426466,,,,,,,,,,,,,,
D0_13cm,52,161290000,52,,,,,,,,,,,,,,,True,False,False,success,True,9,7.052773475646973,9,41,4.555555555555555,41,4.555555555555555,0.011852587246503987,0.011852587246503987,True,False,False,success,True,7,7.962815284729004,9,41,4.555555555555555,41,4.555555555555555,0.013333560739244734,0.013333560739244734,,,,,,,,,,,,,,
D0_13cm,53,161290000,53,,,,,,,,,,,,,,,True,False,False,success,True,11,8.97450065612793,9,30,3.3333333333333335,30,3.3333333333333335,0.007195892202895122,0.007195892202895122,True,False,False,success,True,11,8.603874206542969,9,31,3.4444444444444446,31,3.4444444444444446,0.00726592737600344,0.00726592737600344,,,,,,,,,,,,,,
D0_13cm,54,161290000,54,,,,,,,,,,,,,,,True,False,False,success,True,12,7.46755313873291,9,26,2.888888888888889,26,2.888888888888889,0.008007449634147413,0.008007449634147413,True,False,False,success,True,9,8.598758697509766,9,17,1.8888888888888888,17,1.8888888888888888,0.005565308436318552,0.005565308436318552,,,,,,,,,,,,,,
D0_13cm,55,161290000,55,,,,,,,,,,,,,,,True,False,False,success,True,9,7.194908142089844,9,22,2.4444444444444446,22,2.4444444444444446,0.008304736070465623,0.008304736070465623,True,False,False,success,True,9,7.1965179443359375,9,22,2.4444444444444446,22,2.4444444444444446,0.008229014147882876,0.008229014147882876,,,,,,,,,,,,,,
D0_13cm,56,161290000,56,,,,,,,,,,,,,,,True,False,False,success,True,9,7.924761772155762,9,28,3.111111111111111,28,3.111111111111111,0.008580481145799774,0.008580481145799774,True,False,False,success,True,8,7.286628723144531,9,29,3.2222222222222223,29,3.2222222222222223,0.008688934971608723,0.008688934971608723,,,,,,,,,,,,,,
D0_13cm,57,161290000,57,,,,,,,,,,,,,,,True,False,False,success,True,9,7.343113899230957,9,20,2.2222222222222223,20,2.2222222222222223,0.006807811363883641,0.006807811363883641,True,False,False,success,True,8,8.104497909545898,9,23,2.5555555555555554,23,2.5555555555555554,0.0064200691231640515,0.0064200691231640515,,,,,,,,,,,,,,
D0_13cm,58,161290000,58,,,,,,,,,,,,,,,True,False,False,success,True,9,8.727316856384277,9,21,2.3333333333333335,21,2.3333333333333335,0.006638557298137096,0.006638557298137096,True,False,False,success,True,7,8.418057441711426,9,22,2.4444444444444446,22,2.4444444444444446,0.007599772290980562,0.007599772290980562,,,,,,,,,,,,,,
D0_13cm,59,161290000,59,,,,,,,,,,,,,,,True,False,False,success,True,6,8.931361198425293,9,24,2.6666666666666665,24,2.6666666666666665,0.006627156002686756,0.006627156002686756,True,False,False,success,True,6,8.903024673461914,9,24,2.6666666666666665,24,2.6666666666666665,0.006609092372478825,0.006609092372478825,,,,,,,,,,,,,,
D0_13cm,60,161290000,60,,,,,,,,,,,,,,,True,False,False,success,True,10,6.732854843139648,9,30,3.3333333333333335,30,3.3333333333333335,0.007455483132365784,0.007455483132365784,True,False,False,success,True,9,6.887280464172363,9,24,2.6666666666666665,24,2.6666666666666665,0.005728967248379396,0.005728967248379396,,,,,,,,,,,,,,
D0_13cm,61,161290000,61,,,,,,,,,,,,,,,True,False,False,success,True,8,6.885429382324219,9,25,2.7777777777777777,25,2.7777777777777777,0.008216440335742375,0.008216440335742375,True,False,False,success,True,11,6.955163955688477,9,33,3.6666666666666665,33,3.6666666666666665,0.009863052987880224,0.009863052987880224,,,,,,,,,,,,,,
D0_13cm,62,161290000,62,,,,,,,,,,,,,,,True,False,False,success,True,7,7.517280578613281,9,21,2.3333333333333335,21,2.3333333333333335,0.008050914538108696,0.008050914538108696,True,False,False,success,True,11,9.127981185913086,9,19,2.111111111111111,19,2.111111111111111,0.005883211685120472,0.005883211685120472,,,,,,,,,,,,,,
D0_13cm,63,161290000,63,,,,,,,,,,,,,,,True,False,False,success,True,8,7.097163200378418,9,34,3.7777777777777777,34,3.7777777777777777,0.00881301858125984,0.00881301858125984,False,True,False,toe_riser_under_clearance,True,21,-3.7908525466918945,9,30,3.3333333333333335,30,3.3333333333333335,0.00787542885659206,0.00787542885659206,,,,,,,,,,,,,,
D0_13cm,64,161290000,64,,,,,,,,,,,,,,,True,False,False,success,True,12,8.150257110595703,9,23,2.5555555555555554,23,2.5555555555555554,0.007051264899117606,0.007051264899117606,True,False,False,success,True,8,7.94019889831543,9,15,1.6666666666666667,15,1.6666666666666667,0.0034981328736311233,0.0034981328736311233,,,,,,,,,,,,,,
D0_13cm,65,161290000,65,,,,,,,,,,,,,,,True,False,False,success,True,7,7.000581741333008,9,31,3.4444444444444446,31,3.4444444444444446,0.010455351993129842,0.010455351993129842,True,False,False,success,True,8,8.622827529907227,9,16,1.7777777777777777,16,1.7777777777777777,0.004985605402195707,0.004985605402195707,,,,,,,,,,,,,,
D0_13cm,66,161290000,66,,,,,,,,,,,,,,,True,False,False,success,True,10,8.29629898071289,9,39,4.333333333333333,39,4.333333333333333,0.010271471537900775,0.010271471537900775,False,True,False,toe_riser_under_clearance,True,10,-3.991119146347046,9,25,2.7777777777777777,25,2.7777777777777777,0.005949761201292015,0.005949761201292015,,,,,,,,,,,,,,
D0_13cm,67,161290000,67,,,,,,,,,,,,,,,True,False,False,success,True,7,7.128362655639648,9,27,3.0,27,3.0,0.010246528226365027,0.010246528226365027,True,False,False,success,True,9,8.25364875793457,9,24,2.6666666666666665,24,2.6666666666666665,0.007217044104077295,0.007217044104077295,,,,,,,,,,,,,,
D0_13cm,68,161290000,68,,,,,,,,,,,,,,,True,False,False,success,True,10,7.415902137756348,9,29,3.2222222222222223,29,3.2222222222222223,0.00902721051958725,0.00902721051958725,True,False,False,success,True,8,7.716001987457275,9,20,2.2222222222222223,20,2.2222222222222223,0.0063284159210721235,0.0063284159210721235,,,,,,,,,,,,,,
D0_13cm,69,161290000,69,,,,,,,,,,,,,,,True,False,False,success,True,7,8.536391258239746,9,21,2.3333333333333335,21,2.3333333333333335,0.006441466608761691,0.006441466608761691,True,False,False,success,True,9,8.586181640625,9,15,1.6666666666666667,15,1.6666666666666667,0.004482060925573366,0.004482060925573366,,,,,,,,,,,,,,
D0_13cm,70,161290000,70,,,,,,,,,,,,,,,True,False,False,success,True,4,7.7345170974731445,9,19,2.111111111111111,19,2.111111111111111,0.007885620530162538,0.007885620530162538,True,False,False,success,True,4,8.11513614654541,9,19,2.111111111111111,19,2.111111111111111,0.007274233776590098,0.007274233776590098,,,,,,,,,,,,,,
D0_13cm,71,161290000,71,,,,,,,,,,,,,,,True,False,False,success,True,7,6.411977291107178,9,36,4.0,36,4.0,0.008790646012373797,0.008790646012373797,True,False,False,success,True,8,8.522461891174316,9,18,2.0,18,2.0,0.00384278971215953,0.00384278971215953,,,,,,,,,,,,,,
D0_13cm,72,161290000,72,,,,,,,,,,,,,,,True,False,False,success,True,4,7.136003494262695,9,30,3.3333333333333335,30,3.3333333333333335,0.012031782150268554,0.012031782150268554,True,False,False,success,True,6,5.5039963722229,9,30,3.3333333333333335,30,3.3333333333333335,0.01206571198302842,0.01206571198302842,,,,,,,,,,,,,,
D0_13cm,73,161290000,73,,,,,,,,,,,,,,,True,False,False,success,True,7,6.0669074058532715,9,45,5.0,45,5.0,0.014437450769880929,0.014437450769880929,True,False,False,success,True,10,6.3776445388793945,9,41,4.555555555555555,41,4.555555555555555,0.015303487403720032,0.015303487403720032,,,,,,,,,,,,,,
D0_13cm,74,161290000,74,,,,,,,,,,,,,,,True,False,False,success,True,9,8.42853832244873,9,16,1.7777777777777777,16,1.7777777777777777,0.005265931744665094,0.005265931744665094,True,False,False,success,True,10,8.147348403930664,9,17,1.8888888888888888,17,1.8888888888888888,0.005173939442345005,0.005173939442345005,,,,,,,,,,,,,,
D0_13cm,75,161290000,75,,,,,,,,,,,,,,,True,False,False,success,True,12,8.493600845336914,9,21,2.3333333333333335,21,2.3333333333333335,0.005998349139984067,0.005998349139984067,True,False,False,success,True,10,7.994823455810547,9,22,2.4444444444444446,22,2.4444444444444446,0.007370989459918252,0.007370989459918252,,,,,,,,,,,,,,
D0_13cm,76,161290000,76,,,,,,,,,,,,,,,True,False,False,success,True,8,7.619455337524414,9,20,2.2222222222222223,20,2.2222222222222223,0.0063774968806583334,0.0063774968806583334,False,True,False,toe_riser_under_clearance,True,6,-5.295418739318848,8,26,3.25,26,3.25,0.016414487953285636,0.016414487953285636,,,,,,,,,,,,,,
D0_13cm,77,161290000,77,,,,,,,,,,,,,,,True,False,False,success,True,7,8.184868812561035,9,31,3.4444444444444446,31,3.4444444444444446,0.01016500009757518,0.01016500009757518,True,False,False,success,True,7,8.98912239074707,9,34,3.7777777777777777,34,3.7777777777777777,0.009995956181195738,0.009995956181195738,,,,,,,,,,,,,,
D0_13cm,78,161290000,78,,,,,,,,,,,,,,,True,False,False,success,True,7,6.635091781616211,9,37,4.111111111111111,37,4.111111111111111,0.014087068500803478,0.014087068500803478,True,False,False,success,True,8,7.612576961517334,9,35,3.888888888888889,35,3.888888888888889,0.01215686189367416,0.01215686189367416,,,,,,,,,,,,,,
D0_13cm,79,161290000,79,,,,,,,,,,,,,,,True,False,False,success,True,7,7.857728958129883,9,27,3.0,27,3.0,0.007577683510036643,0.007577683510036643,True,False,False,success,True,8,8.095368385314941,9,27,3.0,27,3.0,0.007248054726857756,0.007248054726857756,,,,,,,,,,,,,,
D0_13cm,80,161290000,80,,,,,,,,,,,,,,,True,False,False,success,True,8,7.898886680603027,9,21,2.3333333333333335,21,2.3333333333333335,0.004921607296876233,0.004921607296876233,True,False,False,success,True,4,8.933375358581543,9,23,2.5555555555555554,23,2.5555555555555554,0.006347004729922455,0.006347004729922455,,,,,,,,,,,,,,
D0_13cm,81,161290000,81,,,,,,,,,,,,,,,True,False,False,success,True,9,6.880094528198242,9,30,3.3333333333333335,30,3.3333333333333335,0.010024425261961912,0.010024425261961912,True,False,False,success,True,9,6.975297451019287,9,30,3.3333333333333335,30,3.3333333333333335,0.009919018972487677,0.009919018972487677,,,,,,,,,,,,,,
D0_13cm,82,161290000,82,,,,,,,,,,,,,,,True,False,False,success,True,8,5.950770854949951,9,24,2.6666666666666665,24,2.6666666666666665,0.012030416672382879,0.012030416672382879,True,False,False,success,True,8,5.901768684387207,9,24,2.6666666666666665,24,2.6666666666666665,0.01208513453259446,0.01208513453259446,,,,,,,,,,,,,,
D0_13cm,83,161290000,83,,,,,,,,,,,,,,,True,False,False,success,True,8,6.95709753036499,9,37,4.111111111111111,37,4.111111111111111,0.010850956042607626,0.010850956042607626,True,False,False,success,True,7,5.107108116149902,9,41,4.555555555555555,41,4.555555555555555,0.011290517794031675,0.011290517794031675,,,,,,,,,,,,,,
D0_13cm,84,161290000,84,,,,,,,,,,,,,,,True,False,False,success,True,5,7.450643062591553,9,27,3.0,27,3.0,0.007182606061299642,0.007182606061299642,True,False,False,success,True,8,8.0797758102417,9,19,2.111111111111111,19,2.111111111111111,0.004964046498649141,0.004964046498649141,,,,,,,,,,,,,,
D0_13cm,85,161290000,85,,,,,,,,,,,,,,,True,False,False,success,True,10,8.827152252197266,9,22,2.4444444444444446,22,2.4444444444444446,0.006185618313876065,0.006185618313876065,True,False,False,success,True,9,8.170904159545898,9,21,2.3333333333333335,21,2.3333333333333335,0.006282520392304094,0.006282520392304094,,,,,,,,,,,,,,
D0_13cm,86,161290000,86,,,,,,,,,,,,,,,True,False,False,success,True,9,7.458906650543213,9,15,1.6666666666666667,15,1.6666666666666667,0.005191368526882596,0.005191368526882596,True,False,False,success,True,9,7.473909854888916,9,15,1.6666666666666667,15,1.6666666666666667,0.005176460478040907,0.005176460478040907,,,,,,,,,,,,,,
D0_13cm,87,161290000,87,,,,,,,,,,,,,,,True,False,False,success,True,9,6.209367752075195,9,41,4.555555555555555,41,4.555555555555555,0.016399053787201467,0.016399053787201467,True,False,False,success,True,9,5.2761359214782715,9,42,4.666666666666667,42,4.666666666666667,0.017701025683470446,0.017701025683470446,,,,,,,,,,,,,,
D0_13cm,88,161290000,88,,,,,,,,,,,,,,,True,False,False,success,True,11,8.536111831665039,9,23,2.5555555555555554,23,2.5555555555555554,0.005807585844588823,0.005807585844588823,True,False,False,success,True,11,7.9652557373046875,9,18,2.0,18,2.0,0.00540521922864412,0.00540521922864412,,,,,,,,,,,,,,
D0_13cm,89,161290000,89,,,,,,,,,,,,,,,True,False,False,success,True,6,6.109375953674316,9,38,4.222222222222222,38,4.222222222222222,0.011588004355404734,0.011588004355404734,True,False,False,success,True,9,7.180580139160156,9,35,3.888888888888889,35,3.888888888888889,0.009762487182878468,0.009762487182878468,,,,,,,,,,,,,,
D0_13cm,90,161290000,90,,,,,,,,,,,,,,,True,False,False,success,True,8,6.772101402282715,9,33,3.6666666666666665,33,3.6666666666666665,0.013626339089157235,0.013626339089157235,True,False,False,success,True,9,6.669822692871094,9,39,4.333333333333333,39,4.333333333333333,0.01374399004958746,0.01374399004958746,,,,,,,,,,,,,,
D0_13cm,91,161290000,91,,,,,,,,,,,,,,,True,False,False,success,True,9,7.665065288543701,9,29,3.2222222222222223,29,3.2222222222222223,0.008894653720710114,0.008894653720710114,True,False,False,success,True,8,8.604240417480469,9,36,4.0,36,4.0,0.010196160297004543,0.010196160297004543,,,,,,,,,,,,,,
D0_13cm,92,161290000,92,,,,,,,,,,,,,,,True,False,False,success,True,6,6.519145488739014,9,23,2.5555555555555554,23,2.5555555555555554,0.008848817613389758,0.008848817613389758,True,False,False,success,True,5,7.093234539031982,9,24,2.6666666666666665,24,2.6666666666666665,0.009326294764576342,0.009326294764576342,,,,,,,,,,,,,,
D0_13cm,93,161290000,93,,,,,,,,,,,,,,,True,False,False,success,True,9,8.336583137512207,9,38,4.222222222222222,38,4.222222222222222,0.007290814802100096,0.007290814802100096,True,False,False,success,True,10,6.924651145935059,9,45,5.0,45,5.0,0.009930599206103265,0.009930599206103265,,,,,,,,,,,,,,
D0_13cm,94,161290000,94,,,,,,,,,,,,,,,True,False,False,success,True,12,6.305301189422607,9,38,4.222222222222222,38,4.222222222222222,0.012727553400249988,0.012727553400249988,True,False,False,success,True,10,7.766026496887207,9,34,3.7777777777777777,34,3.7777777777777777,0.010618850776741096,0.010618850776741096,,,,,,,,,,,,,,
D0_13cm,95,161290000,95,,,,,,,,,,,,,,,True,False,False,success,True,9,6.300136566162109,9,27,3.0,27,3.0,0.011966382540189302,0.011966382540189302,True,False,False,success,True,8,5.674835205078125,9,28,3.111111111111111,28,3.111111111111111,0.012844486107406444,0.012844486107406444,,,,,,,,,,,,,,
D0_13cm,96,161290000,96,,,,,,,,,,,,,,,True,False,False,success,True,9,7.524044513702393,9,35,3.888888888888889,35,3.888888888888889,0.009231231390793553,0.009231231390793553,True,False,False,success,True,8,8.434444427490234,9,30,3.3333333333333335,30,3.3333333333333335,0.008463671522320441,0.008463671522320441,,,,,,,,,,,,,,
D0_13cm,97,161290000,97,,,,,,,,,,,,,,,True,False,False,success,True,8,9.775724411010742,9,31,3.4444444444444446,31,3.4444444444444446,0.005376527514734252,0.005376527514734252,True,False,False,success,True,10,6.235452651977539,9,34,3.7777777777777777,34,3.7777777777777777,0.010898439363501537,0.010898439363501537,,,,,,,,,,,,,,
D0_13cm,98,161290000,98,,,,,,,,,,,,,,,True,False,False,success,True,8,8.04902458190918,9,19,2.111111111111111,19,2.111111111111111,0.0046767335853829285,0.0046767335853829285,False,True,False,toe_riser_under_clearance,True,3,-6.389938831329346,5,41,8.2,41,8.2,0.032779037346274166,0.032779037346274166,,,,,,,,,,,,,,
D0_13cm,99,161290000,99,,,,,,,,,,,,,,,True,False,False,success,True,9,8.92710018157959,9,18,2.0,18,2.0,0.0034639687256511993,0.0034639687256511993,True,False,False,success,True,11,7.371222496032715,9,25,2.7777777777777777,25,2.7777777777777777,0.007807075853407259,0.007807075853407259,,,,,,,,,,,,,,
D0_13cm,100,161290000,100,,,,,,,,,,,,,,,True,False,False,success,True,9,8.721694946289062,9,28,3.111111111111111,28,3.111111111111111,0.008273883135813587,0.008273883135813587,True,False,False,success,True,10,9.40243911743164,9,33,3.6666666666666665,33,3.6666666666666665,0.009158047446369255,0.009158047446369255,,,,,,,,,,,,,,
D0_13cm,101,161290000,101,,,,,,,,,,,,,,,True,False,False,success,True,8,7.343409538269043,9,27,3.0,27,3.0,0.00903372056413405,0.00903372056413405,True,False,False,success,True,5,6.207726001739502,9,30,3.3333333333333335,30,3.3333333333333335,0.009541682885476336,0.009541682885476336,,,,,,,,,,,,,,
D0_13cm,102,161290000,102,,,,,,,,,,,,,,,True,False,False,success,True,3,6.961244583129883,9,27,3.0,27,3.0,0.011735944484702594,0.011735944484702594,True,False,False,success,True,4,6.859801292419434,9,28,3.111111111111111,28,3.111111111111111,0.0068634984105132345,0.0068634984105132345,,,,,,,,,,,,,,
D0_13cm,103,161290000,103,,,,,,,,,,,,,,,True,False,False,success,True,8,7.151970863342285,9,21,2.3333333333333335,21,2.3333333333333335,0.0073308175776427955,0.0073308175776427955,True,False,False,success,True,10,6.103304862976074,9,22,2.4444444444444446,22,2.4444444444444446,0.008366834826585724,0.008366834826585724,,,,,,,,,,,,,,
D0_13cm,104,161290000,104,,,,,,,,,,,,,,,True,False,False,success,True,8,8.318981170654297,9,22,2.4444444444444446,22,2.4444444444444446,0.005249199303247595,0.005249199303247595,True,False,False,success,True,6,8.305917739868164,9,25,2.7777777777777777,25,2.7777777777777777,0.0060831783223448945,0.0060831783223448945,,,,,,,,,,,,,,
D0_13cm,105,161290000,105,,,,,,,,,,,,,,,True,False,False,success,True,4,9.010725021362305,9,25,2.7777777777777777,25,2.7777777777777777,0.006109513110996033,0.006109513110996033,True,False,False,success,True,6,8.065147399902344,9,29,3.2222222222222223,29,3.2222222222222223,0.0074584129628727245,0.0074584129628727245,,,,,,,,,,,,,,
D0_13cm,106,161290000,106,,,,,,,,,,,,,,,True,False,False,success,True,8,9.438066482543945,9,22,2.4444444444444446,22,2.4444444444444446,0.0056406771821062825,0.0056406771821062825,True,False,False,success,True,8,8.724459648132324,9,20,2.2222222222222223,20,2.2222222222222223,0.006011345892241507,0.006011345892241507,,,,,,,,,,,,,,
D0_13cm,107,161290000,107,,,,,,,,,,,,,,,True,False,False,success,True,7,7.559615612030029,9,37,4.111111111111111,37,4.111111111111111,0.009676836276876516,0.009676836276876516,True,False,False,success,True,9,6.04547119140625,9,38,4.222222222222222,38,4.222222222222222,0.013524881576451224,0.013524881576451224,,,,,,,,,,,,,,
D0_13cm,108,161290000,108,,,,,,,,,,,,,,,True,False,False,success,True,6,8.145264625549316,9,17,1.8888888888888888,17,1.8888888888888888,0.004666009256916661,0.004666009256916661,True,False,False,success,True,8,8.311366081237793,9,16,1.7777777777777777,16,1.7777777777777777,0.0052803241618545604,0.0052803241618545604,,,,,,,,,,,,,,
D0_13cm,109,161290000,109,,,,,,,,,,,,,,,True,False,False,success,True,9,9.145187377929688,9,19,2.111111111111111,19,2.111111111111111,0.005289213504356874,0.005289213504356874,True,False,False,success,True,10,8.853549003601074,9,18,2.0,18,2.0,0.004858459464807079,0.004858459464807079,,,,,,,,,,,,,,
D0_13cm,110,161290000,110,,,,,,,,,,,,,,,True,False,False,success,True,10,8.583788871765137,9,24,2.6666666666666665,24,2.6666666666666665,0.0051946340177895815,0.0051946340177895815,True,False,False,success,True,7,7.787949562072754,9,26,2.888888888888889,26,2.888888888888889,0.008922204788305611,0.008922204788305611,,,,,,,,,,,,,,
D0_13cm,111,161290000,111,,,,,,,,,,,,,,,True,False,False,success,True,7,8.615674018859863,9,32,3.5555555555555554,32,3.5555555555555554,0.008353506315738782,0.008353506315738782,True,False,False,success,True,7,9.54827880859375,9,30,3.3333333333333335,30,3.3333333333333335,0.007746202903881408,0.007746202903881408,,,,,,,,,,,,,,
D0_13cm,112,161290000,112,,,,,,,,,,,,,,,True,False,False,success,True,8,9.158957481384277,9,25,2.7777777777777777,25,2.7777777777777777,0.005938371629205369,0.005938371629205369,True,False,False,success,True,12,7.605337142944336,9,37,4.111111111111111,37,4.111111111111111,0.008767591134921924,0.008767591134921924,,,,,,,,,,,,,,
D0_13cm,113,161290000,113,,,,,,,,,,,,,,,True,False,False,success,True,11,8.148348808288574,9,30,3.3333333333333335,30,3.3333333333333335,0.009270931617312147,0.009270931617312147,True,False,False,success,True,8,7.23112154006958,9,31,3.4444444444444446,31,3.4444444444444446,0.011241309419125616,0.011241309419125616,,,,,,,,,,,,,,
D0_13cm,114,161290000,114,,,,,,,,,,,,,,,False,True,False,toe_riser_under_clearance,True,8,-3.2765674591064453,9,28,3.111111111111111,28,3.111111111111111,0.009551504618441897,0.009551504618441897,True,False,False,success,True,7,7.170209884643555,9,24,2.6666666666666665,24,2.6666666666666665,0.007778936297581669,0.007778936297581669,,,,,,,,,,,,,,
D0_13cm,115,161290000,115,,,,,,,,,,,,,,,True,False,False,success,True,8,7.696917533874512,9,31,3.4444444444444446,31,3.4444444444444446,0.010377577948078205,0.010377577948078205,True,False,False,success,True,10,6.656468868255615,9,36,4.0,36,4.0,0.012638141847636602,0.012638141847636602,,,,,,,,,,,,,,
D0_13cm,116,161290000,116,,,,,,,,,,,,,,,True,False,False,success,True,8,8.318177223205566,9,42,4.666666666666667,42,4.666666666666667,0.009412464925221034,0.009412464925221034,True,False,False,success,True,11,7.996674060821533,9,42,4.666666666666667,42,4.666666666666667,0.009457749117754705,0.009457749117754705,,,,,,,,,,,,,,
D0_13cm,117,161290000,117,,,,,,,,,,,,,,,True,False,False,success,True,7,8.491665840148926,9,24,2.6666666666666665,24,2.6666666666666665,0.00839267170405244,0.00839267170405244,True,False,False,success,True,9,7.72780704498291,9,25,2.7777777777777777,25,2.7777777777777777,0.007683350699288504,0.007683350699288504,,,,,,,,,,,,,,
D0_13cm,118,161290000,118,,,,,,,,,,,,,,,False,True,False,toe_riser_under_clearance,True,9,-18.782569885253906,5,44,8.8,44,8.8,0.06213849203927176,0.06213849203927176,True,False,False,success,True,10,6.257667064666748,9,33,3.6666666666666665,33,3.6666666666666665,0.012655526572546599,0.012655526572546599,,,,,,,,,,,,,,
D0_13cm,119,161290000,119,,,,,,,,,,,,,,,False,True,False,toe_riser_under_clearance,True,11,-16.10021209716797,5,61,12.2,61,12.2,0.04029279285007053,0.04029279285007053,True,False,False,success,True,11,7.766911506652832,9,38,4.222222222222222,38,4.222222222222222,0.011600169729679189,0.011600169729679189,,,,,,,,,,,,,,
D0_13cm,120,161290000,120,,,,,,,,,,,,,,,False,True,False,toe_riser_under_clearance,True,8,-11.069507598876953,8,36,4.5,36,4.5,0.030321143337131776,0.030321143337131776,True,False,False,success,True,9,6.497020721435547,9,28,3.111111111111111,28,3.111111111111111,0.010526824094023298,0.010526824094023298,,,,,,,,,,,,,,
D0_13cm,121,161290000,121,,,,,,,,,,,,,,,True,False,False,success,True,10,9.569080352783203,9,19,2.111111111111111,19,2.111111111111111,0.005077212817909182,0.005077212817909182,True,False,False,success,True,9,9.189577102661133,9,16,1.7777777777777777,16,1.7777777777777777,0.004183009591433081,0.004183009591433081,,,,,,,,,,,,,,
D0_13cm,122,161290000,122,,,,,,,,,,,,,,,True,False,False,success,True,9,8.693780899047852,9,33,3.6666666666666665,33,3.6666666666666665,0.009422480414490408,0.009422480414490408,True,False,False,success,True,10,8.245457649230957,9,40,4.444444444444445,40,4.444444444444445,0.010155941889836238,0.010155941889836238,,,,,,,,,,,,,,
D0_13cm,123,161290000,123,,,,,,,,,,,,,,,True,False,False,success,True,9,7.024126052856445,9,20,2.2222222222222223,20,2.2222222222222223,0.006021528390415928,0.006021528390415928,True,False,False,success,True,7,7.468231201171875,9,20,2.2222222222222223,20,2.2222222222222223,0.005867272957988169,0.005867272957988169,,,,,,,,,,,,,,
D0_13cm,124,161290000,124,,,,,,,,,,,,,,,True,False,False,success,True,8,6.034420013427734,9,24,2.6666666666666665,24,2.6666666666666665,0.009174370819995507,0.009174370819995507,True,False,False,success,True,8,6.563620090484619,9,30,3.3333333333333335,30,3.3333333333333335,0.010849428378929526,0.010849428378929526,,,,,,,,,,,,,,
D0_13cm,125,161290000,125,,,,,,,,,,,,,,,True,False,False,success,True,9,7.308271884918213,9,19,2.111111111111111,19,2.111111111111111,0.006562934809432918,0.006562934809432918,True,False,False,success,True,6,7.6805033683776855,9,21,2.3333333333333335,21,2.3333333333333335,0.006209747615830723,0.006209747615830723,,,,,,,,,,,,,,
D0_13cm,126,161290000,126,,,,,,,,,,,,,,,True,False,False,success,True,10,8.178000450134277,9,20,2.2222222222222223,20,2.2222222222222223,0.006470137091014527,0.006470137091014527,True,False,False,success,True,12,8.273200988769531,9,20,2.2222222222222223,20,2.2222222222222223,0.006438435448540582,0.006438435448540582,,,,,,,,,,,,,,
D0_13cm,127,161290000,127,,,,,,,,,,,,,,,True,False,False,success,True,10,7.397190093994141,9,15,1.6666666666666667,15,1.6666666666666667,0.00480199491740852,0.00480199491740852,True,False,False,success,True,7,7.9398040771484375,9,22,2.4444444444444446,22,2.4444444444444446,0.006497153677202169,0.006497153677202169,,,,,,,,,,,,,,
D0_13cm,128,161290000,128,,,,,,,,,,,,,,,False,True,False,toe_riser_under_clearance,True,2,-2.653750419616699,6,27,4.5,27,4.5,0.015077562893138212,0.015077562893138212,True,False,False,success,True,5,7.755970478057861,9,32,3.5555555555555554,32,3.5555555555555554,0.0105166600674999,0.0105166600674999,,,,,,,,,,,,,,
D0_13cm,129,161290000,129,,,,,,,,,,,,,,,True,False,False,success,True,19,5.215334415435791,9,35,3.888888888888889,35,3.888888888888889,0.010652145529104992,0.010652145529104992,False,True,False,toe_riser_under_clearance,True,16,-5.543094158172607,8,46,5.75,46,5.75,0.0156420410823212,0.0156420410823212,,,,,,,,,,,,,,
D0_13cm,130,161290000,130,,,,,,,,,,,,,,,True,False,False,success,True,8,9.41621208190918,9,38,4.222222222222222,38,4.222222222222222,0.007390295899154356,0.007390295899154356,True,False,False,success,True,10,7.858418941497803,9,51,5.666666666666667,51,5.666666666666667,0.01434450084660329,0.01434450084660329,,,,,,,,,,,,,,
D0_13cm,131,161290000,131,,,,,,,,,,,,,,,True,False,False,success,True,8,2.5089635848999023,9,52,5.777777777777778,52,5.777777777777778,0.015490677644117578,0.015490677644117578,True,False,False,success,True,6,7.776925086975098,9,28,3.111111111111111,28,3.111111111111111,0.0061576808099266436,0.0061576808099266436,,,,,,,,,,,,,,
D0_13cm,132,161290000,132,,,,,,,,,,,,,,,True,False,False,success,True,9,9.875093460083008,9,37,4.111111111111111,37,4.111111111111111,0.008732115094726151,0.008732115094726151,True,False,False,success,True,9,7.717047691345215,9,36,4.0,36,4.0,0.009519293303681885,0.009519293303681885,,,,,,,,,,,,,,
D0_13cm,133,161290000,133,,,,,,,,,,,,,,,False,True,False,toe_riser_under_clearance,True,13,-7.8079681396484375,9,46,5.111111111111111,46,5.111111111111111,0.013892323398409808,0.013892323398409808,True,False,False,success,True,5,9.257200241088867,9,31,3.4444444444444446,31,3.4444444444444446,0.007944904404245454,0.007944904404245454,,,,,,,,,,,,,,
D0_13cm,134,161290000,134,,,,,,,,,,,,,,,True,False,False,success,True,8,7.80496883392334,9,25,2.7777777777777777,25,2.7777777777777777,0.00742498084680358,0.00742498084680358,True,False,False,success,True,9,8.079366683959961,9,25,2.7777777777777777,25,2.7777777777777777,0.007974711659145149,0.007974711659145149,,,,,,,,,,,,,,
D0_13cm,135,161290000,135,,,,,,,,,,,,,,,True,False,False,success,True,7,6.59426212310791,9,22,2.4444444444444446,22,2.4444444444444446,0.0073514816496107315,0.0073514816496107315,True,False,False,success,True,8,6.176192283630371,9,23,2.5555555555555554,23,2.5555555555555554,0.008900145244170732,0.008900145244170732,,,,,,,,,,,,,,
D0_13cm,136,161290000,136,,,,,,,,,,,,,,,True,False,False,success,True,7,7.621659278869629,9,25,2.7777777777777777,25,2.7777777777777777,0.007874691462178259,0.007874691462178259,True,False,False,success,True,7,6.787301063537598,9,27,3.0,27,3.0,0.01073515540675113,0.01073515540675113,,,,,,,,,,,,,,
D0_13cm,137,161290000,137,,,,,,,,,,,,,,,True,False,False,success,True,9,8.003164291381836,9,28,3.111111111111111,28,3.111111111111111,0.006558753387117481,0.006558753387117481,True,False,False,success,True,6,7.541173934936523,9,24,2.6666666666666665,24,2.6666666666666665,0.0058802009357211546,0.0058802009357211546,,,,,,,,,,,,,,
D0_13cm,138,161290000,138,,,,,,,,,,,,,,,True,False,False,success,True,8,6.1944169998168945,9,33,3.6666666666666665,33,3.6666666666666665,0.01410082214471285,0.01410082214471285,True,False,False,success,True,9,7.515766143798828,9,25,2.7777777777777777,25,2.7777777777777777,0.008065793398167757,0.008065793398167757,,,,,,,,,,,,,,
D0_13cm,139,161290000,139,,,,,,,,,,,,,,,True,False,False,success,True,10,7.576018333435059,9,15,1.6666666666666667,15,1.6666666666666667,0.005337597543348646,0.005337597543348646,True,False,False,success,True,10,8.424829483032227,9,19,2.111111111111111,19,2.111111111111111,0.0045989445546870174,0.0045989445546870174,,,,,,,,,,,,,,
D0_13cm,140,161290000,140,,,,,,,,,,,,,,,True,False,False,success,True,10,6.0574846267700195,9,33,3.6666666666666665,33,3.6666666666666665,0.010689140024764761,0.010689140024764761,False,True,False,toe_riser_under_clearance,True,8,-7.92546272277832,8,40,5.0,40,5.0,0.021693640555383937,0.021693640555383937,,,,,,,,,,,,,,
D0_13cm,141,161290000,141,,,,,,,,,,,,,,,True,False,False,success,True,10,7.678370952606201,9,32,3.5555555555555554,32,3.5555555555555554,0.011399352196419594,0.011399352196419594,True,False,False,success,True,8,7.715922832489014,9,26,2.888888888888889,26,2.888888888888889,0.008400463288830172,0.008400463288830172,,,,,,,,,,,,,,
D0_13cm,142,161290000,142,,,,,,,,,,,,,,,True,False,False,success,True,9,9.013662338256836,9,27,3.0,27,3.0,0.008337839523164352,0.008337839523164352,True,False,False,success,True,9,8.670137405395508,9,26,2.888888888888889,26,2.888888888888889,0.007556680733485348,0.007556680733485348,,,,,,,,,,,,,,
D0_13cm,143,161290000,143,,,,,,,,,,,,,,,True,False,False,success,True,8,7.871725559234619,9,27,3.0,27,3.0,0.007008871106364781,0.007008871106364781,True,False,False,success,True,10,8.54935073852539,9,26,2.888888888888889,26,2.888888888888889,0.006014944514411896,0.006014944514411896,,,,,,,,,,,,,,
D0_13cm,144,161290000,144,,,,,,,,,,,,,,,True,False,False,success,True,3,7.0362677574157715,9,29,3.2222222222222223,29,3.2222222222222223,0.00950190240302972,0.00950190240302972,True,False,False,success,True,4,6.650471210479736,9,33,3.6666666666666665,33,3.6666666666666665,0.011529781851350986,0.011529781851350986,,,,,,,,,,,,,,
D0_13cm,145,161290000,145,,,,,,,,,,,,,,,False,True,False,toe_riser_under_clearance,True,7,-5.139369487762451,9,44,4.888888888888889,44,4.888888888888889,0.013683518823587669,0.013683518823587669,True,False,False,success,True,9,6.904823303222656,9,33,3.6666666666666665,33,3.6666666666666665,0.011482699618066791,0.011482699618066791,,,,,,,,,,,,,,
D0_13cm,146,161290000,146,,,,,,,,,,,,,,,True,False,False,success,True,12,7.934506416320801,9,27,3.0,27,3.0,0.00953634999833017,0.00953634999833017,True,False,False,success,True,7,7.035655498504639,9,26,2.888888888888889,26,2.888888888888889,0.00902375824007637,0.00902375824007637,,,,,,,,,,,,,,
D0_13cm,147,161290000,147,,,,,,,,,,,,,,,True,False,False,success,True,7,6.897588729858398,9,18,2.0,18,2.0,0.005514641294458224,0.005514641294458224,True,False,False,success,True,8,6.8363471031188965,9,19,2.111111111111111,19,2.111111111111111,0.004868780895745084,0.004868780895745084,,,,,,,,,,,,,,
D0_13cm,148,161290000,148,,,,,,,,,,,,,,,True,False,False,success,True,8,9.486303329467773,9,30,3.3333333333333335,30,3.3333333333333335,0.006770741188140297,0.006770741188140297,False,True,False,toe_riser_under_clearance,True,3,-9.508503913879395,4,34,8.5,34,8.5,0.033182536854463464,0.033182536854463464,,,,,,,,,,,,,,
D0_13cm,149,161290000,149,,,,,,,,,,,,,,,True,False,False,success,True,8,7.3603363037109375,9,19,2.111111111111111,19,2.111111111111111,0.00815265028326361,0.00815265028326361,True,False,False,success,True,10,7.056980133056641,9,21,2.3333333333333335,21,2.3333333333333335,0.009241597917344834,0.009241597917344834,,,,,,,,,,,,,,
D0_13cm,150,161290000,150,,,,,,,,,,,,,,,True,False,False,success,True,10,8.418546676635742,9,26,2.888888888888889,26,2.888888888888889,0.008141274545706954,0.008141274545706954,True,False,False,success,True,9,7.712553977966309,9,27,3.0,27,3.0,0.009883901596069337,0.009883901596069337,,,,,,,,,,,,,,
D0_13cm,151,161290000,151,,,,,,,,,,,,,,,True,False,False,success,True,9,7.33411979675293,9,25,2.7777777777777777,25,2.7777777777777777,0.008413087614718635,0.008413087614718635,True,False,False,success,True,8,7.937490463256836,9,25,2.7777777777777777,25,2.7777777777777777,0.007558221465970841,0.007558221465970841,,,,,,,,,,,,,,
D0_13cm,152,161290000,152,,,,,,,,,,,,,,,True,False,False,success,True,8,7.639544486999512,9,29,3.2222222222222223,29,3.2222222222222223,0.011068858371174311,0.011068858371174311,True,False,False,success,True,7,7.8823957443237305,9,28,3.111111111111111,28,3.111111111111111,0.010568725485955515,0.010568725485955515,,,,,,,,,,,,,,
D0_13cm,153,161290000,153,,,,,,,,,,,,,,,True,False,False,success,True,8,7.96340799331665,9,22,2.4444444444444446,22,2.4444444444444446,0.007514534252030509,0.007514534252030509,True,False,False,success,True,9,8.743091583251953,9,18,2.0,18,2.0,0.00472613533774575,0.00472613533774575,,,,,,,,,,,,,,
D0_13cm,154,161290000,154,,,,,,,,,,,,,,,True,False,False,success,True,5,7.091874599456787,9,24,2.6666666666666665,24,2.6666666666666665,0.009734620127761573,0.009734620127761573,False,True,False,toe_riser_under_clearance,True,6,-3.533393144607544,8,25,3.125,25,3.125,0.016156902463417354,0.016156902463417354,,,,,,,,,,,,,,
D0_13cm,155,161290000,155,,,,,,,,,,,,,,,True,False,False,success,True,9,3.1391420364379883,9,31,3.4444444444444446,31,3.4444444444444446,0.011228683236412015,0.011228683236412015,True,False,False,success,True,9,6.295765399932861,9,28,3.111111111111111,28,3.111111111111111,0.010815208156903585,0.010815208156903585,,,,,,,,,,,,,,
D0_13cm,156,161290000,156,,,,,,,,,,,,,,,True,False,False,success,True,7,8.015460014343262,9,23,2.5555555555555554,23,2.5555555555555554,0.007142718807681576,0.007142718807681576,True,False,False,success,True,8,8.249332427978516,9,20,2.2222222222222223,20,2.2222222222222223,0.00524905336883677,0.00524905336883677,,,,,,,,,,,,,,
D0_13cm,157,161290000,157,,,,,,,,,,,,,,,True,False,False,success,True,7,8.156662940979004,9,28,3.111111111111111,28,3.111111111111111,0.009470565924568781,0.009470565924568781,True,False,False,success,True,8,8.062864303588867,9,29,3.2222222222222223,29,3.2222222222222223,0.008961076118154469,0.008961076118154469,,,,,,,,,,,,,,
D0_13cm,158,161290000,158,,,,,,,,,,,,,,,True,False,False,success,True,9,5.341229438781738,9,38,4.222222222222222,38,4.222222222222222,0.01494686915401668,0.01494686915401668,True,False,False,success,True,10,8.780278205871582,9,32,3.5555555555555554,32,3.5555555555555554,0.008172211726067474,0.008172211726067474,,,,,,,,,,,,,,
D0_13cm,159,161290000,159,,,,,,,,,,,,,,,True,False,False,success,True,8,7.551252365112305,9,24,2.6666666666666665,24,2.6666666666666665,0.008346770610847704,0.008346770610847704,True,False,False,success,True,10,6.596272945404053,9,25,2.7777777777777777,25,2.7777777777777777,0.009814187692470305,0.009814187692470305,,,,,,,,,,,,,,
D0_13cm,160,161290000,160,,,,,,,,,,,,,,,True,False,False,success,True,10,8.228509902954102,9,22,2.4444444444444446,22,2.4444444444444446,0.005676023295668305,0.005676023295668305,True,False,False,success,True,9,8.364690780639648,9,17,1.8888888888888888,17,1.8888888888888888,0.004727279586631035,0.004727279586631035,,,,,,,,,,,,,,
D0_13cm,161,161290000,161,,,,,,,,,,,,,,,True,False,False,success,True,7,6.333764553070068,9,31,3.4444444444444446,31,3.4444444444444446,0.007948480202601506,0.007948480202601506,True,False,False,success,True,7,7.125057220458984,9,29,3.2222222222222223,29,3.2222222222222223,0.007498001110528958,0.007498001110528958,,,,,,,,,,,,,,
D0_13cm,162,161290000,162,,,,,,,,,,,,,,,False,True,False,toe_riser_under_clearance,True,7,-2.8948211669921875,7,35,5.0,35,5.0,0.01850018853491003,0.01850018853491003,True,False,False,success,True,18,1.3128998279571533,9,47,5.222222222222222,47,5.222222222222222,0.013115902653446905,0.013115902653446905,,,,,,,,,,,,,,
D0_13cm,163,161290000,163,,,,,,,,,,,,,,,True,False,False,success,True,7,8.67384147644043,9,25,2.7777777777777777,25,2.7777777777777777,0.00691382319656844,0.00691382319656844,True,False,False,success,True,6,7.525521278381348,9,23,2.5555555555555554,23,2.5555555555555554,0.008392523919511391,0.008392523919511391,,,,,,,,,,,,,,
D0_13cm,164,161290000,164,,,,,,,,,,,,,,,True,False,False,success,True,11,7.767851829528809,9,31,3.4444444444444446,31,3.4444444444444446,0.008808370524677187,0.008808370524677187,True,False,False,success,True,7,7.724677085876465,9,35,3.888888888888889,35,3.888888888888889,0.010103559848544323,0.010103559848544323,,,,,,,,,,,,,,
D0_13cm,165,161290000,165,,,,,,,,,,,,,,,True,False,False,success,True,11,7.400672912597656,9,21,2.3333333333333335,21,2.3333333333333335,0.0064586102345468585,0.0064586102345468585,True,False,False,success,True,9,8.337194442749023,9,23,2.5555555555555554,23,2.5555555555555554,0.008547722209583629,0.008547722209583629,,,,,,,,,,,,,,
D0_13cm,166,161290000,166,,,,,,,,,,,,,,,True,False,False,success,True,10,7.567436218261719,9,18,2.0,18,2.0,0.005712152866835005,0.005712152866835005,True,False,False,success,True,9,6.851777076721191,9,19,2.111111111111111,19,2.111111111111111,0.006044817080191516,0.006044817080191516,,,,,,,,,,,,,,
D0_13cm,167,161290000,167,,,,,,,,,,,,,,,True,False,False,success,True,9,7.685683727264404,9,33,3.6666666666666665,33,3.6666666666666665,0.01130371058363198,0.01130371058363198,True,False,False,success,True,11,7.689940929412842,9,39,4.333333333333333,39,4.333333333333333,0.009951696282147955,0.009951696282147955,,,,,,,,,,,,,,
D0_13cm,168,161290000,168,,,,,,,,,,,,,,,True,False,False,success,True,7,8.625646591186523,9,21,2.3333333333333335,21,2.3333333333333335,0.004870288684719898,0.004870288684719898,True,False,False,success,True,8,9.387046813964844,9,14,1.5555555555555556,14,1.5555555555555556,0.0036297084400488894,0.0036297084400488894,,,,,,,,,,,,,,
D0_13cm,169,161290000,169,,,,,,,,,,,,,,,True,False,False,success,True,6,6.905625343322754,9,19,2.111111111111111,19,2.111111111111111,0.008879588038910853,0.008879588038910853,True,False,False,success,True,8,6.9167938232421875,9,27,3.0,27,3.0,0.011086248489747564,0.011086248489747564,,,,,,,,,,,,,,
D0_13cm,170,161290000,170,,,,,,,,,,,,,,,True,False,False,success,True,9,8.764644622802734,9,35,3.888888888888889,35,3.888888888888889,0.008844418568654103,0.008844418568654103,True,False,False,success,True,8,8.857266426086426,9,31,3.4444444444444446,31,3.4444444444444446,0.007718210597690061,0.007718210597690061,,,,,,,,,,,,,,
D0_13cm,171,161290000,171,,,,,,,,,,,,,,,True,False,False,success,True,11,7.52205753326416,9,17,1.8888888888888888,17,1.8888888888888888,0.006215204352279631,0.006215204352279631,True,False,False,success,True,10,7.389888763427734,9,21,2.3333333333333335,21,2.3333333333333335,0.007875034452260446,0.007875034452260446,,,,,,,,,,,,,,
D0_13cm,172,161290000,172,,,,,,,,,,,,,,,True,False,False,success,True,6,7.831250190734863,9,28,3.111111111111111,28,3.111111111111111,0.008130668202262908,0.008130668202262908,True,False,False,success,True,8,8.55299186706543,9,31,3.4444444444444446,31,3.4444444444444446,0.007600916949185458,0.007600916949185458,,,,,,,,,,,,,,
D0_13cm,173,161290000,173,,,,,,,,,,,,,,,True,False,False,success,True,7,8.01412582397461,9,17,1.8888888888888888,17,1.8888888888888888,0.006247671391873285,0.006247671391873285,True,False,False,success,True,7,7.698792934417725,9,21,2.3333333333333335,21,2.3333333333333335,0.006828638992469516,0.006828638992469516,,,,,,,,,,,,,,
D0_13cm,174,161290000,174,,,,,,,,,,,,,,,False,True,False,toe_riser_under_clearance,True,10,-2.433744192123413,9,26,2.888888888888889,26,2.888888888888889,0.011346250076455929,0.011346250076455929,True,False,False,success,True,9,8.386913299560547,9,14,1.5555555555555556,14,1.5555555555555556,0.004361537059498253,0.004361537059498253,,,,,,,,,,,,,,
D0_13cm,175,161290000,175,,,,,,,,,,,,,,,True,False,False,success,True,6,6.189385414123535,9,33,3.6666666666666665,33,3.6666666666666665,0.015258634090423584,0.015258634090423584,True,False,False,success,True,12,8.551307678222656,9,25,2.7777777777777777,25,2.7777777777777777,0.007481795525833552,0.007481795525833552,,,,,,,,,,,,,,
D0_13cm,176,161290000,176,,,,,,,,,,,,,,,True,False,False,success,True,14,8.802140235900879,9,25,2.7777777777777777,25,2.7777777777777777,0.005321474075317383,0.005321474075317383,True,False,False,success,True,7,8.405171394348145,9,29,3.2222222222222223,29,3.2222222222222223,0.006955433707726773,0.006955433707726773,,,,,,,,,,,,,,
D0_13cm,177,161290000,177,,,,,,,,,,,,,,,True,False,False,success,True,10,8.900700569152832,9,33,3.6666666666666665,33,3.6666666666666665,0.007436167285739892,0.007436167285739892,True,False,False,success,True,6,8.44176959991455,9,38,4.222222222222222,38,4.222222222222222,0.010491861123431366,0.010491861123431366,,,,,,,,,,,,,,
D0_13cm,178,161290000,178,,,,,,,,,,,,,,,True,False,False,success,True,7,8.311558723449707,9,27,3.0,27,3.0,0.007258954393954678,0.007258954393954678,True,False,False,success,True,10,7.256224155426025,9,31,3.4444444444444446,31,3.4444444444444446,0.010221824799505038,0.010221824799505038,,,,,,,,,,,,,,
D0_13cm,179,161290000,179,,,,,,,,,,,,,,,True,False,False,success,True,8,8.294225692749023,9,18,2.0,18,2.0,0.006182788450972023,0.006182788450972023,True,False,False,success,True,8,7.538619041442871,9,20,2.2222222222222223,20,2.2222222222222223,0.00674901373701693,0.00674901373701693,,,,,,,,,,,,,,
D0_13cm,180,161290000,180,,,,,,,,,,,,,,,True,False,False,success,True,13,6.278717994689941,9,34,3.7777777777777777,34,3.7777777777777777,0.0072587681631756645,0.0072587681631756645,True,False,False,success,True,10,7.804793357849121,9,27,3.0,27,3.0,0.005168584583158996,0.005168584583158996,,,,,,,,,,,,,,
D0_13cm,181,161290000,181,,,,,,,,,,,,,,,True,False,False,success,True,6,8.4277982711792,9,27,3.0,27,3.0,0.007204909766684388,0.007204909766684388,True,False,False,success,True,8,9.828971862792969,9,17,1.8888888888888888,17,1.8888888888888888,0.005046541171689187,0.005046541171689187,,,,,,,,,,,,,,
D0_13cm,182,161290000,182,,,,,,,,,,,,,,,True,False,False,success,True,13,7.918474197387695,9,20,2.2222222222222223,20,2.2222222222222223,0.006701638407574476,0.006701638407574476,True,False,False,success,True,11,7.736697673797607,9,15,1.6666666666666667,15,1.6666666666666667,0.004513017303275264,0.004513017303275264,,,,,,,,,,,,,,
D0_13cm,183,161290000,183,,,,,,,,,,,,,,,True,False,False,success,True,7,7.953911781311035,9,16,1.7777777777777777,16,1.7777777777777777,0.00492078469971479,0.00492078469971479,True,False,False,success,True,8,8.791055679321289,9,14,1.5555555555555556,14,1.5555555555555556,0.004352585568700787,0.004352585568700787,,,,,,,,,,,,,,
D0_13cm,184,161290000,184,,,,,,,,,,,,,,,True,False,False,success,True,9,6.878180503845215,9,45,5.0,45,5.0,0.013712499221461413,0.013712499221461413,True,False,False,success,True,8,6.324709892272949,9,41,4.555555555555555,41,4.555555555555555,0.012830251966203961,0.012830251966203961,,,,,,,,,,,,,,
D0_13cm,185,161290000,185,,,,,,,,,,,,,,,True,False,False,success,True,7,7.412158012390137,9,27,3.0,27,3.0,0.00924980694352232,0.00924980694352232,True,False,False,success,True,8,8.082498550415039,9,24,2.6666666666666665,24,2.6666666666666665,0.008166338017668797,0.008166338017668797,,,,,,,,,,,,,,
D0_13cm,186,161290000,186,,,,,,,,,,,,,,,True,False,False,success,True,12,8.239479064941406,9,34,3.7777777777777777,34,3.7777777777777777,0.009368548384779934,0.009368548384779934,True,False,False,success,True,15,7.45615816116333,9,38,4.222222222222222,38,4.222222222222222,0.010917369800686182,0.010917369800686182,,,,,,,,,,,,,,
D0_13cm,187,161290000,187,,,,,,,,,,,,,,,True,False,False,success,True,6,6.903459548950195,9,26,2.888888888888889,26,2.888888888888889,0.008107697939236306,0.008107697939236306,True,False,False,success,True,8,6.4047746658325195,9,28,3.111111111111111,28,3.111111111111111,0.009461822987598269,0.009461822987598269,,,,,,,,,,,,,,
D0_13cm,188,161290000,188,,,,,,,,,,,,,,,True,False,False,success,True,8,6.8551201820373535,9,17,1.8888888888888888,17,1.8888888888888888,0.004190228960967951,0.004190228960967951,True,False,False,success,True,10,7.5679931640625,9,17,1.8888888888888888,17,1.8888888888888888,0.004302529046603912,0.004302529046603912,,,,,,,,,,,,,,
D0_13cm,189,161290000,189,,,,,,,,,,,,,,,True,False,False,success,True,10,6.684943199157715,9,39,4.333333333333333,39,4.333333333333333,0.012714635545962324,0.012714635545962324,True,False,False,success,True,9,7.063608646392822,9,35,3.888888888888889,35,3.888888888888889,0.011822947386269258,0.011822947386269258,,,,,,,,,,,,,,
D0_13cm,190,161290000,190,,,,,,,,,,,,,,,True,False,False,success,True,7,6.1586761474609375,9,27,3.0,27,3.0,0.010734420893143635,0.010734420893143635,False,True,False,toe_riser_under_clearance,True,3,-3.046269178390503,2,6,3.0,6,3.0,0.003968523016997746,0.003968523016997746,,,,,,,,,,,,,,
D0_13cm,191,161290000,191,,,,,,,,,,,,,,,True,False,False,success,True,8,7.59243106842041,9,22,2.4444444444444446,22,2.4444444444444446,0.007928419757533717,0.007928419757533717,True,False,False,success,True,10,8.59116268157959,9,25,2.7777777777777777,25,2.7777777777777777,0.007128988640217842,0.007128988640217842,,,,,,,,,,,,,,
D0_13cm,192,161290000,192,,,,,,,,,,,,,,,True,False,False,success,True,9,7.591631889343262,9,38,4.222222222222222,38,4.222222222222222,0.009271359877152876,0.009271359877152876,True,False,False,success,True,10,9.029928207397461,9,31,3.4444444444444446,31,3.4444444444444446,0.007328043757258235,0.007328043757258235,,,,,,,,,,,,,,
D0_13cm,193,161290000,193,,,,,,,,,,,,,,,True,False,False,success,True,9,6.285208702087402,9,21,2.3333333333333335,21,2.3333333333333335,0.0055139511823654175,0.0055139511823654175,True,False,False,success,True,6,8.019889831542969,9,15,1.6666666666666667,15,1.6666666666666667,0.0057984080365909045,0.0057984080365909045,,,,,,,,,,,,,,
D0_13cm,194,161290000,194,,,,,,,,,,,,,,,True,False,False,success,True,7,6.221398830413818,9,36,4.0,36,4.0,0.014298167863117267,0.014298167863117267,True,False,False,success,True,7,6.1699066162109375,9,36,4.0,36,4.0,0.014494047205672305,0.014494047205672305,,,,,,,,,,,,,,
D0_13cm,195,161290000,195,,,,,,,,,,,,,,,False,True,False,toe_riser_under_clearance,True,8,-3.902662992477417,9,20,2.2222222222222223,20,2.2222222222222223,0.006660514630769428,0.006660514630769428,True,False,False,success,True,9,5.933882236480713,9,26,2.888888888888889,26,2.888888888888889,0.00934582877444081,0.00934582877444081,,,,,,,,,,,,,,
D0_13cm,196,161290000,196,,,,,,,,,,,,,,,True,False,False,success,True,7,5.532876968383789,9,44,4.888888888888889,44,4.888888888888889,0.015864052643647066,0.015864052643647066,True,False,False,success,True,7,7.7874956130981445,9,30,3.3333333333333335,30,3.3333333333333335,0.007512535615400834,0.007512535615400834,,,,,,,,,,,,,,
D0_13cm,197,161290000,197,,,,,,,,,,,,,,,True,False,False,success,True,7,7.288842678070068,9,23,2.5555555555555554,23,2.5555555555555554,0.006291487697879644,0.006291487697879644,True,False,False,success,True,9,7.16387414932251,9,22,2.4444444444444446,22,2.4444444444444446,0.005827458137781853,0.005827458137781853,,,,,,,,,,,,,,
D0_13cm,198,161290000,198,,,,,,,,,,,,,,,True,False,False,success,True,5,8.939556121826172,9,13,1.4444444444444444,13,1.4444444444444444,0.0030757368095522004,0.0030757368095522004,True,False,False,success,True,7,8.900341987609863,9,15,1.6666666666666667,15,1.6666666666666667,0.003741356318364879,0.003741356318364879,,,,,,,,,,,,,,
D0_13cm,199,161290000,199,,,,,,,,,,,,,,,True,False,False,success,True,8,7.743796348571777,9,25,2.7777777777777777,25,2.7777777777777777,0.007695498065239296,0.007695498065239296,True,False,False,success,True,8,7.757994174957275,9,23,2.5555555555555554,23,2.5555555555555554,0.0072583615542408005,0.0072583615542408005,,,,,,,,,,,,,,
D0_13cm,200,161290000,200,,,,,,,,,,,,,,,True,False,False,success,True,11,7.347582817077637,9,18,2.0,18,2.0,0.007857622244419197,0.007857622244419197,True,False,False,success,True,12,7.7692975997924805,9,16,1.7777777777777777,16,1.7777777777777777,0.005541221044396841,0.005541221044396841,,,,,,,,,,,,,,
D0_13cm,201,161290000,201,,,,,,,,,,,,,,,True,False,False,success,True,7,7.5818562507629395,9,24,2.6666666666666665,24,2.6666666666666665,0.006945566558019286,0.006945566558019286,True,False,False,success,True,8,6.967808723449707,9,24,2.6666666666666665,24,2.6666666666666665,0.007440997133351336,0.007440997133351336,,,,,,,,,,,,,,
D0_13cm,202,161290000,202,,,,,,,,,,,,,,,True,False,False,success,True,9,7.833716869354248,9,26,2.888888888888889,26,2.888888888888889,0.008382489701279071,0.008382489701279071,True,False,False,success,True,8,7.372002124786377,9,30,3.3333333333333335,30,3.3333333333333335,0.01015056299516204,0.01015056299516204,,,,,,,,,,,,,,
D0_13cm,203,161290000,203,,,,,,,,,,,,,,,True,False,False,success,True,10,7.839699745178223,9,24,2.6666666666666665,24,2.6666666666666665,0.007178125883403577,0.007178125883403577,True,False,False,success,True,13,8.975006103515625,9,27,3.0,27,3.0,0.005261121477399554,0.005261121477399554,,,,,,,,,,,,,,
D0_13cm,204,161290000,204,,,,,,,,,,,,,,,True,False,False,success,True,9,8.014375686645508,9,31,3.4444444444444446,31,3.4444444444444446,0.010054411441372639,0.010054411441372639,False,True,False,toe_riser_under_clearance,True,6,-6.8375396728515625,8,32,4.0,32,4.0,0.020968493961152575,0.020968493961152575,,,,,,,,,,,,,,
D0_13cm,205,161290000,205,,,,,,,,,,,,,,,True,False,False,success,True,10,7.485478401184082,9,42,4.666666666666667,42,4.666666666666667,0.009845625452634668,0.009845625452634668,True,False,False,success,True,6,5.896084308624268,9,35,3.888888888888889,35,3.888888888888889,0.011035571696787228,0.011035571696787228,,,,,,,,,,,,,,
D0_13cm,206,161290000,206,,,,,,,,,,,,,,,True,False,False,success,True,8,7.79249382019043,9,22,2.4444444444444446,22,2.4444444444444446,0.006879082522421407,0.006879082522421407,True,False,False,success,True,7,7.81837272644043,9,19,2.111111111111111,19,2.111111111111111,0.006841599811396048,0.006841599811396048,,,,,,,,,,,,,,
D0_13cm,207,161290000,207,,,,,,,,,,,,,,,True,False,False,success,True,5,6.8780436515808105,9,26,2.888888888888889,26,2.888888888888889,0.00960856410655898,0.00960856410655898,True,False,False,success,True,8,7.242450714111328,9,28,3.111111111111111,28,3.111111111111111,0.010364608475107848,0.010364608475107848,,,,,,,,,,,,,,
D0_13cm,208,161290000,208,,,,,,,,,,,,,,,True,False,False,success,True,4,6.737242698669434,9,22,2.4444444444444446,22,2.4444444444444446,0.007184500199543193,0.007184500199543193,True,False,False,success,True,10,7.369854927062988,9,26,2.888888888888889,26,2.888888888888889,0.00977731004135877,0.00977731004135877,,,,,,,,,,,,,,
D0_13cm,209,161290000,209,,,,,,,,,,,,,,,True,False,False,success,True,11,7.508707046508789,9,23,2.5555555555555554,23,2.5555555555555554,0.007628159309790387,0.007628159309790387,True,False,False,success,True,12,6.858875751495361,9,28,3.111111111111111,28,3.111111111111111,0.00959084680688526,0.00959084680688526,,,,,,,,,,,,,,
D0_13cm,210,161290000,210,,,,,,,,,,,,,,,True,False,False,success,True,14,7.915078639984131,9,26,2.888888888888889,26,2.888888888888889,0.009084791826778614,0.009084791826778614,True,False,False,success,True,10,8.029532432556152,9,27,3.0,27,3.0,0.00921350802868178,0.00921350802868178,,,,,,,,,,,,,,
D0_13cm,211,161290000,211,,,,,,,,,,,,,,,True,False,False,success,True,10,7.544893264770508,9,23,2.5555555555555554,23,2.5555555555555554,0.007850593579581995,0.007850593579581995,True,False,False,success,True,6,6.54586935043335,9,26,2.888888888888889,26,2.888888888888889,0.007958650588989258,0.007958650588989258,,,,,,,,,,,,,,
D0_13cm,212,161290000,212,,,,,,,,,,,,,,,True,False,False,success,True,6,8.788529396057129,9,18,2.0,18,2.0,0.004135721787840798,0.004135721787840798,True,False,False,success,True,8,9.202827453613281,9,16,1.7777777777777777,16,1.7777777777777777,0.003937309095174959,0.003937309095174959,,,,,,,,,,,,,,
D0_13cm,213,161290000,213,,,,,,,,,,,,,,,True,False,False,success,True,13,8.600057601928711,9,14,1.5555555555555556,14,1.5555555555555556,0.004112751315338443,0.004112751315338443,True,False,False,success,True,11,8.970503807067871,9,20,2.2222222222222223,20,2.2222222222222223,0.005193724749444338,0.005193724749444338,,,,,,,,,,,,,,
D0_13cm,214,161290000,214,,,,,,,,,,,,,,,True,False,False,success,True,10,8.842634201049805,9,18,2.0,18,2.0,0.004333960260072654,0.004333960260072654,True,False,False,success,True,8,8.202262878417969,9,16,1.7777777777777777,16,1.7777777777777777,0.004656792758555894,0.004656792758555894,,,,,,,,,,,,,,
D0_13cm,215,161290000,215,,,,,,,,,,,,,,,True,False,False,success,True,10,9.514853477478027,9,16,1.7777777777777777,16,1.7777777777777777,0.0034336974511997333,0.0034336974511997333,True,False,False,success,True,7,8.582895278930664,9,19,2.111111111111111,19,2.111111111111111,0.004413076913526734,0.004413076913526734,,,,,,,,,,,,,,
D0_13cm,216,161290000,216,,,,,,,,,,,,,,,True,False,False,success,True,8,9.423261642456055,9,33,3.6666666666666665,33,3.6666666666666665,0.008465955601656501,0.008465955601656501,True,False,False,success,True,12,9.245550155639648,9,30,3.3333333333333335,30,3.3333333333333335,0.0066717544908625375,0.0066717544908625375,,,,,,,,,,,,,,
D0_13cm,217,161290000,217,,,,,,,,,,,,,,,True,False,False,success,True,14,9.532291412353516,9,18,2.0,18,2.0,0.005026051565974405,0.005026051565974405,True,False,False,success,True,7,7.456918716430664,9,32,3.5555555555555554,32,3.5555555555555554,0.009401543218581403,0.009401543218581403,,,,,,,,,,,,,,
D0_13cm,218,161290000,218,,,,,,,,,,,,,,,True,False,False,success,True,10,6.804843902587891,9,18,2.0,18,2.0,0.006038601009898502,0.006038601009898502,True,False,False,success,True,7,7.612157344818115,9,19,2.111111111111111,19,2.111111111111111,0.008085441151890187,0.008085441151890187,,,,,,,,,,,,,,
D0_13cm,219,161290000,219,,,,,,,,,,,,,,,False,True,False,toe_riser_under_clearance,True,8,-7.336261749267578,9,35,3.888888888888889,35,3.888888888888889,0.012809529134878529,0.012809529134878529,False,True,False,toe_riser_under_clearance,True,11,-7.111236572265625,9,49,5.444444444444445,49,5.444444444444445,0.01964766284951238,0.01964766284951238,,,,,,,,,,,,,,
D0_13cm,220,161290000,220,,,,,,,,,,,,,,,True,False,False,success,True,8,7.429320335388184,9,20,2.2222222222222223,20,2.2222222222222223,0.007698656986975723,0.007698656986975723,True,False,False,success,True,4,7.036593437194824,9,23,2.5555555555555554,23,2.5555555555555554,0.009112903050013952,0.009112903050013952,,,,,,,,,,,,,,
D0_13cm,221,161290000,221,,,,,,,,,,,,,,,True,False,False,success,True,8,8.031915664672852,9,12,1.3333333333333333,12,1.3333333333333333,0.003307203407542477,0.003307203407542477,True,False,False,success,True,8,8.171016693115234,9,12,1.3333333333333333,12,1.3333333333333333,0.0036597973067927308,0.0036597973067927308,,,,,,,,,,,,,,
D0_13cm,222,161290000,222,,,,,,,,,,,,,,,True,False,False,success,True,8,7.936086654663086,9,24,2.6666666666666665,24,2.6666666666666665,0.00659569528802954,0.00659569528802954,False,True,False,toe_riser_under_clearance,True,7,-8.635760307312012,9,21,2.3333333333333335,21,2.3333333333333335,0.004568322295161306,0.004568322295161306,,,,,,,,,,,,,,
D0_13cm,223,161290000,223,,,,,,,,,,,,,,,True,False,False,success,True,10,8.01425552368164,9,25,2.7777777777777777,25,2.7777777777777777,0.00820083187230678,0.00820083187230678,True,False,False,success,True,7,7.219934463500977,9,24,2.6666666666666665,24,2.6666666666666665,0.008569642064972875,0.008569642064972875,,,,,,,,,,,,,,
D0_13cm,224,161290000,224,,,,,,,,,,,,,,,True,False,False,success,True,9,7.063458442687988,9,28,3.111111111111111,28,3.111111111111111,0.011193072480242509,0.011193072480242509,True,False,False,success,True,8,6.618096351623535,9,31,3.4444444444444446,31,3.4444444444444446,0.013110570809275834,0.013110570809275834,,,,,,,,,,,,,,
D0_13cm,225,161290000,225,,,,,,,,,,,,,,,True,False,False,success,True,9,9.146445274353027,9,14,1.5555555555555556,14,1.5555555555555556,0.003919700338197286,0.003919700338197286,True,False,False,success,True,10,8.752062797546387,9,18,2.0,18,2.0,0.00549028255045414,0.00549028255045414,,,,,,,,,,,,,,
D0_13cm,226,161290000,226,,,,,,,,,,,,,,,True,False,False,success,True,9,7.585935115814209,9,21,2.3333333333333335,21,2.3333333333333335,0.006988004207611084,0.006988004207611084,True,False,False,success,True,12,8.539494514465332,9,31,3.4444444444444446,31,3.4444444444444446,0.009487237930297852,0.009487237930297852,,,,,,,,,,,,,,
D0_13cm,227,161290000,227,,,,,,,,,,,,,,,True,False,False,success,True,5,7.901020050048828,9,22,2.4444444444444446,22,2.4444444444444446,0.008244179959954887,0.008244179959954887,True,False,False,success,True,5,8.011370658874512,9,23,2.5555555555555554,23,2.5555555555555554,0.008429964383443197,0.008429964383443197,,,,,,,,,,,,,,
D0_13cm,228,161290000,228,,,,,,,,,,,,,,,True,False,False,success,True,6,7.8585100173950195,9,20,2.2222222222222223,20,2.2222222222222223,0.007977207331186712,0.007977207331186712,True,False,False,success,True,10,8.936203002929688,9,17,1.8888888888888888,17,1.8888888888888888,0.0053806696584337305,0.0053806696584337305,,,,,,,,,,,,,,
D0_13cm,229,161290000,229,,,,,,,,,,,,,,,True,False,False,success,True,10,7.882167816162109,9,24,2.6666666666666665,24,2.6666666666666665,0.007115814304977851,0.007115814304977851,True,False,False,success,True,12,8.709395408630371,9,21,2.3333333333333335,21,2.3333333333333335,0.005788177251815796,0.005788177251815796,,,,,,,,,,,,,,
D0_13cm,230,161290000,230,,,,,,,,,,,,,,,True,False,False,success,True,7,7.119665145874023,9,26,2.888888888888889,26,2.888888888888889,0.010962374477465618,0.010962374477465618,True,False,False,success,True,7,6.476405620574951,9,28,3.111111111111111,28,3.111111111111111,0.01255216123737814,0.01255216123737814,,,,,,,,,,,,,,
D0_13cm,231,161290000,231,,,,,,,,,,,,,,,True,False,False,success,True,5,7.785804748535156,9,26,2.888888888888889,26,2.888888888888889,0.008397196779156676,0.008397196779156676,True,False,False,success,True,6,7.138645172119141,9,23,2.5555555555555554,23,2.5555555555555554,0.008156927206770704,0.008156927206770704,,,,,,,,,,,,,,
D0_13cm,232,161290000,232,,,,,,,,,,,,,,,True,False,False,success,True,6,7.756051063537598,9,20,2.2222222222222223,20,2.2222222222222223,0.005177937107956756,0.005177937107956756,True,False,False,success,True,10,7.512596130371094,9,23,2.5555555555555554,23,2.5555555555555554,0.0063596658394286165,0.0063596658394286165,,,,,,,,,,,,,,
D0_13cm,233,161290000,233,,,,,,,,,,,,,,,True,False,False,success,True,9,7.984265327453613,9,26,2.888888888888889,26,2.888888888888889,0.0068921315788042425,0.0068921315788042425,True,False,False,success,True,10,8.639589309692383,9,27,3.0,27,3.0,0.007997695219169543,0.007997695219169543,,,,,,,,,,,,,,
D0_13cm,234,161290000,234,,,,,,,,,,,,,,,True,False,False,success,True,10,8.081985473632812,9,21,2.3333333333333335,21,2.3333333333333335,0.005328882429788659,0.005328882429788659,True,False,False,success,True,9,7.902671813964844,9,24,2.6666666666666665,24,2.6666666666666665,0.006615267080419204,0.006615267080419204,,,,,,,,,,,,,,
D0_13cm,235,161290000,235,,,,,,,,,,,,,,,True,False,False,success,True,10,4.786654472351074,9,31,3.4444444444444446,31,3.4444444444444446,0.013727963342488185,0.013727963342488185,True,False,False,success,True,8,6.554841041564941,9,25,2.7777777777777777,25,2.7777777777777777,0.009782729158861332,0.009782729158861332,,,,,,,,,,,,,,
D0_13cm,236,161290000,236,,,,,,,,,,,,,,,True,False,False,success,True,4,6.779303073883057,9,34,3.7777777777777777,34,3.7777777777777777,0.012452570194936502,0.012452570194936502,True,False,False,success,True,4,7.3237152099609375,9,29,3.2222222222222223,29,3.2222222222222223,0.00902973214785258,0.00902973214785258,,,,,,,,,,,,,,
D0_13cm,237,161290000,237,,,,,,,,,,,,,,,True,False,False,success,True,11,8.493342399597168,9,21,2.3333333333333335,21,2.3333333333333335,0.007025399840021708,0.007025399840021708,True,False,False,success,True,9,5.645910263061523,9,41,4.555555555555555,41,4.555555555555555,0.011995434307780103,0.011995434307780103,,,,,,,,,,,,,,
D0_13cm,238,161290000,238,,,,,,,,,,,,,,,True,False,False,success,True,6,6.924122333526611,9,34,3.7777777777777777,34,3.7777777777777777,0.011655505498250325,0.011655505498250325,True,False,False,success,True,5,6.422142028808594,9,30,3.3333333333333335,30,3.3333333333333335,0.009572487076123555,0.009572487076123555,,,,,,,,,,,,,,
D0_13cm,239,161290000,239,,,,,,,,,,,,,,,True,False,False,success,True,10,6.5097150802612305,9,27,3.0,27,3.0,0.008724785470343256,0.008724785470343256,True,False,False,success,True,8,6.664102554321289,9,28,3.111111111111111,28,3.111111111111111,0.009079660399485443,0.009079660399485443,,,,,,,,,,,,,,
D0_13cm,240,161290000,240,,,,,,,,,,,,,,,True,False,False,success,True,8,7.430576801300049,9,43,4.777777777777778,43,4.777777777777778,0.010851085285844915,0.010851085285844915,True,False,False,success,True,6,7.255374908447266,9,40,4.444444444444445,40,4.444444444444445,0.010230304855425199,0.010230304855425199,,,,,,,,,,,,,,
D0_13cm,241,161290000,241,,,,,,,,,,,,,,,True,False,False,success,True,7,5.9753098487854,9,27,3.0,27,3.0,0.008677040427791915,0.008677040427791915,False,True,False,toe_riser_under_clearance,True,7,-7.210902214050293,9,34,3.7777777777777777,34,3.7777777777777777,0.017526534295851184,0.017526534295851184,,,,,,,,,,,,,,
D0_13cm,242,161290000,242,,,,,,,,,,,,,,,False,True,False,toe_riser_under_clearance,True,10,-5.993984222412109,9,21,2.3333333333333335,21,2.3333333333333335,0.00915654668078259,0.00915654668078259,False,True,False,toe_riser_under_clearance,True,11,-4.8973565101623535,9,27,3.0,27,3.0,0.01166300315641414,0.01166300315641414,,,,,,,,,,,,,,
D0_13cm,243,161290000,243,,,,,,,,,,,,,,,True,False,False,success,True,7,6.321323871612549,9,29,3.2222222222222223,29,3.2222222222222223,0.011441393795176448,0.011441393795176448,True,False,False,success,True,7,6.185492515563965,9,36,4.0,36,4.0,0.012319382079347165,0.012319382079347165,,,,,,,,,,,,,,
D0_13cm,244,161290000,244,,,,,,,,,,,,,,,True,False,False,success,True,10,9.580132484436035,9,20,2.2222222222222223,20,2.2222222222222223,0.004874380059944567,0.004874380059944567,True,False,False,success,True,8,9.1228609085083,9,23,2.5555555555555554,23,2.5555555555555554,0.005399785367360556,0.005399785367360556,,,,,,,,,,,,,,
D0_13cm,245,161290000,245,,,,,,,,,,,,,,,True,False,False,success,True,12,7.707337379455566,9,27,3.0,27,3.0,0.008262899406718021,0.008262899406718021,False,True,False,toe_riser_under_clearance,True,12,-6.496328353881836,8,46,5.75,46,5.75,0.03124542584929703,0.03124542584929703,,,,,,,,,,,,,,
D0_13cm,246,161290000,246,,,,,,,,,,,,,,,False,True,False,toe_riser_under_clearance,True,11,-3.3232314586639404,9,19,2.111111111111111,19,2.111111111111111,0.005984127385119825,0.005984127385119825,False,True,False,toe_riser_under_clearance,True,11,-2.734753131866455,8,29,3.625,29,3.625,0.012161566215811425,0.012161566215811425,,,,,,,,,,,,,,
D0_13cm,247,161290000,247,,,,,,,,,,,,,,,True,False,False,success,True,8,8.226195335388184,9,25,2.7777777777777777,25,2.7777777777777777,0.006752250063771437,0.006752250063771437,True,False,False,success,True,9,8.251420974731445,9,27,3.0,27,3.0,0.0069399158485600205,0.0069399158485600205,,,,,,,,,,,,,,
D0_13cm,248,161290000,248,,,,,,,,,,,,,,,True,False,False,success,True,9,8.226064682006836,9,17,1.8888888888888888,17,1.8888888888888888,0.005359543516598559,0.005359543516598559,True,False,False,success,True,7,8.153507232666016,9,19,2.111111111111111,19,2.111111111111111,0.006281903889625584,0.006281903889625584,,,,,,,,,,,,,,
D0_13cm,249,161290000,249,,,,,,,,,,,,,,,True,False,False,success,True,6,7.691054344177246,9,20,2.2222222222222223,20,2.2222222222222223,0.006087194600655882,0.006087194600655882,True,False,False,success,True,7,7.236452579498291,9,21,2.3333333333333335,21,2.3333333333333335,0.006405920116332741,0.006405920116332741,,,,,,,,,,,,,,
D0_13cm,250,161290000,250,,,,,,,,,,,,,,,True,False,False,success,True,10,8.99734878540039,9,16,1.7777777777777777,16,1.7777777777777777,0.0035106180043056093,0.0035106180043056093,True,False,False,success,True,11,9.265077590942383,9,16,1.7777777777777777,16,1.7777777777777777,0.004215502444608712,0.004215502444608712,,,,,,,,,,,,,,
D0_13cm,251,161290000,251,,,,,,,,,,,,,,,True,False,False,success,True,8,8.400367736816406,9,17,1.8888888888888888,17,1.8888888888888888,0.006211569329269794,0.006211569329269794,True,False,False,success,True,9,7.9373650550842285,9,19,2.111111111111111,19,2.111111111111111,0.006810083167965402,0.006810083167965402,,,,,,,,,,,,,,
D0_13cm,252,161290000,252,,,,,,,,,,,,,,,True,False,False,success,True,9,6.751737594604492,9,30,3.3333333333333335,30,3.3333333333333335,0.010137928553989956,0.010137928553989956,True,False,False,success,True,11,7.108884811401367,9,34,3.7777777777777777,34,3.7777777777777777,0.009467625142009202,0.009467625142009202,,,,,,,,,,,,,,
D0_13cm,253,161290000,253,,,,,,,,,,,,,,,True,False,False,success,True,5,6.414276599884033,9,34,3.7777777777777777,34,3.7777777777777777,0.01409652644190295,0.01409652644190295,True,False,False,success,True,7,6.662594318389893,9,31,3.4444444444444446,31,3.4444444444444446,0.01208186455262013,0.01208186455262013,,,,,,,,,,,,,,
D0_13cm,254,161290000,254,,,,,,,,,,,,,,,True,False,False,success,True,7,5.175071716308594,9,33,3.6666666666666665,33,3.6666666666666665,0.013499972662691876,0.013499972662691876,True,False,False,success,True,6,6.944606781005859,9,33,3.6666666666666665,33,3.6666666666666665,0.011920809512502293,0.011920809512502293,,,,,,,,,,,,,,
D0_13cm,255,161290000,255,,,,,,,,,,,,,,,True,False,False,success,True,9,6.7913103103637695,9,37,4.111111111111111,37,4.111111111111111,0.014380444076275506,0.014380444076275506,True,False,False,success,True,11,6.549810409545898,9,42,4.666666666666667,42,4.666666666666667,0.01412175071071571,0.01412175071071571,,,,,,,,,,,,,,
