candidate,context,round,action_mean_shift,actor_gradient_clipped_fraction,actor_gradient_norm,actor_loss,behavior_approx_kl,cbf_intervention_count,cbf_intervention_per_riser,clip_fraction,epoch_moving_forward_kl_json,mean_cbf_correction_norm,mean_policy_to_target_distance_after_update,mean_policy_to_target_distance_before_update,mean_residual_target_norm,minibatch_diagnostics_json,moving_forward_kl,rollout_fall_rate,rollout_mean_reached_riser,rollout_mean_return,rollout_success_rate,round_end_actor_sha256,round_start_actor_sha256,teacher_error_after_action_00,teacher_error_after_action_01,teacher_error_after_action_02,teacher_error_after_action_03,teacher_error_after_action_04,teacher_error_after_action_05,teacher_error_after_action_06,teacher_error_after_action_07,teacher_error_after_action_08,teacher_error_after_action_09,teacher_error_after_action_10,teacher_error_after_action_11,teacher_error_before_action_00,teacher_error_before_action_01,teacher_error_before_action_02,teacher_error_before_action_03,teacher_error_before_action_04,teacher_error_before_action_05,teacher_error_before_action_06,teacher_error_before_action_07,teacher_error_before_action_08,teacher_error_before_action_09,teacher_error_before_action_10,teacher_error_before_action_11,teacher_eta,teacher_fraction_among_interventions,teacher_gate_mode,teacher_huber_loss_mean,teacher_loss,teacher_mode,teacher_smooth_l1_beta,teacher_transition_count,teacher_weight_sum,toe_riser_kick_event_count,value_loss
c000_current,F1,1,0.004897990322206169,1.0,53.565433502197266,0.026589649030938745,0.002595532452687621,8166,6.6067962646484375,0.38800048828125,"[0.004402410704642534,0.002085888758301735]",0.6016896367073059,0.15337130427360535,0.153554767370224,0.153554767370224,"[{""action_mean_shift"":0.00804611574858427,""actor_gradient_norm_pre_clip"":11.430442810058594,""behavior_approximate_kl"":0.016251569613814354,""clip_fraction"":0.72650146484375,""epoch"":1,""minibatch"":1,""moving_forward_kl"":0.014299990609288216},{""action_mean_shift"":0.0065963976085186005,""actor_gradient_norm_pre_clip"":53.565433502197266,""behavior_approximate_kl"":0.007003811653703451,""clip_fraction"":0.67340087890625,""epoch"":1,""minibatch"":2,""moving_forward_kl"":0.009540976025164127},{""action_mean_shift"":0.005333703942596912,""actor_gradient_norm_pre_clip"":44.082183837890625,""behavior_approximate_kl"":0.006772241555154324,""clip_fraction"":0.605224609375,""epoch"":1,""minibatch"":3,""moving_forward_kl"":0.006313054356724024},{""action_mean_shift"":0.004507958889007568,""actor_gradient_norm_pre_clip"":39.006263732910156,""behavior_approximate_kl"":0.00610780855640769,""clip_fraction"":0.5465087890625,""epoch"":1,""minibatch"":4,""moving_forward_kl"":0.004400122910737991},{""action_mean_shift"":0.004215339198708534,""actor_gradient_norm_pre_clip"":34.79073715209961,""behavior_approximate_kl"":0.004623488523066044,""clip_fraction"":0.5303955078125,""epoch"":2,""minibatch"":1,""moving_forward_kl"":0.0038534756749868393},{""action_mean_shift"":0.004011195152997971,""actor_gradient_norm_pre_clip"":33.460872650146484,""behavior_approximate_kl"":0.004270095378160477,""clip_fraction"":0.50103759765625,""epoch"":2,""minibatch"":2,""moving_forward_kl"":0.0035173145588487387},{""action_mean_shift"":0.0034109691623598337,""actor_gradient_norm_pre_clip"":33.35246276855469,""behavior_approximate_kl"":0.0036232233978807926,""clip_fraction"":0.43878173828125,""epoch"":2,""minibatch"":3,""moving_forward_kl"":0.002555485814809799},{""action_mean_shift"":0.0030622428748756647,""actor_gradient_norm_pre_clip"":28.07185935974121,""behavior_approximate_kl"":0.0031695556826889515,""clip_fraction"":0.38592529296875,""epoch"":2,""minibatch"":4,""moving_forward_kl"":0.002082576509565115}]",0.002085888758301735,0.29365079365079366,8.11111111111111,-6.084217224802289,0.7063492063492064,b2b586923e6f838fe199645005dfdb167afdc3ba21b97f883904dfe3ac35905e,7afed309902a323a43b47005c01529c84160944bb8cea2c45d000b38b18cc099,0.03537759184837341,0.01353359129279852,0.008455240167677402,0.07121016085147858,0.005054300185292959,0.001345975324511528,0.0397593155503273,0.0219341441988945,0.007055263034999371,0.052056532353162766,0.005565307103097439,0.0010239285184070468,0.035043392330408096,0.013709147460758686,0.008375512436032295,0.0711260586977005,0.004501912742853165,0.001027817139402032,0.03940179944038391,0.021471813321113586,0.006554366555064917,0.05134650319814682,0.005083964206278324,0.0007094930624589324,0.25,1.0,all_interventions,0.014621763722971082,0.014621763722971082,residual,0.05,8166.0,7994.84375,902.0,0.5997466146945953
c000_current,F1,2,0.002182582567911595,1.0,31.596546173095703,0.016367944073863328,0.0011365639511495829,7914,6.38225793838501,0.175994873046875,"[0.0008761469507589936,0.0007755414117127657]",0.600090742111206,0.15339542925357819,0.15365082025527954,0.15365082025527954,"[{""action_mean_shift"":0.0021269989665597677,""actor_gradient_norm_pre_clip"":11.47071647644043,""behavior_approximate_kl"":0.00019355735275894403,""clip_fraction"":0.240966796875,""epoch"":1,""minibatch"":1,""moving_forward_kl"":0.0009845038875937462},{""action_mean_shift"":0.0026244972832500935,""actor_gradient_norm_pre_clip"":27.530254364013672,""behavior_approximate_kl"":0.0016712829237803817,""clip_fraction"":0.33148193359375,""epoch"":1,""minibatch"":2,""moving_forward_kl"":0.0014559505507349968},{""action_mean_shift"":0.002493362408131361,""actor_gradient_norm_pre_clip"":31.596546173095703,""behavior_approximate_kl"":0.001333099091425538,""clip_fraction"":0.31072998046875,""epoch"":1,""minibatch"":3,""moving_forward_kl"":0.0013163462281227112},{""action_mean_shift"":0.0020001926459372044,""actor_gradient_norm_pre_clip"":22.84286117553711,""behavior_approximate_kl"":0.001286502811126411,""clip_fraction"":0.2010498046875,""epoch"":1,""minibatch"":4,""moving_forward_kl"":0.0008744362276047468},{""action_mean_shift"":0.0019995279144495726,""actor_gradient_norm_pre_clip"":20.77433204650879,""behavior_approximate_kl"":0.0011955567169934511,""clip_fraction"":0.20379638671875,""epoch"":2,""minibatch"":1,""moving_forward_kl"":0.0008892276091501117},{""action_mean_shift"":0.002216422464698553,""actor_gradient_norm_pre_clip"":20.024272918701172,""behavior_approximate_kl"":0.0014061636757105589,""clip_fraction"":0.2474365234375,""epoch"":2,""minibatch"":2,""moving_forward_kl"":0.0010813249973580241},{""action_mean_shift"":0.0021342115942388773,""actor_gradient_norm_pre_clip"":22.651344299316406,""behavior_approximate_kl"":0.0008785693789832294,""clip_fraction"":0.2288818359375,""epoch"":2,""minibatch"":3,""moving_forward_kl"":0.0010037410538643599},{""action_mean_shift"":0.0018654472660273314,""actor_gradient_norm_pre_clip"":22.24008560180664,""behavior_approximate_kl"":0.0006440212018787861,""clip_fraction"":0.17230224609375,""epoch"":2,""minibatch"":4,""moving_forward_kl"":0.0007696333923377097}]",0.0007755414117127657,0.2857142857142857,8.045112781954888,-4.965947999093766,0.7142857142857143,cf1ba593f928e79e28c5e7a93924cafc7f0084e898d58203a2ee3ff2faf685fe,b2b586923e6f838fe199645005dfdb167afdc3ba21b97f883904dfe3ac35905e,0.03626573085784912,0.014456162229180336,0.00939225871115923,0.07272341102361679,0.00551996286958456,0.0011496576480567455,0.03753465414047241,0.02084399200975895,0.006953674368560314,0.04990091174840927,0.005021791905164719,0.0009102118783630431,0.03614439070224762,0.014274047687649727,0.00917025189846754,0.07291539758443832,0.004960381425917149,0.0011049798922613263,0.03724147379398346,0.020709658041596413,0.006708246655762196,0.04965754225850105,0.004829841665923595,0.0007242118590511382,0.25,1.0,all_interventions,0.014783942373469472,0.014783942373469472,residual,0.05,7914.0,7722.0927734375,882.0,0.5464894473552704
c000_current,F1,3,0.0019968739652540535,1.0,27.573314666748047,0.015172140556387603,0.0010397029109299183,7500,6.033789157867432,0.169525146484375,"[0.0007686987519264221,0.0006943714106455445]",0.582686722278595,0.14837655425071716,0.14908422529697418,0.14908422529697418,"[{""action_mean_shift"":0.0019920910708606243,""actor_gradient_norm_pre_clip"":10.666468620300293,""behavior_approximate_kl"":0.0004336110141593963,""clip_fraction"":0.21258544921875,""epoch"":1,""minibatch"":1,""moving_forward_kl"":0.0008446916472166777},{""action_mean_shift"":0.0024245521053671837,""actor_gradient_norm_pre_clip"":25.795209884643555,""behavior_approximate_kl"":0.0008388693677261472,""clip_fraction"":0.29345703125,""epoch"":1,""minibatch"":2,""moving_forward_kl"":0.0012398972176015377},{""action_mean_shift"":0.0020552214700728655,""actor_gradient_norm_pre_clip"":27.573314666748047,""behavior_approximate_kl"":0.0013099334901198745,""clip_fraction"":0.2144775390625,""epoch"":1,""minibatch"":3,""moving_forward_kl"":0.0009156189044006169},{""action_mean_shift"":0.001867078011855483,""actor_gradient_norm_pre_clip"":22.400646209716797,""behavior_approximate_kl"":0.0010019892361015081,""clip_fraction"":0.1815185546875,""epoch"":1,""minibatch"":4,""moving_forward_kl"":0.0007645771256648004},{""action_mean_shift"":0.0018755109049379826,""actor_gradient_norm_pre_clip"":19.019655227661133,""behavior_approximate_kl"":0.0011237937724217772,""clip_fraction"":0.17657470703125,""epoch"":2,""minibatch"":1,""moving_forward_kl"":0.0007517824415117502},{""action_mean_shift"":0.001868006307631731,""actor_gradient_norm_pre_clip"":21.894424438476562,""behavior_approximate_kl"":0.0012812695931643248,""clip_fraction"":0.1795654296875,""epoch"":2,""minibatch"":2,""moving_forward_kl"":0.0007409543031826615},{""action_mean_shift"":0.0020783040672540665,""actor_gradient_norm_pre_clip"":18.88214874267578,""behavior_approximate_kl"":0.001534719718620181,""clip_fraction"":0.22052001953125,""epoch"":2,""minibatch"":3,""moving_forward_kl"":0.0009145211661234498},{""action_mean_shift"":0.0018142277840524912,""actor_gradient_norm_pre_clip"":24.377151489257812,""behavior_approximate_kl"":0.0008208164945244789,""clip_fraction"":0.17138671875,""epoch"":2,""minibatch"":4,""moving_forward_kl"":0.0006936683785170317}]",0.0006943714106455445,0.21705426356589147,8.48062015503876,-4.253168479416722,0.7829457364341085,273f0cc12bf0bf86d51492e8415c3e5c48af8dc11d29dca96b85ace1ece4370e,cf1ba593f928e79e28c5e7a93924cafc7f0084e898d58203a2ee3ff2faf685fe,0.03561469167470932,0.013243054039776325,0.009089883416891098,0.07113576680421829,0.004748187959194183,0.0010265795281156898,0.03695479780435562,0.019285723567008972,0.006516069173812866,0.04903631657361984,0.004838287830352783,0.0007532041636295617,0.03546857461333275,0.012924804352223873,0.008576160296797752,0.07160915434360504,0.004424338694661856,0.0010421742917969823,0.03678532689809799,0.01903737336397171,0.006256482098251581,0.048800524324178696,0.004781425930559635,0.0006762049742974341,0.25,1.0,all_interventions,0.014060473185963929,0.014060473185963929,residual,0.05,7500.0,7323.63623046875,900.0,0.45269662514328957
c000_current,F1,4,0.0018900121067417786,1.0,21.372108459472656,0.015316036238800734,0.0010336472187191248,7729,6.203049659729004,0.2032012939453125,"[0.0008566258475184441,0.0008563027950003743]",0.5990975499153137,0.15277837216854095,0.1530846655368805,0.1530846655368805,"[{""action_mean_shift"":0.001649260986596346,""actor_gradient_norm_pre_clip"":11.656837463378906,""behavior_approximate_kl"":0.0008452843176200986,""clip_fraction"":0.13726806640625,""epoch"":1,""minibatch"":1,""moving_forward_kl"":0.0006150325643830001},{""action_mean_shift"":0.0019332410302013159,""actor_gradient_norm_pre_clip"":20.65751838684082,""behavior_approximate_kl"":0.0006861913716420531,""clip_fraction"":0.1962890625,""epoch"":1,""minibatch"":2,""moving_forward_kl"":0.0008208047365769744},{""action_mean_shift"":0.001920943264849484,""actor_gradient_norm_pre_clip"":20.51491928100586,""behavior_approximate_kl"":0.0008183160680346191,""clip_fraction"":0.19244384765625,""epoch"":1,""minibatch"":3,""moving_forward_kl"":0.0007987496210262179},{""action_mean_shift"":0.0019484758377075195,""actor_gradient_norm_pre_clip"":20.365161895751953,""behavior_approximate_kl"":0.0009550060494802892,""clip_fraction"":0.1937255859375,""epoch"":1,""minibatch"":4,""moving_forward_kl"":0.0008531113853678107},{""action_mean_shift"":0.001814581686630845,""actor_gradient_norm_pre_clip"":19.95210075378418,""behavior_approximate_kl"":0.0010670439805835485,""clip_fraction"":0.16876220703125,""epoch"":2,""minibatch"":1,""moving_forward_kl"":0.0007086516125127673},{""action_mean_shift"":0.001873381668701768,""actor_gradient_norm_pre_clip"":21.271129608154297,""behavior_approximate_kl"":0.0009791090851649642,""clip_fraction"":0.18157958984375,""epoch"":2,""minibatch"":2,""moving_forward_kl"":0.0007628127932548523},{""action_mean_shift"":0.0019937274046242237,""actor_gradient_norm_pre_clip"":21.372108459472656,""behavior_approximate_kl"":0.0009553184499964118,""clip_fraction"":0.21258544921875,""epoch"":2,""minibatch"":3,""moving_forward_kl"":0.000863002089317888},{""action_mean_shift"":0.0019864849746227264,""actor_gradient_norm_pre_clip"":19.522533416748047,""behavior_approximate_kl"":0.0009206238901242614,""clip_fraction"":0.20281982421875,""epoch"":2,""minibatch"":4,""moving_forward_kl"":0.0008554400992579758}]",0.0008563027950003743,0.2631578947368421,7.954887218045113,-5.030908862450965,0.7368421052631579,ea001002cf7897389fde1b3593b0132de8e9f0c77a9059572b98de6475c9853e,273f0cc12bf0bf86d51492e8415c3e5c48af8dc11d29dca96b85ace1ece4370e,0.03563829883933067,0.0132031524553895,0.008432689122855663,0.07184641063213348,0.004674630239605904,0.0011948824394494295,0.039400286972522736,0.02180587314069271,0.006797172594815493,0.050313256680965424,0.00524197006598115,0.0008816203917376697,0.03540392592549324,0.012814663350582123,0.008422037586569786,0.07186205685138702,0.004534509498625994,0.0010229208273813128,0.03881888836622238,0.021651558578014374,0.006590006873011589,0.05033031478524208,0.0048829372972249985,0.000742294650990516,0.25,0.9999999403953552,all_interventions,0.014627581927925348,0.014627581927925348,residual,0.05,7729.0,7557.173828125,853.0,0.564848929643631
c000_current,F1,5,0.0017836765618994832,1.0,25.472570419311523,0.015651673427782953,0.0010686868336051702,7976,6.3553786277771,0.192962646484375,"[0.0006906663766130805,0.0008100514532998204]",0.6143980622291565,0.15690721571445465,0.1569191813468933,0.1569191813468933,"[{""action_mean_shift"":0.0015234989114105701,""actor_gradient_norm_pre_clip"":12.964930534362793,""behavior_approximate_kl"":0.00037667760625481606,""clip_fraction"":0.11651611328125,""epoch"":1,""minibatch"":1,""moving_forward_kl"":0.0005199165316298604},{""action_mean_shift"":0.001940559595823288,""actor_gradient_norm_pre_clip"":20.547073364257812,""behavior_approximate_kl"":0.0007639034884050488,""clip_fraction"":0.201904296875,""epoch"":1,""minibatch"":2,""moving_forward_kl"":0.0008156195399351418},{""action_mean_shift"":0.001664506969973445,""actor_gradient_norm_pre_clip"":25.472570419311523,""behavior_approximate_kl"":0.0004139622033108026,""clip_fraction"":0.14337158203125,""epoch"":1,""minibatch"":3,""moving_forward_kl"":0.0006072105607017875},{""action_mean_shift"":0.0017856191843748093,""actor_gradient_norm_pre_clip"":17.66360092163086,""behavior_approximate_kl"":0.0003663071256596595,""clip_fraction"":0.16912841796875,""epoch"":1,""minibatch"":4,""moving_forward_kl"":0.0006925544585101306},{""action_mean_shift"":0.0018509968649595976,""actor_gradient_norm_pre_clip"":18.6246337890625,""behavior_approximate_kl"":0.0008667526417411864,""clip_fraction"":0.18035888671875,""epoch"":2,""minibatch"":1,""moving_forward_kl"":0.0007262386498041451},{""action_mean_shift"":0.0015790595207363367,""actor_gradient_norm_pre_clip"":21.00678253173828,""behavior_approximate_kl"":0.0009985534707084298,""clip_fraction"":0.11749267578125,""epoch"":2,""minibatch"":2,""moving_forward_kl"":0.000547281582839787},{""action_mean_shift"":0.0019916645251214504,""actor_gradient_norm_pre_clip"":15.08040714263916,""behavior_approximate_kl"":0.0006556900916621089,""clip_fraction"":0.204345703125,""epoch"":2,""minibatch"":3,""moving_forward_kl"":0.0008599861757829785},{""action_mean_shift"":0.0019335069227963686,""actor_gradient_norm_pre_clip"":22.096599578857422,""behavior_approximate_kl"":0.001019496819935739,""clip_fraction"":0.190185546875,""epoch"":2,""minibatch"":4,""moving_forward_kl"":0.0008102728752419353}]",0.0008100514532998204,0.2824427480916031,8.030534351145038,-5.576410688516748,0.7175572519083969,7f8ca83cb56432f5478fed99f87420c23a25a6ae0c14d3662e2caa691e4973b2,ea001002cf7897389fde1b3593b0132de8e9f0c77a9059572b98de6475c9853e,0.03854962810873985,0.016392316669225693,0.01076155249029398,0.07623695582151413,0.006027427036315203,0.0015628031687811017,0.036466434597969055,0.020786866545677185,0.0064928545616567135,0.04869093373417854,0.004724328406155109,0.001023255754262209,0.0383618101477623,0.01617269404232502,0.010513128712773323,0.07587981224060059,0.005412425380200148,0.0012988860253244638,0.03631426766514778,0.020290490239858627,0.006404427345842123,0.048308685421943665,0.004633299075067043,0.0007258150726556778,0.25,1.0,all_interventions,0.01519948209170252,0.01519948209170252,residual,0.05,7976.0,7802.4521484375,895.0,0.4506681002676487
c000_current,F1,6,0.0016758126876084134,1.0,20.03319549560547,0.01493403036147356,0.0008859669324010611,7932,6.391619682312012,0.15521240234375,"[0.0005358688649721444,0.0006721608224324882]",0.5994833111763,0.15248112380504608,0.1530127227306366,0.1530127227306366,"[{""action_mean_shift"":0.0011703444179147482,""actor_gradient_norm_pre_clip"":10.296500205993652,""behavior_approximate_kl"":0.00034787063486874104,""clip_fraction"":0.0439453125,""epoch"":1,""minibatch"":1,""moving_forward_kl"":0.0002931487397290766},{""action_mean_shift"":0.0018490687943995,""actor_gradient_norm_pre_clip"":12.110630989074707,""behavior_approximate_kl"":0.0008577320841141045,""clip_fraction"":0.1815185546875,""epoch"":1,""minibatch"":2,""moving_forward_kl"":0.0007318206480704248},{""action_mean_shift"":0.0017321889754384756,""actor_gradient_norm_pre_clip"":20.03319549560547,""behavior_approximate_kl"":0.0010479926131665707,""clip_fraction"":0.14227294921875,""epoch"":1,""minibatch"":3,""moving_forward_kl"":0.0006407685577869415},{""action_mean_shift"":0.0015622801147401333,""actor_gradient_norm_pre_clip"":19.47791862487793,""behavior_approximate_kl"":0.0005000278470106423,""clip_fraction"":0.11431884765625,""epoch"":1,""minibatch"":4,""moving_forward_kl"":0.0005302123608998954},{""action_mean_shift"":0.0017556592356413603,""actor_gradient_norm_pre_clip"":13.721956253051758,""behavior_approximate_kl"":0.0006975466385483742,""clip_fraction"":0.15667724609375,""epoch"":2,""minibatch"":1,""moving_forward_kl"":0.0006544234929606318},{""action_mean_shift"":0.0018134121783077717,""actor_gradient_norm_pre_clip"":18.713069915771484,""behavior_approximate_kl"":0.0008981505525298417,""clip_fraction"":0.16522216796875,""epoch"":2,""minibatch"":2,""moving_forward_kl"":0.0007224133587442338},{""action_mean_shift"":0.0017701698234304786,""actor_gradient_norm_pre_clip"":19.43651008605957,""behavior_approximate_kl"":0.0009515137644484639,""clip_fraction"":0.15777587890625,""epoch"":2,""minibatch"":3,""moving_forward_kl"":0.0006765313446521759},{""action_mean_shift"":0.0017533779609948397,""actor_gradient_norm_pre_clip"":18.003835678100586,""behavior_approximate_kl"":0.0006925542838871479,""clip_fraction"":0.1549072265625,""epoch"":2,""minibatch"":4,""moving_forward_kl"":0.000670736946631223}]",0.0006721608224324882,0.2755905511811024,8.377952755905511,-5.5844301576689475,0.7244094488188977,7b777b4feee1302308857f85e37b52c0c407bb9ddec5b55683ef8e469467f4b4,7f8ca83cb56432f5478fed99f87420c23a25a6ae0c14d3662e2caa691e4973b2,0.035493332892656326,0.013602033257484436,0.00852109957486391,0.07210447639226913,0.005142363253980875,0.001049987506121397,0.038448698818683624,0.021421801298856735,0.006937406957149506,0.050291672348976135,0.005486670881509781,0.0008549802005290985,0.035619959235191345,0.013587194494903088,0.00851423479616642,0.07211511582136154,0.00470085209235549,0.0010401074541732669,0.03826683759689331,0.021232465282082558,0.0066428594291210175,0.050225984305143356,0.004914399236440659,0.0007128953584469855,0.25,1.0,all_interventions,0.014679308282211423,0.014679308282211423,residual,0.05,7932.0,7764.591796875,886.0,0.44956832006573677
c000_current,F1,7,0.0015976859867805615,1.0,25.68297004699707,0.014326657983474433,0.0006971119437366724,7888,6.366424560546875,0.140106201171875,"[0.0004964710678905249,0.0006089582457207143]",0.5825679302215576,0.14782637357711792,0.14856751263141632,0.14856751263141632,"[{""action_mean_shift"":0.0012599998153746128,""actor_gradient_norm_pre_clip"":11.306459426879883,""behavior_approximate_kl"":0.00029466956038959324,""clip_fraction"":0.064208984375,""epoch"":1,""minibatch"":1,""moving_forward_kl"":0.00034435733687132597},{""action_mean_shift"":0.0018630458507686853,""actor_gradient_norm_pre_clip"":15.27855396270752,""behavior_approximate_kl"":0.0007174168713390827,""clip_fraction"":0.185546875,""epoch"":1,""minibatch"":2,""moving_forward_kl"":0.000726862985175103},{""action_mean_shift"":0.0018241747748106718,""actor_gradient_norm_pre_clip"":25.68297004699707,""behavior_approximate_kl"":0.0007979858200997114,""clip_fraction"":0.17340087890625,""epoch"":1,""minibatch"":3,""moving_forward_kl"":0.0006997419986873865},{""action_mean_shift"":0.0015368666499853134,""actor_gradient_norm_pre_clip"":21.06210708618164,""behavior_approximate_kl"":0.0004385279316920787,""clip_fraction"":0.106689453125,""epoch"":1,""minibatch"":4,""moving_forward_kl"":0.0004968034918420017},{""action_mean_shift"":0.0015063858591020107,""actor_gradient_norm_pre_clip"":16.898290634155273,""behavior_approximate_kl"":0.0008419690420851111,""clip_fraction"":0.104736328125,""epoch"":2,""minibatch"":1,""moving_forward_kl"":0.0004938291385769844},{""action_mean_shift"":0.0015721017261967063,""actor_gradient_norm_pre_clip"":17.309654235839844,""behavior_approximate_kl"":0.0007705205352976918,""clip_fraction"":0.113525390625,""epoch"":2,""minibatch"":2,""moving_forward_kl"":0.0005374507745727897},{""action_mean_shift"":0.0015450960490852594,""actor_gradient_norm_pre_clip"":19.573965072631836,""behavior_approximate_kl"":0.0009806986199691892,""clip_fraction"":0.1131591796875,""epoch"":2,""minibatch"":3,""moving_forward_kl"":0.0005127025651745498},{""action_mean_shift"":0.0016738171689212322,""actor_gradient_norm_pre_clip"":16.27899742126465,""behavior_approximate_kl"":0.0008026788127608597,""clip_fraction"":0.14117431640625,""epoch"":2,""minibatch"":4,""moving_forward_kl"":0.0006088865338824689}]",0.0006089582457207143,0.2265625,8.40625,-4.884500063955784,0.7734375,0ebe1a2bb21fa49c54d282ee1d5bd867d1840ae5beba896cd097d777e9329888,7b777b4feee1302308857f85e37b52c0c407bb9ddec5b55683ef8e469467f4b4,0.034295760095119476,0.012613643892109394,0.008559740148484707,0.06932529807090759,0.004356381483376026,0.0010823782067745924,0.03741814196109772,0.021075250580906868,0.006630995310842991,0.04963002726435661,0.005404578987509012,0.0008808400016278028,0.034384969621896744,0.012420239858329296,0.00853338185697794,0.06951797008514404,0.004350860603153706,0.0010356982238590717,0.03731747716665268,0.020583631470799446,0.006535650696605444,0.04971551150083542,0.0048952121287584305,0.0007309190696105361,0.25,1.0,all_interventions,0.014009004575200379,0.014009004575200379,residual,0.05,7888.0,7728.1015625,873.0,0.34362875297665596
c000_current,F1,8,0.0016429560782853514,1.0,21.422853469848633,0.014906095224432647,0.0010305489413440228,7928,6.247438907623291,0.147918701171875,"[0.0006058078724890947,0.000638671510387212]",0.6065734624862671,0.15479189157485962,0.1548301726579666,0.1548301726579666,"[{""action_mean_shift"":0.001060851151123643,""actor_gradient_norm_pre_clip"":10.545743942260742,""behavior_approximate_kl"":0.0002993154339492321,""clip_fraction"":0.03228759765625,""epoch"":1,""minibatch"":1,""moving_forward_kl"":0.00024314623442478478},{""action_mean_shift"":0.0017794829327613115,""actor_gradient_norm_pre_clip"":12.761725425720215,""behavior_approximate_kl"":0.0007625705329701304,""clip_fraction"":0.166015625,""epoch"":1,""minibatch"":2,""moving_forward_kl"":0.0006813037325628102},{""action_mean_shift"":0.0019023066852241755,""actor_gradient_norm_pre_clip"":21.422853469848633,""behavior_approximate_kl"":0.0007815387798473239,""clip_fraction"":0.1868896484375,""epoch"":1,""minibatch"":3,""moving_forward_kl"":0.0007735518156550825},{""action_mean_shift"":0.0016906484961509705,""actor_gradient_norm_pre_clip"":20.057861328125,""behavior_approximate_kl"":0.00037591811269521713,""clip_fraction"":0.140625,""epoch"":1,""minibatch"":4,""moving_forward_kl"":0.0006065047928132117},{""action_mean_shift"":0.001615934306755662,""actor_gradient_norm_pre_clip"":14.96700668334961,""behavior_approximate_kl"":0.0003597191534936428,""clip_fraction"":0.12890625,""epoch"":2,""minibatch"":1,""moving_forward_kl"":0.0005592926754616201},{""action_mean_shift"":0.0016510947607457638,""actor_gradient_norm_pre_clip"":14.026591300964355,""behavior_approximate_kl"":0.0011374587193131447,""clip_fraction"":0.13055419921875,""epoch"":2,""minibatch"":2,""moving_forward_kl"":0.0005871352041140199},{""action_mean_shift"":0.0017109836917370558,""actor_gradient_norm_pre_clip"":15.417112350463867,""behavior_approximate_kl"":0.0007201769622042775,""clip_fraction"":0.1463623046875,""epoch"":2,""minibatch"":3,""moving_forward_kl"":0.000633387069683522},{""action_mean_shift"":0.0017323466017842293,""actor_gradient_norm_pre_clip"":18.086801528930664,""behavior_approximate_kl"":0.0012309448793530464,""clip_fraction"":0.14801025390625,""epoch"":2,""minibatch"":4,""moving_forward_kl"":0.0006380199920386076}]",0.000638671510387212,0.3157894736842105,8.157894736842104,-5.845291051649509,0.6842105263157895,a84192131edd5a590b3e39fcd5ebfb142292e5283108eea870ffb6e7308275c7,0ebe1a2bb21fa49c54d282ee1d5bd867d1840ae5beba896cd097d777e9329888,0.036924030631780624,0.014253347180783749,0.009569445624947548,0.07330524921417236,0.004719887860119343,0.0013882905477657914,0.03887913376092911,0.0198659785091877,0.006824276875704527,0.05041293054819107,0.005624820478260517,0.0007362214382737875,0.03685259819030762,0.01409823913127184,0.009424400515854359,0.07347647100687027,0.004809769801795483,0.0011330462293699384,0.038363978266716,0.019733190536499023,0.006563972681760788,0.04994352534413338,0.004961194004863501,0.0007121635135263205,0.25,1.0,all_interventions,0.014839298906736076,0.014839298906736076,residual,0.05,7928.0,7760.6455078125,881.0,0.5221520029008389
c000_current,F2,1,0.0038643302978016436,1.0,43.07302474975586,0.02251503721345216,0.002504189033061266,8430,6.848091125488281,0.378753662109375,"[0.003106675110757351,0.001957269851118326]",0.6252800822257996,0.15933027863502502,0.15973405539989471,0.15973405539989471,"[{""action_mean_shift"":0.005422104615718126,""actor_gradient_norm_pre_clip"":10.48159122467041,""behavior_approximate_kl"":0.007220732048153877,""clip_fraction"":0.607666015625,""epoch"":1,""minibatch"":1,""moving_forward_kl"":0.006578432861715555},{""action_mean_shift"":0.005149346776306629,""actor_gradient_norm_pre_clip"":43.07302474975586,""behavior_approximate_kl"":0.005626874044537544,""clip_fraction"":0.6090087890625,""epoch"":1,""minibatch"":2,""moving_forward_kl"":0.005721391178667545},{""action_mean_shift"":0.003898181254044175,""actor_gradient_norm_pre_clip"":39.96373748779297,""behavior_approximate_kl"":0.0031554941087961197,""clip_fraction"":0.48736572265625,""epoch"":1,""minibatch"":3,""moving_forward_kl"":0.0033960335422307253},{""action_mean_shift"":0.003692797152325511,""actor_gradient_norm_pre_clip"":30.63892936706543,""behavior_approximate_kl"":0.0034379721619188786,""clip_fraction"":0.46246337890625,""epoch"":1,""minibatch"":4,""moving_forward_kl"":0.003093089209869504},{""action_mean_shift"":0.0035016126930713654,""actor_gradient_norm_pre_clip"":29.435791015625,""behavior_approximate_kl"":0.003939565736800432,""clip_fraction"":0.44647216796875,""epoch"":2,""minibatch"":1,""moving_forward_kl"":0.0027538384310901165},{""action_mean_shift"":0.003360145725309849,""actor_gradient_norm_pre_clip"":32.79341125488281,""behavior_approximate_kl"":0.0028635207563638687,""clip_fraction"":0.42388916015625,""epoch"":2,""minibatch"":2,""moving_forward_kl"":0.002488465514034033},{""action_mean_shift"":0.0029010623693466187,""actor_gradient_norm_pre_clip"":25.24722671508789,""behavior_approximate_kl"":0.0032226541079580784,""clip_fraction"":0.365966796875,""epoch"":2,""minibatch"":3,""moving_forward_kl"":0.0018603064818307757},{""action_mean_shift"":0.0029893917962908745,""actor_gradient_norm_pre_clip"":21.625150680541992,""behavior_approximate_kl"":0.0022471121046692133,""clip_fraction"":0.37841796875,""epoch"":2,""minibatch"":4,""moving_forward_kl"":0.0019684969447553158}]",0.001957269851118326,0.4225352112676056,7.359154929577465,-6.901225123606937,0.5774647887323944,6524cab4c179ed163cc3fd537c87fe2cc8e7d2b02b5b2964a56acef20f1d535f,7afed309902a323a43b47005c01529c84160944bb8cea2c45d000b38b18cc099,0.03818025067448616,0.014863524585962296,0.010105926543474197,0.07513744384050369,0.0052243429236114025,0.0014255931600928307,0.03955733776092529,0.023066269233822823,0.008338270708918571,0.050585951656103134,0.005400203634053469,0.0012789098545908928,0.037711452692747116,0.014231507666409016,0.009564781561493874,0.07558467239141464,0.004913842771202326,0.001153022749349475,0.0387343131005764,0.023043163120746613,0.008275304920971394,0.050283029675483704,0.005006793886423111,0.0009593261638656259,0.25,1.0,all_interventions,0.015526077011600137,0.015526077011600137,residual,0.05,8430.0,8245.400390625,869.0,0.6980106830596924
c000_current,F2,2,0.0020843395468546078,1.0,23.1949520111084,0.016938562504947186,0.0012253319146111608,8467,6.672183036804199,0.1704254150390625,"[0.0009605543455109,0.000742485630325973]",0.633204996585846,0.16144487261772156,0.16178125143051147,0.16178125143051147,"[{""action_mean_shift"":0.0018759802915155888,""actor_gradient_norm_pre_clip"":11.456095695495605,""behavior_approximate_kl"":0.0013436011504381895,""clip_fraction"":0.183837890625,""epoch"":1,""minibatch"":1,""moving_forward_kl"":0.0007390152895823121},{""action_mean_shift"":0.0023716608993709087,""actor_gradient_norm_pre_clip"":20.146289825439453,""behavior_approximate_kl"":0.0011233368422836065,""clip_fraction"":0.28387451171875,""epoch"":1,""minibatch"":2,""moving_forward_kl"":0.0012075657723471522},{""action_mean_shift"":0.002381563186645508,""actor_gradient_norm_pre_clip"":23.1949520111084,""behavior_approximate_kl"":0.0013696952955797315,""clip_fraction"":0.2828369140625,""epoch"":1,""minibatch"":3,""moving_forward_kl"":0.0012320652604103088},{""action_mean_shift"":0.0020716325379908085,""actor_gradient_norm_pre_clip"":22.92701530456543,""behavior_approximate_kl"":0.0013089717831462622,""clip_fraction"":0.21490478515625,""epoch"":1,""minibatch"":4,""moving_forward_kl"":0.0009563469793647528},{""action_mean_shift"":0.00207108655013144,""actor_gradient_norm_pre_clip"":16.626705169677734,""behavior_approximate_kl"":0.00145299534779042,""clip_fraction"":0.21783447265625,""epoch"":2,""minibatch"":1,""moving_forward_kl"":0.0009601273341104388},{""action_mean_shift"":0.0020244186744093895,""actor_gradient_norm_pre_clip"":20.133163452148438,""behavior_approximate_kl"":0.0008850250160321593,""clip_fraction"":0.2059326171875,""epoch"":2,""minibatch"":2,""moving_forward_kl"":0.0009315080824308097},{""action_mean_shift"":0.002040557563304901,""actor_gradient_norm_pre_clip"":20.830055236816406,""behavior_approximate_kl"":0.0013140643713995814,""clip_fraction"":0.21331787109375,""epoch"":2,""minibatch"":3,""moving_forward_kl"":0.0009251527953892946},{""action_mean_shift"":0.0018378166714683175,""actor_gradient_norm_pre_clip"":19.948678970336914,""behavior_approximate_kl"":0.0012893159873783588,""clip_fraction"":0.17218017578125,""epoch"":2,""minibatch"":4,""moving_forward_kl"":0.0007399420719593763}]",0.000742485630325973,0.362962962962963,7.8,-7.061102499785247,0.6370370370370371,2d62f2064ca4dd933f30821cbe80b44dce4d6ee378f75b34df52c8f972a09e25,6524cab4c179ed163cc3fd537c87fe2cc8e7d2b02b5b2964a56acef20f1d535f,0.03837072476744652,0.01426236517727375,0.009528241120278835,0.07683607190847397,0.00535575533285737,0.0012150902766734362,0.04039320349693298,0.022455258294939995,0.009362665005028248,0.05067127197980881,0.0056142560206353664,0.0012506245402619243,0.038468748331069946,0.01413511112332344,0.009492325596511364,0.07646510004997253,0.0050442758947610855,0.0011592995142564178,0.040130615234375,0.022420670837163925,0.008894507773220539,0.050724197179079056,0.004930063616484404,0.0010340048465877771,0.25,1.0,all_interventions,0.015828822972252965,0.015828822972252965,residual,0.05,8467.0,8280.228515625,881.0,0.6417649686336517
c000_current,F2,3,0.001827757980208844,1.0,21.907949447631836,0.01627951313275844,0.0014133641961961985,8585,7.042657852172852,0.2098388671875,"[0.0006948317168280482,0.0008730967529118061]",0.6318947672843933,0.16063107550144196,0.16117238998413086,0.16117238998413086,"[{""action_mean_shift"":0.0015704359393566847,""actor_gradient_norm_pre_clip"":10.785905838012695,""behavior_approximate_kl"":0.0007485311944037676,""clip_fraction"":0.12847900390625,""epoch"":1,""minibatch"":1,""moving_forward_kl"":0.0005606763297691941},{""action_mean_shift"":0.001970664830878377,""actor_gradient_norm_pre_clip"":19.936092376708984,""behavior_approximate_kl"":0.0010322119342163205,""clip_fraction"":0.20306396484375,""epoch"":1,""minibatch"":2,""moving_forward_kl"":0.0008234460838139057},{""action_mean_shift"":0.0020851276349276304,""actor_gradient_norm_pre_clip"":21.398052215576172,""behavior_approximate_kl"":0.0006336459191516042,""clip_fraction"":0.22625732421875,""epoch"":1,""minibatch"":3,""moving_forward_kl"":0.0009239938808605075},{""action_mean_shift"":0.001804400235414505,""actor_gradient_norm_pre_clip"":21.907949447631836,""behavior_approximate_kl"":0.000661787111312151,""clip_fraction"":0.16693115234375,""epoch"":1,""minibatch"":4,""moving_forward_kl"":0.000692987407092005},{""action_mean_shift"":0.001624765805900097,""actor_gradient_norm_pre_clip"":14.306480407714844,""behavior_approximate_kl"":0.0008436462376266718,""clip_fraction"":0.13232421875,""epoch"":2,""minibatch"":1,""moving_forward_kl"":0.0005964506417512894},{""action_mean_shift"":0.0017829984426498413,""actor_gradient_norm_pre_clip"":17.11713218688965,""behavior_approximate_kl"":0.0010808773804455996,""clip_fraction"":0.16156005859375,""epoch"":2,""minibatch"":2,""moving_forward_kl"":0.0007027367828413844},{""action_mean_shift"":0.0017723373603075743,""actor_gradient_norm_pre_clip"":17.833602905273438,""behavior_approximate_kl"":0.0011545997112989426,""clip_fraction"":0.16143798828125,""epoch"":2,""minibatch"":3,""moving_forward_kl"":0.0006880194414407015},{""action_mean_shift"":0.002011333592236042,""actor_gradient_norm_pre_clip"":20.052146911621094,""behavior_approximate_kl"":0.0007731849909760058,""clip_fraction"":0.2093505859375,""epoch"":2,""minibatch"":4,""moving_forward_kl"":0.0008714002324268222}]",0.0008730967529118061,0.3643410852713178,7.651162790697675,-7.979900711266569,0.6356589147286822,1912189c4f23dcdcbc161734ac223a615bc4b13ba45d141b55b6fc46b42501a2,2d62f2064ca4dd933f30821cbe80b44dce4d6ee378f75b34df52c8f972a09e25,0.03706075996160507,0.015726028010249138,0.010202026925981045,0.07429590821266174,0.005508379079401493,0.0013978008646517992,0.04067983478307724,0.02414114773273468,0.007890242151916027,0.052746787667274475,0.005575243383646011,0.0010944040259346366,0.036646630614995956,0.01530163548886776,0.009876037016510963,0.07420221716165543,0.00508913304656744,0.0011769866105169058,0.040779393166303635,0.023999128490686417,0.007575416937470436,0.05284532532095909,0.0052551268599927425,0.0008434205083176494,0.25,1.0,all_interventions,0.015874582109972835,0.015874582109972835,residual,0.05,8585.0,8410.291015625,909.0,0.6327437236905098
c000_current,F2,4,0.0016657152737025172,1.0,22.604873657226562,0.01531067187897861,0.0009754168568179011,8552,6.880128860473633,0.1570892333984375,"[0.0006337182130664587,0.0006691934540867805]",0.6072190403938293,0.15517345070838928,0.15534596145153046,0.15534596145153046,"[{""action_mean_shift"":0.0013920635683462024,""actor_gradient_norm_pre_clip"":10.05591869354248,""behavior_approximate_kl"":6.859816494397819e-05,""clip_fraction"":0.09210205078125,""epoch"":1,""minibatch"":1,""moving_forward_kl"":0.0004323453176766634},{""action_mean_shift"":0.0018167159287258983,""actor_gradient_norm_pre_clip"":18.73719024658203,""behavior_approximate_kl"":0.0005606663762591779,""clip_fraction"":0.178466796875,""epoch"":1,""minibatch"":2,""moving_forward_kl"":0.000710025429725647},{""action_mean_shift"":0.0018752431496977806,""actor_gradient_norm_pre_clip"":22.604873657226562,""behavior_approximate_kl"":0.0014061892870813608,""clip_fraction"":0.17974853515625,""epoch"":1,""minibatch"":3,""moving_forward_kl"":0.0007524233078584075},{""action_mean_shift"":0.0017333375290036201,""actor_gradient_norm_pre_clip"":22.520357131958008,""behavior_approximate_kl"":0.0006435429095290601,""clip_fraction"":0.152587890625,""epoch"":1,""minibatch"":4,""moving_forward_kl"":0.0006323298439383507},{""action_mean_shift"":0.0016055137384682894,""actor_gradient_norm_pre_clip"":17.518150329589844,""behavior_approximate_kl"":0.0005851774476468563,""clip_fraction"":0.1214599609375,""epoch"":2,""minibatch"":1,""moving_forward_kl"":0.0005579792195931077},{""action_mean_shift"":0.0015501573216170073,""actor_gradient_norm_pre_clip"":17.758466720581055,""behavior_approximate_kl"":0.0003667725541163236,""clip_fraction"":0.10882568359375,""epoch"":2,""minibatch"":2,""moving_forward_kl"":0.000514963932801038},{""action_mean_shift"":0.0016045405063778162,""actor_gradient_norm_pre_clip"":16.333635330200195,""behavior_approximate_kl"":0.0006175669841468334,""clip_fraction"":0.12652587890625,""epoch"":2,""minibatch"":3,""moving_forward_kl"":0.0005506094894371927},{""action_mean_shift"":0.001748150447383523,""actor_gradient_norm_pre_clip"":17.096208572387695,""behavior_approximate_kl"":0.0009555778815411031,""clip_fraction"":0.15631103515625,""epoch"":2,""minibatch"":4,""moving_forward_kl"":0.000668961787596345}]",0.0006691934540867805,0.3203125,7.9375,-6.55178577080369,0.6796875,3c90ffcc24b05bee2c86047ef18a5a3eccfec88667f9d9a15b9c74be4dcf8a01,1912189c4f23dcdcbc161734ac223a615bc4b13ba45d141b55b6fc46b42501a2,0.03618535399436951,0.014089099131524563,0.01008434034883976,0.07288215309381485,0.005480910185724497,0.0014658556319773197,0.03900939226150513,0.020772194489836693,0.00698761735111475,0.05076553672552109,0.005348684266209602,0.0009111916297115386,0.035906463861465454,0.013755702413618565,0.009779391810297966,0.07264018803834915,0.004818103741854429,0.001273494679480791,0.03883468732237816,0.0207029078155756,0.006928416434675455,0.050923239439725876,0.00503554055467248,0.0007484476082026958,0.25,1.0,all_interventions,0.014907922595739365,0.014907922595739365,residual,0.05,8552.0,8352.015625,926.0,0.43845128640532494
c000_current,F2,5,0.0017217941931448877,1.0,25.742399215698242,0.015508454875089228,0.001146148657426238,8439,6.713603973388672,0.1216888427734375,"[0.0006040217122063041,0.0006246405537240207]",0.6119688153266907,0.15583176910877228,0.15603430569171906,0.15603430569171906,"[{""action_mean_shift"":0.001409898977726698,""actor_gradient_norm_pre_clip"":10.408188819885254,""behavior_approximate_kl"":0.0005738178151659667,""clip_fraction"":0.093994140625,""epoch"":1,""minibatch"":1,""moving_forward_kl"":0.0004415190778672695},{""action_mean_shift"":0.0018910446669906378,""actor_gradient_norm_pre_clip"":18.15073013305664,""behavior_approximate_kl"":0.0007846243679523468,""clip_fraction"":0.18145751953125,""epoch"":1,""minibatch"":2,""moving_forward_kl"":0.0007665989687666297},{""action_mean_shift"":0.0016978851053863764,""actor_gradient_norm_pre_clip"":23.432239532470703,""behavior_approximate_kl"":0.0007996158674359322,""clip_fraction"":0.14312744140625,""epoch"":1,""minibatch"":3,""moving_forward_kl"":0.0006489790976047516},{""action_mean_shift"":0.0016067600809037685,""actor_gradient_norm_pre_clip"":18.478656768798828,""behavior_approximate_kl"":0.0006919550942257047,""clip_fraction"":0.1241455078125,""epoch"":1,""minibatch"":4,""moving_forward_kl"":0.0005829494912177324},{""action_mean_shift"":0.0018873593071475625,""actor_gradient_norm_pre_clip"":15.487449645996094,""behavior_approximate_kl"":0.0008066983427852392,""clip_fraction"":0.18463134765625,""epoch"":2,""minibatch"":1,""moving_forward_kl"":0.0008009308949112892},{""action_mean_shift"":0.0019427381921559572,""actor_gradient_norm_pre_clip"":20.727981567382812,""behavior_approximate_kl"":0.001417557243257761,""clip_fraction"":0.19219970703125,""epoch"":2,""minibatch"":2,""moving_forward_kl"":0.0008444984559901059},{""action_mean_shift"":0.0017333823489025235,""actor_gradient_norm_pre_clip"":25.742399215698242,""behavior_approximate_kl"":0.0010722535662353039,""clip_fraction"":0.150390625,""epoch"":2,""minibatch"":3,""moving_forward_kl"":0.0006812630454078317},{""action_mean_shift"":0.0016052848659455776,""actor_gradient_norm_pre_clip"":17.436769485473633,""behavior_approximate_kl"":0.00106910802423954,""clip_fraction"":0.1214599609375,""epoch"":2,""minibatch"":4,""moving_forward_kl"":0.0006214191089384258}]",0.0006246405537240207,0.34558823529411764,7.661764705882353,-6.412089677417979,0.6544117647058824,8f5b5eca8c305826fa256640aadc449acacc9425e2490f940c47b73eb734dd28,3c90ffcc24b05bee2c86047ef18a5a3eccfec88667f9d9a15b9c74be4dcf8a01,0.03710741922259331,0.01447930559515953,0.009608462452888489,0.07491131126880646,0.004963307175785303,0.0014608147321268916,0.03738326579332352,0.020913956686854362,0.0070320251397788525,0.0495699942111969,0.005316415801644325,0.0008630115771666169,0.037236690521240234,0.014536388218402863,0.009482653811573982,0.07471136748790741,0.004940368235111237,0.0011582261649891734,0.037117309868335724,0.020836394280195236,0.006922134663909674,0.049395181238651276,0.004929100163280964,0.0007640382973477244,0.25,1.0,all_interventions,0.01498656754847616,0.01498656754847616,residual,0.05,8439.0,8269.603515625,908.0,0.45620595291256905
c000_current,F2,6,0.0017011539166560397,1.0,25.605186462402344,0.015225904644466937,0.0006446550250984728,8351,6.7455573081970215,0.1427001953125,"[0.000536305014975369,0.0006042189779691398]",0.6070742011070251,0.1545998752117157,0.15487158298492432,0.15487158298492432,"[{""action_mean_shift"":0.0013601176906377077,""actor_gradient_norm_pre_clip"":11.116697311401367,""behavior_approximate_kl"":0.000666425097733736,""clip_fraction"":0.0853271484375,""epoch"":1,""minibatch"":1,""moving_forward_kl"":0.0004111238522455096},{""action_mean_shift"":0.0018433055374771357,""actor_gradient_norm_pre_clip"":18.701045989990234,""behavior_approximate_kl"":0.0008372459560632706,""clip_fraction"":0.17431640625,""epoch"":1,""minibatch"":2,""moving_forward_kl"":0.0007317678537219763},{""action_mean_shift"":0.0017594369128346443,""actor_gradient_norm_pre_clip"":25.605186462402344,""behavior_approximate_kl"":0.0005451668403111398,""clip_fraction"":0.1566162109375,""epoch"":1,""minibatch"":3,""moving_forward_kl"":0.0006663585663773119},{""action_mean_shift"":0.0015847396571189165,""actor_gradient_norm_pre_clip"":22.80352210998535,""behavior_approximate_kl"":3.891898086294532e-05,""clip_fraction"":0.11956787109375,""epoch"":1,""minibatch"":4,""moving_forward_kl"":0.0005362467491067946},{""action_mean_shift"":0.0017862215172499418,""actor_gradient_norm_pre_clip"":14.410717010498047,""behavior_approximate_kl"":0.0003590726701077074,""clip_fraction"":0.16156005859375,""epoch"":2,""minibatch"":1,""moving_forward_kl"":0.0006795231602154672},{""action_mean_shift"":0.001871012500487268,""actor_gradient_norm_pre_clip"":22.51190757751465,""behavior_approximate_kl"":0.0004689731285907328,""clip_fraction"":0.181396484375,""epoch"":2,""minibatch"":2,""moving_forward_kl"":0.0007373228436335921},{""action_mean_shift"":0.0017269502859562635,""actor_gradient_norm_pre_clip"":21.086523056030273,""behavior_approximate_kl"":0.0009394627413712442,""clip_fraction"":0.14959716796875,""epoch"":2,""minibatch"":3,""moving_forward_kl"":0.0006376641103997827},{""action_mean_shift"":0.0016774472314864397,""actor_gradient_norm_pre_clip"":18.045141220092773,""behavior_approximate_kl"":0.0007394612184725702,""clip_fraction"":0.1444091796875,""epoch"":2,""minibatch"":4,""moving_forward_kl"":0.0006014262326061726}]",0.0006042189779691398,0.2890625,8.09375,-6.200515761971474,0.7109375,a70e3671d53c78a8450d5c30748a12c0c393ef91b6cb9f8bdc046644a4916c62,8f5b5eca8c305826fa256640aadc449acacc9425e2490f940c47b73eb734dd28,0.03670194372534752,0.014331824146211147,0.009621590375900269,0.07408492267131805,0.0050146873109042645,0.0014275411376729608,0.03808174282312393,0.020226748660206795,0.006975867319852114,0.04994267225265503,0.005198723170906305,0.0008875343482941389,0.03654460608959198,0.014140347950160503,0.0095180943608284,0.07393261790275574,0.004837102722376585,0.00121557607781142,0.037909410893917084,0.019878976047039032,0.006654133554548025,0.0500035434961319,0.004940028302371502,0.0007219060207717121,0.25,1.0,all_interventions,0.014792434871196747,0.014792434871196747,residual,0.05,8351.0,8178.857421875,891.0,0.38353487104177475
c000_current,F2,7,0.0017917802615556866,1.0,25.0952091217041,0.016418901039287448,0.0008860297966748476,8620,6.985413074493408,0.1631011962890625,"[0.0005328831030055881,0.000700860284268856]",0.6382456421852112,0.16261717677116394,0.1626306176185608,0.1626306176185608,"[{""action_mean_shift"":0.0014132254291325808,""actor_gradient_norm_pre_clip"":10.81758975982666,""behavior_approximate_kl"":0.001009830622933805,""clip_fraction"":0.0943603515625,""epoch"":1,""minibatch"":1,""moving_forward_kl"":0.0004380893078632653},{""action_mean_shift"":0.0019652051851153374,""actor_gradient_norm_pre_clip"":19.29754066467285,""behavior_approximate_kl"":0.0011479606619104743,""clip_fraction"":0.19964599609375,""epoch"":1,""minibatch"":2,""moving_forward_kl"":0.0008477319497615099},{""action_mean_shift"":0.0018356286454945803,""actor_gradient_norm_pre_clip"":25.0952091217041,""behavior_approximate_kl"":0.0007562828832305968,""clip_fraction"":0.17431640625,""epoch"":1,""minibatch"":3,""moving_forward_kl"":0.0007205776637420058},{""action_mean_shift"":0.00157560920342803,""actor_gradient_norm_pre_clip"":18.68659782409668,""behavior_approximate_kl"":0.0003626368707045913,""clip_fraction"":0.1165771484375,""epoch"":1,""minibatch"":4,""moving_forward_kl"":0.0005363518139347434},{""action_mean_shift"":0.0017404991667717695,""actor_gradient_norm_pre_clip"":14.236055374145508,""behavior_approximate_kl"":0.0007656206144019961,""clip_fraction"":0.1561279296875,""epoch"":2,""minibatch"":1,""moving_forward_kl"":0.0006529205711558461},{""action_mean_shift"":0.001976455794647336,""actor_gradient_norm_pre_clip"":15.092870712280273,""behavior_approximate_kl"":0.0009501150925643742,""clip_fraction"":0.20648193359375,""epoch"":2,""minibatch"":2,""moving_forward_kl"":0.0008498839451931417},{""action_mean_shift"":0.00202009966596961,""actor_gradient_norm_pre_clip"":22.42951774597168,""behavior_approximate_kl"":0.0005607099155895412,""clip_fraction"":0.21124267578125,""epoch"":2,""minibatch"":3,""moving_forward_kl"":0.0008748878608457744},{""action_mean_shift"":0.0018075190018862486,""actor_gradient_norm_pre_clip"":20.183334350585938,""behavior_approximate_kl"":0.0011157739209011197,""clip_fraction"":0.16845703125,""epoch"":2,""minibatch"":4,""moving_forward_kl"":0.0007079447386786342}]",0.000700860284268856,0.32558139534883723,7.782945736434108,-7.502946605978086,0.6744186046511628,dcc6c8d55f25bcb7d931bad009e7fadcd14ccf424cc259158d3a734a04bd7048,a70e3671d53c78a8450d5c30748a12c0c393ef91b6cb9f8bdc046644a4916c62,0.03997070714831352,0.017281940206885338,0.011424032039940357,0.0784825012087822,0.005864253267645836,0.0014284072676673532,0.038339752703905106,0.022497333586215973,0.0077245174907147884,0.04930241405963898,0.005378643982112408,0.0012145527871325612,0.039720095694065094,0.017073076218366623,0.011472512036561966,0.0781358927488327,0.005367336329072714,0.0013668324099853635,0.037949979305267334,0.02218850515782833,0.007483734283596277,0.04934002459049225,0.0047624739818274975,0.0008203632314689457,0.25,1.0,all_interventions,0.01603010226972401,0.01603010226972401,residual,0.05,8620.0,8452.9765625,838.0,0.6065823212265968
c000_current,F2,8,0.001771768438629806,1.0,27.772811889648438,0.01570107147563249,0.0008856162894517183,8252,6.591054439544678,0.18389892578125,"[0.0006183463847264647,0.0007915690657682717]",0.6238605976104736,0.1582868993282318,0.15893451869487762,0.15893451869487762,"[{""action_mean_shift"":0.001269893255084753,""actor_gradient_norm_pre_clip"":11.177239418029785,""behavior_approximate_kl"":0.00023720896570011973,""clip_fraction"":0.06243896484375,""epoch"":1,""minibatch"":1,""moving_forward_kl"":0.0003413233789615333},{""action_mean_shift"":0.0017819302156567574,""actor_gradient_norm_pre_clip"":15.837427139282227,""behavior_approximate_kl"":0.0001403092173859477,""clip_fraction"":0.15802001953125,""epoch"":1,""minibatch"":2,""moving_forward_kl"":0.0006969042005948722},{""action_mean_shift"":0.0017365389503538609,""actor_gradient_norm_pre_clip"":19.568973541259766,""behavior_approximate_kl"":0.0004886001697741449,""clip_fraction"":0.152099609375,""epoch"":1,""minibatch"":3,""moving_forward_kl"":0.0006623811786994338},{""action_mean_shift"":0.001695440150797367,""actor_gradient_norm_pre_clip"":15.632407188415527,""behavior_approximate_kl"":0.00017989618936553597,""clip_fraction"":0.14013671875,""epoch"":1,""minibatch"":4,""moving_forward_kl"":0.0006229262216947973},{""action_mean_shift"":0.001852379529736936,""actor_gradient_norm_pre_clip"":18.55539894104004,""behavior_approximate_kl"":0.0005680795293301344,""clip_fraction"":0.17327880859375,""epoch"":2,""minibatch"":1,""moving_forward_kl"":0.0007456071325577796},{""action_mean_shift"":0.0020386921241879463,""actor_gradient_norm_pre_clip"":18.44328498840332,""behavior_approximate_kl"":0.0010983222164213657,""clip_fraction"":0.2138671875,""epoch"":2,""minibatch"":2,""moving_forward_kl"":0.0008793940069153905},{""action_mean_shift"":0.0019072211580350995,""actor_gradient_norm_pre_clip"":27.772811889648438,""behavior_approximate_kl"":0.0008232264663092792,""clip_fraction"":0.18658447265625,""epoch"":2,""minibatch"":3,""moving_forward_kl"":0.0007805987843312323},{""action_mean_shift"":0.001892052125185728,""actor_gradient_norm_pre_clip"":21.319580078125,""behavior_approximate_kl"":0.0008215766865760088,""clip_fraction"":0.17938232421875,""epoch"":2,""minibatch"":4,""moving_forward_kl"":0.0007859866018407047}]",0.0007915690657682717,0.31851851851851853,7.977777777777778,-6.8710830582512745,0.6814814814814815,2fa9430f577413e1bac3c9389cf89afa0b69e942218e0d74b207bd4bfb34824c,dcc6c8d55f25bcb7d931bad009e7fadcd14ccf424cc259158d3a734a04bd7048,0.03697580844163895,0.014809428714215755,0.010243144817650318,0.07427868247032166,0.005587893072515726,0.001554417423903942,0.03982573375105858,0.021974988281726837,0.008301972411572933,0.050514113157987595,0.005742992740124464,0.0011520893312990665,0.03690771758556366,0.014431455172598362,0.00987627450376749,0.0744018629193306,0.005218031350523233,0.0013201721012592316,0.03955162689089775,0.022119276225566864,0.00809007789939642,0.05076645314693451,0.00508830277249217,0.0008919139509089291,0.25,1.0,all_interventions,0.015488965553231537,0.015488965553231537,residual,0.05,8252.0,8093.42138671875,932.0,0.5196563079953194
c000_current,F3,1,0.004953566880431026,1.0,57.331024169921875,0.027472085552290082,0.0027630506083369255,8213,5.9948906898498535,0.41180419921875,"[0.0048107267357409,0.0023229022044688463]",0.6160746812820435,0.15686123073101044,0.1575784832239151,0.1575784832239151,"[{""action_mean_shift"":0.007778840139508247,""actor_gradient_norm_pre_clip"":11.869316101074219,""behavior_approximate_kl"":0.01319102942943573,""clip_fraction"":0.729736328125,""epoch"":1,""minibatch"":1,""moving_forward_kl"":0.012881134636700153},{""action_mean_shift"":0.006535407621413469,""actor_gradient_norm_pre_clip"":57.331024169921875,""behavior_approximate_kl"":0.008823131211102009,""clip_fraction"":0.6767578125,""epoch"":1,""minibatch"":2,""moving_forward_kl"":0.009079692885279655},{""action_mean_shift"":0.0053906524553895,""actor_gradient_norm_pre_clip"":47.31634521484375,""behavior_approximate_kl"":0.005681774113327265,""clip_fraction"":0.62164306640625,""epoch"":1,""minibatch"":3,""moving_forward_kl"":0.006202741991728544},{""action_mean_shift"":0.004660344682633877,""actor_gradient_norm_pre_clip"":43.67757034301758,""behavior_approximate_kl"":0.004327942617237568,""clip_fraction"":0.558837890625,""epoch"":1,""minibatch"":4,""moving_forward_kl"":0.004801372066140175},{""action_mean_shift"":0.00432222057133913,""actor_gradient_norm_pre_clip"":36.82396697998047,""behavior_approximate_kl"":0.004146018996834755,""clip_fraction"":0.53387451171875,""epoch"":2,""minibatch"":1,""moving_forward_kl"":0.004067626316100359},{""action_mean_shift"":0.003993896301835775,""actor_gradient_norm_pre_clip"":39.25111389160156,""behavior_approximate_kl"":0.004320907406508923,""clip_fraction"":0.49713134765625,""epoch"":2,""minibatch"":2,""moving_forward_kl"":0.0035347314551472664},{""action_mean_shift"":0.0037068091332912445,""actor_gradient_norm_pre_clip"":35.484458923339844,""behavior_approximate_kl"":0.0024017863906919956,""clip_fraction"":0.4725341796875,""epoch"":2,""minibatch"":3,""moving_forward_kl"":0.003001769073307514},{""action_mean_shift"":0.0032403641380369663,""actor_gradient_norm_pre_clip"":30.052827835083008,""behavior_approximate_kl"":0.0021262350492179394,""clip_fraction"":0.40869140625,""epoch"":2,""minibatch"":4,""moving_forward_kl"":0.002325036097317934}]",0.0023229022044688463,0.40350877192982454,9.210526315789474,-9.06596777313634,0.5964912280701754,ededcdde89a1d088672d7e8fc7043a45d6365be15e935af3cb244dea8f1c5d77,7afed309902a323a43b47005c01529c84160944bb8cea2c45d000b38b18cc099,0.03716497868299484,0.0187339186668396,0.011596519500017166,0.07484831660985947,0.005642320029437542,0.001766785280779004,0.037344176322221756,0.021280182525515556,0.006880957167595625,0.04834680259227753,0.0049884263426065445,0.0008647841750644147,0.037125278264284134,0.01847093179821968,0.011186182498931885,0.0748763307929039,0.005478127859532833,0.0014214615803211927,0.03647879883646965,0.021257292479276657,0.006337826605886221,0.04837392270565033,0.004664871841669083,0.0006871839286759496,0.25,1.0,all_interventions,0.015318551450036466,0.015318551450036466,residual,0.05,8213.0,8022.5107421875,1037.0,0.5572720989584923
c000_current,F3,2,0.0024793961201794446,1.0,34.45671463012695,0.018000047537498176,0.0012594482395797968,8112,5.903930187225342,0.1949462890625,"[0.0013191539328545332,0.0008044684072956443]",0.6209102869033813,0.1579463928937912,0.15864607691764832,0.15864607691764832,"[{""action_mean_shift"":0.0026779072359204292,""actor_gradient_norm_pre_clip"":13.28264331817627,""behavior_approximate_kl"":0.0014037879882380366,""clip_fraction"":0.32037353515625,""epoch"":1,""minibatch"":1,""moving_forward_kl"":0.0016404204070568085},{""action_mean_shift"":0.003030250547453761,""actor_gradient_norm_pre_clip"":34.45671463012695,""behavior_approximate_kl"":0.001611845102161169,""clip_fraction"":0.39154052734375,""epoch"":1,""minibatch"":2,""moving_forward_kl"":0.002029057126492262},{""action_mean_shift"":0.00284917326644063,""actor_gradient_norm_pre_clip"":33.60725784301758,""behavior_approximate_kl"":0.0018071626545861363,""clip_fraction"":0.35821533203125,""epoch"":1,""minibatch"":3,""moving_forward_kl"":0.0017560034757480025},{""action_mean_shift"":0.002474576234817505,""actor_gradient_norm_pre_clip"":28.79042625427246,""behavior_approximate_kl"":0.0015729379374533892,""clip_fraction"":0.2945556640625,""epoch"":1,""minibatch"":4,""moving_forward_kl"":0.0013219560496509075},{""action_mean_shift"":0.0022647306323051453,""actor_gradient_norm_pre_clip"":22.120393753051758,""behavior_approximate_kl"":0.001298259710893035,""clip_fraction"":0.2542724609375,""epoch"":2,""minibatch"":1,""moving_forward_kl"":0.0011365232057869434},{""action_mean_shift"":0.002403116784989834,""actor_gradient_norm_pre_clip"":25.056249618530273,""behavior_approximate_kl"":0.0017045116983354092,""clip_fraction"":0.28399658203125,""epoch"":2,""minibatch"":2,""moving_forward_kl"":0.0012635479215532541},{""action_mean_shift"":0.0021956954151391983,""actor_gradient_norm_pre_clip"":27.499021530151367,""behavior_approximate_kl"":0.0006897013518027961,""clip_fraction"":0.2469482421875,""epoch"":2,""minibatch"":3,""moving_forward_kl"":0.001015348476357758},{""action_mean_shift"":0.0019397188443690538,""actor_gradient_norm_pre_clip"":23.30842399597168,""behavior_approximate_kl"":0.0015139246825128794,""clip_fraction"":0.19366455078125,""epoch"":2,""minibatch"":4,""moving_forward_kl"":0.0008019285160116851}]",0.0008044684072956443,0.3523809523809524,9.81904761904762,-9.190282603672573,0.6476190476190476,5cf8775ce16b4b53e2ebebe877217226843d388425c3e860d015e557921fe6ee,ededcdde89a1d088672d7e8fc7043a45d6365be15e935af3cb244dea8f1c5d77,0.03883283585309982,0.018028002232313156,0.010728072375059128,0.0779968872666359,0.005754348821938038,0.0014740884071215987,0.03548091650009155,0.020042158663272858,0.007165662478655577,0.046501848846673965,0.004656554199755192,0.0009037857525981963,0.03874882310628891,0.017789440229535103,0.010693925432860851,0.07813520729541779,0.005664485041052103,0.001356345135718584,0.03561098501086235,0.01989080384373665,0.007175917271524668,0.046501241624355316,0.004531474318355322,0.0007949879509396851,0.25,1.0,all_interventions,0.015415622154250741,0.015415622154250741,residual,0.05,8112.0,7932.7412109375,946.0,0.48621225357055664
c000_current,F3,3,0.001940519068739377,1.0,24.986143112182617,0.01618189667351544,0.0009840248385444283,8519,6.245601177215576,0.1859130859375,"[0.0007887102547101676,0.0007878264877945185]",0.6239946484565735,0.1582816243171692,0.15926828980445862,0.15926828980445862,"[{""action_mean_shift"":0.0017706939252093434,""actor_gradient_norm_pre_clip"":10.957592964172363,""behavior_approximate_kl"":0.0003887037164531648,""clip_fraction"":0.1663818359375,""epoch"":1,""minibatch"":1,""moving_forward_kl"":0.0006963933119550347},{""action_mean_shift"":0.0022950468119233847,""actor_gradient_norm_pre_clip"":21.140430450439453,""behavior_approximate_kl"":0.0010140863014385104,""clip_fraction"":0.26904296875,""epoch"":1,""minibatch"":2,""moving_forward_kl"":0.0011351070133969188},{""action_mean_shift"":0.0020640832372009754,""actor_gradient_norm_pre_clip"":24.986143112182617,""behavior_approximate_kl"":0.0005435324274003506,""clip_fraction"":0.22137451171875,""epoch"":1,""minibatch"":3,""moving_forward_kl"":0.0008885806309990585},{""action_mean_shift"":0.001939087058417499,""actor_gradient_norm_pre_clip"":21.979516983032227,""behavior_approximate_kl"":0.001051479484885931,""clip_fraction"":0.20318603515625,""epoch"":1,""minibatch"":4,""moving_forward_kl"":0.0007902386132627726},{""action_mean_shift"":0.0018931974191218615,""actor_gradient_norm_pre_clip"":17.639741897583008,""behavior_approximate_kl"":0.001018898794427514,""clip_fraction"":0.18170166015625,""epoch"":2,""minibatch"":1,""moving_forward_kl"":0.0007533291936852038},{""action_mean_shift"":0.0019257108215242624,""actor_gradient_norm_pre_clip"":19.57968521118164,""behavior_approximate_kl"":0.0008818118367344141,""clip_fraction"":0.193603515625,""epoch"":2,""minibatch"":2,""moving_forward_kl"":0.0007718196138739586},{""action_mean_shift"":0.001735327998176217,""actor_gradient_norm_pre_clip"":21.88681983947754,""behavior_approximate_kl"":0.0003710907476488501,""clip_fraction"":0.14776611328125,""epoch"":2,""minibatch"":3,""moving_forward_kl"":0.000629352405667305},{""action_mean_shift"":0.0019010052783414721,""actor_gradient_norm_pre_clip"":19.327964782714844,""behavior_approximate_kl"":0.0008870373130775988,""clip_fraction"":0.18450927734375,""epoch"":2,""minibatch"":4,""moving_forward_kl"":0.0007842564373277128}]",0.0007878264877945185,0.40186915887850466,9.822429906542055,-10.246073326217793,0.5981308411214953,138d951103526ef9944e4124c3359f502b3aac0a76ec5e5e950b7107dbd2fb7f,5cf8775ce16b4b53e2ebebe877217226843d388425c3e860d015e557921fe6ee,0.04090326279401779,0.01802140660583973,0.01112054567784071,0.07899568974971771,0.006504029501229525,0.0014457341749221087,0.0355035699903965,0.019346319139003754,0.006180965807288885,0.046351417899131775,0.00503100361675024,0.0007930536521598697,0.040886472910642624,0.0181279294192791,0.011255423538386822,0.07932286709547043,0.006125723943114281,0.0013490202836692333,0.03482211008667946,0.0192387867718935,0.006024569272994995,0.04662629961967468,0.004443522077053785,0.0006560085457749665,0.25,1.0,all_interventions,0.01551992620807141,0.01551992620807141,residual,0.05,8519.0,8339.1337890625,978.0,0.47214746847748756
c000_current,F3,4,0.002002508321311325,1.0,28.548511505126953,0.016337047971319407,0.0008683307678438723,8216,6.019047737121582,0.1534881591796875,"[0.0008794572204351425,0.0006484608165919781]",0.6180793046951294,0.15750135481357574,0.15792156755924225,0.15792156755924225,"[{""action_mean_shift"":0.0018261994700878859,""actor_gradient_norm_pre_clip"":10.497492790222168,""behavior_approximate_kl"":0.0008275680593214929,""clip_fraction"":0.1729736328125,""epoch"":1,""minibatch"":1,""moving_forward_kl"":0.000740411807782948},{""action_mean_shift"":0.0023084916174411774,""actor_gradient_norm_pre_clip"":23.038002014160156,""behavior_approximate_kl"":0.0014589380007237196,""clip_fraction"":0.2745361328125,""epoch"":1,""minibatch"":2,""moving_forward_kl"":0.0011267419904470444},{""action_mean_shift"":0.0021164356730878353,""actor_gradient_norm_pre_clip"":28.548511505126953,""behavior_approximate_kl"":0.0005636124988086522,""clip_fraction"":0.22967529296875,""epoch"":1,""minibatch"":3,""moving_forward_kl"":0.0009327005827799439},{""action_mean_shift"":0.00204829266294837,""actor_gradient_norm_pre_clip"":24.392366409301758,""behavior_approximate_kl"":0.0009214016608893871,""clip_fraction"":0.22332763671875,""epoch"":1,""minibatch"":4,""moving_forward_kl"":0.0008811571169644594},{""action_mean_shift"":0.001928630517795682,""actor_gradient_norm_pre_clip"":21.68641471862793,""behavior_approximate_kl"":0.0003870625514537096,""clip_fraction"":0.19000244140625,""epoch"":2,""minibatch"":1,""moving_forward_kl"":0.0008001244277693331},{""action_mean_shift"":0.0020710951648652554,""actor_gradient_norm_pre_clip"":20.834381103515625,""behavior_approximate_kl"":0.0009444697061553597,""clip_fraction"":0.20977783203125,""epoch"":2,""minibatch"":2,""moving_forward_kl"":0.0009378505637869239},{""action_mean_shift"":0.001987969968467951,""actor_gradient_norm_pre_clip"":23.165691375732422,""behavior_approximate_kl"":0.0009049803484231234,""clip_fraction"":0.20379638671875,""epoch"":2,""minibatch"":3,""moving_forward_kl"":0.0008478662930428982},{""action_mean_shift"":0.001732951495796442,""actor_gradient_norm_pre_clip"":21.648664474487305,""behavior_approximate_kl"":0.0006765737198293209,""clip_fraction"":0.15008544921875,""epoch"":2,""minibatch"":4,""moving_forward_kl"":0.0006497625727206469}]",0.0006484608165919781,0.4358974358974359,9.256410256410257,-10.009017377837091,0.5641025641025641,9541136a41b4f82d169f6de7f8e364fc3f5f64835afff166f1625ad55c1860dd,138d951103526ef9944e4124c3359f502b3aac0a76ec5e5e950b7107dbd2fb7f,0.03880685195326805,0.014064942486584187,0.009786241687834263,0.07604874670505524,0.005385083146393299,0.0012118694139644504,0.0381346195936203,0.02147129736840725,0.007288250606507063,0.04928357154130936,0.004989444278180599,0.0009327934822067618,0.03876124694943428,0.013886865228414536,0.009720301255583763,0.07630376517772675,0.0050033703446388245,0.001222279155626893,0.0380120687186718,0.021399931982159615,0.007213142234832048,0.04892602190375328,0.004829983226954937,0.0008150108624249697,0.25,1.0,all_interventions,0.015300165745429695,0.015300165745429695,residual,0.05,8216.0,8034.166015625,980.0,0.5157591141760349
c000_current,F3,5,0.0017991209169849753,1.0,23.626205444335938,0.01589517155662179,0.0009556801524013281,8378,6.097525596618652,0.17474365234375,"[0.0007164553971961141,0.0007249323534779251]",0.6265645027160645,0.1591082215309143,0.1598125845193863,0.1598125845193863,"[{""action_mean_shift"":0.0015986047219485044,""actor_gradient_norm_pre_clip"":12.012495994567871,""behavior_approximate_kl"":-3.75159434042871e-05,""clip_fraction"":0.13006591796875,""epoch"":1,""minibatch"":1,""moving_forward_kl"":0.0005950035993009806},{""action_mean_shift"":0.0020706760697066784,""actor_gradient_norm_pre_clip"":20.585603713989258,""behavior_approximate_kl"":0.0013174153864383698,""clip_fraction"":0.22650146484375,""epoch"":1,""minibatch"":2,""moving_forward_kl"":0.0009297099895775318},{""action_mean_shift"":0.0018596311565488577,""actor_gradient_norm_pre_clip"":23.626205444335938,""behavior_approximate_kl"":7.519990322180092e-05,""clip_fraction"":0.18194580078125,""epoch"":1,""minibatch"":3,""moving_forward_kl"":0.000758342444896698},{""action_mean_shift"":0.001825040439143777,""actor_gradient_norm_pre_clip"":20.04435920715332,""behavior_approximate_kl"":0.0007140968809835613,""clip_fraction"":0.17041015625,""epoch"":1,""minibatch"":4,""moving_forward_kl"":0.0007210958283394575},{""action_mean_shift"":0.001744300127029419,""actor_gradient_norm_pre_clip"":18.076257705688477,""behavior_approximate_kl"":0.0005832243477925658,""clip_fraction"":0.1595458984375,""epoch"":2,""minibatch"":1,""moving_forward_kl"":0.0006528272060677409},{""action_mean_shift"":0.0017060342943295836,""actor_gradient_norm_pre_clip"":17.379636764526367,""behavior_approximate_kl"":0.0010721717262640595,""clip_fraction"":0.14422607421875,""epoch"":2,""minibatch"":2,""moving_forward_kl"":0.0006193170556798577},{""action_mean_shift"":0.0017543532885611057,""actor_gradient_norm_pre_clip"":18.794387817382812,""behavior_approximate_kl"":0.0007040054770186543,""clip_fraction"":0.1580810546875,""epoch"":2,""minibatch"":3,""moving_forward_kl"":0.0006524994387291372},{""action_mean_shift"":0.001834327238611877,""actor_gradient_norm_pre_clip"":17.162281036376953,""behavior_approximate_kl"":0.0008496143855154514,""clip_fraction"":0.17529296875,""epoch"":2,""minibatch"":4,""moving_forward_kl"":0.0007232183706946671}]",0.0007249323534779251,0.43636363636363634,9.10909090909091,-9.596501515128395,0.5636363636363636,6fcb1cb60af31e3b648a8f08e040d7805aa55686b5e03808d7e7aaccea269823,9541136a41b4f82d169f6de7f8e364fc3f5f64835afff166f1625ad55c1860dd,0.037830643355846405,0.018719326704740524,0.010104220360517502,0.0740409567952156,0.006085544358938932,0.001329878461547196,0.03859684616327286,0.02160608023405075,0.007112883497029543,0.05036609619855881,0.005156634841114283,0.001077967812307179,0.03773151710629463,0.018694192171096802,0.010181507095694542,0.07430867105722427,0.005567444954067469,0.0012731702299788594,0.03842838481068611,0.02160993404686451,0.006964785512536764,0.05035749822854996,0.0049510374665260315,0.0007688499172218144,0.25,1.0,all_interventions,0.01566007232759148,0.01566007232759148,residual,0.05,8378.0,8206.9912109375,991.0,0.4987180568277836
c000_current,F3,6,0.0019396788120502606,1.0,37.065067291259766,0.015307454974390566,0.0007703464943915606,8051,5.821402549743652,0.194305419921875,"[0.0007729748613201082,0.0008043271955102682]",0.591235876083374,0.15002137422561646,0.15079636871814728,0.15079636871814728,"[{""action_mean_shift"":0.0018986269133165479,""actor_gradient_norm_pre_clip"":10.712955474853516,""behavior_approximate_kl"":0.0009395068045705557,""clip_fraction"":0.20098876953125,""epoch"":1,""minibatch"":1,""moving_forward_kl"":0.000866399728693068},{""action_mean_shift"":0.002445751801133156,""actor_gradient_norm_pre_clip"":28.955533981323242,""behavior_approximate_kl"":0.000681218400131911,""clip_fraction"":0.2845458984375,""epoch"":1,""minibatch"":2,""moving_forward_kl"":0.0013543016975745559},{""action_mean_shift"":0.002023225650191307,""actor_gradient_norm_pre_clip"":37.065067291259766,""behavior_approximate_kl"":0.0004644128493964672,""clip_fraction"":0.2144775390625,""epoch"":1,""minibatch"":3,""moving_forward_kl"":0.0008851118036545813},{""action_mean_shift"":0.0018967369105666876,""actor_gradient_norm_pre_clip"":25.334766387939453,""behavior_approximate_kl"":0.0008822071831673384,""clip_fraction"":0.18646240234375,""epoch"":1,""minibatch"":4,""moving_forward_kl"":0.0007750695804134011},{""action_mean_shift"":0.001775803160853684,""actor_gradient_norm_pre_clip"":22.65812110900879,""behavior_approximate_kl"":0.001127920811995864,""clip_fraction"":0.16192626953125,""epoch"":2,""minibatch"":1,""moving_forward_kl"":0.0006755436770617962},{""action_mean_shift"":0.001579249743372202,""actor_gradient_norm_pre_clip"":20.865135192871094,""behavior_approximate_kl"":0.0009936414426192641,""clip_fraction"":0.11480712890625,""epoch"":2,""minibatch"":2,""moving_forward_kl"":0.0005489513278007507},{""action_mean_shift"":0.0019598102662712336,""actor_gradient_norm_pre_clip"":17.042842864990234,""behavior_approximate_kl"":0.0005404591793194413,""clip_fraction"":0.19549560546875,""epoch"":2,""minibatch"":3,""moving_forward_kl"":0.0008589084027335048},{""action_mean_shift"":0.001938226050697267,""actor_gradient_norm_pre_clip"":27.709735870361328,""behavior_approximate_kl"":0.0006709072040393949,""clip_fraction"":0.19244384765625,""epoch"":2,""minibatch"":4,""moving_forward_kl"":0.0008043196285143495}]",0.0008043271955102682,0.38317757009345793,10.05607476635514,-9.276649051737563,0.616822429906542,88423d022ff5083a19725c05ea71d7db5dde1daadfa780d00194e5e706471a55,6fcb1cb60af31e3b648a8f08e040d7805aa55686b5e03808d7e7aaccea269823,0.037683919072151184,0.014425473287701607,0.009985585696995258,0.07508792728185654,0.005478957202285528,0.0013139838119968772,0.03441014885902405,0.01947207562625408,0.005818480160087347,0.045820076018571854,0.004913649056106806,0.0007424012292176485,0.03749474510550499,0.014159191399812698,0.009802650660276413,0.0756569430232048,0.004941334016621113,0.0011867345310747623,0.03412991017103195,0.01940901204943657,0.005682043265551329,0.045616257935762405,0.004310046788305044,0.000611123105045408,0.25,1.0,all_interventions,0.014305165968835354,0.014305165968835354,residual,0.05,8051.0,7886.6181640625,976.0,0.3249144218862057
c000_current,F3,7,0.0016082063666544855,1.0,20.7229061126709,0.014666327158920467,0.0008800894138403237,8244,5.978245258331299,0.1824798583984375,"[0.0005503206048160791,0.0007510253926739097]",0.5966590642929077,0.15215276181697845,0.1522599756717682,0.1522599756717682,"[{""action_mean_shift"":0.0013172426261007786,""actor_gradient_norm_pre_clip"":10.863883018493652,""behavior_approximate_kl"":0.0005991446669213474,""clip_fraction"":0.0821533203125,""epoch"":1,""minibatch"":1,""moving_forward_kl"":0.00040973987779580057},{""action_mean_shift"":0.0016155439661815763,""actor_gradient_norm_pre_clip"":17.976205825805664,""behavior_approximate_kl"":0.0006944668712094426,""clip_fraction"":0.1280517578125,""epoch"":1,""minibatch"":2,""moving_forward_kl"":0.0005632418906316161},{""action_mean_shift"":0.0013803415931761265,""actor_gradient_norm_pre_clip"":20.7229061126709,""behavior_approximate_kl"":0.0006024804897606373,""clip_fraction"":0.0810546875,""epoch"":1,""minibatch"":3,""moving_forward_kl"":0.00041449457057751715},{""action_mean_shift"":0.0015873697120696306,""actor_gradient_norm_pre_clip"":11.77978229522705,""behavior_approximate_kl"":0.0006360480329021811,""clip_fraction"":0.1197509765625,""epoch"":1,""minibatch"":4,""moving_forward_kl"":0.0005527094472199678},{""action_mean_shift"":0.0017141831340268254,""actor_gradient_norm_pre_clip"":16.014848709106445,""behavior_approximate_kl"":0.0005563361337408423,""clip_fraction"":0.1474609375,""epoch"":2,""minibatch"":1,""moving_forward_kl"":0.0006231211009435356},{""action_mean_shift"":0.0017056101933121681,""actor_gradient_norm_pre_clip"":16.826841354370117,""behavior_approximate_kl"":0.00025196047499775887,""clip_fraction"":0.14398193359375,""epoch"":2,""minibatch"":2,""moving_forward_kl"":0.0006390734924934804},{""action_mean_shift"":0.0016643691342324018,""actor_gradient_norm_pre_clip"":18.298856735229492,""behavior_approximate_kl"":0.0005512313218787313,""clip_fraction"":0.13665771484375,""epoch"":2,""minibatch"":3,""moving_forward_kl"":0.0005924842553213239},{""action_mean_shift"":0.0018809905741363764,""actor_gradient_norm_pre_clip"":15.219342231750488,""behavior_approximate_kl"":0.0007405164651572704,""clip_fraction"":0.18487548828125,""epoch"":2,""minibatch"":4,""moving_forward_kl"":0.0007473535370081663}]",0.0007510253926739097,0.4,9.304761904761905,-8.805161112830753,0.6,16052d8672451b0b8b11ec3b02349d05ee23eb43b67bb402408e6fe7ddf2117d,88423d022ff5083a19725c05ea71d7db5dde1daadfa780d00194e5e706471a55,0.036393336951732635,0.013553543947637081,0.009370621293783188,0.07471080124378204,0.005019528791308403,0.0011720035690814257,0.036194395273923874,0.020854519680142403,0.006465189158916473,0.04839055985212326,0.005209019407629967,0.0006747356965206563,0.03645549714565277,0.013502866961061954,0.009417540393769741,0.07426442205905914,0.004677711520344019,0.001146789058111608,0.03610456362366676,0.020566832274198532,0.006346407812088728,0.0481579564511776,0.004683922044932842,0.0006923836772330105,0.25,1.0,all_interventions,0.014517879579216242,0.014517879579216242,residual,0.05,8244.0,8071.498046875,1040.0,0.36514098197221756
c000_current,F3,8,0.0019088764383923262,1.0,25.15178108215332,0.017161543597467244,0.0014167778426781297,8448,6.2903947830200195,0.239959716796875,"[0.0008821397204883397,0.001046198420226574]",0.6419842839241028,0.16362637281417847,0.16415029764175415,0.16415029764175415,"[{""action_mean_shift"":0.001727396622300148,""actor_gradient_norm_pre_clip"":12.103593826293945,""behavior_approximate_kl"":0.0014032829785719514,""clip_fraction"":0.16705322265625,""epoch"":1,""minibatch"":1,""moving_forward_kl"":0.0007021026103757322},{""action_mean_shift"":0.002024924848228693,""actor_gradient_norm_pre_clip"":22.185922622680664,""behavior_approximate_kl"":0.0007078887429088354,""clip_fraction"":0.216064453125,""epoch"":1,""minibatch"":2,""moving_forward_kl"":0.0009139814064837992},{""action_mean_shift"":0.001586121041327715,""actor_gradient_norm_pre_clip"":25.15178108215332,""behavior_approximate_kl"":0.00027955009136348963,""clip_fraction"":0.1268310546875,""epoch"":1,""minibatch"":3,""moving_forward_kl"":0.0005601797020062804},{""action_mean_shift"":0.0019931988790631294,""actor_gradient_norm_pre_clip"":15.795937538146973,""behavior_approximate_kl"":0.0007132868049666286,""clip_fraction"":0.20855712890625,""epoch"":1,""minibatch"":4,""moving_forward_kl"":0.000876249629072845},{""action_mean_shift"":0.0019881438929587603,""actor_gradient_norm_pre_clip"":20.875988006591797,""behavior_approximate_kl"":0.0008813677704893053,""clip_fraction"":0.2039794921875,""epoch"":2,""minibatch"":1,""moving_forward_kl"":0.0008759874035604298},{""action_mean_shift"":0.0017327575478702784,""actor_gradient_norm_pre_clip"":20.6322078704834,""behavior_approximate_kl"":0.000791853410191834,""clip_fraction"":0.15142822265625,""epoch"":2,""minibatch"":2,""moving_forward_kl"":0.0006473339162766933},{""action_mean_shift"":0.002037659054622054,""actor_gradient_norm_pre_clip"":20.156383514404297,""behavior_approximate_kl"":0.0011839214712381363,""clip_fraction"":0.2120361328125,""epoch"":2,""minibatch"":3,""moving_forward_kl"":0.0009180069901049137},{""action_mean_shift"":0.002180809620767832,""actor_gradient_norm_pre_clip"":25.056957244873047,""behavior_approximate_kl"":0.0010282557923346758,""clip_fraction"":0.23974609375,""epoch"":2,""minibatch"":4,""moving_forward_kl"":0.0010423671919852495}]",0.001046198420226574,0.423728813559322,9.14406779661017,-9.997728363942292,0.576271186440678,c0ed96fb9efc20cce2800fbdaf0b184954861edd84a025f37c2cf000b2d91947,16052d8672451b0b8b11ec3b02349d05ee23eb43b67bb402408e6fe7ddf2117d,0.0387866273522377,0.0208069309592247,0.012956068851053715,0.0755097046494484,0.005747426766902208,0.0018032765947282314,0.038175564259290695,0.022786008194088936,0.0080891577526927,0.04968073219060898,0.00515910517424345,0.0010371237294748425,0.03871733322739601,0.02045661024749279,0.01240214891731739,0.07569985836744308,0.005427387543022633,0.0014940185938030481,0.038355231285095215,0.022508105263113976,0.007764729205518961,0.0494723841547966,0.005025466438382864,0.0008861771202646196,0.25,1.0,all_interventions,0.01627710461616516,0.01627710461616516,residual,0.05,8448.0,8255.3515625,995.0,0.726647399365902
c003,F1,1,0.004250043799402192,1.0,48.19042205810547,0.023218081798404455,0.00295797036960721,7975,6.319334506988525,0.3468780517578125,"[0.0031116788741201162,0.002044025342911482]",0.6055652499198914,0.15421615540981293,0.15455399453639984,0.15455399453639984,"[{""action_mean_shift"":0.006719763390719891,""actor_gradient_norm_pre_clip"":13.923295021057129,""behavior_approximate_kl"":0.010215375572443008,""clip_fraction"":0.6783447265625,""epoch"":1,""minibatch"":1,""moving_forward_kl"":0.00993959791958332},{""action_mean_shift"":0.005418919026851654,""actor_gradient_norm_pre_clip"":48.19042205810547,""behavior_approximate_kl"":0.00704442011192441,""clip_fraction"":0.599853515625,""epoch"":1,""minibatch"":2,""moving_forward_kl"":0.006686437875032425},{""action_mean_shift"":0.004709045402705669,""actor_gradient_norm_pre_clip"":36.02338409423828,""behavior_approximate_kl"":0.004278033040463924,""clip_fraction"":0.56475830078125,""epoch"":1,""minibatch"":3,""moving_forward_kl"":0.005084466189146042},{""action_mean_shift"":0.003629891434684396,""actor_gradient_norm_pre_clip"":38.25307846069336,""behavior_approximate_kl"":0.002817183267325163,""clip_fraction"":0.46734619140625,""epoch"":1,""minibatch"":4,""moving_forward_kl"":0.0030514211393892765},{""action_mean_shift"":0.0034643830731511116,""actor_gradient_norm_pre_clip"":30.5095272064209,""behavior_approximate_kl"":0.0033886912278831005,""clip_fraction"":0.4429931640625,""epoch"":2,""minibatch"":1,""moving_forward_kl"":0.002830087672919035},{""action_mean_shift"":0.0036412738263607025,""actor_gradient_norm_pre_clip"":30.550750732421875,""behavior_approximate_kl"":0.004015716724097729,""clip_fraction"":0.45941162109375,""epoch"":2,""minibatch"":2,""moving_forward_kl"":0.003116342704743147},{""action_mean_shift"":0.0035754540003836155,""actor_gradient_norm_pre_clip"":34.92586135864258,""behavior_approximate_kl"":0.004162556957453489,""clip_fraction"":0.44677734375,""epoch"":2,""minibatch"":3,""moving_forward_kl"":0.0031232053879648447},{""action_mean_shift"":0.0028416202403604984,""actor_gradient_norm_pre_clip"":31.964895248413086,""behavior_approximate_kl"":0.0024674134328961372,""clip_fraction"":0.34759521484375,""epoch"":2,""minibatch"":4,""moving_forward_kl"":0.002048754831776023}]",0.002044025342911482,0.3153846153846154,8.153846153846153,-6.157217585123503,0.6846153846153846,5fac0e475cf94bf67abe54fee961239f2f8a859570aeccb2e8516f3e25c3ecf0,7afed309902a323a43b47005c01529c84160944bb8cea2c45d000b38b18cc099,0.03941413387656212,0.010773654095828533,0.007235250435769558,0.07417119294404984,0.005394399631768465,0.001763109932653606,0.03947094827890396,0.01100898813456297,0.0037815235555171967,0.05106501281261444,0.005626733414828777,0.0009830765193328261,0.03937552869319916,0.01054898090660572,0.006604890804737806,0.07412074506282806,0.005111435428261757,0.0015443110605701804,0.03901061415672302,0.010371580719947815,0.0031715279910713434,0.051181815564632416,0.0050294529646635056,0.0006964334170334041,0.25,0.9999999403953552,all_interventions,0.014356392901390791,0.014356392901390791,residual,0.05,7975.0,7807.16796875,930.0,0.8308942839503288
c003,F1,2,0.002441543008899316,1.0,35.57082748413086,0.016199379228055477,0.0013150800950825214,8106,6.542372703552246,0.239990234375,"[0.0011409795843064785,0.0010991578456014395]",0.6047137379646301,0.15445491671562195,0.1541045755147934,0.1541045755147934,"[{""action_mean_shift"":0.00273512932471931,""actor_gradient_norm_pre_clip"":11.802909851074219,""behavior_approximate_kl"":0.0009629285195842385,""clip_fraction"":0.34539794921875,""epoch"":1,""minibatch"":1,""moving_forward_kl"":0.001608990365639329},{""action_mean_shift"":0.0031548708211630583,""actor_gradient_norm_pre_clip"":32.38973617553711,""behavior_approximate_kl"":0.002845967188477516,""clip_fraction"":0.40313720703125,""epoch"":1,""minibatch"":2,""moving_forward_kl"":0.0021095862612128258},{""action_mean_shift"":0.002624548738822341,""actor_gradient_norm_pre_clip"":35.57082748413086,""behavior_approximate_kl"":0.0010765939950942993,""clip_fraction"":0.32806396484375,""epoch"":1,""minibatch"":3,""moving_forward_kl"":0.0014454165939241648},{""action_mean_shift"":0.002332638716325164,""actor_gradient_norm_pre_clip"":27.700359344482422,""behavior_approximate_kl"":0.0012591122649610043,""clip_fraction"":0.27423095703125,""epoch"":1,""minibatch"":4,""moving_forward_kl"":0.0011373220477253199},{""action_mean_shift"":0.0021441630087792873,""actor_gradient_norm_pre_clip"":24.980396270751953,""behavior_approximate_kl"":0.001111023360863328,""clip_fraction"":0.23577880859375,""epoch"":2,""minibatch"":1,""moving_forward_kl"":0.0009813373908400536},{""action_mean_shift"":0.002151273190975189,""actor_gradient_norm_pre_clip"":24.714393615722656,""behavior_approximate_kl"":0.0006790027255192399,""clip_fraction"":0.2318115234375,""epoch"":2,""minibatch"":2,""moving_forward_kl"":0.0010290461359545588},{""action_mean_shift"":0.002185824094340205,""actor_gradient_norm_pre_clip"":20.53228187561035,""behavior_approximate_kl"":0.0008408932480961084,""clip_fraction"":0.23748779296875,""epoch"":2,""minibatch"":3,""moving_forward_kl"":0.0010543165262788534},{""action_mean_shift"":0.002203896176069975,""actor_gradient_norm_pre_clip"":27.23487091064453,""behavior_approximate_kl"":0.001022573560476303,""clip_fraction"":0.2393798828125,""epoch"":2,""minibatch"":4,""moving_forward_kl"":0.0011039073579013348}]",0.0010991578456014395,0.34328358208955223,8.044776119402986,-6.040837150901111,0.6567164179104478,71b89fb0be09c3f23f0d9be7a1b4da45c0913908a10f09786990b00c06597d1a,5fac0e475cf94bf67abe54fee961239f2f8a859570aeccb2e8516f3e25c3ecf0,0.0381094366312027,0.008664228022098541,0.005494210869073868,0.07737670838832855,0.005990711972117424,0.001513890572823584,0.03853921964764595,0.012122374027967453,0.004018324892967939,0.05076363682746887,0.005818966776132584,0.001281369710341096,0.0379900299012661,0.008306196890771389,0.005289064720273018,0.07685549557209015,0.005357786547392607,0.0013283619191497564,0.03818654641509056,0.011858180165290833,0.003822049591690302,0.050326280295848846,0.0050308434292674065,0.0008647610666230321,0.25,0.9999999403953552,all_interventions,0.014259977731853724,0.014259977731853724,residual,0.05,8106.0,7947.56982421875,870.0,0.4995250999927521
c003,F1,3,0.0017624616884859279,1.0,26.24230194091797,0.01599927432835102,0.0008809579303488135,8191,6.605645179748535,0.141448974609375,"[0.0007796594873070717,0.000688713975250721]",0.6188575029373169,0.15752921998500824,0.15791605412960052,0.15791605412960052,"[{""action_mean_shift"":0.0013846948277205229,""actor_gradient_norm_pre_clip"":14.12101936340332,""behavior_approximate_kl"":0.0003601366770453751,""clip_fraction"":0.08575439453125,""epoch"":1,""minibatch"":1,""moving_forward_kl"":0.00042213467531837523},{""action_mean_shift"":0.001990571152418852,""actor_gradient_norm_pre_clip"":25.251644134521484,""behavior_approximate_kl"":0.0009816461242735386,""clip_fraction"":0.2042236328125,""epoch"":1,""minibatch"":2,""moving_forward_kl"":0.0008555901004001498},{""action_mean_shift"":0.001746809110045433,""actor_gradient_norm_pre_clip"":26.24230194091797,""behavior_approximate_kl"":0.00035862374352291226,""clip_fraction"":0.1502685546875,""epoch"":1,""minibatch"":3,""moving_forward_kl"":0.0006553047569468617},{""action_mean_shift"":0.0019206745782867074,""actor_gradient_norm_pre_clip"":22.990266799926758,""behavior_approximate_kl"":0.0006575362058356404,""clip_fraction"":0.18896484375,""epoch"":1,""minibatch"":4,""moving_forward_kl"":0.0007881568744778633},{""action_mean_shift"":0.0016680092085152864,""actor_gradient_norm_pre_clip"":18.356409072875977,""behavior_approximate_kl"":0.0008273491403087974,""clip_fraction"":0.13323974609375,""epoch"":2,""minibatch"":1,""moving_forward_kl"":0.000605715555138886},{""action_mean_shift"":0.0017670586239546537,""actor_gradient_norm_pre_clip"":16.20984649658203,""behavior_approximate_kl"":0.0008282975759357214,""clip_fraction"":0.1531982421875,""epoch"":2,""minibatch"":2,""moving_forward_kl"":0.0007104879477992654},{""action_mean_shift"":0.0019233773928135633,""actor_gradient_norm_pre_clip"":17.88909149169922,""behavior_approximate_kl"":0.0007388561498373747,""clip_fraction"":0.188720703125,""epoch"":2,""minibatch"":3,""moving_forward_kl"":0.0008615709375590086},{""action_mean_shift"":0.0016984986141324043,""actor_gradient_norm_pre_clip"":23.879362106323242,""behavior_approximate_kl"":0.0006243911921046674,""clip_fraction"":0.142578125,""epoch"":2,""minibatch"":4,""moving_forward_kl"":0.0006980994949117303}]",0.000688713975250721,0.3203125,8.203125,-6.4902122020721436,0.6796875,397f51be4ec948f127357701d8033540c0ccd8edb0f819a53cccfbebae4e2ccd,71b89fb0be09c3f23f0d9be7a1b4da45c0913908a10f09786990b00c06597d1a,0.04272294417023659,0.010647083632647991,0.00825495831668377,0.07510605454444885,0.006210123188793659,0.0019193022744730115,0.039147183299064636,0.011244531720876694,0.0037682491820305586,0.05209648981690407,0.005170947872102261,0.0007869183900766075,0.042252954095602036,0.010337501764297485,0.007605521008372307,0.07540015131235123,0.005876770243048668,0.0016887745587155223,0.038909900933504105,0.011106433346867561,0.0035778440069407225,0.051728490740060806,0.005058507435023785,0.0007891332497820258,0.25,1.0,all_interventions,0.014979370520450175,0.014979370520450175,residual,0.05,8191.0,8020.17822265625,925.0,0.6469767242670059
c003,F1,4,0.0018110968958353624,1.0,21.670381546020508,0.015195257379673421,0.0008067317539826035,8138,6.526062488555908,0.1573028564453125,"[0.0009809097973629832,0.000697952345944941]",0.6178321242332458,0.15782789885997772,0.15797317028045654,0.15797317028045654,"[{""action_mean_shift"":0.001023666001856327,""actor_gradient_norm_pre_clip"":10.321310997009277,""behavior_approximate_kl"":0.0002131244691554457,""clip_fraction"":0.02581787109375,""epoch"":1,""minibatch"":1,""moving_forward_kl"":0.00022459618048742414},{""action_mean_shift"":0.0018817760283127427,""actor_gradient_norm_pre_clip"":10.818978309631348,""behavior_approximate_kl"":0.00028069454128853977,""clip_fraction"":0.18499755859375,""epoch"":1,""minibatch"":2,""moving_forward_kl"":0.0007733143866062164},{""action_mean_shift"":0.0022120007779449224,""actor_gradient_norm_pre_clip"":21.670381546020508,""behavior_approximate_kl"":0.0005469914758577943,""clip_fraction"":0.24822998046875,""epoch"":1,""minibatch"":3,""moving_forward_kl"":0.0010388398077338934},{""action_mean_shift"":0.0021444223821163177,""actor_gradient_norm_pre_clip"":20.770383834838867,""behavior_approximate_kl"":0.0015258913626894355,""clip_fraction"":0.23211669921875,""epoch"":1,""minibatch"":4,""moving_forward_kl"":0.0009794922079890966},{""action_mean_shift"":0.0019920673221349716,""actor_gradient_norm_pre_clip"":16.779666900634766,""behavior_approximate_kl"":0.0012979869497939944,""clip_fraction"":0.19873046875,""epoch"":2,""minibatch"":1,""moving_forward_kl"":0.0008601260487921536},{""action_mean_shift"":0.0017172672087326646,""actor_gradient_norm_pre_clip"":14.70934772491455,""behavior_approximate_kl"":0.00044655860983766615,""clip_fraction"":0.14520263671875,""epoch"":2,""minibatch"":2,""moving_forward_kl"":0.0006452545057982206},{""action_mean_shift"":0.001739327679388225,""actor_gradient_norm_pre_clip"":14.857264518737793,""behavior_approximate_kl"":0.0008715042495168746,""clip_fraction"":0.14910888671875,""epoch"":2,""minibatch"":3,""moving_forward_kl"":0.0006663788808509707},{""action_mean_shift"":0.0017782477661967278,""actor_gradient_norm_pre_clip"":18.434982299804688,""behavior_approximate_kl"":0.0007727229967713356,""clip_fraction"":0.1617431640625,""epoch"":2,""minibatch"":4,""moving_forward_kl"":0.0007043168880045414}]",0.000697952345944941,0.26515151515151514,8.037878787878787,-5.125959118207295,0.7348484848484849,cff949573d8ef301d710eccfb6ddf9c25dc55b7cab5faa06d7b5e6852c63bb5d,397f51be4ec948f127357701d8033540c0ccd8edb0f819a53cccfbebae4e2ccd,0.04034489765763283,0.008002649992704391,0.0054532489739358425,0.07985705137252808,0.005641518160700798,0.0014364023227244616,0.039434075355529785,0.011722424998879433,0.003923294134438038,0.050804778933525085,0.005493872333317995,0.0010796919232234359,0.040266480296850204,0.007959682494401932,0.005414003040641546,0.07953860610723495,0.005393361207097769,0.0012991584371775389,0.03926366940140724,0.011593768373131752,0.0038864174857735634,0.050889454782009125,0.005238205194473267,0.0009136626031249762,0.25,1.0,all_interventions,0.014772885129787028,0.014772885129787028,residual,0.05,8138.0,7952.14697265625,866.0,0.5668887719511986
c003,F1,5,0.0017475625936640427,1.0,23.26910400390625,0.014611979946494102,0.0008442092803306878,8244,6.790774345397949,0.1705780029296875,"[0.0005886403960175812,0.0007154330378398299]",0.6050989627838135,0.15388227999210358,0.15455269813537598,0.15455269813537598,"[{""action_mean_shift"":0.0013619812671095133,""actor_gradient_norm_pre_clip"":11.931073188781738,""behavior_approximate_kl"":0.00034315779339522123,""clip_fraction"":0.07940673828125,""epoch"":1,""minibatch"":1,""moving_forward_kl"":0.00040287442971020937},{""action_mean_shift"":0.0020097587257623672,""actor_gradient_norm_pre_clip"":16.750099182128906,""behavior_approximate_kl"":0.00041181890992447734,""clip_fraction"":0.21759033203125,""epoch"":1,""minibatch"":2,""moving_forward_kl"":0.0008647085633128881},{""action_mean_shift"":0.002005898393690586,""actor_gradient_norm_pre_clip"":23.26910400390625,""behavior_approximate_kl"":0.0008426152635365725,""clip_fraction"":0.20855712890625,""epoch"":1,""minibatch"":3,""moving_forward_kl"":0.0008526250021532178},{""action_mean_shift"":0.001653800718486309,""actor_gradient_norm_pre_clip"":21.089872360229492,""behavior_approximate_kl"":0.00026031729066744447,""clip_fraction"":0.12969970703125,""epoch"":1,""minibatch"":4,""moving_forward_kl"":0.0005847323918715119},{""action_mean_shift"":0.0016212372574955225,""actor_gradient_norm_pre_clip"":16.55308723449707,""behavior_approximate_kl"":0.0007787159993313253,""clip_fraction"":0.13006591796875,""epoch"":2,""minibatch"":1,""moving_forward_kl"":0.0005668312078341842},{""action_mean_shift"":0.001693911268375814,""actor_gradient_norm_pre_clip"":15.235795021057129,""behavior_approximate_kl"":0.0010604553390294313,""clip_fraction"":0.137939453125,""epoch"":2,""minibatch"":2,""moving_forward_kl"":0.0006072280230000615},{""action_mean_shift"":0.001818726072087884,""actor_gradient_norm_pre_clip"":16.4715518951416,""behavior_approximate_kl"":0.0009235133184120059,""clip_fraction"":0.16925048828125,""epoch"":2,""minibatch"":3,""moving_forward_kl"":0.0006999964825809002},{""action_mean_shift"":0.0018151870463043451,""actor_gradient_norm_pre_clip"":21.91688346862793,""behavior_approximate_kl"":0.0005729443510062993,""clip_fraction"":0.17083740234375,""epoch"":2,""minibatch"":4,""moving_forward_kl"":0.0007112071616575122}]",0.0007154330378398299,0.3511450381679389,7.8320610687022905,-6.342120725689954,0.648854961832061,30f610cb2a7d56f966026e651278ca53f84f6496ad28d61be4733ff576c475da,cff949573d8ef301d710eccfb6ddf9c25dc55b7cab5faa06d7b5e6852c63bb5d,0.03752084821462631,0.009056853130459785,0.0050621917471289635,0.0749635174870491,0.005250579211860895,0.0015178638277575374,0.03998207300901413,0.011854643933475018,0.0036197833251208067,0.052799031138420105,0.0053165266290307045,0.0008454783237539232,0.037707261741161346,0.008663605898618698,0.005114634986966848,0.07486944645643234,0.005100770387798548,0.0012508485233411193,0.039961133152246475,0.01174804475158453,0.003473390592262149,0.05294370651245117,0.005111014004796743,0.0007583805127069354,0.25,1.0,all_interventions,0.014349081320688128,0.014349081320688128,residual,0.05,8244.0,8064.40283203125,861.0,0.4417360946536064
c003,F1,6,0.001763489213772118,1.0,23.046142578125,0.014660259243100882,0.001090118195861578,8000,6.50935697555542,0.2080535888671875,"[0.0004764476034324616,0.0008639208390377462]",0.5990400314331055,0.15270666778087616,0.15295687317848206,0.15295687317848206,"[{""action_mean_shift"":0.0013699063565582037,""actor_gradient_norm_pre_clip"":12.416223526000977,""behavior_approximate_kl"":0.00038668018532916903,""clip_fraction"":0.0875244140625,""epoch"":1,""minibatch"":1,""moving_forward_kl"":0.0004133999173063785},{""action_mean_shift"":0.0019771927036345005,""actor_gradient_norm_pre_clip"":17.131141662597656,""behavior_approximate_kl"":0.00014671488315798342,""clip_fraction"":0.209716796875,""epoch"":1,""minibatch"":2,""moving_forward_kl"":0.0008213046239688993},{""action_mean_shift"":0.001773214666172862,""actor_gradient_norm_pre_clip"":23.046142578125,""behavior_approximate_kl"":0.0004545273841358721,""clip_fraction"":0.16455078125,""epoch"":1,""minibatch"":3,""moving_forward_kl"":0.0006684607942588627},{""action_mean_shift"":0.0014823221135884523,""actor_gradient_norm_pre_clip"":19.898849487304688,""behavior_approximate_kl"":0.0005397164495661855,""clip_fraction"":0.09906005859375,""epoch"":1,""minibatch"":4,""moving_forward_kl"":0.0004716580151580274},{""action_mean_shift"":0.0017008770955726504,""actor_gradient_norm_pre_clip"":12.006811141967773,""behavior_approximate_kl"":0.0008260742761194706,""clip_fraction"":0.14312744140625,""epoch"":2,""minibatch"":1,""moving_forward_kl"":0.0006227021804079413},{""action_mean_shift"":0.0018477245466783643,""actor_gradient_norm_pre_clip"":17.16391372680664,""behavior_approximate_kl"":0.0013231950579211116,""clip_fraction"":0.1690673828125,""epoch"":2,""minibatch"":2,""moving_forward_kl"":0.0007320522563531995},{""action_mean_shift"":0.0019530875142663717,""actor_gradient_norm_pre_clip"":19.747028350830078,""behavior_approximate_kl"":0.0009821126004680991,""clip_fraction"":0.1964111328125,""epoch"":2,""minibatch"":3,""moving_forward_kl"":0.0008206641068682075},{""action_mean_shift"":0.0020035887137055397,""actor_gradient_norm_pre_clip"":21.8885555267334,""behavior_approximate_kl"":0.00106899649836123,""clip_fraction"":0.20269775390625,""epoch"":2,""minibatch"":4,""moving_forward_kl"":0.0008551758364774287}]",0.0008639208390377462,0.31343283582089554,8.216417910447761,-5.695572023961081,0.6865671641791045,1ef2f6f860a232f990a893c7ff969a75c9a2042b7bac14d9d0a48e6a6e3b6beb,30f610cb2a7d56f966026e651278ca53f84f6496ad28d61be4733ff576c475da,0.03825387358665466,0.008167492225766182,0.004969533067196608,0.07638192921876907,0.006407164502888918,0.0014833264285698533,0.03872055560350418,0.011115681380033493,0.0032817034516483545,0.05037204176187515,0.005348476581275463,0.000758872483856976,0.038224559277296066,0.00816404726356268,0.005135761108249426,0.07602796703577042,0.005735327489674091,0.0013562437379732728,0.03849957510828972,0.011090208776295185,0.0033221265766769648,0.050585899502038956,0.004976453259587288,0.0007212671334855258,0.25,1.0,all_interventions,0.014143311302177608,0.014143311302177608,residual,0.05,8000.0,7828.26708984375,914.0,0.40284551680088043
c003,F1,7,0.0018555308924987912,1.0,25.54308319091797,0.015022676845546812,0.0011541699059307575,8147,6.672399520874023,0.2008056640625,"[0.0006778296083211899,0.0008329630363732576]",0.6133502125740051,0.15542149543762207,0.15627235174179077,0.15627235174179077,"[{""action_mean_shift"":0.0015554032288491726,""actor_gradient_norm_pre_clip"":11.118046760559082,""behavior_approximate_kl"":0.0007827070076018572,""clip_fraction"":0.11883544921875,""epoch"":1,""minibatch"":1,""moving_forward_kl"":0.0005295901792123914},{""action_mean_shift"":0.0020053465850651264,""actor_gradient_norm_pre_clip"":16.945152282714844,""behavior_approximate_kl"":0.0010147689608857036,""clip_fraction"":0.2099609375,""epoch"":1,""minibatch"":2,""moving_forward_kl"":0.0008653861004859209},{""action_mean_shift"":0.0017129189800471067,""actor_gradient_norm_pre_clip"":25.54308319091797,""behavior_approximate_kl"":0.0005811885930597782,""clip_fraction"":0.14630126953125,""epoch"":1,""minibatch"":3,""moving_forward_kl"":0.0006327767623588443},{""action_mean_shift"":0.0017597803380340338,""actor_gradient_norm_pre_clip"":16.06405258178711,""behavior_approximate_kl"":0.0009049803484231234,""clip_fraction"":0.1595458984375,""epoch"":1,""minibatch"":4,""moving_forward_kl"":0.0006822914583608508},{""action_mean_shift"":0.0018919773865491152,""actor_gradient_norm_pre_clip"":17.379776000976562,""behavior_approximate_kl"":0.0009381306590512395,""clip_fraction"":0.18218994140625,""epoch"":2,""minibatch"":1,""moving_forward_kl"":0.0007960914517752826},{""action_mean_shift"":0.0019183505792170763,""actor_gradient_norm_pre_clip"":17.23953628540039,""behavior_approximate_kl"":0.0010756966657936573,""clip_fraction"":0.19384765625,""epoch"":2,""minibatch"":2,""moving_forward_kl"":0.0007908346597105265},{""action_mean_shift"":0.002026236616075039,""actor_gradient_norm_pre_clip"":22.305070877075195,""behavior_approximate_kl"":0.0014774827286601067,""clip_fraction"":0.20709228515625,""epoch"":2,""minibatch"":3,""moving_forward_kl"":0.0008795186877250671},{""action_mean_shift"":0.00197423342615366,""actor_gradient_norm_pre_clip"":22.498985290527344,""behavior_approximate_kl"":0.0006817770772613585,""clip_fraction"":0.200439453125,""epoch"":2,""minibatch"":4,""moving_forward_kl"":0.0008295719744637609}]",0.0008329630363732576,0.3533834586466165,7.827067669172933,-6.187106607551861,0.6466165413533834,08b7b90fac5933c383ce0170fc63c55d3763ce2f72dacecef5ff2b8628670c1f,1ef2f6f860a232f990a893c7ff969a75c9a2042b7bac14d9d0a48e6a6e3b6beb,0.037056777626276016,0.008498716168105602,0.0061570522375404835,0.07522187381982803,0.005863940808922052,0.0018199143232777715,0.040837712585926056,0.011992331594228745,0.0036796072963625193,0.05359826609492302,0.005805277265608311,0.0007918523042462766,0.036805082112550735,0.008242749609053135,0.0059764510951936245,0.07541747391223907,0.00527052441611886,0.0015875635435804725,0.040618956089019775,0.012108850292861462,0.0034991835709661245,0.054113131016492844,0.005205997731536627,0.0007719260756857693,0.25,1.0,all_interventions,0.014560092007741332,0.014560092007741332,residual,0.05,8147.0,7989.44384765625,895.0,0.4158821515738964
c003,F1,8,0.0015945254999678582,1.0,20.160791397094727,0.01445181854069233,0.00040618007187731564,8072,6.536032199859619,0.1270599365234375,"[0.0005905629368498921,0.000570530304685235]",0.601313054561615,0.15257985889911652,0.15342475473880768,0.15342475473880768,"[{""action_mean_shift"":0.0011943234130740166,""actor_gradient_norm_pre_clip"":11.70810317993164,""behavior_approximate_kl"":8.545318269170821e-05,""clip_fraction"":0.06024169921875,""epoch"":1,""minibatch"":1,""moving_forward_kl"":0.0003314619534648955},{""action_mean_shift"":0.001641504350118339,""actor_gradient_norm_pre_clip"":14.286367416381836,""behavior_approximate_kl"":0.0006129929097369313,""clip_fraction"":0.13519287109375,""epoch"":1,""minibatch"":2,""moving_forward_kl"":0.0005810345173813403},{""action_mean_shift"":0.0013818395091220737,""actor_gradient_norm_pre_clip"":18.89295768737793,""behavior_approximate_kl"":0.00028841837774962187,""clip_fraction"":0.07989501953125,""epoch"":1,""minibatch"":3,""moving_forward_kl"":0.00040824897587299347},{""action_mean_shift"":0.0016374848783016205,""actor_gradient_norm_pre_clip"":14.653343200683594,""behavior_approximate_kl"":0.0011513628996908665,""clip_fraction"":0.1304931640625,""epoch"":1,""minibatch"":4,""moving_forward_kl"":0.0005887991283088923},{""action_mean_shift"":0.001654652412980795,""actor_gradient_norm_pre_clip"":18.542766571044922,""behavior_approximate_kl"":0.001139064785093069,""clip_fraction"":0.13720703125,""epoch"":2,""minibatch"":1,""moving_forward_kl"":0.0005845934501849115},{""action_mean_shift"":0.001741041662171483,""actor_gradient_norm_pre_clip"":17.0905704498291,""behavior_approximate_kl"":0.00025711525813676417,""clip_fraction"":0.15087890625,""epoch"":2,""minibatch"":2,""moving_forward_kl"":0.0006571069825440645},{""action_mean_shift"":0.0018825167790055275,""actor_gradient_norm_pre_clip"":18.832530975341797,""behavior_approximate_kl"":0.0012007516343146563,""clip_fraction"":0.18634033203125,""epoch"":2,""minibatch"":3,""moving_forward_kl"":0.0007577460492029786},{""action_mean_shift"":0.0016228409949690104,""actor_gradient_norm_pre_clip"":20.160791397094727,""behavior_approximate_kl"":0.0003586305829230696,""clip_fraction"":0.124267578125,""epoch"":2,""minibatch"":4,""moving_forward_kl"":0.0005692588747479022}]",0.000570530304685235,0.2890625,7.96875,-5.367294315248728,0.7109375,070772cbc401025bb07e2e43d77781e7c2ec6957f73a49a6cc56250a43bac276,08b7b90fac5933c383ce0170fc63c55d3763ce2f72dacecef5ff2b8628670c1f,0.0368414930999279,0.008190701715648174,0.005364691372960806,0.07458114624023438,0.005489110015332699,0.0017490009777247906,0.03918183222413063,0.011832504533231258,0.004618965554982424,0.05175337940454483,0.005329429171979427,0.0011979480041190982,0.03694630786776543,0.008079067803919315,0.005125630646944046,0.07501453906297684,0.005242690909653902,0.0012892549857497215,0.039152298122644424,0.011684381403028965,0.004457056988030672,0.05167936906218529,0.005185914225876331,0.000957012758590281,0.25,1.0,all_interventions,0.01422548433765769,0.01422548433765769,residual,0.05,8072.0,7904.5341796875,914.0,0.40381089225411415
c003,F2,1,0.0043875607079826295,1.0,48.71206283569336,0.02417774242348969,0.00245921453461051,8337,6.739692687988281,0.3637542724609375,"[0.00379857886582613,0.0019623704720288515]",0.6008543968200684,0.15279947221279144,0.15300938487052917,0.15300938487052917,"[{""action_mean_shift"":0.006645717658102512,""actor_gradient_norm_pre_clip"":11.520861625671387,""behavior_approximate_kl"":0.009394512511789799,""clip_fraction"":0.67578125,""epoch"":1,""minibatch"":1,""moving_forward_kl"":0.009866662323474884},{""action_mean_shift"":0.006068488582968712,""actor_gradient_norm_pre_clip"":48.71206283569336,""behavior_approximate_kl"":0.009598536416888237,""clip_fraction"":0.65325927734375,""epoch"":1,""minibatch"":2,""moving_forward_kl"":0.008004819974303246},{""action_mean_shift"":0.004562004469335079,""actor_gradient_norm_pre_clip"":45.08631896972656,""behavior_approximate_kl"":0.0050740232691168785,""clip_fraction"":0.54486083984375,""epoch"":1,""minibatch"":3,""moving_forward_kl"":0.004749002400785685},{""action_mean_shift"":0.004149474203586578,""actor_gradient_norm_pre_clip"":32.303611755371094,""behavior_approximate_kl"":0.003433763049542904,""clip_fraction"":0.51800537109375,""epoch"":1,""minibatch"":4,""moving_forward_kl"":0.003797468263655901},{""action_mean_shift"":0.0040770769119262695,""actor_gradient_norm_pre_clip"":33.223690032958984,""behavior_approximate_kl"":0.004752426873892546,""clip_fraction"":0.50665283203125,""epoch"":2,""minibatch"":1,""moving_forward_kl"":0.0037082016933709383},{""action_mean_shift"":0.0035352937411516905,""actor_gradient_norm_pre_clip"":34.60128402709961,""behavior_approximate_kl"":0.002406049519777298,""clip_fraction"":0.4422607421875,""epoch"":2,""minibatch"":2,""moving_forward_kl"":0.00278555229306221},{""action_mean_shift"":0.003129129996523261,""actor_gradient_norm_pre_clip"":31.37419319152832,""behavior_approximate_kl"":0.0019949045963585377,""clip_fraction"":0.39453125,""epoch"":2,""minibatch"":3,""moving_forward_kl"":0.002190357306972146},{""action_mean_shift"":0.0029333001002669334,""actor_gradient_norm_pre_clip"":26.786951065063477,""behavior_approximate_kl"":0.0033452699426561594,""clip_fraction"":0.36761474609375,""epoch"":2,""minibatch"":4,""moving_forward_kl"":0.0019659013487398624}]",0.0019623704720288515,0.35384615384615387,7.915384615384616,-6.37716421347398,0.6461538461538462,a078b9bd9a85aa548039d1d29456f77d554197cd8a2858b30fc68543c4239f45,7afed309902a323a43b47005c01529c84160944bb8cea2c45d000b38b18cc099,0.03944530710577965,0.009101943112909794,0.005848702043294907,0.07458309084177017,0.005711229518055916,0.001464002183638513,0.03789233788847923,0.011708760634064674,0.0040153213776648045,0.05152110755443573,0.005133079830557108,0.0010314668761566281,0.039149634540081024,0.0085971774533391,0.005584727041423321,0.07427406311035156,0.005299004726111889,0.001383896335028112,0.038053564727306366,0.011211303994059563,0.0035024508833885193,0.05123911052942276,0.004847289528697729,0.0007497025071643293,0.25,1.0,all_interventions,0.01413340715225786,0.01413340715225786,residual,0.05,8337.0,8180.287109375,907.0,0.5729767307639122
c003,F2,2,0.0021995962888468057,1.0,27.263572692871094,0.015506393508985639,0.0011969724437221885,8349,6.733064651489258,0.2408447265625,"[0.0008482992416247725,0.0010416568256914616]",0.6072967052459717,0.15508179366588593,0.1548757702112198,0.1548757702112198,"[{""action_mean_shift"":0.002020258456468582,""actor_gradient_norm_pre_clip"":12.459630012512207,""behavior_approximate_kl"":0.0012384415604174137,""clip_fraction"":0.21514892578125,""epoch"":1,""minibatch"":1,""moving_forward_kl"":0.0008908140007406473},{""action_mean_shift"":0.0024917388800531626,""actor_gradient_norm_pre_clip"":22.118785858154297,""behavior_approximate_kl"":0.0014057671651244164,""clip_fraction"":0.299560546875,""epoch"":1,""minibatch"":2,""moving_forward_kl"":0.0013404112542048097},{""action_mean_shift"":0.0023924484848976135,""actor_gradient_norm_pre_clip"":23.318531036376953,""behavior_approximate_kl"":0.0010144622065126896,""clip_fraction"":0.280029296875,""epoch"":1,""minibatch"":3,""moving_forward_kl"":0.0012378441169857979},{""action_mean_shift"":0.0019717698451131582,""actor_gradient_norm_pre_clip"":25.919885635375977,""behavior_approximate_kl"":0.0006125553045421839,""clip_fraction"":0.2015380859375,""epoch"":1,""minibatch"":4,""moving_forward_kl"":0.0008475001086480916},{""action_mean_shift"":0.001954195322468877,""actor_gradient_norm_pre_clip"":14.107950210571289,""behavior_approximate_kl"":0.0007404530188068748,""clip_fraction"":0.1961669921875,""epoch"":2,""minibatch"":1,""moving_forward_kl"":0.0008349645650014281},{""action_mean_shift"":0.0021957000717520714,""actor_gradient_norm_pre_clip"":18.847566604614258,""behavior_approximate_kl"":0.001425475929863751,""clip_fraction"":0.244140625,""epoch"":2,""minibatch"":2,""moving_forward_kl"":0.0010566436685621738},{""action_mean_shift"":0.00240407045930624,""actor_gradient_norm_pre_clip"":24.141109466552734,""behavior_approximate_kl"":0.0013162060640752316,""clip_fraction"":0.28997802734375,""epoch"":2,""minibatch"":3,""moving_forward_kl"":0.0012614990118891},{""action_mean_shift"":0.0021665887907147408,""actor_gradient_norm_pre_clip"":27.263572692871094,""behavior_approximate_kl"":0.0011755350278690457,""clip_fraction"":0.23602294921875,""epoch"":2,""minibatch"":4,""moving_forward_kl"":0.001039013615809381}]",0.0010416568256914616,0.36153846153846153,8.007692307692308,-6.945156211119432,0.6384615384615384,b17969d8edfd39bf3ef48a83853e36e2c23c135b1deb91c8dd292b42224fc3b0,a078b9bd9a85aa548039d1d29456f77d554197cd8a2858b30fc68543c4239f45,0.03942601755261421,0.007346410769969225,0.004973259288817644,0.07741427421569824,0.005508834030479193,0.0012885249452665448,0.040156856179237366,0.01025597658008337,0.0036956174299120903,0.05200725793838501,0.005547178443521261,0.0009024124010466039,0.0391659177839756,0.007191101089119911,0.00480157183483243,0.0770348533987999,0.005163620691746473,0.0011472246842458844,0.039829935878515244,0.010366233065724373,0.0035277341958135366,0.05139319598674774,0.00508015975356102,0.0007646055892109871,0.25,1.0,all_interventions,0.014276667963713408,0.014276667963713408,residual,0.05,8349.0,8179.87890625,856.0,0.6179345548152924
c003,F2,3,0.0019338144338689744,1.0,23.5048828125,0.01580066210590303,0.0009441206930205226,8695,7.017756462097168,0.1599884033203125,"[0.0009549565147608519,0.0006862525478936732]",0.6296388506889343,0.1601717621088028,0.16050514578819275,0.16050514578819275,"[{""action_mean_shift"":0.0017298348248004913,""actor_gradient_norm_pre_clip"":11.646202087402344,""behavior_approximate_kl"":0.0009192325524054468,""clip_fraction"":0.1597900390625,""epoch"":1,""minibatch"":1,""moving_forward_kl"":0.0006765106809325516},{""action_mean_shift"":0.0019396862480789423,""actor_gradient_norm_pre_clip"":19.6968936920166,""behavior_approximate_kl"":0.00121489935554564,""clip_fraction"":0.193603515625,""epoch"":1,""minibatch"":2,""moving_forward_kl"":0.0008187943603843451},{""action_mean_shift"":0.001903829164803028,""actor_gradient_norm_pre_clip"":23.5048828125,""behavior_approximate_kl"":0.0006495591951534152,""clip_fraction"":0.18829345703125,""epoch"":1,""minibatch"":3,""moving_forward_kl"":0.0007768169161863625},{""action_mean_shift"":0.0020701296161860228,""actor_gradient_norm_pre_clip"":20.752416610717773,""behavior_approximate_kl"":0.0012308581499382854,""clip_fraction"":0.2152099609375,""epoch"":1,""minibatch"":4,""moving_forward_kl"":0.0009519705199636519},{""action_mean_shift"":0.0018781470134854317,""actor_gradient_norm_pre_clip"":23.26320457458496,""behavior_approximate_kl"":0.001135519240051508,""clip_fraction"":0.183349609375,""epoch"":2,""minibatch"":1,""moving_forward_kl"":0.0007433911086991429},{""action_mean_shift"":0.0021183444187045097,""actor_gradient_norm_pre_clip"":15.967716217041016,""behavior_approximate_kl"":0.0010040535125881433,""clip_fraction"":0.23602294921875,""epoch"":2,""minibatch"":2,""moving_forward_kl"":0.0009700540103949606},{""action_mean_shift"":0.0020457101054489613,""actor_gradient_norm_pre_clip"":21.134023666381836,""behavior_approximate_kl"":0.0013835940044373274,""clip_fraction"":0.21258544921875,""epoch"":2,""minibatch"":3,""moving_forward_kl"":0.0008933913195505738},{""action_mean_shift"":0.0017848340794444084,""actor_gradient_norm_pre_clip"":20.062158584594727,""behavior_approximate_kl"":0.0004014633595943451,""clip_fraction"":0.1636962890625,""epoch"":2,""minibatch"":4,""moving_forward_kl"":0.000684583792462945}]",0.0006862525478936732,0.4153846153846154,7.8307692307692305,-8.256096942608172,0.5846153846153846,046dceedd4b4f4f8d64fad21bed5cbefc40a75e9ddb7af3ca3d4b581a3f9ce14,b17969d8edfd39bf3ef48a83853e36e2c23c135b1deb91c8dd292b42224fc3b0,0.03701254352927208,0.007833960466086864,0.005296605173498392,0.07528427988290787,0.005416590254753828,0.0013851374387741089,0.04358798637986183,0.013295115903019905,0.005169030278921127,0.057187847793102264,0.006559140048921108,0.0013716593384742737,0.0371047779917717,0.007525872439146042,0.00493749650195241,0.0753030851483345,0.005183122586458921,0.001231247908435762,0.043552156537771225,0.013334215618669987,0.0049634287133812904,0.05679796263575554,0.005898023955523968,0.001053817686624825,0.25,1.0,all_interventions,0.015137750655412674,0.015137750655412674,residual,0.05,8695.0,8522.7470703125,908.0,0.5924575552344322
c003,F2,4,0.0017768715770216659,1.0,24.339523315429688,0.016082271584309638,0.0009268581052310765,8448,6.8404860496521,0.156005859375,"[0.000735173758585006,0.0007157621439546347]",0.6407342553138733,0.16254599392414093,0.16342727839946747,0.16342727839946747,"[{""action_mean_shift"":0.0016577347414568067,""actor_gradient_norm_pre_clip"":13.034524917602539,""behavior_approximate_kl"":0.0009146352531388402,""clip_fraction"":0.14434814453125,""epoch"":1,""minibatch"":1,""moving_forward_kl"":0.0007546242559328675},{""action_mean_shift"":0.002003703499212861,""actor_gradient_norm_pre_clip"":22.607378005981445,""behavior_approximate_kl"":0.001634573913179338,""clip_fraction"":0.21405029296875,""epoch"":1,""minibatch"":2,""moving_forward_kl"":0.0009327784646302462},{""action_mean_shift"":0.0015026347246021032,""actor_gradient_norm_pre_clip"":24.339523315429688,""behavior_approximate_kl"":-1.74781889654696e-05,""clip_fraction"":0.103515625,""epoch"":1,""minibatch"":3,""moving_forward_kl"":0.00048626255011186004},{""action_mean_shift"":0.0018126796931028366,""actor_gradient_norm_pre_clip"":17.33399200439453,""behavior_approximate_kl"":0.0008607254130765796,""clip_fraction"":0.17401123046875,""epoch"":1,""minibatch"":4,""moving_forward_kl"":0.0007369599770754576},{""action_mean_shift"":0.0019048136891797185,""actor_gradient_norm_pre_clip"":16.34271812438965,""behavior_approximate_kl"":0.001243517268449068,""clip_fraction"":0.18768310546875,""epoch"":2,""minibatch"":1,""moving_forward_kl"":0.0007994666812010109},{""action_mean_shift"":0.0017225545598194003,""actor_gradient_norm_pre_clip"":18.38381576538086,""behavior_approximate_kl"":0.0007541582453995943,""clip_fraction"":0.1451416015625,""epoch"":2,""minibatch"":2,""moving_forward_kl"":0.00064307008869946},{""action_mean_shift"":0.00183573248796165,""actor_gradient_norm_pre_clip"":16.966798782348633,""behavior_approximate_kl"":0.0014681086177006364,""clip_fraction"":0.16595458984375,""epoch"":2,""minibatch"":3,""moving_forward_kl"":0.0007745489710941911},{""action_mean_shift"":0.0017751192208379507,""actor_gradient_norm_pre_clip"":17.373186111450195,""behavior_approximate_kl"":0.0007308018393814564,""clip_fraction"":0.15521240234375,""epoch"":2,""minibatch"":4,""moving_forward_kl"":0.0007339713629335165}]",0.0007157621439546347,0.36923076923076925,7.961538461538462,-8.005636559999907,0.6307692307692307,8366d6f0754bc8cbf71b66cbb4ad5c003998fe5638e9be0cedf6b986547f776b,046dceedd4b4f4f8d64fad21bed5cbefc40a75e9ddb7af3ca3d4b581a3f9ce14,0.043213680386543274,0.012564662843942642,0.0078123765997588634,0.07749079167842865,0.005673399195075035,0.0019355633994564414,0.03965508192777634,0.012196064926683903,0.0040370202623307705,0.05261405184864998,0.00587450573220849,0.0009800473926588893,0.04312695935368538,0.012382922694087029,0.0075589511543512344,0.0780286118388176,0.005539340432733297,0.0018595403525978327,0.03934106603264809,0.012117700651288033,0.00402554078027606,0.05278344079852104,0.005174192134290934,0.000890720053575933,0.25,1.0,all_interventions,0.01557988184504211,0.01557988184504211,residual,0.05,8448.0,8275.798828125,943.0,0.7319313138723373
c003,F2,5,0.0017039274534909055,1.0,22.13011932373047,0.01447803236078471,0.0007685773307457566,8381,6.742558479309082,0.1326141357421875,"[0.0006100137252360582,0.0005825919797644019]",0.5991732478141785,0.15292644500732422,0.153230220079422,0.153230220079422,"[{""action_mean_shift"":0.0011077029630541801,""actor_gradient_norm_pre_clip"":11.078986167907715,""behavior_approximate_kl"":0.00012351424084044993,""clip_fraction"":0.03619384765625,""epoch"":1,""minibatch"":1,""moving_forward_kl"":0.0002627582289278507},{""action_mean_shift"":0.0018134324345737696,""actor_gradient_norm_pre_clip"":13.98646354675293,""behavior_approximate_kl"":0.0005415034247562289,""clip_fraction"":0.1744384765625,""epoch"":1,""minibatch"":2,""moving_forward_kl"":0.0007095444016158581},{""action_mean_shift"":0.001943774987012148,""actor_gradient_norm_pre_clip"":20.197065353393555,""behavior_approximate_kl"":0.0008547103498131037,""clip_fraction"":0.19488525390625,""epoch"":1,""minibatch"":3,""moving_forward_kl"":0.0008092096541076899},{""action_mean_shift"":0.0016933251172304153,""actor_gradient_norm_pre_clip"":22.13011932373047,""behavior_approximate_kl"":0.000139510229928419,""clip_fraction"":0.13812255859375,""epoch"":1,""minibatch"":4,""moving_forward_kl"":0.0006123165367171168},{""action_mean_shift"":0.0017324300715699792,""actor_gradient_norm_pre_clip"":12.966768264770508,""behavior_approximate_kl"":0.00020221437443979084,""clip_fraction"":0.14874267578125,""epoch"":2,""minibatch"":1,""moving_forward_kl"":0.0006298739463090897},{""action_mean_shift"":0.0019208742305636406,""actor_gradient_norm_pre_clip"":17.942367553710938,""behavior_approximate_kl"":0.0008076500380411744,""clip_fraction"":0.196533203125,""epoch"":2,""minibatch"":2,""moving_forward_kl"":0.0007733319653198123},{""action_mean_shift"":0.0017625719774514437,""actor_gradient_norm_pre_clip"":20.833829879760742,""behavior_approximate_kl"":0.0009179299231618643,""clip_fraction"":0.1575927734375,""epoch"":2,""minibatch"":3,""moving_forward_kl"":0.0006533167324960232},{""action_mean_shift"":0.0016573078464716673,""actor_gradient_norm_pre_clip"":17.56289291381836,""behavior_approximate_kl"":0.0009411836508661509,""clip_fraction"":0.13092041015625,""epoch"":2,""minibatch"":4,""moving_forward_kl"":0.0005788639537058771}]",0.0005825919797644019,0.34615384615384615,8.153846153846153,-6.648613207156842,0.6538461538461539,3ab9c4c2a8624d7dcca4a0c58fb89dca343ca8b9642a01cbe12713d5a95c9aa3,8366d6f0754bc8cbf71b66cbb4ad5c003998fe5638e9be0cedf6b986547f776b,0.03973507881164551,0.009186056442558765,0.006580941844731569,0.07592175900936127,0.005511688534170389,0.001742241671308875,0.037358008325099945,0.011028091423213482,0.003530853660777211,0.0501958429813385,0.005021152552217245,0.0008572471560910344,0.03925039991736412,0.009131859056651592,0.0063486103899776936,0.0760338082909584,0.005102683790028095,0.001512077054940164,0.03735105320811272,0.010761192999780178,0.0034369188360869884,0.05013858899474144,0.004919242113828659,0.0007457638275809586,0.25,1.0,all_interventions,0.014187992084771395,0.014187992084771395,residual,0.05,8381.0,8187.8583984375,921.0,0.4247601740062237
c003,F2,6,0.0017236849962500855,1.0,23.870454788208008,0.016420025727711618,0.0007255602395161986,8690,7.047850608825684,0.1327667236328125,"[0.0005885584396310151,0.0005801019724458456]",0.6503458023071289,0.16599130630493164,0.16592271625995636,0.16592271625995636,"[{""action_mean_shift"":0.0015121218748390675,""actor_gradient_norm_pre_clip"":12.156749725341797,""behavior_approximate_kl"":0.00043404221651144326,""clip_fraction"":0.11767578125,""epoch"":1,""minibatch"":1,""moving_forward_kl"":0.0005320661002770066},{""action_mean_shift"":0.0019541613291949034,""actor_gradient_norm_pre_clip"":19.641786575317383,""behavior_approximate_kl"":0.0010941833024844527,""clip_fraction"":0.1983642578125,""epoch"":1,""minibatch"":2,""moving_forward_kl"":0.0008698658784851432},{""action_mean_shift"":0.0018055792897939682,""actor_gradient_norm_pre_clip"":23.870454788208008,""behavior_approximate_kl"":0.0007145147537812591,""clip_fraction"":0.16583251953125,""epoch"":1,""minibatch"":3,""moving_forward_kl"":0.0006968305096961558},{""action_mean_shift"":0.0016515057068318129,""actor_gradient_norm_pre_clip"":20.29172134399414,""behavior_approximate_kl"":0.0005611629458144307,""clip_fraction"":0.13311767578125,""epoch"":1,""minibatch"":4,""moving_forward_kl"":0.0005863214028067887},{""action_mean_shift"":0.0016515625175088644,""actor_gradient_norm_pre_clip"":16.22307014465332,""behavior_approximate_kl"":0.0007413848652504385,""clip_fraction"":0.134765625,""epoch"":2,""minibatch"":1,""moving_forward_kl"":0.0005889320163987577},{""action_mean_shift"":0.0017193600069731474,""actor_gradient_norm_pre_clip"":15.266934394836426,""behavior_approximate_kl"":0.00036279245978221297,""clip_fraction"":0.15228271484375,""epoch"":2,""minibatch"":2,""moving_forward_kl"":0.0006355422083288431},{""action_mean_shift"":0.0018572225235402584,""actor_gradient_norm_pre_clip"":18.25653839111328,""behavior_approximate_kl"":0.0012141698971390724,""clip_fraction"":0.17816162109375,""epoch"":2,""minibatch"":3,""moving_forward_kl"":0.0007448921678587794},{""action_mean_shift"":0.0016379667213186622,""actor_gradient_norm_pre_clip"":17.299747467041016,""behavior_approximate_kl"":0.00048462540144100785,""clip_fraction"":0.1304931640625,""epoch"":2,""minibatch"":4,""moving_forward_kl"":0.000580473686568439}]",0.0005801019724458456,0.3684210526315789,7.93984962406015,-7.866219538495057,0.631578947368421,28e9256a1b64815c4a4529515fd4df0ce0089ecb449eb104e0d2122ff3e63a79,3ab9c4c2a8624d7dcca4a0c58fb89dca343ca8b9642a01cbe12713d5a95c9aa3,0.04469839483499527,0.013893595896661282,0.008630978874862194,0.08021723479032516,0.007403982803225517,0.002100238110870123,0.04070207104086876,0.011329186148941517,0.003841416910290718,0.05171595513820648,0.005740466061979532,0.0010454070288687944,0.04461773484945297,0.013677740469574928,0.008402333594858646,0.08024062216281891,0.006989699322730303,0.0019327462650835514,0.0404324010014534,0.011184456758201122,0.003746535861864686,0.05136747285723686,0.005155326798558235,0.0008478970266878605,0.25,1.0,all_interventions,0.01604850171133876,0.01604850171133876,residual,0.05,8690.0,8510.892578125,935.0,0.6021638140082359
c003,F2,7,0.0016277514660032466,1.0,20.862024307250977,0.015623031300492585,0.0009654402965679765,8594,6.964343547821045,0.1700439453125,"[0.0006204552482813597,0.000726217869669199]",0.6320750117301941,0.16163888573646545,0.16156096756458282,0.16156096756458282,"[{""action_mean_shift"":0.0013855755096301436,""actor_gradient_norm_pre_clip"":11.560123443603516,""behavior_approximate_kl"":0.00043689250014722347,""clip_fraction"":0.0789794921875,""epoch"":1,""minibatch"":1,""moving_forward_kl"":0.00041304485057480633},{""action_mean_shift"":0.0016721863066777587,""actor_gradient_norm_pre_clip"":16.673725128173828,""behavior_approximate_kl"":0.0009729787707328796,""clip_fraction"":0.141845703125,""epoch"":1,""minibatch"":2,""moving_forward_kl"":0.0005949190235696733},{""action_mean_shift"":0.0015184765215963125,""actor_gradient_norm_pre_clip"":20.862024307250977,""behavior_approximate_kl"":0.0006530567188747227,""clip_fraction"":0.107177734375,""epoch"":1,""minibatch"":3,""moving_forward_kl"":0.0004966092528775334},{""action_mean_shift"":0.0016848319210112095,""actor_gradient_norm_pre_clip"":15.021544456481934,""behavior_approximate_kl"":0.0008203757461160421,""clip_fraction"":0.14532470703125,""epoch"":1,""minibatch"":4,""moving_forward_kl"":0.0006175533635541797},{""action_mean_shift"":0.0015518555883318186,""actor_gradient_norm_pre_clip"":16.983150482177734,""behavior_approximate_kl"":0.0006270766025409102,""clip_fraction"":0.12066650390625,""epoch"":2,""minibatch"":1,""moving_forward_kl"":0.0005291140987537801},{""action_mean_shift"":0.0015889069763943553,""actor_gradient_norm_pre_clip"":16.72417449951172,""behavior_approximate_kl"":0.0007632032502442598,""clip_fraction"":0.12188720703125,""epoch"":2,""minibatch"":2,""moving_forward_kl"":0.0005525682354345918},{""action_mean_shift"":0.0017953842179849744,""actor_gradient_norm_pre_clip"":19.005813598632812,""behavior_approximate_kl"":0.0006537552690133452,""clip_fraction"":0.16455078125,""epoch"":2,""minibatch"":3,""moving_forward_kl"":0.0007003095233812928},{""action_mean_shift"":0.0018247946863994002,""actor_gradient_norm_pre_clip"":19.873353958129883,""behavior_approximate_kl"":0.0009412238723598421,""clip_fraction"":0.16937255859375,""epoch"":2,""minibatch"":4,""moving_forward_kl"":0.0007261698483489454}]",0.000726217869669199,0.38636363636363635,7.916666666666667,-7.972212899814952,0.6136363636363636,83aba3a34b309ab84a235a86b10f2437c75ca0b33ed1de67073d080608f02cdf,28e9256a1b64815c4a4529515fd4df0ce0089ecb449eb104e0d2122ff3e63a79,0.04260660335421562,0.009053034707903862,0.006089648697525263,0.07835854589939117,0.006423240061849356,0.0017034427728503942,0.04121025651693344,0.011864379048347473,0.0038145778235048056,0.053631316870450974,0.005360580515116453,0.0008750015986151993,0.04234987869858742,0.009093187749385834,0.006236504763364792,0.07817631959915161,0.006247885059565306,0.001604751800186932,0.04076025262475014,0.011587967164814472,0.0037299692630767822,0.05331040918827057,0.005257885903120041,0.0008203983306884766,0.25,1.0,all_interventions,0.015352364396676421,0.015352364396676421,residual,0.05,8594.0,8400.55078125,889.0,0.5803835466504097
c003,F2,8,0.0017696410795906559,1.0,25.295503616333008,0.01551799417939037,0.0007822219049558043,8672,7.010509490966797,0.17041015625,"[0.0005884401616640389,0.0007112128078006208]",0.6265208125114441,0.1594187170267105,0.159981831908226,0.159981831908226,"[{""action_mean_shift"":0.0015902613522484899,""actor_gradient_norm_pre_clip"":12.214004516601562,""behavior_approximate_kl"":0.000555383157916367,""clip_fraction"":0.13470458984375,""epoch"":1,""minibatch"":1,""moving_forward_kl"":0.0005520380800589919},{""action_mean_shift"":0.001897341338917613,""actor_gradient_norm_pre_clip"":24.278705596923828,""behavior_approximate_kl"":0.0008366534020751715,""clip_fraction"":0.18804931640625,""epoch"":1,""minibatch"":2,""moving_forward_kl"":0.0007763880421407521},{""action_mean_shift"":0.0015647138934582472,""actor_gradient_norm_pre_clip"":25.295503616333008,""behavior_approximate_kl"":0.0005786543479189277,""clip_fraction"":0.11846923828125,""epoch"":1,""minibatch"":3,""moving_forward_kl"":0.0005243013147264719},{""action_mean_shift"":0.0016329416539520025,""actor_gradient_norm_pre_clip"":17.671852111816406,""behavior_approximate_kl"":0.0006299255765043199,""clip_fraction"":0.13775634765625,""epoch"":1,""minibatch"":4,""moving_forward_kl"":0.0005877376534044743},{""action_mean_shift"":0.0018806259613484144,""actor_gradient_norm_pre_clip"":18.13807487487793,""behavior_approximate_kl"":0.0010541437659412622,""clip_fraction"":0.18731689453125,""epoch"":2,""minibatch"":1,""moving_forward_kl"":0.0007604464190080762},{""action_mean_shift"":0.0020062492694705725,""actor_gradient_norm_pre_clip"":21.26498031616211,""behavior_approximate_kl"":0.0007773963734507561,""clip_fraction"":0.21307373046875,""epoch"":2,""minibatch"":2,""moving_forward_kl"":0.0008723445935174823},{""action_mean_shift"":0.0017578683327883482,""actor_gradient_norm_pre_clip"":24.707813262939453,""behavior_approximate_kl"":0.0008190179942175746,""clip_fraction"":0.162841796875,""epoch"":2,""minibatch"":3,""moving_forward_kl"":0.0006696798955090344},{""action_mean_shift"":0.0018271268345415592,""actor_gradient_norm_pre_clip"":20.0330810546875,""behavior_approximate_kl"":0.0003910116502083838,""clip_fraction"":0.17156982421875,""epoch"":2,""minibatch"":4,""moving_forward_kl"":0.0007159234955906868}]",0.0007112128078006208,0.4,7.659259259259259,-7.6443034066094295,0.6,62ec5f7fe9e2ec611c2f481054a04b8fd92ae534895d2bbc2faaf0341dcd24f1,83aba3a34b309ab84a235a86b10f2437c75ca0b33ed1de67073d080608f02cdf,0.039319783449172974,0.008282051421701908,0.005470328964293003,0.07631854712963104,0.0061533451080322266,0.001550649176351726,0.04239017143845558,0.012470098212361336,0.004653863608837128,0.05432784929871559,0.0058936201967298985,0.0011005128035321832,0.03930214047431946,0.008140895515680313,0.0055598970502614975,0.07648155093193054,0.00577231589704752,0.0013599275844171643,0.04188308119773865,0.012499762699007988,0.004295943304896355,0.054472506046295166,0.005530759692192078,0.0009460235014557838,0.25,1.0,all_interventions,0.015064748004078865,0.015064748004078865,residual,0.05,8672.0,8485.423828125,918.0,0.4824954606592655
c003,F3,1,0.004510412400122732,1.0,58.173831939697266,0.02530994627159089,0.0027293539606034756,8561,6.199131011962891,0.4165802001953125,"[0.004187414888292551,0.002367995213717222]",0.6381829380989075,0.16285660862922668,0.16285184025764465,0.16285184025764465,"[{""action_mean_shift"":0.007033132016658783,""actor_gradient_norm_pre_clip"":10.759965896606445,""behavior_approximate_kl"":0.012081743218004704,""clip_fraction"":0.6773681640625,""epoch"":1,""minibatch"":1,""moving_forward_kl"":0.011432243511080742},{""action_mean_shift"":0.005722729489207268,""actor_gradient_norm_pre_clip"":58.173831939697266,""behavior_approximate_kl"":0.005445248447358608,""clip_fraction"":0.6331787109375,""epoch"":1,""minibatch"":2,""moving_forward_kl"":0.007052798755466938},{""action_mean_shift"":0.005239767022430897,""actor_gradient_norm_pre_clip"":37.090538024902344,""behavior_approximate_kl"":0.007198091596364975,""clip_fraction"":0.59527587890625,""epoch"":1,""minibatch"":3,""moving_forward_kl"":0.006171720568090677},{""action_mean_shift"":0.004321096930652857,""actor_gradient_norm_pre_clip"":35.781341552734375,""behavior_approximate_kl"":0.0031566321849823,""clip_fraction"":0.519287109375,""epoch"":1,""minibatch"":4,""moving_forward_kl"":0.004215412773191929},{""action_mean_shift"":0.0036792783066630363,""actor_gradient_norm_pre_clip"":32.693450927734375,""behavior_approximate_kl"":0.002380724297836423,""clip_fraction"":0.46588134765625,""epoch"":2,""minibatch"":1,""moving_forward_kl"":0.003003812860697508},{""action_mean_shift"":0.003409537486732006,""actor_gradient_norm_pre_clip"":28.844776153564453,""behavior_approximate_kl"":0.0023385013919323683,""clip_fraction"":0.421142578125,""epoch"":2,""minibatch"":2,""moving_forward_kl"":0.002639512764289975},{""action_mean_shift"":0.0033981362357735634,""actor_gradient_norm_pre_clip"":28.98934555053711,""behavior_approximate_kl"":0.0025885323993861675,""clip_fraction"":0.42816162109375,""epoch"":2,""minibatch"":3,""moving_forward_kl"":0.0026351751293987036},{""action_mean_shift"":0.0032796217128634453,""actor_gradient_norm_pre_clip"":29.580881118774414,""behavior_approximate_kl"":0.0036146342754364014,""clip_fraction"":0.4188232421875,""epoch"":2,""minibatch"":4,""moving_forward_kl"":0.0023816311731934547}]",0.002367995213717222,0.46296296296296297,9.62962962962963,-10.952571246359083,0.5370370370370371,1ba9c9f27ea9cce4befe0f6334260bf33283a69c374b18a8ce285882b14747b3,7afed309902a323a43b47005c01529c84160944bb8cea2c45d000b38b18cc099,0.04195140674710274,0.011644000187516212,0.006813768297433853,0.08328474313020706,0.007350122556090355,0.0016693425131961703,0.038992587476968765,0.01160353422164917,0.0035014378372579813,0.05136840417981148,0.005483109503984451,0.0011148368939757347,0.04233384132385254,0.011192112229764462,0.0062619601376354694,0.08305224776268005,0.0068001956678926945,0.0015539508312940598,0.038163814693689346,0.011166205629706383,0.003218064084649086,0.05083150416612625,0.0048441048711538315,0.0007026318344287574,0.25,1.0,all_interventions,0.015408490202389657,0.015408490202389657,residual,0.05,8561.0,8382.4892578125,1018.0,0.7202499806880951
c003,F3,2,0.002203701180405915,1.0,30.400400161743164,0.016907218494452536,0.0014108149334788322,8684,6.480597019195557,0.221588134765625,"[0.0010793022811412811,0.0009167672833427787]",0.6321396231651306,0.16121985018253326,0.1614353209733963,0.1614353209733963,"[{""action_mean_shift"":0.0021257796324789524,""actor_gradient_norm_pre_clip"":12.417278289794922,""behavior_approximate_kl"":0.0011275692377239466,""clip_fraction"":0.2403564453125,""epoch"":1,""minibatch"":1,""moving_forward_kl"":0.0010016881860792637},{""action_mean_shift"":0.002472026739269495,""actor_gradient_norm_pre_clip"":30.400400161743164,""behavior_approximate_kl"":0.0014216052368283272,""clip_fraction"":0.29766845703125,""epoch"":1,""minibatch"":2,""moving_forward_kl"":0.0013308711349964142},{""action_mean_shift"":0.002366442698985338,""actor_gradient_norm_pre_clip"":25.270973205566406,""behavior_approximate_kl"":0.0007358730072155595,""clip_fraction"":0.2735595703125,""epoch"":1,""minibatch"":3,""moving_forward_kl"":0.001256811199709773},{""action_mean_shift"":0.0021860506385564804,""actor_gradient_norm_pre_clip"":25.355674743652344,""behavior_approximate_kl"":0.0018795505166053772,""clip_fraction"":0.23785400390625,""epoch"":1,""minibatch"":4,""moving_forward_kl"":0.001079455716535449},{""action_mean_shift"":0.0021758347284048796,""actor_gradient_norm_pre_clip"":21.455984115600586,""behavior_approximate_kl"":0.0008366312249563634,""clip_fraction"":0.24639892578125,""epoch"":2,""minibatch"":1,""moving_forward_kl"":0.0010190679458901286},{""action_mean_shift"":0.002247239463031292,""actor_gradient_norm_pre_clip"":22.764324188232422,""behavior_approximate_kl"":0.0012813052162528038,""clip_fraction"":0.25848388671875,""epoch"":2,""minibatch"":2,""moving_forward_kl"":0.0010602850234135985},{""action_mean_shift"":0.0019922752398997545,""actor_gradient_norm_pre_clip"":24.4841251373291,""behavior_approximate_kl"":0.0014812254812568426,""clip_fraction"":0.20587158203125,""epoch"":2,""minibatch"":3,""moving_forward_kl"":0.0008635742124170065},{""action_mean_shift"":0.002063960302621126,""actor_gradient_norm_pre_clip"":17.796192169189453,""behavior_approximate_kl"":0.001681809313595295,""clip_fraction"":0.21978759765625,""epoch"":2,""minibatch"":4,""moving_forward_kl"":0.0009149482357315719}]",0.0009167672833427787,0.4339622641509434,9.556603773584905,-11.033523127717793,0.5660377358490566,24e39e7a43056d18c6f2c6fa36badaa3da17f58cdbaf7bc95c837f5fbbd543f9,1ba9c9f27ea9cce4befe0f6334260bf33283a69c374b18a8ce285882b14747b3,0.04155561327934265,0.011080026626586914,0.007206860929727554,0.07755032926797867,0.006146518513560295,0.0018685063114389777,0.041210006922483444,0.01248240191489458,0.0045744446106255054,0.05254935100674629,0.005621278192847967,0.0011771183926612139,0.04164688661694527,0.011006241664290428,0.007006393279880285,0.07742694020271301,0.006002634763717651,0.0016567216953262687,0.04043547809123993,0.012186530977487564,0.004392904695123434,0.05260157957673073,0.005116377957165241,0.0010034420993179083,0.25,1.0,all_interventions,0.015411166474223137,0.015411166474223137,residual,0.05,8684.0,8496.478515625,1001.0,0.5822912380099297
c003,F3,3,0.0019076530588790774,1.0,29.49175453186035,0.015654864022508264,0.0010122507810592651,8755,6.582706928253174,0.1627349853515625,"[0.0006859923014417291,0.0007084690150804818]",0.6223103404045105,0.1586514115333557,0.15919137001037598,0.15919137001037598,"[{""action_mean_shift"":0.0017371289432048798,""actor_gradient_norm_pre_clip"":10.845492362976074,""behavior_approximate_kl"":0.0011652433313429356,""clip_fraction"":0.158203125,""epoch"":1,""minibatch"":1,""moving_forward_kl"":0.0006812617648392916},{""action_mean_shift"":0.002229154808446765,""actor_gradient_norm_pre_clip"":22.646203994750977,""behavior_approximate_kl"":0.0006568128010258079,""clip_fraction"":0.25506591796875,""epoch"":1,""minibatch"":2,""moving_forward_kl"":0.0010633772471919656},{""action_mean_shift"":0.0019471105188131332,""actor_gradient_norm_pre_clip"":29.49175453186035,""behavior_approximate_kl"":0.0004905269015580416,""clip_fraction"":0.1995849609375,""epoch"":1,""minibatch"":3,""moving_forward_kl"":0.0008085112203843892},{""action_mean_shift"":0.001777294441126287,""actor_gradient_norm_pre_clip"":20.920639038085938,""behavior_approximate_kl"":0.0006561657646670938,""clip_fraction"":0.15789794921875,""epoch"":1,""minibatch"":4,""moving_forward_kl"":0.0006898455321788788},{""action_mean_shift"":0.0019043160136789083,""actor_gradient_norm_pre_clip"":18.02602767944336,""behavior_approximate_kl"":0.0007991897873580456,""clip_fraction"":0.18182373046875,""epoch"":2,""minibatch"":1,""moving_forward_kl"":0.0008049345342442393},{""action_mean_shift"":0.002046366222202778,""actor_gradient_norm_pre_clip"":21.985620498657227,""behavior_approximate_kl"":0.0011541004059836268,""clip_fraction"":0.21014404296875,""epoch"":2,""minibatch"":2,""moving_forward_kl"":0.0009210113785229623},{""action_mean_shift"":0.0018365572905167937,""actor_gradient_norm_pre_clip"":20.24271583557129,""behavior_approximate_kl"":0.0011485220165923238,""clip_fraction"":0.175537109375,""epoch"":2,""minibatch"":3,""moving_forward_kl"":0.000756403838749975},{""action_mean_shift"":0.0017832962330430746,""actor_gradient_norm_pre_clip"":20.312122344970703,""behavior_approximate_kl"":0.0012834351509809494,""clip_fraction"":0.1629638671875,""epoch"":2,""minibatch"":4,""moving_forward_kl"":0.0007118083885870874}]",0.0007084690150804818,0.5169491525423728,8.703389830508474,-10.59860905550294,0.4830508474576271,eee5224d536ce18e1661577542a3c491364694ca23341b13435bd53a837d0fac,24e39e7a43056d18c6f2c6fa36badaa3da17f58cdbaf7bc95c837f5fbbd543f9,0.042613446712493896,0.010754318907856941,0.006836262531578541,0.08155787736177444,0.006390940397977829,0.0018114476697519422,0.03722311183810234,0.011160008609294891,0.0036608935333788395,0.04916972294449806,0.004851918667554855,0.0011257280129939318,0.04264794662594795,0.010701715014874935,0.006663487758487463,0.08171025663614273,0.005725770257413387,0.0016526184044778347,0.03693399205803871,0.010888262651860714,0.003518172772601247,0.04915780946612358,0.004690422210842371,0.000785480544436723,0.25,0.9999999403953552,all_interventions,0.014947740593925118,0.014947740593925118,residual,0.05,8755.0,8551.150390625,946.0,0.5669085755944252
c003,F3,4,0.00183077750261873,1.0,27.268827438354492,0.01489886618219316,0.0008605693001300097,8415,6.251857280731201,0.150115966796875,"[0.0007217478123493493,0.0006430313223972917]",0.6050441265106201,0.15394900739192963,0.15461741387844086,0.15461741387844086,"[{""action_mean_shift"":0.0016642141854390502,""actor_gradient_norm_pre_clip"":12.122603416442871,""behavior_approximate_kl"":0.0009305848507210612,""clip_fraction"":0.144775390625,""epoch"":1,""minibatch"":1,""moving_forward_kl"":0.0006114017451182008},{""action_mean_shift"":0.0021442840807139874,""actor_gradient_norm_pre_clip"":21.38017463684082,""behavior_approximate_kl"":0.0009084761841222644,""clip_fraction"":0.2403564453125,""epoch"":1,""minibatch"":2,""moving_forward_kl"":0.0009759090607985854},{""action_mean_shift"":0.001890387386083603,""actor_gradient_norm_pre_clip"":27.268827438354492,""behavior_approximate_kl"":0.0005856760544702411,""clip_fraction"":0.18939208984375,""epoch"":1,""minibatch"":3,""moving_forward_kl"":0.0007638485403731465},{""action_mean_shift"":0.0018126211361959577,""actor_gradient_norm_pre_clip"":20.485103607177734,""behavior_approximate_kl"":0.001125597395002842,""clip_fraction"":0.16802978515625,""epoch"":1,""minibatch"":4,""moving_forward_kl"":0.000722814816981554},{""action_mean_shift"":0.0018181022023782134,""actor_gradient_norm_pre_clip"":18.105051040649414,""behavior_approximate_kl"":0.0007206418085843325,""clip_fraction"":0.17144775390625,""epoch"":2,""minibatch"":1,""moving_forward_kl"":0.0007086190162226558},{""action_mean_shift"":0.0018210530979558825,""actor_gradient_norm_pre_clip"":18.43356704711914,""behavior_approximate_kl"":0.000770241895224899,""clip_fraction"":0.1734619140625,""epoch"":2,""minibatch"":2,""moving_forward_kl"":0.0007139671361073852},{""action_mean_shift"":0.0017594920936971903,""actor_gradient_norm_pre_clip"":20.944561004638672,""behavior_approximate_kl"":0.0008755152230150998,""clip_fraction"":0.15869140625,""epoch"":2,""minibatch"":3,""moving_forward_kl"":0.0006565080257132649},{""action_mean_shift"":0.0017360658384859562,""actor_gradient_norm_pre_clip"":17.144182205200195,""behavior_approximate_kl"":0.0006279833614826202,""clip_fraction"":0.14898681640625,""epoch"":2,""minibatch"":4,""moving_forward_kl"":0.0006441674195230007}]",0.0006430313223972917,0.5087719298245614,8.991228070175438,-9.985030801672684,0.49122807017543857,bdfba9b116cb3324ecd136095de6d5b69992bd1b4a5fdc09cccc2aaf19029a30,eee5224d536ce18e1661577542a3c491364694ca23341b13435bd53a837d0fac,0.03806205838918686,0.008684002794325352,0.005668469239026308,0.07632464915513992,0.005698374938219786,0.0013661612756550312,0.03879023343324661,0.011987213976681232,0.0037355879321694374,0.05223607271909714,0.005082211922854185,0.001056336099281907,0.03788212314248085,0.008637849241495132,0.005513410549610853,0.07668795436620712,0.0049771517515182495,0.0013381761964410543,0.03869236633181572,0.011732352897524834,0.003561399644240737,0.051928967237472534,0.005079073831439018,0.0007902386714704335,0.25,1.0,all_interventions,0.014343045768328011,0.014343045768328011,residual,0.05,8415.0,8227.341796875,1051.0,0.4107269234955311
c003,F3,5,0.0017339651385555044,1.0,20.44570541381836,0.015152672305703163,0.0012124594068154693,8513,6.273396968841553,0.179351806640625,"[0.0006445746985264122,0.0007665278390049934]",0.6246605515480042,0.1587877869606018,0.15946130454540253,0.15946130454540253,"[{""action_mean_shift"":0.0012637043837457895,""actor_gradient_norm_pre_clip"":10.350436210632324,""behavior_approximate_kl"":0.0003105079522356391,""clip_fraction"":0.0751953125,""epoch"":1,""minibatch"":1,""moving_forward_kl"":0.0003727952134795487},{""action_mean_shift"":0.001699661836028099,""actor_gradient_norm_pre_clip"":15.290972709655762,""behavior_approximate_kl"":0.0011294367723166943,""clip_fraction"":0.14520263671875,""epoch"":1,""minibatch"":2,""moving_forward_kl"":0.0006287439027801156},{""action_mean_shift"":0.0017588490154594183,""actor_gradient_norm_pre_clip"":18.292999267578125,""behavior_approximate_kl"":0.0004822007322218269,""clip_fraction"":0.152587890625,""epoch"":1,""minibatch"":3,""moving_forward_kl"":0.0006477981223724782},{""action_mean_shift"":0.0017330283299088478,""actor_gradient_norm_pre_clip"":19.514501571655273,""behavior_approximate_kl"":0.0008740581106394529,""clip_fraction"":0.1500244140625,""epoch"":1,""minibatch"":4,""moving_forward_kl"":0.0006462511955760419},{""action_mean_shift"":0.001758189289830625,""actor_gradient_norm_pre_clip"":18.61141014099121,""behavior_approximate_kl"":0.0009411469800397754,""clip_fraction"":0.15350341796875,""epoch"":2,""minibatch"":1,""moving_forward_kl"":0.0006559347966685891},{""action_mean_shift"":0.0019012510310858488,""actor_gradient_norm_pre_clip"":17.39756965637207,""behavior_approximate_kl"":0.0011102765565738082,""clip_fraction"":0.18212890625,""epoch"":2,""minibatch"":2,""moving_forward_kl"":0.0007559506921097636},{""action_mean_shift"":0.0018778175581246614,""actor_gradient_norm_pre_clip"":19.178287506103516,""behavior_approximate_kl"":0.0011514449724927545,""clip_fraction"":0.17938232421875,""epoch"":2,""minibatch"":3,""moving_forward_kl"":0.0007451902492903173},{""action_mean_shift"":0.001879219664260745,""actor_gradient_norm_pre_clip"":20.44570541381836,""behavior_approximate_kl"":0.0010069566778838634,""clip_fraction"":0.177978515625,""epoch"":2,""minibatch"":4,""moving_forward_kl"":0.0007632857304997742}]",0.0007665278390049934,0.49074074074074076,9.287037037037036,-10.754185146755642,0.5092592592592593,896fa7b0d651c81f6f1ce0167e9bde6122735b6ef002ce5520f7e446e0a3142a,bdfba9b116cb3324ecd136095de6d5b69992bd1b4a5fdc09cccc2aaf19029a30,0.03998851403594017,0.008710294030606747,0.006019637919962406,0.07945551723241806,0.006204191129654646,0.00165020942222327,0.03905937075614929,0.01188895758241415,0.0037735996302217245,0.05290566757321358,0.006082094740122557,0.001003617187961936,0.04004722088575363,0.00853834580630064,0.005901949480175972,0.07967637479305267,0.005596569273620844,0.001623501186259091,0.03889423981308937,0.011760261841118336,0.003562857396900654,0.052629128098487854,0.0053008608520030975,0.0008145899046212435,0.25,1.0,all_interventions,0.014948296826332808,0.014948296826332808,residual,0.05,8513.0,8332.126953125,1003.0,0.42706210911273956
c003,F3,6,0.0016233910282608122,1.0,28.34520721435547,0.01547945395577699,0.0008908577729016542,8602,6.274252414703369,0.133697509765625,"[0.0005645446944981813,0.000670573499519378]",0.6193448901176453,0.1582212746143341,0.15845446288585663,0.15845446288585663,"[{""action_mean_shift"":0.001122304005548358,""actor_gradient_norm_pre_clip"":17.452163696289062,""behavior_approximate_kl"":0.000626904598902911,""clip_fraction"":0.03765869140625,""epoch"":1,""minibatch"":1,""moving_forward_kl"":0.00028270913753658533},{""action_mean_shift"":0.001888251630589366,""actor_gradient_norm_pre_clip"":28.34520721435547,""behavior_approximate_kl"":0.0008186566410586238,""clip_fraction"":0.18389892578125,""epoch"":1,""minibatch"":2,""moving_forward_kl"":0.000777495268266648},{""action_mean_shift"":0.0017998835537582636,""actor_gradient_norm_pre_clip"":23.94374656677246,""behavior_approximate_kl"":0.00032204570015892386,""clip_fraction"":0.1651611328125,""epoch"":1,""minibatch"":3,""moving_forward_kl"":0.0007125202100723982},{""action_mean_shift"":0.0015681229997426271,""actor_gradient_norm_pre_clip"":22.463773727416992,""behavior_approximate_kl"":0.001035668421536684,""clip_fraction"":0.1107177734375,""epoch"":1,""minibatch"":4,""moving_forward_kl"":0.0005840100930072367},{""action_mean_shift"":0.0015528614167124033,""actor_gradient_norm_pre_clip"":13.223674774169922,""behavior_approximate_kl"":0.0007275342359207571,""clip_fraction"":0.1121826171875,""epoch"":2,""minibatch"":1,""moving_forward_kl"":0.0005717576714232564},{""action_mean_shift"":0.001752634416334331,""actor_gradient_norm_pre_clip"":15.887863159179688,""behavior_approximate_kl"":0.0010586492717266083,""clip_fraction"":0.15203857421875,""epoch"":2,""minibatch"":2,""moving_forward_kl"":0.0007848021923564374},{""action_mean_shift"":0.0016454380238428712,""actor_gradient_norm_pre_clip"":21.55780029296875,""behavior_approximate_kl"":0.0008713430725038052,""clip_fraction"":0.12847900390625,""epoch"":2,""minibatch"":3,""moving_forward_kl"":0.0006206455873325467},{""action_mean_shift"":0.0016576321795582771,""actor_gradient_norm_pre_clip"":20.140783309936523,""behavior_approximate_kl"":0.0007491204305551946,""clip_fraction"":0.1298828125,""epoch"":2,""minibatch"":4,""moving_forward_kl"":0.0006520345923490822}]",0.000670573499519378,0.47107438016528924,9.099173553719009,-10.088939607636002,0.5289256198347108,26fb175c2d2458a281c24b749d75b1caa468236fd192c6a0b93eff5be1695d70,896fa7b0d651c81f6f1ce0167e9bde6122735b6ef002ce5520f7e446e0a3142a,0.041298847645521164,0.010051318444311619,0.006737182382494211,0.08138398826122284,0.005594585090875626,0.0016859635943546891,0.03740658238530159,0.011284098029136658,0.0041525037959218025,0.04926139861345291,0.0052129789255559444,0.0010845654178410769,0.04122009873390198,0.00988603662699461,0.006512574851512909,0.08134778589010239,0.005522472783923149,0.0015966109931468964,0.03735732287168503,0.011090275831520557,0.003967334982007742,0.04888010397553444,0.004614043515175581,0.0008955082157626748,0.25,1.0,all_interventions,0.01486021385062486,0.01486021385062486,residual,0.05,8602.0,8400.4365234375,982.0,0.6257865130901337
c003,F3,7,0.0016204860585276037,1.0,18.6782283782959,0.01501808816101402,0.0009289778536185622,8691,6.480984210968018,0.1131744384765625,"[0.0006821784190833569,0.0005329335108399391]",0.6215318441390991,0.15837512910366058,0.15855272114276886,0.15855272114276886,"[{""action_mean_shift"":0.0011799215571954846,""actor_gradient_norm_pre_clip"":10.987386703491211,""behavior_approximate_kl"":0.0004629131290130317,""clip_fraction"":0.05413818359375,""epoch"":1,""minibatch"":1,""moving_forward_kl"":0.00031884899362921715},{""action_mean_shift"":0.0016053682193160057,""actor_gradient_norm_pre_clip"":16.37522315979004,""behavior_approximate_kl"":0.00044634653022512794,""clip_fraction"":0.1204833984375,""epoch"":1,""minibatch"":2,""moving_forward_kl"":0.0005499758990481496},{""action_mean_shift"":0.0017209697980433702,""actor_gradient_norm_pre_clip"":15.690582275390625,""behavior_approximate_kl"":0.00046708533773198724,""clip_fraction"":0.14306640625,""epoch"":1,""minibatch"":3,""moving_forward_kl"":0.0006364828441292048},{""action_mean_shift"":0.0017670367378741503,""actor_gradient_norm_pre_clip"":17.881385803222656,""behavior_approximate_kl"":0.00023351554409600794,""clip_fraction"":0.15484619140625,""epoch"":1,""minibatch"":4,""moving_forward_kl"":0.0006817214889451861},{""action_mean_shift"":0.001750224968418479,""actor_gradient_norm_pre_clip"":14.985722541809082,""behavior_approximate_kl"":0.000514414394274354,""clip_fraction"":0.1497802734375,""epoch"":2,""minibatch"":1,""moving_forward_kl"":0.0006494060507975519},{""action_mean_shift"":0.0017882668180391192,""actor_gradient_norm_pre_clip"":17.310914993286133,""behavior_approximate_kl"":0.0007783391047269106,""clip_fraction"":0.162841796875,""epoch"":2,""minibatch"":2,""moving_forward_kl"":0.0006740790558978915},{""action_mean_shift"":0.0016155776102095842,""actor_gradient_norm_pre_clip"":17.592031478881836,""behavior_approximate_kl"":0.0010422919876873493,""clip_fraction"":0.12615966796875,""epoch"":2,""minibatch"":3,""moving_forward_kl"":0.0005616426933556795},{""action_mean_shift"":0.0015365227591246367,""actor_gradient_norm_pre_clip"":18.6782283782959,""behavior_approximate_kl"":0.0008444840204901993,""clip_fraction"":0.1123046875,""epoch"":2,""minibatch"":4,""moving_forward_kl"":0.0005320096388459206}]",0.0005329335108399391,0.45614035087719296,8.912280701754385,-10.067913615912722,0.543859649122807,99192a3e0d8e62c320472d513c1cf2ba26a4b4e9d936a40b7fdf4d0b9aea6b43,26fb175c2d2458a281c24b749d75b1caa468236fd192c6a0b93eff5be1695d70,0.039077844470739365,0.008530049584805965,0.005656250286847353,0.07702893018722534,0.0055640083737671375,0.0014590026112273335,0.040598124265670776,0.012870024889707565,0.0043854741379618645,0.05390340834856033,0.005365137476474047,0.0010440299520269036,0.03878273069858551,0.008315077982842922,0.00557051133364439,0.07725817710161209,0.005181139335036278,0.0014326986856758595,0.040648240596055984,0.01267420593649149,0.004222097806632519,0.05346178635954857,0.005216596648097038,0.0009404214797541499,0.25,1.0,all_interventions,0.014859859831631184,0.014859859831631184,residual,0.05,8691.0,8512.630859375,941.0,0.4139837436378002
c003,F3,8,0.0016520133940503001,1.0,23.678699493408203,0.01463352155406028,0.0009877197444438934,8487,6.268094539642334,0.1644439697265625,"[0.0004844267386943102,0.000731758598703891]",0.6042201519012451,0.15339171886444092,0.15424004197120667,0.15424004197120667,"[{""action_mean_shift"":0.0012143041240051389,""actor_gradient_norm_pre_clip"":11.122781753540039,""behavior_approximate_kl"":0.00021845268202014267,""clip_fraction"":0.05621337890625,""epoch"":1,""minibatch"":1,""moving_forward_kl"":0.0003215324250049889},{""action_mean_shift"":0.0015678724739700556,""actor_gradient_norm_pre_clip"":16.115829467773438,""behavior_approximate_kl"":0.000529457931406796,""clip_fraction"":0.1112060546875,""epoch"":1,""minibatch"":2,""moving_forward_kl"":0.000520832953043282},{""action_mean_shift"":0.0015186624368652701,""actor_gradient_norm_pre_clip"":20.467134475708008,""behavior_approximate_kl"":0.0008208568906411529,""clip_fraction"":0.10784912109375,""epoch"":1,""minibatch"":3,""moving_forward_kl"":0.0004931178409606218},{""action_mean_shift"":0.0015034859534353018,""actor_gradient_norm_pre_clip"":18.505353927612305,""behavior_approximate_kl"":0.0005840491503477097,""clip_fraction"":0.09710693359375,""epoch"":1,""minibatch"":4,""moving_forward_kl"":0.0004842806374654174},{""action_mean_shift"":0.0017131855711340904,""actor_gradient_norm_pre_clip"":15.162256240844727,""behavior_approximate_kl"":0.0011594286188483238,""clip_fraction"":0.14947509765625,""epoch"":2,""minibatch"":1,""moving_forward_kl"":0.0006335040088742971},{""action_mean_shift"":0.0020734588615596294,""actor_gradient_norm_pre_clip"":19.063344955444336,""behavior_approximate_kl"":0.0010654488578438759,""clip_fraction"":0.22186279296875,""epoch"":2,""minibatch"":2,""moving_forward_kl"":0.0009292554459534585},{""action_mean_shift"":0.0018231766298413277,""actor_gradient_norm_pre_clip"":23.678699493408203,""behavior_approximate_kl"":0.0011735791340470314,""clip_fraction"":0.1658935546875,""epoch"":2,""minibatch"":3,""moving_forward_kl"":0.0007321125594899058},{""action_mean_shift"":0.001801961101591587,""actor_gradient_norm_pre_clip"":18.779653549194336,""behavior_approximate_kl"":0.0007444102666340768,""clip_fraction"":0.15887451171875,""epoch"":2,""minibatch"":4,""moving_forward_kl"":0.0007279454730451107}]",0.000731758598703891,0.41818181818181815,9.454545454545455,-9.658162051981146,0.5818181818181818,eaadcf2776d0c5749336b163458013c2421c05d3cc61eb0f57a0becc0fb8c926,99192a3e0d8e62c320472d513c1cf2ba26a4b4e9d936a40b7fdf4d0b9aea6b43,0.037489935755729675,0.008139660581946373,0.006057845428586006,0.0763612762093544,0.005396891385316849,0.0015035649994388223,0.038479335606098175,0.012055355124175549,0.004447759594768286,0.050992291420698166,0.0052246227860450745,0.0009301152313128114,0.037429697811603546,0.007915889844298363,0.0055870553478598595,0.0769411250948906,0.005142427049577236,0.0013469017576426268,0.03846139833331108,0.011768065392971039,0.004259183537214994,0.05080528184771538,0.004908596631139517,0.00092824746388942,0.25,1.0,all_interventions,0.014274861896410584,0.014274861896410584,residual,0.05,8487.0,8306.677734375,1042.0,0.3459954969584942
